{"type":"FeatureCollection","features":[{"type":"Feature","geometry":{"type":"Point","coordinates":[129.2727,35.94175]},"properties":{"stop_id":"KUB352000772","name":"공단주유소사거리","short_no":"5038","date":"2025-10-31","bis":"경주BIS"}},{"type":"Feature","geometry":{"type":"Point","coordinates":[129.2733,35.93828333]},"properties":{"stop_id":"KUB352000773","name":"천북산업단지사거리","short_no":"5289","date":"2025-10-31","bis":"경주BIS"}},{"type":"Feature","geometry":{"type":"Point","coordinates":[129.2718167,35.93008333]},"properties":{"stop_id":"KUB352000774","name":"화산산업단지입구","short_no":"5337","date":"2025-10-31","bis":"경주BIS"}},{"type":"Feature","geometry":{"type":"Point","coordinates":[129.2878833,35.92735]},"properties":{"stop_id":"KUB352000775","name":"화산","short_no":"5324","date":"2025-10-31","bis":"경주BIS"}},{"type":"Feature","geometry":{"type":"Point","coordinates":[129.2893,35.92435]},"properties":{"stop_id":"KUB352000776","name":"화산1리.보건소앞","short_no":"5326","date":"2025-10-31","bis":"경주BIS"}},{"type":"Feature","geometry":{"type":"Point","coordinates":[129.28855,35.91948333]},"properties":{"stop_id":"KUB352000777","name":"화산2리.새터마을","short_no":"5328","date":"2025-10-31","bis":"경주BIS"}},{"type":"Feature","geometry":{"type":"Point","coordinates":[129.2869018,35.91687453]},"properties":{"stop_id":"KUB352000778","name":"화산3리.나리마을입","short_no":"5332","date":"2025-10-31","bis":"경주BIS"}},{"type":"Feature","geometry":{"type":"Point","coordinates":[129.2850395,35.91477026]},"properties":{"stop_id":"KUB352000779","name":"화산2리.흥림마을","short_no":"5330","date":"2025-10-31","bis":"경주BIS"}},{"type":"Feature","geometry":{"type":"Point","coordinates":[129.2811321,35.91225235]},"properties":{"stop_id":"KUB352000780","name":"화산3리입구","short_no":"5333","date":"2025-10-31","bis":"경주BIS"}},{"type":"Feature","geometry":{"type":"Point","coordinates":[129.2785077,35.90548459]},"properties":{"stop_id":"KUB352000781","name":"소리못입구","short_no":"5172","date":"2025-10-31","bis":"경주BIS"}},{"type":"Feature","geometry":{"type":"Point","coordinates":[129.2706014,35.89722764]},"properties":{"stop_id":"KUB352000782","name":"동산1리","short_no":"5098","date":"2025-10-31","bis":"경주BIS"}},{"type":"Feature","geometry":{"type":"Point","coordinates":[129.24665,35.91986667]},"properties":{"stop_id":"KUB352000783","name":"양지아파트","short_no":"5228","date":"2025-10-31","bis":"경주BIS"}},{"type":"Feature","geometry":{"type":"Point","coordinates":[129.2529896,35.92328855]},"properties":{"stop_id":"KUB352000784","name":"모아1리회관","short_no":"5116","date":"2025-10-31","bis":"경주BIS"}},{"type":"Feature","geometry":{"type":"Point","coordinates":[129.2526,35.90656667]},"properties":{"stop_id":"KUB352000785","name":"신당3리","short_no":"5186","date":"2025-10-31","bis":"경주BIS"}},{"type":"Feature","geometry":{"type":"Point","coordinates":[129.229672,35.878136]},"properties":{"stop_id":"KUB352000786","name":"서한아파트","short_no":"1198","date":"2025-10-31","bis":"경주BIS"}},{"type":"Feature","geometry":{"type":"Point","coordinates":[129.2754833,35.9871]},"properties":{"stop_id":"KUB352000787","name":"강동","short_no":"5025","date":"2025-10-31","bis":"경주BIS"}},{"type":"Feature","geometry":{"type":"Point","coordinates":[129.284629,36.00689384]},"properties":{"stop_id":"KUB352000788","name":"위덕삼성아파트","short_no":"5265","date":"2025-10-31","bis":"경주BIS"}},{"type":"Feature","geometry":{"type":"Point","coordinates":[129.2839108,36.01517877]},"properties":{"stop_id":"KUB352000789","name":"위덕대학교","short_no":"5264","date":"2025-10-31","bis":"경주BIS"}},{"type":"Feature","geometry":{"type":"Point","coordinates":[129.2849623,36.00703762]},"properties":{"stop_id":"KUB352000790","name":"위덕삼성아파트","short_no":"5266","date":"2025-10-31","bis":"경주BIS"}},{"type":"Feature","geometry":{"type":"Point","coordinates":[129.1841608,35.9991911]},"properties":{"stop_id":"KUB352000791","name":"한동아파트","short_no":"5312","date":"2025-10-31","bis":"경주BIS"}},{"type":"Feature","geometry":{"type":"Point","coordinates":[129.21569,35.96049695]},"properties":{"stop_id":"KUB352000792","name":"대동","short_no":"5090","date":"2025-10-31","bis":"경주BIS"}},{"type":"Feature","geometry":{"type":"Point","coordinates":[129.2095304,35.93353307]},"properties":{"stop_id":"KUB352000793","name":"검단교","short_no":"5033","date":"2025-10-31","bis":"경주BIS"}},{"type":"Feature","geometry":{"type":"Point","coordinates":[129.2196457,35.93660232]},"properties":{"stop_id":"KUB352000794","name":"검단1리.장골입구","short_no":"5029","date":"2025-10-31","bis":"경주BIS"}},{"type":"Feature","geometry":{"type":"Point","coordinates":[129.2233667,35.93785]},"properties":{"stop_id":"KUB352000795","name":"신기동","short_no":"5180","date":"2025-10-31","bis":"경주BIS"}},{"type":"Feature","geometry":{"type":"Point","coordinates":[129.2297,35.9384]},"properties":{"stop_id":"KUB352000796","name":"사방회관","short_no":"5140","date":"2025-10-31","bis":"경주BIS"}},{"type":"Feature","geometry":{"type":"Point","coordinates":[129.2877966,35.97552504]},"properties":{"stop_id":"KUB352000798","name":"국당2리","short_no":"5039","date":"2025-10-31","bis":"경주BIS"}},{"type":"Feature","geometry":{"type":"Point","coordinates":[129.2916505,35.96542006]},"properties":{"stop_id":"KUB352000799","name":"왕신","short_no":"5260","date":"2025-10-31","bis":"경주BIS"}},{"type":"Feature","geometry":{"type":"Point","coordinates":[129.2821885,35.96443309]},"properties":{"stop_id":"KUB352000800","name":"오금4리","short_no":"5239","date":"2025-10-31","bis":"경주BIS"}},{"type":"Feature","geometry":{"type":"Point","coordinates":[129.2728167,35.97193333]},"properties":{"stop_id":"KUB352000801","name":"오금3리","short_no":"5237","date":"2025-10-31","bis":"경주BIS"}},{"type":"Feature","geometry":{"type":"Point","coordinates":[129.2697333,35.97528333]},"properties":{"stop_id":"KUB352000802","name":"오금2리","short_no":"5235","date":"2025-10-31","bis":"경주BIS"}},{"type":"Feature","geometry":{"type":"Point","coordinates":[129.2542667,35.9998]},"properties":{"stop_id":"KUB352000804","name":"양동민속마을","short_no":"5219","date":"2025-10-31","bis":"경주BIS"}},{"type":"Feature","geometry":{"type":"Point","coordinates":[129.2546167,36.0157]},"properties":{"stop_id":"KUB352000805","name":"삽실마을","short_no":"5151","date":"2025-10-31","bis":"경주BIS"}},{"type":"Feature","geometry":{"type":"Point","coordinates":[129.2623877,36.03190135]},"properties":{"stop_id":"KUB352000806","name":"안계1리.사골마을","short_no":"5213","date":"2025-10-31","bis":"경주BIS"}},{"type":"Feature","geometry":{"type":"Point","coordinates":[129.2509333,36.0294]},"properties":{"stop_id":"KUB352000807","name":"안계2리","short_no":"5214","date":"2025-10-31","bis":"경주BIS"}},{"type":"Feature","geometry":{"type":"Point","coordinates":[129.24915,36.04491667]},"properties":{"stop_id":"KUB352000808","name":"다산1리","short_no":"5079","date":"2025-10-31","bis":"경주BIS"}},{"type":"Feature","geometry":{"type":"Point","coordinates":[129.2454833,36.0494]},"properties":{"stop_id":"KUB352000809","name":"단구농협창고","short_no":"5082","date":"2025-10-31","bis":"경주BIS"}},{"type":"Feature","geometry":{"type":"Point","coordinates":[129.2449833,36.05173333]},"properties":{"stop_id":"KUB352000810","name":"단구초등학교","short_no":"5085","date":"2025-10-31","bis":"경주BIS"}},{"type":"Feature","geometry":{"type":"Point","coordinates":[129.2417165,36.05620957]},"properties":{"stop_id":"KUB352000811","name":"달성","short_no":"5086","date":"2025-10-31","bis":"경주BIS"}},{"type":"Feature","geometry":{"type":"Point","coordinates":[129.179231,35.890668]},"properties":{"stop_id":"KUB352000812","name":"소현교","short_no":"5177","date":"2025-10-31","bis":"경주BIS"}},{"type":"Feature","geometry":{"type":"Point","coordinates":[129.1884,35.88598333]},"properties":{"stop_id":"KUB352000813","name":"지일","short_no":"5285","date":"2025-10-31","bis":"경주BIS"}},{"type":"Feature","geometry":{"type":"Point","coordinates":[129.1964333,35.87825]},"properties":{"stop_id":"KUB352000814","name":"오류","short_no":"5241","date":"2025-10-31","bis":"경주BIS"}},{"type":"Feature","geometry":{"type":"Point","coordinates":[129.214556,35.89801071]},"properties":{"stop_id":"KUB352000815","name":"나원2리.종점","short_no":"5050","date":"2025-10-31","bis":"경주BIS"}},{"type":"Feature","geometry":{"type":"Point","coordinates":[129.2169,35.89316667]},"properties":{"stop_id":"KUB352000816","name":"나원사입구","short_no":"5054","date":"2025-10-31","bis":"경주BIS"}},{"type":"Feature","geometry":{"type":"Point","coordinates":[129.214879,35.886087]},"properties":{"stop_id":"KUB352000817","name":"(구)나원역","short_no":"5058","date":"2025-10-31","bis":"경주BIS"}},{"type":"Feature","geometry":{"type":"Point","coordinates":[129.1454025,35.92239678]},"properties":{"stop_id":"KUB352000818","name":"내태1리(종점)","short_no":"5066","date":"2025-10-31","bis":"경주BIS"}},{"type":"Feature","geometry":{"type":"Point","coordinates":[129.1716667,35.90336667]},"properties":{"stop_id":"KUB352000820","name":"무과리","short_no":"5121","date":"2025-10-31","bis":"경주BIS"}},{"type":"Feature","geometry":{"type":"Point","coordinates":[129.1785667,35.89108333]},"properties":{"stop_id":"KUB352000821","name":"소현1리","short_no":"5174","date":"2025-10-31","bis":"경주BIS"}},{"type":"Feature","geometry":{"type":"Point","coordinates":[129.191101,35.875163]},"properties":{"stop_id":"KUB352000822","name":"금장2리","short_no":"5046","date":"2025-10-31","bis":"경주BIS"}},{"type":"Feature","geometry":{"type":"Point","coordinates":[129.183351,35.881008]},"properties":{"stop_id":"KUB352000823","name":"소현2리.현대자동차","short_no":"5175","date":"2025-10-31","bis":"경주BIS"}},{"type":"Feature","geometry":{"type":"Point","coordinates":[129.178604,35.884969]},"properties":{"stop_id":"KUB352000824","name":"서경주역","short_no":"5308","date":"2025-10-31","bis":"경주BIS"}},{"type":"Feature","geometry":{"type":"Point","coordinates":[129.176492,35.886661]},"properties":{"stop_id":"KUB352000825","name":"현곡농협","short_no":"5316","date":"2025-10-31","bis":"경주BIS"}},{"type":"Feature","geometry":{"type":"Point","coordinates":[129.1654593,35.89591767]},"properties":{"stop_id":"KUB352000826","name":"하구2리","short_no":"5306","date":"2025-10-31","bis":"경주BIS"}},{"type":"Feature","geometry":{"type":"Point","coordinates":[129.1632104,35.89919231]},"properties":{"stop_id":"KUB352000827","name":"가정2리.디자인고등학교","short_no":"5005","date":"2025-10-31","bis":"경주BIS"}},{"type":"Feature","geometry":{"type":"Point","coordinates":[129.1572749,35.90147403]},"properties":{"stop_id":"KUB352000828","name":"가정3리.용담정","short_no":"5007","date":"2025-10-31","bis":"경주BIS"}},{"type":"Feature","geometry":{"type":"Point","coordinates":[129.1536163,35.90292266]},"properties":{"stop_id":"KUB352000829","name":"가정1리","short_no":"5003","date":"2025-10-31","bis":"경주BIS"}},{"type":"Feature","geometry":{"type":"Point","coordinates":[129.1391872,35.90446175]},"properties":{"stop_id":"KUB352000830","name":"남사1리","short_no":"5063","date":"2025-10-31","bis":"경주BIS"}},{"type":"Feature","geometry":{"type":"Point","coordinates":[129.1339575,35.90810559]},"properties":{"stop_id":"KUB352000831","name":"남사2리","short_no":"5065","date":"2025-10-31","bis":"경주BIS"}},{"type":"Feature","geometry":{"type":"Point","coordinates":[129.1393773,35.90454931]},"properties":{"stop_id":"KUB352000832","name":"남사1리","short_no":"5064","date":"2025-10-31","bis":"경주BIS"}},{"type":"Feature","geometry":{"type":"Point","coordinates":[129.1537004,35.90296658]},"properties":{"stop_id":"KUB352000833","name":"가정1리","short_no":"5004","date":"2025-10-31","bis":"경주BIS"}},{"type":"Feature","geometry":{"type":"Point","coordinates":[129.1573448,35.90163984]},"properties":{"stop_id":"KUB352000834","name":"가정3리.용담정","short_no":"5008","date":"2025-10-31","bis":"경주BIS"}},{"type":"Feature","geometry":{"type":"Point","coordinates":[129.163337,35.89928747]},"properties":{"stop_id":"KUB352000835","name":"가정2리.디자인고등학교","short_no":"5006","date":"2025-10-31","bis":"경주BIS"}},{"type":"Feature","geometry":{"type":"Point","coordinates":[129.1656601,35.89598249]},"properties":{"stop_id":"KUB352000836","name":"하구2리","short_no":"5307","date":"2025-10-31","bis":"경주BIS"}},{"type":"Feature","geometry":{"type":"Point","coordinates":[129.176606,35.886798]},"properties":{"stop_id":"KUB352000837","name":"현곡농협","short_no":"5317","date":"2025-10-31","bis":"경주BIS"}},{"type":"Feature","geometry":{"type":"Point","coordinates":[129.178568,35.885253]},"properties":{"stop_id":"KUB352000838","name":"서경주역","short_no":"5309","date":"2025-10-31","bis":"경주BIS"}},{"type":"Feature","geometry":{"type":"Point","coordinates":[129.183493,35.881145]},"properties":{"stop_id":"KUB352000839","name":"소현2리.현대자동차","short_no":"5176","date":"2025-10-31","bis":"경주BIS"}},{"type":"Feature","geometry":{"type":"Point","coordinates":[129.191068,35.875407]},"properties":{"stop_id":"KUB352000840","name":"금장2리","short_no":"5047","date":"2025-10-31","bis":"경주BIS"}},{"type":"Feature","geometry":{"type":"Point","coordinates":[129.1934167,36.00408333]},"properties":{"stop_id":"KUB352000842","name":"에덴아파트","short_no":"5229","date":"2025-10-31","bis":"경주BIS"}},{"type":"Feature","geometry":{"type":"Point","coordinates":[129.19433,36.00231601]},"properties":{"stop_id":"KUB352000843","name":"삼도아파트","short_no":"5149","date":"2025-10-31","bis":"경주BIS"}},{"type":"Feature","geometry":{"type":"Point","coordinates":[129.1994719,36.0030425]},"properties":{"stop_id":"KUB352000844","name":"홍천마을","short_no":"5320","date":"2025-10-31","bis":"경주BIS"}},{"type":"Feature","geometry":{"type":"Point","coordinates":[129.2082989,36.00672941]},"properties":{"stop_id":"KUB352000845","name":"산대2리금성","short_no":"5141","date":"2025-10-31","bis":"경주BIS"}},{"type":"Feature","geometry":{"type":"Point","coordinates":[129.2129928,36.00843609]},"properties":{"stop_id":"KUB352000846","name":"양월1리구왕","short_no":"5224","date":"2025-10-31","bis":"경주BIS"}},{"type":"Feature","geometry":{"type":"Point","coordinates":[129.2193,36.01155]},"properties":{"stop_id":"KUB352000847","name":"존당","short_no":"5282","date":"2025-10-31","bis":"경주BIS"}},{"type":"Feature","geometry":{"type":"Point","coordinates":[129.21585,35.93705]},"properties":{"stop_id":"KUB352000849","name":"샛터","short_no":"5166","date":"2025-10-31","bis":"경주BIS"}},{"type":"Feature","geometry":{"type":"Point","coordinates":[129.20715,35.93583333]},"properties":{"stop_id":"KUB352000850","name":"덕곡","short_no":"5094","date":"2025-10-31","bis":"경주BIS"}},{"type":"Feature","geometry":{"type":"Point","coordinates":[129.19318,35.93059981]},"properties":{"stop_id":"KUB352000851","name":"검단","short_no":"5027","date":"2025-10-31","bis":"경주BIS"}},{"type":"Feature","geometry":{"type":"Point","coordinates":[129.2059916,35.93040881]},"properties":{"stop_id":"KUB352000852","name":"검단약수탕","short_no":"5035","date":"2025-10-31","bis":"경주BIS"}},{"type":"Feature","geometry":{"type":"Point","coordinates":[129.20805,35.93276667]},"properties":{"stop_id":"KUB352000853","name":"검단2리회관","short_no":"5030","date":"2025-10-31","bis":"경주BIS"}},{"type":"Feature","geometry":{"type":"Point","coordinates":[129.227758,35.9380431]},"properties":{"stop_id":"KUB352000854","name":"사방초등학교","short_no":"5138","date":"2025-10-31","bis":"경주BIS"}},{"type":"Feature","geometry":{"type":"Point","coordinates":[129.1677555,35.85248575]},"properties":{"stop_id":"KUB352000855","name":"문화중고등학교","short_no":"1125","date":"2025-10-31","bis":"경주BIS"}},{"type":"Feature","geometry":{"type":"Point","coordinates":[129.223391,35.856711]},"properties":{"stop_id":"KUB352000856","name":"시청","short_no":"1227","date":"2025-10-31","bis":"경주BIS"}},{"type":"Feature","geometry":{"type":"Point","coordinates":[129.224147,35.859605]},"properties":{"stop_id":"KUB352000857","name":"보건소","short_no":"1139","date":"2025-10-31","bis":"경주BIS"}},{"type":"Feature","geometry":{"type":"Point","coordinates":[129.223638,35.861595]},"properties":{"stop_id":"KUB352000858","name":"대신아파트","short_no":"1087","date":"2025-10-31","bis":"경주BIS"}},{"type":"Feature","geometry":{"type":"Point","coordinates":[129.225242,35.862664]},"properties":{"stop_id":"KUB352000859","name":"청강사삼거리","short_no":"1320","date":"2025-10-31","bis":"경주BIS"}},{"type":"Feature","geometry":{"type":"Point","coordinates":[129.22536,35.862507]},"properties":{"stop_id":"KUB352000860","name":"청강사삼거리","short_no":"1321","date":"2025-10-31","bis":"경주BIS"}},{"type":"Feature","geometry":{"type":"Point","coordinates":[129.223775,35.861763]},"properties":{"stop_id":"KUB352000861","name":"대신아파트","short_no":"1088","date":"2025-10-31","bis":"경주BIS"}},{"type":"Feature","geometry":{"type":"Point","coordinates":[129.224355,35.859133]},"properties":{"stop_id":"KUB352000862","name":"보건소","short_no":"1140","date":"2025-10-31","bis":"경주BIS"}},{"type":"Feature","geometry":{"type":"Point","coordinates":[129.223312,35.856582]},"properties":{"stop_id":"KUB352000863","name":"시청","short_no":"1226","date":"2025-10-31","bis":"경주BIS"}},{"type":"Feature","geometry":{"type":"Point","coordinates":[129.2189,35.99076667]},"properties":{"stop_id":"KUB352000864","name":"안강전화국","short_no":"5209","date":"2025-10-31","bis":"경주BIS"}},{"type":"Feature","geometry":{"type":"Point","coordinates":[129.2008333,35.97035]},"properties":{"stop_id":"KUB352000865","name":"근계2리","short_no":"5041","date":"2025-10-31","bis":"경주BIS"}},{"type":"Feature","geometry":{"type":"Point","coordinates":[129.2105,35.97933333]},"properties":{"stop_id":"KUB352000866","name":"근계2리회관","short_no":"5043","date":"2025-10-31","bis":"경주BIS"}},{"type":"Feature","geometry":{"type":"Point","coordinates":[129.2186833,35.99071667]},"properties":{"stop_id":"KUB352000867","name":"안강전화국","short_no":"5208","date":"2025-10-31","bis":"경주BIS"}},{"type":"Feature","geometry":{"type":"Point","coordinates":[129.216994,35.86182]},"properties":{"stop_id":"KUB352000868","name":"황성주공1차","short_no":"1383","date":"2025-10-31","bis":"경주BIS"}},{"type":"Feature","geometry":{"type":"Point","coordinates":[129.212119,35.863613]},"properties":{"stop_id":"KUB352000869","name":"계림중학교","short_no":"1040","date":"2025-10-31","bis":"경주BIS"}},{"type":"Feature","geometry":{"type":"Point","coordinates":[129.209429,35.864635]},"properties":{"stop_id":"KUB352000870","name":"황성주공2차.계림고","short_no":"1386","date":"2025-10-31","bis":"경주BIS"}},{"type":"Feature","geometry":{"type":"Point","coordinates":[129.2031,35.86711667]},"properties":{"stop_id":"KUB352000871","name":"현곡면행정복지센터","short_no":"5048","date":"2025-10-31","bis":"경주BIS"}},{"type":"Feature","geometry":{"type":"Point","coordinates":[129.227741,35.987699]},"properties":{"stop_id":"KUB352000872","name":"경림소망타운","short_no":"5036","date":"2025-10-31","bis":"경주BIS"}},{"type":"Feature","geometry":{"type":"Point","coordinates":[129.1929168,36.00237428]},"properties":{"stop_id":"KUB352000874","name":"삼도아파트","short_no":"5147","date":"2025-10-31","bis":"경주BIS"}},{"type":"Feature","geometry":{"type":"Point","coordinates":[129.1933167,36.004]},"properties":{"stop_id":"KUB352000875","name":"에덴아파트","short_no":"5230","date":"2025-10-31","bis":"경주BIS"}},{"type":"Feature","geometry":{"type":"Point","coordinates":[129.1962901,36.00504511]},"properties":{"stop_id":"KUB352000876","name":"새터입구","short_no":"5164","date":"2025-10-31","bis":"경주BIS"}},{"type":"Feature","geometry":{"type":"Point","coordinates":[129.1996833,36.00315]},"properties":{"stop_id":"KUB352000877","name":"홍천마을","short_no":"5321","date":"2025-10-31","bis":"경주BIS"}},{"type":"Feature","geometry":{"type":"Point","coordinates":[129.228,35.9901]},"properties":{"stop_id":"KUB352000878","name":"안강사거리","short_no":"5201","date":"2025-10-31","bis":"경주BIS"}},{"type":"Feature","geometry":{"type":"Point","coordinates":[129.227912,35.987687]},"properties":{"stop_id":"KUB352000879","name":"경림소망타운","short_no":"5037","date":"2025-10-31","bis":"경주BIS"}},{"type":"Feature","geometry":{"type":"Point","coordinates":[129.2280833,35.97953333]},"properties":{"stop_id":"KUB352000880","name":"갑산1리정미소","short_no":"5016","date":"2025-10-31","bis":"경주BIS"}},{"type":"Feature","geometry":{"type":"Point","coordinates":[129.228057,35.974306]},"properties":{"stop_id":"KUB352000881","name":"갑산농공단지","short_no":"5020","date":"2025-10-31","bis":"경주BIS"}},{"type":"Feature","geometry":{"type":"Point","coordinates":[129.2310667,35.96851667]},"properties":{"stop_id":"KUB352000882","name":"갑산2리","short_no":"5017","date":"2025-10-31","bis":"경주BIS"}},{"type":"Feature","geometry":{"type":"Point","coordinates":[129.2338167,35.96293333]},"properties":{"stop_id":"KUB352000883","name":"대동입구","short_no":"5092","date":"2025-10-31","bis":"경주BIS"}},{"type":"Feature","geometry":{"type":"Point","coordinates":[129.2318833,35.9519]},"properties":{"stop_id":"KUB352000884","name":"옥곡","short_no":"5248","date":"2025-10-31","bis":"경주BIS"}},{"type":"Feature","geometry":{"type":"Point","coordinates":[129.2329667,35.94806667]},"properties":{"stop_id":"KUB352000885","name":"가지곡","short_no":"5010","date":"2025-10-31","bis":"경주BIS"}},{"type":"Feature","geometry":{"type":"Point","coordinates":[129.2323058,35.93817586]},"properties":{"stop_id":"KUB352000886","name":"사방역","short_no":"5134","date":"2025-10-31","bis":"경주BIS"}},{"type":"Feature","geometry":{"type":"Point","coordinates":[129.2319667,35.92856667]},"properties":{"stop_id":"KUB352000887","name":"사방다리목","short_no":"5132","date":"2025-10-31","bis":"경주BIS"}},{"type":"Feature","geometry":{"type":"Point","coordinates":[129.2334667,35.91795]},"properties":{"stop_id":"KUB352000888","name":"청령","short_no":"5292","date":"2025-10-31","bis":"경주BIS"}},{"type":"Feature","geometry":{"type":"Point","coordinates":[129.2311667,35.90848333]},"properties":{"stop_id":"KUB352000889","name":"새각단","short_no":"5158","date":"2025-10-31","bis":"경주BIS"}},{"type":"Feature","geometry":{"type":"Point","coordinates":[129.2271667,35.90313333]},"properties":{"stop_id":"KUB352000890","name":"나원산업","short_no":"5056","date":"2025-10-31","bis":"경주BIS"}},{"type":"Feature","geometry":{"type":"Point","coordinates":[129.22565,35.89843333]},"properties":{"stop_id":"KUB352000891","name":"아진아파트","short_no":"5196","date":"2025-10-31","bis":"경주BIS"}},{"type":"Feature","geometry":{"type":"Point","coordinates":[129.2256167,35.89413333]},"properties":{"stop_id":"KUB352000892","name":"나원3리","short_no":"5052","date":"2025-10-31","bis":"경주BIS"}},{"type":"Feature","geometry":{"type":"Point","coordinates":[129.213073,35.840452]},"properties":{"stop_id":"KUB352000893","name":"천마총후문.황리단길","short_no":"1315","date":"2025-10-31","bis":"경주BIS"}},{"type":"Feature","geometry":{"type":"Point","coordinates":[129.2104167,35.87555]},"properties":{"stop_id":"KUB352000894","name":"오류2리","short_no":"5243","date":"2025-10-31","bis":"경주BIS"}},{"type":"Feature","geometry":{"type":"Point","coordinates":[129.2049833,35.87185]},"properties":{"stop_id":"KUB352000895","name":"신흥아파트","short_no":"5193","date":"2025-10-31","bis":"경주BIS"}},{"type":"Feature","geometry":{"type":"Point","coordinates":[129.203,35.86963333]},"properties":{"stop_id":"KUB352000896","name":"나원초등학교","short_no":"5062","date":"2025-10-31","bis":"경주BIS"}},{"type":"Feature","geometry":{"type":"Point","coordinates":[129.2032833,35.86728333]},"properties":{"stop_id":"KUB352000897","name":"금장삼성아파트","short_no":"5049","date":"2025-10-31","bis":"경주BIS"}},{"type":"Feature","geometry":{"type":"Point","coordinates":[129.20947,35.864918]},"properties":{"stop_id":"KUB352000898","name":"황성주공2차.계림고","short_no":"1385","date":"2025-10-31","bis":"경주BIS"}},{"type":"Feature","geometry":{"type":"Point","coordinates":[129.2139,35.86326667]},"properties":{"stop_id":"KUB352000899","name":"계림중학교","short_no":"1041","date":"2025-10-31","bis":"경주BIS"}},{"type":"Feature","geometry":{"type":"Point","coordinates":[129.217332,35.862007]},"properties":{"stop_id":"KUB352000900","name":"황성주공1차","short_no":"1384","date":"2025-10-31","bis":"경주BIS"}},{"type":"Feature","geometry":{"type":"Point","coordinates":[129.1399136,35.95576046]},"properties":{"stop_id":"KUB352000901","name":"강교1리","short_no":"5021","date":"2025-10-31","bis":"경주BIS"}},{"type":"Feature","geometry":{"type":"Point","coordinates":[129.1369664,35.96489669]},"properties":{"stop_id":"KUB352000902","name":"야일노인정","short_no":"5216","date":"2025-10-31","bis":"경주BIS"}},{"type":"Feature","geometry":{"type":"Point","coordinates":[129.1396667,35.98033333]},"properties":{"stop_id":"KUB352000903","name":"하곡","short_no":"5301","date":"2025-10-31","bis":"경주BIS"}},{"type":"Feature","geometry":{"type":"Point","coordinates":[129.1253379,35.98525823]},"properties":{"stop_id":"KUB352000904","name":"강교2리회관","short_no":"5022","date":"2025-10-31","bis":"경주BIS"}},{"type":"Feature","geometry":{"type":"Point","coordinates":[129.199082,35.994585]},"properties":{"stop_id":"KUB352000905","name":"풍산아파트","short_no":"5299","date":"2025-10-31","bis":"경주BIS"}},{"type":"Feature","geometry":{"type":"Point","coordinates":[129.1555437,35.95606516]},"properties":{"stop_id":"KUB352000906","name":"전마을","short_no":"5276","date":"2025-10-31","bis":"경주BIS"}},{"type":"Feature","geometry":{"type":"Point","coordinates":[129.1520564,35.96869342]},"properties":{"stop_id":"KUB352000907","name":"두류2리회관","short_no":"5105","date":"2025-10-31","bis":"경주BIS"}},{"type":"Feature","geometry":{"type":"Point","coordinates":[129.1532333,35.98595]},"properties":{"stop_id":"KUB352000908","name":"딱실못","short_no":"5109","date":"2025-10-31","bis":"경주BIS"}},{"type":"Feature","geometry":{"type":"Point","coordinates":[129.13955,35.98045]},"properties":{"stop_id":"KUB352000909","name":"하곡","short_no":"5300","date":"2025-10-31","bis":"경주BIS"}},{"type":"Feature","geometry":{"type":"Point","coordinates":[129.1364167,35.99508333]},"properties":{"stop_id":"KUB352000910","name":"노실","short_no":"5075","date":"2025-10-31","bis":"경주BIS"}},{"type":"Feature","geometry":{"type":"Point","coordinates":[129.14215,35.98616667]},"properties":{"stop_id":"KUB352000911","name":"하곡리회관","short_no":"5303","date":"2025-10-31","bis":"경주BIS"}},{"type":"Feature","geometry":{"type":"Point","coordinates":[129.15295,35.98598333]},"properties":{"stop_id":"KUB352000912","name":"딱실못","short_no":"5108","date":"2025-10-31","bis":"경주BIS"}},{"type":"Feature","geometry":{"type":"Point","coordinates":[129.1594667,35.98806667]},"properties":{"stop_id":"KUB352000913","name":"두류입구","short_no":"5106","date":"2025-10-31","bis":"경주BIS"}},{"type":"Feature","geometry":{"type":"Point","coordinates":[129.1487667,35.819]},"properties":{"stop_id":"KUB352000914","name":"광명","short_no":"1046","date":"2025-10-31","bis":"경주BIS"}},{"type":"Feature","geometry":{"type":"Point","coordinates":[129.15795,35.82866667]},"properties":{"stop_id":"KUB352000915","name":"와산마을","short_no":"1259","date":"2025-10-31","bis":"경주BIS"}},{"type":"Feature","geometry":{"type":"Point","coordinates":[129.1602948,36.01592328]},"properties":{"stop_id":"KUB352000916","name":"옥산1리.독락당","short_no":"5250","date":"2025-10-31","bis":"경주BIS"}},{"type":"Feature","geometry":{"type":"Point","coordinates":[129.164831,36.00803]},"properties":{"stop_id":"KUB352000917","name":"옥산2리.옥산서원","short_no":"5252","date":"2025-10-31","bis":"경주BIS"}},{"type":"Feature","geometry":{"type":"Point","coordinates":[129.1707167,36.00095]},"properties":{"stop_id":"KUB352000918","name":"옥산3리","short_no":"5254","date":"2025-10-31","bis":"경주BIS"}},{"type":"Feature","geometry":{"type":"Point","coordinates":[129.1834423,36.00028891]},"properties":{"stop_id":"KUB352000919","name":"한동화성타운","short_no":"5339","date":"2025-10-31","bis":"경주BIS"}},{"type":"Feature","geometry":{"type":"Point","coordinates":[129.2540167,35.99496667]},"properties":{"stop_id":"KUB352000920","name":"양동민속마을","short_no":"5218","date":"2025-10-31","bis":"경주BIS"}},{"type":"Feature","geometry":{"type":"Point","coordinates":[129.1580333,35.82846667]},"properties":{"stop_id":"KUB352000921","name":"와산마을","short_no":"1260","date":"2025-10-31","bis":"경주BIS"}},{"type":"Feature","geometry":{"type":"Point","coordinates":[129.1506,35.8189]},"properties":{"stop_id":"KUB352000922","name":"광명","short_no":"1049","date":"2025-10-31","bis":"경주BIS"}},{"type":"Feature","geometry":{"type":"Point","coordinates":[129.140008,35.79835944]},"properties":{"stop_id":"KUB352000923","name":"경주역(KTX)","short_no":"3142","date":"2025-10-31","bis":"경주BIS"}},{"type":"Feature","geometry":{"type":"Point","coordinates":[129.1965167,35.99731667]},"properties":{"stop_id":"KUB352000924","name":"풍산금속입구","short_no":"5297","date":"2025-10-31","bis":"경주BIS"}},{"type":"Feature","geometry":{"type":"Point","coordinates":[129.1897,35.99791667]},"properties":{"stop_id":"KUB352000925","name":"산대리부대앞","short_no":"5144","date":"2025-10-31","bis":"경주BIS"}},{"type":"Feature","geometry":{"type":"Point","coordinates":[129.1778,35.99398333]},"properties":{"stop_id":"KUB352000926","name":"옥산서원입구","short_no":"5258","date":"2025-10-31","bis":"경주BIS"}},{"type":"Feature","geometry":{"type":"Point","coordinates":[129.1710623,35.99112615]},"properties":{"stop_id":"KUB352000927","name":"옥산4리","short_no":"5256","date":"2025-10-31","bis":"경주BIS"}},{"type":"Feature","geometry":{"type":"Point","coordinates":[129.1629333,35.98876667]},"properties":{"stop_id":"KUB352000928","name":"두류입구","short_no":"5107","date":"2025-10-31","bis":"경주BIS"}},{"type":"Feature","geometry":{"type":"Point","coordinates":[129.1736454,35.96407183]},"properties":{"stop_id":"KUB352000929","name":"두류1리","short_no":"5101","date":"2025-10-31","bis":"경주BIS"}},{"type":"Feature","geometry":{"type":"Point","coordinates":[129.163,35.98008333]},"properties":{"stop_id":"KUB352000930","name":"두류1리회관","short_no":"5103","date":"2025-10-31","bis":"경주BIS"}},{"type":"Feature","geometry":{"type":"Point","coordinates":[129.1700547,35.99108159]},"properties":{"stop_id":"KUB352000931","name":"옥산4리","short_no":"5255","date":"2025-10-31","bis":"경주BIS"}},{"type":"Feature","geometry":{"type":"Point","coordinates":[129.1762333,35.99343333]},"properties":{"stop_id":"KUB352000932","name":"옥산서원입구","short_no":"5257","date":"2025-10-31","bis":"경주BIS"}},{"type":"Feature","geometry":{"type":"Point","coordinates":[129.1849,35.99743333]},"properties":{"stop_id":"KUB352000933","name":"화성한동타운입구","short_no":"5340","date":"2025-10-31","bis":"경주BIS"}},{"type":"Feature","geometry":{"type":"Point","coordinates":[129.1889,35.99801667]},"properties":{"stop_id":"KUB352000934","name":"산대리부대앞","short_no":"5143","date":"2025-10-31","bis":"경주BIS"}},{"type":"Feature","geometry":{"type":"Point","coordinates":[129.1953,35.9978]},"properties":{"stop_id":"KUB352000935","name":"풍산금속입구","short_no":"5295","date":"2025-10-31","bis":"경주BIS"}},{"type":"Feature","geometry":{"type":"Point","coordinates":[129.2186215,36.02049322]},"properties":{"stop_id":"KUB352000936","name":"육통1리","short_no":"5267","date":"2025-10-31","bis":"경주BIS"}},{"type":"Feature","geometry":{"type":"Point","coordinates":[129.2107028,36.02454588]},"properties":{"stop_id":"KUB352000937","name":"원당","short_no":"5263","date":"2025-10-31","bis":"경주BIS"}},{"type":"Feature","geometry":{"type":"Point","coordinates":[129.2177487,36.01824305]},"properties":{"stop_id":"KUB352000938","name":"육통1리회관","short_no":"5268","date":"2025-10-31","bis":"경주BIS"}},{"type":"Feature","geometry":{"type":"Point","coordinates":[129.2129294,36.015389]},"properties":{"stop_id":"KUB352000939","name":"육통2리회관","short_no":"5269","date":"2025-10-31","bis":"경주BIS"}},{"type":"Feature","geometry":{"type":"Point","coordinates":[129.1964667,36.00516667]},"properties":{"stop_id":"KUB352000940","name":"새터입구","short_no":"5165","date":"2025-10-31","bis":"경주BIS"}},{"type":"Feature","geometry":{"type":"Point","coordinates":[129.19735,36.0039]},"properties":{"stop_id":"KUB352000941","name":"우방아파트","short_no":"5262","date":"2025-10-31","bis":"경주BIS"}},{"type":"Feature","geometry":{"type":"Point","coordinates":[129.19685,36.00175]},"properties":{"stop_id":"KUB352000942","name":"새마을금고","short_no":"5160","date":"2025-10-31","bis":"경주BIS"}},{"type":"Feature","geometry":{"type":"Point","coordinates":[129.1963651,35.99951858]},"properties":{"stop_id":"KUB352000943","name":"산대3리 회관앞","short_no":"5146","date":"2025-10-31","bis":"경주BIS"}},{"type":"Feature","geometry":{"type":"Point","coordinates":[129.2046271,35.99556455]},"properties":{"stop_id":"KUB352000944","name":"표충각","short_no":"5294","date":"2025-10-31","bis":"경주BIS"}},{"type":"Feature","geometry":{"type":"Point","coordinates":[129.20705,35.99473333]},"properties":{"stop_id":"KUB352000945","name":"한신.청실아파트","short_no":"5315","date":"2025-10-31","bis":"경주BIS"}},{"type":"Feature","geometry":{"type":"Point","coordinates":[129.2118309,35.99404105]},"properties":{"stop_id":"KUB352000946","name":"경주예일고","short_no":"5206","date":"2025-10-31","bis":"경주BIS"}},{"type":"Feature","geometry":{"type":"Point","coordinates":[129.223458,35.866749]},"properties":{"stop_id":"KUB352000947","name":"용강사거리","short_no":"1270","date":"2025-10-31","bis":"경주BIS"}},{"type":"Feature","geometry":{"type":"Point","coordinates":[129.23958,35.89778124]},"properties":{"stop_id":"KUB352000948","name":"신당1리입구","short_no":"5183","date":"2025-10-31","bis":"경주BIS"}},{"type":"Feature","geometry":{"type":"Point","coordinates":[129.2449008,35.919975]},"properties":{"stop_id":"KUB352000949","name":"모아초등학교.양지아파트","short_no":"5117","date":"2025-10-31","bis":"경주BIS"}},{"type":"Feature","geometry":{"type":"Point","coordinates":[129.246,35.92503333]},"properties":{"stop_id":"KUB352000950","name":"모아","short_no":"5114","date":"2025-10-31","bis":"경주BIS"}},{"type":"Feature","geometry":{"type":"Point","coordinates":[129.2474667,35.93311667]},"properties":{"stop_id":"KUB352000951","name":"오야1리","short_no":"5244","date":"2025-10-31","bis":"경주BIS"}},{"type":"Feature","geometry":{"type":"Point","coordinates":[129.2477167,35.93925]},"properties":{"stop_id":"KUB352000952","name":"오야2리","short_no":"5246","date":"2025-10-31","bis":"경주BIS"}},{"type":"Feature","geometry":{"type":"Point","coordinates":[129.2466,35.94771667]},"properties":{"stop_id":"KUB352000953","name":"모서2리","short_no":"5112","date":"2025-10-31","bis":"경주BIS"}},{"type":"Feature","geometry":{"type":"Point","coordinates":[129.24655,35.95025]},"properties":{"stop_id":"KUB352000954","name":"모서1리","short_no":"5111","date":"2025-10-31","bis":"경주BIS"}},{"type":"Feature","geometry":{"type":"Point","coordinates":[129.2475667,35.97066667]},"properties":{"stop_id":"KUB352000955","name":"호명","short_no":"5318","date":"2025-10-31","bis":"경주BIS"}},{"type":"Feature","geometry":{"type":"Point","coordinates":[129.2589667,35.98206667]},"properties":{"stop_id":"KUB352000956","name":"오금","short_no":"5232","date":"2025-10-31","bis":"경주BIS"}},{"type":"Feature","geometry":{"type":"Point","coordinates":[129.2608052,35.98542503]},"properties":{"stop_id":"KUB352000957","name":"인동","short_no":"5272","date":"2025-10-31","bis":"경주BIS"}},{"type":"Feature","geometry":{"type":"Point","coordinates":[129.2552,35.9887]},"properties":{"stop_id":"KUB352000958","name":"양동마을입구","short_no":"5221","date":"2025-10-31","bis":"경주BIS"}},{"type":"Feature","geometry":{"type":"Point","coordinates":[129.230096,35.99121]},"properties":{"stop_id":"KUB352000959","name":"안강사거리","short_no":"5204","date":"2025-10-31","bis":"경주BIS"}},{"type":"Feature","geometry":{"type":"Point","coordinates":[129.2386167,36.0594]},"properties":{"stop_id":"KUB352000960","name":"내단3리","short_no":"6019","date":"2025-10-31","bis":"경주BIS"}},{"type":"Feature","geometry":{"type":"Point","coordinates":[129.2302,36.06183333]},"properties":{"stop_id":"KUB352000961","name":"내단1리","short_no":"6014","date":"2025-10-31","bis":"경주BIS"}},{"type":"Feature","geometry":{"type":"Point","coordinates":[129.2182667,36.0679]},"properties":{"stop_id":"KUB352000962","name":"내단2리","short_no":"6017","date":"2025-10-31","bis":"경주BIS"}},{"type":"Feature","geometry":{"type":"Point","coordinates":[129.2107667,36.06983333]},"properties":{"stop_id":"KUB352000963","name":"기계","short_no":"6009","date":"2025-10-31","bis":"경주BIS"}},{"type":"Feature","geometry":{"type":"Point","coordinates":[129.21805,36.0681]},"properties":{"stop_id":"KUB352000964","name":"내단2리","short_no":"6016","date":"2025-10-31","bis":"경주BIS"}},{"type":"Feature","geometry":{"type":"Point","coordinates":[129.23015,36.06203333]},"properties":{"stop_id":"KUB352000965","name":"내단1리","short_no":"6015","date":"2025-10-31","bis":"경주BIS"}},{"type":"Feature","geometry":{"type":"Point","coordinates":[129.2385667,36.05955]},"properties":{"stop_id":"KUB352000966","name":"내단3리","short_no":"6018","date":"2025-10-31","bis":"경주BIS"}},{"type":"Feature","geometry":{"type":"Point","coordinates":[129.24325,36.0577]},"properties":{"stop_id":"KUB352000967","name":"달성사거리","short_no":"5089","date":"2025-10-31","bis":"경주BIS"}},{"type":"Feature","geometry":{"type":"Point","coordinates":[129.23785,36.0515]},"properties":{"stop_id":"KUB352000968","name":"베델기도원.달성교","short_no":"5130","date":"2025-10-31","bis":"경주BIS"}},{"type":"Feature","geometry":{"type":"Point","coordinates":[129.2333667,36.04308333]},"properties":{"stop_id":"KUB352000969","name":"화룡사앞","short_no":"5323","date":"2025-10-31","bis":"경주BIS"}},{"type":"Feature","geometry":{"type":"Point","coordinates":[129.23045,36.03748333]},"properties":{"stop_id":"KUB352000970","name":"노당1리","short_no":"5070","date":"2025-10-31","bis":"경주BIS"}},{"type":"Feature","geometry":{"type":"Point","coordinates":[129.2293,36.03335]},"properties":{"stop_id":"KUB352000971","name":"노당주유소","short_no":"5074","date":"2025-10-31","bis":"경주BIS"}},{"type":"Feature","geometry":{"type":"Point","coordinates":[129.2279667,36.02821667]},"properties":{"stop_id":"KUB352000972","name":"노당2리.초제마을","short_no":"5072","date":"2025-10-31","bis":"경주BIS"}},{"type":"Feature","geometry":{"type":"Point","coordinates":[129.2264667,36.02183333]},"properties":{"stop_id":"KUB352000973","name":"경주안전체험관","short_no":"5200","date":"2025-10-31","bis":"경주BIS"}},{"type":"Feature","geometry":{"type":"Point","coordinates":[129.22655,36.01861667]},"properties":{"stop_id":"KUB352000974","name":"육통입구","short_no":"5271","date":"2025-10-31","bis":"경주BIS"}},{"type":"Feature","geometry":{"type":"Point","coordinates":[129.2268,36.01023333]},"properties":{"stop_id":"KUB352000975","name":"흥덕왕릉입구","short_no":"5341","date":"2025-10-31","bis":"경주BIS"}},{"type":"Feature","geometry":{"type":"Point","coordinates":[129.2271833,36.00316667]},"properties":{"stop_id":"KUB352000976","name":"새창마을","short_no":"5163","date":"2025-10-31","bis":"경주BIS"}},{"type":"Feature","geometry":{"type":"Point","coordinates":[129.2277667,36.00006667]},"properties":{"stop_id":"KUB352000977","name":"양월2리","short_no":"5227","date":"2025-10-31","bis":"경주BIS"}},{"type":"Feature","geometry":{"type":"Point","coordinates":[129.2285167,35.99321667]},"properties":{"stop_id":"KUB352000978","name":"안강동부정류장","short_no":"5198","date":"2025-10-31","bis":"경주BIS"}},{"type":"Feature","geometry":{"type":"Point","coordinates":[129.2245,35.99213333]},"properties":{"stop_id":"KUB352000979","name":"안강우체국","short_no":"5207","date":"2025-10-31","bis":"경주BIS"}},{"type":"Feature","geometry":{"type":"Point","coordinates":[129.22245,35.99245]},"properties":{"stop_id":"KUB352000980","name":"시장입구","short_no":"5178","date":"2025-10-31","bis":"경주BIS"}},{"type":"Feature","geometry":{"type":"Point","coordinates":[129.2153167,35.99361667]},"properties":{"stop_id":"KUB352000981","name":"안강LH아파트","short_no":"5211","date":"2025-10-31","bis":"경주BIS"}},{"type":"Feature","geometry":{"type":"Point","coordinates":[129.2202,35.99278333]},"properties":{"stop_id":"KUB352000982","name":"제일초등학교","short_no":"5280","date":"2025-10-31","bis":"경주BIS"}},{"type":"Feature","geometry":{"type":"Point","coordinates":[129.2240833,35.99231667]},"properties":{"stop_id":"KUB352000983","name":"안강파출소","short_no":"5212","date":"2025-10-31","bis":"경주BIS"}},{"type":"Feature","geometry":{"type":"Point","coordinates":[129.227115,35.991666]},"properties":{"stop_id":"KUB352000984","name":"백년예식장","short_no":"5128","date":"2025-10-31","bis":"경주BIS"}},{"type":"Feature","geometry":{"type":"Point","coordinates":[129.229752,35.991392]},"properties":{"stop_id":"KUB352000985","name":"안강사거리","short_no":"5203","date":"2025-10-31","bis":"경주BIS"}},{"type":"Feature","geometry":{"type":"Point","coordinates":[129.2560267,35.98850146]},"properties":{"stop_id":"KUB352000986","name":"양동마을입구","short_no":"5223","date":"2025-10-31","bis":"경주BIS"}},{"type":"Feature","geometry":{"type":"Point","coordinates":[129.26165,35.98538333]},"properties":{"stop_id":"KUB352000987","name":"인동","short_no":"5273","date":"2025-10-31","bis":"경주BIS"}},{"type":"Feature","geometry":{"type":"Point","coordinates":[129.274671,35.98742]},"properties":{"stop_id":"KUB352000988","name":"강동","short_no":"5024","date":"2025-10-31","bis":"경주BIS"}},{"type":"Feature","geometry":{"type":"Point","coordinates":[129.258918,35.981821]},"properties":{"stop_id":"KUB352000989","name":"오금1리","short_no":"5231","date":"2025-10-31","bis":"경주BIS"}},{"type":"Feature","geometry":{"type":"Point","coordinates":[129.2478833,35.97063333]},"properties":{"stop_id":"KUB352000990","name":"호명","short_no":"5319","date":"2025-10-31","bis":"경주BIS"}},{"type":"Feature","geometry":{"type":"Point","coordinates":[129.2466064,35.95109896]},"properties":{"stop_id":"KUB352000991","name":"모서1리","short_no":"5110","date":"2025-10-31","bis":"경주BIS"}},{"type":"Feature","geometry":{"type":"Point","coordinates":[129.2474439,35.94725225]},"properties":{"stop_id":"KUB352000992","name":"모서2리","short_no":"5113","date":"2025-10-31","bis":"경주BIS"}},{"type":"Feature","geometry":{"type":"Point","coordinates":[129.2479333,35.93913333]},"properties":{"stop_id":"KUB352000993","name":"오야2리","short_no":"5247","date":"2025-10-31","bis":"경주BIS"}},{"type":"Feature","geometry":{"type":"Point","coordinates":[129.24775,35.93295]},"properties":{"stop_id":"KUB352000994","name":"오야1리","short_no":"5245","date":"2025-10-31","bis":"경주BIS"}},{"type":"Feature","geometry":{"type":"Point","coordinates":[129.2463,35.92496667]},"properties":{"stop_id":"KUB352000995","name":"모아","short_no":"5115","date":"2025-10-31","bis":"경주BIS"}},{"type":"Feature","geometry":{"type":"Point","coordinates":[129.2451013,35.91963534]},"properties":{"stop_id":"KUB352000996","name":"모아초등학교.양지아파트","short_no":"5118","date":"2025-10-31","bis":"경주BIS"}},{"type":"Feature","geometry":{"type":"Point","coordinates":[129.2409486,35.89980906]},"properties":{"stop_id":"KUB352000997","name":"신당1리입구","short_no":"5182","date":"2025-10-31","bis":"경주BIS"}},{"type":"Feature","geometry":{"type":"Point","coordinates":[129.2382667,35.89313333]},"properties":{"stop_id":"KUB352000998","name":"신당2리.신라공고","short_no":"5184","date":"2025-10-31","bis":"경주BIS"}},{"type":"Feature","geometry":{"type":"Point","coordinates":[129.232859,35.884934]},"properties":{"stop_id":"KUB352000999","name":"제일자동차학원","short_no":"5278","date":"2025-10-31","bis":"경주BIS"}},{"type":"Feature","geometry":{"type":"Point","coordinates":[129.230858,35.882349]},"properties":{"stop_id":"KUB352001000","name":"신리마을","short_no":"1231","date":"2025-10-31","bis":"경주BIS"}},{"type":"Feature","geometry":{"type":"Point","coordinates":[129.22797,35.876875]},"properties":{"stop_id":"KUB352001001","name":"IM뱅크용강지점","short_no":"1084","date":"2025-10-31","bis":"경주BIS"}},{"type":"Feature","geometry":{"type":"Point","coordinates":[129.22875,35.875468]},"properties":{"stop_id":"KUB352001002","name":"용강초등학교","short_no":"1276","date":"2025-10-31","bis":"경주BIS"}},{"type":"Feature","geometry":{"type":"Point","coordinates":[129.22766,35.873294]},"properties":{"stop_id":"KUB352001003","name":"근화여고","short_no":"1062","date":"2025-10-31","bis":"경주BIS"}},{"type":"Feature","geometry":{"type":"Point","coordinates":[129.224266,35.866937]},"properties":{"stop_id":"KUB352001004","name":"농업기술센터","short_no":"1272","date":"2025-10-31","bis":"경주BIS"}},{"type":"Feature","geometry":{"type":"Point","coordinates":[129.222078,35.863522]},"properties":{"stop_id":"KUB352001005","name":"대신아파트.르노삼성경주전시장","short_no":"1089","date":"2025-10-31","bis":"경주BIS"}},{"type":"Feature","geometry":{"type":"Point","coordinates":[129.220412,35.859546]},"properties":{"stop_id":"KUB352001006","name":"황성공원.시립도서관","short_no":"1381","date":"2025-10-31","bis":"경주BIS"}},{"type":"Feature","geometry":{"type":"Point","coordinates":[129.219343,35.856322]},"properties":{"stop_id":"KUB352001007","name":"경주고용센터","short_no":"1010","date":"2025-10-31","bis":"경주BIS"}},{"type":"Feature","geometry":{"type":"Point","coordinates":[129.2184,35.85348333]},"properties":{"stop_id":"KUB352001008","name":"경주교.신라중학교","short_no":"1013","date":"2025-10-31","bis":"경주BIS"}},{"type":"Feature","geometry":{"type":"Point","coordinates":[129.217329,35.848982]},"properties":{"stop_id":"KUB352001009","name":"세무서.큰마디병원","short_no":"1211","date":"2025-10-31","bis":"경주BIS"}},{"type":"Feature","geometry":{"type":"Point","coordinates":[129.21743,35.845585]},"properties":{"stop_id":"KUB352001010","name":"성동시장 동편","short_no":"1028","date":"2025-10-31","bis":"경주BIS"}},{"type":"Feature","geometry":{"type":"Point","coordinates":[129.205913,35.844609]},"properties":{"stop_id":"KUB352001011","name":"중앙시장","short_no":"1307","date":"2025-10-31","bis":"경주BIS"}},{"type":"Feature","geometry":{"type":"Point","coordinates":[129.202891,35.844681]},"properties":{"stop_id":"KUB352001012","name":"청년회의소","short_no":"1322","date":"2025-10-31","bis":"경주BIS"}},{"type":"Feature","geometry":{"type":"Point","coordinates":[129.20061,35.843837]},"properties":{"stop_id":"KUB352001013","name":"보우주택","short_no":"1148","date":"2025-10-31","bis":"경주BIS"}},{"type":"Feature","geometry":{"type":"Point","coordinates":[129.3204343,35.87476726]},"properties":{"stop_id":"KUB352001014","name":"왕산마을","short_no":"1261","date":"2025-10-31","bis":"경주BIS"}},{"type":"Feature","geometry":{"type":"Point","coordinates":[129.3141833,35.86193333]},"properties":{"stop_id":"KUB352001015","name":"암곡마을","short_no":"1243","date":"2025-10-31","bis":"경주BIS"}},{"type":"Feature","geometry":{"type":"Point","coordinates":[129.30435,35.8541]},"properties":{"stop_id":"KUB352001016","name":"새동네","short_no":"1182","date":"2025-10-31","bis":"경주BIS"}},{"type":"Feature","geometry":{"type":"Point","coordinates":[129.2859988,35.80937663]},"properties":{"stop_id":"KUB352001018","name":"아동","short_no":"1236","date":"2025-10-31","bis":"경주BIS"}},{"type":"Feature","geometry":{"type":"Point","coordinates":[129.2416,35.846997]},"properties":{"stop_id":"KUB352001020","name":"상리마을.변전소","short_no":"1179","date":"2025-10-31","bis":"경주BIS"}},{"type":"Feature","geometry":{"type":"Point","coordinates":[129.217118,35.845994]},"properties":{"stop_id":"KUB352001021","name":"성동시장 동편","short_no":"1029","date":"2025-10-31","bis":"경주BIS"}},{"type":"Feature","geometry":{"type":"Point","coordinates":[129.217164,35.850913]},"properties":{"stop_id":"KUB352001022","name":"세무서","short_no":"1212","date":"2025-10-31","bis":"경주BIS"}},{"type":"Feature","geometry":{"type":"Point","coordinates":[129.218057,35.853485]},"properties":{"stop_id":"KUB352001023","name":"경주교.신라중학교","short_no":"1012","date":"2025-10-31","bis":"경주BIS"}},{"type":"Feature","geometry":{"type":"Point","coordinates":[129.218944,35.856118]},"properties":{"stop_id":"KUB352001024","name":"굿모닝병원.서라벌여중","short_no":"1191","date":"2025-10-31","bis":"경주BIS"}},{"type":"Feature","geometry":{"type":"Point","coordinates":[129.220129,35.8597]},"properties":{"stop_id":"KUB352001025","name":"황성공원.시립도서관","short_no":"1382","date":"2025-10-31","bis":"경주BIS"}},{"type":"Feature","geometry":{"type":"Point","coordinates":[129.222255,35.864708]},"properties":{"stop_id":"KUB352001026","name":"용황초등학교.르노삼성경주전시장","short_no":"1277","date":"2025-10-31","bis":"경주BIS"}},{"type":"Feature","geometry":{"type":"Point","coordinates":[129.223139,35.866818]},"properties":{"stop_id":"KUB352001027","name":"용강사거리","short_no":"1271","date":"2025-10-31","bis":"경주BIS"}},{"type":"Feature","geometry":{"type":"Point","coordinates":[129.225413,35.871736]},"properties":{"stop_id":"KUB352001028","name":"근화여고","short_no":"1061","date":"2025-10-31","bis":"경주BIS"}},{"type":"Feature","geometry":{"type":"Point","coordinates":[129.227457,35.876744]},"properties":{"stop_id":"KUB352001029","name":"용강동대성주유소","short_no":"1269","date":"2025-10-31","bis":"경주BIS"}},{"type":"Feature","geometry":{"type":"Point","coordinates":[129.232902,35.885386]},"properties":{"stop_id":"KUB352001030","name":"제일자동차학원","short_no":"5277","date":"2025-10-31","bis":"경주BIS"}},{"type":"Feature","geometry":{"type":"Point","coordinates":[129.23815,35.89318333]},"properties":{"stop_id":"KUB352001031","name":"신당2리.신라공고","short_no":"5185","date":"2025-10-31","bis":"경주BIS"}},{"type":"Feature","geometry":{"type":"Point","coordinates":[129.2415,35.89006667]},"properties":{"stop_id":"KUB352001032","name":"신라공고정문","short_no":"5190","date":"2025-10-31","bis":"경주BIS"}},{"type":"Feature","geometry":{"type":"Point","coordinates":[129.2471653,35.89246312]},"properties":{"stop_id":"KUB352001033","name":"천북신당리","short_no":"5169","date":"2025-10-31","bis":"경주BIS"}},{"type":"Feature","geometry":{"type":"Point","coordinates":[129.2570333,35.90008333]},"properties":{"stop_id":"KUB352001034","name":"신당3리입구","short_no":"5188","date":"2025-10-31","bis":"경주BIS"}},{"type":"Feature","geometry":{"type":"Point","coordinates":[129.26575,35.89688333]},"properties":{"stop_id":"KUB352001035","name":"농협창고앞","short_no":"5077","date":"2025-10-31","bis":"경주BIS"}},{"type":"Feature","geometry":{"type":"Point","coordinates":[129.2678562,35.89559586]},"properties":{"stop_id":"KUB352001036","name":"천북.동산","short_no":"5287","date":"2025-10-31","bis":"경주BIS"}},{"type":"Feature","geometry":{"type":"Point","coordinates":[129.2660833,35.89336667]},"properties":{"stop_id":"KUB352001037","name":"동산2리.새각단","short_no":"5099","date":"2025-10-31","bis":"경주BIS"}},{"type":"Feature","geometry":{"type":"Point","coordinates":[129.2656833,35.88636667]},"properties":{"stop_id":"KUB352001038","name":"덕산마을","short_no":"5095","date":"2025-10-31","bis":"경주BIS"}},{"type":"Feature","geometry":{"type":"Point","coordinates":[129.275779,35.88628616]},"properties":{"stop_id":"KUB352001039","name":"갈곡입구","short_no":"5014","date":"2025-10-31","bis":"경주BIS"}},{"type":"Feature","geometry":{"type":"Point","coordinates":[129.2755796,35.87348251]},"properties":{"stop_id":"KUB352001040","name":"물천2리.목실","short_no":"5123","date":"2025-10-31","bis":"경주BIS"}},{"type":"Feature","geometry":{"type":"Point","coordinates":[129.2787831,35.86814344]},"properties":{"stop_id":"KUB352001041","name":"물천마을","short_no":"5124","date":"2025-10-31","bis":"경주BIS"}},{"type":"Feature","geometry":{"type":"Point","coordinates":[129.1647692,35.83901281]},"properties":{"stop_id":"KUB352001042","name":"알마을.베스트원현대서비스","short_no":"1239","date":"2025-10-31","bis":"경주BIS"}},{"type":"Feature","geometry":{"type":"Point","coordinates":[129.1772,35.84438333]},"properties":{"stop_id":"KUB352001043","name":"국민건강보험.정보고등학교","short_no":"1059","date":"2025-10-31","bis":"경주BIS"}},{"type":"Feature","geometry":{"type":"Point","coordinates":[129.1815,35.84315]},"properties":{"stop_id":"KUB352001044","name":"송화도서관건너","short_no":"1188","date":"2025-10-31","bis":"경주BIS"}},{"type":"Feature","geometry":{"type":"Point","coordinates":[129.1870512,35.84129904]},"properties":{"stop_id":"KUB352001045","name":"신라고.신경주대 충효캠 건너","short_no":"1185","date":"2025-10-31","bis":"경주BIS"}},{"type":"Feature","geometry":{"type":"Point","coordinates":[129.1895744,35.83999453]},"properties":{"stop_id":"KUB352001046","name":"경주초등학교앞","short_no":"1037","date":"2025-10-31","bis":"경주BIS"}},{"type":"Feature","geometry":{"type":"Point","coordinates":[129.1961918,35.83717741]},"properties":{"stop_id":"KUB352001047","name":"경주여중.원자력환경공단.코라드","short_no":"1025","date":"2025-10-31","bis":"경주BIS"}},{"type":"Feature","geometry":{"type":"Point","coordinates":[129.1892649,35.83990784]},"properties":{"stop_id":"KUB352001048","name":"경주초등학교건너","short_no":"1036","date":"2025-10-31","bis":"경주BIS"}},{"type":"Feature","geometry":{"type":"Point","coordinates":[129.1856788,35.84149752]},"properties":{"stop_id":"KUB352001049","name":"신라고.신경주대학교 충효캠","short_no":"1186","date":"2025-10-31","bis":"경주BIS"}},{"type":"Feature","geometry":{"type":"Point","coordinates":[129.1801802,35.84331197]},"properties":{"stop_id":"KUB352001050","name":"송화도서관","short_no":"1187","date":"2025-10-31","bis":"경주BIS"}},{"type":"Feature","geometry":{"type":"Point","coordinates":[129.1767541,35.84420424]},"properties":{"stop_id":"KUB352001051","name":"국민건강보험.정보고등학교","short_no":"1060","date":"2025-10-31","bis":"경주BIS"}},{"type":"Feature","geometry":{"type":"Point","coordinates":[129.1723444,35.84510212]},"properties":{"stop_id":"KUB352001052","name":"문화중고등학교입구","short_no":"1127","date":"2025-10-31","bis":"경주BIS"}},{"type":"Feature","geometry":{"type":"Point","coordinates":[129.16455,35.83798333]},"properties":{"stop_id":"KUB352001053","name":"베스트원현대서비스","short_no":"1138","date":"2025-10-31","bis":"경주BIS"}},{"type":"Feature","geometry":{"type":"Point","coordinates":[129.2902625,35.85838631]},"properties":{"stop_id":"KUB352001055","name":"손곡","short_no":"1213","date":"2025-10-31","bis":"경주BIS"}},{"type":"Feature","geometry":{"type":"Point","coordinates":[129.291099,35.836382]},"properties":{"stop_id":"KUB352001056","name":"더케이호텔.신라밀레니엄파크","short_no":"1090","date":"2025-10-31","bis":"경주BIS"}},{"type":"Feature","geometry":{"type":"Point","coordinates":[129.3391196,35.72158882]},"properties":{"stop_id":"KUB352001057","name":"미소지움아파트","short_no":"4200","date":"2025-10-31","bis":"경주BIS"}},{"type":"Feature","geometry":{"type":"Point","coordinates":[129.2414667,35.81983333]},"properties":{"stop_id":"KUB352001059","name":"사천왕사지","short_no":"1071","date":"2025-10-31","bis":"경주BIS"}},{"type":"Feature","geometry":{"type":"Point","coordinates":[129.2485667,35.81691667]},"properties":{"stop_id":"KUB352001060","name":"능배반.신문왕릉","short_no":"1081","date":"2025-10-31","bis":"경주BIS"}},{"type":"Feature","geometry":{"type":"Point","coordinates":[129.2534833,35.81368333]},"properties":{"stop_id":"KUB352001061","name":"장골마을","short_no":"1294","date":"2025-10-31","bis":"경주BIS"}},{"type":"Feature","geometry":{"type":"Point","coordinates":[129.2574667,35.81003333]},"properties":{"stop_id":"KUB352001062","name":"뒷골마을","short_no":"1117","date":"2025-10-31","bis":"경주BIS"}},{"type":"Feature","geometry":{"type":"Point","coordinates":[129.2611303,35.80552284]},"properties":{"stop_id":"KUB352001063","name":"국립공원남산분소","short_no":"1107","date":"2025-10-31","bis":"경주BIS"}},{"type":"Feature","geometry":{"type":"Point","coordinates":[129.2640887,35.80249676]},"properties":{"stop_id":"KUB352001064","name":"동방초등학교.코아루","short_no":"1108","date":"2025-10-31","bis":"경주BIS"}},{"type":"Feature","geometry":{"type":"Point","coordinates":[129.3004634,35.77489345]},"properties":{"stop_id":"KUB352001065","name":"불국동행정복지센터","short_no":"1159","date":"2025-10-31","bis":"경주BIS"}},{"type":"Feature","geometry":{"type":"Point","coordinates":[129.3034833,35.77221667]},"properties":{"stop_id":"KUB352001066","name":"불국중학교","short_no":"1165","date":"2025-10-31","bis":"경주BIS"}},{"type":"Feature","geometry":{"type":"Point","coordinates":[129.3098633,35.76730392]},"properties":{"stop_id":"KUB352001067","name":"신계입구","short_no":"4139","date":"2025-10-31","bis":"경주BIS"}},{"type":"Feature","geometry":{"type":"Point","coordinates":[129.3128019,35.76336749]},"properties":{"stop_id":"KUB352001068","name":"영지입구","short_no":"4154","date":"2025-10-31","bis":"경주BIS"}},{"type":"Feature","geometry":{"type":"Point","coordinates":[129.3142005,35.75742138]},"properties":{"stop_id":"KUB352001069","name":"괘릉입구","short_no":"4006","date":"2025-10-31","bis":"경주BIS"}},{"type":"Feature","geometry":{"type":"Point","coordinates":[129.3150784,35.75358583]},"properties":{"stop_id":"KUB352001070","name":"활성입구","short_no":"4213","date":"2025-10-31","bis":"경주BIS"}},{"type":"Feature","geometry":{"type":"Point","coordinates":[129.3175039,35.74278769]},"properties":{"stop_id":"KUB352001071","name":"말방입구","short_no":"4056","date":"2025-10-31","bis":"경주BIS"}},{"type":"Feature","geometry":{"type":"Point","coordinates":[129.3189833,35.73668333]},"properties":{"stop_id":"KUB352001072","name":"외동휴게소","short_no":"4159","date":"2025-10-31","bis":"경주BIS"}},{"type":"Feature","geometry":{"type":"Point","coordinates":[129.321307,35.727435]},"properties":{"stop_id":"KUB352001073","name":"연안","short_no":"4145","date":"2025-10-31","bis":"경주BIS"}},{"type":"Feature","geometry":{"type":"Point","coordinates":[129.4542167,35.6862]},"properties":{"stop_id":"KUB352001074","name":"오리골마을","short_no":"2112","date":"2025-10-31","bis":"경주BIS"}},{"type":"Feature","geometry":{"type":"Point","coordinates":[129.4526833,35.68956667]},"properties":{"stop_id":"KUB352001075","name":"환서2리","short_no":"2174","date":"2025-10-31","bis":"경주BIS"}},{"type":"Feature","geometry":{"type":"Point","coordinates":[129.447068,35.693981]},"properties":{"stop_id":"KUB352001076","name":"환서1리","short_no":"2173","date":"2025-10-31","bis":"경주BIS"}},{"type":"Feature","geometry":{"type":"Point","coordinates":[129.4198667,35.69963333]},"properties":{"stop_id":"KUB352001077","name":"기구마을","short_no":"2020","date":"2025-10-31","bis":"경주BIS"}},{"type":"Feature","geometry":{"type":"Point","coordinates":[129.4159333,35.70738333]},"properties":{"stop_id":"KUB352001078","name":"새마을","short_no":"2070","date":"2025-10-31","bis":"경주BIS"}},{"type":"Feature","geometry":{"type":"Point","coordinates":[129.4166333,35.71163333]},"properties":{"stop_id":"KUB352001079","name":"석촌마을","short_no":"2076","date":"2025-10-31","bis":"경주BIS"}},{"type":"Feature","geometry":{"type":"Point","coordinates":[129.4149,35.71823333]},"properties":{"stop_id":"KUB352001080","name":"명대마을","short_no":"2054","date":"2025-10-31","bis":"경주BIS"}},{"type":"Feature","geometry":{"type":"Point","coordinates":[129.4137667,35.72141667]},"properties":{"stop_id":"KUB352001081","name":"대현마을","short_no":"2047","date":"2025-10-31","bis":"경주BIS"}},{"type":"Feature","geometry":{"type":"Point","coordinates":[129.4132333,35.72666667]},"properties":{"stop_id":"KUB352001082","name":"석읍","short_no":"2074","date":"2025-10-31","bis":"경주BIS"}},{"type":"Feature","geometry":{"type":"Point","coordinates":[129.3972,35.72871667]},"properties":{"stop_id":"KUB352001083","name":"효동2리늘밭마을","short_no":"2181","date":"2025-10-31","bis":"경주BIS"}},{"type":"Feature","geometry":{"type":"Point","coordinates":[129.38935,35.72701667]},"properties":{"stop_id":"KUB352001084","name":"월천마을","short_no":"2129","date":"2025-10-31","bis":"경주BIS"}},{"type":"Feature","geometry":{"type":"Point","coordinates":[129.3766761,35.73318087]},"properties":{"stop_id":"KUB352001085","name":"효동1리머듬마을","short_no":"2179","date":"2025-10-31","bis":"경주BIS"}},{"type":"Feature","geometry":{"type":"Point","coordinates":[129.3394647,35.72159464]},"properties":{"stop_id":"KUB352001086","name":"미소지움아파트","short_no":"4201","date":"2025-10-31","bis":"경주BIS"}},{"type":"Feature","geometry":{"type":"Point","coordinates":[129.3276185,35.71404943]},"properties":{"stop_id":"KUB352001087","name":"외동읍면체육관입구","short_no":"4158","date":"2025-10-31","bis":"경주BIS"}},{"type":"Feature","geometry":{"type":"Point","coordinates":[129.320969,35.727806]},"properties":{"stop_id":"KUB352001088","name":"연안","short_no":"4146","date":"2025-10-31","bis":"경주BIS"}},{"type":"Feature","geometry":{"type":"Point","coordinates":[129.3187598,35.73674564]},"properties":{"stop_id":"KUB352001089","name":"외동휴게소","short_no":"4160","date":"2025-10-31","bis":"경주BIS"}},{"type":"Feature","geometry":{"type":"Point","coordinates":[129.317184,35.74318693]},"properties":{"stop_id":"KUB352001090","name":"죽동입구","short_no":"4195","date":"2025-10-31","bis":"경주BIS"}},{"type":"Feature","geometry":{"type":"Point","coordinates":[129.314933,35.7535159]},"properties":{"stop_id":"KUB352001091","name":"활성입구","short_no":"4214","date":"2025-10-31","bis":"경주BIS"}},{"type":"Feature","geometry":{"type":"Point","coordinates":[129.3140042,35.75741983]},"properties":{"stop_id":"KUB352001092","name":"괘릉입구","short_no":"4007","date":"2025-10-31","bis":"경주BIS"}},{"type":"Feature","geometry":{"type":"Point","coordinates":[129.3124667,35.76343333]},"properties":{"stop_id":"KUB352001093","name":"영지입구","short_no":"4153","date":"2025-10-31","bis":"경주BIS"}},{"type":"Feature","geometry":{"type":"Point","coordinates":[129.3096333,35.7672]},"properties":{"stop_id":"KUB352001094","name":"신계입구","short_no":"4140","date":"2025-10-31","bis":"경주BIS"}},{"type":"Feature","geometry":{"type":"Point","coordinates":[129.30355,35.77196667]},"properties":{"stop_id":"KUB352001095","name":"불국중학교","short_no":"1166","date":"2025-10-31","bis":"경주BIS"}},{"type":"Feature","geometry":{"type":"Point","coordinates":[129.30025,35.77471667]},"properties":{"stop_id":"KUB352001096","name":"불국파출소","short_no":"1077","date":"2025-10-31","bis":"경주BIS"}},{"type":"Feature","geometry":{"type":"Point","coordinates":[129.29675,35.77725]},"properties":{"stop_id":"KUB352001097","name":"불국로타리","short_no":"1162","date":"2025-10-31","bis":"경주BIS"}},{"type":"Feature","geometry":{"type":"Point","coordinates":[129.2626667,35.80361667]},"properties":{"stop_id":"KUB352001098","name":"동방초등학교.코아루","short_no":"1109","date":"2025-10-31","bis":"경주BIS"}},{"type":"Feature","geometry":{"type":"Point","coordinates":[129.2605559,35.80582424]},"properties":{"stop_id":"KUB352001099","name":"동방","short_no":"1106","date":"2025-10-31","bis":"경주BIS"}},{"type":"Feature","geometry":{"type":"Point","coordinates":[129.2569313,35.81032291]},"properties":{"stop_id":"KUB352001100","name":"뒷골마을","short_no":"1116","date":"2025-10-31","bis":"경주BIS"}},{"type":"Feature","geometry":{"type":"Point","coordinates":[129.2530167,35.81373333]},"properties":{"stop_id":"KUB352001101","name":"장골마을","short_no":"1293","date":"2025-10-31","bis":"경주BIS"}},{"type":"Feature","geometry":{"type":"Point","coordinates":[129.24885,35.8166]},"properties":{"stop_id":"KUB352001102","name":"능배반.신문왕릉","short_no":"1082","date":"2025-10-31","bis":"경주BIS"}},{"type":"Feature","geometry":{"type":"Point","coordinates":[129.4232667,35.67045]},"properties":{"stop_id":"KUB352001103","name":"상계마을","short_no":"2066","date":"2025-10-31","bis":"경주BIS"}},{"type":"Feature","geometry":{"type":"Point","coordinates":[129.4355333,35.66585]},"properties":{"stop_id":"KUB352001104","name":"신서마을","short_no":"2084","date":"2025-10-31","bis":"경주BIS"}},{"type":"Feature","geometry":{"type":"Point","coordinates":[129.4499833,35.66426667]},"properties":{"stop_id":"KUB352001105","name":"관성","short_no":"2014","date":"2025-10-31","bis":"경주BIS"}},{"type":"Feature","geometry":{"type":"Point","coordinates":[129.4626,35.6665]},"properties":{"stop_id":"KUB352001106","name":"수렴마을","short_no":"2082","date":"2025-10-31","bis":"경주BIS"}},{"type":"Feature","geometry":{"type":"Point","coordinates":[129.43785,35.7397]},"properties":{"stop_id":"KUB352001107","name":"윗상라","short_no":"2131","date":"2025-10-31","bis":"경주BIS"}},{"type":"Feature","geometry":{"type":"Point","coordinates":[129.4433167,35.731]},"properties":{"stop_id":"KUB352001108","name":"아랫상라","short_no":"2088","date":"2025-10-31","bis":"경주BIS"}},{"type":"Feature","geometry":{"type":"Point","coordinates":[129.4599833,35.71013333]},"properties":{"stop_id":"KUB352001109","name":"나산교","short_no":"2024","date":"2025-10-31","bis":"경주BIS"}},{"type":"Feature","geometry":{"type":"Point","coordinates":[129.463,35.67105]},"properties":{"stop_id":"KUB352001112","name":"양남","short_no":"2096","date":"2025-10-31","bis":"경주BIS"}},{"type":"Feature","geometry":{"type":"Point","coordinates":[129.4710335,35.69926049]},"properties":{"stop_id":"KUB352001113","name":"나아교회건너.맘스터치.나아리","short_no":"2028","date":"2025-10-31","bis":"경주BIS"}},{"type":"Feature","geometry":{"type":"Point","coordinates":[129.4731833,35.69681667]},"properties":{"stop_id":"KUB352001114","name":"월성원자력사택","short_no":"2128","date":"2025-10-31","bis":"경주BIS"}},{"type":"Feature","geometry":{"type":"Point","coordinates":[129.4732305,35.69266743]},"properties":{"stop_id":"KUB352001115","name":"읍천","short_no":"2132","date":"2025-10-31","bis":"경주BIS"}},{"type":"Feature","geometry":{"type":"Point","coordinates":[129.4674833,35.6812]},"properties":{"stop_id":"KUB352001116","name":"진리","short_no":"2151","date":"2025-10-31","bis":"경주BIS"}},{"type":"Feature","geometry":{"type":"Point","coordinates":[129.4618,35.67778333]},"properties":{"stop_id":"KUB352001117","name":"양남면행정복지센터","short_no":"2099","date":"2025-10-31","bis":"경주BIS"}},{"type":"Feature","geometry":{"type":"Point","coordinates":[129.4635024,35.67065486]},"properties":{"stop_id":"KUB352001118","name":"양남종점","short_no":"2101","date":"2025-10-31","bis":"경주BIS"}},{"type":"Feature","geometry":{"type":"Point","coordinates":[129.461881,35.675815]},"properties":{"stop_id":"KUB352001119","name":"양남초등학교.양남119지역대","short_no":"2100","date":"2025-10-31","bis":"경주BIS"}},{"type":"Feature","geometry":{"type":"Point","coordinates":[129.4676117,35.68134972]},"properties":{"stop_id":"KUB352001120","name":"진리","short_no":"2152","date":"2025-10-31","bis":"경주BIS"}},{"type":"Feature","geometry":{"type":"Point","coordinates":[129.47295,35.69105]},"properties":{"stop_id":"KUB352001121","name":"읍천","short_no":"2133","date":"2025-10-31","bis":"경주BIS"}},{"type":"Feature","geometry":{"type":"Point","coordinates":[129.4729333,35.69683333]},"properties":{"stop_id":"KUB352001122","name":"원자력사택","short_no":"2126","date":"2025-10-31","bis":"경주BIS"}},{"type":"Feature","geometry":{"type":"Point","coordinates":[129.4703788,35.70034509]},"properties":{"stop_id":"KUB352001123","name":"나아.원자력발전소후문","short_no":"2026","date":"2025-10-31","bis":"경주BIS"}},{"type":"Feature","geometry":{"type":"Point","coordinates":[129.48345,35.73833333]},"properties":{"stop_id":"KUB352001126","name":"문무왕릉.봉길해수욕장","short_no":"2057","date":"2025-10-31","bis":"경주BIS"}},{"type":"Feature","geometry":{"type":"Point","coordinates":[129.254602,35.83226]},"properties":{"stop_id":"KUB352001127","name":"보문마을","short_no":"1147","date":"2025-10-31","bis":"경주BIS"}},{"type":"Feature","geometry":{"type":"Point","coordinates":[129.4936667,35.77803333]},"properties":{"stop_id":"KUB352001128","name":"나정리","short_no":"2030","date":"2025-10-31","bis":"경주BIS"}},{"type":"Feature","geometry":{"type":"Point","coordinates":[129.4917667,35.76036667]},"properties":{"stop_id":"KUB352001129","name":"대본1리","short_no":"2041","date":"2025-10-31","bis":"경주BIS"}},{"type":"Feature","geometry":{"type":"Point","coordinates":[129.4913,35.75445]},"properties":{"stop_id":"KUB352001130","name":"회곡리","short_no":"2177","date":"2025-10-31","bis":"경주BIS"}},{"type":"Feature","geometry":{"type":"Point","coordinates":[129.487463,35.747922]},"properties":{"stop_id":"KUB352001131","name":"대본3리","short_no":"2043","date":"2025-10-31","bis":"경주BIS"}},{"type":"Feature","geometry":{"type":"Point","coordinates":[129.4795116,35.74522623]},"properties":{"stop_id":"KUB352001132","name":"대종교입구","short_no":"2044","date":"2025-10-31","bis":"경주BIS"}},{"type":"Feature","geometry":{"type":"Point","coordinates":[129.4741291,35.74790866]},"properties":{"stop_id":"KUB352001134","name":"탑마을.감은사지","short_no":"2158","date":"2025-10-31","bis":"경주BIS"}},{"type":"Feature","geometry":{"type":"Point","coordinates":[129.4678969,35.75224768]},"properties":{"stop_id":"KUB352001135","name":"용당.구길리입구","short_no":"2116","date":"2025-10-31","bis":"경주BIS"}},{"type":"Feature","geometry":{"type":"Point","coordinates":[129.4591451,35.76064347]},"properties":{"stop_id":"KUB352001136","name":"용당.도장곡","short_no":"2118","date":"2025-10-31","bis":"경주BIS"}},{"type":"Feature","geometry":{"type":"Point","coordinates":[129.403834,35.74649021]},"properties":{"stop_id":"KUB352001137","name":"죽전.남정리회관","short_no":"2145","date":"2025-10-31","bis":"경주BIS"}},{"type":"Feature","geometry":{"type":"Point","coordinates":[129.4104667,35.75073333]},"properties":{"stop_id":"KUB352001138","name":"대림죽림정사","short_no":"2039","date":"2025-10-31","bis":"경주BIS"}},{"type":"Feature","geometry":{"type":"Point","coordinates":[129.4192167,35.75825]},"properties":{"stop_id":"KUB352001139","name":"고래마을","short_no":"2011","date":"2025-10-31","bis":"경주BIS"}},{"type":"Feature","geometry":{"type":"Point","coordinates":[129.4279167,35.7609]},"properties":{"stop_id":"KUB352001140","name":"송전리","short_no":"2079","date":"2025-10-31","bis":"경주BIS"}},{"type":"Feature","geometry":{"type":"Point","coordinates":[129.4306,35.76506667]},"properties":{"stop_id":"KUB352001141","name":"두산회관","short_no":"2050","date":"2025-10-31","bis":"경주BIS"}},{"type":"Feature","geometry":{"type":"Point","coordinates":[129.4372993,35.7668157]},"properties":{"stop_id":"KUB352001142","name":"양지마을","short_no":"2107","date":"2025-10-31","bis":"경주BIS"}},{"type":"Feature","geometry":{"type":"Point","coordinates":[129.43875,35.76716667]},"properties":{"stop_id":"KUB352001143","name":"장아골입구","short_no":"2134","date":"2025-10-31","bis":"경주BIS"}},{"type":"Feature","geometry":{"type":"Point","coordinates":[129.4502424,35.77040681]},"properties":{"stop_id":"KUB352001144","name":"중보들.두산입구","short_no":"2149","date":"2025-10-31","bis":"경주BIS"}},{"type":"Feature","geometry":{"type":"Point","coordinates":[129.4442333,35.77903333]},"properties":{"stop_id":"KUB352001145","name":"척현리","short_no":"2154","date":"2025-10-31","bis":"경주BIS"}},{"type":"Feature","geometry":{"type":"Point","coordinates":[129.4429333,35.78518333]},"properties":{"stop_id":"KUB352001146","name":"양북초중학교","short_no":"2105","date":"2025-10-31","bis":"경주BIS"}},{"type":"Feature","geometry":{"type":"Point","coordinates":[129.441311,35.789694]},"properties":{"stop_id":"KUB352001147","name":"어일시장앞","short_no":"2108","date":"2025-10-31","bis":"경주BIS"}},{"type":"Feature","geometry":{"type":"Point","coordinates":[129.441816,35.791385]},"properties":{"stop_id":"KUB352001148","name":"문무대왕면 행정복지센터","short_no":"2103","date":"2025-10-31","bis":"경주BIS"}},{"type":"Feature","geometry":{"type":"Point","coordinates":[129.4327907,35.83446404]},"properties":{"stop_id":"KUB352001149","name":"용두","short_no":"2124","date":"2025-10-31","bis":"경주BIS"}},{"type":"Feature","geometry":{"type":"Point","coordinates":[129.4320475,35.83097609]},"properties":{"stop_id":"KUB352001150","name":"중간마을","short_no":"2147","date":"2025-10-31","bis":"경주BIS"}},{"type":"Feature","geometry":{"type":"Point","coordinates":[129.4317994,35.82759285]},"properties":{"stop_id":"KUB352001151","name":"용동2리회관","short_no":"2121","date":"2025-10-31","bis":"경주BIS"}},{"type":"Feature","geometry":{"type":"Point","coordinates":[129.4318457,35.82299693]},"properties":{"stop_id":"KUB352001152","name":"불암마을","short_no":"2065","date":"2025-10-31","bis":"경주BIS"}},{"type":"Feature","geometry":{"type":"Point","coordinates":[129.4302127,35.81701157]},"properties":{"stop_id":"KUB352001153","name":"용동보건소","short_no":"2123","date":"2025-10-31","bis":"경주BIS"}},{"type":"Feature","geometry":{"type":"Point","coordinates":[129.433102,35.80451258]},"properties":{"stop_id":"KUB352001154","name":"굴바우","short_no":"2017","date":"2025-10-31","bis":"경주BIS"}},{"type":"Feature","geometry":{"type":"Point","coordinates":[129.4225,35.81581667]},"properties":{"stop_id":"KUB352001155","name":"하천","short_no":"2165","date":"2025-10-31","bis":"경주BIS"}},{"type":"Feature","geometry":{"type":"Point","coordinates":[129.41716,35.82219321]},"properties":{"stop_id":"KUB352001156","name":"한애마을","short_no":"2166","date":"2025-10-31","bis":"경주BIS"}},{"type":"Feature","geometry":{"type":"Point","coordinates":[129.4112453,35.83954816]},"properties":{"stop_id":"KUB352001157","name":"홍계북쭈골","short_no":"2169","date":"2025-10-31","bis":"경주BIS"}},{"type":"Feature","geometry":{"type":"Point","coordinates":[129.412072,35.8330828]},"properties":{"stop_id":"KUB352001158","name":"홍계다리","short_no":"2168","date":"2025-10-31","bis":"경주BIS"}},{"type":"Feature","geometry":{"type":"Point","coordinates":[129.4053167,35.8333]},"properties":{"stop_id":"KUB352001159","name":"기림사","short_no":"2021","date":"2025-10-31","bis":"경주BIS"}},{"type":"Feature","geometry":{"type":"Point","coordinates":[129.4063667,35.82818333]},"properties":{"stop_id":"KUB352001160","name":"당수나무","short_no":"2037","date":"2025-10-31","bis":"경주BIS"}},{"type":"Feature","geometry":{"type":"Point","coordinates":[129.4091167,35.82116667]},"properties":{"stop_id":"KUB352001161","name":"호암","short_no":"2167","date":"2025-10-31","bis":"경주BIS"}},{"type":"Feature","geometry":{"type":"Point","coordinates":[129.410133,35.810597]},"properties":{"stop_id":"KUB352001162","name":"야분입구","short_no":"2094","date":"2025-10-31","bis":"경주BIS"}},{"type":"Feature","geometry":{"type":"Point","coordinates":[129.4139833,35.80623333]},"properties":{"stop_id":"KUB352001163","name":"골굴암입구","short_no":"2012","date":"2025-10-31","bis":"경주BIS"}},{"type":"Feature","geometry":{"type":"Point","coordinates":[129.4195167,35.80415]},"properties":{"stop_id":"KUB352001164","name":"안동1리","short_no":"2091","date":"2025-10-31","bis":"경주BIS"}},{"type":"Feature","geometry":{"type":"Point","coordinates":[129.3495,35.79013333]},"properties":{"stop_id":"KUB352001165","name":"석굴암주차장","short_no":"1199","date":"2025-10-31","bis":"경주BIS"}},{"type":"Feature","geometry":{"type":"Point","coordinates":[129.2628,35.85121667]},"properties":{"stop_id":"KUB352001166","name":"북군동펜션마을.동궁원","short_no":"1153","date":"2025-10-31","bis":"경주BIS"}},{"type":"Feature","geometry":{"type":"Point","coordinates":[129.270151,35.857428]},"properties":{"stop_id":"KUB352001167","name":"켄싱턴리조트.한화콘도","short_no":"1330","date":"2025-10-31","bis":"경주BIS"}},{"type":"Feature","geometry":{"type":"Point","coordinates":[129.279124,35.851606]},"properties":{"stop_id":"KUB352001168","name":"수상공연장입구","short_no":"1367","date":"2025-10-31","bis":"경주BIS"}},{"type":"Feature","geometry":{"type":"Point","coordinates":[129.283884,35.846517]},"properties":{"stop_id":"KUB352001169","name":"소노캄.코모도.콩코드호텔","short_no":"1085","date":"2025-10-31","bis":"경주BIS"}},{"type":"Feature","geometry":{"type":"Point","coordinates":[129.287603,35.844142]},"properties":{"stop_id":"KUB352001170","name":"경상북도 문화관광공사","short_no":"1145","date":"2025-10-31","bis":"경주BIS"}},{"type":"Feature","geometry":{"type":"Point","coordinates":[129.2892343,35.83899556]},"properties":{"stop_id":"KUB352001171","name":"힐튼호텔.KT수련원.하이코","short_no":"1393","date":"2025-10-31","bis":"경주BIS"}},{"type":"Feature","geometry":{"type":"Point","coordinates":[129.28434,35.834684]},"properties":{"stop_id":"KUB352001172","name":"경주월드.캘리포니아비치","short_no":"1035","date":"2025-10-31","bis":"경주BIS"}},{"type":"Feature","geometry":{"type":"Point","coordinates":[129.3066344,35.81280799]},"properties":{"stop_id":"KUB352001173","name":"하동점마을","short_no":"1356","date":"2025-10-31","bis":"경주BIS"}},{"type":"Feature","geometry":{"type":"Point","coordinates":[129.3075432,35.80846948]},"properties":{"stop_id":"KUB352001174","name":"하동분점마을","short_no":"1354","date":"2025-10-31","bis":"경주BIS"}},{"type":"Feature","geometry":{"type":"Point","coordinates":[129.3113875,35.80364808]},"properties":{"stop_id":"KUB352001175","name":"민속공예촌.신라역사과학관","short_no":"1129","date":"2025-10-31","bis":"경주BIS"}},{"type":"Feature","geometry":{"type":"Point","coordinates":[129.3136884,35.79717037]},"properties":{"stop_id":"KUB352001176","name":"하동큰마을","short_no":"1358","date":"2025-10-31","bis":"경주BIS"}},{"type":"Feature","geometry":{"type":"Point","coordinates":[129.3180717,35.7870346]},"properties":{"stop_id":"KUB352001177","name":"마동탑마을","short_no":"1123","date":"2025-10-31","bis":"경주BIS"}},{"type":"Feature","geometry":{"type":"Point","coordinates":[129.3176833,35.78543333]},"properties":{"stop_id":"KUB352001178","name":"코오롱삼거리","short_no":"1335","date":"2025-10-31","bis":"경주BIS"}},{"type":"Feature","geometry":{"type":"Point","coordinates":[129.313,35.78443333]},"properties":{"stop_id":"KUB352001179","name":"마동","short_no":"1121","date":"2025-10-31","bis":"경주BIS"}},{"type":"Feature","geometry":{"type":"Point","coordinates":[129.3052167,35.78236667]},"properties":{"stop_id":"KUB352001180","name":"구정2구","short_no":"1051","date":"2025-10-31","bis":"경주BIS"}},{"type":"Feature","geometry":{"type":"Point","coordinates":[129.3023667,35.78078333]},"properties":{"stop_id":"KUB352001181","name":"온천관광호텔","short_no":"1258","date":"2025-10-31","bis":"경주BIS"}},{"type":"Feature","geometry":{"type":"Point","coordinates":[129.2980333,35.7775]},"properties":{"stop_id":"KUB352001182","name":"불국로타리","short_no":"1164","date":"2025-10-31","bis":"경주BIS"}},{"type":"Feature","geometry":{"type":"Point","coordinates":[129.2825167,35.78331667]},"properties":{"stop_id":"KUB352001183","name":"조양마을입구","short_no":"1301","date":"2025-10-31","bis":"경주BIS"}},{"type":"Feature","geometry":{"type":"Point","coordinates":[129.2771513,35.78700711]},"properties":{"stop_id":"KUB352001184","name":"한국광고영상박물관","short_no":"1360","date":"2025-10-31","bis":"경주BIS"}},{"type":"Feature","geometry":{"type":"Point","coordinates":[129.4248167,35.7835]},"properties":{"stop_id":"GGB277102973","name":"동경주IC(미정차)","short_no":"0","date":"2025-10-31","bis":"경기BIS"}},{"type":"Feature","geometry":{"type":"Point","coordinates":[129.4247833,35.7825667]},"properties":{"stop_id":"GGB277102974","name":"동경주IC(미정차)","short_no":"0","date":"2025-10-31","bis":"경기BIS"}},{"type":"Feature","geometry":{"type":"Point","coordinates":[129.0849667,35.8439333]},"properties":{"stop_id":"GGB277101197","name":"건천IC(미정차)","short_no":"0","date":"2025-10-31","bis":"경기BIS"}},{"type":"Feature","geometry":{"type":"Point","coordinates":[129.0854667,35.8436167]},"properties":{"stop_id":"GGB277101198","name":"건천IC(미정차)","short_no":"0","date":"2025-10-31","bis":"경기BIS"}},{"type":"Feature","geometry":{"type":"Point","coordinates":[129.10915,35.8310667]},"properties":{"stop_id":"GGB277101199","name":"건천휴게소(미정차)","short_no":"0","date":"2025-10-31","bis":"경기BIS"}},{"type":"Feature","geometry":{"type":"Point","coordinates":[129.1091667,35.83085]},"properties":{"stop_id":"GGB277101200","name":"건천휴게소(미정차)","short_no":"0","date":"2025-10-31","bis":"경기BIS"}},{"type":"Feature","geometry":{"type":"Point","coordinates":[129.18465,35.8074833]},"properties":{"stop_id":"GGB277101201","name":"경주IC(미정차)","short_no":"0","date":"2025-10-31","bis":"경기BIS"}},{"type":"Feature","geometry":{"type":"Point","coordinates":[129.1854,35.8069167]},"properties":{"stop_id":"GGB277101202","name":"경주IC(미정차)","short_no":"0","date":"2025-10-31","bis":"경기BIS"}},{"type":"Feature","geometry":{"type":"Point","coordinates":[129.1902333,35.8099667]},"properties":{"stop_id":"GGB277101203","name":"경주TG(미정차)","short_no":"0","date":"2025-10-31","bis":"경기BIS"}},{"type":"Feature","geometry":{"type":"Point","coordinates":[129.1900833,35.8101667]},"properties":{"stop_id":"GGB277101204","name":"경주TG(미정차)","short_no":"0","date":"2025-10-31","bis":"경기BIS"}},{"type":"Feature","geometry":{"type":"Point","coordinates":[129.1939833,35.7238667]},"properties":{"stop_id":"GGB277101205","name":"경주휴게소(미정차)","short_no":"0","date":"2025-10-31","bis":"경기BIS"}},{"type":"Feature","geometry":{"type":"Point","coordinates":[129.2028,35.8399333]},"properties":{"stop_id":"GGB352500010","name":"경주시외버스터미널","short_no":"0","date":"2025-10-31","bis":"경기BIS"}},{"type":"Feature","geometry":{"type":"Point","coordinates":[129.2028,35.8398333]},"properties":{"stop_id":"GGB352500020","name":"경주시외버스터미널","short_no":"0","date":"2025-10-31","bis":"경기BIS"}},{"type":"Feature","geometry":{"type":"Point","coordinates":[129.207081,35.84844]},"properties":{"stop_id":"KUB352000001","name":"경동노회.보훈청","short_no":"1009","date":"2025-10-31","bis":"경주BIS"}},{"type":"Feature","geometry":{"type":"Point","coordinates":[129.2052459,35.87219445]},"properties":{"stop_id":"KUB352000002","name":"신흥아파트","short_no":"5194","date":"2025-10-31","bis":"경주BIS"}},{"type":"Feature","geometry":{"type":"Point","coordinates":[129.1960023,35.83697786]},"properties":{"stop_id":"KUB352000003","name":"경주여중건너편","short_no":"1026","date":"2025-10-31","bis":"경주BIS"}},{"type":"Feature","geometry":{"type":"Point","coordinates":[129.207302,35.834419]},"properties":{"stop_id":"KUB352000004","name":"여성복지회관","short_no":"1248","date":"2025-10-31","bis":"경주BIS"}},{"type":"Feature","geometry":{"type":"Point","coordinates":[129.250869,35.843014]},"properties":{"stop_id":"KUB352000005","name":"숲머리","short_no":"1217","date":"2025-10-31","bis":"경주BIS"}},{"type":"Feature","geometry":{"type":"Point","coordinates":[129.2885667,35.84096667]},"properties":{"stop_id":"KUB352000006","name":"보문정","short_no":"1002","date":"2025-10-31","bis":"경주BIS"}},{"type":"Feature","geometry":{"type":"Point","coordinates":[129.3971167,35.72888333]},"properties":{"stop_id":"KUB352000007","name":"효동2리늘밭마을","short_no":"2180","date":"2025-10-31","bis":"경주BIS"}},{"type":"Feature","geometry":{"type":"Point","coordinates":[129.3766472,35.73336161]},"properties":{"stop_id":"KUB352000008","name":"효동1리머듬마을","short_no":"2178","date":"2025-10-31","bis":"경주BIS"}},{"type":"Feature","geometry":{"type":"Point","coordinates":[129.1009167,35.84813333]},"properties":{"stop_id":"KUB352000009","name":"회춘당한약방","short_no":"3246","date":"2025-10-31","bis":"경주BIS"}},{"type":"Feature","geometry":{"type":"Point","coordinates":[129.4911167,35.7544]},"properties":{"stop_id":"KUB352000010","name":"회곡리","short_no":"2176","date":"2025-10-31","bis":"경주BIS"}},{"type":"Feature","geometry":{"type":"Point","coordinates":[129.3411,35.82348333]},"properties":{"stop_id":"KUB352000011","name":"황용","short_no":"1387","date":"2025-10-31","bis":"경주BIS"}},{"type":"Feature","geometry":{"type":"Point","coordinates":[129.4528167,35.68961667]},"properties":{"stop_id":"KUB352000012","name":"환서2리","short_no":"2175","date":"2025-10-31","bis":"경주BIS"}},{"type":"Feature","geometry":{"type":"Point","coordinates":[129.446868,35.694136]},"properties":{"stop_id":"KUB352000013","name":"환서1리","short_no":"2172","date":"2025-10-31","bis":"경주BIS"}},{"type":"Feature","geometry":{"type":"Point","coordinates":[129.141631,35.804836]},"properties":{"stop_id":"KUB352000014","name":"반도유보라","short_no":"3148","date":"2025-10-31","bis":"경주BIS"}},{"type":"Feature","geometry":{"type":"Point","coordinates":[129.142965,35.802091]},"properties":{"stop_id":"KUB352000015","name":"신전마을입구","short_no":"3175","date":"2025-10-31","bis":"경주BIS"}},{"type":"Feature","geometry":{"type":"Point","coordinates":[129.2716833,35.93015]},"properties":{"stop_id":"KUB352000017","name":"화산산업단지입구","short_no":"5336","date":"2025-10-31","bis":"경주BIS"}},{"type":"Feature","geometry":{"type":"Point","coordinates":[129.2811776,35.91242972]},"properties":{"stop_id":"KUB352000018","name":"화산3리입구","short_no":"5335","date":"2025-10-31","bis":"경주BIS"}},{"type":"Feature","geometry":{"type":"Point","coordinates":[129.2870532,35.9168317]},"properties":{"stop_id":"KUB352000019","name":"화산3리.나리마을입","short_no":"5331","date":"2025-10-31","bis":"경주BIS"}},{"type":"Feature","geometry":{"type":"Point","coordinates":[129.2849084,35.91485559]},"properties":{"stop_id":"KUB352000020","name":"화산2리.흥림마을","short_no":"5329","date":"2025-10-31","bis":"경주BIS"}},{"type":"Feature","geometry":{"type":"Point","coordinates":[129.2883667,35.9195]},"properties":{"stop_id":"KUB352000021","name":"화산2리.새터마을","short_no":"5327","date":"2025-10-31","bis":"경주BIS"}},{"type":"Feature","geometry":{"type":"Point","coordinates":[129.2891667,35.92435]},"properties":{"stop_id":"KUB352000022","name":"화산1리.보건소앞","short_no":"5325","date":"2025-10-31","bis":"경주BIS"}},{"type":"Feature","geometry":{"type":"Point","coordinates":[129.2332333,36.04315]},"properties":{"stop_id":"KUB352000023","name":"화룡사앞","short_no":"5322","date":"2025-10-31","bis":"경주BIS"}},{"type":"Feature","geometry":{"type":"Point","coordinates":[129.3888833,35.79746667]},"properties":{"stop_id":"KUB352000024","name":"화랑고등학교","short_no":"2170","date":"2025-10-31","bis":"경주BIS"}},{"type":"Feature","geometry":{"type":"Point","coordinates":[129.1690833,35.77983333]},"properties":{"stop_id":"KUB352000025","name":"화곡당수나무","short_no":"4211","date":"2025-10-31","bis":"경주BIS"}},{"type":"Feature","geometry":{"type":"Point","coordinates":[129.1634339,35.767975]},"properties":{"stop_id":"KUB352000026","name":"화곡2리","short_no":"4209","date":"2025-10-31","bis":"경주BIS"}},{"type":"Feature","geometry":{"type":"Point","coordinates":[129.16955,35.77625]},"properties":{"stop_id":"KUB352000027","name":"화곡1리","short_no":"4207","date":"2025-10-31","bis":"경주BIS"}},{"type":"Feature","geometry":{"type":"Point","coordinates":[129.0989,35.58261667]},"properties":{"stop_id":"KUB352000028","name":"상북중학교","short_no":"6052","date":"2025-10-31","bis":"경주BIS"}},{"type":"Feature","geometry":{"type":"Point","coordinates":[129.0966333,35.58551667]},"properties":{"stop_id":"KUB352000029","name":"향산","short_no":"6050","date":"2025-10-31","bis":"경주BIS"}},{"type":"Feature","geometry":{"type":"Point","coordinates":[129.121,35.8636]},"properties":{"stop_id":"KUB352000030","name":"한실.갈밭","short_no":"3238","date":"2025-10-31","bis":"경주BIS"}},{"type":"Feature","geometry":{"type":"Point","coordinates":[129.207,35.99463333]},"properties":{"stop_id":"KUB352000031","name":"한신.청실아파트","short_no":"5314","date":"2025-10-31","bis":"경주BIS"}},{"type":"Feature","geometry":{"type":"Point","coordinates":[129.1840664,35.99931863]},"properties":{"stop_id":"KUB352000032","name":"한동아파트","short_no":"5311","date":"2025-10-31","bis":"경주BIS"}},{"type":"Feature","geometry":{"type":"Point","coordinates":[129.1116,35.7686]},"properties":{"stop_id":"KUB352000033","name":"학동","short_no":"4205","date":"2025-10-31","bis":"경주BIS"}},{"type":"Feature","geometry":{"type":"Point","coordinates":[129.0124833,35.75378333]},"properties":{"stop_id":"KUB352000034","name":"하지리","short_no":"3236","date":"2025-10-31","bis":"경주BIS"}},{"type":"Feature","geometry":{"type":"Point","coordinates":[129.0098667,35.73486667]},"properties":{"stop_id":"KUB352000035","name":"하신","short_no":"3235","date":"2025-10-31","bis":"경주BIS"}},{"type":"Feature","geometry":{"type":"Point","coordinates":[129.4620006,35.6759834]},"properties":{"stop_id":"KUB352000036","name":"양남초등학교.양남119지역대","short_no":"2163","date":"2025-10-31","bis":"경주BIS"}},{"type":"Feature","geometry":{"type":"Point","coordinates":[129.2119167,35.74465]},"properties":{"stop_id":"KUB352000037","name":"하별래","short_no":"4202","date":"2025-10-31","bis":"경주BIS"}},{"type":"Feature","geometry":{"type":"Point","coordinates":[129.1419333,35.98611667]},"properties":{"stop_id":"KUB352000038","name":"하곡리회관","short_no":"5302","date":"2025-10-31","bis":"경주BIS"}},{"type":"Feature","geometry":{"type":"Point","coordinates":[129.02225,35.79821667]},"properties":{"stop_id":"KUB352000039","name":"하개태","short_no":"3232","date":"2025-10-31","bis":"경주BIS"}},{"type":"Feature","geometry":{"type":"Point","coordinates":[129.1990833,35.99458333]},"properties":{"stop_id":"KUB352000040","name":"풍산아파트","short_no":"5298","date":"2025-10-31","bis":"경주BIS"}},{"type":"Feature","geometry":{"type":"Point","coordinates":[129.2041833,35.99553333]},"properties":{"stop_id":"KUB352000041","name":"표충각","short_no":"5293","date":"2025-10-31","bis":"경주BIS"}},{"type":"Feature","geometry":{"type":"Point","coordinates":[129.2099167,35.8078]},"properties":{"stop_id":"KUB352000042","name":"포석정","short_no":"1352","date":"2025-10-31","bis":"경주BIS"}},{"type":"Feature","geometry":{"type":"Point","coordinates":[129.464,35.78566667]},"properties":{"stop_id":"KUB352000043","name":"팔조음지마을","short_no":"2162","date":"2025-10-31","bis":"경주BIS"}},{"type":"Feature","geometry":{"type":"Point","coordinates":[129.4693667,35.784]},"properties":{"stop_id":"KUB352000044","name":"팔조양지마을","short_no":"2159","date":"2025-10-31","bis":"경주BIS"}},{"type":"Feature","geometry":{"type":"Point","coordinates":[129.3369939,35.67045693]},"properties":{"stop_id":"KUB352000045","name":"효청보건고등학교","short_no":"4215","date":"2025-10-31","bis":"경주BIS"}},{"type":"Feature","geometry":{"type":"Point","coordinates":[129.07605,35.70968333]},"properties":{"stop_id":"KUB352000046","name":"태종하","short_no":"3230","date":"2025-10-31","bis":"경주BIS"}},{"type":"Feature","geometry":{"type":"Point","coordinates":[129.1364833,35.79433333]},"properties":{"stop_id":"KUB352000047","name":"태봉입구","short_no":"3228","date":"2025-10-31","bis":"경주BIS"}},{"type":"Feature","geometry":{"type":"Point","coordinates":[129.4743006,35.74820445]},"properties":{"stop_id":"KUB352000048","name":"탑마을","short_no":"2157","date":"2025-10-31","bis":"경주BIS"}},{"type":"Feature","geometry":{"type":"Point","coordinates":[129.1188333,35.86686667]},"properties":{"stop_id":"KUB352000049","name":"탑골마을","short_no":"3225","date":"2025-10-31","bis":"경주BIS"}},{"type":"Feature","geometry":{"type":"Point","coordinates":[129.2759167,35.75858333]},"properties":{"stop_id":"KUB352000050","name":"큰대일.시동마을","short_no":"1338","date":"2025-10-31","bis":"경주BIS"}},{"type":"Feature","geometry":{"type":"Point","coordinates":[129.3245333,35.78683333]},"properties":{"stop_id":"KUB352000051","name":"코오롱호텔","short_no":"1336","date":"2025-10-31","bis":"경주BIS"}},{"type":"Feature","geometry":{"type":"Point","coordinates":[129.4067,35.79376667]},"properties":{"stop_id":"KUB352000052","name":"축암","short_no":"2155","date":"2025-10-31","bis":"경주BIS"}},{"type":"Feature","geometry":{"type":"Point","coordinates":[129.3549645,35.81540555]},"properties":{"stop_id":"KUB352000053","name":"추원","short_no":"1327","date":"2025-10-31","bis":"경주BIS"}},{"type":"Feature","geometry":{"type":"Point","coordinates":[129.2333833,35.91838333]},"properties":{"stop_id":"KUB352000054","name":"청령","short_no":"5291","date":"2025-10-31","bis":"경주BIS"}},{"type":"Feature","geometry":{"type":"Point","coordinates":[129.1074167,35.57225]},"properties":{"stop_id":"KUB352000055","name":"청구골드아파트","short_no":"6048","date":"2025-10-31","bis":"경주BIS"}},{"type":"Feature","geometry":{"type":"Point","coordinates":[129.03425,35.8642]},"properties":{"stop_id":"KUB352000056","name":"천촌하구","short_no":"3221","date":"2025-10-31","bis":"경주BIS"}},{"type":"Feature","geometry":{"type":"Point","coordinates":[129.2679333,35.89568333]},"properties":{"stop_id":"KUB352000058","name":"천북.동산","short_no":"5286","date":"2025-10-31","bis":"경주BIS"}},{"type":"Feature","geometry":{"type":"Point","coordinates":[129.4443833,35.77931667]},"properties":{"stop_id":"KUB352000059","name":"척현리","short_no":"2153","date":"2025-10-31","bis":"경주BIS"}},{"type":"Feature","geometry":{"type":"Point","coordinates":[129.2783261,35.90541516]},"properties":{"stop_id":"KUB352000060","name":"소리못입구","short_no":"5171","date":"2025-10-31","bis":"경주BIS"}},{"type":"Feature","geometry":{"type":"Point","coordinates":[129.2916289,35.73145088]},"properties":{"stop_id":"KUB352000061","name":"지초마을","short_no":"4196","date":"2025-10-31","bis":"경주BIS"}},{"type":"Feature","geometry":{"type":"Point","coordinates":[129.0156156,35.82739732]},"properties":{"stop_id":"KUB352000062","name":"지경","short_no":"3218","date":"2025-10-31","bis":"경주BIS"}},{"type":"Feature","geometry":{"type":"Point","coordinates":[129.4503708,35.77045431]},"properties":{"stop_id":"KUB352000063","name":"중보들.두산입구","short_no":"2148","date":"2025-10-31","bis":"경주BIS"}},{"type":"Feature","geometry":{"type":"Point","coordinates":[129.4318759,35.83097885]},"properties":{"stop_id":"KUB352000064","name":"중간마을","short_no":"2146","date":"2025-10-31","bis":"경주BIS"}},{"type":"Feature","geometry":{"type":"Point","coordinates":[129.2202167,35.99288333]},"properties":{"stop_id":"KUB352000065","name":"제일초등학교","short_no":"5279","date":"2025-10-31","bis":"경주BIS"}},{"type":"Feature","geometry":{"type":"Point","coordinates":[129.2781667,35.72772269]},"properties":{"stop_id":"KUB352000066","name":"제네1리회관","short_no":"4192","date":"2025-10-31","bis":"경주BIS"}},{"type":"Feature","geometry":{"type":"Point","coordinates":[129.0525667,35.67323333]},"properties":{"stop_id":"KUB352000067","name":"정원숯불.중리","short_no":"3210","date":"2025-10-31","bis":"경주BIS"}},{"type":"Feature","geometry":{"type":"Point","coordinates":[129.0601833,35.73723333]},"properties":{"stop_id":"KUB352000068","name":"점태골","short_no":"3209","date":"2025-10-31","bis":"경주BIS"}},{"type":"Feature","geometry":{"type":"Point","coordinates":[129.061927,35.92054306]},"properties":{"stop_id":"KUB352000069","name":"점말","short_no":"3206","date":"2025-10-31","bis":"경주BIS"}},{"type":"Feature","geometry":{"type":"Point","coordinates":[129.4898167,35.78821667]},"properties":{"stop_id":"KUB352000070","name":"전촌삼거리","short_no":"2141","date":"2025-10-31","bis":"경주BIS"}},{"type":"Feature","geometry":{"type":"Point","coordinates":[129.4915167,35.79106667]},"properties":{"stop_id":"KUB352000071","name":"전촌교","short_no":"2139","date":"2025-10-31","bis":"경주BIS"}},{"type":"Feature","geometry":{"type":"Point","coordinates":[129.4921737,35.7966901]},"properties":{"stop_id":"KUB352000072","name":"전동고개","short_no":"2137","date":"2025-10-31","bis":"경주BIS"}},{"type":"Feature","geometry":{"type":"Point","coordinates":[129.3949695,35.79454663]},"properties":{"stop_id":"KUB352000073","name":"장항.한수원본사","short_no":"2135","date":"2025-10-31","bis":"경주BIS"}},{"type":"Feature","geometry":{"type":"Point","coordinates":[129.0865139,35.86564788]},"properties":{"stop_id":"KUB352000074","name":"장승마을","short_no":"3203","date":"2025-10-31","bis":"경주BIS"}},{"type":"Feature","geometry":{"type":"Point","coordinates":[129.0735333,35.6123]},"properties":{"stop_id":"KUB352000075","name":"장성","short_no":"6043","date":"2025-10-31","bis":"경주BIS"}},{"type":"Feature","geometry":{"type":"Point","coordinates":[129.2063833,35.7485]},"properties":{"stop_id":"KUB352000076","name":"이조3리","short_no":"4186","date":"2025-10-31","bis":"경주BIS"}},{"type":"Feature","geometry":{"type":"Point","coordinates":[129.1978,35.75041667]},"properties":{"stop_id":"KUB352000077","name":"이조","short_no":"4182","date":"2025-10-31","bis":"경주BIS"}},{"type":"Feature","geometry":{"type":"Point","coordinates":[129.1818167,35.79865]},"properties":{"stop_id":"KUB352000078","name":"율동초등학교앞","short_no":"1290","date":"2025-10-31","bis":"경주BIS"}},{"type":"Feature","geometry":{"type":"Point","coordinates":[129.17825,35.79503333]},"properties":{"stop_id":"KUB352000079","name":"율동못안","short_no":"1287","date":"2025-10-31","bis":"경주BIS"}},{"type":"Feature","geometry":{"type":"Point","coordinates":[129.1818343,35.80189307]},"properties":{"stop_id":"KUB352000080","name":"율동마을","short_no":"1285","date":"2025-10-31","bis":"경주BIS"}},{"type":"Feature","geometry":{"type":"Point","coordinates":[129.2264,36.0186]},"properties":{"stop_id":"KUB352000081","name":"육통입구","short_no":"5270","date":"2025-10-31","bis":"경주BIS"}},{"type":"Feature","geometry":{"type":"Point","coordinates":[129.1987226,35.79894657]},"properties":{"stop_id":"KUB352000082","name":"배동삼거리","short_no":"1282","date":"2025-10-31","bis":"경주BIS"}},{"type":"Feature","geometry":{"type":"Point","coordinates":[129.0518667,35.67506667]},"properties":{"stop_id":"KUB352000083","name":"윗중리","short_no":"3199","date":"2025-10-31","bis":"경주BIS"}},{"type":"Feature","geometry":{"type":"Point","coordinates":[129.0572539,35.69230192]},"properties":{"stop_id":"KUB352000084","name":"윗동골","short_no":"3195","date":"2025-10-31","bis":"경주BIS"}},{"type":"Feature","geometry":{"type":"Point","coordinates":[129.3895333,35.72701667]},"properties":{"stop_id":"KUB352000085","name":"월천마을","short_no":"2130","date":"2025-10-31","bis":"경주BIS"}},{"type":"Feature","geometry":{"type":"Point","coordinates":[129.4160833,35.70733333]},"properties":{"stop_id":"KUB352000086","name":"새마을","short_no":"2069","date":"2025-10-31","bis":"경주BIS"}},{"type":"Feature","geometry":{"type":"Point","coordinates":[129.2325305,35.84748807]},"properties":{"stop_id":"KUB352000087","name":"월성맨션","short_no":"1281","date":"2025-10-31","bis":"경주BIS"}},{"type":"Feature","geometry":{"type":"Point","coordinates":[129.27315,35.9383]},"properties":{"stop_id":"KUB352000088","name":"천북산업단지사거리","short_no":"5288","date":"2025-10-31","bis":"경주BIS"}},{"type":"Feature","geometry":{"type":"Point","coordinates":[129.0307,35.75805]},"properties":{"stop_id":"KUB352000089","name":"원두","short_no":"3190","date":"2025-10-31","bis":"경주BIS"}},{"type":"Feature","geometry":{"type":"Point","coordinates":[129.2961667,35.74978333]},"properties":{"stop_id":"KUB352000090","name":"원동구판장","short_no":"4177","date":"2025-10-31","bis":"경주BIS"}},{"type":"Feature","geometry":{"type":"Point","coordinates":[129.1972728,36.00424887]},"properties":{"stop_id":"KUB352000091","name":"우방아파트","short_no":"5261","date":"2025-10-31","bis":"경주BIS"}},{"type":"Feature","geometry":{"type":"Point","coordinates":[129.0232597,35.83650601]},"properties":{"stop_id":"KUB352000092","name":"우라2리","short_no":"3185","date":"2025-10-31","bis":"경주BIS"}},{"type":"Feature","geometry":{"type":"Point","coordinates":[129.0132833,35.8116]},"properties":{"stop_id":"KUB352000093","name":"우라1리","short_no":"3183","date":"2025-10-31","bis":"경주BIS"}},{"type":"Feature","geometry":{"type":"Point","coordinates":[129.1972101,35.76798564]},"properties":{"stop_id":"KUB352000094","name":"용장2리","short_no":"4165","date":"2025-10-31","bis":"경주BIS"}},{"type":"Feature","geometry":{"type":"Point","coordinates":[129.2052543,35.75134819]},"properties":{"stop_id":"KUB352000095","name":"용산","short_no":"4161","date":"2025-10-31","bis":"경주BIS"}},{"type":"Feature","geometry":{"type":"Point","coordinates":[129.227103,35.87653]},"properties":{"stop_id":"KUB352000096","name":"용강동대성주유소","short_no":"1268","date":"2025-10-31","bis":"경주BIS"}},{"type":"Feature","geometry":{"type":"Point","coordinates":[129.3275234,35.71424019]},"properties":{"stop_id":"KUB352000097","name":"외동읍면체육관입구","short_no":"4157","date":"2025-10-31","bis":"경주BIS"}},{"type":"Feature","geometry":{"type":"Point","coordinates":[129.4318833,35.80036667]},"properties":{"stop_id":"KUB352000098","name":"와읍","short_no":"2115","date":"2025-10-31","bis":"경주BIS"}},{"type":"Feature","geometry":{"type":"Point","coordinates":[129.01045,35.76295]},"properties":{"stop_id":"KUB352000099","name":"옻밭","short_no":"3180","date":"2025-10-31","bis":"경주BIS"}},{"type":"Feature","geometry":{"type":"Point","coordinates":[129.4300578,35.8170118]},"properties":{"stop_id":"KUB352000100","name":"용동보건소","short_no":"2122","date":"2025-10-31","bis":"경주BIS"}},{"type":"Feature","geometry":{"type":"Point","coordinates":[129.2320333,35.95186667]},"properties":{"stop_id":"KUB352000101","name":"옥곡","short_no":"5249","date":"2025-10-31","bis":"경주BIS"}},{"type":"Feature","geometry":{"type":"Point","coordinates":[129.4543667,35.68621667]},"properties":{"stop_id":"KUB352000102","name":"오리골마을","short_no":"2113","date":"2025-10-31","bis":"경주BIS"}},{"type":"Feature","geometry":{"type":"Point","coordinates":[129.2102667,35.87561667]},"properties":{"stop_id":"KUB352000103","name":"오류2리","short_no":"5242","date":"2025-10-31","bis":"경주BIS"}},{"type":"Feature","geometry":{"type":"Point","coordinates":[129.29565,35.75496667]},"properties":{"stop_id":"KUB352000104","name":"영지","short_no":"4150","date":"2025-10-31","bis":"경주BIS"}},{"type":"Feature","geometry":{"type":"Point","coordinates":[129.3205667,35.72641667]},"properties":{"stop_id":"KUB352000105","name":"연안사거리","short_no":"4147","date":"2025-10-31","bis":"경주BIS"}},{"type":"Feature","geometry":{"type":"Point","coordinates":[129.1147,35.56878333]},"properties":{"stop_id":"KUB352000106","name":"언양성당","short_no":"6039","date":"2025-10-31","bis":"경주BIS"}},{"type":"Feature","geometry":{"type":"Point","coordinates":[129.44055,35.79375]},"properties":{"stop_id":"KUB352000107","name":"어일정류소","short_no":"2110","date":"2025-10-31","bis":"경주BIS"}},{"type":"Feature","geometry":{"type":"Point","coordinates":[129.441629,35.789633]},"properties":{"stop_id":"KUB352000108","name":"어일시장앞","short_no":"2109","date":"2025-10-31","bis":"경주BIS"}},{"type":"Feature","geometry":{"type":"Point","coordinates":[129.4372899,35.7666581]},"properties":{"stop_id":"KUB352000109","name":"양지마을","short_no":"2106","date":"2025-10-31","bis":"경주BIS"}},{"type":"Feature","geometry":{"type":"Point","coordinates":[129.2276333,36.00005]},"properties":{"stop_id":"KUB352000110","name":"양월2리","short_no":"5226","date":"2025-10-31","bis":"경주BIS"}},{"type":"Feature","geometry":{"type":"Point","coordinates":[129.4430833,35.78525]},"properties":{"stop_id":"KUB352000111","name":"양북초중학교","short_no":"2104","date":"2025-10-31","bis":"경주BIS"}},{"type":"Feature","geometry":{"type":"Point","coordinates":[129.441785,35.791284]},"properties":{"stop_id":"KUB352000112","name":"문무대왕면 행정복지센터","short_no":"2102","date":"2025-10-31","bis":"경주BIS"}},{"type":"Feature","geometry":{"type":"Point","coordinates":[129.2537995,35.99477443]},"properties":{"stop_id":"KUB352000113","name":"양동민속마을","short_no":"5217","date":"2025-10-31","bis":"경주BIS"}},{"type":"Feature","geometry":{"type":"Point","coordinates":[129.0815167,35.6009]},"properties":{"stop_id":"KUB352000114","name":"양동","short_no":"6038","date":"2025-10-31","bis":"경주BIS"}},{"type":"Feature","geometry":{"type":"Point","coordinates":[129.164752,36.007979]},"properties":{"stop_id":"KUB352000116","name":"옥산2리.옥산서원","short_no":"5251","date":"2025-10-31","bis":"경주BIS"}},{"type":"Feature","geometry":{"type":"Point","coordinates":[129.4631333,35.67115]},"properties":{"stop_id":"KUB352000117","name":"양남","short_no":"2095","date":"2025-10-31","bis":"경주BIS"}},{"type":"Feature","geometry":{"type":"Point","coordinates":[129.3140333,35.86203333]},"properties":{"stop_id":"KUB352000118","name":"암곡마을","short_no":"1242","date":"2025-10-31","bis":"경주BIS"}},{"type":"Feature","geometry":{"type":"Point","coordinates":[129.4216,35.79835]},"properties":{"stop_id":"KUB352000119","name":"안동2리,성편","short_no":"2092","date":"2025-10-31","bis":"경주BIS"}},{"type":"Feature","geometry":{"type":"Point","coordinates":[129.42345,35.80273333]},"properties":{"stop_id":"KUB352000120","name":"안동.기림사.골굴사입구","short_no":"2089","date":"2025-10-31","bis":"경주BIS"}},{"type":"Feature","geometry":{"type":"Point","coordinates":[129.4316631,35.8275635]},"properties":{"stop_id":"KUB352000121","name":"용동2리회관","short_no":"2120","date":"2025-10-31","bis":"경주BIS"}},{"type":"Feature","geometry":{"type":"Point","coordinates":[129.2153,35.9935]},"properties":{"stop_id":"KUB352000122","name":"안강LH아파트","short_no":"5210","date":"2025-10-31","bis":"경주BIS"}},{"type":"Feature","geometry":{"type":"Point","coordinates":[129.1705833,36.00086667]},"properties":{"stop_id":"KUB352000123","name":"옥산3리","short_no":"5253","date":"2025-10-31","bis":"경주BIS"}},{"type":"Feature","geometry":{"type":"Point","coordinates":[129.2113623,35.99401653]},"properties":{"stop_id":"KUB352000124","name":"경주예일고","short_no":"5205","date":"2025-10-31","bis":"경주BIS"}},{"type":"Feature","geometry":{"type":"Point","coordinates":[129.2263,36.02183333]},"properties":{"stop_id":"KUB352000125","name":"경주안전체험관","short_no":"5199","date":"2025-10-31","bis":"경주BIS"}},{"type":"Feature","geometry":{"type":"Point","coordinates":[129.2284224,35.99343564]},"properties":{"stop_id":"KUB352000126","name":"안강동부정류장","short_no":"5197","date":"2025-10-31","bis":"경주BIS"}},{"type":"Feature","geometry":{"type":"Point","coordinates":[129.0542333,35.89083333]},"properties":{"stop_id":"KUB352000127","name":"아화삼거리","short_no":"3162","date":"2025-10-31","bis":"경주BIS"}},{"type":"Feature","geometry":{"type":"Point","coordinates":[129.05035,35.89313333]},"properties":{"stop_id":"KUB352000128","name":"아화정류장","short_no":"3164","date":"2025-10-31","bis":"경주BIS"}},{"type":"Feature","geometry":{"type":"Point","coordinates":[129.2254333,35.89845]},"properties":{"stop_id":"KUB352000129","name":"아진아파트","short_no":"5195","date":"2025-10-31","bis":"경주BIS"}},{"type":"Feature","geometry":{"type":"Point","coordinates":[129.4432167,35.73091667]},"properties":{"stop_id":"KUB352000130","name":"아랫상라","short_no":"2087","date":"2025-10-31","bis":"경주BIS"}},{"type":"Feature","geometry":{"type":"Point","coordinates":[129.1103833,35.82335]},"properties":{"stop_id":"KUB352000131","name":"아랫마을","short_no":"3158","date":"2025-10-31","bis":"경주BIS"}},{"type":"Feature","geometry":{"type":"Point","coordinates":[129.0128924,35.71616923]},"properties":{"stop_id":"KUB352000132","name":"심천","short_no":"3157","date":"2025-10-31","bis":"경주BIS"}},{"type":"Feature","geometry":{"type":"Point","coordinates":[129.0531701,35.9039507]},"properties":{"stop_id":"KUB352000133","name":"심곡못밑","short_no":"3154","date":"2025-10-31","bis":"경주BIS"}},{"type":"Feature","geometry":{"type":"Point","coordinates":[129.0500209,35.89932915]},"properties":{"stop_id":"KUB352000134","name":"심곡","short_no":"3152","date":"2025-10-31","bis":"경주BIS"}},{"type":"Feature","geometry":{"type":"Point","coordinates":[129.2050167,35.7746]},"properties":{"stop_id":"KUB352000135","name":"내남파출소","short_no":"4174","date":"2025-10-31","bis":"경주BIS"}},{"type":"Feature","geometry":{"type":"Point","coordinates":[129.0943833,35.85798333]},"properties":{"stop_id":"KUB352000137","name":"신평입구","short_no":"3150","date":"2025-10-31","bis":"경주BIS"}},{"type":"Feature","geometry":{"type":"Point","coordinates":[129.1826664,35.75145355]},"properties":{"stop_id":"KUB352000138","name":"신을마을입구","short_no":"4142","date":"2025-10-31","bis":"경주BIS"}},{"type":"Feature","geometry":{"type":"Point","coordinates":[129.0105167,35.761]},"properties":{"stop_id":"KUB352000139","name":"신원","short_no":"3146","date":"2025-10-31","bis":"경주BIS"}},{"type":"Feature","geometry":{"type":"Point","coordinates":[129.4354667,35.66573333]},"properties":{"stop_id":"KUB352000140","name":"신서마을","short_no":"2083","date":"2025-10-31","bis":"경주BIS"}},{"type":"Feature","geometry":{"type":"Point","coordinates":[129.2413167,35.89038333]},"properties":{"stop_id":"KUB352000141","name":"신라공고정문","short_no":"5189","date":"2025-10-31","bis":"경주BIS"}},{"type":"Feature","geometry":{"type":"Point","coordinates":[129.2569667,35.90018333]},"properties":{"stop_id":"KUB352000142","name":"신당3리입구","short_no":"5187","date":"2025-10-31","bis":"경주BIS"}},{"type":"Feature","geometry":{"type":"Point","coordinates":[129.22345,35.93773333]},"properties":{"stop_id":"KUB352000143","name":"신기동","short_no":"5179","date":"2025-10-31","bis":"경주BIS"}},{"type":"Feature","geometry":{"type":"Point","coordinates":[129.1352333,35.79263333]},"properties":{"stop_id":"KUB352000144","name":"신기","short_no":"3144","date":"2025-10-31","bis":"경주BIS"}},{"type":"Feature","geometry":{"type":"Point","coordinates":[129.140488,35.79895]},"properties":{"stop_id":"KUB352000145","name":"경주역(KTX)","short_no":"3143","date":"2025-10-31","bis":"경주BIS"}},{"type":"Feature","geometry":{"type":"Point","coordinates":[129.3354,35.82365]},"properties":{"stop_id":"KUB352000146","name":"시부걸","short_no":"1222","date":"2025-10-31","bis":"경주BIS"}},{"type":"Feature","geometry":{"type":"Point","coordinates":[129.2879667,35.76983333]},"properties":{"stop_id":"KUB352000147","name":"시래마을","short_no":"1221","date":"2025-10-31","bis":"경주BIS"}},{"type":"Feature","geometry":{"type":"Point","coordinates":[129.0689667,35.72173333]},"properties":{"stop_id":"KUB352000148","name":"시다하","short_no":"3138","date":"2025-10-31","bis":"경주BIS"}},{"type":"Feature","geometry":{"type":"Point","coordinates":[129.0733833,35.71608333]},"properties":{"stop_id":"KUB352000149","name":"시다","short_no":"3136","date":"2025-10-31","bis":"경주BIS"}},{"type":"Feature","geometry":{"type":"Point","coordinates":[129.2963919,35.74141785]},"properties":{"stop_id":"KUB352000150","name":"순지회관","short_no":"4134","date":"2025-10-31","bis":"경주BIS"}},{"type":"Feature","geometry":{"type":"Point","coordinates":[129.4626667,35.66636667]},"properties":{"stop_id":"KUB352000151","name":"수렴마을","short_no":"2081","date":"2025-10-31","bis":"경주BIS"}},{"type":"Feature","geometry":{"type":"Point","coordinates":[129.428,35.76083333]},"properties":{"stop_id":"KUB352000152","name":"송전리","short_no":"2080","date":"2025-10-31","bis":"경주BIS"}},{"type":"Feature","geometry":{"type":"Point","coordinates":[129.1785,35.89101667]},"properties":{"stop_id":"KUB352000153","name":"소현1리","short_no":"5173","date":"2025-10-31","bis":"경주BIS"}},{"type":"Feature","geometry":{"type":"Point","coordinates":[129.4985054,35.79944258]},"properties":{"stop_id":"KUB352000154","name":"소바지","short_no":"2077","date":"2025-10-31","bis":"경주BIS"}},{"type":"Feature","geometry":{"type":"Point","coordinates":[129.30345,35.72998333]},"properties":{"stop_id":"KUB352000155","name":"세원회관","short_no":"4131","date":"2025-10-31","bis":"경주BIS"}},{"type":"Feature","geometry":{"type":"Point","coordinates":[129.2997833,35.73155]},"properties":{"stop_id":"KUB352000156","name":"세원삼거리","short_no":"4130","date":"2025-10-31","bis":"경주BIS"}},{"type":"Feature","geometry":{"type":"Point","coordinates":[129.4168,35.71165]},"properties":{"stop_id":"KUB352000158","name":"석촌마을","short_no":"2075","date":"2025-10-31","bis":"경주BIS"}},{"type":"Feature","geometry":{"type":"Point","coordinates":[129.4134,35.72675]},"properties":{"stop_id":"KUB352000159","name":"석읍","short_no":"2073","date":"2025-10-31","bis":"경주BIS"}},{"type":"Feature","geometry":{"type":"Point","coordinates":[129.3144555,35.67968543]},"properties":{"stop_id":"KUB352000160","name":"석계교","short_no":"4122","date":"2025-10-31","bis":"경주BIS"}},{"type":"Feature","geometry":{"type":"Point","coordinates":[129.30435,35.67571667]},"properties":{"stop_id":"KUB352000161","name":"석계1리회관","short_no":"4120","date":"2025-10-31","bis":"경주BIS"}},{"type":"Feature","geometry":{"type":"Point","coordinates":[129.0582833,35.72821667]},"properties":{"stop_id":"KUB352000162","name":"서편","short_no":"3123","date":"2025-10-31","bis":"경주BIS"}},{"type":"Feature","geometry":{"type":"Point","coordinates":[129.0380333,35.87606667]},"properties":{"stop_id":"KUB352000163","name":"서오중부","short_no":"3122","date":"2025-10-31","bis":"경주BIS"}},{"type":"Feature","geometry":{"type":"Point","coordinates":[129.0377667,35.87408333]},"properties":{"stop_id":"KUB352000164","name":"서오상구","short_no":"3119","date":"2025-10-31","bis":"경주BIS"}},{"type":"Feature","geometry":{"type":"Point","coordinates":[129.0410579,35.88256071]},"properties":{"stop_id":"KUB352000165","name":"서오1리","short_no":"3117","date":"2025-10-31","bis":"경주BIS"}},{"type":"Feature","geometry":{"type":"Point","coordinates":[129.2467024,35.89234564]},"properties":{"stop_id":"KUB352000166","name":"천북신당리","short_no":"5168","date":"2025-10-31","bis":"경주BIS"}},{"type":"Feature","geometry":{"type":"Point","coordinates":[129.278,35.7527]},"properties":{"stop_id":"KUB352000167","name":"샛대일","short_no":"1183","date":"2025-10-31","bis":"경주BIS"}},{"type":"Feature","geometry":{"type":"Point","coordinates":[129.22705,36.00313333]},"properties":{"stop_id":"KUB352000168","name":"새창마을","short_no":"5162","date":"2025-10-31","bis":"경주BIS"}},{"type":"Feature","geometry":{"type":"Point","coordinates":[129.193093,35.790343]},"properties":{"stop_id":"KUB352000169","name":"새마을아랫마을","short_no":"4117","date":"2025-10-31","bis":"경주BIS"}},{"type":"Feature","geometry":{"type":"Point","coordinates":[129.1888303,35.7829953]},"properties":{"stop_id":"KUB352000170","name":"새마을낚시터","short_no":"4115","date":"2025-10-31","bis":"경주BIS"}},{"type":"Feature","geometry":{"type":"Point","coordinates":[129.1967167,36.00176667]},"properties":{"stop_id":"KUB352000171","name":"새마을금고","short_no":"5159","date":"2025-10-31","bis":"경주BIS"}},{"type":"Feature","geometry":{"type":"Point","coordinates":[129.3042667,35.85418333]},"properties":{"stop_id":"KUB352000172","name":"새동네","short_no":"1181","date":"2025-10-31","bis":"경주BIS"}},{"type":"Feature","geometry":{"type":"Point","coordinates":[129.23105,35.9085]},"properties":{"stop_id":"KUB352000173","name":"새각단","short_no":"5157","date":"2025-10-31","bis":"경주BIS"}},{"type":"Feature","geometry":{"type":"Point","coordinates":[129.0218968,35.75479226]},"properties":{"stop_id":"KUB352000174","name":"상지리","short_no":"3113","date":"2025-10-31","bis":"경주BIS"}},{"type":"Feature","geometry":{"type":"Point","coordinates":[129.1746316,35.73968779]},"properties":{"stop_id":"KUB352000175","name":"상신3리","short_no":"4111","date":"2025-10-31","bis":"경주BIS"}},{"type":"Feature","geometry":{"type":"Point","coordinates":[129.1615167,35.74921667]},"properties":{"stop_id":"KUB352000176","name":"상신2리.귀계","short_no":"4109","date":"2025-10-31","bis":"경주BIS"}},{"type":"Feature","geometry":{"type":"Point","coordinates":[129.13805,35.74768333]},"properties":{"stop_id":"KUB352000177","name":"상신1리.청학동","short_no":"4107","date":"2025-10-31","bis":"경주BIS"}},{"type":"Feature","geometry":{"type":"Point","coordinates":[129.1522333,35.75026667]},"properties":{"stop_id":"KUB352000178","name":"상신1리.양지","short_no":"4105","date":"2025-10-31","bis":"경주BIS"}},{"type":"Feature","geometry":{"type":"Point","coordinates":[129.01155,35.73045]},"properties":{"stop_id":"KUB352000179","name":"상신","short_no":"3111","date":"2025-10-31","bis":"경주BIS"}},{"type":"Feature","geometry":{"type":"Point","coordinates":[129.0927333,35.58836667]},"properties":{"stop_id":"KUB352000180","name":"울산경의고등학교","short_no":"6033","date":"2025-10-31","bis":"경주BIS"}},{"type":"Feature","geometry":{"type":"Point","coordinates":[129.0888833,35.59145]},"properties":{"stop_id":"KUB352000181","name":"상북면행정복지센터","short_no":"6031","date":"2025-10-31","bis":"경주BIS"}},{"type":"Feature","geometry":{"type":"Point","coordinates":[129.0748833,35.61115]},"properties":{"stop_id":"KUB352000182","name":"상북농공단지","short_no":"6029","date":"2025-10-31","bis":"경주BIS"}},{"type":"Feature","geometry":{"type":"Point","coordinates":[129.2208667,35.7418]},"properties":{"stop_id":"KUB352000183","name":"상별래","short_no":"4103","date":"2025-10-31","bis":"경주BIS"}},{"type":"Feature","geometry":{"type":"Point","coordinates":[129.241659,35.847038]},"properties":{"stop_id":"KUB352000184","name":"상리마을.변전소","short_no":"1180","date":"2025-10-31","bis":"경주BIS"}},{"type":"Feature","geometry":{"type":"Point","coordinates":[129.154793,35.868614]},"properties":{"stop_id":"KUB352000185","name":"상구2리","short_no":"5155","date":"2025-10-31","bis":"경주BIS"}},{"type":"Feature","geometry":{"type":"Point","coordinates":[129.1596333,35.87726667]},"properties":{"stop_id":"KUB352000186","name":"상구1리","short_no":"5153","date":"2025-10-31","bis":"경주BIS"}},{"type":"Feature","geometry":{"type":"Point","coordinates":[129.0200333,35.80086667]},"properties":{"stop_id":"KUB352000187","name":"상개태","short_no":"3108","date":"2025-10-31","bis":"경주BIS"}},{"type":"Feature","geometry":{"type":"Point","coordinates":[129.0551833,35.63205]},"properties":{"stop_id":"KUB352000188","name":"삽제","short_no":"6028","date":"2025-10-31","bis":"경주BIS"}},{"type":"Feature","geometry":{"type":"Point","coordinates":[129.2544906,36.0157605]},"properties":{"stop_id":"KUB352000189","name":"삽실마을","short_no":"5150","date":"2025-10-31","bis":"경주BIS"}},{"type":"Feature","geometry":{"type":"Point","coordinates":[129.0506,35.68085]},"properties":{"stop_id":"KUB352000190","name":"삼창농원","short_no":"3106","date":"2025-10-31","bis":"경주BIS"}},{"type":"Feature","geometry":{"type":"Point","coordinates":[129.215918,35.871858]},"properties":{"stop_id":"KUB352000191","name":"삼익아파트","short_no":"1178","date":"2025-10-31","bis":"경주BIS"}},{"type":"Feature","geometry":{"type":"Point","coordinates":[129.0200667,35.78786667]},"properties":{"stop_id":"KUB352000193","name":"산재입구","short_no":"3104","date":"2025-10-31","bis":"경주BIS"}},{"type":"Feature","geometry":{"type":"Point","coordinates":[129.0199051,35.72339294]},"properties":{"stop_id":"KUB352000194","name":"산수","short_no":"3102","date":"2025-10-31","bis":"경주BIS"}},{"type":"Feature","geometry":{"type":"Point","coordinates":[129.1961667,35.99921667]},"properties":{"stop_id":"KUB352000195","name":"산대3리 회관앞","short_no":"5145","date":"2025-10-31","bis":"경주BIS"}},{"type":"Feature","geometry":{"type":"Point","coordinates":[129.04675,35.75393333]},"properties":{"stop_id":"KUB352000196","name":"의곡초등학교","short_no":"3100","date":"2025-10-31","bis":"경주BIS"}},{"type":"Feature","geometry":{"type":"Point","coordinates":[129.0455167,35.75733333]},"properties":{"stop_id":"KUB352000197","name":"산내정류소","short_no":"3098","date":"2025-10-31","bis":"경주BIS"}},{"type":"Feature","geometry":{"type":"Point","coordinates":[129.2722833,35.71055]},"properties":{"stop_id":"KUB352000198","name":"사일","short_no":"4100","date":"2025-10-31","bis":"경주BIS"}},{"type":"Feature","geometry":{"type":"Point","coordinates":[129.2296833,35.93825]},"properties":{"stop_id":"KUB352000199","name":"사방회관","short_no":"5139","date":"2025-10-31","bis":"경주BIS"}},{"type":"Feature","geometry":{"type":"Point","coordinates":[129.2278529,35.93794708]},"properties":{"stop_id":"KUB352000200","name":"사방초등학교","short_no":"5137","date":"2025-10-31","bis":"경주BIS"}},{"type":"Feature","geometry":{"type":"Point","coordinates":[129.2323527,35.93816617]},"properties":{"stop_id":"KUB352000201","name":"사방역","short_no":"5133","date":"2025-10-31","bis":"경주BIS"}},{"type":"Feature","geometry":{"type":"Point","coordinates":[129.2318333,35.92983333]},"properties":{"stop_id":"KUB352000202","name":"사방다리목","short_no":"5131","date":"2025-10-31","bis":"경주BIS"}},{"type":"Feature","geometry":{"type":"Point","coordinates":[129.0729199,35.89103952]},"properties":{"stop_id":"KUB352000203","name":"사라리","short_no":"3096","date":"2025-10-31","bis":"경주BIS"}},{"type":"Feature","geometry":{"type":"Point","coordinates":[129.10815,35.76915]},"properties":{"stop_id":"KUB352000204","name":"비지마을","short_no":"4097","date":"2025-10-31","bis":"경주BIS"}},{"type":"Feature","geometry":{"type":"Point","coordinates":[129.4316744,35.8230087]},"properties":{"stop_id":"KUB352000205","name":"불암마을","short_no":"2064","date":"2025-10-31","bis":"경주BIS"}},{"type":"Feature","geometry":{"type":"Point","coordinates":[129.256416,35.845852]},"properties":{"stop_id":"KUB352000206","name":"북군삼거리","short_no":"1156","date":"2025-10-31","bis":"경주BIS"}},{"type":"Feature","geometry":{"type":"Point","coordinates":[129.1936992,35.76090252]},"properties":{"stop_id":"KUB352000207","name":"부지2리","short_no":"4094","date":"2025-10-31","bis":"경주BIS"}},{"type":"Feature","geometry":{"type":"Point","coordinates":[129.195475,35.76641221]},"properties":{"stop_id":"KUB352000208","name":"부지1리","short_no":"4092","date":"2025-10-31","bis":"경주BIS"}},{"type":"Feature","geometry":{"type":"Point","coordinates":[129.2847588,35.76787526]},"properties":{"stop_id":"KUB352000209","name":"보치보마을","short_no":"1149","date":"2025-10-31","bis":"경주BIS"}},{"type":"Feature","geometry":{"type":"Point","coordinates":[129.2354833,35.73725]},"properties":{"stop_id":"KUB352000210","name":"보광사","short_no":"4090","date":"2025-10-31","bis":"경주BIS"}},{"type":"Feature","geometry":{"type":"Point","coordinates":[129.23775,36.05158333]},"properties":{"stop_id":"KUB352000211","name":"베델기도원.달성교","short_no":"5129","date":"2025-10-31","bis":"경주BIS"}},{"type":"Feature","geometry":{"type":"Point","coordinates":[129.0548833,35.71823333]},"properties":{"stop_id":"KUB352000212","name":"범곡","short_no":"2058","date":"2025-10-31","bis":"경주BIS"}},{"type":"Feature","geometry":{"type":"Point","coordinates":[129.3750167,35.80096667]},"properties":{"stop_id":"KUB352000213","name":"범곡","short_no":"2061","date":"2025-10-31","bis":"경주BIS"}},{"type":"Feature","geometry":{"type":"Point","coordinates":[129.1289667,35.78666667]},"properties":{"stop_id":"KUB352000214","name":"백석","short_no":"3090","date":"2025-10-31","bis":"경주BIS"}},{"type":"Feature","geometry":{"type":"Point","coordinates":[129.226154,35.991986]},"properties":{"stop_id":"KUB352000215","name":"백년예식장","short_no":"5127","date":"2025-10-31","bis":"경주BIS"}},{"type":"Feature","geometry":{"type":"Point","coordinates":[129.1824975,35.80972683]},"properties":{"stop_id":"KUB352000216","name":"배바위","short_no":"1136","date":"2025-10-31","bis":"경주BIS"}},{"type":"Feature","geometry":{"type":"Point","coordinates":[129.28885,35.75716667]},"properties":{"stop_id":"KUB352000217","name":"방어리회관","short_no":"4084","date":"2025-10-31","bis":"경주BIS"}},{"type":"Feature","geometry":{"type":"Point","coordinates":[129.0235965,35.75937581]},"properties":{"stop_id":"KUB352000218","name":"방동","short_no":"3088","date":"2025-10-31","bis":"경주BIS"}},{"type":"Feature","geometry":{"type":"Point","coordinates":[129.1024482,35.82130991]},"properties":{"stop_id":"KUB352000219","name":"방내","short_no":"3086","date":"2025-10-31","bis":"경주BIS"}},{"type":"Feature","geometry":{"type":"Point","coordinates":[129.1676167,35.7835]},"properties":{"stop_id":"KUB352000220","name":"반자골","short_no":"4081","date":"2025-10-31","bis":"경주BIS"}},{"type":"Feature","geometry":{"type":"Point","coordinates":[129.1074333,35.72018333]},"properties":{"stop_id":"KUB352000221","name":"박달3리.괘밭","short_no":"4078","date":"2025-10-31","bis":"경주BIS"}},{"type":"Feature","geometry":{"type":"Point","coordinates":[129.1105833,35.7312]},"properties":{"stop_id":"KUB352000222","name":"박달2리.도진방","short_no":"4076","date":"2025-10-31","bis":"경주BIS"}},{"type":"Feature","geometry":{"type":"Point","coordinates":[129.129715,35.74759723]},"properties":{"stop_id":"KUB352000223","name":"박달1리.양삼","short_no":"4074","date":"2025-10-31","bis":"경주BIS"}},{"type":"Feature","geometry":{"type":"Point","coordinates":[129.0084558,35.77066512]},"properties":{"stop_id":"KUB352000224","name":"박다","short_no":"3084","date":"2025-10-31","bis":"경주BIS"}},{"type":"Feature","geometry":{"type":"Point","coordinates":[129.2530984,35.71811747]},"properties":{"stop_id":"KUB352000225","name":"바탕골","short_no":"4072","date":"2025-10-31","bis":"경주BIS"}},{"type":"Feature","geometry":{"type":"Point","coordinates":[129.093878,35.86928]},"properties":{"stop_id":"KUB352000226","name":"밀구","short_no":"3082","date":"2025-10-31","bis":"경주BIS"}},{"type":"Feature","geometry":{"type":"Point","coordinates":[129.2757927,35.87347711]},"properties":{"stop_id":"KUB352000228","name":"물천2리.목실","short_no":"5122","date":"2025-10-31","bis":"경주BIS"}},{"type":"Feature","geometry":{"type":"Point","coordinates":[129.1725,35.8449]},"properties":{"stop_id":"KUB352000229","name":"문화중고등학교입구","short_no":"1126","date":"2025-10-31","bis":"경주BIS"}},{"type":"Feature","geometry":{"type":"Point","coordinates":[129.00105,35.75176667]},"properties":{"stop_id":"KUB352000230","name":"문산기도원입구","short_no":"3080","date":"2025-10-31","bis":"경주BIS"}},{"type":"Feature","geometry":{"type":"Point","coordinates":[129.4836167,35.73835]},"properties":{"stop_id":"KUB352000231","name":"문무왕릉.봉길해수욕장","short_no":"2056","date":"2025-10-31","bis":"경주BIS"}},{"type":"Feature","geometry":{"type":"Point","coordinates":[129.1715333,35.90331667]},"properties":{"stop_id":"KUB352000232","name":"무과리","short_no":"5120","date":"2025-10-31","bis":"경주BIS"}},{"type":"Feature","geometry":{"type":"Point","coordinates":[129.1272833,35.82176667]},"properties":{"stop_id":"KUB352000233","name":"모량2리회관","short_no":"3073","date":"2025-10-31","bis":"경주BIS"}},{"type":"Feature","geometry":{"type":"Point","coordinates":[129.41505,35.71828333]},"properties":{"stop_id":"KUB352000234","name":"명대마을","short_no":"2055","date":"2025-10-31","bis":"경주BIS"}},{"type":"Feature","geometry":{"type":"Point","coordinates":[129.2373167,35.73058333]},"properties":{"stop_id":"KUB352000235","name":"명계1리","short_no":"4063","date":"2025-10-31","bis":"경주BIS"}},{"type":"Feature","geometry":{"type":"Point","coordinates":[129.1000333,35.57826667]},"properties":{"stop_id":"KUB352000236","name":"면허시험장","short_no":"6024","date":"2025-10-31","bis":"경주BIS"}},{"type":"Feature","geometry":{"type":"Point","coordinates":[129.1970335,35.77191554]},"properties":{"stop_id":"KUB352000237","name":"머수마을","short_no":"4061","date":"2025-10-31","bis":"경주BIS"}},{"type":"Feature","geometry":{"type":"Point","coordinates":[129.1695667,35.79043333]},"properties":{"stop_id":"KUB352000238","name":"망성1리","short_no":"4059","date":"2025-10-31","bis":"경주BIS"}},{"type":"Feature","geometry":{"type":"Point","coordinates":[129.3176667,35.7426]},"properties":{"stop_id":"KUB352000239","name":"말방입구","short_no":"4057","date":"2025-10-31","bis":"경주BIS"}},{"type":"Feature","geometry":{"type":"Point","coordinates":[129.328085,35.74613131]},"properties":{"stop_id":"KUB352000240","name":"말방2리회관","short_no":"4054","date":"2025-10-31","bis":"경주BIS"}},{"type":"Feature","geometry":{"type":"Point","coordinates":[129.28225,35.74243333]},"properties":{"stop_id":"KUB352000241","name":"말무덤","short_no":"4052","date":"2025-10-31","bis":"경주BIS"}},{"type":"Feature","geometry":{"type":"Point","coordinates":[129.5023123,35.80773329]},"properties":{"stop_id":"KUB352000242","name":"등대삼거리","short_no":"2052","date":"2025-10-31","bis":"경주BIS"}},{"type":"Feature","geometry":{"type":"Point","coordinates":[129.1446993,35.80821799]},"properties":{"stop_id":"KUB352000243","name":"뒤들","short_no":"3067","date":"2025-10-31","bis":"경주BIS"}},{"type":"Feature","geometry":{"type":"Point","coordinates":[129.2890167,35.75093333]},"properties":{"stop_id":"KUB352000244","name":"둔전마을","short_no":"4050","date":"2025-10-31","bis":"경주BIS"}},{"type":"Feature","geometry":{"type":"Point","coordinates":[129.4306333,35.76496667]},"properties":{"stop_id":"KUB352000245","name":"두산회관","short_no":"2051","date":"2025-10-31","bis":"경주BIS"}},{"type":"Feature","geometry":{"type":"Point","coordinates":[129.1521785,35.96870301]},"properties":{"stop_id":"KUB352000246","name":"두류2리회관","short_no":"5104","date":"2025-10-31","bis":"경주BIS"}},{"type":"Feature","geometry":{"type":"Point","coordinates":[129.1631,35.98001667]},"properties":{"stop_id":"KUB352000247","name":"두류1리회관","short_no":"5102","date":"2025-10-31","bis":"경주BIS"}},{"type":"Feature","geometry":{"type":"Point","coordinates":[129.0591167,35.73525]},"properties":{"stop_id":"KUB352000248","name":"동편","short_no":"3065","date":"2025-10-31","bis":"경주BIS"}},{"type":"Feature","geometry":{"type":"Point","coordinates":[129.2662167,35.89335]},"properties":{"stop_id":"KUB352000249","name":"동산2리.새각단","short_no":"5100","date":"2025-10-31","bis":"경주BIS"}},{"type":"Feature","geometry":{"type":"Point","coordinates":[129.2704846,35.89732853]},"properties":{"stop_id":"KUB352000250","name":"동산1리","short_no":"5097","date":"2025-10-31","bis":"경주BIS"}},{"type":"Feature","geometry":{"type":"Point","coordinates":[129.05235,35.68775]},"properties":{"stop_id":"KUB352000251","name":"동골","short_no":"3062","date":"2025-10-31","bis":"경주BIS"}},{"type":"Feature","geometry":{"type":"Point","coordinates":[129.1212,35.76871667]},"properties":{"stop_id":"KUB352000252","name":"돌고지","short_no":"4049","date":"2025-10-31","bis":"경주BIS"}},{"type":"Feature","geometry":{"type":"Point","coordinates":[129.198398,35.800448]},"properties":{"stop_id":"KUB352000253","name":"도초마을2호","short_no":"1100","date":"2025-10-31","bis":"경주BIS"}},{"type":"Feature","geometry":{"type":"Point","coordinates":[129.0756412,35.92156394]},"properties":{"stop_id":"KUB352000254","name":"도리보건소","short_no":"3059","date":"2025-10-31","bis":"경주BIS"}},{"type":"Feature","geometry":{"type":"Point","coordinates":[129.21315,35.88191667]},"properties":{"stop_id":"KUB352000255","name":"나원입구","short_no":"5059","date":"2025-10-31","bis":"경주BIS"}},{"type":"Feature","geometry":{"type":"Point","coordinates":[129.1751046,35.74870076]},"properties":{"stop_id":"KUB352000256","name":"덕천마을회관","short_no":"4047","date":"2025-10-31","bis":"경주BIS"}},{"type":"Feature","geometry":{"type":"Point","coordinates":[129.1856167,35.7457]},"properties":{"stop_id":"KUB352000257","name":"덕천2리.신을마을","short_no":"4044","date":"2025-10-31","bis":"경주BIS"}},{"type":"Feature","geometry":{"type":"Point","coordinates":[129.1749475,35.74844433]},"properties":{"stop_id":"KUB352000258","name":"덕천1리회관","short_no":"4043","date":"2025-10-31","bis":"경주BIS"}},{"type":"Feature","geometry":{"type":"Point","coordinates":[129.1802446,35.75001569]},"properties":{"stop_id":"KUB352000259","name":"덕천1리입구","short_no":"4040","date":"2025-10-31","bis":"경주BIS"}},{"type":"Feature","geometry":{"type":"Point","coordinates":[129.1765105,35.74486272]},"properties":{"stop_id":"KUB352000260","name":"덕천1리.왕동","short_no":"4038","date":"2025-10-31","bis":"경주BIS"}},{"type":"Feature","geometry":{"type":"Point","coordinates":[129.2658,35.88638333]},"properties":{"stop_id":"KUB352000261","name":"덕산마을","short_no":"5096","date":"2025-10-31","bis":"경주BIS"}},{"type":"Feature","geometry":{"type":"Point","coordinates":[129.310556,35.832433]},"properties":{"stop_id":"KUB352000262","name":"덕동댐","short_no":"1094","date":"2025-10-31","bis":"경주BIS"}},{"type":"Feature","geometry":{"type":"Point","coordinates":[129.3239333,35.82611667]},"properties":{"stop_id":"KUB352000263","name":"덕동교","short_no":"1093","date":"2025-10-31","bis":"경주BIS"}},{"type":"Feature","geometry":{"type":"Point","coordinates":[129.4139167,35.72141667]},"properties":{"stop_id":"KUB352000264","name":"대현마을","short_no":"2046","date":"2025-10-31","bis":"경주BIS"}},{"type":"Feature","geometry":{"type":"Point","coordinates":[129.05555,35.66926667]},"properties":{"stop_id":"KUB352000265","name":"대현3리C지구","short_no":"3052","date":"2025-10-31","bis":"경주BIS"}},{"type":"Feature","geometry":{"type":"Point","coordinates":[129.0593333,35.66306667]},"properties":{"stop_id":"KUB352000266","name":"대현4리B지구","short_no":"3051","date":"2025-10-31","bis":"경주BIS"}},{"type":"Feature","geometry":{"type":"Point","coordinates":[129.0648333,35.65416667]},"properties":{"stop_id":"KUB352000267","name":"대현4리A지구.외항","short_no":"3049","date":"2025-10-31","bis":"경주BIS"}},{"type":"Feature","geometry":{"type":"Point","coordinates":[129.4795713,35.74531879]},"properties":{"stop_id":"KUB352000268","name":"대종교입구","short_no":"2045","date":"2025-10-31","bis":"경주BIS"}},{"type":"Feature","geometry":{"type":"Point","coordinates":[129.484655,35.74566]},"properties":{"stop_id":"KUB352000269","name":"이견대","short_no":"2042","date":"2025-10-31","bis":"경주BIS"}},{"type":"Feature","geometry":{"type":"Point","coordinates":[129.4916833,35.76045]},"properties":{"stop_id":"KUB352000270","name":"대본1리","short_no":"2040","date":"2025-10-31","bis":"경주BIS"}},{"type":"Feature","geometry":{"type":"Point","coordinates":[129.410487,35.75061265]},"properties":{"stop_id":"KUB352000271","name":"대림죽림정사","short_no":"2038","date":"2025-10-31","bis":"경주BIS"}},{"type":"Feature","geometry":{"type":"Point","coordinates":[129.23395,35.96293333]},"properties":{"stop_id":"KUB352000272","name":"대동입구","short_no":"5091","date":"2025-10-31","bis":"경주BIS"}},{"type":"Feature","geometry":{"type":"Point","coordinates":[129.1219434,35.8535408]},"properties":{"stop_id":"KUB352000273","name":"대곡2리","short_no":"3044","date":"2025-10-31","bis":"경주BIS"}},{"type":"Feature","geometry":{"type":"Point","coordinates":[129.1221103,35.8473317]},"properties":{"stop_id":"KUB352000274","name":"대곡1리","short_no":"3043","date":"2025-10-31","bis":"경주BIS"}},{"type":"Feature","geometry":{"type":"Point","coordinates":[129.0768676,35.92867756]},"properties":{"stop_id":"KUB352000275","name":"당리","short_no":"3040","date":"2025-10-31","bis":"경주BIS"}},{"type":"Feature","geometry":{"type":"Point","coordinates":[129.2431167,36.0578]},"properties":{"stop_id":"KUB352000276","name":"달성사거리","short_no":"5088","date":"2025-10-31","bis":"경주BIS"}},{"type":"Feature","geometry":{"type":"Point","coordinates":[129.0212167,35.78963333]},"properties":{"stop_id":"KUB352000277","name":"다라곶","short_no":"3036","date":"2025-10-31","bis":"경주BIS"}},{"type":"Feature","geometry":{"type":"Point","coordinates":[129.1041667,35.57573333]},"properties":{"stop_id":"KUB352000278","name":"능산","short_no":"6020","date":"2025-10-31","bis":"경주BIS"}},{"type":"Feature","geometry":{"type":"Point","coordinates":[129.2659,35.897]},"properties":{"stop_id":"KUB352000279","name":"농협창고앞","short_no":"5076","date":"2025-10-31","bis":"경주BIS"}},{"type":"Feature","geometry":{"type":"Point","coordinates":[129.453229,35.79173689]},"properties":{"stop_id":"KUB352000280","name":"노동","short_no":"2033","date":"2025-10-31","bis":"경주BIS"}},{"type":"Feature","geometry":{"type":"Point","coordinates":[129.22915,36.03336667]},"properties":{"stop_id":"KUB352000281","name":"노당주유소","short_no":"5073","date":"2025-10-31","bis":"경주BIS"}},{"type":"Feature","geometry":{"type":"Point","coordinates":[129.2278333,36.02825]},"properties":{"stop_id":"KUB352000282","name":"노당2리.초제마을","short_no":"5071","date":"2025-10-31","bis":"경주BIS"}},{"type":"Feature","geometry":{"type":"Point","coordinates":[129.2303,36.03751667]},"properties":{"stop_id":"KUB352000283","name":"노당1리","short_no":"5069","date":"2025-10-31","bis":"경주BIS"}},{"type":"Feature","geometry":{"type":"Point","coordinates":[129.2282333,35.74105]},"properties":{"stop_id":"KUB352000284","name":"노곡2리","short_no":"4034","date":"2025-10-31","bis":"경주BIS"}},{"type":"Feature","geometry":{"type":"Point","coordinates":[129.2038167,35.73616667]},"properties":{"stop_id":"KUB352000285","name":"노곡1리","short_no":"4032","date":"2025-10-31","bis":"경주BIS"}},{"type":"Feature","geometry":{"type":"Point","coordinates":[129.3011167,35.71598333]},"properties":{"stop_id":"KUB352000286","name":"냉천세태마을","short_no":"4028","date":"2025-10-31","bis":"경주BIS"}},{"type":"Feature","geometry":{"type":"Point","coordinates":[129.2946167,35.70995]},"properties":{"stop_id":"KUB352000287","name":"냉천2리","short_no":"4026","date":"2025-10-31","bis":"경주BIS"}},{"type":"Feature","geometry":{"type":"Point","coordinates":[129.3050762,35.72054439]},"properties":{"stop_id":"KUB352000288","name":"냉천1리","short_no":"4024","date":"2025-10-31","bis":"경주BIS"}},{"type":"Feature","geometry":{"type":"Point","coordinates":[129.06915,35.76241667]},"properties":{"stop_id":"KUB352000290","name":"내일2리.소태","short_no":"3033","date":"2025-10-31","bis":"경주BIS"}},{"type":"Feature","geometry":{"type":"Point","coordinates":[129.199999,35.751282]},"properties":{"stop_id":"KUB352000292","name":"내남면사무소","short_no":"4023","date":"2025-10-31","bis":"경주BIS"}},{"type":"Feature","geometry":{"type":"Point","coordinates":[129.4970521,35.80490248]},"properties":{"stop_id":"KUB352000293","name":"남호비치타워","short_no":"2032","date":"2025-10-31","bis":"경주BIS"}},{"type":"Feature","geometry":{"type":"Point","coordinates":[129.1226167,35.56353333]},"properties":{"stop_id":"KUB352000294","name":"남천교","short_no":"6012","date":"2025-10-31","bis":"경주BIS"}},{"type":"Feature","geometry":{"type":"Point","coordinates":[129.1845172,35.75282272]},"properties":{"stop_id":"KUB352000295","name":"남성리마을입구","short_no":"4014","date":"2025-10-31","bis":"경주BIS"}},{"type":"Feature","geometry":{"type":"Point","coordinates":[129.49345,35.77796667]},"properties":{"stop_id":"KUB352000296","name":"나정리","short_no":"2029","date":"2025-10-31","bis":"경주BIS"}},{"type":"Feature","geometry":{"type":"Point","coordinates":[129.2030167,35.87023333]},"properties":{"stop_id":"KUB352000297","name":"나원초등학교","short_no":"5061","date":"2025-10-31","bis":"경주BIS"}},{"type":"Feature","geometry":{"type":"Point","coordinates":[129.214426,35.885512]},"properties":{"stop_id":"KUB352000299","name":"(구)나원역","short_no":"5057","date":"2025-10-31","bis":"경주BIS"}},{"type":"Feature","geometry":{"type":"Point","coordinates":[129.227,35.90316667]},"properties":{"stop_id":"KUB352000300","name":"나원산업","short_no":"5055","date":"2025-10-31","bis":"경주BIS"}},{"type":"Feature","geometry":{"type":"Point","coordinates":[129.21675,35.89316667]},"properties":{"stop_id":"KUB352000301","name":"나원사입구","short_no":"5053","date":"2025-10-31","bis":"경주BIS"}},{"type":"Feature","geometry":{"type":"Point","coordinates":[129.2254333,35.89415]},"properties":{"stop_id":"KUB352000302","name":"나원3리","short_no":"5051","date":"2025-10-31","bis":"경주BIS"}},{"type":"Feature","geometry":{"type":"Point","coordinates":[129.4705544,35.70040532]},"properties":{"stop_id":"KUB352000303","name":"나아.원자력발전소후문","short_no":"2027","date":"2025-10-31","bis":"경주BIS"}},{"type":"Feature","geometry":{"type":"Point","coordinates":[129.4198833,35.69973333]},"properties":{"stop_id":"KUB352000304","name":"기구마을","short_no":"2019","date":"2025-10-31","bis":"경주BIS"}},{"type":"Feature","geometry":{"type":"Point","coordinates":[129.2106333,35.97925]},"properties":{"stop_id":"KUB352000305","name":"근계2리회관","short_no":"5042","date":"2025-10-31","bis":"경주BIS"}},{"type":"Feature","geometry":{"type":"Point","coordinates":[129.08575,35.59696667]},"properties":{"stop_id":"KUB352000306","name":"궁평","short_no":"6008","date":"2025-10-31","bis":"경주BIS"}},{"type":"Feature","geometry":{"type":"Point","coordinates":[129.06715,35.61635]},"properties":{"stop_id":"KUB352000307","name":"궁근정","short_no":"6006","date":"2025-10-31","bis":"경주BIS"}},{"type":"Feature","geometry":{"type":"Point","coordinates":[129.4333333,35.80445]},"properties":{"stop_id":"KUB352000308","name":"굴바우","short_no":"2018","date":"2025-10-31","bis":"경주BIS"}},{"type":"Feature","geometry":{"type":"Point","coordinates":[129.0612333,35.74115]},"properties":{"stop_id":"KUB352000309","name":"국민청소년수련관","short_no":"3029","date":"2025-10-31","bis":"경주BIS"}},{"type":"Feature","geometry":{"type":"Point","coordinates":[129.3170833,35.6967]},"properties":{"stop_id":"KUB352000310","name":"구어1리회관","short_no":"4009","date":"2025-10-31","bis":"경주BIS"}},{"type":"Feature","geometry":{"type":"Point","coordinates":[129.290575,35.837399]},"properties":{"stop_id":"KUB352000311","name":"더케이호텔","short_no":"1091","date":"2025-10-31","bis":"경주BIS"}},{"type":"Feature","geometry":{"type":"Point","coordinates":[129.0031167,35.74738333]},"properties":{"stop_id":"KUB352000312","name":"괘일","short_no":"3027","date":"2025-10-31","bis":"경주BIS"}},{"type":"Feature","geometry":{"type":"Point","coordinates":[129.4500759,35.66412785]},"properties":{"stop_id":"KUB352000313","name":"관성","short_no":"2013","date":"2025-10-31","bis":"경주BIS"}},{"type":"Feature","geometry":{"type":"Point","coordinates":[129.0230667,35.78491667]},"properties":{"stop_id":"KUB352000314","name":"곧음터","short_no":"3025","date":"2025-10-31","bis":"경주BIS"}},{"type":"Feature","geometry":{"type":"Point","coordinates":[129.1054167,35.8217]},"properties":{"stop_id":"KUB352000315","name":"고양터","short_no":"3023","date":"2025-10-31","bis":"경주BIS"}},{"type":"Feature","geometry":{"type":"Point","coordinates":[129.0435265,35.88823913]},"properties":{"stop_id":"KUB352000316","name":"서맛골마을건너","short_no":"3021","date":"2025-10-31","bis":"경주BIS"}},{"type":"Feature","geometry":{"type":"Point","coordinates":[129.4192833,35.75815]},"properties":{"stop_id":"KUB352000317","name":"고래마을","short_no":"2010","date":"2025-10-31","bis":"경주BIS"}},{"type":"Feature","geometry":{"type":"Point","coordinates":[129.0584833,35.70476667]},"properties":{"stop_id":"KUB352000318","name":"고강리","short_no":"3018","date":"2025-10-31","bis":"경주BIS"}},{"type":"Feature","geometry":{"type":"Point","coordinates":[129.2914333,35.77213333]},"properties":{"stop_id":"KUB352000319","name":"경주여자정보고등학교","short_no":"1023","date":"2025-10-31","bis":"경주BIS"}},{"type":"Feature","geometry":{"type":"Point","coordinates":[129.1602183,35.83131781]},"properties":{"stop_id":"KUB352000320","name":"신경주대학교","short_no":"1016","date":"2025-10-31","bis":"경주BIS"}},{"type":"Feature","geometry":{"type":"Point","coordinates":[129.2060728,35.93031976]},"properties":{"stop_id":"KUB352000321","name":"검단약수탕","short_no":"5034","date":"2025-10-31","bis":"경주BIS"}},{"type":"Feature","geometry":{"type":"Point","coordinates":[129.2096177,35.93346647]},"properties":{"stop_id":"KUB352000322","name":"검단교","short_no":"5032","date":"2025-10-31","bis":"경주BIS"}},{"type":"Feature","geometry":{"type":"Point","coordinates":[129.2081667,35.9327]},"properties":{"stop_id":"KUB352000323","name":"검단2리회관","short_no":"5031","date":"2025-10-31","bis":"경주BIS"}},{"type":"Feature","geometry":{"type":"Point","coordinates":[129.219699,35.93650239]},"properties":{"stop_id":"KUB352000324","name":"검단1리.장골입구","short_no":"5028","date":"2025-10-31","bis":"경주BIS"}},{"type":"Feature","geometry":{"type":"Point","coordinates":[129.1114667,35.84786667]},"properties":{"stop_id":"KUB352000325","name":"건천4리","short_no":"3009","date":"2025-10-31","bis":"경주BIS"}},{"type":"Feature","geometry":{"type":"Point","coordinates":[129.02855,35.71928333]},"properties":{"stop_id":"KUB352000326","name":"거산","short_no":"3007","date":"2025-10-31","bis":"경주BIS"}},{"type":"Feature","geometry":{"type":"Point","coordinates":[129.0219127,35.77772689]},"properties":{"stop_id":"KUB352000327","name":"개미골","short_no":"3005","date":"2025-10-31","bis":"경주BIS"}},{"type":"Feature","geometry":{"type":"Point","coordinates":[129.1922076,35.77918516]},"properties":{"stop_id":"KUB352000328","name":"강정","short_no":"4002","date":"2025-10-31","bis":"경주BIS"}},{"type":"Feature","geometry":{"type":"Point","coordinates":[129.274838,35.987565]},"properties":{"stop_id":"KUB352000329","name":"강동","short_no":"5023","date":"2025-10-31","bis":"경주BIS"}},{"type":"Feature","geometry":{"type":"Point","coordinates":[129.2281667,35.99008333]},"properties":{"stop_id":"KUB352000330","name":"안강사거리","short_no":"5202","date":"2025-10-31","bis":"경주BIS"}},{"type":"Feature","geometry":{"type":"Point","coordinates":[129.228121,35.974422]},"properties":{"stop_id":"KUB352000331","name":"갑산농공단지","short_no":"5019","date":"2025-10-31","bis":"경주BIS"}},{"type":"Feature","geometry":{"type":"Point","coordinates":[129.2311667,35.96856667]},"properties":{"stop_id":"KUB352000332","name":"갑산2리","short_no":"5018","date":"2025-10-31","bis":"경주BIS"}},{"type":"Feature","geometry":{"type":"Point","coordinates":[129.2282333,35.97951667]},"properties":{"stop_id":"KUB352000333","name":"갑산1리정미소","short_no":"5015","date":"2025-10-31","bis":"경주BIS"}},{"type":"Feature","geometry":{"type":"Point","coordinates":[129.4990804,35.80789763]},"properties":{"stop_id":"KUB352000334","name":"감포읍행정복지센터입구","short_no":"2006","date":"2025-10-31","bis":"경주BIS"}},{"type":"Feature","geometry":{"type":"Point","coordinates":[129.5024484,35.80422224]},"properties":{"stop_id":"KUB352000335","name":"감포시장.감포항","short_no":"2005","date":"2025-10-31","bis":"경주BIS"}},{"type":"Feature","geometry":{"type":"Point","coordinates":[129.4766,35.74673333]},"properties":{"stop_id":"KUB352000336","name":"감은사지","short_no":"2004","date":"2025-10-31","bis":"경주BIS"}},{"type":"Feature","geometry":{"type":"Point","coordinates":[129.2759364,35.8862658]},"properties":{"stop_id":"KUB352000337","name":"갈곡입구","short_no":"5013","date":"2025-10-31","bis":"경주BIS"}},{"type":"Feature","geometry":{"type":"Point","coordinates":[129.2331,35.94806667]},"properties":{"stop_id":"KUB352000338","name":"가지곡","short_no":"5009","date":"2025-10-31","bis":"경주BIS"}},{"type":"Feature","geometry":{"type":"Point","coordinates":[129.3853333,35.79778333]},"properties":{"stop_id":"KUB352000339","name":"가정","short_no":"2001","date":"2025-10-31","bis":"경주BIS"}},{"type":"Feature","geometry":{"type":"Point","coordinates":[129.1591602,35.83049732]},"properties":{"stop_id":"KUB352000340","name":"신경주대학교건너","short_no":"1017","date":"2025-10-31","bis":"경주BIS"}},{"type":"Feature","geometry":{"type":"Point","coordinates":[129.226096,35.85669]},"properties":{"stop_id":"KUB352000341","name":"우방아파트입구","short_no":"1278","date":"2025-10-31","bis":"경주BIS"}},{"type":"Feature","geometry":{"type":"Point","coordinates":[129.226645,35.854655]},"properties":{"stop_id":"KUB352000342","name":"동국대교직원아파트","short_no":"1101","date":"2025-10-31","bis":"경주BIS"}},{"type":"Feature","geometry":{"type":"Point","coordinates":[129.22662,35.85238]},"properties":{"stop_id":"KUB352000343","name":"동천보우주택","short_no":"1113","date":"2025-10-31","bis":"경주BIS"}},{"type":"Feature","geometry":{"type":"Point","coordinates":[129.22661,35.851002]},"properties":{"stop_id":"KUB352000344","name":"제일제당","short_no":"1300","date":"2025-10-31","bis":"경주BIS"}},{"type":"Feature","geometry":{"type":"Point","coordinates":[129.224924,35.848898]},"properties":{"stop_id":"KUB352000345","name":"선주아파트","short_no":"1205","date":"2025-10-31","bis":"경주BIS"}},{"type":"Feature","geometry":{"type":"Point","coordinates":[129.228809,35.84674]},"properties":{"stop_id":"KUB352000346","name":"교육청 앞","short_no":"1063","date":"2025-10-31","bis":"경주BIS"}},{"type":"Feature","geometry":{"type":"Point","coordinates":[129.228848,35.849911]},"properties":{"stop_id":"KUB352000347","name":"시민교회","short_no":"1152","date":"2025-10-31","bis":"경주BIS"}},{"type":"Feature","geometry":{"type":"Point","coordinates":[129.23095,35.84898333]},"properties":{"stop_id":"KUB352000348","name":"코리아스포츠","short_no":"1332","date":"2025-10-31","bis":"경주BIS"}},{"type":"Feature","geometry":{"type":"Point","coordinates":[129.2349196,35.84609911]},"properties":{"stop_id":"KUB352000349","name":"동원맨션","short_no":"1112","date":"2025-10-31","bis":"경주BIS"}},{"type":"Feature","geometry":{"type":"Point","coordinates":[129.234894,35.844694]},"properties":{"stop_id":"KUB352000350","name":"삼성아파트","short_no":"1174","date":"2025-10-31","bis":"경주BIS"}},{"type":"Feature","geometry":{"type":"Point","coordinates":[129.2295667,35.84563333]},"properties":{"stop_id":"KUB352000351","name":"알천교","short_no":"1050","date":"2025-10-31","bis":"경주BIS"}},{"type":"Feature","geometry":{"type":"Point","coordinates":[129.224513,35.848441]},"properties":{"stop_id":"KUB352000352","name":"선주아파트","short_no":"1204","date":"2025-10-31","bis":"경주BIS"}},{"type":"Feature","geometry":{"type":"Point","coordinates":[129.218557,35.852548]},"properties":{"stop_id":"KUB352000353","name":"경주교.신라중학교","short_no":"1014","date":"2025-10-31","bis":"경주BIS"}},{"type":"Feature","geometry":{"type":"Point","coordinates":[129.207271,35.837225]},"properties":{"stop_id":"KUB352000354","name":"경주공고","short_no":"1011","date":"2025-10-31","bis":"경주BIS"}},{"type":"Feature","geometry":{"type":"Point","coordinates":[129.208238,35.833103]},"properties":{"stop_id":"KUB352000355","name":"황남동행정복지센터","short_no":"1375","date":"2025-10-31","bis":"경주BIS"}},{"type":"Feature","geometry":{"type":"Point","coordinates":[129.213619,35.833226]},"properties":{"stop_id":"KUB352000356","name":"경북웹툰캠퍼스","short_no":"1380","date":"2025-10-31","bis":"경주BIS"}},{"type":"Feature","geometry":{"type":"Point","coordinates":[129.21521,35.833846]},"properties":{"stop_id":"KUB352000357","name":"천마총","short_no":"1312","date":"2025-10-31","bis":"경주BIS"}},{"type":"Feature","geometry":{"type":"Point","coordinates":[129.218798,35.835771]},"properties":{"stop_id":"KUB352000358","name":"첨성대","short_no":"1317","date":"2025-10-31","bis":"경주BIS"}},{"type":"Feature","geometry":{"type":"Point","coordinates":[129.221077,35.851226]},"properties":{"stop_id":"KUB352000359","name":"동보아파트","short_no":"1110","date":"2025-10-31","bis":"경주BIS"}},{"type":"Feature","geometry":{"type":"Point","coordinates":[129.224069,35.85058]},"properties":{"stop_id":"KUB352000360","name":"성화교회앞","short_no":"1210","date":"2025-10-31","bis":"경주BIS"}},{"type":"Feature","geometry":{"type":"Point","coordinates":[129.224091,35.854651]},"properties":{"stop_id":"KUB352000361","name":"시청.한전건너","short_no":"1229","date":"2025-10-31","bis":"경주BIS"}},{"type":"Feature","geometry":{"type":"Point","coordinates":[129.225387,35.878513]},"properties":{"stop_id":"KUB352000362","name":"우리마트","short_no":"1114","date":"2025-10-31","bis":"경주BIS"}},{"type":"Feature","geometry":{"type":"Point","coordinates":[129.219736,35.877761]},"properties":{"stop_id":"KUB352000363","name":"태광산업","short_no":"1343","date":"2025-10-31","bis":"경주BIS"}},{"type":"Feature","geometry":{"type":"Point","coordinates":[129.217344,35.875161]},"properties":{"stop_id":"KUB352000364","name":"용황119안전센터","short_no":"1274","date":"2025-10-31","bis":"경주BIS"}},{"type":"Feature","geometry":{"type":"Point","coordinates":[129.213156,35.872571]},"properties":{"stop_id":"KUB352000365","name":"제일아파트","short_no":"1299","date":"2025-10-31","bis":"경주BIS"}},{"type":"Feature","geometry":{"type":"Point","coordinates":[129.2869667,35.83898333]},"properties":{"stop_id":"KUB352000366","name":"화백컨밴션센터.힐튼호텔","short_no":"1372","date":"2025-10-31","bis":"경주BIS"}},{"type":"Feature","geometry":{"type":"Point","coordinates":[129.2998333,35.66693333]},"properties":{"stop_id":"KUB352000367","name":"시래","short_no":"4137","date":"2025-10-31","bis":"경주BIS"}},{"type":"Feature","geometry":{"type":"Point","coordinates":[129.29485,35.65763333]},"properties":{"stop_id":"KUB352000368","name":"물탕골","short_no":"4071","date":"2025-10-31","bis":"경주BIS"}},{"type":"Feature","geometry":{"type":"Point","coordinates":[129.287642,35.649435]},"properties":{"stop_id":"KUB352000369","name":"성저","short_no":"4126","date":"2025-10-31","bis":"경주BIS"}},{"type":"Feature","geometry":{"type":"Point","coordinates":[129.284329,35.661435]},"properties":{"stop_id":"KUB352000370","name":"원녹동","short_no":"4175","date":"2025-10-31","bis":"경주BIS"}},{"type":"Feature","geometry":{"type":"Point","coordinates":[129.287409,35.649471]},"properties":{"stop_id":"KUB352000371","name":"성저","short_no":"4125","date":"2025-10-31","bis":"경주BIS"}},{"type":"Feature","geometry":{"type":"Point","coordinates":[129.2947,35.65765]},"properties":{"stop_id":"KUB352000372","name":"물탕골","short_no":"4070","date":"2025-10-31","bis":"경주BIS"}},{"type":"Feature","geometry":{"type":"Point","coordinates":[129.2996667,35.66691667]},"properties":{"stop_id":"KUB352000373","name":"시래","short_no":"4136","date":"2025-10-31","bis":"경주BIS"}},{"type":"Feature","geometry":{"type":"Point","coordinates":[129.3281505,35.746092]},"properties":{"stop_id":"KUB352000374","name":"말방2리회관","short_no":"4055","date":"2025-10-31","bis":"경주BIS"}},{"type":"Feature","geometry":{"type":"Point","coordinates":[129.3115611,35.69329983]},"properties":{"stop_id":"KUB352000375","name":"구어1리","short_no":"4008","date":"2025-10-31","bis":"경주BIS"}},{"type":"Feature","geometry":{"type":"Point","coordinates":[129.3170269,35.6967919]},"properties":{"stop_id":"KUB352000376","name":"구어1리회관","short_no":"4010","date":"2025-10-31","bis":"경주BIS"}},{"type":"Feature","geometry":{"type":"Point","coordinates":[129.2911879,35.66924971]},"properties":{"stop_id":"KUB352000377","name":"석계2리회관","short_no":"4121","date":"2025-10-31","bis":"경주BIS"}},{"type":"Feature","geometry":{"type":"Point","coordinates":[129.3041172,35.67578249]},"properties":{"stop_id":"KUB352000378","name":"석계1리회관","short_no":"4119","date":"2025-10-31","bis":"경주BIS"}},{"type":"Feature","geometry":{"type":"Point","coordinates":[129.332739,35.73412652]},"properties":{"stop_id":"KUB352000379","name":"개곡","short_no":"4003","date":"2025-10-31","bis":"경주BIS"}},{"type":"Feature","geometry":{"type":"Point","coordinates":[129.3037,35.73006667]},"properties":{"stop_id":"KUB352000380","name":"세원회관","short_no":"4132","date":"2025-10-31","bis":"경주BIS"}},{"type":"Feature","geometry":{"type":"Point","coordinates":[129.2709167,35.70865]},"properties":{"stop_id":"KUB352000381","name":"제네2리회관","short_no":"4194","date":"2025-10-31","bis":"경주BIS"}},{"type":"Feature","geometry":{"type":"Point","coordinates":[129.2780679,35.7277937]},"properties":{"stop_id":"KUB352000382","name":"제네1리회관","short_no":"4193","date":"2025-10-31","bis":"경주BIS"}},{"type":"Feature","geometry":{"type":"Point","coordinates":[129.291626,35.73156812]},"properties":{"stop_id":"KUB352000383","name":"지초마을","short_no":"4197","date":"2025-10-31","bis":"경주BIS"}},{"type":"Feature","geometry":{"type":"Point","coordinates":[129.2996667,35.73156667]},"properties":{"stop_id":"KUB352000384","name":"세원삼거리","short_no":"4127","date":"2025-10-31","bis":"경주BIS"}},{"type":"Feature","geometry":{"type":"Point","coordinates":[129.2962142,35.7413867]},"properties":{"stop_id":"KUB352000385","name":"순지회관","short_no":"4135","date":"2025-10-31","bis":"경주BIS"}},{"type":"Feature","geometry":{"type":"Point","coordinates":[129.2960333,35.74973333]},"properties":{"stop_id":"KUB352000386","name":"원동구판장","short_no":"4176","date":"2025-10-31","bis":"경주BIS"}},{"type":"Feature","geometry":{"type":"Point","coordinates":[129.2890919,35.75102628]},"properties":{"stop_id":"KUB352000387","name":"둔전마을","short_no":"4051","date":"2025-10-31","bis":"경주BIS"}},{"type":"Feature","geometry":{"type":"Point","coordinates":[129.28885,35.75728333]},"properties":{"stop_id":"KUB352000388","name":"방어리회관","short_no":"4085","date":"2025-10-31","bis":"경주BIS"}},{"type":"Feature","geometry":{"type":"Point","coordinates":[129.2955853,35.75509322]},"properties":{"stop_id":"KUB352000389","name":"영지","short_no":"4149","date":"2025-10-31","bis":"경주BIS"}},{"type":"Feature","geometry":{"type":"Point","coordinates":[129.3118667,35.76435]},"properties":{"stop_id":"KUB352000390","name":"영지입구","short_no":"4151","date":"2025-10-31","bis":"경주BIS"}},{"type":"Feature","geometry":{"type":"Point","coordinates":[129.3246279,35.77075319]},"properties":{"stop_id":"KUB352000391","name":"신계","short_no":"4138","date":"2025-10-31","bis":"경주BIS"}},{"type":"Feature","geometry":{"type":"Point","coordinates":[129.2667,35.77515]},"properties":{"stop_id":"KUB352000392","name":"사리","short_no":"1167","date":"2025-10-31","bis":"경주BIS"}},{"type":"Feature","geometry":{"type":"Point","coordinates":[129.267068,35.78298524]},"properties":{"stop_id":"KUB352000393","name":"수남","short_no":"1214","date":"2025-10-31","bis":"경주BIS"}},{"type":"Feature","geometry":{"type":"Point","coordinates":[129.2635667,35.78745]},"properties":{"stop_id":"KUB352000394","name":"수북","short_no":"1215","date":"2025-10-31","bis":"경주BIS"}},{"type":"Feature","geometry":{"type":"Point","coordinates":[129.2817333,35.73886667]},"properties":{"stop_id":"KUB352000395","name":"북토","short_no":"4096","date":"2025-10-31","bis":"경주BIS"}},{"type":"Feature","geometry":{"type":"Point","coordinates":[129.2821167,35.7424]},"properties":{"stop_id":"KUB352000396","name":"말무덤","short_no":"4053","date":"2025-10-31","bis":"경주BIS"}},{"type":"Feature","geometry":{"type":"Point","coordinates":[129.2778333,35.75263333]},"properties":{"stop_id":"KUB352000397","name":"샛대일","short_no":"1184","date":"2025-10-31","bis":"경주BIS"}},{"type":"Feature","geometry":{"type":"Point","coordinates":[129.2757226,35.75866174]},"properties":{"stop_id":"KUB352000398","name":"큰대일.시동마을","short_no":"1339","date":"2025-10-31","bis":"경주BIS"}},{"type":"Feature","geometry":{"type":"Point","coordinates":[129.2846781,35.76798012]},"properties":{"stop_id":"KUB352000399","name":"보치보마을","short_no":"1150","date":"2025-10-31","bis":"경주BIS"}},{"type":"Feature","geometry":{"type":"Point","coordinates":[129.2878833,35.76991667]},"properties":{"stop_id":"KUB352000400","name":"시래마을","short_no":"1220","date":"2025-10-31","bis":"경주BIS"}},{"type":"Feature","geometry":{"type":"Point","coordinates":[129.29135,35.77221667]},"properties":{"stop_id":"KUB352000401","name":"경주여자정보고등학교","short_no":"1024","date":"2025-10-31","bis":"경주BIS"}},{"type":"Feature","geometry":{"type":"Point","coordinates":[129.326943,35.706579]},"properties":{"stop_id":"KUB352000402","name":"구어입구","short_no":"4012","date":"2025-10-31","bis":"경주BIS"}},{"type":"Feature","geometry":{"type":"Point","coordinates":[129.30735,35.76971667]},"properties":{"stop_id":"KUB352000403","name":"경주법주앞","short_no":"1018","date":"2025-10-31","bis":"경주BIS"}},{"type":"Feature","geometry":{"type":"Point","coordinates":[129.3243175,35.7151249]},"properties":{"stop_id":"KUB352000404","name":"입실","short_no":"4189","date":"2025-10-31","bis":"경주BIS"}},{"type":"Feature","geometry":{"type":"Point","coordinates":[129.325317,35.71196579]},"properties":{"stop_id":"KUB352000405","name":"삼아아파트","short_no":"4102","date":"2025-10-31","bis":"경주BIS"}},{"type":"Feature","geometry":{"type":"Point","coordinates":[129.3287833,35.70095]},"properties":{"stop_id":"KUB352000406","name":"벽산천마타운","short_no":"4088","date":"2025-10-31","bis":"경주BIS"}},{"type":"Feature","geometry":{"type":"Point","coordinates":[129.3297667,35.69881667]},"properties":{"stop_id":"KUB352000407","name":"송계마을","short_no":"4133","date":"2025-10-31","bis":"경주BIS"}},{"type":"Feature","geometry":{"type":"Point","coordinates":[129.3311361,35.69618434]},"properties":{"stop_id":"KUB352000408","name":"외동농공단지","short_no":"4156","date":"2025-10-31","bis":"경주BIS"}},{"type":"Feature","geometry":{"type":"Point","coordinates":[129.331383,35.689473]},"properties":{"stop_id":"KUB352000409","name":"문산1리","short_no":"4068","date":"2025-10-31","bis":"경주BIS"}},{"type":"Feature","geometry":{"type":"Point","coordinates":[129.3319667,35.6826]},"properties":{"stop_id":"KUB352000410","name":"(구)모화역","short_no":"4066","date":"2025-10-31","bis":"경주BIS"}},{"type":"Feature","geometry":{"type":"Point","coordinates":[129.334115,35.677719]},"properties":{"stop_id":"KUB352000411","name":"모화초등학교","short_no":"4198","date":"2025-10-31","bis":"경주BIS"}},{"type":"Feature","geometry":{"type":"Point","coordinates":[129.3357448,35.6728041]},"properties":{"stop_id":"KUB352000412","name":"성도아파트","short_no":"4124","date":"2025-10-31","bis":"경주BIS"}},{"type":"Feature","geometry":{"type":"Point","coordinates":[129.3355133,35.67391196]},"properties":{"stop_id":"KUB352000413","name":"성도아파트","short_no":"4123","date":"2025-10-31","bis":"경주BIS"}},{"type":"Feature","geometry":{"type":"Point","coordinates":[129.333602,35.67784]},"properties":{"stop_id":"KUB352000414","name":"모화초등학교 앞","short_no":"4199","date":"2025-10-31","bis":"경주BIS"}},{"type":"Feature","geometry":{"type":"Point","coordinates":[129.33169,35.682526]},"properties":{"stop_id":"KUB352000415","name":"(구)모화역,울산방면","short_no":"4067","date":"2025-10-31","bis":"경주BIS"}},{"type":"Feature","geometry":{"type":"Point","coordinates":[129.331052,35.689479]},"properties":{"stop_id":"KUB352000416","name":"문산1리","short_no":"4069","date":"2025-10-31","bis":"경주BIS"}},{"type":"Feature","geometry":{"type":"Point","coordinates":[129.3313197,35.69534332]},"properties":{"stop_id":"KUB352000417","name":"외동농공단지","short_no":"4155","date":"2025-10-31","bis":"경주BIS"}},{"type":"Feature","geometry":{"type":"Point","coordinates":[129.3288333,35.70023333]},"properties":{"stop_id":"KUB352000418","name":"벽산천마타운","short_no":"4089","date":"2025-10-31","bis":"경주BIS"}},{"type":"Feature","geometry":{"type":"Point","coordinates":[129.326861,35.70604]},"properties":{"stop_id":"KUB352000419","name":"구어입구","short_no":"4011","date":"2025-10-31","bis":"경주BIS"}},{"type":"Feature","geometry":{"type":"Point","coordinates":[129.325153,35.71189]},"properties":{"stop_id":"KUB352000420","name":"삼아아파트","short_no":"4101","date":"2025-10-31","bis":"경주BIS"}},{"type":"Feature","geometry":{"type":"Point","coordinates":[129.3242,35.71508333]},"properties":{"stop_id":"KUB352000421","name":"입실","short_no":"4188","date":"2025-10-31","bis":"경주BIS"}},{"type":"Feature","geometry":{"type":"Point","coordinates":[129.212843,35.872541]},"properties":{"stop_id":"KUB352000422","name":"제일아파트","short_no":"1298","date":"2025-10-31","bis":"경주BIS"}},{"type":"Feature","geometry":{"type":"Point","coordinates":[129.217168,35.875187]},"properties":{"stop_id":"KUB352000423","name":"용황119안전센터","short_no":"1273","date":"2025-10-31","bis":"경주BIS"}},{"type":"Feature","geometry":{"type":"Point","coordinates":[129.219578,35.877841]},"properties":{"stop_id":"KUB352000424","name":"태광산업","short_no":"1342","date":"2025-10-31","bis":"경주BIS"}},{"type":"Feature","geometry":{"type":"Point","coordinates":[129.22376,35.88487]},"properties":{"stop_id":"KUB352000425","name":"현진에버빌","short_no":"1368","date":"2025-10-31","bis":"경주BIS"}},{"type":"Feature","geometry":{"type":"Point","coordinates":[129.225498,35.87874]},"properties":{"stop_id":"KUB352000426","name":"우리마트","short_no":"1115","date":"2025-10-31","bis":"경주BIS"}},{"type":"Feature","geometry":{"type":"Point","coordinates":[129.224325,35.855982]},"properties":{"stop_id":"KUB352000427","name":"시청","short_no":"1228","date":"2025-10-31","bis":"경주BIS"}},{"type":"Feature","geometry":{"type":"Point","coordinates":[129.224297,35.85259]},"properties":{"stop_id":"KUB352000428","name":"한전앞","short_no":"1365","date":"2025-10-31","bis":"경주BIS"}},{"type":"Feature","geometry":{"type":"Point","coordinates":[129.221202,35.850962]},"properties":{"stop_id":"KUB352000429","name":"동보아파트맞은편","short_no":"1111","date":"2025-10-31","bis":"경주BIS"}},{"type":"Feature","geometry":{"type":"Point","coordinates":[129.219625,35.868523]},"properties":{"stop_id":"KUB352000430","name":"황성베스티움아파트건너","short_no":"1133","date":"2025-10-31","bis":"경주BIS"}},{"type":"Feature","geometry":{"type":"Point","coordinates":[129.3207333,35.72636667]},"properties":{"stop_id":"KUB352000431","name":"연안사거리","short_no":"4148","date":"2025-10-31","bis":"경주BIS"}},{"type":"Feature","geometry":{"type":"Point","coordinates":[129.3051592,35.7204282]},"properties":{"stop_id":"KUB352000432","name":"냉천1리","short_no":"4025","date":"2025-10-31","bis":"경주BIS"}},{"type":"Feature","geometry":{"type":"Point","coordinates":[129.3013167,35.71593333]},"properties":{"stop_id":"KUB352000433","name":"냉천세태마을","short_no":"4029","date":"2025-10-31","bis":"경주BIS"}},{"type":"Feature","geometry":{"type":"Point","coordinates":[129.2946667,35.70985]},"properties":{"stop_id":"KUB352000434","name":"냉천2리","short_no":"4027","date":"2025-10-31","bis":"경주BIS"}},{"type":"Feature","geometry":{"type":"Point","coordinates":[129.2722167,35.71043333]},"properties":{"stop_id":"KUB352000435","name":"사일","short_no":"4099","date":"2025-10-31","bis":"경주BIS"}},{"type":"Feature","geometry":{"type":"Point","coordinates":[129.2532833,35.7176]},"properties":{"stop_id":"KUB352000436","name":"바탕골","short_no":"4073","date":"2025-10-31","bis":"경주BIS"}},{"type":"Feature","geometry":{"type":"Point","coordinates":[129.1622951,35.73479974]},"properties":{"stop_id":"KUB352000437","name":"안심마을","short_no":"4143","date":"2025-10-31","bis":"경주BIS"}},{"type":"Feature","geometry":{"type":"Point","coordinates":[129.1697788,35.7271594]},"properties":{"stop_id":"KUB352000438","name":"구일마을","short_no":"4013","date":"2025-10-31","bis":"경주BIS"}},{"type":"Feature","geometry":{"type":"Point","coordinates":[129.1747508,35.73969965]},"properties":{"stop_id":"KUB352000439","name":"상신3리","short_no":"4112","date":"2025-10-31","bis":"경주BIS"}},{"type":"Feature","geometry":{"type":"Point","coordinates":[129.2308833,35.74181667]},"properties":{"stop_id":"KUB352000440","name":"백운대입구","short_no":"4086","date":"2025-10-31","bis":"경주BIS"}},{"type":"Feature","geometry":{"type":"Point","coordinates":[129.2193598,35.71921179]},"properties":{"stop_id":"KUB352000441","name":"명계3리","short_no":"4065","date":"2025-10-31","bis":"경주BIS"}},{"type":"Feature","geometry":{"type":"Point","coordinates":[129.2300672,35.72429261]},"properties":{"stop_id":"KUB352000442","name":"명계2리","short_no":"4064","date":"2025-10-31","bis":"경주BIS"}},{"type":"Feature","geometry":{"type":"Point","coordinates":[129.2371667,35.73051667]},"properties":{"stop_id":"KUB352000443","name":"명계1리","short_no":"4062","date":"2025-10-31","bis":"경주BIS"}},{"type":"Feature","geometry":{"type":"Point","coordinates":[129.2352833,35.73723333]},"properties":{"stop_id":"KUB352000444","name":"보광사","short_no":"4091","date":"2025-10-31","bis":"경주BIS"}},{"type":"Feature","geometry":{"type":"Point","coordinates":[129.2309167,35.74168333]},"properties":{"stop_id":"KUB352000445","name":"백운대입구","short_no":"4087","date":"2025-10-31","bis":"경주BIS"}},{"type":"Feature","geometry":{"type":"Point","coordinates":[129.2285667,35.74091667]},"properties":{"stop_id":"KUB352000446","name":"노곡2리","short_no":"4035","date":"2025-10-31","bis":"경주BIS"}},{"type":"Feature","geometry":{"type":"Point","coordinates":[129.22085,35.74166667]},"properties":{"stop_id":"KUB352000447","name":"상별래","short_no":"4104","date":"2025-10-31","bis":"경주BIS"}},{"type":"Feature","geometry":{"type":"Point","coordinates":[129.2118,35.74455]},"properties":{"stop_id":"KUB352000448","name":"하별래","short_no":"4203","date":"2025-10-31","bis":"경주BIS"}},{"type":"Feature","geometry":{"type":"Point","coordinates":[129.108148,35.76915]},"properties":{"stop_id":"KUB352000450","name":"비지마을","short_no":"4098","date":"2025-10-31","bis":"경주BIS"}},{"type":"Feature","geometry":{"type":"Point","coordinates":[129.1202191,35.71106511]},"properties":{"stop_id":"KUB352000451","name":"박달4리.고사리","short_no":"4080","date":"2025-10-31","bis":"경주BIS"}},{"type":"Feature","geometry":{"type":"Point","coordinates":[129.1073167,35.72018333]},"properties":{"stop_id":"KUB352000452","name":"박달3리.괘밭","short_no":"4079","date":"2025-10-31","bis":"경주BIS"}},{"type":"Feature","geometry":{"type":"Point","coordinates":[129.11045,35.73121667]},"properties":{"stop_id":"KUB352000453","name":"박달2리.도진방","short_no":"4077","date":"2025-10-31","bis":"경주BIS"}},{"type":"Feature","geometry":{"type":"Point","coordinates":[129.1300389,35.74775195]},"properties":{"stop_id":"KUB352000454","name":"박달1리.양삼","short_no":"4075","date":"2025-10-31","bis":"경주BIS"}},{"type":"Feature","geometry":{"type":"Point","coordinates":[129.1380833,35.74778333]},"properties":{"stop_id":"KUB352000455","name":"상신1리.청학동","short_no":"4108","date":"2025-10-31","bis":"경주BIS"}},{"type":"Feature","geometry":{"type":"Point","coordinates":[129.15225,35.75038333]},"properties":{"stop_id":"KUB352000456","name":"상신1리.양지","short_no":"4106","date":"2025-10-31","bis":"경주BIS"}},{"type":"Feature","geometry":{"type":"Point","coordinates":[129.1615,35.74933333]},"properties":{"stop_id":"KUB352000457","name":"상신2리.귀계","short_no":"4110","date":"2025-10-31","bis":"경주BIS"}},{"type":"Feature","geometry":{"type":"Point","coordinates":[129.1761255,35.74495824]},"properties":{"stop_id":"KUB352000458","name":"덕천1리.왕동","short_no":"4039","date":"2025-10-31","bis":"경주BIS"}},{"type":"Feature","geometry":{"type":"Point","coordinates":[129.1855167,35.74581667]},"properties":{"stop_id":"KUB352000459","name":"덕천2리.신을마을","short_no":"4045","date":"2025-10-31","bis":"경주BIS"}},{"type":"Feature","geometry":{"type":"Point","coordinates":[129.1676888,35.82869458]},"properties":{"stop_id":"KUB352000460","name":"외외마을","short_no":"1262","date":"2025-10-31","bis":"경주BIS"}},{"type":"Feature","geometry":{"type":"Point","coordinates":[129.1668667,35.83033333]},"properties":{"stop_id":"KUB352000461","name":"외외마을입구","short_no":"1266","date":"2025-10-31","bis":"경주BIS"}},{"type":"Feature","geometry":{"type":"Point","coordinates":[129.2831,35.9927]},"properties":{"stop_id":"GGB277103926","name":"유금IC(미정차)","short_no":"0","date":"2025-10-31","bis":"경기BIS"}},{"type":"Feature","geometry":{"type":"Point","coordinates":[129.2826833,35.9921333]},"properties":{"stop_id":"GGB277103927","name":"유금IC(미정차)","short_no":"0","date":"2025-10-31","bis":"경기BIS"}},{"type":"Feature","geometry":{"type":"Point","coordinates":[129.2476333,35.9359667]},"properties":{"stop_id":"GGB277103928","name":"북경주IC(미정차)","short_no":"0","date":"2025-10-31","bis":"경기BIS"}},{"type":"Feature","geometry":{"type":"Point","coordinates":[129.24785,35.9355667]},"properties":{"stop_id":"GGB277103929","name":"북경주IC(미정차)","short_no":"0","date":"2025-10-31","bis":"경기BIS"}},{"type":"Feature","geometry":{"type":"Point","coordinates":[129.174766,35.74575022]},"properties":{"stop_id":"KUB352000462","name":"덕천1리.왕동","short_no":"4037","date":"2025-10-31","bis":"경주BIS"}},{"type":"Feature","geometry":{"type":"Point","coordinates":[129.1748828,35.74885316]},"properties":{"stop_id":"KUB352000463","name":"덕천마을회관","short_no":"4046","date":"2025-10-31","bis":"경주BIS"}},{"type":"Feature","geometry":{"type":"Point","coordinates":[129.199823,35.751323]},"properties":{"stop_id":"KUB352000464","name":"내남면행정복지센터","short_no":"4022","date":"2025-10-31","bis":"경주BIS"}},{"type":"Feature","geometry":{"type":"Point","coordinates":[129.210726,35.823288]},"properties":{"stop_id":"KUB352000465","name":"경주한방병원","short_no":"1039","date":"2025-10-31","bis":"경주BIS"}},{"type":"Feature","geometry":{"type":"Point","coordinates":[129.1987003,35.81384201]},"properties":{"stop_id":"KUB352000466","name":"숲마을","short_no":"1216","date":"2025-10-31","bis":"경주BIS"}},{"type":"Feature","geometry":{"type":"Point","coordinates":[129.174965,35.745812]},"properties":{"stop_id":"KUB352000467","name":"덕천1리","short_no":"4036","date":"2025-10-31","bis":"경주BIS"}},{"type":"Feature","geometry":{"type":"Point","coordinates":[129.1747859,35.74851419]},"properties":{"stop_id":"KUB352000468","name":"덕천1리회관","short_no":"4042","date":"2025-10-31","bis":"경주BIS"}},{"type":"Feature","geometry":{"type":"Point","coordinates":[129.1801752,35.75013386]},"properties":{"stop_id":"KUB352000469","name":"덕천1리입구","short_no":"4041","date":"2025-10-31","bis":"경주BIS"}},{"type":"Feature","geometry":{"type":"Point","coordinates":[129.1825738,35.7515202]},"properties":{"stop_id":"KUB352000470","name":"신을마을입구","short_no":"4141","date":"2025-10-31","bis":"경주BIS"}},{"type":"Feature","geometry":{"type":"Point","coordinates":[129.1844611,35.75291591]},"properties":{"stop_id":"KUB352000471","name":"남성리마을입구","short_no":"4015","date":"2025-10-31","bis":"경주BIS"}},{"type":"Feature","geometry":{"type":"Point","coordinates":[129.1827469,35.75929778]},"properties":{"stop_id":"KUB352000472","name":"현동","short_no":"4206","date":"2025-10-31","bis":"경주BIS"}},{"type":"Feature","geometry":{"type":"Point","coordinates":[129.1869216,35.75625981]},"properties":{"stop_id":"KUB352000473","name":"남성리사거리","short_no":"4016","date":"2025-10-31","bis":"경주BIS"}},{"type":"Feature","geometry":{"type":"Point","coordinates":[129.1901722,35.7560812]},"properties":{"stop_id":"KUB352000474","name":"남성리입구","short_no":"4019","date":"2025-10-31","bis":"경주BIS"}},{"type":"Feature","geometry":{"type":"Point","coordinates":[129.193562,35.76095404]},"properties":{"stop_id":"KUB352000475","name":"부지2리","short_no":"4095","date":"2025-10-31","bis":"경주BIS"}},{"type":"Feature","geometry":{"type":"Point","coordinates":[129.1953489,35.76646582]},"properties":{"stop_id":"KUB352000476","name":"부지1리","short_no":"4093","date":"2025-10-31","bis":"경주BIS"}},{"type":"Feature","geometry":{"type":"Point","coordinates":[129.1970947,35.76802108]},"properties":{"stop_id":"KUB352000477","name":"용장2리","short_no":"4166","date":"2025-10-31","bis":"경주BIS"}},{"type":"Feature","geometry":{"type":"Point","coordinates":[129.1920167,35.7791]},"properties":{"stop_id":"KUB352000478","name":"강정","short_no":"4001","date":"2025-10-31","bis":"경주BIS"}},{"type":"Feature","geometry":{"type":"Point","coordinates":[129.1886957,35.78303776]},"properties":{"stop_id":"KUB352000479","name":"새마을낚시터","short_no":"4116","date":"2025-10-31","bis":"경주BIS"}},{"type":"Feature","geometry":{"type":"Point","coordinates":[129.1919333,35.78701667]},"properties":{"stop_id":"KUB352000480","name":"새마을","short_no":"4113","date":"2025-10-31","bis":"경주BIS"}},{"type":"Feature","geometry":{"type":"Point","coordinates":[129.192999,35.790362]},"properties":{"stop_id":"KUB352000481","name":"새마을아랫마을","short_no":"4118","date":"2025-10-31","bis":"경주BIS"}},{"type":"Feature","geometry":{"type":"Point","coordinates":[129.210621,35.823592]},"properties":{"stop_id":"KUB352000482","name":"경주한방병원","short_no":"1038","date":"2025-10-31","bis":"경주BIS"}},{"type":"Feature","geometry":{"type":"Point","coordinates":[129.209759,35.827258]},"properties":{"stop_id":"KUB352000484","name":"국당마을","short_no":"1053","date":"2025-10-31","bis":"경주BIS"}},{"type":"Feature","geometry":{"type":"Point","coordinates":[129.210648,35.824846]},"properties":{"stop_id":"KUB352000485","name":"탑리마을","short_no":"1341","date":"2025-10-31","bis":"경주BIS"}},{"type":"Feature","geometry":{"type":"Point","coordinates":[129.21065,35.822044]},"properties":{"stop_id":"KUB352000486","name":"오릉.숭덕전","short_no":"1253","date":"2025-10-31","bis":"경주BIS"}},{"type":"Feature","geometry":{"type":"Point","coordinates":[129.21055,35.81835]},"properties":{"stop_id":"KUB352000487","name":"오릉사거리","short_no":"1251","date":"2025-10-31","bis":"경주BIS"}},{"type":"Feature","geometry":{"type":"Point","coordinates":[129.2104167,35.81666667]},"properties":{"stop_id":"KUB352000488","name":"나정입구","short_no":"1064","date":"2025-10-31","bis":"경주BIS"}},{"type":"Feature","geometry":{"type":"Point","coordinates":[129.2085,35.80223333]},"properties":{"stop_id":"KUB352000489","name":"삼불사.망월사","short_no":"1173","date":"2025-10-31","bis":"경주BIS"}},{"type":"Feature","geometry":{"type":"Point","coordinates":[129.2067833,35.79795]},"properties":{"stop_id":"KUB352000490","name":"삼릉","short_no":"1171","date":"2025-10-31","bis":"경주BIS"}},{"type":"Feature","geometry":{"type":"Point","coordinates":[129.2059833,35.79513333]},"properties":{"stop_id":"KUB352000491","name":"남산원천탕","short_no":"1070","date":"2025-10-31","bis":"경주BIS"}},{"type":"Feature","geometry":{"type":"Point","coordinates":[129.2053,35.79041667]},"properties":{"stop_id":"KUB352000492","name":"경주교도소","short_no":"4004","date":"2025-10-31","bis":"경주BIS"}},{"type":"Feature","geometry":{"type":"Point","coordinates":[129.2047333,35.783]},"properties":{"stop_id":"KUB352000493","name":"용장4리.비파","short_no":"4171","date":"2025-10-31","bis":"경주BIS"}},{"type":"Feature","geometry":{"type":"Point","coordinates":[129.2049667,35.77695]},"properties":{"stop_id":"KUB352000494","name":"용장1리.배양골","short_no":"4163","date":"2025-10-31","bis":"경주BIS"}},{"type":"Feature","geometry":{"type":"Point","coordinates":[129.2065,35.76708333]},"properties":{"stop_id":"KUB352000495","name":"용장2리.현동마을","short_no":"4168","date":"2025-10-31","bis":"경주BIS"}},{"type":"Feature","geometry":{"type":"Point","coordinates":[129.2060833,35.75973333]},"properties":{"stop_id":"KUB352000496","name":"용장3리.틈수골","short_no":"4169","date":"2025-10-31","bis":"경주BIS"}},{"type":"Feature","geometry":{"type":"Point","coordinates":[129.2044,35.74338333]},"properties":{"stop_id":"KUB352000497","name":"내남농공단지","short_no":"4020","date":"2025-10-31","bis":"경주BIS"}},{"type":"Feature","geometry":{"type":"Point","coordinates":[129.2043667,35.73995]},"properties":{"stop_id":"KUB352000498","name":"노곡저수지","short_no":"4030","date":"2025-10-31","bis":"경주BIS"}},{"type":"Feature","geometry":{"type":"Point","coordinates":[129.2037754,35.72702992]},"properties":{"stop_id":"KUB352000499","name":"미역골","short_no":"4178","date":"2025-10-31","bis":"경주BIS"}},{"type":"Feature","geometry":{"type":"Point","coordinates":[129.2032333,35.72328169]},"properties":{"stop_id":"KUB352000500","name":"월산2리","short_no":"4180","date":"2025-10-31","bis":"경주BIS"}},{"type":"Feature","geometry":{"type":"Point","coordinates":[129.1977542,35.71383794]},"properties":{"stop_id":"KUB352000501","name":"봉계정류장","short_no":"6026","date":"2025-10-31","bis":"경주BIS"}},{"type":"Feature","geometry":{"type":"Point","coordinates":[129.2031166,35.72325179]},"properties":{"stop_id":"KUB352000502","name":"월산2리","short_no":"4181","date":"2025-10-31","bis":"경주BIS"}},{"type":"Feature","geometry":{"type":"Point","coordinates":[129.2035713,35.72705309]},"properties":{"stop_id":"KUB352000503","name":"미역골","short_no":"4179","date":"2025-10-31","bis":"경주BIS"}},{"type":"Feature","geometry":{"type":"Point","coordinates":[129.2035333,35.73613333]},"properties":{"stop_id":"KUB352000504","name":"노곡1리","short_no":"4033","date":"2025-10-31","bis":"경주BIS"}},{"type":"Feature","geometry":{"type":"Point","coordinates":[129.2041333,35.73993333]},"properties":{"stop_id":"KUB352000505","name":"노곡저수지","short_no":"4031","date":"2025-10-31","bis":"경주BIS"}},{"type":"Feature","geometry":{"type":"Point","coordinates":[129.204514,35.74384198]},"properties":{"stop_id":"KUB352000506","name":"내남농공단지","short_no":"4021","date":"2025-10-31","bis":"경주BIS"}},{"type":"Feature","geometry":{"type":"Point","coordinates":[129.20625,35.74851667]},"properties":{"stop_id":"KUB352000507","name":"이조3리","short_no":"4187","date":"2025-10-31","bis":"경주BIS"}},{"type":"Feature","geometry":{"type":"Point","coordinates":[129.2054298,35.75140129]},"properties":{"stop_id":"KUB352000508","name":"용산","short_no":"4162","date":"2025-10-31","bis":"경주BIS"}},{"type":"Feature","geometry":{"type":"Point","coordinates":[129.2059833,35.7597]},"properties":{"stop_id":"KUB352000509","name":"용장3리.틈수골","short_no":"4170","date":"2025-10-31","bis":"경주BIS"}},{"type":"Feature","geometry":{"type":"Point","coordinates":[129.2063504,35.76695699]},"properties":{"stop_id":"KUB352000510","name":"용장2리.현동마을","short_no":"4167","date":"2025-10-31","bis":"경주BIS"}},{"type":"Feature","geometry":{"type":"Point","coordinates":[129.2049575,35.7742903]},"properties":{"stop_id":"KUB352000511","name":"내남파출소","short_no":"4173","date":"2025-10-31","bis":"경주BIS"}},{"type":"Feature","geometry":{"type":"Point","coordinates":[129.2048333,35.77776667]},"properties":{"stop_id":"KUB352000512","name":"용장1리.배양골","short_no":"4164","date":"2025-10-31","bis":"경주BIS"}},{"type":"Feature","geometry":{"type":"Point","coordinates":[129.2046167,35.78305]},"properties":{"stop_id":"KUB352000513","name":"용장4리.비파","short_no":"4172","date":"2025-10-31","bis":"경주BIS"}},{"type":"Feature","geometry":{"type":"Point","coordinates":[129.2052167,35.79066667]},"properties":{"stop_id":"KUB352000514","name":"경주교도소","short_no":"4005","date":"2025-10-31","bis":"경주BIS"}},{"type":"Feature","geometry":{"type":"Point","coordinates":[129.2057333,35.79455]},"properties":{"stop_id":"KUB352000515","name":"남산원천탕","short_no":"1069","date":"2025-10-31","bis":"경주BIS"}},{"type":"Feature","geometry":{"type":"Point","coordinates":[129.2065,35.79775]},"properties":{"stop_id":"KUB352000516","name":"삼릉","short_no":"1170","date":"2025-10-31","bis":"경주BIS"}},{"type":"Feature","geometry":{"type":"Point","coordinates":[129.2082,35.8019]},"properties":{"stop_id":"KUB352000517","name":"삼불사.망월사","short_no":"1172","date":"2025-10-31","bis":"경주BIS"}},{"type":"Feature","geometry":{"type":"Point","coordinates":[129.2097833,35.80781667]},"properties":{"stop_id":"KUB352000518","name":"포석정","short_no":"1353","date":"2025-10-31","bis":"경주BIS"}},{"type":"Feature","geometry":{"type":"Point","coordinates":[129.2103167,35.81668333]},"properties":{"stop_id":"KUB352000519","name":"나정입구","short_no":"1065","date":"2025-10-31","bis":"경주BIS"}},{"type":"Feature","geometry":{"type":"Point","coordinates":[129.2103333,35.81831667]},"properties":{"stop_id":"KUB352000520","name":"오릉사거리","short_no":"1252","date":"2025-10-31","bis":"경주BIS"}},{"type":"Feature","geometry":{"type":"Point","coordinates":[129.21053,35.821884]},"properties":{"stop_id":"KUB352000521","name":"오릉.숭덕전","short_no":"1254","date":"2025-10-31","bis":"경주BIS"}},{"type":"Feature","geometry":{"type":"Point","coordinates":[129.210328,35.825186]},"properties":{"stop_id":"KUB352000522","name":"탑리마을","short_no":"1340","date":"2025-10-31","bis":"경주BIS"}},{"type":"Feature","geometry":{"type":"Point","coordinates":[129.209619,35.827409]},"properties":{"stop_id":"KUB352000523","name":"국당마을","short_no":"1054","date":"2025-10-31","bis":"경주BIS"}},{"type":"Feature","geometry":{"type":"Point","coordinates":[129.209494,35.835645]},"properties":{"stop_id":"KUB352000524","name":"황남시장","short_no":"1378","date":"2025-10-31","bis":"경주BIS"}},{"type":"Feature","geometry":{"type":"Point","coordinates":[129.209793,35.838884]},"properties":{"stop_id":"KUB352000525","name":"황리단길","short_no":"1076","date":"2025-10-31","bis":"경주BIS"}},{"type":"Feature","geometry":{"type":"Point","coordinates":[129.230208,35.879284]},"properties":{"stop_id":"KUB352000526","name":"용강주공아파트","short_no":"1275","date":"2025-10-31","bis":"경주BIS"}},{"type":"Feature","geometry":{"type":"Point","coordinates":[129.206817,35.8479]},"properties":{"stop_id":"KUB352000527","name":"경동노회","short_no":"1008","date":"2025-10-31","bis":"경주BIS"}},{"type":"Feature","geometry":{"type":"Point","coordinates":[129.206804,35.84961]},"properties":{"stop_id":"KUB352000528","name":"보훈청","short_no":"1151","date":"2025-10-31","bis":"경주BIS"}},{"type":"Feature","geometry":{"type":"Point","coordinates":[129.206762,35.851514]},"properties":{"stop_id":"KUB352000529","name":"성건동행정복지센터","short_no":"1206","date":"2025-10-31","bis":"경주BIS"}},{"type":"Feature","geometry":{"type":"Point","coordinates":[129.206683,35.854525]},"properties":{"stop_id":"KUB352000530","name":"경주여고사거리","short_no":"1021","date":"2025-10-31","bis":"경주BIS"}},{"type":"Feature","geometry":{"type":"Point","coordinates":[129.205462,35.855423]},"properties":{"stop_id":"KUB352000531","name":"성건주공아파트","short_no":"1209","date":"2025-10-31","bis":"경주BIS"}},{"type":"Feature","geometry":{"type":"Point","coordinates":[129.1976333,35.8579]},"properties":{"stop_id":"KUB352000532","name":"동국대병원","short_no":"1103","date":"2025-10-31","bis":"경주BIS"}},{"type":"Feature","geometry":{"type":"Point","coordinates":[129.1967069,35.86047274]},"properties":{"stop_id":"KUB352000533","name":"동국대학교","short_no":"1104","date":"2025-10-31","bis":"경주BIS"}},{"type":"Feature","geometry":{"type":"Point","coordinates":[129.201266,35.867031]},"properties":{"stop_id":"KUB352000534","name":"금장1리","short_no":"5044","date":"2025-10-31","bis":"경주BIS"}},{"type":"Feature","geometry":{"type":"Point","coordinates":[129.1675667,35.85248333]},"properties":{"stop_id":"KUB352000535","name":"문화중고등학교","short_no":"1124","date":"2025-10-31","bis":"경주BIS"}},{"type":"Feature","geometry":{"type":"Point","coordinates":[129.2013333,35.8663]},"properties":{"stop_id":"KUB352000536","name":"금장1리","short_no":"5045","date":"2025-10-31","bis":"경주BIS"}},{"type":"Feature","geometry":{"type":"Point","coordinates":[129.1967542,35.86030008]},"properties":{"stop_id":"KUB352000537","name":"동국대학교","short_no":"1105","date":"2025-10-31","bis":"경주BIS"}},{"type":"Feature","geometry":{"type":"Point","coordinates":[129.19755,35.85831667]},"properties":{"stop_id":"KUB352000538","name":"동국대병원","short_no":"1102","date":"2025-10-31","bis":"경주BIS"}},{"type":"Feature","geometry":{"type":"Point","coordinates":[129.205267,35.855551]},"properties":{"stop_id":"KUB352000539","name":"성건주공아파트","short_no":"1208","date":"2025-10-31","bis":"경주BIS"}},{"type":"Feature","geometry":{"type":"Point","coordinates":[129.206953,35.854306]},"properties":{"stop_id":"KUB352000540","name":"경주여고사거리","short_no":"1022","date":"2025-10-31","bis":"경주BIS"}},{"type":"Feature","geometry":{"type":"Point","coordinates":[129.207033,35.851498]},"properties":{"stop_id":"KUB352000541","name":"성건동행정복지센터","short_no":"1207","date":"2025-10-31","bis":"경주BIS"}},{"type":"Feature","geometry":{"type":"Point","coordinates":[129.207125,35.845738]},"properties":{"stop_id":"KUB352000542","name":"중앙시장네거리 북편","short_no":"1297","date":"2025-10-31","bis":"경주BIS"}},{"type":"Feature","geometry":{"type":"Point","coordinates":[129.0758167,35.70603333]},"properties":{"stop_id":"KUB352000543","name":"태종","short_no":"3229","date":"2025-10-31","bis":"경주BIS"}},{"type":"Feature","geometry":{"type":"Point","coordinates":[129.0759333,35.70971667]},"properties":{"stop_id":"KUB352000544","name":"태종하","short_no":"3231","date":"2025-10-31","bis":"경주BIS"}},{"type":"Feature","geometry":{"type":"Point","coordinates":[129.0732833,35.71601667]},"properties":{"stop_id":"KUB352000545","name":"시다","short_no":"3137","date":"2025-10-31","bis":"경주BIS"}},{"type":"Feature","geometry":{"type":"Point","coordinates":[129.06885,35.72171667]},"properties":{"stop_id":"KUB352000546","name":"시다하","short_no":"3139","date":"2025-10-31","bis":"경주BIS"}},{"type":"Feature","geometry":{"type":"Point","coordinates":[129.1273667,35.56315]},"properties":{"stop_id":"KUB352000547","name":"언양정류소","short_no":"6041","date":"2025-10-31","bis":"경주BIS"}},{"type":"Feature","geometry":{"type":"Point","coordinates":[129.12255,35.5634]},"properties":{"stop_id":"KUB352000548","name":"남천교","short_no":"6013","date":"2025-10-31","bis":"경주BIS"}},{"type":"Feature","geometry":{"type":"Point","coordinates":[129.1146333,35.56868333]},"properties":{"stop_id":"KUB352000549","name":"언양성당","short_no":"6040","date":"2025-10-31","bis":"경주BIS"}},{"type":"Feature","geometry":{"type":"Point","coordinates":[129.1072167,35.57221667]},"properties":{"stop_id":"KUB352000550","name":"청구골드아파트","short_no":"6049","date":"2025-10-31","bis":"경주BIS"}},{"type":"Feature","geometry":{"type":"Point","coordinates":[129.1040667,35.57563333]},"properties":{"stop_id":"KUB352000551","name":"능산","short_no":"6021","date":"2025-10-31","bis":"경주BIS"}},{"type":"Feature","geometry":{"type":"Point","coordinates":[129.1008,35.57766667]},"properties":{"stop_id":"KUB352000552","name":"면허시험장","short_no":"6025","date":"2025-10-31","bis":"경주BIS"}},{"type":"Feature","geometry":{"type":"Point","coordinates":[129.0988167,35.58235]},"properties":{"stop_id":"KUB352000553","name":"상북중학교","short_no":"6053","date":"2025-10-31","bis":"경주BIS"}},{"type":"Feature","geometry":{"type":"Point","coordinates":[129.0965333,35.58546667]},"properties":{"stop_id":"KUB352000554","name":"향산","short_no":"6051","date":"2025-10-31","bis":"경주BIS"}},{"type":"Feature","geometry":{"type":"Point","coordinates":[129.0932167,35.5878]},"properties":{"stop_id":"KUB352000555","name":"울산경의고등학교","short_no":"6034","date":"2025-10-31","bis":"경주BIS"}},{"type":"Feature","geometry":{"type":"Point","coordinates":[129.0887833,35.59138333]},"properties":{"stop_id":"KUB352000556","name":"상북면행정복지센터","short_no":"6032","date":"2025-10-31","bis":"경주BIS"}},{"type":"Feature","geometry":{"type":"Point","coordinates":[129.08565,35.5969]},"properties":{"stop_id":"KUB352000557","name":"궁평","short_no":"6007","date":"2025-10-31","bis":"경주BIS"}},{"type":"Feature","geometry":{"type":"Point","coordinates":[129.0813667,35.6009]},"properties":{"stop_id":"KUB352000558","name":"양동","short_no":"6037","date":"2025-10-31","bis":"경주BIS"}},{"type":"Feature","geometry":{"type":"Point","coordinates":[129.074731,35.61110489]},"properties":{"stop_id":"KUB352000559","name":"상북농공단지","short_no":"6030","date":"2025-10-31","bis":"경주BIS"}},{"type":"Feature","geometry":{"type":"Point","coordinates":[129.0734167,35.61221667]},"properties":{"stop_id":"KUB352000560","name":"장성","short_no":"6044","date":"2025-10-31","bis":"경주BIS"}},{"type":"Feature","geometry":{"type":"Point","coordinates":[129.0707333,35.61398333]},"properties":{"stop_id":"KUB352000561","name":"신기","short_no":"6035","date":"2025-10-31","bis":"경주BIS"}},{"type":"Feature","geometry":{"type":"Point","coordinates":[129.0669741,35.61640274]},"properties":{"stop_id":"KUB352000562","name":"궁근정","short_no":"6005","date":"2025-10-31","bis":"경주BIS"}},{"type":"Feature","geometry":{"type":"Point","coordinates":[129.0550333,35.63205]},"properties":{"stop_id":"KUB352000563","name":"삽제","short_no":"6027","date":"2025-10-31","bis":"경주BIS"}},{"type":"Feature","geometry":{"type":"Point","coordinates":[129.064637,35.654248]},"properties":{"stop_id":"KUB352000564","name":"대현4리A지구.외항","short_no":"3048","date":"2025-10-31","bis":"경주BIS"}},{"type":"Feature","geometry":{"type":"Point","coordinates":[129.058882,35.664131]},"properties":{"stop_id":"KUB352000565","name":"대현4리B지구","short_no":"3050","date":"2025-10-31","bis":"경주BIS"}},{"type":"Feature","geometry":{"type":"Point","coordinates":[129.0554333,35.6692]},"properties":{"stop_id":"KUB352000566","name":"대현3리C지구","short_no":"3053","date":"2025-10-31","bis":"경주BIS"}},{"type":"Feature","geometry":{"type":"Point","coordinates":[129.0524333,35.67321667]},"properties":{"stop_id":"KUB352000567","name":"정원숯불.중리","short_no":"3211","date":"2025-10-31","bis":"경주BIS"}},{"type":"Feature","geometry":{"type":"Point","coordinates":[129.0517333,35.67503333]},"properties":{"stop_id":"KUB352000568","name":"윗중리","short_no":"3198","date":"2025-10-31","bis":"경주BIS"}},{"type":"Feature","geometry":{"type":"Point","coordinates":[129.05075,35.68085]},"properties":{"stop_id":"KUB352000569","name":"삼창농원","short_no":"3107","date":"2025-10-31","bis":"경주BIS"}},{"type":"Feature","geometry":{"type":"Point","coordinates":[129.05225,35.68783333]},"properties":{"stop_id":"KUB352000570","name":"동골","short_no":"3061","date":"2025-10-31","bis":"경주BIS"}},{"type":"Feature","geometry":{"type":"Point","coordinates":[129.0570399,35.69237681]},"properties":{"stop_id":"KUB352000571","name":"윗동골","short_no":"3194","date":"2025-10-31","bis":"경주BIS"}},{"type":"Feature","geometry":{"type":"Point","coordinates":[129.0590333,35.70311667]},"properties":{"stop_id":"KUB352000572","name":"고강리","short_no":"3019","date":"2025-10-31","bis":"경주BIS"}},{"type":"Feature","geometry":{"type":"Point","coordinates":[129.0547167,35.71821667]},"properties":{"stop_id":"KUB352000573","name":"범곡","short_no":"2059","date":"2025-10-31","bis":"경주BIS"}},{"type":"Feature","geometry":{"type":"Point","coordinates":[129.05815,35.72823333]},"properties":{"stop_id":"KUB352000574","name":"서편","short_no":"3124","date":"2025-10-31","bis":"경주BIS"}},{"type":"Feature","geometry":{"type":"Point","coordinates":[129.059,35.73531667]},"properties":{"stop_id":"KUB352000575","name":"동편","short_no":"3066","date":"2025-10-31","bis":"경주BIS"}},{"type":"Feature","geometry":{"type":"Point","coordinates":[129.0600333,35.73726667]},"properties":{"stop_id":"KUB352000576","name":"점태골","short_no":"3208","date":"2025-10-31","bis":"경주BIS"}},{"type":"Feature","geometry":{"type":"Point","coordinates":[129.0611,35.7412]},"properties":{"stop_id":"KUB352000577","name":"국민청소년수련관","short_no":"3028","date":"2025-10-31","bis":"경주BIS"}},{"type":"Feature","geometry":{"type":"Point","coordinates":[129.0690667,35.7623]},"properties":{"stop_id":"KUB352000578","name":"내일2리.소태","short_no":"3032","date":"2025-10-31","bis":"경주BIS"}},{"type":"Feature","geometry":{"type":"Point","coordinates":[129.0466833,35.75385]},"properties":{"stop_id":"KUB352000579","name":"의곡초등학교","short_no":"3101","date":"2025-10-31","bis":"경주BIS"}},{"type":"Feature","geometry":{"type":"Point","coordinates":[129.0306667,35.72486667]},"properties":{"stop_id":"KUB352000580","name":"제공동","short_no":"3212","date":"2025-10-31","bis":"경주BIS"}},{"type":"Feature","geometry":{"type":"Point","coordinates":[129.0285,35.71916667]},"properties":{"stop_id":"KUB352000581","name":"거산","short_no":"3006","date":"2025-10-31","bis":"경주BIS"}},{"type":"Feature","geometry":{"type":"Point","coordinates":[129.0199219,35.7232575]},"properties":{"stop_id":"KUB352000582","name":"산수","short_no":"3103","date":"2025-10-31","bis":"경주BIS"}},{"type":"Feature","geometry":{"type":"Point","coordinates":[129.0126513,35.71628495]},"properties":{"stop_id":"KUB352000583","name":"심천","short_no":"3156","date":"2025-10-31","bis":"경주BIS"}},{"type":"Feature","geometry":{"type":"Point","coordinates":[129.01135,35.73041667]},"properties":{"stop_id":"KUB352000584","name":"상신","short_no":"3110","date":"2025-10-31","bis":"경주BIS"}},{"type":"Feature","geometry":{"type":"Point","coordinates":[129.0096,35.73541667]},"properties":{"stop_id":"KUB352000585","name":"하신","short_no":"3234","date":"2025-10-31","bis":"경주BIS"}},{"type":"Feature","geometry":{"type":"Point","coordinates":[129.003,35.74735]},"properties":{"stop_id":"KUB352000586","name":"괘일","short_no":"3026","date":"2025-10-31","bis":"경주BIS"}},{"type":"Feature","geometry":{"type":"Point","coordinates":[129.0009,35.7518]},"properties":{"stop_id":"KUB352000587","name":"문산기도원입구","short_no":"3081","date":"2025-10-31","bis":"경주BIS"}},{"type":"Feature","geometry":{"type":"Point","coordinates":[129.0125333,35.7539]},"properties":{"stop_id":"KUB352000588","name":"하지리","short_no":"3237","date":"2025-10-31","bis":"경주BIS"}},{"type":"Feature","geometry":{"type":"Point","coordinates":[129.0218833,35.7549]},"properties":{"stop_id":"KUB352000589","name":"상지리","short_no":"3114","date":"2025-10-31","bis":"경주BIS"}},{"type":"Feature","geometry":{"type":"Point","coordinates":[129.0313,35.8375]},"properties":{"stop_id":"KUB352000590","name":"상우라","short_no":"3112","date":"2025-10-31","bis":"경주BIS"}},{"type":"Feature","geometry":{"type":"Point","coordinates":[129.0234519,35.83642244]},"properties":{"stop_id":"KUB352000591","name":"우라2리","short_no":"3186","date":"2025-10-31","bis":"경주BIS"}},{"type":"Feature","geometry":{"type":"Point","coordinates":[129.0154,35.82693333]},"properties":{"stop_id":"KUB352000592","name":"지경","short_no":"3219","date":"2025-10-31","bis":"경주BIS"}},{"type":"Feature","geometry":{"type":"Point","coordinates":[129.0134167,35.81153333]},"properties":{"stop_id":"KUB352000593","name":"우라1리","short_no":"3184","date":"2025-10-31","bis":"경주BIS"}},{"type":"Feature","geometry":{"type":"Point","coordinates":[129.0200667,35.80098333]},"properties":{"stop_id":"KUB352000594","name":"상개태","short_no":"3109","date":"2025-10-31","bis":"경주BIS"}},{"type":"Feature","geometry":{"type":"Point","coordinates":[129.0223833,35.79821667]},"properties":{"stop_id":"KUB352000595","name":"하개태","short_no":"3233","date":"2025-10-31","bis":"경주BIS"}},{"type":"Feature","geometry":{"type":"Point","coordinates":[129.0212998,35.78950072]},"properties":{"stop_id":"KUB352000596","name":"다라곶","short_no":"3037","date":"2025-10-31","bis":"경주BIS"}},{"type":"Feature","geometry":{"type":"Point","coordinates":[129.0202833,35.7879]},"properties":{"stop_id":"KUB352000597","name":"산재입구","short_no":"3105","date":"2025-10-31","bis":"경주BIS"}},{"type":"Feature","geometry":{"type":"Point","coordinates":[129.02325,35.78496667]},"properties":{"stop_id":"KUB352000598","name":"곧음터","short_no":"3024","date":"2025-10-31","bis":"경주BIS"}},{"type":"Feature","geometry":{"type":"Point","coordinates":[129.0220498,35.77766655]},"properties":{"stop_id":"KUB352000599","name":"개미골","short_no":"3004","date":"2025-10-31","bis":"경주BIS"}},{"type":"Feature","geometry":{"type":"Point","coordinates":[129.0086042,35.77061593]},"properties":{"stop_id":"KUB352000600","name":"박다","short_no":"3085","date":"2025-10-31","bis":"경주BIS"}},{"type":"Feature","geometry":{"type":"Point","coordinates":[129.0104667,35.76333333]},"properties":{"stop_id":"KUB352000601","name":"옻밭","short_no":"3181","date":"2025-10-31","bis":"경주BIS"}},{"type":"Feature","geometry":{"type":"Point","coordinates":[129.0105,35.7611]},"properties":{"stop_id":"KUB352000602","name":"신원","short_no":"3147","date":"2025-10-31","bis":"경주BIS"}},{"type":"Feature","geometry":{"type":"Point","coordinates":[129.0236539,35.75949003]},"properties":{"stop_id":"KUB352000603","name":"방동","short_no":"3089","date":"2025-10-31","bis":"경주BIS"}},{"type":"Feature","geometry":{"type":"Point","coordinates":[129.0307167,35.75815]},"properties":{"stop_id":"KUB352000604","name":"원두","short_no":"3191","date":"2025-10-31","bis":"경주BIS"}},{"type":"Feature","geometry":{"type":"Point","coordinates":[129.0976608,35.84617861]},"properties":{"stop_id":"KUB352000605","name":"무산고등학교","short_no":"3078","date":"2025-10-31","bis":"경주BIS"}},{"type":"Feature","geometry":{"type":"Point","coordinates":[129.0945061,35.84427311]},"properties":{"stop_id":"KUB352000606","name":"천포초등학교","short_no":"3223","date":"2025-10-31","bis":"경주BIS"}},{"type":"Feature","geometry":{"type":"Point","coordinates":[129.0924457,35.84299567]},"properties":{"stop_id":"KUB352000607","name":"햇님슈퍼","short_no":"3245","date":"2025-10-31","bis":"경주BIS"}},{"type":"Feature","geometry":{"type":"Point","coordinates":[129.0863167,35.84001667]},"properties":{"stop_id":"KUB352000608","name":"건천IC","short_no":"3011","date":"2025-10-31","bis":"경주BIS"}},{"type":"Feature","geometry":{"type":"Point","coordinates":[129.0797167,35.83578333]},"properties":{"stop_id":"KUB352000609","name":"송선1리선동","short_no":"3129","date":"2025-10-31","bis":"경주BIS"}},{"type":"Feature","geometry":{"type":"Point","coordinates":[129.07635,35.83118333]},"properties":{"stop_id":"KUB352000610","name":"송선1리달래창","short_no":"3127","date":"2025-10-31","bis":"경주BIS"}},{"type":"Feature","geometry":{"type":"Point","coordinates":[129.0725667,35.81776667]},"properties":{"stop_id":"KUB352000611","name":"송선2리절골","short_no":"3131","date":"2025-10-31","bis":"경주BIS"}},{"type":"Feature","geometry":{"type":"Point","coordinates":[129.0677833,35.80761667]},"properties":{"stop_id":"KUB352000612","name":"우중골.단석산입구","short_no":"3187","date":"2025-10-31","bis":"경주BIS"}},{"type":"Feature","geometry":{"type":"Point","coordinates":[129.0658,35.80185]},"properties":{"stop_id":"KUB352000613","name":"어머리","short_no":"3169","date":"2025-10-31","bis":"경주BIS"}},{"type":"Feature","geometry":{"type":"Point","coordinates":[129.055332,35.788175]},"properties":{"stop_id":"KUB352000614","name":"감산","short_no":"3002","date":"2025-10-31","bis":"경주BIS"}},{"type":"Feature","geometry":{"type":"Point","coordinates":[129.0565761,35.77835147]},"properties":{"stop_id":"KUB352000615","name":"해평상.윗널다리","short_no":"3240","date":"2025-10-31","bis":"경주BIS"}},{"type":"Feature","geometry":{"type":"Point","coordinates":[129.0556833,35.77401667]},"properties":{"stop_id":"KUB352000616","name":"해평하.널다리","short_no":"3242","date":"2025-10-31","bis":"경주BIS"}},{"type":"Feature","geometry":{"type":"Point","coordinates":[129.0525167,35.76748333]},"properties":{"stop_id":"KUB352000617","name":"동방주유소","short_no":"3063","date":"2025-10-31","bis":"경주BIS"}},{"type":"Feature","geometry":{"type":"Point","coordinates":[129.05095,35.76355]},"properties":{"stop_id":"KUB352000618","name":"내일1리","short_no":"3092","date":"2025-10-31","bis":"경주BIS"}},{"type":"Feature","geometry":{"type":"Point","coordinates":[129.0455167,35.75748333]},"properties":{"stop_id":"KUB352000619","name":"산내정류소","short_no":"3099","date":"2025-10-31","bis":"경주BIS"}},{"type":"Feature","geometry":{"type":"Point","coordinates":[129.0508333,35.76361667]},"properties":{"stop_id":"KUB352000620","name":"내일1리","short_no":"3093","date":"2025-10-31","bis":"경주BIS"}},{"type":"Feature","geometry":{"type":"Point","coordinates":[129.051407,35.765848]},"properties":{"stop_id":"KUB352000621","name":"내일리(회평)","short_no":"3064","date":"2025-10-31","bis":"경주BIS"}},{"type":"Feature","geometry":{"type":"Point","coordinates":[129.0556167,35.7741]},"properties":{"stop_id":"KUB352000622","name":"해평하.널다리","short_no":"3243","date":"2025-10-31","bis":"경주BIS"}},{"type":"Feature","geometry":{"type":"Point","coordinates":[129.05645,35.77826667]},"properties":{"stop_id":"KUB352000623","name":"해평상.윗널다리","short_no":"3241","date":"2025-10-31","bis":"경주BIS"}},{"type":"Feature","geometry":{"type":"Point","coordinates":[129.055136,35.788395]},"properties":{"stop_id":"KUB352000624","name":"감산","short_no":"3003","date":"2025-10-31","bis":"경주BIS"}},{"type":"Feature","geometry":{"type":"Point","coordinates":[129.0656853,35.80197018]},"properties":{"stop_id":"KUB352000625","name":"어머리","short_no":"3168","date":"2025-10-31","bis":"경주BIS"}},{"type":"Feature","geometry":{"type":"Point","coordinates":[129.0676635,35.80774565]},"properties":{"stop_id":"KUB352000626","name":"우중골.단석산입구","short_no":"3188","date":"2025-10-31","bis":"경주BIS"}},{"type":"Feature","geometry":{"type":"Point","coordinates":[129.0724783,35.81787438]},"properties":{"stop_id":"KUB352000627","name":"송선2리절골","short_no":"3132","date":"2025-10-31","bis":"경주BIS"}},{"type":"Feature","geometry":{"type":"Point","coordinates":[129.0762,35.83130324]},"properties":{"stop_id":"KUB352000628","name":"송선1리달래창","short_no":"3128","date":"2025-10-31","bis":"경주BIS"}},{"type":"Feature","geometry":{"type":"Point","coordinates":[129.0795935,35.83589695]},"properties":{"stop_id":"KUB352000629","name":"송선1리선동","short_no":"3130","date":"2025-10-31","bis":"경주BIS"}},{"type":"Feature","geometry":{"type":"Point","coordinates":[129.0863392,35.8403334]},"properties":{"stop_id":"KUB352000630","name":"건천IC","short_no":"3010","date":"2025-10-31","bis":"경주BIS"}},{"type":"Feature","geometry":{"type":"Point","coordinates":[129.0921597,35.84297921]},"properties":{"stop_id":"KUB352000631","name":"햇님슈퍼","short_no":"3244","date":"2025-10-31","bis":"경주BIS"}},{"type":"Feature","geometry":{"type":"Point","coordinates":[129.0952419,35.84490003]},"properties":{"stop_id":"KUB352000632","name":"천포초등학교","short_no":"3224","date":"2025-10-31","bis":"경주BIS"}},{"type":"Feature","geometry":{"type":"Point","coordinates":[129.0979273,35.8464906]},"properties":{"stop_id":"KUB352000633","name":"무산고등학교","short_no":"3079","date":"2025-10-31","bis":"경주BIS"}},{"type":"Feature","geometry":{"type":"Point","coordinates":[129.1008167,35.84823333]},"properties":{"stop_id":"KUB352000634","name":"회춘당한약방","short_no":"3247","date":"2025-10-31","bis":"경주BIS"}},{"type":"Feature","geometry":{"type":"Point","coordinates":[129.144163,35.803967]},"properties":{"stop_id":"KUB352000636","name":"신전마을","short_no":"3179","date":"2025-10-31","bis":"경주BIS"}},{"type":"Feature","geometry":{"type":"Point","coordinates":[129.085,35.8502]},"properties":{"stop_id":"KUB352000637","name":"못밑","short_no":"3077","date":"2025-10-31","bis":"경주BIS"}},{"type":"Feature","geometry":{"type":"Point","coordinates":[129.0816667,35.85311667]},"properties":{"stop_id":"KUB352000638","name":"수룡골","short_no":"3135","date":"2025-10-31","bis":"경주BIS"}},{"type":"Feature","geometry":{"type":"Point","coordinates":[129.0785833,35.85665573]},"properties":{"stop_id":"KUB352000639","name":"가척","short_no":"3001","date":"2025-10-31","bis":"경주BIS"}},{"type":"Feature","geometry":{"type":"Point","coordinates":[129.08555,35.85738333]},"properties":{"stop_id":"KUB352000640","name":"돈지마을","short_no":"3060","date":"2025-10-31","bis":"경주BIS"}},{"type":"Feature","geometry":{"type":"Point","coordinates":[129.0946118,35.87209457]},"properties":{"stop_id":"KUB352000641","name":"용명2리","short_no":"3083","date":"2025-10-31","bis":"경주BIS"}},{"type":"Feature","geometry":{"type":"Point","coordinates":[129.0866148,35.86556766]},"properties":{"stop_id":"KUB352000642","name":"장승마을","short_no":"3205","date":"2025-10-31","bis":"경주BIS"}},{"type":"Feature","geometry":{"type":"Point","coordinates":[129.1172539,35.87076415]},"properties":{"stop_id":"KUB352000643","name":"용명3리","short_no":"3182","date":"2025-10-31","bis":"경주BIS"}},{"type":"Feature","geometry":{"type":"Point","coordinates":[129.1190047,35.86699482]},"properties":{"stop_id":"KUB352000644","name":"탑골마을","short_no":"3226","date":"2025-10-31","bis":"경주BIS"}},{"type":"Feature","geometry":{"type":"Point","coordinates":[129.1212757,35.86362188]},"properties":{"stop_id":"KUB352000645","name":"한실.갈밭","short_no":"3239","date":"2025-10-31","bis":"경주BIS"}},{"type":"Feature","geometry":{"type":"Point","coordinates":[129.1218496,35.85424438]},"properties":{"stop_id":"KUB352000646","name":"대곡2리","short_no":"3045","date":"2025-10-31","bis":"경주BIS"}},{"type":"Feature","geometry":{"type":"Point","coordinates":[129.121682,35.84723381]},"properties":{"stop_id":"KUB352000647","name":"대곡1리","short_no":"3042","date":"2025-10-31","bis":"경주BIS"}},{"type":"Feature","geometry":{"type":"Point","coordinates":[129.11135,35.84803333]},"properties":{"stop_id":"KUB352000648","name":"건천4리","short_no":"3008","date":"2025-10-31","bis":"경주BIS"}},{"type":"Feature","geometry":{"type":"Point","coordinates":[129.1231286,35.82092189]},"properties":{"stop_id":"KUB352000649","name":"새마을","short_no":"3115","date":"2025-10-31","bis":"경주BIS"}},{"type":"Feature","geometry":{"type":"Point","coordinates":[129.1275778,35.82150629]},"properties":{"stop_id":"KUB352000650","name":"모량2리회관","short_no":"3074","date":"2025-10-31","bis":"경주BIS"}},{"type":"Feature","geometry":{"type":"Point","coordinates":[129.1231369,35.82078655]},"properties":{"stop_id":"KUB352000651","name":"새마을","short_no":"3116","date":"2025-10-31","bis":"경주BIS"}},{"type":"Feature","geometry":{"type":"Point","coordinates":[129.1104333,35.82325]},"properties":{"stop_id":"KUB352000652","name":"아랫마을","short_no":"3159","date":"2025-10-31","bis":"경주BIS"}},{"type":"Feature","geometry":{"type":"Point","coordinates":[129.1089667,35.8228]},"properties":{"stop_id":"KUB352000653","name":"중마을","short_no":"3217","date":"2025-10-31","bis":"경주BIS"}},{"type":"Feature","geometry":{"type":"Point","coordinates":[129.1055,35.82155]},"properties":{"stop_id":"KUB352000654","name":"고양터","short_no":"3022","date":"2025-10-31","bis":"경주BIS"}},{"type":"Feature","geometry":{"type":"Point","coordinates":[129.1024918,35.8211403]},"properties":{"stop_id":"KUB352000655","name":"방내","short_no":"3087","date":"2025-10-31","bis":"경주BIS"}},{"type":"Feature","geometry":{"type":"Point","coordinates":[129.1405827,35.82912073]},"properties":{"stop_id":"KUB352000656","name":"고란회관","short_no":"1043","date":"2025-10-31","bis":"경주BIS"}},{"type":"Feature","geometry":{"type":"Point","coordinates":[129.104717,35.76240138]},"properties":{"stop_id":"KUB352000657","name":"반탕골","short_no":"4083","date":"2025-10-31","bis":"경주BIS"}},{"type":"Feature","geometry":{"type":"Point","coordinates":[129.111648,35.76843315]},"properties":{"stop_id":"KUB352000658","name":"학동","short_no":"4204","date":"2025-10-31","bis":"경주BIS"}},{"type":"Feature","geometry":{"type":"Point","coordinates":[129.12105,35.7688]},"properties":{"stop_id":"KUB352000659","name":"돌고지","short_no":"4048","date":"2025-10-31","bis":"경주BIS"}},{"type":"Feature","geometry":{"type":"Point","coordinates":[129.1290833,35.78656667]},"properties":{"stop_id":"KUB352000660","name":"백석","short_no":"3091","date":"2025-10-31","bis":"경주BIS"}},{"type":"Feature","geometry":{"type":"Point","coordinates":[129.1351167,35.79273333]},"properties":{"stop_id":"KUB352000661","name":"신기","short_no":"3145","date":"2025-10-31","bis":"경주BIS"}},{"type":"Feature","geometry":{"type":"Point","coordinates":[129.1363667,35.79441667]},"properties":{"stop_id":"KUB352000662","name":"태봉입구","short_no":"3227","date":"2025-10-31","bis":"경주BIS"}},{"type":"Feature","geometry":{"type":"Point","coordinates":[129.141588,35.804684]},"properties":{"stop_id":"KUB352000663","name":"반도유보라 건너","short_no":"3149","date":"2025-10-31","bis":"경주BIS"}},{"type":"Feature","geometry":{"type":"Point","coordinates":[129.142779,35.802194]},"properties":{"stop_id":"KUB352000664","name":"신전마을입구","short_no":"3174","date":"2025-10-31","bis":"경주BIS"}},{"type":"Feature","geometry":{"type":"Point","coordinates":[129.1445417,35.80825311]},"properties":{"stop_id":"KUB352000665","name":"뒤들","short_no":"3068","date":"2025-10-31","bis":"경주BIS"}},{"type":"Feature","geometry":{"type":"Point","coordinates":[129.1981667,35.7507]},"properties":{"stop_id":"KUB352000666","name":"이조","short_no":"4183","date":"2025-10-31","bis":"경주BIS"}},{"type":"Feature","geometry":{"type":"Point","coordinates":[129.1632637,35.7680337]},"properties":{"stop_id":"KUB352000667","name":"화곡2리","short_no":"4210","date":"2025-10-31","bis":"경주BIS"}},{"type":"Feature","geometry":{"type":"Point","coordinates":[129.16945,35.7763]},"properties":{"stop_id":"KUB352000668","name":"화곡1리","short_no":"4208","date":"2025-10-31","bis":"경주BIS"}},{"type":"Feature","geometry":{"type":"Point","coordinates":[129.1685234,35.77955004]},"properties":{"stop_id":"KUB352000669","name":"화곡당수나무","short_no":"4212","date":"2025-10-31","bis":"경주BIS"}},{"type":"Feature","geometry":{"type":"Point","coordinates":[129.16745,35.78341667]},"properties":{"stop_id":"KUB352000670","name":"반자골","short_no":"4082","date":"2025-10-31","bis":"경주BIS"}},{"type":"Feature","geometry":{"type":"Point","coordinates":[129.1694833,35.79053333]},"properties":{"stop_id":"KUB352000671","name":"망성1리","short_no":"4060","date":"2025-10-31","bis":"경주BIS"}},{"type":"Feature","geometry":{"type":"Point","coordinates":[129.1781833,35.79513333]},"properties":{"stop_id":"KUB352000672","name":"율동못안","short_no":"1288","date":"2025-10-31","bis":"경주BIS"}},{"type":"Feature","geometry":{"type":"Point","coordinates":[129.18165,35.79865]},"properties":{"stop_id":"KUB352000673","name":"율동초등학교앞","short_no":"1289","date":"2025-10-31","bis":"경주BIS"}},{"type":"Feature","geometry":{"type":"Point","coordinates":[129.1816828,35.80205746]},"properties":{"stop_id":"KUB352000674","name":"율동마을","short_no":"1286","date":"2025-10-31","bis":"경주BIS"}},{"type":"Feature","geometry":{"type":"Point","coordinates":[129.1822757,35.80970289]},"properties":{"stop_id":"KUB352000675","name":"배바위","short_no":"1135","date":"2025-10-31","bis":"경주BIS"}},{"type":"Feature","geometry":{"type":"Point","coordinates":[129.219773,35.868689]},"properties":{"stop_id":"KUB352000676","name":"황성베스티움아파트","short_no":"1134","date":"2025-10-31","bis":"경주BIS"}},{"type":"Feature","geometry":{"type":"Point","coordinates":[129.0287667,35.90431667]},"properties":{"stop_id":"KUB352000677","name":"아화3리","short_no":"3160","date":"2025-10-31","bis":"경주BIS"}},{"type":"Feature","geometry":{"type":"Point","coordinates":[129.02125,35.90748333]},"properties":{"stop_id":"KUB352000678","name":"고지","short_no":"6002","date":"2025-10-31","bis":"경주BIS"}},{"type":"Feature","geometry":{"type":"Point","coordinates":[129.0164167,35.90813333]},"properties":{"stop_id":"KUB352000679","name":"마야병원","short_no":"6022","date":"2025-10-31","bis":"경주BIS"}},{"type":"Feature","geometry":{"type":"Point","coordinates":[129.0107667,35.90768333]},"properties":{"stop_id":"KUB352000680","name":"고지삼거리","short_no":"6003","date":"2025-10-31","bis":"경주BIS"}},{"type":"Feature","geometry":{"type":"Point","coordinates":[129.0086459,35.9186301]},"properties":{"stop_id":"KUB352000681","name":"임포정류장","short_no":"6042","date":"2025-10-31","bis":"경주BIS"}},{"type":"Feature","geometry":{"type":"Point","coordinates":[129.0107167,35.90788333]},"properties":{"stop_id":"KUB352000682","name":"고지삼거리","short_no":"6004","date":"2025-10-31","bis":"경주BIS"}},{"type":"Feature","geometry":{"type":"Point","coordinates":[129.0164667,35.90825]},"properties":{"stop_id":"KUB352000683","name":"마야병원","short_no":"6023","date":"2025-10-31","bis":"경주BIS"}},{"type":"Feature","geometry":{"type":"Point","coordinates":[129.0202667,35.9077]},"properties":{"stop_id":"KUB352000684","name":"고지","short_no":"6001","date":"2025-10-31","bis":"경주BIS"}},{"type":"Feature","geometry":{"type":"Point","coordinates":[129.02895,35.90443333]},"properties":{"stop_id":"KUB352000685","name":"아화3리","short_no":"3161","date":"2025-10-31","bis":"경주BIS"}},{"type":"Feature","geometry":{"type":"Point","coordinates":[129.0408768,35.90145721]},"properties":{"stop_id":"KUB352000686","name":"애기지휴게소","short_no":"3167","date":"2025-10-31","bis":"경주BIS"}},{"type":"Feature","geometry":{"type":"Point","coordinates":[129.0343,35.86276667]},"properties":{"stop_id":"KUB352000687","name":"천촌","short_no":"3220","date":"2025-10-31","bis":"경주BIS"}},{"type":"Feature","geometry":{"type":"Point","coordinates":[129.0341167,35.86423333]},"properties":{"stop_id":"KUB352000688","name":"천촌하구","short_no":"3222","date":"2025-10-31","bis":"경주BIS"}},{"type":"Feature","geometry":{"type":"Point","coordinates":[129.0376333,35.87413333]},"properties":{"stop_id":"KUB352000689","name":"서오상구","short_no":"3120","date":"2025-10-31","bis":"경주BIS"}},{"type":"Feature","geometry":{"type":"Point","coordinates":[129.03785,35.87608333]},"properties":{"stop_id":"KUB352000690","name":"서오중부","short_no":"3121","date":"2025-10-31","bis":"경주BIS"}},{"type":"Feature","geometry":{"type":"Point","coordinates":[129.0408589,35.88300112]},"properties":{"stop_id":"KUB352000691","name":"서오1리","short_no":"3118","date":"2025-10-31","bis":"경주BIS"}},{"type":"Feature","geometry":{"type":"Point","coordinates":[129.043334,35.88828746]},"properties":{"stop_id":"KUB352000692","name":"서맛골마을","short_no":"3020","date":"2025-10-31","bis":"경주BIS"}},{"type":"Feature","geometry":{"type":"Point","coordinates":[129.0856681,35.93142804]},"properties":{"stop_id":"KUB352000693","name":"도리2리회관","short_no":"3057","date":"2025-10-31","bis":"경주BIS"}},{"type":"Feature","geometry":{"type":"Point","coordinates":[129.0770224,35.9286575]},"properties":{"stop_id":"KUB352000694","name":"당리","short_no":"3041","date":"2025-10-31","bis":"경주BIS"}},{"type":"Feature","geometry":{"type":"Point","coordinates":[129.077562,35.91838572]},"properties":{"stop_id":"KUB352000695","name":"중마을","short_no":"3215","date":"2025-10-31","bis":"경주BIS"}},{"type":"Feature","geometry":{"type":"Point","coordinates":[129.0755263,35.92149558]},"properties":{"stop_id":"KUB352000696","name":"도리보건소","short_no":"3058","date":"2025-10-31","bis":"경주BIS"}},{"type":"Feature","geometry":{"type":"Point","coordinates":[129.0618068,35.92063026]},"properties":{"stop_id":"KUB352000697","name":"점말","short_no":"3207","date":"2025-10-31","bis":"경주BIS"}},{"type":"Feature","geometry":{"type":"Point","coordinates":[129.0533354,35.90390348]},"properties":{"stop_id":"KUB352000698","name":"심곡못밑","short_no":"3155","date":"2025-10-31","bis":"경주BIS"}},{"type":"Feature","geometry":{"type":"Point","coordinates":[129.0501417,35.8992735]},"properties":{"stop_id":"KUB352000699","name":"심곡","short_no":"3153","date":"2025-10-31","bis":"경주BIS"}},{"type":"Feature","geometry":{"type":"Point","coordinates":[129.0542387,35.88384084]},"properties":{"stop_id":"KUB352000700","name":"도계","short_no":"3056","date":"2025-10-31","bis":"경주BIS"}},{"type":"Feature","geometry":{"type":"Point","coordinates":[129.1870833,35.82358333]},"properties":{"stop_id":"KUB352000701","name":"능남.사애각","short_no":"1079","date":"2025-10-31","bis":"경주BIS"}},{"type":"Feature","geometry":{"type":"Point","coordinates":[129.1879333,35.82411667]},"properties":{"stop_id":"KUB352000702","name":"능남.사애각","short_no":"1080","date":"2025-10-31","bis":"경주BIS"}},{"type":"Feature","geometry":{"type":"Point","coordinates":[129.1626833,35.85161667]},"properties":{"stop_id":"KUB352000703","name":"중마을회관","short_no":"1306","date":"2025-10-31","bis":"경주BIS"}},{"type":"Feature","geometry":{"type":"Point","coordinates":[129.1628447,35.84519924]},"properties":{"stop_id":"KUB352000704","name":"재동마을회관","short_no":"1295","date":"2025-10-31","bis":"경주BIS"}},{"type":"Feature","geometry":{"type":"Point","coordinates":[129.075316,35.888414]},"properties":{"stop_id":"KUB352000705","name":"운대2리","short_no":"3189","date":"2025-10-31","bis":"경주BIS"}},{"type":"Feature","geometry":{"type":"Point","coordinates":[129.0728334,35.89114883]},"properties":{"stop_id":"KUB352000706","name":"사라리","short_no":"3097","date":"2025-10-31","bis":"경주BIS"}},{"type":"Feature","geometry":{"type":"Point","coordinates":[129.215986,35.841133]},"properties":{"stop_id":"KUB352000707","name":"팔우정","short_no":"1349","date":"2025-10-31","bis":"경주BIS"}},{"type":"Feature","geometry":{"type":"Point","coordinates":[129.1498833,35.81998333]},"properties":{"stop_id":"KUB352000708","name":"광명","short_no":"1048","date":"2025-10-31","bis":"경주BIS"}},{"type":"Feature","geometry":{"type":"Point","coordinates":[129.14925,35.8199]},"properties":{"stop_id":"KUB352000709","name":"광명","short_no":"1047","date":"2025-10-31","bis":"경주BIS"}},{"type":"Feature","geometry":{"type":"Point","coordinates":[129.1731167,35.81526667]},"properties":{"stop_id":"KUB352000710","name":"율동","short_no":"1284","date":"2025-10-31","bis":"경주BIS"}},{"type":"Feature","geometry":{"type":"Point","coordinates":[129.1792947,35.81541276]},"properties":{"stop_id":"KUB352000711","name":"효현","short_no":"1389","date":"2025-10-31","bis":"경주BIS"}},{"type":"Feature","geometry":{"type":"Point","coordinates":[129.1866333,35.8211]},"properties":{"stop_id":"KUB352000712","name":"효현고개","short_no":"1391","date":"2025-10-31","bis":"경주BIS"}},{"type":"Feature","geometry":{"type":"Point","coordinates":[129.1895906,35.82588245]},"properties":{"stop_id":"KUB352000713","name":"서악.무열왕릉","short_no":"1194","date":"2025-10-31","bis":"경주BIS"}},{"type":"Feature","geometry":{"type":"Point","coordinates":[129.1901167,35.82618333]},"properties":{"stop_id":"KUB352000714","name":"서악.무열왕릉","short_no":"1195","date":"2025-10-31","bis":"경주BIS"}},{"type":"Feature","geometry":{"type":"Point","coordinates":[129.18675,35.8206]},"properties":{"stop_id":"KUB352000715","name":"효현고개","short_no":"1392","date":"2025-10-31","bis":"경주BIS"}},{"type":"Feature","geometry":{"type":"Point","coordinates":[129.18005,35.81553333]},"properties":{"stop_id":"KUB352000716","name":"효현","short_no":"1390","date":"2025-10-31","bis":"경주BIS"}},{"type":"Feature","geometry":{"type":"Point","coordinates":[129.1728833,35.81518333]},"properties":{"stop_id":"KUB352000717","name":"율동","short_no":"1283","date":"2025-10-31","bis":"경주BIS"}},{"type":"Feature","geometry":{"type":"Point","coordinates":[129.1324328,35.82343339]},"properties":{"stop_id":"KUB352000718","name":"모량초등학교","short_no":"3072","date":"2025-10-31","bis":"경주BIS"}},{"type":"Feature","geometry":{"type":"Point","coordinates":[129.1259333,35.82888333]},"properties":{"stop_id":"KUB352000719","name":"모량역","short_no":"3075","date":"2025-10-31","bis":"경주BIS"}},{"type":"Feature","geometry":{"type":"Point","coordinates":[129.1231833,35.83138333]},"properties":{"stop_id":"KUB352000720","name":"오방골","short_no":"3172","date":"2025-10-31","bis":"경주BIS"}},{"type":"Feature","geometry":{"type":"Point","coordinates":[129.1198667,35.83423333]},"properties":{"stop_id":"KUB352000721","name":"금척","short_no":"3030","date":"2025-10-31","bis":"경주BIS"}},{"type":"Feature","geometry":{"type":"Point","coordinates":[129.1168833,35.83681667]},"properties":{"stop_id":"KUB352000722","name":"열녀각","short_no":"3170","date":"2025-10-31","bis":"경주BIS"}},{"type":"Feature","geometry":{"type":"Point","coordinates":[129.1095667,35.84306667]},"properties":{"stop_id":"KUB352000723","name":"조전","short_no":"3213","date":"2025-10-31","bis":"경주BIS"}},{"type":"Feature","geometry":{"type":"Point","coordinates":[129.1064667,35.84575]},"properties":{"stop_id":"KUB352000724","name":"대곡입구","short_no":"3046","date":"2025-10-31","bis":"경주BIS"}},{"type":"Feature","geometry":{"type":"Point","coordinates":[129.10465,35.84786667]},"properties":{"stop_id":"KUB352000725","name":"건천시장","short_no":"3013","date":"2025-10-31","bis":"경주BIS"}},{"type":"Feature","geometry":{"type":"Point","coordinates":[129.1002333,35.8523]},"properties":{"stop_id":"KUB352000726","name":"건천정류장","short_no":"3016","date":"2025-10-31","bis":"경주BIS"}},{"type":"Feature","geometry":{"type":"Point","coordinates":[129.0985118,35.85409881]},"properties":{"stop_id":"KUB352000727","name":"건천역","short_no":"3014","date":"2025-10-31","bis":"경주BIS"}},{"type":"Feature","geometry":{"type":"Point","coordinates":[129.086292,35.864232]},"properties":{"stop_id":"KUB352000728","name":"장승마을","short_no":"3202","date":"2025-10-31","bis":"경주BIS"}},{"type":"Feature","geometry":{"type":"Point","coordinates":[129.079546,35.86998073]},"properties":{"stop_id":"KUB352000729","name":"윗장승","short_no":"3196","date":"2025-10-31","bis":"경주BIS"}},{"type":"Feature","geometry":{"type":"Point","coordinates":[129.0736333,35.87455]},"properties":{"stop_id":"KUB352000730","name":"농공단지","short_no":"3034","date":"2025-10-31","bis":"경주BIS"}},{"type":"Feature","geometry":{"type":"Point","coordinates":[129.070442,35.878091]},"properties":{"stop_id":"KUB352000731","name":"월하","short_no":"3192","date":"2025-10-31","bis":"경주BIS"}},{"type":"Feature","geometry":{"type":"Point","coordinates":[129.064892,35.882679]},"properties":{"stop_id":"KUB352000732","name":"사라.운대입구","short_no":"3094","date":"2025-10-31","bis":"경주BIS"}},{"type":"Feature","geometry":{"type":"Point","coordinates":[129.0402973,35.90157282]},"properties":{"stop_id":"KUB352000733","name":"애기지휴게소","short_no":"3166","date":"2025-10-31","bis":"경주BIS"}},{"type":"Feature","geometry":{"type":"Point","coordinates":[129.0504667,35.89325]},"properties":{"stop_id":"KUB352000734","name":"아화정류장","short_no":"3165","date":"2025-10-31","bis":"경주BIS"}},{"type":"Feature","geometry":{"type":"Point","coordinates":[129.0543833,35.89096667]},"properties":{"stop_id":"KUB352000735","name":"아화삼거리","short_no":"3163","date":"2025-10-31","bis":"경주BIS"}},{"type":"Feature","geometry":{"type":"Point","coordinates":[129.065211,35.882583]},"properties":{"stop_id":"KUB352000736","name":"사라.운대입구","short_no":"3095","date":"2025-10-31","bis":"경주BIS"}},{"type":"Feature","geometry":{"type":"Point","coordinates":[129.070746,35.87787]},"properties":{"stop_id":"KUB352000737","name":"월하","short_no":"3193","date":"2025-10-31","bis":"경주BIS"}},{"type":"Feature","geometry":{"type":"Point","coordinates":[129.07443,35.874186]},"properties":{"stop_id":"KUB352000738","name":"운대교","short_no":"3035","date":"2025-10-31","bis":"경주BIS"}},{"type":"Feature","geometry":{"type":"Point","coordinates":[129.0796701,35.87009179]},"properties":{"stop_id":"KUB352000739","name":"윗장승","short_no":"3197","date":"2025-10-31","bis":"경주BIS"}},{"type":"Feature","geometry":{"type":"Point","coordinates":[129.086591,35.864157]},"properties":{"stop_id":"KUB352000740","name":"장승마을","short_no":"3204","date":"2025-10-31","bis":"경주BIS"}},{"type":"Feature","geometry":{"type":"Point","coordinates":[129.0945333,35.85808333]},"properties":{"stop_id":"KUB352000741","name":"신평입구","short_no":"3151","date":"2025-10-31","bis":"경주BIS"}},{"type":"Feature","geometry":{"type":"Point","coordinates":[129.0981667,35.85471667]},"properties":{"stop_id":"KUB352000742","name":"건천역","short_no":"3015","date":"2025-10-31","bis":"경주BIS"}},{"type":"Feature","geometry":{"type":"Point","coordinates":[129.1006,35.8522]},"properties":{"stop_id":"KUB352000743","name":"건천정류장","short_no":"3017","date":"2025-10-31","bis":"경주BIS"}},{"type":"Feature","geometry":{"type":"Point","coordinates":[129.1042667,35.84853333]},"properties":{"stop_id":"KUB352000744","name":"건천시장","short_no":"3012","date":"2025-10-31","bis":"경주BIS"}},{"type":"Feature","geometry":{"type":"Point","coordinates":[129.1066667,35.84575]},"properties":{"stop_id":"KUB352000745","name":"대곡입구","short_no":"3047","date":"2025-10-31","bis":"경주BIS"}},{"type":"Feature","geometry":{"type":"Point","coordinates":[129.10975,35.84313333]},"properties":{"stop_id":"KUB352000746","name":"조전","short_no":"3214","date":"2025-10-31","bis":"경주BIS"}},{"type":"Feature","geometry":{"type":"Point","coordinates":[129.1170642,35.83691298]},"properties":{"stop_id":"KUB352000747","name":"열녀각","short_no":"3171","date":"2025-10-31","bis":"경주BIS"}},{"type":"Feature","geometry":{"type":"Point","coordinates":[129.1200358,35.83441184]},"properties":{"stop_id":"KUB352000748","name":"금척","short_no":"3031","date":"2025-10-31","bis":"경주BIS"}},{"type":"Feature","geometry":{"type":"Point","coordinates":[129.12325,35.83153333]},"properties":{"stop_id":"KUB352000749","name":"오방골","short_no":"3173","date":"2025-10-31","bis":"경주BIS"}},{"type":"Feature","geometry":{"type":"Point","coordinates":[129.1261167,35.82891667]},"properties":{"stop_id":"KUB352000750","name":"모량역","short_no":"3076","date":"2025-10-31","bis":"경주BIS"}},{"type":"Feature","geometry":{"type":"Point","coordinates":[129.1305212,35.82497208]},"properties":{"stop_id":"KUB352000751","name":"모량1리 경로당","short_no":"3071","date":"2025-10-31","bis":"경주BIS"}},{"type":"Feature","geometry":{"type":"Point","coordinates":[129.217431,35.842425]},"properties":{"stop_id":"KUB352000752","name":"경고지하도","short_no":"1027","date":"2025-10-31","bis":"경주BIS"}},{"type":"Feature","geometry":{"type":"Point","coordinates":[129.17025,35.88573333]},"properties":{"stop_id":"KUB352000753","name":"하구1리","short_no":"5304","date":"2025-10-31","bis":"경주BIS"}},{"type":"Feature","geometry":{"type":"Point","coordinates":[129.1595,35.87735]},"properties":{"stop_id":"KUB352000754","name":"상구1리","short_no":"5152","date":"2025-10-31","bis":"경주BIS"}},{"type":"Feature","geometry":{"type":"Point","coordinates":[129.154666,35.868619]},"properties":{"stop_id":"KUB352000755","name":"상구2리","short_no":"5154","date":"2025-10-31","bis":"경주BIS"}},{"type":"Feature","geometry":{"type":"Point","coordinates":[129.1610882,35.85746946]},"properties":{"stop_id":"KUB352000756","name":"야척","short_no":"1245","date":"2025-10-31","bis":"경주BIS"}},{"type":"Feature","geometry":{"type":"Point","coordinates":[129.215685,35.840936]},"properties":{"stop_id":"KUB352000757","name":"팔우정","short_no":"1348","date":"2025-10-31","bis":"경주BIS"}},{"type":"Feature","geometry":{"type":"Point","coordinates":[129.211347,35.839752]},"properties":{"stop_id":"KUB352000758","name":"천마총후문.황리단길","short_no":"1313","date":"2025-10-31","bis":"경주BIS"}},{"type":"Feature","geometry":{"type":"Point","coordinates":[129.285691,35.900272]},"properties":{"stop_id":"KUB352000759","name":"성지마을","short_no":"5170","date":"2025-10-31","bis":"경주BIS"}},{"type":"Feature","geometry":{"type":"Point","coordinates":[129.282696,35.89815748]},"properties":{"stop_id":"KUB352000760","name":"강정마을","short_no":"5026","date":"2025-10-31","bis":"경주BIS"}},{"type":"Feature","geometry":{"type":"Point","coordinates":[129.2872333,35.8946]},"properties":{"stop_id":"KUB352000761","name":"중방","short_no":"5283","date":"2025-10-31","bis":"경주BIS"}},{"type":"Feature","geometry":{"type":"Point","coordinates":[129.2833667,35.88745]},"properties":{"stop_id":"KUB352000762","name":"갈곡마을","short_no":"5011","date":"2025-10-31","bis":"경주BIS"}},{"type":"Feature","geometry":{"type":"Point","coordinates":[129.214527,35.865789]},"properties":{"stop_id":"KUB352000763","name":"럭키아파트","short_no":"1118","date":"2025-10-31","bis":"경주BIS"}},{"type":"Feature","geometry":{"type":"Point","coordinates":[129.217554,35.867958]},"properties":{"stop_id":"KUB352000764","name":"청우아파트","short_no":"1325","date":"2025-10-31","bis":"경주BIS"}},{"type":"Feature","geometry":{"type":"Point","coordinates":[129.215517,35.870764]},"properties":{"stop_id":"KUB352000765","name":"한신아파트","short_no":"1364","date":"2025-10-31","bis":"경주BIS"}},{"type":"Feature","geometry":{"type":"Point","coordinates":[129.2463481,35.90115985]},"properties":{"stop_id":"KUB352000766","name":"신당1리","short_no":"5181","date":"2025-10-31","bis":"경주BIS"}},{"type":"Feature","geometry":{"type":"Point","coordinates":[129.215834,35.871925]},"properties":{"stop_id":"KUB352000768","name":"삼익아파트","short_no":"1177","date":"2025-10-31","bis":"경주BIS"}},{"type":"Feature","geometry":{"type":"Point","coordinates":[129.215695,35.870898]},"properties":{"stop_id":"KUB352000769","name":"한신아파트","short_no":"1363","date":"2025-10-31","bis":"경주BIS"}},{"type":"Feature","geometry":{"type":"Point","coordinates":[129.217914,35.86817]},"properties":{"stop_id":"KUB352000770","name":"청우아파트","short_no":"1324","date":"2025-10-31","bis":"경주BIS"}},{"type":"Feature","geometry":{"type":"Point","coordinates":[129.214729,35.865767]},"properties":{"stop_id":"KUB352000771","name":"럭키아파트","short_no":"1119","date":"2025-10-31","bis":"경주BIS"}},{"type":"Feature","geometry":{"type":"Point","coordinates":[129.3331311,35.67497951]},"properties":{"stop_id":"KUB352028231","name":"부영1단지 하차","short_no":"4281","date":"2025-10-31","bis":"경주BIS"}},{"type":"Feature","geometry":{"type":"Point","coordinates":[129.5097507,35.80944686]},"properties":{"stop_id":"KUB352028232","name":"송대말등대","short_no":"2215","date":"2025-10-31","bis":"경주BIS"}},{"type":"Feature","geometry":{"type":"Point","coordinates":[129.2569439,35.71566046]},"properties":{"stop_id":"KUB352028233","name":"명계1리.바탕골","short_no":"4282","date":"2025-10-31","bis":"경주BIS"}},{"type":"Feature","geometry":{"type":"Point","coordinates":[129.2574305,35.71548126]},"properties":{"stop_id":"KUB352028234","name":"명계1리.바탕골","short_no":"4283","date":"2025-10-31","bis":"경주BIS"}},{"type":"Feature","geometry":{"type":"Point","coordinates":[129.2447182,35.72519599]},"properties":{"stop_id":"KUB352028235","name":"명계저수지","short_no":"4284","date":"2025-10-31","bis":"경주BIS"}},{"type":"Feature","geometry":{"type":"Point","coordinates":[129.2446414,35.72541143]},"properties":{"stop_id":"KUB352028236","name":"명계저수지","short_no":"4285","date":"2025-10-31","bis":"경주BIS"}},{"type":"Feature","geometry":{"type":"Point","coordinates":[129.1799315,35.74454412]},"properties":{"stop_id":"KUB352028237","name":"덕천2리입구","short_no":"4286","date":"2025-10-31","bis":"경주BIS"}},{"type":"Feature","geometry":{"type":"Point","coordinates":[129.2755883,35.86957263]},"properties":{"stop_id":"KUB352028238","name":"용락마을","short_no":"5544","date":"2025-10-31","bis":"경주BIS"}},{"type":"Feature","geometry":{"type":"Point","coordinates":[129.4624591,35.78822485]},"properties":{"stop_id":"KUB352028239","name":"흥덕마을앞","short_no":"2216","date":"2025-10-31","bis":"경주BIS"}},{"type":"Feature","geometry":{"type":"Point","coordinates":[129.462929,35.81319991]},"properties":{"stop_id":"KUB352028240","name":"호동상리","short_no":"2217","date":"2025-10-31","bis":"경주BIS"}},{"type":"Feature","geometry":{"type":"Point","coordinates":[129.4338522,35.7664018]},"properties":{"stop_id":"KUB352028241","name":"두산경로당","short_no":"2218","date":"2025-10-31","bis":"경주BIS"}},{"type":"Feature","geometry":{"type":"Point","coordinates":[129.4570862,35.68194153]},"properties":{"stop_id":"KUB352028242","name":"망정마을","short_no":"5545","date":"2025-10-31","bis":"경주BIS"}},{"type":"Feature","geometry":{"type":"Point","coordinates":[129.0484487,35.76009778]},"properties":{"stop_id":"KUB352028243","name":"본내일입구","short_no":"3276","date":"2025-10-31","bis":"경주BIS"}},{"type":"Feature","geometry":{"type":"Point","coordinates":[129.0218922,35.76003366]},"properties":{"stop_id":"KUB352028244","name":"외칠1리(방동)","short_no":"3277","date":"2025-10-31","bis":"경주BIS"}},{"type":"Feature","geometry":{"type":"Point","coordinates":[129.1810929,35.89344525]},"properties":{"stop_id":"KUB352028245","name":"소현마을","short_no":"5546","date":"2025-10-31","bis":"경주BIS"}},{"type":"Feature","geometry":{"type":"Point","coordinates":[129.1496922,35.91804712]},"properties":{"stop_id":"KUB352028246","name":"내태못골","short_no":"5547","date":"2025-10-31","bis":"경주BIS"}},{"type":"Feature","geometry":{"type":"Point","coordinates":[129.1477818,35.92000731]},"properties":{"stop_id":"KUB352028247","name":"내태1리","short_no":"5548","date":"2025-10-31","bis":"경주BIS"}},{"type":"Feature","geometry":{"type":"Point","coordinates":[129.2876137,35.97570106]},"properties":{"stop_id":"KUB352028248","name":"국당2리","short_no":"5549","date":"2025-10-31","bis":"경주BIS"}},{"type":"Feature","geometry":{"type":"Point","coordinates":[129.2452028,36.05073278]},"properties":{"stop_id":"KUB352028249","name":"단구교회","short_no":"5550","date":"2025-10-31","bis":"경주BIS"}},{"type":"Feature","geometry":{"type":"Point","coordinates":[129.2283105,35.87666859]},"properties":{"stop_id":"KUB352028250","name":"IM뱅크용강지점","short_no":"1503","date":"2025-10-31","bis":"경주BIS"}},{"type":"Feature","geometry":{"type":"Point","coordinates":[129.3281579,35.78632278]},"properties":{"stop_id":"KUB352028251","name":"불국사","short_no":"1504","date":"2025-10-31","bis":"경주BIS"}},{"type":"Feature","geometry":{"type":"Point","coordinates":[129.4731603,35.68633576]},"properties":{"stop_id":"KUB352028253","name":"주상절리","short_no":"2220","date":"2025-10-31","bis":"경주BIS"}},{"type":"Feature","geometry":{"type":"Point","coordinates":[129.4733124,35.68625154]},"properties":{"stop_id":"KUB352028254","name":"주상절리","short_no":"2219","date":"2025-10-31","bis":"경주BIS"}},{"type":"Feature","geometry":{"type":"Point","coordinates":[129.3211053,35.75970023]},"properties":{"stop_id":"KUB352028255","name":"괘릉초등학교","short_no":"5551","date":"2025-10-31","bis":"경주BIS"}},{"type":"Feature","geometry":{"type":"Point","coordinates":[129.1691082,35.85161721]},"properties":{"stop_id":"KUB352028256","name":"새천년미소 차고지","short_no":"1506","date":"2025-10-31","bis":"경주BIS"}},{"type":"Feature","geometry":{"type":"Point","coordinates":[129.3001842,35.71437001]},"properties":{"stop_id":"KUB352028257","name":"냉천리","short_no":"4287","date":"2025-10-31","bis":"경주BIS"}},{"type":"Feature","geometry":{"type":"Point","coordinates":[129.1735459,35.87237149]},"properties":{"stop_id":"KUB352028258","name":"가막골삼거리","short_no":"5552","date":"2025-10-31","bis":"경주BIS"}},{"type":"Feature","geometry":{"type":"Point","coordinates":[129.2089372,35.85009385]},"properties":{"stop_id":"KUB352028260","name":"개나리아파트 건너","short_no":"1507","date":"2025-10-31","bis":"경주BIS"}},{"type":"Feature","geometry":{"type":"Point","coordinates":[129.3258697,35.72940998]},"properties":{"stop_id":"KUB352028261","name":"개곡1리마을회관","short_no":"4288","date":"2025-10-31","bis":"경주BIS"}},{"type":"Feature","geometry":{"type":"Point","coordinates":[129.4849084,35.74572893]},"properties":{"stop_id":"KUB352028262","name":"이견대","short_no":"2222","date":"2025-10-31","bis":"경주BIS"}},{"type":"Feature","geometry":{"type":"Point","coordinates":[129.2895142,35.93778162]},"properties":{"stop_id":"KUB352028263","name":"왕신3리","short_no":"5553","date":"2025-10-31","bis":"경주BIS"}},{"type":"Feature","geometry":{"type":"Point","coordinates":[129.4488606,35.69364673]},"properties":{"stop_id":"KUB352028264","name":"환서교","short_no":"2223","date":"2025-10-31","bis":"경주BIS"}},{"type":"Feature","geometry":{"type":"Point","coordinates":[129.0485604,35.75960253]},"properties":{"stop_id":"KUB352028265","name":"본내일입구","short_no":"3278","date":"2025-10-31","bis":"경주BIS"}},{"type":"Feature","geometry":{"type":"Point","coordinates":[129.0479496,35.89155486]},"properties":{"stop_id":"KUB352028266","name":"아화2리","short_no":"3279","date":"2025-10-31","bis":"경주BIS"}},{"type":"Feature","geometry":{"type":"Point","coordinates":[129.1669945,35.99013837]},"properties":{"stop_id":"KUB352028267","name":"옥산마을","short_no":"5554","date":"2025-10-31","bis":"경주BIS"}},{"type":"Feature","geometry":{"type":"Point","coordinates":[129.1388578,35.95916508]},"properties":{"stop_id":"KUB352028268","name":"평지마을","short_no":"5555","date":"2025-10-31","bis":"경주BIS"}},{"type":"Feature","geometry":{"type":"Point","coordinates":[129.2788263,35.89588821]},"properties":{"stop_id":"KUB352028269","name":"성지1교","short_no":"5556","date":"2025-10-31","bis":"경주BIS"}},{"type":"Feature","geometry":{"type":"Point","coordinates":[129.1543351,35.86668009]},"properties":{"stop_id":"KUB352028270","name":"상구2리구평마을","short_no":"5557","date":"2025-10-31","bis":"경주BIS"}},{"type":"Feature","geometry":{"type":"Point","coordinates":[129.171882,35.99946574]},"properties":{"stop_id":"KUB352028271","name":"옥산3리입구","short_no":"5558","date":"2025-10-31","bis":"경주BIS"}},{"type":"Feature","geometry":{"type":"Point","coordinates":[129.2912973,35.75664422]},"properties":{"stop_id":"KUB352028272","name":"방어","short_no":"4289","date":"2025-10-31","bis":"경주BIS"}},{"type":"Feature","geometry":{"type":"Point","coordinates":[129.0671358,35.88425911]},"properties":{"stop_id":"KUB352028273","name":"원석산업앞","short_no":"5559","date":"2025-10-31","bis":"경주BIS"}},{"type":"Feature","geometry":{"type":"Point","coordinates":[129.4949322,35.79841653]},"properties":{"stop_id":"KUB352028274","name":"동아사건너","short_no":"2224","date":"2025-10-31","bis":"경주BIS"}},{"type":"Feature","geometry":{"type":"Point","coordinates":[129.4917854,35.75139128]},"properties":{"stop_id":"KUB352028275","name":"대본3리입구건너","short_no":"2225","date":"2025-10-31","bis":"경주BIS"}},{"type":"Feature","geometry":{"type":"Point","coordinates":[129.193885,35.88178919]},"properties":{"stop_id":"KUB352028276","name":"오목골","short_no":"5560","date":"2025-10-31","bis":"경주BIS"}},{"type":"Feature","geometry":{"type":"Point","coordinates":[129.2335577,35.94252832]},"properties":{"stop_id":"KUB352028277","name":"사방건널목","short_no":"5561","date":"2025-10-31","bis":"경주BIS"}},{"type":"Feature","geometry":{"type":"Point","coordinates":[129.2336606,35.94254217]},"properties":{"stop_id":"KUB352028278","name":"사방건널목","short_no":"5562","date":"2025-10-31","bis":"경주BIS"}},{"type":"Feature","geometry":{"type":"Point","coordinates":[129.1106685,35.73356173]},"properties":{"stop_id":"KUB352028279","name":"박달저수지","short_no":"4290","date":"2025-10-31","bis":"경주BIS"}},{"type":"Feature","geometry":{"type":"Point","coordinates":[129.184144,35.804956]},"properties":{"stop_id":"KUB352028280","name":"율동마을입구","short_no":"1508","date":"2025-10-31","bis":"경주BIS"}},{"type":"Feature","geometry":{"type":"Point","coordinates":[129.2146844,35.88545117]},"properties":{"stop_id":"KUB352028281","name":"(구)나원역","short_no":"5563","date":"2025-10-31","bis":"경주BIS"}},{"type":"Feature","geometry":{"type":"Point","coordinates":[129.290216,35.83452441]},"properties":{"stop_id":"KUB352028282","name":"엑스포삼거리건너","short_no":"1509","date":"2025-10-31","bis":"경주BIS"}},{"type":"Feature","geometry":{"type":"Point","coordinates":[129.1438876,35.80402556]},"properties":{"stop_id":"KUB352028283","name":"신전마을","short_no":"3280","date":"2025-10-31","bis":"경주BIS"}},{"type":"Feature","geometry":{"type":"Point","coordinates":[129.1371361,35.80180305]},"properties":{"stop_id":"KUB352028284","name":"퍼스트데시앙","short_no":"3281","date":"2025-10-31","bis":"경주BIS"}},{"type":"Feature","geometry":{"type":"Point","coordinates":[129.1369241,35.80173474]},"properties":{"stop_id":"KUB352028285","name":"퍼스트데시앙 건너","short_no":"3282","date":"2025-10-31","bis":"경주BIS"}},{"type":"Feature","geometry":{"type":"Point","coordinates":[129.1367051,35.80439677]},"properties":{"stop_id":"KUB352028286","name":"화천초등학교","short_no":"3283","date":"2025-10-31","bis":"경주BIS"}},{"type":"Feature","geometry":{"type":"Point","coordinates":[129.1365118,35.80440922]},"properties":{"stop_id":"KUB352028287","name":"화천초등학교 건너","short_no":"3284","date":"2025-10-31","bis":"경주BIS"}},{"type":"Feature","geometry":{"type":"Point","coordinates":[129.318505,35.70035399]},"properties":{"stop_id":"KUB352028288","name":"구어공단입구","short_no":"4291","date":"2025-10-31","bis":"경주BIS"}},{"type":"Feature","geometry":{"type":"Point","coordinates":[129.1859651,35.87849222]},"properties":{"stop_id":"KUB352028289","name":"가마골입구","short_no":"5564","date":"2025-10-31","bis":"경주BIS"}},{"type":"Feature","geometry":{"type":"Point","coordinates":[129.1858607,35.87882075]},"properties":{"stop_id":"KUB352028290","name":"가마골입구 맞은편","short_no":"5565","date":"2025-10-31","bis":"경주BIS"}},{"type":"Feature","geometry":{"type":"Point","coordinates":[129.2923572,35.96446552]},"properties":{"stop_id":"KUB352028291","name":"왕신보건소","short_no":"5566","date":"2025-10-31","bis":"경주BIS"}},{"type":"Feature","geometry":{"type":"Point","coordinates":[129.4511822,35.66087678]},"properties":{"stop_id":"KUB352028292","name":"관성앞","short_no":"2226","date":"2025-10-31","bis":"경주BIS"}},{"type":"Feature","geometry":{"type":"Point","coordinates":[129.4510669,35.66107736]},"properties":{"stop_id":"KUB352028293","name":"관성앞","short_no":"2227","date":"2025-10-31","bis":"경주BIS"}},{"type":"Feature","geometry":{"type":"Point","coordinates":[129.1377275,35.96282207]},"properties":{"stop_id":"KUB352028294","name":"음지마을","short_no":"5567","date":"2025-10-31","bis":"경주BIS"}},{"type":"Feature","geometry":{"type":"Point","coordinates":[129.280988,35.76414882]},"properties":{"stop_id":"KUB352028295","name":"시동교입구","short_no":"1510","date":"2025-10-31","bis":"경주BIS"}},{"type":"Feature","geometry":{"type":"Point","coordinates":[129.2810684,35.7640617]},"properties":{"stop_id":"KUB352028296","name":"시동교입구","short_no":"1511","date":"2025-10-31","bis":"경주BIS"}},{"type":"Feature","geometry":{"type":"Point","coordinates":[129.2209161,35.87323917]},"properties":{"stop_id":"KUB352028297","name":"힐스테이트황성아파트","short_no":"1512","date":"2025-10-31","bis":"경주BIS"}},{"type":"Feature","geometry":{"type":"Point","coordinates":[129.2211358,35.87307742]},"properties":{"stop_id":"KUB352028298","name":"힐스테이트황성아파트건너","short_no":"1513","date":"2025-10-31","bis":"경주BIS"}},{"type":"Feature","geometry":{"type":"Point","coordinates":[129.2858572,35.82577957]},"properties":{"stop_id":"KUB352028299","name":"강동리조트입구","short_no":"5568","date":"2025-10-31","bis":"경주BIS"}},{"type":"Feature","geometry":{"type":"Point","coordinates":[129.2029518,35.87295965]},"properties":{"stop_id":"KUB352028300","name":"화랑중학교.금장초등학교입구","short_no":"5569","date":"2025-10-31","bis":"경주BIS"}},{"type":"Feature","geometry":{"type":"Point","coordinates":[129.2159461,35.87584715]},"properties":{"stop_id":"KUB352028301","name":"일진공장건너편","short_no":"1514","date":"2025-10-31","bis":"경주BIS"}},{"type":"Feature","geometry":{"type":"Point","coordinates":[129.217373,35.87500537]},"properties":{"stop_id":"KUB352028302","name":"세명철강건너편","short_no":"1515","date":"2025-10-31","bis":"경주BIS"}},{"type":"Feature","geometry":{"type":"Point","coordinates":[129.215018,35.84976786]},"properties":{"stop_id":"KUB352028303","name":"장미동산타워건너편","short_no":"1516","date":"2025-10-31","bis":"경주BIS"}},{"type":"Feature","geometry":{"type":"Point","coordinates":[129.286685,35.834101]},"properties":{"stop_id":"KUB352028304","name":"엑스포공원","short_no":"1517","date":"2025-10-31","bis":"경주BIS"}},{"type":"Feature","geometry":{"type":"Point","coordinates":[129.2027525,35.99620006]},"properties":{"stop_id":"KUB352028305","name":"안강시외버스정류장입구","short_no":"5570","date":"2025-10-31","bis":"경주BIS"}},{"type":"Feature","geometry":{"type":"Point","coordinates":[129.2224668,35.84136094]},"properties":{"stop_id":"KUB352028306","name":"경주중학교입구","short_no":"1518","date":"2025-10-31","bis":"경주BIS"}},{"type":"Feature","geometry":{"type":"Point","coordinates":[129.2227873,35.841346]},"properties":{"stop_id":"KUB352028307","name":"경주중학교입구","short_no":"1519","date":"2025-10-31","bis":"경주BIS"}},{"type":"Feature","geometry":{"type":"Point","coordinates":[129.0577926,35.79181963]},"properties":{"stop_id":"KUB352028308","name":"한빛주택","short_no":"3285","date":"2025-10-31","bis":"경주BIS"}},{"type":"Feature","geometry":{"type":"Point","coordinates":[129.2606686,36.05040146]},"properties":{"stop_id":"KUB352028309","name":"다산1리","short_no":"5571","date":"2025-10-31","bis":"경주BIS"}},{"type":"Feature","geometry":{"type":"Point","coordinates":[129.275856,35.86857699]},"properties":{"stop_id":"KUB352028310","name":"용락마을","short_no":"5572","date":"2025-10-31","bis":"경주BIS"}},{"type":"Feature","geometry":{"type":"Point","coordinates":[129.2263299,35.84139752]},"properties":{"stop_id":"KUB352028311","name":"경주고등학교","short_no":"5573","date":"2025-10-31","bis":"경주BIS"}},{"type":"Feature","geometry":{"type":"Point","coordinates":[129.2265643,35.84127154]},"properties":{"stop_id":"KUB352028312","name":"경주고등학교","short_no":"5574","date":"2025-10-31","bis":"경주BIS"}},{"type":"Feature","geometry":{"type":"Point","coordinates":[129.217114,35.84216]},"properties":{"stop_id":"KUB352001283","name":"경고지하도","short_no":"1007","date":"2025-10-31","bis":"경주BIS"}},{"type":"Feature","geometry":{"type":"Point","coordinates":[129.216338,35.844326]},"properties":{"stop_id":"KUB352001284","name":"경주우체국","short_no":"1031","date":"2025-10-31","bis":"경주BIS"}},{"type":"Feature","geometry":{"type":"Point","coordinates":[129.212941,35.844433]},"properties":{"stop_id":"KUB352001285","name":"신한은행사거리","short_no":"1232","date":"2025-10-31","bis":"경주BIS"}},{"type":"Feature","geometry":{"type":"Point","coordinates":[129.208169,35.844552]},"properties":{"stop_id":"KUB352001286","name":"IM뱅크건너","short_no":"1083","date":"2025-10-31","bis":"경주BIS"}},{"type":"Feature","geometry":{"type":"Point","coordinates":[129.207165,35.842888]},"properties":{"stop_id":"KUB352001287","name":"중앙시장","short_no":"1309","date":"2025-10-31","bis":"경주BIS"}},{"type":"Feature","geometry":{"type":"Point","coordinates":[129.207218,35.840414]},"properties":{"stop_id":"KUB352001288","name":"서라벌사거리.황리단길","short_no":"1190","date":"2025-10-31","bis":"경주BIS"}},{"type":"Feature","geometry":{"type":"Point","coordinates":[129.204193,35.838449]},"properties":{"stop_id":"KUB352001289","name":"고속버스.시외버스터미널","short_no":"1045","date":"2025-10-31","bis":"경주BIS"}},{"type":"Feature","geometry":{"type":"Point","coordinates":[129.201663,35.840896]},"properties":{"stop_id":"KUB352001290","name":"시외버스터미널","short_no":"1224","date":"2025-10-31","bis":"경주BIS"}},{"type":"Feature","geometry":{"type":"Point","coordinates":[129.2132667,35.88185]},"properties":{"stop_id":"KUB352001291","name":"나원입구","short_no":"5060","date":"2025-10-31","bis":"경주BIS"}},{"type":"Feature","geometry":{"type":"Point","coordinates":[129.4906,35.788]},"properties":{"stop_id":"KUB352001292","name":"전촌삼거리","short_no":"2143","date":"2025-10-31","bis":"경주BIS"}},{"type":"Feature","geometry":{"type":"Point","coordinates":[129.4904333,35.78803333]},"properties":{"stop_id":"KUB352001293","name":"전촌삼거리","short_no":"2144","date":"2025-10-31","bis":"경주BIS"}},{"type":"Feature","geometry":{"type":"Point","coordinates":[129.4681318,35.75231707]},"properties":{"stop_id":"KUB352001294","name":"용당.구길리입구","short_no":"2117","date":"2025-10-31","bis":"경주BIS"}},{"type":"Feature","geometry":{"type":"Point","coordinates":[129.4593256,35.76074532]},"properties":{"stop_id":"KUB352001295","name":"용당.도장곡","short_no":"2119","date":"2025-10-31","bis":"경주BIS"}},{"type":"Feature","geometry":{"type":"Point","coordinates":[129.2419452,35.80640345]},"properties":{"stop_id":"KUB352001296","name":"화랑교육원","short_no":"1371","date":"2025-10-31","bis":"경주BIS"}},{"type":"Feature","geometry":{"type":"Point","coordinates":[129.24345,35.79848333]},"properties":{"stop_id":"KUB352001297","name":"통일전","short_no":"1345","date":"2025-10-31","bis":"경주BIS"}},{"type":"Feature","geometry":{"type":"Point","coordinates":[129.2408833,35.81478333]},"properties":{"stop_id":"KUB352001298","name":"보리사입구","short_no":"1142","date":"2025-10-31","bis":"경주BIS"}},{"type":"Feature","geometry":{"type":"Point","coordinates":[129.3118833,35.76423333]},"properties":{"stop_id":"KUB352001299","name":"영지입구","short_no":"4152","date":"2025-10-31","bis":"경주BIS"}},{"type":"Feature","geometry":{"type":"Point","coordinates":[129.230859,35.88275]},"properties":{"stop_id":"KUB352001300","name":"신리마을","short_no":"1230","date":"2025-10-31","bis":"경주BIS"}},{"type":"Feature","geometry":{"type":"Point","coordinates":[129.1930333,36.00236667]},"properties":{"stop_id":"KUB352001301","name":"삼도아파트","short_no":"5148","date":"2025-10-31","bis":"경주BIS"}},{"type":"Feature","geometry":{"type":"Point","coordinates":[129.21575,35.93716667]},"properties":{"stop_id":"KUB352001302","name":"샛터","short_no":"5167","date":"2025-10-31","bis":"경주BIS"}},{"type":"Feature","geometry":{"type":"Point","coordinates":[129.207039,35.935428]},"properties":{"stop_id":"KUB352001303","name":"덕곡","short_no":"5093","date":"2025-10-31","bis":"경주BIS"}},{"type":"Feature","geometry":{"type":"Point","coordinates":[129.192,35.78688333]},"properties":{"stop_id":"KUB352001304","name":"새마을","short_no":"4114","date":"2025-10-31","bis":"경주BIS"}},{"type":"Feature","geometry":{"type":"Point","coordinates":[129.1868938,35.75638191]},"properties":{"stop_id":"KUB352001305","name":"남성리사거리","short_no":"4017","date":"2025-10-31","bis":"경주BIS"}},{"type":"Feature","geometry":{"type":"Point","coordinates":[129.190304,35.755949]},"properties":{"stop_id":"KUB352001306","name":"남성리입구","short_no":"4018","date":"2025-10-31","bis":"경주BIS"}},{"type":"Feature","geometry":{"type":"Point","coordinates":[129.2059333,35.74795]},"properties":{"stop_id":"KUB352001307","name":"이조네거리","short_no":"4184","date":"2025-10-31","bis":"경주BIS"}},{"type":"Feature","geometry":{"type":"Point","coordinates":[129.2059833,35.74808333]},"properties":{"stop_id":"KUB352001308","name":"이조네거리","short_no":"4185","date":"2025-10-31","bis":"경주BIS"}},{"type":"Feature","geometry":{"type":"Point","coordinates":[129.3207167,35.72873333]},"properties":{"stop_id":"KUB352001309","name":"연안","short_no":"4144","date":"2025-10-31","bis":"경주BIS"}},{"type":"Feature","geometry":{"type":"Point","coordinates":[129.2995529,35.73154896]},"properties":{"stop_id":"KUB352001310","name":"세원삼거리","short_no":"4128","date":"2025-10-31","bis":"경주BIS"}},{"type":"Feature","geometry":{"type":"Point","coordinates":[129.2996005,35.73145359]},"properties":{"stop_id":"KUB352001311","name":"세원삼거리","short_no":"4129","date":"2025-10-31","bis":"경주BIS"}},{"type":"Feature","geometry":{"type":"Point","coordinates":[129.3176833,35.74248333]},"properties":{"stop_id":"KUB352001312","name":"말방입구","short_no":"4058","date":"2025-10-31","bis":"경주BIS"}},{"type":"Feature","geometry":{"type":"Point","coordinates":[129.10885,35.82295]},"properties":{"stop_id":"KUB352001313","name":"중마을","short_no":"3216","date":"2025-10-31","bis":"경주BIS"}},{"type":"Feature","geometry":{"type":"Point","coordinates":[129.2864,35.97783333]},"properties":{"stop_id":"KUB352001314","name":"국당","short_no":"5040","date":"2025-10-31","bis":"경주BIS"}},{"type":"Feature","geometry":{"type":"Point","coordinates":[129.2915333,35.96551667]},"properties":{"stop_id":"KUB352001315","name":"왕신","short_no":"5259","date":"2025-10-31","bis":"경주BIS"}},{"type":"Feature","geometry":{"type":"Point","coordinates":[129.2729333,35.972]},"properties":{"stop_id":"KUB352001316","name":"오금3리","short_no":"5238","date":"2025-10-31","bis":"경주BIS"}},{"type":"Feature","geometry":{"type":"Point","coordinates":[129.2821384,35.96467929]},"properties":{"stop_id":"KUB352001317","name":"오금4리","short_no":"5240","date":"2025-10-31","bis":"경주BIS"}},{"type":"Feature","geometry":{"type":"Point","coordinates":[129.2698833,35.97536667]},"properties":{"stop_id":"KUB352001318","name":"오금2리","short_no":"5236","date":"2025-10-31","bis":"경주BIS"}},{"type":"Feature","geometry":{"type":"Point","coordinates":[129.1969667,36.00195]},"properties":{"stop_id":"KUB352001319","name":"새마을금고","short_no":"5161","date":"2025-10-31","bis":"경주BIS"}},{"type":"Feature","geometry":{"type":"Point","coordinates":[129.1964,35.99763333]},"properties":{"stop_id":"KUB352001320","name":"풍산금속입구","short_no":"5296","date":"2025-10-31","bis":"경주BIS"}},{"type":"Feature","geometry":{"type":"Point","coordinates":[129.2082833,36.00663333]},"properties":{"stop_id":"KUB352001321","name":"산대2리금성","short_no":"5142","date":"2025-10-31","bis":"경주BIS"}},{"type":"Feature","geometry":{"type":"Point","coordinates":[129.2130167,36.00835]},"properties":{"stop_id":"KUB352001322","name":"양월1리구왕","short_no":"5225","date":"2025-10-31","bis":"경주BIS"}},{"type":"Feature","geometry":{"type":"Point","coordinates":[129.21915,36.0115]},"properties":{"stop_id":"KUB352001323","name":"존당","short_no":"5281","date":"2025-10-31","bis":"경주BIS"}},{"type":"Feature","geometry":{"type":"Point","coordinates":[129.241897,36.05608976]},"properties":{"stop_id":"KUB352001324","name":"달성","short_no":"5087","date":"2025-10-31","bis":"경주BIS"}},{"type":"Feature","geometry":{"type":"Point","coordinates":[129.2447833,36.05171667]},"properties":{"stop_id":"KUB352001325","name":"단구초등학교","short_no":"5084","date":"2025-10-31","bis":"경주BIS"}},{"type":"Feature","geometry":{"type":"Point","coordinates":[129.2453167,36.0494]},"properties":{"stop_id":"KUB352001326","name":"단구농협창고","short_no":"5083","date":"2025-10-31","bis":"경주BIS"}},{"type":"Feature","geometry":{"type":"Point","coordinates":[129.2489833,36.04485]},"properties":{"stop_id":"KUB352001327","name":"다산1리","short_no":"5078","date":"2025-10-31","bis":"경주BIS"}},{"type":"Feature","geometry":{"type":"Point","coordinates":[129.2507167,36.04293333]},"properties":{"stop_id":"KUB352001328","name":"다산2리","short_no":"5080","date":"2025-10-31","bis":"경주BIS"}},{"type":"Feature","geometry":{"type":"Point","coordinates":[129.2507333,36.02948333]},"properties":{"stop_id":"KUB352001329","name":"안계2리","short_no":"5215","date":"2025-10-31","bis":"경주BIS"}},{"type":"Feature","geometry":{"type":"Point","coordinates":[129.2541073,35.99987446]},"properties":{"stop_id":"KUB352001330","name":"양동민속마을","short_no":"5220","date":"2025-10-31","bis":"경주BIS"}},{"type":"Feature","geometry":{"type":"Point","coordinates":[129.2554985,35.98893964]},"properties":{"stop_id":"KUB352001331","name":"양동마을입구","short_no":"5222","date":"2025-10-31","bis":"경주BIS"}},{"type":"Feature","geometry":{"type":"Point","coordinates":[129.2321167,35.93786667]},"properties":{"stop_id":"KUB352001332","name":"사방역","short_no":"5135","date":"2025-10-31","bis":"경주BIS"}},{"type":"Feature","geometry":{"type":"Point","coordinates":[129.2321,35.93776667]},"properties":{"stop_id":"KUB352001333","name":"사방역","short_no":"5136","date":"2025-10-31","bis":"경주BIS"}},{"type":"Feature","geometry":{"type":"Point","coordinates":[129.2809975,35.91242788]},"properties":{"stop_id":"KUB352001334","name":"화산3리입구","short_no":"5334","date":"2025-10-31","bis":"경주BIS"}},{"type":"Feature","geometry":{"type":"Point","coordinates":[129.2871667,35.8945]},"properties":{"stop_id":"KUB352001335","name":"중방","short_no":"5284","date":"2025-10-31","bis":"경주BIS"}},{"type":"Feature","geometry":{"type":"Point","coordinates":[129.2834,35.88758333]},"properties":{"stop_id":"KUB352001336","name":"갈곡마을","short_no":"5012","date":"2025-10-31","bis":"경주BIS"}},{"type":"Feature","geometry":{"type":"Point","coordinates":[129.1701333,35.88588333]},"properties":{"stop_id":"KUB352001337","name":"하구1리","short_no":"5305","date":"2025-10-31","bis":"경주BIS"}},{"type":"Feature","geometry":{"type":"Point","coordinates":[129.1610475,35.85740311]},"properties":{"stop_id":"KUB352001338","name":"야척","short_no":"1244","date":"2025-10-31","bis":"경주BIS"}},{"type":"Feature","geometry":{"type":"Point","coordinates":[129.16255,35.85148333]},"properties":{"stop_id":"KUB352001339","name":"중마을회관","short_no":"1305","date":"2025-10-31","bis":"경주BIS"}},{"type":"Feature","geometry":{"type":"Point","coordinates":[129.1157667,35.76838333]},"properties":{"stop_id":"KUB352001340","name":"점말","short_no":"4190","date":"2025-10-31","bis":"경주BIS"}},{"type":"Feature","geometry":{"type":"Point","coordinates":[129.1158167,35.76826667]},"properties":{"stop_id":"KUB352001341","name":"점말","short_no":"4191","date":"2025-10-31","bis":"경주BIS"}},{"type":"Feature","geometry":{"type":"Point","coordinates":[129.3241796,35.78170737]},"properties":{"stop_id":"KUB352001342","name":"진현동.두산위브","short_no":"1311","date":"2025-10-31","bis":"경주BIS"}},{"type":"Feature","geometry":{"type":"Point","coordinates":[129.326309,35.78266441]},"properties":{"stop_id":"KUB352001343","name":"사조리조트","short_no":"1168","date":"2025-10-31","bis":"경주BIS"}},{"type":"Feature","geometry":{"type":"Point","coordinates":[129.328782,35.78586426]},"properties":{"stop_id":"KUB352001344","name":"불국사","short_no":"1160","date":"2025-10-31","bis":"경주BIS"}},{"type":"Feature","geometry":{"type":"Point","coordinates":[129.20126,35.840827]},"properties":{"stop_id":"KUB352001345","name":"시외버스.고속버스터미널","short_no":"1225","date":"2025-10-31","bis":"경주BIS"}},{"type":"Feature","geometry":{"type":"Point","coordinates":[129.277802,35.854807]},"properties":{"stop_id":"KUB352001346","name":"서라벌광장.키녹호텔","short_no":"1219","date":"2025-10-31","bis":"경주BIS"}},{"type":"Feature","geometry":{"type":"Point","coordinates":[129.2590667,35.80793333]},"properties":{"stop_id":"KUB352001347","name":"천선암","short_no":"1316","date":"2025-10-31","bis":"경주BIS"}},{"type":"Feature","geometry":{"type":"Point","coordinates":[129.25085,35.79748333]},"properties":{"stop_id":"KUB352001348","name":"남산예길입구","short_no":"1067","date":"2025-10-31","bis":"경주BIS"}},{"type":"Feature","geometry":{"type":"Point","coordinates":[129.2509833,35.79756667]},"properties":{"stop_id":"KUB352001349","name":"남산예길입구","short_no":"1068","date":"2025-10-31","bis":"경주BIS"}},{"type":"Feature","geometry":{"type":"Point","coordinates":[129.1430444,35.79993115]},"properties":{"stop_id":"KUB352001350","name":"옥수마을","short_no":"3176","date":"2025-10-31","bis":"경주BIS"}},{"type":"Feature","geometry":{"type":"Point","coordinates":[129.1430546,35.79975522]},"properties":{"stop_id":"KUB352001351","name":"옥수마을","short_no":"3177","date":"2025-10-31","bis":"경주BIS"}},{"type":"Feature","geometry":{"type":"Point","coordinates":[129.1865871,35.86131742]},"properties":{"stop_id":"KUB352001352","name":"석장동","short_no":"1200","date":"2025-10-31","bis":"경주BIS"}},{"type":"Feature","geometry":{"type":"Point","coordinates":[129.1628833,35.84546667]},"properties":{"stop_id":"KUB352001353","name":"재동마을회관","short_no":"1296","date":"2025-10-31","bis":"경주BIS"}},{"type":"Feature","geometry":{"type":"Point","coordinates":[129.063875,35.79587]},"properties":{"stop_id":"KUB352001354","name":"당고개","short_no":"3039","date":"2025-10-31","bis":"경주BIS"}},{"type":"Feature","geometry":{"type":"Point","coordinates":[129.062428,35.795174]},"properties":{"stop_id":"KUB352001355","name":"당고개","short_no":"3038","date":"2025-10-31","bis":"경주BIS"}},{"type":"Feature","geometry":{"type":"Point","coordinates":[129.280686,35.848184]},"properties":{"stop_id":"KUB352001356","name":"한국콘도.일성콘도","short_no":"1362","date":"2025-10-31","bis":"경주BIS"}},{"type":"Feature","geometry":{"type":"Point","coordinates":[129.280575,35.847939]},"properties":{"stop_id":"KUB352001357","name":"소노캄.일성콘도","short_no":"1086","date":"2025-10-31","bis":"경주BIS"}},{"type":"Feature","geometry":{"type":"Point","coordinates":[129.2094808,35.99423283]},"properties":{"stop_id":"KUB352001358","name":"미루병원","short_no":"5125","date":"2025-10-31","bis":"경주BIS"}},{"type":"Feature","geometry":{"type":"Point","coordinates":[129.2092333,35.99443333]},"properties":{"stop_id":"KUB352001359","name":"미루병원","short_no":"5126","date":"2025-10-31","bis":"경주BIS"}},{"type":"Feature","geometry":{"type":"Point","coordinates":[129.228411,35.876803]},"properties":{"stop_id":"KUB352001360","name":"용강농협","short_no":"1267","date":"2025-10-31","bis":"경주BIS"}},{"type":"Feature","geometry":{"type":"Point","coordinates":[129.228637,35.830872]},"properties":{"stop_id":"KUB352001361","name":"국립경주박물관","short_no":"1055","date":"2025-10-31","bis":"경주BIS"}},{"type":"Feature","geometry":{"type":"Point","coordinates":[129.224651,35.825975]},"properties":{"stop_id":"KUB352001362","name":"서욱마을","short_no":"1196","date":"2025-10-31","bis":"경주BIS"}},{"type":"Feature","geometry":{"type":"Point","coordinates":[129.22675,35.82383333]},"properties":{"stop_id":"KUB352001363","name":"해맞이마을","short_no":"1292","date":"2025-10-31","bis":"경주BIS"}},{"type":"Feature","geometry":{"type":"Point","coordinates":[129.23555,35.81835]},"properties":{"stop_id":"KUB352001364","name":"옥룡암입구","short_no":"1255","date":"2025-10-31","bis":"경주BIS"}},{"type":"Feature","geometry":{"type":"Point","coordinates":[129.2355833,35.8184]},"properties":{"stop_id":"KUB352001365","name":"옥룡암입구","short_no":"1256","date":"2025-10-31","bis":"경주BIS"}},{"type":"Feature","geometry":{"type":"Point","coordinates":[129.2267333,35.82391667]},"properties":{"stop_id":"KUB352001366","name":"해맞이마을","short_no":"1291","date":"2025-10-31","bis":"경주BIS"}},{"type":"Feature","geometry":{"type":"Point","coordinates":[129.224689,35.82604]},"properties":{"stop_id":"KUB352001367","name":"서욱마을","short_no":"1197","date":"2025-10-31","bis":"경주BIS"}},{"type":"Feature","geometry":{"type":"Point","coordinates":[129.228504,35.830953]},"properties":{"stop_id":"KUB352001368","name":"국립경주박물관","short_no":"1056","date":"2025-10-31","bis":"경주BIS"}},{"type":"Feature","geometry":{"type":"Point","coordinates":[129.225346,35.829991]},"properties":{"stop_id":"KUB352001369","name":"반달마을","short_no":"1131","date":"2025-10-31","bis":"경주BIS"}},{"type":"Feature","geometry":{"type":"Point","coordinates":[129.225345,35.830054]},"properties":{"stop_id":"KUB352001370","name":"반달마을","short_no":"1132","date":"2025-10-31","bis":"경주BIS"}},{"type":"Feature","geometry":{"type":"Point","coordinates":[129.4806167,35.7412]},"properties":{"stop_id":"KUB352001375","name":"새마을","short_no":"2071","date":"2025-10-31","bis":"경주BIS"}},{"type":"Feature","geometry":{"type":"Point","coordinates":[129.4806667,35.74138333]},"properties":{"stop_id":"KUB352001376","name":"새마을","short_no":"2072","date":"2025-10-31","bis":"경주BIS"}},{"type":"Feature","geometry":{"type":"Point","coordinates":[129.4822333,35.73611667]},"properties":{"stop_id":"KUB352001377","name":"봉길","short_no":"2062","date":"2025-10-31","bis":"경주BIS"}},{"type":"Feature","geometry":{"type":"Point","coordinates":[129.4821667,35.73591667]},"properties":{"stop_id":"KUB352001378","name":"봉길","short_no":"2063","date":"2025-10-31","bis":"경주BIS"}},{"type":"Feature","geometry":{"type":"Point","coordinates":[129.4586667,35.71788333]},"properties":{"stop_id":"KUB352001379","name":"상라","short_no":"2067","date":"2025-10-31","bis":"경주BIS"}},{"type":"Feature","geometry":{"type":"Point","coordinates":[129.4588833,35.71745]},"properties":{"stop_id":"KUB352001380","name":"상라","short_no":"2068","date":"2025-10-31","bis":"경주BIS"}},{"type":"Feature","geometry":{"type":"Point","coordinates":[129.4606833,35.71031667]},"properties":{"stop_id":"KUB352001381","name":"나산","short_no":"2022","date":"2025-10-31","bis":"경주BIS"}},{"type":"Feature","geometry":{"type":"Point","coordinates":[129.4608297,35.71044542]},"properties":{"stop_id":"KUB352001382","name":"나산","short_no":"2023","date":"2025-10-31","bis":"경주BIS"}},{"type":"Feature","geometry":{"type":"Point","coordinates":[129.2211167,35.88983333]},"properties":{"stop_id":"KUB352001384","name":"일진글로벌","short_no":"5274","date":"2025-10-31","bis":"경주BIS"}},{"type":"Feature","geometry":{"type":"Point","coordinates":[129.2200523,35.88947718]},"properties":{"stop_id":"KUB352001385","name":"일진글로벌","short_no":"5275","date":"2025-10-31","bis":"경주BIS"}},{"type":"Feature","geometry":{"type":"Point","coordinates":[129.2207333,35.84898333]},"properties":{"stop_id":"KUB352001386","name":"환경복지회관","short_no":"1373","date":"2025-10-31","bis":"경주BIS"}},{"type":"Feature","geometry":{"type":"Point","coordinates":[129.2206833,35.84885]},"properties":{"stop_id":"KUB352001387","name":"환경복지회관","short_no":"1374","date":"2025-10-31","bis":"경주BIS"}},{"type":"Feature","geometry":{"type":"Point","coordinates":[129.2238167,35.84668333]},"properties":{"stop_id":"KUB352001388","name":"경고 뒤","short_no":"1003","date":"2025-10-31","bis":"경주BIS"}},{"type":"Feature","geometry":{"type":"Point","coordinates":[129.2232721,35.84722847]},"properties":{"stop_id":"KUB352001389","name":"경고 뒤","short_no":"1004","date":"2025-10-31","bis":"경주BIS"}},{"type":"Feature","geometry":{"type":"Point","coordinates":[129.229724,35.843655]},"properties":{"stop_id":"KUB352001390","name":"알천교 앞","short_no":"1240","date":"2025-10-31","bis":"경주BIS"}},{"type":"Feature","geometry":{"type":"Point","coordinates":[129.229499,35.843934]},"properties":{"stop_id":"KUB352001391","name":"알천교 앞","short_no":"1241","date":"2025-10-31","bis":"경주BIS"}},{"type":"Feature","geometry":{"type":"Point","coordinates":[129.18875,36.00028333]},"properties":{"stop_id":"KUB352001392","name":"안강골프연습장","short_no":"5001","date":"2025-10-31","bis":"경주BIS"}},{"type":"Feature","geometry":{"type":"Point","coordinates":[129.1887833,36.0002]},"properties":{"stop_id":"KUB352001393","name":"안강골프연습장","short_no":"5002","date":"2025-10-31","bis":"경주BIS"}},{"type":"Feature","geometry":{"type":"Point","coordinates":[129.1624167,35.83468333]},"properties":{"stop_id":"KUB352001394","name":"외외마을입구","short_no":"1264","date":"2025-10-31","bis":"경주BIS"}},{"type":"Feature","geometry":{"type":"Point","coordinates":[129.1626833,35.83455]},"properties":{"stop_id":"KUB352001395","name":"외외마을입구","short_no":"1265","date":"2025-10-31","bis":"경주BIS"}},{"type":"Feature","geometry":{"type":"Point","coordinates":[129.2025,35.7185]},"properties":{"stop_id":"KUB352001396","name":"남명마을앞","short_no":"6010","date":"2025-10-31","bis":"경주BIS"}},{"type":"Feature","geometry":{"type":"Point","coordinates":[129.20275,35.71845]},"properties":{"stop_id":"KUB352001397","name":"남명마을앞","short_no":"6011","date":"2025-10-31","bis":"경주BIS"}},{"type":"Feature","geometry":{"type":"Point","coordinates":[129.22928,35.885581]},"properties":{"stop_id":"KUB352001398","name":"KCC스위첸.황남초등학교 건너","short_no":"1001","date":"2025-10-31","bis":"경주BIS"}},{"type":"Feature","geometry":{"type":"Point","coordinates":[129.224017,35.88496]},"properties":{"stop_id":"KUB352001399","name":"현진에버빌","short_no":"1369","date":"2025-10-31","bis":"경주BIS"}},{"type":"Feature","geometry":{"type":"Point","coordinates":[129.0735333,35.82315]},"properties":{"stop_id":"KUB352001400","name":"신경주병원","short_no":"3140","date":"2025-10-31","bis":"경주BIS"}},{"type":"Feature","geometry":{"type":"Point","coordinates":[129.0737333,35.82323333]},"properties":{"stop_id":"KUB352001401","name":"신경주병원","short_no":"3141","date":"2025-10-31","bis":"경주BIS"}},{"type":"Feature","geometry":{"type":"Point","coordinates":[129.0727,35.82655]},"properties":{"stop_id":"KUB352001402","name":"송선주유소","short_no":"3133","date":"2025-10-31","bis":"경주BIS"}},{"type":"Feature","geometry":{"type":"Point","coordinates":[129.07295,35.82653333]},"properties":{"stop_id":"KUB352001403","name":"송선주유소","short_no":"3134","date":"2025-10-31","bis":"경주BIS"}},{"type":"Feature","geometry":{"type":"Point","coordinates":[129.1707667,35.86921667]},"properties":{"stop_id":"KUB352001404","name":"상구3리.가목동","short_no":"5156","date":"2025-10-31","bis":"경주BIS"}},{"type":"Feature","geometry":{"type":"Point","coordinates":[129.16785,35.8282]},"properties":{"stop_id":"KUB352001405","name":"외외마을","short_no":"1263","date":"2025-10-31","bis":"경주BIS"}},{"type":"Feature","geometry":{"type":"Point","coordinates":[129.1705833,35.84803333]},"properties":{"stop_id":"KUB352001406","name":"충효지구","short_no":"1328","date":"2025-10-31","bis":"경주BIS"}},{"type":"Feature","geometry":{"type":"Point","coordinates":[129.1687,35.85071667]},"properties":{"stop_id":"KUB352001407","name":"새천년미소","short_no":"1303","date":"2025-10-31","bis":"경주BIS"}},{"type":"Feature","geometry":{"type":"Point","coordinates":[129.1686333,35.8507]},"properties":{"stop_id":"KUB352001408","name":"새천년미소","short_no":"1304","date":"2025-10-31","bis":"경주BIS"}},{"type":"Feature","geometry":{"type":"Point","coordinates":[129.17045,35.84803333]},"properties":{"stop_id":"KUB352001409","name":"충효지구","short_no":"1329","date":"2025-10-31","bis":"경주BIS"}},{"type":"Feature","geometry":{"type":"Point","coordinates":[129.209889,35.833102]},"properties":{"stop_id":"KUB352001410","name":"황남사거리","short_no":"1377","date":"2025-10-31","bis":"경주BIS"}},{"type":"Feature","geometry":{"type":"Point","coordinates":[129.448568,35.651399]},"properties":{"stop_id":"KUB352001411","name":"지경마을","short_no":"2150","date":"2025-10-31","bis":"경주BIS"}},{"type":"Feature","geometry":{"type":"Point","coordinates":[129.4504763,35.66367288]},"properties":{"stop_id":"KUB352001412","name":"관성","short_no":"2016","date":"2025-10-31","bis":"경주BIS"}},{"type":"Feature","geometry":{"type":"Point","coordinates":[129.4502756,35.66370993]},"properties":{"stop_id":"KUB352001413","name":"관성","short_no":"2015","date":"2025-10-31","bis":"경주BIS"}},{"type":"Feature","geometry":{"type":"Point","coordinates":[129.2774113,35.86858519]},"properties":{"stop_id":"KUB352001414","name":"목실마을","short_no":"5119","date":"2025-10-31","bis":"경주BIS"}},{"type":"Feature","geometry":{"type":"Point","coordinates":[129.1570167,35.825]},"properties":{"stop_id":"KUB352001415","name":"남강주유소","short_no":"1066","date":"2025-10-31","bis":"경주BIS"}},{"type":"Feature","geometry":{"type":"Point","coordinates":[129.1568676,35.82537449]},"properties":{"stop_id":"KUB352001416","name":"농수산물집하장","short_no":"1078","date":"2025-10-31","bis":"경주BIS"}},{"type":"Feature","geometry":{"type":"Point","coordinates":[129.2027852,35.84492459]},"properties":{"stop_id":"KUB352001417","name":"청년회의소","short_no":"1323","date":"2025-10-31","bis":"경주BIS"}},{"type":"Feature","geometry":{"type":"Point","coordinates":[129.4439191,35.78245412]},"properties":{"stop_id":"KUB352001418","name":"신월성사택","short_no":"2085","date":"2025-10-31","bis":"경주BIS"}},{"type":"Feature","geometry":{"type":"Point","coordinates":[129.4440449,35.78251012]},"properties":{"stop_id":"KUB352001419","name":"신월성사택","short_no":"2086","date":"2025-10-31","bis":"경주BIS"}},{"type":"Feature","geometry":{"type":"Point","coordinates":[129.0359,35.75765]},"properties":{"stop_id":"KUB352001420","name":"유스호텔입구","short_no":"3200","date":"2025-10-31","bis":"경주BIS"}},{"type":"Feature","geometry":{"type":"Point","coordinates":[129.0359323,35.75751671]},"properties":{"stop_id":"KUB352001421","name":"유스호텔입구","short_no":"3201","date":"2025-10-31","bis":"경주BIS"}},{"type":"Feature","geometry":{"type":"Point","coordinates":[128.9631688,35.77239328]},"properties":{"stop_id":"KUB352001422","name":"지촌종점","short_no":"6047","date":"2025-10-31","bis":"경주BIS"}},{"type":"Feature","geometry":{"type":"Point","coordinates":[128.9715833,35.76875]},"properties":{"stop_id":"KUB352001423","name":"지촌리동경매운탕","short_no":"6045","date":"2025-10-31","bis":"경주BIS"}},{"type":"Feature","geometry":{"type":"Point","coordinates":[128.9715833,35.76861667]},"properties":{"stop_id":"KUB352001424","name":"지촌리동경매운탕","short_no":"6046","date":"2025-10-31","bis":"경주BIS"}},{"type":"Feature","geometry":{"type":"Point","coordinates":[128.98385,35.76096667]},"properties":{"stop_id":"KUB352001425","name":"멧골","short_no":"3069","date":"2025-10-31","bis":"경주BIS"}},{"type":"Feature","geometry":{"type":"Point","coordinates":[128.98385,35.76086667]},"properties":{"stop_id":"KUB352001426","name":"멧골","short_no":"3070","date":"2025-10-31","bis":"경주BIS"}},{"type":"Feature","geometry":{"type":"Point","coordinates":[128.995,35.76143333]},"properties":{"stop_id":"KUB352001427","name":"세원리","short_no":"3125","date":"2025-10-31","bis":"경주BIS"}},{"type":"Feature","geometry":{"type":"Point","coordinates":[128.995,35.76131667]},"properties":{"stop_id":"KUB352001428","name":"세원리","short_no":"3126","date":"2025-10-31","bis":"경주BIS"}},{"type":"Feature","geometry":{"type":"Point","coordinates":[129.0058333,35.76001667]},"properties":{"stop_id":"KUB352001429","name":"덧마을","short_no":"3054","date":"2025-10-31","bis":"경주BIS"}},{"type":"Feature","geometry":{"type":"Point","coordinates":[129.0058167,35.75986667]},"properties":{"stop_id":"KUB352001430","name":"덧마을","short_no":"3055","date":"2025-10-31","bis":"경주BIS"}},{"type":"Feature","geometry":{"type":"Point","coordinates":[129.0707667,35.6141]},"properties":{"stop_id":"KUB352001431","name":"신기","short_no":"6036","date":"2025-10-31","bis":"경주BIS"}},{"type":"Feature","geometry":{"type":"Point","coordinates":[129.2266333,36.01021667]},"properties":{"stop_id":"KUB352001432","name":"흥덕왕릉입구","short_no":"5342","date":"2025-10-31","bis":"경주BIS"}},{"type":"Feature","geometry":{"type":"Point","coordinates":[129.287968,35.83445]},"properties":{"stop_id":"KUB352001442","name":"보덕동행정복지센터","short_no":"5437","date":"2025-10-31","bis":"경주BIS"}},{"type":"Feature","geometry":{"type":"Point","coordinates":[129.19965,35.7144]},"properties":{"stop_id":"KUB352001443","name":"봉계","short_no":"5390","date":"2025-10-31","bis":"경주BIS"}},{"type":"Feature","geometry":{"type":"Point","coordinates":[129.1998641,35.71432427]},"properties":{"stop_id":"KUB352001444","name":"봉계","short_no":"5391","date":"2025-10-31","bis":"경주BIS"}},{"type":"Feature","geometry":{"type":"Point","coordinates":[129.4697558,35.81205191]},"properties":{"stop_id":"KUB352001445","name":"호동마을","short_no":"5402","date":"2025-10-31","bis":"경주BIS"}},{"type":"Feature","geometry":{"type":"Point","coordinates":[129.1954524,35.73276503]},"properties":{"stop_id":"KUB352001446","name":"월산1리","short_no":"4223","date":"2025-10-31","bis":"경주BIS"}},{"type":"Feature","geometry":{"type":"Point","coordinates":[129.2005507,35.72524999]},"properties":{"stop_id":"KUB352001447","name":"월산","short_no":"4221","date":"2025-10-31","bis":"경주BIS"}},{"type":"Feature","geometry":{"type":"Point","coordinates":[129.2004809,35.72521492]},"properties":{"stop_id":"KUB352001448","name":"월산","short_no":"4222","date":"2025-10-31","bis":"경주BIS"}},{"type":"Feature","geometry":{"type":"Point","coordinates":[129.2283167,35.84618333]},"properties":{"stop_id":"KUB352001450","name":"알천교","short_no":"1468","date":"2025-10-31","bis":"경주BIS"}},{"type":"Feature","geometry":{"type":"Point","coordinates":[129.215788,35.844343]},"properties":{"stop_id":"KUB352001451","name":"경주우체국","short_no":"1395","date":"2025-10-31","bis":"경주BIS"}},{"type":"Feature","geometry":{"type":"Point","coordinates":[129.391015,35.79287488]},"properties":{"stop_id":"KUB352014380","name":"한수원본사","short_no":"1438","date":"2025-10-31","bis":"경주BIS"}},{"type":"Feature","geometry":{"type":"Point","coordinates":[129.1445167,35.81718333]},"properties":{"stop_id":"KUB352014450","name":"광명교","short_no":"55555","date":"2025-10-31","bis":"경주BIS"}},{"type":"Feature","geometry":{"type":"Point","coordinates":[129.3848246,35.78286848]},"properties":{"stop_id":"KUB352014490","name":"토함산터널 동편","short_no":"33333","date":"2025-10-31","bis":"경주BIS"}},{"type":"Feature","geometry":{"type":"Point","coordinates":[129.3343952,35.77140634]},"properties":{"stop_id":"KUB352014500","name":"토함산터널 서편","short_no":"44444","date":"2025-10-31","bis":"경주BIS"}},{"type":"Feature","geometry":{"type":"Point","coordinates":[129.2355018,35.71894955]},"properties":{"stop_id":"KUB352014501","name":"시리골","short_no":"4216","date":"2025-10-31","bis":"경주BIS"}},{"type":"Feature","geometry":{"type":"Point","coordinates":[129.1422384,35.73308058]},"properties":{"stop_id":"KUB352014502","name":"청두마을종점","short_no":"4217","date":"2025-10-31","bis":"경주BIS"}},{"type":"Feature","geometry":{"type":"Point","coordinates":[129.1539402,35.73433113]},"properties":{"stop_id":"KUB352014503","name":"안심","short_no":"4218","date":"2025-10-31","bis":"경주BIS"}},{"type":"Feature","geometry":{"type":"Point","coordinates":[129.228532,35.883097]},"properties":{"stop_id":"KUB352014504","name":"협성휴포레입구","short_no":"1449","date":"2025-10-31","bis":"경주BIS"}},{"type":"Feature","geometry":{"type":"Point","coordinates":[129.228394,35.882895]},"properties":{"stop_id":"KUB352014505","name":"협성휴포레입구","short_no":"1448","date":"2025-10-31","bis":"경주BIS"}},{"type":"Feature","geometry":{"type":"Point","coordinates":[129.22699,35.883376]},"properties":{"stop_id":"KUB352014506","name":"협성휴포레","short_no":"1446","date":"2025-10-31","bis":"경주BIS"}},{"type":"Feature","geometry":{"type":"Point","coordinates":[129.227118,35.883218]},"properties":{"stop_id":"KUB352014507","name":"협성휴포레","short_no":"1447","date":"2025-10-31","bis":"경주BIS"}},{"type":"Feature","geometry":{"type":"Point","coordinates":[129.224202,35.883175]},"properties":{"stop_id":"KUB352014509","name":"광중마을","short_no":"1444","date":"2025-10-31","bis":"경주BIS"}},{"type":"Feature","geometry":{"type":"Point","coordinates":[129.224764,35.884829]},"properties":{"stop_id":"KUB352014510","name":"현진에버빌","short_no":"1461","date":"2025-10-31","bis":"경주BIS"}},{"type":"Feature","geometry":{"type":"Point","coordinates":[129.223996,35.883323]},"properties":{"stop_id":"KUB352014511","name":"광중마을","short_no":"1462","date":"2025-10-31","bis":"경주BIS"}},{"type":"Feature","geometry":{"type":"Point","coordinates":[129.2221891,35.96304781]},"properties":{"stop_id":"KUB352014512","name":"아랫마을","short_no":"5343","date":"2025-10-31","bis":"경주BIS"}},{"type":"Feature","geometry":{"type":"Point","coordinates":[129.2221895,35.96293963]},"properties":{"stop_id":"KUB352014513","name":"아랫마을","short_no":"5344","date":"2025-10-31","bis":"경주BIS"}},{"type":"Feature","geometry":{"type":"Point","coordinates":[129.2892199,35.97264777]},"properties":{"stop_id":"KUB352014514","name":"국당3리","short_no":"5345","date":"2025-10-31","bis":"경주BIS"}},{"type":"Feature","geometry":{"type":"Point","coordinates":[129.2890463,35.97256923]},"properties":{"stop_id":"KUB352014515","name":"국당3리","short_no":"5346","date":"2025-10-31","bis":"경주BIS"}},{"type":"Feature","geometry":{"type":"Point","coordinates":[129.2176716,36.01839741]},"properties":{"stop_id":"KUB352014517","name":"육통1리회관","short_no":"5348","date":"2025-10-31","bis":"경주BIS"}},{"type":"Feature","geometry":{"type":"Point","coordinates":[129.1616914,35.99101972]},"properties":{"stop_id":"KUB352014518","name":"두류이주단지","short_no":"5349","date":"2025-10-31","bis":"경주BIS"}},{"type":"Feature","geometry":{"type":"Point","coordinates":[129.1616504,35.99091661]},"properties":{"stop_id":"KUB352014519","name":"두류이주단지","short_no":"5350","date":"2025-10-31","bis":"경주BIS"}},{"type":"Feature","geometry":{"type":"Point","coordinates":[129.1310226,36.01358104]},"properties":{"stop_id":"KUB352014520","name":"오룡리","short_no":"5351","date":"2025-10-31","bis":"경주BIS"}},{"type":"Feature","geometry":{"type":"Point","coordinates":[129.229267,35.885795]},"properties":{"stop_id":"KUB352014522","name":"에일린의뜰","short_no":"1450","date":"2025-10-31","bis":"경주BIS"}},{"type":"Feature","geometry":{"type":"Point","coordinates":[129.217616,35.879368]},"properties":{"stop_id":"KUB352014523","name":"국민체육센터","short_no":"1460","date":"2025-10-31","bis":"경주BIS"}},{"type":"Feature","geometry":{"type":"Point","coordinates":[129.209471,35.869206]},"properties":{"stop_id":"KUB352014525","name":"e편한세상APT","short_no":"1451","date":"2025-10-31","bis":"경주BIS"}},{"type":"Feature","geometry":{"type":"Point","coordinates":[129.209251,35.869357]},"properties":{"stop_id":"KUB352014526","name":"e편한세상APT","short_no":"1452","date":"2025-10-31","bis":"경주BIS"}},{"type":"Feature","geometry":{"type":"Point","coordinates":[129.207005,35.837221]},"properties":{"stop_id":"KUB352014527","name":"경주공고","short_no":"1453","date":"2025-10-31","bis":"경주BIS"}},{"type":"Feature","geometry":{"type":"Point","coordinates":[129.207046,35.834287]},"properties":{"stop_id":"KUB352014528","name":"황남동행정복지센터","short_no":"1454","date":"2025-10-31","bis":"경주BIS"}},{"type":"Feature","geometry":{"type":"Point","coordinates":[129.203343,35.834897]},"properties":{"stop_id":"KUB352014529","name":"신라초등학교","short_no":"1457","date":"2025-10-31","bis":"경주BIS"}},{"type":"Feature","geometry":{"type":"Point","coordinates":[129.205664,35.833104]},"properties":{"stop_id":"KUB352014530","name":"도시재생사업본부","short_no":"1456","date":"2025-10-31","bis":"경주BIS"}},{"type":"Feature","geometry":{"type":"Point","coordinates":[129.203158,35.837343]},"properties":{"stop_id":"KUB352014531","name":"시외버스터미널 건너","short_no":"1455","date":"2025-10-31","bis":"경주BIS"}},{"type":"Feature","geometry":{"type":"Point","coordinates":[129.2883183,35.82556136]},"properties":{"stop_id":"KUB352014532","name":"강동패밀리콘도","short_no":"1463","date":"2025-10-31","bis":"경주BIS"}},{"type":"Feature","geometry":{"type":"Point","coordinates":[129.288438,35.825465]},"properties":{"stop_id":"KUB352014533","name":"강동패밀리콘도","short_no":"1441","date":"2025-10-31","bis":"경주BIS"}},{"type":"Feature","geometry":{"type":"Point","coordinates":[129.1399707,35.9772488]},"properties":{"stop_id":"KUB352014534","name":"강교입구","short_no":"5353","date":"2025-10-31","bis":"경주BIS"}},{"type":"Feature","geometry":{"type":"Point","coordinates":[129.1401424,35.97724194]},"properties":{"stop_id":"KUB352014535","name":"강교입구","short_no":"5354","date":"2025-10-31","bis":"경주BIS"}},{"type":"Feature","geometry":{"type":"Point","coordinates":[129.2837792,36.01524834]},"properties":{"stop_id":"KUB352014536","name":"위덕대학교","short_no":"5355","date":"2025-10-31","bis":"경주BIS"}},{"type":"Feature","geometry":{"type":"Point","coordinates":[129.2846955,36.01134943]},"properties":{"stop_id":"KUB352014537","name":"위덕대공학관","short_no":"5356","date":"2025-10-31","bis":"경주BIS"}},{"type":"Feature","geometry":{"type":"Point","coordinates":[129.2147128,35.98439062]},"properties":{"stop_id":"KUB352014538","name":"근계리","short_no":"5358","date":"2025-10-31","bis":"경주BIS"}},{"type":"Feature","geometry":{"type":"Point","coordinates":[129.2145539,35.98448304]},"properties":{"stop_id":"KUB352014539","name":"근계리","short_no":"5357","date":"2025-10-31","bis":"경주BIS"}},{"type":"Feature","geometry":{"type":"Point","coordinates":[129.2758757,35.99099021]},"properties":{"stop_id":"KUB352014540","name":"부조역앞","short_no":"5359","date":"2025-10-31","bis":"경주BIS"}},{"type":"Feature","geometry":{"type":"Point","coordinates":[129.2757072,35.99114145]},"properties":{"stop_id":"KUB352014541","name":"부조역앞","short_no":"5360","date":"2025-10-31","bis":"경주BIS"}},{"type":"Feature","geometry":{"type":"Point","coordinates":[129.2776979,35.99433918]},"properties":{"stop_id":"KUB352014542","name":"덕남마을앞","short_no":"5361","date":"2025-10-31","bis":"경주BIS"}},{"type":"Feature","geometry":{"type":"Point","coordinates":[129.2775704,35.99458897]},"properties":{"stop_id":"KUB352014543","name":"덕남마을앞","short_no":"5362","date":"2025-10-31","bis":"경주BIS"}},{"type":"Feature","geometry":{"type":"Point","coordinates":[129.2774288,35.99754561]},"properties":{"stop_id":"KUB352014544","name":"광암마을","short_no":"5363","date":"2025-10-31","bis":"경주BIS"}},{"type":"Feature","geometry":{"type":"Point","coordinates":[129.2771235,35.99766056]},"properties":{"stop_id":"KUB352014545","name":"광암마을","short_no":"5364","date":"2025-10-31","bis":"경주BIS"}},{"type":"Feature","geometry":{"type":"Point","coordinates":[129.2749812,36.00411606]},"properties":{"stop_id":"KUB352014546","name":"유금2리앞","short_no":"5365","date":"2025-10-31","bis":"경주BIS"}},{"type":"Feature","geometry":{"type":"Point","coordinates":[129.17233,35.79167643]},"properties":{"stop_id":"KUB352014547","name":"망상1리창고앞","short_no":"5366","date":"2025-10-31","bis":"경주BIS"}},{"type":"Feature","geometry":{"type":"Point","coordinates":[129.1725612,35.79161912]},"properties":{"stop_id":"KUB352014548","name":"망성1리창고","short_no":"5367","date":"2025-10-31","bis":"경주BIS"}},{"type":"Feature","geometry":{"type":"Point","coordinates":[129.1720542,35.78880898]},"properties":{"stop_id":"KUB352014549","name":"중각단","short_no":"5368","date":"2025-10-31","bis":"경주BIS"}},{"type":"Feature","geometry":{"type":"Point","coordinates":[129.1721449,35.7889159]},"properties":{"stop_id":"KUB352014550","name":"중각단","short_no":"5369","date":"2025-10-31","bis":"경주BIS"}},{"type":"Feature","geometry":{"type":"Point","coordinates":[129.1785979,35.78771711]},"properties":{"stop_id":"KUB352014551","name":"망성두릉경로당","short_no":"5370","date":"2025-10-31","bis":"경주BIS"}},{"type":"Feature","geometry":{"type":"Point","coordinates":[129.2876582,35.92735516]},"properties":{"stop_id":"KUB352014552","name":"화산","short_no":"5371","date":"2025-10-31","bis":"경주BIS"}},{"type":"Feature","geometry":{"type":"Point","coordinates":[129.2958095,35.96014592]},"properties":{"stop_id":"KUB352014553","name":"왕신2리","short_no":"5372","date":"2025-10-31","bis":"경주BIS"}},{"type":"Feature","geometry":{"type":"Point","coordinates":[129.2955852,35.96003209]},"properties":{"stop_id":"KUB352014554","name":"왕신2리","short_no":"5373","date":"2025-10-31","bis":"경주BIS"}},{"type":"Feature","geometry":{"type":"Point","coordinates":[129.301036,35.94066586]},"properties":{"stop_id":"KUB352014555","name":"운곡서원","short_no":"5374","date":"2025-10-31","bis":"경주BIS"}},{"type":"Feature","geometry":{"type":"Point","coordinates":[129.2755458,35.92173851]},"properties":{"stop_id":"KUB352014556","name":"화산3리","short_no":"5375","date":"2025-10-31","bis":"경주BIS"}},{"type":"Feature","geometry":{"type":"Point","coordinates":[129.2754092,35.92157827]},"properties":{"stop_id":"KUB352014557","name":"화산3리","short_no":"5376","date":"2025-10-31","bis":"경주BIS"}},{"type":"Feature","geometry":{"type":"Point","coordinates":[129.1642155,35.9134144]},"properties":{"stop_id":"KUB352014558","name":"내태2리회관","short_no":"5377","date":"2025-10-31","bis":"경주BIS"}},{"type":"Feature","geometry":{"type":"Point","coordinates":[129.164103,35.91333257]},"properties":{"stop_id":"KUB352014559","name":"내태2리회관","short_no":"5378","date":"2025-10-31","bis":"경주BIS"}},{"type":"Feature","geometry":{"type":"Point","coordinates":[129.1605138,35.91578023]},"properties":{"stop_id":"KUB352014560","name":"내태2리","short_no":"5379","date":"2025-10-31","bis":"경주BIS"}},{"type":"Feature","geometry":{"type":"Point","coordinates":[129.1605278,35.91565608]},"properties":{"stop_id":"KUB352014561","name":"내태2리","short_no":"5380","date":"2025-10-31","bis":"경주BIS"}},{"type":"Feature","geometry":{"type":"Point","coordinates":[129.1797863,35.89247076]},"properties":{"stop_id":"KUB352014562","name":"소현1리마을회관","short_no":"5381","date":"2025-10-31","bis":"경주BIS"}},{"type":"Feature","geometry":{"type":"Point","coordinates":[129.179727,35.892501]},"properties":{"stop_id":"KUB352014563","name":"소현1리마을회관","short_no":"5382","date":"2025-10-31","bis":"경주BIS"}},{"type":"Feature","geometry":{"type":"Point","coordinates":[129.1809839,35.8968465]},"properties":{"stop_id":"KUB352014564","name":"소현1리 종점","short_no":"5383","date":"2025-10-31","bis":"경주BIS"}},{"type":"Feature","geometry":{"type":"Point","coordinates":[129.3194227,35.67934662]},"properties":{"stop_id":"KUB352014565","name":"문산2리","short_no":"5384","date":"2025-10-31","bis":"경주BIS"}},{"type":"Feature","geometry":{"type":"Point","coordinates":[129.3238768,35.66993971]},"properties":{"stop_id":"KUB352014566","name":"외동산업단지","short_no":"5385","date":"2025-10-31","bis":"경주BIS"}},{"type":"Feature","geometry":{"type":"Point","coordinates":[129.0266917,35.84506401]},"properties":{"stop_id":"KUB352014567","name":"우라(상)생식마을","short_no":"5386","date":"2025-10-31","bis":"경주BIS"}},{"type":"Feature","geometry":{"type":"Point","coordinates":[129.2348986,35.7459605]},"properties":{"stop_id":"KUB352014568","name":"노곡2리.백운대","short_no":"5392","date":"2025-10-31","bis":"경주BIS"}},{"type":"Feature","geometry":{"type":"Point","coordinates":[129.329829,35.71621546]},"properties":{"stop_id":"KUB352014569","name":"입실회차지","short_no":"5393","date":"2025-10-31","bis":"경주BIS"}},{"type":"Feature","geometry":{"type":"Point","coordinates":[129.2627065,35.80766218]},"properties":{"stop_id":"KUB352014570","name":"탑골마을","short_no":"5394","date":"2025-10-31","bis":"경주BIS"}},{"type":"Feature","geometry":{"type":"Point","coordinates":[129.262869,35.80775445]},"properties":{"stop_id":"KUB352014571","name":"탑골마을","short_no":"5396","date":"2025-10-31","bis":"경주BIS"}},{"type":"Feature","geometry":{"type":"Point","coordinates":[129.2660405,35.80379544]},"properties":{"stop_id":"KUB352014572","name":"코아루APT","short_no":"5397","date":"2025-10-31","bis":"경주BIS"}},{"type":"Feature","geometry":{"type":"Point","coordinates":[129.0505932,35.89470212]},"properties":{"stop_id":"KUB352014573","name":"아화회차지","short_no":"5398","date":"2025-10-31","bis":"경주BIS"}},{"type":"Feature","geometry":{"type":"Point","coordinates":[129.0851157,35.91021691]},"properties":{"stop_id":"KUB352014574","name":"상동","short_no":"5399","date":"2025-10-31","bis":"경주BIS"}},{"type":"Feature","geometry":{"type":"Point","coordinates":[129.4261468,35.75992131]},"properties":{"stop_id":"KUB352014575","name":"송전2리","short_no":"5400","date":"2025-10-31","bis":"경주BIS"}},{"type":"Feature","geometry":{"type":"Point","coordinates":[129.4262952,35.75988738]},"properties":{"stop_id":"KUB352014576","name":"송전2리","short_no":"5401","date":"2025-10-31","bis":"경주BIS"}},{"type":"Feature","geometry":{"type":"Point","coordinates":[129.4695753,35.81210783]},"properties":{"stop_id":"KUB352014577","name":"호동마을","short_no":"5403","date":"2025-10-31","bis":"경주BIS"}},{"type":"Feature","geometry":{"type":"Point","coordinates":[129.4146312,35.67449143]},"properties":{"stop_id":"KUB352014578","name":"상계리","short_no":"5404","date":"2025-10-31","bis":"경주BIS"}},{"type":"Feature","geometry":{"type":"Point","coordinates":[129.4232705,35.67033309]},"properties":{"stop_id":"KUB352014579","name":"상계마을","short_no":"5405","date":"2025-10-31","bis":"경주BIS"}},{"type":"Feature","geometry":{"type":"Point","coordinates":[129.4571919,35.66716301]},"properties":{"stop_id":"KUB352014580","name":"수렴","short_no":"5406","date":"2025-10-31","bis":"경주BIS"}},{"type":"Feature","geometry":{"type":"Point","coordinates":[129.4572204,35.66697324]},"properties":{"stop_id":"KUB352014581","name":"수렴","short_no":"5407","date":"2025-10-31","bis":"경주BIS"}},{"type":"Feature","geometry":{"type":"Point","coordinates":[129.2944653,35.75757889]},"properties":{"stop_id":"KUB352014582","name":"영호마을","short_no":"5408","date":"2025-10-31","bis":"경주BIS"}},{"type":"Feature","geometry":{"type":"Point","coordinates":[129.2945123,35.75745199]},"properties":{"stop_id":"KUB352014583","name":"영호마을","short_no":"5409","date":"2025-10-31","bis":"경주BIS"}},{"type":"Feature","geometry":{"type":"Point","coordinates":[129.31301,35.77487969]},"properties":{"stop_id":"KUB352014584","name":"구매마을","short_no":"5410","date":"2025-10-31","bis":"경주BIS"}},{"type":"Feature","geometry":{"type":"Point","coordinates":[129.3071336,35.77281812]},"properties":{"stop_id":"KUB352014585","name":"국태그린빌APT","short_no":"5411","date":"2025-10-31","bis":"경주BIS"}},{"type":"Feature","geometry":{"type":"Point","coordinates":[129.31889,35.77319751]},"properties":{"stop_id":"KUB352014586","name":"신계(하신)","short_no":"5412","date":"2025-10-31","bis":"경주BIS"}},{"type":"Feature","geometry":{"type":"Point","coordinates":[129.3188617,35.77329034]},"properties":{"stop_id":"KUB352014587","name":"신계(하신)","short_no":"5413","date":"2025-10-31","bis":"경주BIS"}},{"type":"Feature","geometry":{"type":"Point","coordinates":[129.3129928,35.77497461]},"properties":{"stop_id":"KUB352014588","name":"구매마을","short_no":"5414","date":"2025-10-31","bis":"경주BIS"}},{"type":"Feature","geometry":{"type":"Point","coordinates":[129.3070439,35.77288708]},"properties":{"stop_id":"KUB352014589","name":"국태그린빌APT","short_no":"5415","date":"2025-10-31","bis":"경주BIS"}},{"type":"Feature","geometry":{"type":"Point","coordinates":[129.2781415,35.72553887]},"properties":{"stop_id":"KUB352014590","name":"제네리","short_no":"5416","date":"2025-10-31","bis":"경주BIS"}},{"type":"Feature","geometry":{"type":"Point","coordinates":[129.3242601,35.76707918]},"properties":{"stop_id":"KUB352014591","name":"밤갓","short_no":"5417","date":"2025-10-31","bis":"경주BIS"}},{"type":"Feature","geometry":{"type":"Point","coordinates":[129.3211783,35.75850425]},"properties":{"stop_id":"KUB352014592","name":"괘릉","short_no":"5418","date":"2025-10-31","bis":"경주BIS"}},{"type":"Feature","geometry":{"type":"Point","coordinates":[129.3231504,35.76313834]},"properties":{"stop_id":"KUB352014593","name":"수봉정","short_no":"5419","date":"2025-10-31","bis":"경주BIS"}},{"type":"Feature","geometry":{"type":"Point","coordinates":[129.3233554,35.763247]},"properties":{"stop_id":"KUB352014594","name":"수봉정","short_no":"5420","date":"2025-10-31","bis":"경주BIS"}},{"type":"Feature","geometry":{"type":"Point","coordinates":[129.3212717,35.75847805]},"properties":{"stop_id":"KUB352014595","name":"괘릉","short_no":"5421","date":"2025-10-31","bis":"경주BIS"}},{"type":"Feature","geometry":{"type":"Point","coordinates":[129.3225212,35.76068965]},"properties":{"stop_id":"KUB352014596","name":"볕골","short_no":"5422","date":"2025-10-31","bis":"경주BIS"}},{"type":"Feature","geometry":{"type":"Point","coordinates":[129.3247014,35.75360247]},"properties":{"stop_id":"KUB352014597","name":"활성리","short_no":"5423","date":"2025-10-31","bis":"경주BIS"}},{"type":"Feature","geometry":{"type":"Point","coordinates":[129.3206799,35.74249851]},"properties":{"stop_id":"KUB352014598","name":"말방1리경로당","short_no":"5424","date":"2025-10-31","bis":"경주BIS"}},{"type":"Feature","geometry":{"type":"Point","coordinates":[129.3206375,35.74245858]},"properties":{"stop_id":"KUB352014599","name":"말방1리경로당","short_no":"5425","date":"2025-10-31","bis":"경주BIS"}},{"type":"Feature","geometry":{"type":"Point","coordinates":[129.3247862,35.75360965]},"properties":{"stop_id":"KUB352014600","name":"활성리","short_no":"5426","date":"2025-10-31","bis":"경주BIS"}},{"type":"Feature","geometry":{"type":"Point","coordinates":[129.3225962,35.76062486]},"properties":{"stop_id":"KUB352014601","name":"볕골","short_no":"5427","date":"2025-10-31","bis":"경주BIS"}},{"type":"Feature","geometry":{"type":"Point","coordinates":[129.2859847,35.86884902]},"properties":{"stop_id":"KUB352014602","name":"무애","short_no":"5428","date":"2025-10-31","bis":"경주BIS"}},{"type":"Feature","geometry":{"type":"Point","coordinates":[129.2858986,35.86896298]},"properties":{"stop_id":"KUB352014603","name":"무애","short_no":"5429","date":"2025-10-31","bis":"경주BIS"}},{"type":"Feature","geometry":{"type":"Point","coordinates":[129.2892122,35.87053181]},"properties":{"stop_id":"KUB352014604","name":"물천회차지","short_no":"5431","date":"2025-10-31","bis":"경주BIS"}},{"type":"Feature","geometry":{"type":"Point","coordinates":[129.2802677,35.8682623]},"properties":{"stop_id":"KUB352014605","name":"물천1리","short_no":"5430","date":"2025-10-31","bis":"경주BIS"}},{"type":"Feature","geometry":{"type":"Point","coordinates":[129.2802709,35.86815408]},"properties":{"stop_id":"KUB352014606","name":"물천1리","short_no":"5432","date":"2025-10-31","bis":"경주BIS"}},{"type":"Feature","geometry":{"type":"Point","coordinates":[129.0514303,35.78319375]},"properties":{"stop_id":"KUB352014607","name":"감산승강장","short_no":"5433","date":"2025-10-31","bis":"경주BIS"}},{"type":"Feature","geometry":{"type":"Point","coordinates":[129.0514584,35.78307844]},"properties":{"stop_id":"KUB352014608","name":"감산승강장","short_no":"5434","date":"2025-10-31","bis":"경주BIS"}},{"type":"Feature","geometry":{"type":"Point","coordinates":[129.2904817,35.85828212]},"properties":{"stop_id":"KUB352014609","name":"손곡","short_no":"5435","date":"2025-10-31","bis":"경주BIS"}},{"type":"Feature","geometry":{"type":"Point","coordinates":[129.2835131,35.82909898]},"properties":{"stop_id":"KUB352014610","name":"천군동마을","short_no":"5436","date":"2025-10-31","bis":"경주BIS"}},{"type":"Feature","geometry":{"type":"Point","coordinates":[129.0750842,35.86522585]},"properties":{"stop_id":"KUB352014611","name":"여근곡주차장","short_no":"5439","date":"2025-10-31","bis":"경주BIS"}},{"type":"Feature","geometry":{"type":"Point","coordinates":[129.0781876,35.86031697]},"properties":{"stop_id":"KUB352014612","name":"신평리(용문사)","short_no":"5441","date":"2025-10-31","bis":"경주BIS"}},{"type":"Feature","geometry":{"type":"Point","coordinates":[129.0780308,35.86022888]},"properties":{"stop_id":"KUB352014613","name":"신평리(용문사)","short_no":"5440","date":"2025-10-31","bis":"경주BIS"}},{"type":"Feature","geometry":{"type":"Point","coordinates":[129.0995896,35.83787712]},"properties":{"stop_id":"KUB352014614","name":"조전2리","short_no":"5442","date":"2025-10-31","bis":"경주BIS"}},{"type":"Feature","geometry":{"type":"Point","coordinates":[129.1018831,35.85158777]},"properties":{"stop_id":"KUB352014615","name":"건천우체국","short_no":"5443","date":"2025-10-31","bis":"경주BIS"}},{"type":"Feature","geometry":{"type":"Point","coordinates":[129.1045436,35.85228248]},"properties":{"stop_id":"KUB352014616","name":"금호아파트","short_no":"5444","date":"2025-10-31","bis":"경주BIS"}},{"type":"Feature","geometry":{"type":"Point","coordinates":[129.1044089,35.85219413]},"properties":{"stop_id":"KUB352014617","name":"금호아파트","short_no":"5445","date":"2025-10-31","bis":"경주BIS"}},{"type":"Feature","geometry":{"type":"Point","coordinates":[129.1065904,35.85027181]},"properties":{"stop_id":"KUB352014618","name":"작원마을","short_no":"5446","date":"2025-10-31","bis":"경주BIS"}},{"type":"Feature","geometry":{"type":"Point","coordinates":[129.1064446,35.85017911]},"properties":{"stop_id":"KUB352014619","name":"작원마을","short_no":"5447","date":"2025-10-31","bis":"경주BIS"}},{"type":"Feature","geometry":{"type":"Point","coordinates":[129.1068929,35.84880282]},"properties":{"stop_id":"KUB352014620","name":"건천3리마을회관","short_no":"5448","date":"2025-10-31","bis":"경주BIS"}},{"type":"Feature","geometry":{"type":"Point","coordinates":[129.1069414,35.84873456]},"properties":{"stop_id":"KUB352014621","name":"건천3리마을회관","short_no":"5449","date":"2025-10-31","bis":"경주BIS"}},{"type":"Feature","geometry":{"type":"Point","coordinates":[129.1089002,35.84676109]},"properties":{"stop_id":"KUB352014622","name":"건천휴먼시아","short_no":"5450","date":"2025-10-31","bis":"경주BIS"}},{"type":"Feature","geometry":{"type":"Point","coordinates":[129.1090767,35.84673168]},"properties":{"stop_id":"KUB352014623","name":"건천휴먼시아","short_no":"5451","date":"2025-10-31","bis":"경주BIS"}},{"type":"Feature","geometry":{"type":"Point","coordinates":[129.1193887,35.84826091]},"properties":{"stop_id":"KUB352014624","name":"숲리","short_no":"5452","date":"2025-10-31","bis":"경주BIS"}},{"type":"Feature","geometry":{"type":"Point","coordinates":[129.1194353,35.84837297]},"properties":{"stop_id":"KUB352014625","name":"숲리","short_no":"5453","date":"2025-10-31","bis":"경주BIS"}},{"type":"Feature","geometry":{"type":"Point","coordinates":[129.1213582,35.86287022]},"properties":{"stop_id":"KUB352014626","name":"대곡용명","short_no":"5454","date":"2025-10-31","bis":"경주BIS"}},{"type":"Feature","geometry":{"type":"Point","coordinates":[129.1211688,35.86281418]},"properties":{"stop_id":"KUB352014627","name":"대곡용명","short_no":"5455","date":"2025-10-31","bis":"경주BIS"}},{"type":"Feature","geometry":{"type":"Point","coordinates":[129.120824,35.86546023]},"properties":{"stop_id":"KUB352014628","name":"동경이마을","short_no":"5456","date":"2025-10-31","bis":"경주BIS"}},{"type":"Feature","geometry":{"type":"Point","coordinates":[129.1206786,35.86539008]},"properties":{"stop_id":"KUB352014629","name":"동경이마을","short_no":"5457","date":"2025-10-31","bis":"경주BIS"}},{"type":"Feature","geometry":{"type":"Point","coordinates":[129.1121642,35.86250266]},"properties":{"stop_id":"KUB352014630","name":"건천제2공단입구","short_no":"5458","date":"2025-10-31","bis":"경주BIS"}},{"type":"Feature","geometry":{"type":"Point","coordinates":[129.1120209,35.86253613]},"properties":{"stop_id":"KUB352014631","name":"건천제2공단입구","short_no":"5459","date":"2025-10-31","bis":"경주BIS"}},{"type":"Feature","geometry":{"type":"Point","coordinates":[129.1107787,35.86363626]},"properties":{"stop_id":"KUB352014632","name":"아이존입구","short_no":"5461","date":"2025-10-31","bis":"경주BIS"}},{"type":"Feature","geometry":{"type":"Point","coordinates":[129.1093666,35.86600194]},"properties":{"stop_id":"KUB352014633","name":"서한입구","short_no":"5460","date":"2025-10-31","bis":"경주BIS"}},{"type":"Feature","geometry":{"type":"Point","coordinates":[129.2544991,35.93872677]},"properties":{"stop_id":"KUB352014634","name":"한백이마을","short_no":"5462","date":"2025-10-31","bis":"경주BIS"}},{"type":"Feature","geometry":{"type":"Point","coordinates":[129.2538689,35.93528785]},"properties":{"stop_id":"KUB352014635","name":"오야리","short_no":"5464","date":"2025-10-31","bis":"경주BIS"}},{"type":"Feature","geometry":{"type":"Point","coordinates":[129.2533033,35.93326781]},"properties":{"stop_id":"KUB352014636","name":"오야큰마을","short_no":"5463","date":"2025-10-31","bis":"경주BIS"}},{"type":"Feature","geometry":{"type":"Point","coordinates":[129.2528886,35.92327203]},"properties":{"stop_id":"KUB352014637","name":"모아1리회관","short_no":"5465","date":"2025-10-31","bis":"경주BIS"}},{"type":"Feature","geometry":{"type":"Point","coordinates":[129.136432,35.8265449]},"properties":{"stop_id":"KUB352014638","name":"고란입구","short_no":"5468","date":"2025-10-31","bis":"경주BIS"}},{"type":"Feature","geometry":{"type":"Point","coordinates":[129.136363,35.82668557]},"properties":{"stop_id":"KUB352014639","name":"고란입구","short_no":"5469","date":"2025-10-31","bis":"경주BIS"}},{"type":"Feature","geometry":{"type":"Point","coordinates":[129.1788238,35.87539806]},"properties":{"stop_id":"KUB352014640","name":"가막골","short_no":"5467","date":"2025-10-31","bis":"경주BIS"}},{"type":"Feature","geometry":{"type":"Point","coordinates":[129.1787836,35.87546173]},"properties":{"stop_id":"KUB352014641","name":"가막골","short_no":"5466","date":"2025-10-31","bis":"경주BIS"}},{"type":"Feature","geometry":{"type":"Point","coordinates":[129.0823657,35.88093578]},"properties":{"stop_id":"KUB352014642","name":"운대1리","short_no":"5470","date":"2025-10-31","bis":"경주BIS"}},{"type":"Feature","geometry":{"type":"Point","coordinates":[129.0650616,35.88270636]},"properties":{"stop_id":"KUB352014643","name":"사라.운대입구","short_no":"5471","date":"2025-10-31","bis":"경주BIS"}},{"type":"Feature","geometry":{"type":"Point","coordinates":[129.391448,35.74236658]},"properties":{"stop_id":"KUB352014644","name":"효동1리마을회관","short_no":"5472","date":"2025-10-31","bis":"경주BIS"}},{"type":"Feature","geometry":{"type":"Point","coordinates":[129.3876377,35.74408066]},"properties":{"stop_id":"KUB352014645","name":"효제마을","short_no":"5473","date":"2025-10-31","bis":"경주BIS"}},{"type":"Feature","geometry":{"type":"Point","coordinates":[129.387798,35.7440804]},"properties":{"stop_id":"KUB352014646","name":"효제마을","short_no":"5474","date":"2025-10-31","bis":"경주BIS"}},{"type":"Feature","geometry":{"type":"Point","coordinates":[129.3304648,35.71573702]},"properties":{"stop_id":"KUB352014647","name":"LH공사아파트","short_no":"5479","date":"2025-10-31","bis":"경주BIS"}},{"type":"Feature","geometry":{"type":"Point","coordinates":[129.329716,35.715484]},"properties":{"stop_id":"KUB352014648","name":"LH공사아파트","short_no":"5480","date":"2025-10-31","bis":"경주BIS"}},{"type":"Feature","geometry":{"type":"Point","coordinates":[129.3364241,35.719162]},"properties":{"stop_id":"KUB352014649","name":"간밑마을","short_no":"5477","date":"2025-10-31","bis":"경주BIS"}},{"type":"Feature","geometry":{"type":"Point","coordinates":[129.3364626,35.7193958]},"properties":{"stop_id":"KUB352014650","name":"간밑마을","short_no":"5478","date":"2025-10-31","bis":"경주BIS"}},{"type":"Feature","geometry":{"type":"Point","coordinates":[129.3427879,35.72236414]},"properties":{"stop_id":"KUB352014651","name":"신우레미콘","short_no":"5476","date":"2025-10-31","bis":"경주BIS"}},{"type":"Feature","geometry":{"type":"Point","coordinates":[129.3427506,35.72218441]},"properties":{"stop_id":"KUB352014652","name":"신우레미콘","short_no":"5475","date":"2025-10-31","bis":"경주BIS"}},{"type":"Feature","geometry":{"type":"Point","coordinates":[129.4313471,35.69603009]},"properties":{"stop_id":"KUB352014653","name":"새한바위","short_no":"5481","date":"2025-10-31","bis":"경주BIS"}},{"type":"Feature","geometry":{"type":"Point","coordinates":[129.4312556,35.69590535]},"properties":{"stop_id":"KUB352014654","name":"새한바위","short_no":"5483","date":"2025-10-31","bis":"경주BIS"}},{"type":"Feature","geometry":{"type":"Point","coordinates":[129.4570725,35.68172726]},"properties":{"stop_id":"KUB352014655","name":"망정마을","short_no":"5482","date":"2025-10-31","bis":"경주BIS"}},{"type":"Feature","geometry":{"type":"Point","coordinates":[129.284533,35.833886]},"properties":{"stop_id":"KUB352014656","name":"천군네거리","short_no":"1464","date":"2025-10-31","bis":"경주BIS"}},{"type":"Feature","geometry":{"type":"Point","coordinates":[129.2998823,35.72050501]},"properties":{"stop_id":"KUB352014657","name":"찬내다리","short_no":"4219","date":"2025-10-31","bis":"경주BIS"}},{"type":"Feature","geometry":{"type":"Point","coordinates":[129.2998637,35.72065855]},"properties":{"stop_id":"KUB352014658","name":"찬내다리","short_no":"4220","date":"2025-10-31","bis":"경주BIS"}},{"type":"Feature","geometry":{"type":"Point","coordinates":[129.1297754,35.56243957]},"properties":{"stop_id":"KUB352014659","name":"언양임시터미널","short_no":"6054","date":"2025-10-31","bis":"경주BIS"}},{"type":"Feature","geometry":{"type":"Point","coordinates":[129.4949513,35.79858215]},"properties":{"stop_id":"KUB352014660","name":"동아사","short_no":"2182","date":"2025-10-31","bis":"경주BIS"}},{"type":"Feature","geometry":{"type":"Point","coordinates":[129.215619,35.873461]},"properties":{"stop_id":"KUB352014661","name":"황성휴포레.KCC","short_no":"1465","date":"2025-10-31","bis":"경주BIS"}},{"type":"Feature","geometry":{"type":"Point","coordinates":[129.215479,35.873087]},"properties":{"stop_id":"KUB352014662","name":"황성휴포레.KCC","short_no":"1466","date":"2025-10-31","bis":"경주BIS"}},{"type":"Feature","geometry":{"type":"Point","coordinates":[129.2941245,35.85555939]},"properties":{"stop_id":"KUB352014663","name":"손곡입구","short_no":"5484","date":"2025-10-31","bis":"경주BIS"}},{"type":"Feature","geometry":{"type":"Point","coordinates":[129.2849589,35.82597091]},"properties":{"stop_id":"KUB352014664","name":"신평마을","short_no":"5485","date":"2025-10-31","bis":"경주BIS"}},{"type":"Feature","geometry":{"type":"Point","coordinates":[129.2847587,35.82598245]},"properties":{"stop_id":"KUB352014665","name":"신평마을","short_no":"5486","date":"2025-10-31","bis":"경주BIS"}},{"type":"Feature","geometry":{"type":"Point","coordinates":[129.0192,35.77412]},"properties":{"stop_id":"KUB352014666","name":"안옻밭.칠전마을","short_no":"3248","date":"2025-10-31","bis":"경주BIS"}},{"type":"Feature","geometry":{"type":"Point","coordinates":[129.01912,35.77412]},"properties":{"stop_id":"KUB352014667","name":"안옻밭.칠전마을","short_no":"3249","date":"2025-10-31","bis":"경주BIS"}},{"type":"Feature","geometry":{"type":"Point","coordinates":[129.4618887,35.67400761]},"properties":{"stop_id":"KUB352014668","name":"양남중학교","short_no":"2183","date":"2025-10-31","bis":"경주BIS"}},{"type":"Feature","geometry":{"type":"Point","coordinates":[129.4620225,35.67407]},"properties":{"stop_id":"KUB352014669","name":"양남중학교","short_no":"2184","date":"2025-10-31","bis":"경주BIS"}},{"type":"Feature","geometry":{"type":"Point","coordinates":[129.46422,35.68017]},"properties":{"stop_id":"KUB352014670","name":"하서2리","short_no":"2185","date":"2025-10-31","bis":"경주BIS"}},{"type":"Feature","geometry":{"type":"Point","coordinates":[129.4740482,35.68952592]},"properties":{"stop_id":"KUB352014671","name":"읍천항","short_no":"2186","date":"2025-10-31","bis":"경주BIS"}},{"type":"Feature","geometry":{"type":"Point","coordinates":[129.463171,35.679513]},"properties":{"stop_id":"KUB352014672","name":"하서2리","short_no":"2187","date":"2025-10-31","bis":"경주BIS"}},{"type":"Feature","geometry":{"type":"Point","coordinates":[129.20143,35.86788]},"properties":{"stop_id":"KUB352014673","name":"금성아파트","short_no":"5487","date":"2025-10-31","bis":"경주BIS"}},{"type":"Feature","geometry":{"type":"Point","coordinates":[129.201911,35.839554]},"properties":{"stop_id":"KUB352014675","name":"시외버스터미널[시작]","short_no":"1467","date":"2025-10-31","bis":"경주BIS"}},{"type":"Feature","geometry":{"type":"Point","coordinates":[129.1974283,36.00349143]},"properties":{"stop_id":"KUB352014676","name":"우방아파트","short_no":"5489","date":"2025-10-31","bis":"경주BIS"}},{"type":"Feature","geometry":{"type":"Point","coordinates":[129.1994752,36.00319906]},"properties":{"stop_id":"KUB352014677","name":"홍천마을","short_no":"5490","date":"2025-10-31","bis":"경주BIS"}},{"type":"Feature","geometry":{"type":"Point","coordinates":[129.510041,35.827242]},"properties":{"stop_id":"KUB352018001","name":"오류3리","short_no":"318001","date":"2025-10-31","bis":"경주BIS"}},{"type":"Feature","geometry":{"type":"Point","coordinates":[129.507381,35.822452]},"properties":{"stop_id":"KUB352018003","name":"오류해수욕장","short_no":"318003","date":"2025-10-31","bis":"경주BIS"}},{"type":"Feature","geometry":{"type":"Point","coordinates":[129.507295,35.822495]},"properties":{"stop_id":"KUB352018005","name":"오류해수욕장","short_no":"318005","date":"2025-10-31","bis":"경주BIS"}},{"type":"Feature","geometry":{"type":"Point","coordinates":[129.51025,35.827229]},"properties":{"stop_id":"KUB352018007","name":"오류3리","short_no":"318007","date":"2025-10-31","bis":"경주BIS"}},{"type":"Feature","geometry":{"type":"Point","coordinates":[129.500181,35.808898]},"properties":{"stop_id":"KUB352018012","name":"감포진성숯불가든","short_no":"318012","date":"2025-10-31","bis":"경주BIS"}},{"type":"Feature","geometry":{"type":"Point","coordinates":[129.500297,35.808923]},"properties":{"stop_id":"KUB352018013","name":"감포진성숯불가든","short_no":"318013","date":"2025-10-31","bis":"경주BIS"}},{"type":"Feature","geometry":{"type":"Point","coordinates":[129.5025,35.804101]},"properties":{"stop_id":"KUB352018017","name":"감포항","short_no":"318017","date":"2025-10-31","bis":"경주BIS"}},{"type":"Feature","geometry":{"type":"Point","coordinates":[129.508385,35.809322]},"properties":{"stop_id":"KUB352018020","name":"감포중학교","short_no":"318020","date":"2025-10-31","bis":"경주BIS"}},{"type":"Feature","geometry":{"type":"Point","coordinates":[129.50975,35.808711]},"properties":{"stop_id":"KUB352018021","name":"감포가나안슈퍼","short_no":"318021","date":"2025-10-31","bis":"경주BIS"}},{"type":"Feature","geometry":{"type":"Point","coordinates":[129.509538,35.813278]},"properties":{"stop_id":"KUB352018022","name":"감포매일슈퍼","short_no":"318022","date":"2025-10-31","bis":"경주BIS"}},{"type":"Feature","geometry":{"type":"Point","coordinates":[129.508303,35.809286]},"properties":{"stop_id":"KUB352018024","name":"감포중학교","short_no":"318024","date":"2025-10-31","bis":"경주BIS"}},{"type":"Feature","geometry":{"type":"Point","coordinates":[129.502631,35.807504]},"properties":{"stop_id":"KUB352018025","name":"감포초등학교","short_no":"318025","date":"2025-10-31","bis":"경주BIS"}},{"type":"Feature","geometry":{"type":"Point","coordinates":[129.502682,35.807454]},"properties":{"stop_id":"KUB352018026","name":"감포초등학교","short_no":"318026","date":"2025-10-31","bis":"경주BIS"}},{"type":"Feature","geometry":{"type":"Point","coordinates":[129.517682,35.839496]},"properties":{"stop_id":"KUB352018027","name":"오류4리","short_no":"318027","date":"2025-10-31","bis":"경주BIS"}},{"type":"Feature","geometry":{"type":"Point","coordinates":[129.502655,35.8042]},"properties":{"stop_id":"KUB352018028","name":"감포항","short_no":"318028","date":"2025-10-31","bis":"경주BIS"}},{"type":"Feature","geometry":{"type":"Point","coordinates":[129.51131,35.816585]},"properties":{"stop_id":"KUB352018033","name":"척사","short_no":"318033","date":"2025-10-31","bis":"경주BIS"}},{"type":"Feature","geometry":{"type":"Point","coordinates":[129.511252,35.816563]},"properties":{"stop_id":"KUB352018034","name":"척사","short_no":"318034","date":"2025-10-31","bis":"경주BIS"}},{"type":"Feature","geometry":{"type":"Point","coordinates":[129.22983,35.991385]},"properties":{"stop_id":"KUB352019001","name":"안강중학교","short_no":"319001","date":"2025-10-31","bis":"경주BIS"}},{"type":"Feature","geometry":{"type":"Point","coordinates":[129.230225,35.991216]},"properties":{"stop_id":"KUB352019002","name":"안강중학교","short_no":"319002","date":"2025-10-31","bis":"경주BIS"}},{"type":"Feature","geometry":{"type":"Point","coordinates":[129.223977,35.99234]},"properties":{"stop_id":"KUB352019003","name":"안강파출소","short_no":"319003","date":"2025-10-31","bis":"경주BIS"}},{"type":"Feature","geometry":{"type":"Point","coordinates":[129.21558,35.993228]},"properties":{"stop_id":"KUB352019004","name":"안강서부터미널(하)","short_no":"319004","date":"2025-10-31","bis":"경주BIS"}},{"type":"Feature","geometry":{"type":"Point","coordinates":[129.19728,36.004237]},"properties":{"stop_id":"KUB352019005","name":"안강우방아파트","short_no":"319005","date":"2025-10-31","bis":"경주BIS"}},{"type":"Feature","geometry":{"type":"Point","coordinates":[129.197385,36.004161]},"properties":{"stop_id":"KUB352019006","name":"안강우방아파트","short_no":"319006","date":"2025-10-31","bis":"경주BIS"}},{"type":"Feature","geometry":{"type":"Point","coordinates":[129.193444,36.004099]},"properties":{"stop_id":"KUB352019007","name":"에덴아파트","short_no":"319007","date":"2025-10-31","bis":"경주BIS"}},{"type":"Feature","geometry":{"type":"Point","coordinates":[129.193311,36.004077]},"properties":{"stop_id":"KUB352019008","name":"에덴아파트","short_no":"319008","date":"2025-10-31","bis":"경주BIS"}},{"type":"Feature","geometry":{"type":"Point","coordinates":[129.193021,36.002318]},"properties":{"stop_id":"KUB352019009","name":"안강삼도타운","short_no":"319009","date":"2025-10-31","bis":"경주BIS"}},{"type":"Feature","geometry":{"type":"Point","coordinates":[129.19289,36.002286]},"properties":{"stop_id":"KUB352019010","name":"안강삼도타운","short_no":"319010","date":"2025-10-31","bis":"경주BIS"}},{"type":"Feature","geometry":{"type":"Point","coordinates":[129.196223,36.005012]},"properties":{"stop_id":"KUB352019012","name":"새터입구","short_no":"319012","date":"2025-10-31","bis":"경주BIS"}},{"type":"Feature","geometry":{"type":"Point","coordinates":[129.196308,36.005124]},"properties":{"stop_id":"KUB352019013","name":"새터입구","short_no":"319013","date":"2025-10-31","bis":"경주BIS"}},{"type":"Feature","geometry":{"type":"Point","coordinates":[129.196812,36.001579]},"properties":{"stop_id":"KUB352019014","name":"산대초등학교","short_no":"319014","date":"2025-10-31","bis":"경주BIS"}},{"type":"Feature","geometry":{"type":"Point","coordinates":[129.196715,36.001705]},"properties":{"stop_id":"KUB352019015","name":"산대초등학교","short_no":"319015","date":"2025-10-31","bis":"경주BIS"}},{"type":"Feature","geometry":{"type":"Point","coordinates":[129.196169,35.999078]},"properties":{"stop_id":"KUB352019016","name":"산대리입구","short_no":"319016","date":"2025-10-31","bis":"경주BIS"}},{"type":"Feature","geometry":{"type":"Point","coordinates":[129.196281,35.999056]},"properties":{"stop_id":"KUB352019017","name":"산대리입구","short_no":"319017","date":"2025-10-31","bis":"경주BIS"}},{"type":"Feature","geometry":{"type":"Point","coordinates":[129.196215,35.997492]},"properties":{"stop_id":"KUB352019018","name":"풍산금속","short_no":"319018","date":"2025-10-31","bis":"경주BIS"}},{"type":"Feature","geometry":{"type":"Point","coordinates":[129.224628,35.992121]},"properties":{"stop_id":"KUB352019020","name":"안강우체국","short_no":"319020","date":"2025-10-31","bis":"경주BIS"}},{"type":"Feature","geometry":{"type":"Point","coordinates":[129.22848,35.993255]},"properties":{"stop_id":"KUB352019021","name":"안강동부터미널","short_no":"319021","date":"2025-10-31","bis":"경주BIS"}},{"type":"Feature","geometry":{"type":"Point","coordinates":[129.228367,35.993345]},"properties":{"stop_id":"KUB352019022","name":"안강동부터미널","short_no":"319022","date":"2025-10-31","bis":"경주BIS"}},{"type":"Feature","geometry":{"type":"Point","coordinates":[129.227099,36.003321]},"properties":{"stop_id":"KUB352019023","name":"새창마을","short_no":"319023","date":"2025-10-31","bis":"경주BIS"}},{"type":"Feature","geometry":{"type":"Point","coordinates":[129.226985,36.003276]},"properties":{"stop_id":"KUB352019024","name":"새창마을","short_no":"319024","date":"2025-10-31","bis":"경주BIS"}},{"type":"Feature","geometry":{"type":"Point","coordinates":[129.226739,36.010519]},"properties":{"stop_id":"KUB352019025","name":"흥덕왕릉","short_no":"319025","date":"2025-10-31","bis":"경주BIS"}},{"type":"Feature","geometry":{"type":"Point","coordinates":[129.226626,36.010274]},"properties":{"stop_id":"KUB352019026","name":"흥덕왕릉","short_no":"319026","date":"2025-10-31","bis":"경주BIS"}},{"type":"Feature","geometry":{"type":"Point","coordinates":[129.2265,36.018748]},"properties":{"stop_id":"KUB352019027","name":"육통리","short_no":"319027","date":"2025-10-31","bis":"경주BIS"}},{"type":"Feature","geometry":{"type":"Point","coordinates":[129.22638,36.018745]},"properties":{"stop_id":"KUB352019028","name":"육통리","short_no":"319028","date":"2025-10-31","bis":"경주BIS"}},{"type":"Feature","geometry":{"type":"Point","coordinates":[129.22641,36.021814]},"properties":{"stop_id":"KUB352019029","name":"안강북부초등학교","short_no":"319029","date":"2025-10-31","bis":"경주BIS"}},{"type":"Feature","geometry":{"type":"Point","coordinates":[129.226287,36.021929]},"properties":{"stop_id":"KUB352019030","name":"안강북부초등학교","short_no":"319030","date":"2025-10-31","bis":"경주BIS"}},{"type":"Feature","geometry":{"type":"Point","coordinates":[129.227934,36.028327]},"properties":{"stop_id":"KUB352019031","name":"노당2리","short_no":"319031","date":"2025-10-31","bis":"경주BIS"}},{"type":"Feature","geometry":{"type":"Point","coordinates":[129.227825,36.028384]},"properties":{"stop_id":"KUB352019032","name":"노당2리","short_no":"319032","date":"2025-10-31","bis":"경주BIS"}},{"type":"Feature","geometry":{"type":"Point","coordinates":[129.229265,36.033069]},"properties":{"stop_id":"KUB352019033","name":"노당SK주유소","short_no":"319033","date":"2025-10-31","bis":"경주BIS"}},{"type":"Feature","geometry":{"type":"Point","coordinates":[129.229168,36.033167]},"properties":{"stop_id":"KUB352019034","name":"노당SK주유소","short_no":"319034","date":"2025-10-31","bis":"경주BIS"}},{"type":"Feature","geometry":{"type":"Point","coordinates":[129.230503,36.037464]},"properties":{"stop_id":"KUB352019035","name":"노당1리","short_no":"319035","date":"2025-10-31","bis":"경주BIS"}},{"type":"Feature","geometry":{"type":"Point","coordinates":[129.230393,36.03752]},"properties":{"stop_id":"KUB352019036","name":"노당1리","short_no":"319036","date":"2025-10-31","bis":"경주BIS"}},{"type":"Feature","geometry":{"type":"Point","coordinates":[129.233379,36.04317]},"properties":{"stop_id":"KUB352019037","name":"노당화룡사","short_no":"319037","date":"2025-10-31","bis":"경주BIS"}},{"type":"Feature","geometry":{"type":"Point","coordinates":[129.233325,36.043289]},"properties":{"stop_id":"KUB352019038","name":"노당화룡사","short_no":"319038","date":"2025-10-31","bis":"경주BIS"}},{"type":"Feature","geometry":{"type":"Point","coordinates":[129.237776,36.051527]},"properties":{"stop_id":"KUB352019039","name":"달성다리","short_no":"319039","date":"2025-10-31","bis":"경주BIS"}},{"type":"Feature","geometry":{"type":"Point","coordinates":[129.183523,36.000428]},"properties":{"stop_id":"KUB352019046","name":"산대리한동아파트","short_no":"319046","date":"2025-10-31","bis":"경주BIS"}},{"type":"Feature","geometry":{"type":"Point","coordinates":[129.226068,35.991995]},"properties":{"stop_id":"KUB352019051","name":"백년예식장","short_no":"319051","date":"2025-10-31","bis":"경주BIS"}},{"type":"Feature","geometry":{"type":"Point","coordinates":[129.222513,35.992441]},"properties":{"stop_id":"KUB352019053","name":"안강시장","short_no":"319053","date":"2025-10-31","bis":"경주BIS"}},{"type":"Feature","geometry":{"type":"Point","coordinates":[129.220182,35.992915]},"properties":{"stop_id":"KUB352019057","name":"안강제일초등학교","short_no":"319057","date":"2025-10-31","bis":"경주BIS"}},{"type":"Feature","geometry":{"type":"Point","coordinates":[129.220149,35.992799]},"properties":{"stop_id":"KUB352019058","name":"안강제일초등학교","short_no":"319058","date":"2025-10-31","bis":"경주BIS"}},{"type":"Feature","geometry":{"type":"Point","coordinates":[129.227171,35.99166]},"properties":{"stop_id":"KUB352019060","name":"백년예식장","short_no":"319060","date":"2025-10-31","bis":"경주BIS"}},{"type":"Feature","geometry":{"type":"Point","coordinates":[129.227722,36.000159]},"properties":{"stop_id":"KUB352019061","name":"양월2리","short_no":"319061","date":"2025-10-31","bis":"경주BIS"}},{"type":"Feature","geometry":{"type":"Point","coordinates":[129.227615,36.000082]},"properties":{"stop_id":"KUB352019062","name":"양월2리","short_no":"319062","date":"2025-10-31","bis":"경주BIS"}},{"type":"Feature","geometry":{"type":"Point","coordinates":[129.215469,35.993245]},"properties":{"stop_id":"KUB352019063","name":"안강서부터미널(상)","short_no":"319063","date":"2025-10-31","bis":"경주BIS"}},{"type":"Feature","geometry":{"type":"Point","coordinates":[129.189017,36.000437]},"properties":{"stop_id":"KUB352019064","name":"안강골프연습장","short_no":"319064","date":"2025-10-31","bis":"경주BIS"}},{"type":"Feature","geometry":{"type":"Point","coordinates":[129.189372,36.000453]},"properties":{"stop_id":"KUB352019065","name":"안강골프연습장","short_no":"319065","date":"2025-10-31","bis":"경주BIS"}},{"type":"Feature","geometry":{"type":"Point","coordinates":[129.291911,35.996948]},"properties":{"stop_id":"KUB352028001","name":"유금리","short_no":"328001","date":"2025-10-31","bis":"경주BIS"}},{"type":"Feature","geometry":{"type":"Point","coordinates":[129.291839,35.996866]},"properties":{"stop_id":"KUB352028002","name":"유금리","short_no":"328002","date":"2025-10-31","bis":"경주BIS"}},{"type":"Feature","geometry":{"type":"Point","coordinates":[129.28783,35.995376]},"properties":{"stop_id":"KUB352028003","name":"유금리입구","short_no":"328003","date":"2025-10-31","bis":"경주BIS"}},{"type":"Feature","geometry":{"type":"Point","coordinates":[129.287923,35.995325]},"properties":{"stop_id":"KUB352028004","name":"유금리입구","short_no":"328004","date":"2025-10-31","bis":"경주BIS"}},{"type":"Feature","geometry":{"type":"Point","coordinates":[129.284778,36.006843]},"properties":{"stop_id":"KUB352028005","name":"위덕삼성아파트","short_no":"328005","date":"2025-10-31","bis":"경주BIS"}},{"type":"Feature","geometry":{"type":"Point","coordinates":[129.284048,36.015376]},"properties":{"stop_id":"KUB352028006","name":"위덕대학교","short_no":"328006","date":"2025-10-31","bis":"경주BIS"}},{"type":"Feature","geometry":{"type":"Point","coordinates":[129.284046,36.015239]},"properties":{"stop_id":"KUB352028008","name":"위덕대학교","short_no":"328008","date":"2025-10-31","bis":"경주BIS"}},{"type":"Feature","geometry":{"type":"Point","coordinates":[129.284558,36.006647]},"properties":{"stop_id":"KUB352028009","name":"위덕삼성아파트","short_no":"328009","date":"2025-10-31","bis":"경주BIS"}},{"type":"Feature","geometry":{"type":"Point","coordinates":[129.274805,35.987474]},"properties":{"stop_id":"KUB352028010","name":"강동","short_no":"328010","date":"2025-10-31","bis":"경주BIS"}},{"type":"Feature","geometry":{"type":"Point","coordinates":[129.275407,35.987013]},"properties":{"stop_id":"KUB352028011","name":"강동","short_no":"328011","date":"2025-10-31","bis":"경주BIS"}},{"type":"Feature","geometry":{"type":"Point","coordinates":[129.261157,35.985485]},"properties":{"stop_id":"KUB352028012","name":"인동리","short_no":"328012","date":"2025-10-31","bis":"경주BIS"}},{"type":"Feature","geometry":{"type":"Point","coordinates":[129.260785,35.985497]},"properties":{"stop_id":"KUB352028013","name":"인동리","short_no":"328013","date":"2025-10-31","bis":"경주BIS"}},{"type":"Feature","geometry":{"type":"Point","coordinates":[129.255845,35.988591]},"properties":{"stop_id":"KUB352028014","name":"양동마을","short_no":"328014","date":"2025-10-31","bis":"경주BIS"}},{"type":"Feature","geometry":{"type":"Point","coordinates":[129.255679,35.988541]},"properties":{"stop_id":"KUB352028015","name":"양동마을","short_no":"328015","date":"2025-10-31","bis":"경주BIS"}},{"type":"Feature","geometry":{"type":"Point","coordinates":[129.238089,36.051724]},"properties":{"stop_id":"KUB352028016","name":"달성다리","short_no":"328016","date":"2025-10-31","bis":"경주BIS"}},{"type":"Feature","geometry":{"type":"Point","coordinates":[129.243213,36.057654]},"properties":{"stop_id":"KUB352028017","name":"달성사거리","short_no":"328017","date":"2025-10-31","bis":"경주BIS"}},{"type":"Feature","geometry":{"type":"Point","coordinates":[129.243004,36.057639]},"properties":{"stop_id":"KUB352028018","name":"달성사거리","short_no":"328018","date":"2025-10-31","bis":"경주BIS"}},{"type":"Feature","geometry":{"type":"Point","coordinates":[129.284514,36.011361]},"properties":{"stop_id":"KUB352028025","name":"위덕대학교공학관","short_no":"328025","date":"2025-10-31","bis":"경주BIS"}},{"type":"Feature","geometry":{"type":"Point","coordinates":[129.283117,35.997834]},"properties":{"stop_id":"KUB352028028","name":"위덕대->유강","short_no":"328028","date":"2025-10-31","bis":"경주BIS"}},{"type":"Feature","geometry":{"type":"Point","coordinates":[129.289492,35.996627]},"properties":{"stop_id":"KUB352028030","name":"유강터널입구","short_no":"328030","date":"2025-10-31","bis":"경주BIS"}},{"type":"Feature","geometry":{"type":"Point","coordinates":[129.284971,36.017876]},"properties":{"stop_id":"KUB352028031","name":"자명방면","short_no":"328031","date":"2025-10-31","bis":"경주BIS"}},{"type":"Feature","geometry":{"type":"Point","coordinates":[129.175315,35.890182]},"properties":{"stop_id":"KUB352028032","name":"현곡 푸르지오","short_no":"5491","date":"2025-10-31","bis":"경주BIS"}},{"type":"Feature","geometry":{"type":"Point","coordinates":[129.175461,35.890274]},"properties":{"stop_id":"KUB352028033","name":"현곡 푸르지오","short_no":"5492","date":"2025-10-31","bis":"경주BIS"}},{"type":"Feature","geometry":{"type":"Point","coordinates":[129.177535,35.889176]},"properties":{"stop_id":"KUB352028034","name":"현곡 푸르지오 입구","short_no":"5493","date":"2025-10-31","bis":"경주BIS"}},{"type":"Feature","geometry":{"type":"Point","coordinates":[129.177189,35.888391]},"properties":{"stop_id":"KUB352028035","name":"현곡 푸르지오 입구","short_no":"5494","date":"2025-10-31","bis":"경주BIS"}},{"type":"Feature","geometry":{"type":"Point","coordinates":[129.1899103,35.86004488]},"properties":{"stop_id":"KUB352028036","name":"석장동","short_no":"1469","date":"2025-10-31","bis":"경주BIS"}},{"type":"Feature","geometry":{"type":"Point","coordinates":[129.1897511,35.86026264]},"properties":{"stop_id":"KUB352028037","name":"석장동입구","short_no":"1470","date":"2025-10-31","bis":"경주BIS"}},{"type":"Feature","geometry":{"type":"Point","coordinates":[129.1954553,35.85917724]},"properties":{"stop_id":"KUB352028038","name":"동대병원후문","short_no":"1471","date":"2025-10-31","bis":"경주BIS"}},{"type":"Feature","geometry":{"type":"Point","coordinates":[129.1834118,35.86203039]},"properties":{"stop_id":"KUB352028039","name":"화랑마을","short_no":"1472","date":"2025-10-31","bis":"경주BIS"}},{"type":"Feature","geometry":{"type":"Point","coordinates":[129.4894888,35.78358914]},"properties":{"stop_id":"KUB352028040","name":"나정삼거리","short_no":"2188","date":"2025-10-31","bis":"경주BIS"}},{"type":"Feature","geometry":{"type":"Point","coordinates":[129.4894258,35.78339411]},"properties":{"stop_id":"KUB352028041","name":"나정삼거리","short_no":"2189","date":"2025-10-31","bis":"경주BIS"}},{"type":"Feature","geometry":{"type":"Point","coordinates":[129.4119529,35.79497761]},"properties":{"stop_id":"KUB352028042","name":"안동2리","short_no":"2190","date":"2025-10-31","bis":"경주BIS"}},{"type":"Feature","geometry":{"type":"Point","coordinates":[129.4118888,35.79507328]},"properties":{"stop_id":"KUB352028043","name":"안동2리","short_no":"2191","date":"2025-10-31","bis":"경주BIS"}},{"type":"Feature","geometry":{"type":"Point","coordinates":[129.198322,35.800416]},"properties":{"stop_id":"KUB352028045","name":"도초마을2호","short_no":"1474","date":"2025-10-31","bis":"경주BIS"}},{"type":"Feature","geometry":{"type":"Point","coordinates":[129.1985631,35.79902207]},"properties":{"stop_id":"KUB352028046","name":"배동삼거리","short_no":"1475","date":"2025-10-31","bis":"경주BIS"}},{"type":"Feature","geometry":{"type":"Point","coordinates":[129.471134,35.6994121]},"properties":{"stop_id":"KUB352028047","name":"새마을금고앞","short_no":"2192","date":"2025-10-31","bis":"경주BIS"}},{"type":"Feature","geometry":{"type":"Point","coordinates":[129.470492,35.701854]},"properties":{"stop_id":"KUB352028048","name":"월성원자력홍보관","short_no":"2193","date":"2025-10-31","bis":"경주BIS"}},{"type":"Feature","geometry":{"type":"Point","coordinates":[129.470069,35.701942]},"properties":{"stop_id":"KUB352028049","name":"월성원자력홍보관","short_no":"2194","date":"2025-10-31","bis":"경주BIS"}},{"type":"Feature","geometry":{"type":"Point","coordinates":[129.2089419,35.94416593]},"properties":{"stop_id":"KUB352028050","name":"장골","short_no":"5495","date":"2025-10-31","bis":"경주BIS"}},{"type":"Feature","geometry":{"type":"Point","coordinates":[129.1910364,35.81093783]},"properties":{"stop_id":"KUB352028051","name":"선두마을입구","short_no":"1476","date":"2025-10-31","bis":"경주BIS"}},{"type":"Feature","geometry":{"type":"Point","coordinates":[129.1920401,35.81054898]},"properties":{"stop_id":"KUB352028052","name":"도초마을입구","short_no":"1477","date":"2025-10-31","bis":"경주BIS"}},{"type":"Feature","geometry":{"type":"Point","coordinates":[129.1983889,35.81406489]},"properties":{"stop_id":"KUB352028053","name":"숲마을","short_no":"1478","date":"2025-10-31","bis":"경주BIS"}},{"type":"Feature","geometry":{"type":"Point","coordinates":[129.3148172,35.76787494]},"properties":{"stop_id":"KUB352028054","name":"밤갓등","short_no":"4224","date":"2025-10-31","bis":"경주BIS"}},{"type":"Feature","geometry":{"type":"Point","coordinates":[129.3234756,35.77018696]},"properties":{"stop_id":"KUB352028055","name":"밤갓","short_no":"4225","date":"2025-10-31","bis":"경주BIS"}},{"type":"Feature","geometry":{"type":"Point","coordinates":[129.481022,35.74470095]},"properties":{"stop_id":"KUB352028056","name":"대본삼거리","short_no":"2195","date":"2025-10-31","bis":"경주BIS"}},{"type":"Feature","geometry":{"type":"Point","coordinates":[129.2379124,35.84511698]},"properties":{"stop_id":"KUB352028057","name":"상리마을","short_no":"1479","date":"2025-10-31","bis":"경주BIS"}},{"type":"Feature","geometry":{"type":"Point","coordinates":[129.2047727,35.78858383]},"properties":{"stop_id":"KUB352028058","name":"뒷비파","short_no":"4226","date":"2025-10-31","bis":"경주BIS"}},{"type":"Feature","geometry":{"type":"Point","coordinates":[129.204643,35.78859694]},"properties":{"stop_id":"KUB352028059","name":"뒷비파","short_no":"4227","date":"2025-10-31","bis":"경주BIS"}},{"type":"Feature","geometry":{"type":"Point","coordinates":[129.16725,35.893742]},"properties":{"stop_id":"KUB352028060","name":"하구","short_no":"5496","date":"2025-10-31","bis":"경주BIS"}},{"type":"Feature","geometry":{"type":"Point","coordinates":[129.1673743,35.89385747]},"properties":{"stop_id":"KUB352028061","name":"하구","short_no":"5497","date":"2025-10-31","bis":"경주BIS"}},{"type":"Feature","geometry":{"type":"Point","coordinates":[129.1514215,35.90545822]},"properties":{"stop_id":"KUB352028062","name":"최제우생가","short_no":"5498","date":"2025-10-31","bis":"경주BIS"}},{"type":"Feature","geometry":{"type":"Point","coordinates":[129.151331,35.90536932]},"properties":{"stop_id":"KUB352028063","name":"최제우생가","short_no":"5499","date":"2025-10-31","bis":"경주BIS"}},{"type":"Feature","geometry":{"type":"Point","coordinates":[129.2379285,35.8450654]},"properties":{"stop_id":"KUB352028064","name":"상리마을","short_no":"1480","date":"2025-10-31","bis":"경주BIS"}},{"type":"Feature","geometry":{"type":"Point","coordinates":[129.324412,35.76707624]},"properties":{"stop_id":"KUB352028067","name":"밤갓","short_no":"5500","date":"2025-10-31","bis":"경주BIS"}},{"type":"Feature","geometry":{"type":"Point","coordinates":[129.324456,35.77073551]},"properties":{"stop_id":"KUB352028068","name":"신계","short_no":"4228","date":"2025-10-31","bis":"경주BIS"}},{"type":"Feature","geometry":{"type":"Point","coordinates":[129.3240101,35.78075099]},"properties":{"stop_id":"KUB352028069","name":"진현동.두산위브","short_no":"1481","date":"2025-10-31","bis":"경주BIS"}},{"type":"Feature","geometry":{"type":"Point","coordinates":[129.3243198,35.78075079]},"properties":{"stop_id":"KUB352028070","name":"진현동.두산위브","short_no":"1482","date":"2025-10-31","bis":"경주BIS"}},{"type":"Feature","geometry":{"type":"Point","coordinates":[129.2506249,35.89644393]},"properties":{"stop_id":"KUB352028072","name":"차량등록사업소","short_no":"5501","date":"2025-10-31","bis":"경주BIS"}},{"type":"Feature","geometry":{"type":"Point","coordinates":[129.2511865,35.89652801]},"properties":{"stop_id":"KUB352028073","name":"차량등록사업소","short_no":"5502","date":"2025-10-31","bis":"경주BIS"}},{"type":"Feature","geometry":{"type":"Point","coordinates":[129.0913562,35.93366708]},"properties":{"stop_id":"KUB352028074","name":"마채상리","short_no":"3250","date":"2025-10-31","bis":"경주BIS"}},{"type":"Feature","geometry":{"type":"Point","coordinates":[129.1186861,35.82072888]},"properties":{"stop_id":"KUB352028075","name":"모량자골","short_no":"3251","date":"2025-10-31","bis":"경주BIS"}},{"type":"Feature","geometry":{"type":"Point","coordinates":[129.1186051,35.82059515]},"properties":{"stop_id":"KUB352028076","name":"모량자골","short_no":"3252","date":"2025-10-31","bis":"경주BIS"}},{"type":"Feature","geometry":{"type":"Point","coordinates":[129.2471652,35.84464747]},"properties":{"stop_id":"KUB352028077","name":"윗상리마을","short_no":"1483","date":"2025-10-31","bis":"경주BIS"}},{"type":"Feature","geometry":{"type":"Point","coordinates":[129.2470957,35.84454065]},"properties":{"stop_id":"KUB352028078","name":"윗상리마을","short_no":"1484","date":"2025-10-31","bis":"경주BIS"}},{"type":"Feature","geometry":{"type":"Point","coordinates":[129.1331506,35.82303688]},"properties":{"stop_id":"KUB352028079","name":"모량초등학교","short_no":"3253","date":"2025-10-31","bis":"경주BIS"}},{"type":"Feature","geometry":{"type":"Point","coordinates":[129.1301933,35.82508746]},"properties":{"stop_id":"KUB352028080","name":"모량1리 경로당","short_no":"3254","date":"2025-10-31","bis":"경주BIS"}},{"type":"Feature","geometry":{"type":"Point","coordinates":[129.2118423,35.93938998]},"properties":{"stop_id":"KUB352028081","name":"장골농장","short_no":"5503","date":"2025-10-31","bis":"경주BIS"}},{"type":"Feature","geometry":{"type":"Point","coordinates":[129.2117478,35.93937821]},"properties":{"stop_id":"KUB352028082","name":"장골농장","short_no":"5504","date":"2025-10-31","bis":"경주BIS"}},{"type":"Feature","geometry":{"type":"Point","coordinates":[129.2013511,35.8413608]},"properties":{"stop_id":"KUB352028083","name":"시외버스터미널[시작]","short_no":"1485","date":"2025-10-31","bis":"경주BIS"}},{"type":"Feature","geometry":{"type":"Point","coordinates":[129.0438859,35.75565028]},"properties":{"stop_id":"KUB352028084","name":"산내면행정복지센터앞","short_no":"3255","date":"2025-10-31","bis":"경주BIS"}},{"type":"Feature","geometry":{"type":"Point","coordinates":[129.043964,35.75578862]},"properties":{"stop_id":"KUB352028085","name":"산내면행정복지센터앞","short_no":"3256","date":"2025-10-31","bis":"경주BIS"}},{"type":"Feature","geometry":{"type":"Point","coordinates":[129.2275098,35.97698846]},"properties":{"stop_id":"KUB352028086","name":"갑산1리앞","short_no":"5505","date":"2025-10-31","bis":"경주BIS"}},{"type":"Feature","geometry":{"type":"Point","coordinates":[129.2276151,35.97699101]},"properties":{"stop_id":"KUB352028087","name":"갑산1리앞","short_no":"5506","date":"2025-10-31","bis":"경주BIS"}},{"type":"Feature","geometry":{"type":"Point","coordinates":[129.297792,35.831339]},"properties":{"stop_id":"KUB352028089","name":"보불로삼거리 앞","short_no":"1486","date":"2025-10-31","bis":"경주BIS"}},{"type":"Feature","geometry":{"type":"Point","coordinates":[129.2813675,35.74521523]},"properties":{"stop_id":"KUB352028090","name":"새각단","short_no":"4230","date":"2025-10-31","bis":"경주BIS"}},{"type":"Feature","geometry":{"type":"Point","coordinates":[129.2814756,35.74522444]},"properties":{"stop_id":"KUB352028091","name":"새각단","short_no":"4231","date":"2025-10-31","bis":"경주BIS"}},{"type":"Feature","geometry":{"type":"Point","coordinates":[129.1408599,35.83307343]},"properties":{"stop_id":"KUB352028092","name":"고란종점","short_no":"1487","date":"2025-10-31","bis":"경주BIS"}},{"type":"Feature","geometry":{"type":"Point","coordinates":[129.1403182,35.82917699]},"properties":{"stop_id":"KUB352028093","name":"고란회관","short_no":"1488","date":"2025-10-31","bis":"경주BIS"}},{"type":"Feature","geometry":{"type":"Point","coordinates":[129.2797142,36.00270167]},"properties":{"stop_id":"KUB352028095","name":"공정마을","short_no":"5508","date":"2025-10-31","bis":"경주BIS"}},{"type":"Feature","geometry":{"type":"Point","coordinates":[129.2797282,36.0026113]},"properties":{"stop_id":"KUB352028096","name":"공정마을","short_no":"5509","date":"2025-10-31","bis":"경주BIS"}},{"type":"Feature","geometry":{"type":"Point","coordinates":[129.2751217,36.00398725]},"properties":{"stop_id":"KUB352028097","name":"유금2리","short_no":"5510","date":"2025-10-31","bis":"경주BIS"}},{"type":"Feature","geometry":{"type":"Point","coordinates":[129.1745754,35.89584989]},"properties":{"stop_id":"KUB352028098","name":"게이트볼장","short_no":"5511","date":"2025-10-31","bis":"경주BIS"}},{"type":"Feature","geometry":{"type":"Point","coordinates":[129.0848498,35.83966093]},"properties":{"stop_id":"KUB352028100","name":"건천IC","short_no":"3257","date":"2025-10-31","bis":"경주BIS"}},{"type":"Feature","geometry":{"type":"Point","coordinates":[129.2254679,35.88516797]},"properties":{"stop_id":"KUB352028101","name":"현진에버빌건너","short_no":"1489","date":"2025-10-31","bis":"경주BIS"}},{"type":"Feature","geometry":{"type":"Point","coordinates":[129.1374074,35.97196322]},"properties":{"stop_id":"KUB352028103","name":"분투골","short_no":"5513","date":"2025-10-31","bis":"경주BIS"}},{"type":"Feature","geometry":{"type":"Point","coordinates":[129.1389144,35.82717123]},"properties":{"stop_id":"KUB352028104","name":"고란삼거리","short_no":"1490","date":"2025-10-31","bis":"경주BIS"}},{"type":"Feature","geometry":{"type":"Point","coordinates":[129.1388969,35.82723912]},"properties":{"stop_id":"KUB352028105","name":"고란삼거리","short_no":"1491","date":"2025-10-31","bis":"경주BIS"}},{"type":"Feature","geometry":{"type":"Point","coordinates":[129.3024615,35.67394496]},"properties":{"stop_id":"KUB352028106","name":"석계1리 앞","short_no":"4232","date":"2025-10-31","bis":"경주BIS"}},{"type":"Feature","geometry":{"type":"Point","coordinates":[129.302501,35.67387662]},"properties":{"stop_id":"KUB352028107","name":"석계1리 앞","short_no":"4233","date":"2025-10-31","bis":"경주BIS"}},{"type":"Feature","geometry":{"type":"Point","coordinates":[129.3059469,35.6772549]},"properties":{"stop_id":"KUB352028108","name":"석계1리 아랫마을","short_no":"4234","date":"2025-10-31","bis":"경주BIS"}},{"type":"Feature","geometry":{"type":"Point","coordinates":[129.3058964,35.67732344]},"properties":{"stop_id":"KUB352028109","name":"석계1리 아랫마을","short_no":"4235","date":"2025-10-31","bis":"경주BIS"}},{"type":"Feature","geometry":{"type":"Point","coordinates":[129.2955548,35.67237504]},"properties":{"stop_id":"KUB352028110","name":"고천마을","short_no":"4236","date":"2025-10-31","bis":"경주BIS"}},{"type":"Feature","geometry":{"type":"Point","coordinates":[129.2955537,35.67223765]},"properties":{"stop_id":"KUB352028111","name":"고천마을","short_no":"4237","date":"2025-10-31","bis":"경주BIS"}},{"type":"Feature","geometry":{"type":"Point","coordinates":[129.2923388,35.670641]},"properties":{"stop_id":"KUB352028112","name":"석계2리 상동마을","short_no":"4238","date":"2025-10-31","bis":"경주BIS"}},{"type":"Feature","geometry":{"type":"Point","coordinates":[129.2924296,35.67063026]},"properties":{"stop_id":"KUB352028113","name":"석계2리 상동마을","short_no":"4239","date":"2025-10-31","bis":"경주BIS"}},{"type":"Feature","geometry":{"type":"Point","coordinates":[129.280587,35.73005784]},"properties":{"stop_id":"KUB352028114","name":"제네1리","short_no":"4240","date":"2025-10-31","bis":"경주BIS"}},{"type":"Feature","geometry":{"type":"Point","coordinates":[129.2805074,35.73007511]},"properties":{"stop_id":"KUB352028115","name":"제네1리","short_no":"4241","date":"2025-10-31","bis":"경주BIS"}},{"type":"Feature","geometry":{"type":"Point","coordinates":[129.201926,35.840319]},"properties":{"stop_id":"KUB352028116","name":"터미널 종점(하차전용)","short_no":"1494","date":"2025-10-31","bis":"경주BIS"}},{"type":"Feature","geometry":{"type":"Point","coordinates":[129.0420634,35.88495623]},"properties":{"stop_id":"KUB352028117","name":"중부공영주차장","short_no":"3259","date":"2025-10-31","bis":"경주BIS"}},{"type":"Feature","geometry":{"type":"Point","coordinates":[129.1216776,35.85477995]},"properties":{"stop_id":"KUB352028119","name":"신당교 입구","short_no":"3258","date":"2025-10-31","bis":"경주BIS"}},{"type":"Feature","geometry":{"type":"Point","coordinates":[129.322832,35.74361721]},"properties":{"stop_id":"KUB352028120","name":"장산","short_no":"4242","date":"2025-10-31","bis":"경주BIS"}},{"type":"Feature","geometry":{"type":"Point","coordinates":[129.2281745,35.99660659]},"properties":{"stop_id":"KUB352028121","name":"안강농협주유소 건너편","short_no":"5515","date":"2025-10-31","bis":"경주BIS"}},{"type":"Feature","geometry":{"type":"Point","coordinates":[129.2284401,35.99619394]},"properties":{"stop_id":"KUB352028122","name":"안강농협주유소 앞","short_no":"5514","date":"2025-10-31","bis":"경주BIS"}},{"type":"Feature","geometry":{"type":"Point","coordinates":[129.3228653,35.74352646]},"properties":{"stop_id":"KUB352028123","name":"장산","short_no":"4243","date":"2025-10-31","bis":"경주BIS"}},{"type":"Feature","geometry":{"type":"Point","coordinates":[129.0419223,35.88496089]},"properties":{"stop_id":"KUB352028124","name":"중부공영주차장","short_no":"3260","date":"2025-10-31","bis":"경주BIS"}},{"type":"Feature","geometry":{"type":"Point","coordinates":[129.1481598,35.81648753]},"properties":{"stop_id":"KUB352028125","name":"윗마을","short_no":"1493","date":"2025-10-31","bis":"경주BIS"}},{"type":"Feature","geometry":{"type":"Point","coordinates":[129.1482365,35.81645913]},"properties":{"stop_id":"KUB352028126","name":"윗마을","short_no":"1492","date":"2025-10-31","bis":"경주BIS"}},{"type":"Feature","geometry":{"type":"Point","coordinates":[129.3089863,35.67796588]},"properties":{"stop_id":"KUB352028128","name":"석계초등학교","short_no":"4244","date":"2025-10-31","bis":"경주BIS"}},{"type":"Feature","geometry":{"type":"Point","coordinates":[129.3090082,35.67786184]},"properties":{"stop_id":"KUB352028129","name":"석계초등학교","short_no":"4245","date":"2025-10-31","bis":"경주BIS"}},{"type":"Feature","geometry":{"type":"Point","coordinates":[129.2593523,35.80796074]},"properties":{"stop_id":"KUB352028130","name":"동방한옥마을","short_no":"1396","date":"2025-10-31","bis":"경주BIS"}},{"type":"Feature","geometry":{"type":"Point","coordinates":[129.2859974,35.88672923]},"properties":{"stop_id":"KUB352028131","name":"대자원입구","short_no":"5516","date":"2025-10-31","bis":"경주BIS"}},{"type":"Feature","geometry":{"type":"Point","coordinates":[129.0520949,35.89213336]},"properties":{"stop_id":"KUB352028132","name":"서면행정복지센터","short_no":"3261","date":"2025-10-31","bis":"경주BIS"}},{"type":"Feature","geometry":{"type":"Point","coordinates":[129.2716265,35.89470805]},"properties":{"stop_id":"KUB352028133","name":"천북면사무소건너","short_no":"5517","date":"2025-10-31","bis":"경주BIS"}},{"type":"Feature","geometry":{"type":"Point","coordinates":[129.2716436,35.89482036]},"properties":{"stop_id":"KUB352028134","name":"천북면행정복지센터","short_no":"5518","date":"2025-10-31","bis":"경주BIS"}},{"type":"Feature","geometry":{"type":"Point","coordinates":[129.4176701,35.67319589]},"properties":{"stop_id":"KUB352028135","name":"서왕교앞","short_no":"5519","date":"2025-10-31","bis":"경주BIS"}},{"type":"Feature","geometry":{"type":"Point","coordinates":[129.4177202,35.6732985]},"properties":{"stop_id":"KUB352028136","name":"서왕교","short_no":"5520","date":"2025-10-31","bis":"경주BIS"}},{"type":"Feature","geometry":{"type":"Point","coordinates":[129.2871495,35.93088663]},"properties":{"stop_id":"KUB352028137","name":"화산안길","short_no":"5521","date":"2025-10-31","bis":"경주BIS"}},{"type":"Feature","geometry":{"type":"Point","coordinates":[129.2870807,35.93070999]},"properties":{"stop_id":"KUB352028138","name":"화산안길","short_no":"5522","date":"2025-10-31","bis":"경주BIS"}},{"type":"Feature","geometry":{"type":"Point","coordinates":[129.3327353,35.78619988]},"properties":{"stop_id":"KUB352028139","name":"불국사매표소","short_no":"1495","date":"2025-10-31","bis":"경주BIS"}},{"type":"Feature","geometry":{"type":"Point","coordinates":[129.3326912,35.7862976]},"properties":{"stop_id":"KUB352028142","name":"불국사매표소","short_no":"1496","date":"2025-10-31","bis":"경주BIS"}},{"type":"Feature","geometry":{"type":"Point","coordinates":[129.0585417,35.91770417]},"properties":{"stop_id":"KUB352028143","name":"도리못앞","short_no":"3262","date":"2025-10-31","bis":"경주BIS"}},{"type":"Feature","geometry":{"type":"Point","coordinates":[129.0584943,35.91783099]},"properties":{"stop_id":"KUB352028144","name":"도리못건너","short_no":"3263","date":"2025-10-31","bis":"경주BIS"}},{"type":"Feature","geometry":{"type":"Point","coordinates":[129.2733945,35.84056686]},"properties":{"stop_id":"KUB352028145","name":"천군매립장삼거리","short_no":"1497","date":"2025-10-31","bis":"경주BIS"}},{"type":"Feature","geometry":{"type":"Point","coordinates":[129.3313452,35.67290118]},"properties":{"stop_id":"KUB352028146","name":"부영1단지","short_no":"4246","date":"2025-10-31","bis":"경주BIS"}},{"type":"Feature","geometry":{"type":"Point","coordinates":[129.331748,35.672621]},"properties":{"stop_id":"KUB352028147","name":"부영2단지","short_no":"4247","date":"2025-10-31","bis":"경주BIS"}},{"type":"Feature","geometry":{"type":"Point","coordinates":[129.3352679,35.67251652]},"properties":{"stop_id":"KUB352028148","name":"성도아파트","short_no":"4248","date":"2025-10-31","bis":"경주BIS"}},{"type":"Feature","geometry":{"type":"Point","coordinates":[129.278428,35.90860357]},"properties":{"stop_id":"KUB352028149","name":"휴그린빌","short_no":"5523","date":"2025-10-31","bis":"경주BIS"}},{"type":"Feature","geometry":{"type":"Point","coordinates":[129.2785523,35.90859446]},"properties":{"stop_id":"KUB352028150","name":"휴그린빌건너","short_no":"5524","date":"2025-10-31","bis":"경주BIS"}},{"type":"Feature","geometry":{"type":"Point","coordinates":[129.3314577,35.67287873]},"properties":{"stop_id":"KUB352028151","name":"부영1단지 하차","short_no":"4249","date":"2025-10-31","bis":"경주BIS"}},{"type":"Feature","geometry":{"type":"Point","coordinates":[129.331351,35.672705]},"properties":{"stop_id":"KUB352028152","name":"부영2단지 하차","short_no":"4250","date":"2025-10-31","bis":"경주BIS"}},{"type":"Feature","geometry":{"type":"Point","coordinates":[129.1024057,35.85027135]},"properties":{"stop_id":"KUB352028153","name":"건천행정복지센터","short_no":"3264","date":"2025-10-31","bis":"경주BIS"}},{"type":"Feature","geometry":{"type":"Point","coordinates":[129.2079282,35.83905207]},"properties":{"stop_id":"KUB352028154","name":"서라벌문화회관.황리단길","short_no":"1498","date":"2025-10-31","bis":"경주BIS"}},{"type":"Feature","geometry":{"type":"Point","coordinates":[129.200542,35.864567]},"properties":{"stop_id":"KUB352028155","name":"금장대삼거리","short_no":"5525","date":"2025-10-31","bis":"경주BIS"}},{"type":"Feature","geometry":{"type":"Point","coordinates":[129.1025577,35.85036781]},"properties":{"stop_id":"KUB352028156","name":"건천행정복지센터","short_no":"3265","date":"2025-10-31","bis":"경주BIS"}},{"type":"Feature","geometry":{"type":"Point","coordinates":[129.235005,35.739121]},"properties":{"stop_id":"KUB352028157","name":"현광사입구","short_no":"4251","date":"2025-10-31","bis":"경주BIS"}},{"type":"Feature","geometry":{"type":"Point","coordinates":[129.2348177,35.73914228]},"properties":{"stop_id":"KUB352028158","name":"현광사입구 건너","short_no":"4252","date":"2025-10-31","bis":"경주BIS"}},{"type":"Feature","geometry":{"type":"Point","coordinates":[129.3022722,35.83187242]},"properties":{"stop_id":"KUB352028159","name":"보불로삼거리","short_no":"1499","date":"2025-10-31","bis":"경주BIS"}},{"type":"Feature","geometry":{"type":"Point","coordinates":[129.3142492,35.67980654]},"properties":{"stop_id":"KUB352028160","name":"석계교","short_no":"4253","date":"2025-10-31","bis":"경주BIS"}},{"type":"Feature","geometry":{"type":"Point","coordinates":[129.3196982,35.67939076]},"properties":{"stop_id":"KUB352028161","name":"문산2리","short_no":"4254","date":"2025-10-31","bis":"경주BIS"}},{"type":"Feature","geometry":{"type":"Point","coordinates":[129.17995,35.88478]},"properties":{"stop_id":"KUB352028162","name":"서경주역","short_no":"5526","date":"2025-10-31","bis":"경주BIS"}},{"type":"Feature","geometry":{"type":"Point","coordinates":[129.0516141,35.89752888]},"properties":{"stop_id":"KUB352028163","name":"아화역","short_no":"3266","date":"2025-10-31","bis":"경주BIS"}},{"type":"Feature","geometry":{"type":"Point","coordinates":[129.0466651,35.8955988]},"properties":{"stop_id":"KUB352028164","name":"서면보건소앞","short_no":"3267","date":"2025-10-31","bis":"경주BIS"}},{"type":"Feature","geometry":{"type":"Point","coordinates":[129.0466588,35.8954615]},"properties":{"stop_id":"KUB352028165","name":"서면보건소건너","short_no":"3268","date":"2025-10-31","bis":"경주BIS"}},{"type":"Feature","geometry":{"type":"Point","coordinates":[129.3406146,35.7206632]},"properties":{"stop_id":"KUB352028166","name":"미소지움아파트","short_no":"4255","date":"2025-10-31","bis":"경주BIS"}},{"type":"Feature","geometry":{"type":"Point","coordinates":[129.232869,35.970601]},"properties":{"stop_id":"KUB352028167","name":"안강역(안강)","short_no":"5527","date":"2025-10-31","bis":"경주BIS"}},{"type":"Feature","geometry":{"type":"Point","coordinates":[129.232662,35.970355]},"properties":{"stop_id":"KUB352028168","name":"안강역(경주)","short_no":"5528","date":"2025-10-31","bis":"경주BIS"}},{"type":"Feature","geometry":{"type":"Point","coordinates":[129.2524034,36.03563636]},"properties":{"stop_id":"KUB352028169","name":"오정리","short_no":"5530","date":"2025-10-31","bis":"경주BIS"}},{"type":"Feature","geometry":{"type":"Point","coordinates":[129.2526151,36.03566842]},"properties":{"stop_id":"KUB352028170","name":"오정리","short_no":"5529","date":"2025-10-31","bis":"경주BIS"}},{"type":"Feature","geometry":{"type":"Point","coordinates":[129.093765,35.869359]},"properties":{"stop_id":"KUB352028171","name":"밀구","short_no":"3269","date":"2025-10-31","bis":"경주BIS"}},{"type":"Feature","geometry":{"type":"Point","coordinates":[129.0734313,35.82947822]},"properties":{"stop_id":"KUB352028173","name":"송선저수지","short_no":"3270","date":"2025-10-31","bis":"경주BIS"}},{"type":"Feature","geometry":{"type":"Point","coordinates":[129.073566,35.82944661]},"properties":{"stop_id":"KUB352028174","name":"송선저수지","short_no":"3271","date":"2025-10-31","bis":"경주BIS"}},{"type":"Feature","geometry":{"type":"Point","coordinates":[129.4120049,35.83316099]},"properties":{"stop_id":"KUB352028175","name":"홍계다리","short_no":"2196","date":"2025-10-31","bis":"경주BIS"}},{"type":"Feature","geometry":{"type":"Point","coordinates":[129.4053191,35.83343471]},"properties":{"stop_id":"KUB352028176","name":"기림사","short_no":"2197","date":"2025-10-31","bis":"경주BIS"}},{"type":"Feature","geometry":{"type":"Point","coordinates":[129.4062481,35.82810918]},"properties":{"stop_id":"KUB352028177","name":"당수나무","short_no":"2198","date":"2025-10-31","bis":"경주BIS"}},{"type":"Feature","geometry":{"type":"Point","coordinates":[129.4089748,35.82113929]},"properties":{"stop_id":"KUB352028178","name":"호암","short_no":"2199","date":"2025-10-31","bis":"경주BIS"}},{"type":"Feature","geometry":{"type":"Point","coordinates":[129.4099707,35.81053698]},"properties":{"stop_id":"KUB352028179","name":"야분입구","short_no":"2200","date":"2025-10-31","bis":"경주BIS"}},{"type":"Feature","geometry":{"type":"Point","coordinates":[129.4138659,35.80620602]},"properties":{"stop_id":"KUB352028180","name":"골굴암입구","short_no":"2201","date":"2025-10-31","bis":"경주BIS"}},{"type":"Feature","geometry":{"type":"Point","coordinates":[129.4194804,35.80405682]},"properties":{"stop_id":"KUB352028181","name":"안동1리","short_no":"2202","date":"2025-10-31","bis":"경주BIS"}},{"type":"Feature","geometry":{"type":"Point","coordinates":[129.1730029,35.73911277]},"properties":{"stop_id":"KUB352028182","name":"광석마을","short_no":"4256","date":"2025-10-31","bis":"경주BIS"}},{"type":"Feature","geometry":{"type":"Point","coordinates":[129.1730602,35.73898558]},"properties":{"stop_id":"KUB352028183","name":"광석마을","short_no":"4267","date":"2025-10-31","bis":"경주BIS"}},{"type":"Feature","geometry":{"type":"Point","coordinates":[129.433375,35.983707]},"properties":{"stop_id":"KUB352028184","name":"포항경주공항","short_no":"6055","date":"2025-10-31","bis":"경주BIS"}},{"type":"Feature","geometry":{"type":"Point","coordinates":[129.1978899,35.80218949]},"properties":{"stop_id":"KUB352028185","name":"도초마을1호","short_no":"1500","date":"2025-10-31","bis":"경주BIS"}},{"type":"Feature","geometry":{"type":"Point","coordinates":[129.1977978,35.80215739]},"properties":{"stop_id":"KUB352028186","name":"도초마을1호","short_no":"1501","date":"2025-10-31","bis":"경주BIS"}},{"type":"Feature","geometry":{"type":"Point","coordinates":[129.5091872,35.81236432]},"properties":{"stop_id":"KUB352028187","name":"오류2리 마을회관","short_no":"2203","date":"2025-10-31","bis":"경주BIS"}},{"type":"Feature","geometry":{"type":"Point","coordinates":[129.1827764,35.75037025]},"properties":{"stop_id":"KUB352028188","name":"신을 윗마을입구","short_no":"4268","date":"2025-10-31","bis":"경주BIS"}},{"type":"Feature","geometry":{"type":"Point","coordinates":[129.1827957,35.75026628]},"properties":{"stop_id":"KUB352028189","name":"신을 윗마을입구","short_no":"4269","date":"2025-10-31","bis":"경주BIS"}},{"type":"Feature","geometry":{"type":"Point","coordinates":[129.1862728,35.75069869]},"properties":{"stop_id":"KUB352028190","name":"신을 아랫마을입구","short_no":"4270","date":"2025-10-31","bis":"경주BIS"}},{"type":"Feature","geometry":{"type":"Point","coordinates":[129.1862921,35.75059472]},"properties":{"stop_id":"KUB352028191","name":"신을 아랫마을입구","short_no":"4271","date":"2025-10-31","bis":"경주BIS"}},{"type":"Feature","geometry":{"type":"Point","coordinates":[129.2872866,35.89161075]},"properties":{"stop_id":"KUB352028192","name":"남아골","short_no":"5534","date":"2025-10-31","bis":"경주BIS"}},{"type":"Feature","geometry":{"type":"Point","coordinates":[129.2874732,35.89155313]},"properties":{"stop_id":"KUB352028193","name":"남아골","short_no":"5533","date":"2025-10-31","bis":"경주BIS"}},{"type":"Feature","geometry":{"type":"Point","coordinates":[129.2834534,35.86802278]},"properties":{"stop_id":"KUB352028194","name":"물천교회","short_no":"5532","date":"2025-10-31","bis":"경주BIS"}},{"type":"Feature","geometry":{"type":"Point","coordinates":[129.283451,35.86794174]},"properties":{"stop_id":"KUB352028195","name":"물천교회","short_no":"5531","date":"2025-10-31","bis":"경주BIS"}},{"type":"Feature","geometry":{"type":"Point","coordinates":[129.1795149,35.74441505]},"properties":{"stop_id":"KUB352028196","name":"덕천2리입구","short_no":"4272","date":"2025-10-31","bis":"경주BIS"}},{"type":"Feature","geometry":{"type":"Point","coordinates":[129.3270069,35.73023045]},"properties":{"stop_id":"KUB352028197","name":"개곡입구","short_no":"4273","date":"2025-10-31","bis":"경주BIS"}},{"type":"Feature","geometry":{"type":"Point","coordinates":[129.0877513,35.93182525]},"properties":{"stop_id":"KUB352028198","name":"도리2리입구","short_no":"3272","date":"2025-10-31","bis":"경주BIS"}},{"type":"Feature","geometry":{"type":"Point","coordinates":[129.0858895,35.93117282]},"properties":{"stop_id":"KUB352028199","name":"도리2리회관","short_no":"3273","date":"2025-10-31","bis":"경주BIS"}},{"type":"Feature","geometry":{"type":"Point","coordinates":[129.315117,35.774115]},"properties":{"stop_id":"KUB352028200","name":"하신입구","short_no":"5535","date":"2025-10-31","bis":"경주BIS"}},{"type":"Feature","geometry":{"type":"Point","coordinates":[129.3106104,35.77035215]},"properties":{"stop_id":"KUB352028201","name":"국태마을입구","short_no":"5536","date":"2025-10-31","bis":"경주BIS"}},{"type":"Feature","geometry":{"type":"Point","coordinates":[129.1978291,35.72898196]},"properties":{"stop_id":"KUB352028202","name":"월산길","short_no":"4274","date":"2025-10-31","bis":"경주BIS"}},{"type":"Feature","geometry":{"type":"Point","coordinates":[129.4608837,35.67794001]},"properties":{"stop_id":"KUB352028203","name":"양남면행정복지센터","short_no":"2204","date":"2025-10-31","bis":"경주BIS"}},{"type":"Feature","geometry":{"type":"Point","coordinates":[129.2844131,35.83136641]},"properties":{"stop_id":"KUB352028204","name":"천군동입구","short_no":"1502","date":"2025-10-31","bis":"경주BIS"}},{"type":"Feature","geometry":{"type":"Point","coordinates":[129.4933518,35.76554163]},"properties":{"stop_id":"KUB352028205","name":"문무대왕과학연구소","short_no":"2205","date":"2025-10-31","bis":"경주BIS"}},{"type":"Feature","geometry":{"type":"Point","coordinates":[129.4931328,35.7655214]},"properties":{"stop_id":"KUB352028206","name":"문무대왕과학연구소","short_no":"2206","date":"2025-10-31","bis":"경주BIS"}},{"type":"Feature","geometry":{"type":"Point","coordinates":[129.0728103,35.9233102]},"properties":{"stop_id":"KUB352028207","name":"회리삼거리","short_no":"3274","date":"2025-10-31","bis":"경주BIS"}},{"type":"Feature","geometry":{"type":"Point","coordinates":[129.207729,36.0147147]},"properties":{"stop_id":"KUB352028208","name":"흥덕왕릉입구","short_no":"5537","date":"2025-10-31","bis":"경주BIS"}},{"type":"Feature","geometry":{"type":"Point","coordinates":[129.1916681,35.73779133]},"properties":{"stop_id":"KUB352028209","name":"너죽골","short_no":"4275","date":"2025-10-31","bis":"경주BIS"}},{"type":"Feature","geometry":{"type":"Point","coordinates":[129.2512908,35.91945273]},"properties":{"stop_id":"KUB352028210","name":"모아리","short_no":"5538","date":"2025-10-31","bis":"경주BIS"}},{"type":"Feature","geometry":{"type":"Point","coordinates":[129.4871733,35.74792333]},"properties":{"stop_id":"KUB352028211","name":"대본3리","short_no":"2207","date":"2025-10-31","bis":"경주BIS"}},{"type":"Feature","geometry":{"type":"Point","coordinates":[129.4911962,35.75110616]},"properties":{"stop_id":"KUB352028212","name":"대본3리입구","short_no":"2208","date":"2025-10-31","bis":"경주BIS"}},{"type":"Feature","geometry":{"type":"Point","coordinates":[129.4945543,35.77404348]},"properties":{"stop_id":"KUB352028213","name":"고래섬마을","short_no":"2209","date":"2025-10-31","bis":"경주BIS"}},{"type":"Feature","geometry":{"type":"Point","coordinates":[129.4946385,35.77408228]},"properties":{"stop_id":"KUB352028214","name":"고래섬마을","short_no":"2210","date":"2025-10-31","bis":"경주BIS"}},{"type":"Feature","geometry":{"type":"Point","coordinates":[129.059466,35.70144476]},"properties":{"stop_id":"KUB352028215","name":"고강리입구","short_no":"3275","date":"2025-10-31","bis":"경주BIS"}},{"type":"Feature","geometry":{"type":"Point","coordinates":[129.4942316,35.77052785]},"properties":{"stop_id":"KUB352028217","name":"원전현장인력양성원","short_no":"2211","date":"2025-10-31","bis":"경주BIS"}},{"type":"Feature","geometry":{"type":"Point","coordinates":[129.495124,35.77113327]},"properties":{"stop_id":"KUB352028218","name":"원전현장인력양성원","short_no":"2212","date":"2025-10-31","bis":"경주BIS"}},{"type":"Feature","geometry":{"type":"Point","coordinates":[129.3052235,35.77150753]},"properties":{"stop_id":"KUB352028219","name":"경주법주옆","short_no":"5539","date":"2025-10-31","bis":"경주BIS"}},{"type":"Feature","geometry":{"type":"Point","coordinates":[129.4904574,35.78181844]},"properties":{"stop_id":"KUB352028220","name":"나정1리","short_no":"2213","date":"2025-10-31","bis":"경주BIS"}},{"type":"Feature","geometry":{"type":"Point","coordinates":[129.4906592,35.78128718]},"properties":{"stop_id":"KUB352028221","name":"나정1리","short_no":"2214","date":"2025-10-31","bis":"경주BIS"}},{"type":"Feature","geometry":{"type":"Point","coordinates":[129.1659116,36.00618]},"properties":{"stop_id":"KUB352028222","name":"옥산2리입구","short_no":"5540","date":"2025-10-31","bis":"경주BIS"}},{"type":"Feature","geometry":{"type":"Point","coordinates":[129.1660632,36.00624934]},"properties":{"stop_id":"KUB352028223","name":"옥산2리입구","short_no":"5541","date":"2025-10-31","bis":"경주BIS"}},{"type":"Feature","geometry":{"type":"Point","coordinates":[129.2037527,36.01470339]},"properties":{"stop_id":"KUB352028224","name":"육통리","short_no":"5542","date":"2025-10-31","bis":"경주BIS"}},{"type":"Feature","geometry":{"type":"Point","coordinates":[129.199192,36.01441321]},"properties":{"stop_id":"KUB352028225","name":"육통2리","short_no":"5543","date":"2025-10-31","bis":"경주BIS"}},{"type":"Feature","geometry":{"type":"Point","coordinates":[129.3221781,35.70378707]},"properties":{"stop_id":"KUB352028226","name":"송계입구","short_no":"4276","date":"2025-10-31","bis":"경주BIS"}},{"type":"Feature","geometry":{"type":"Point","coordinates":[129.3224428,35.70377295]},"properties":{"stop_id":"KUB352028227","name":"송계입구","short_no":"4277","date":"2025-10-31","bis":"경주BIS"}},{"type":"Feature","geometry":{"type":"Point","coordinates":[129.30598,35.76267076]},"properties":{"stop_id":"KUB352028228","name":"영지공원","short_no":"4278","date":"2025-10-31","bis":"경주BIS"}},{"type":"Feature","geometry":{"type":"Point","coordinates":[129.3061677,35.76266265]},"properties":{"stop_id":"KUB352028229","name":"영지공원입구","short_no":"4279","date":"2025-10-31","bis":"경주BIS"}},{"type":"Feature","geometry":{"type":"Point","coordinates":[129.3303853,35.73154587]},"properties":{"stop_id":"KUB352028230","name":"개곡1리마을회관","short_no":"4280","date":"2025-10-31","bis":"경주BIS"}},{"type":"Feature","geometry":{"type":"Point","coordinates":[129.2715333,35.79306667]},"properties":{"stop_id":"KUB352001185","name":"도지마을","short_no":"1096","date":"2025-10-31","bis":"경주BIS"}},{"type":"Feature","geometry":{"type":"Point","coordinates":[129.2676667,35.79775]},"properties":{"stop_id":"KUB352001186","name":"도지삼거리","short_no":"1099","date":"2025-10-31","bis":"경주BIS"}},{"type":"Feature","geometry":{"type":"Point","coordinates":[129.2638767,35.80092072]},"properties":{"stop_id":"KUB352001187","name":"통일전삼거리","short_no":"1347","date":"2025-10-31","bis":"경주BIS"}},{"type":"Feature","geometry":{"type":"Point","coordinates":[129.2568,35.7974]},"properties":{"stop_id":"KUB352001188","name":"양수장","short_no":"1246","date":"2025-10-31","bis":"경주BIS"}},{"type":"Feature","geometry":{"type":"Point","coordinates":[129.2413167,35.81938333]},"properties":{"stop_id":"KUB352001189","name":"사천왕사지건너","short_no":"1072","date":"2025-10-31","bis":"경주BIS"}},{"type":"Feature","geometry":{"type":"Point","coordinates":[129.2373667,35.82581667]},"properties":{"stop_id":"KUB352001190","name":"첫배반","short_no":"1319","date":"2025-10-31","bis":"경주BIS"}},{"type":"Feature","geometry":{"type":"Point","coordinates":[129.229909,35.830945]},"properties":{"stop_id":"KUB352001191","name":"국립경주박물관","short_no":"1058","date":"2025-10-31","bis":"경주BIS"}},{"type":"Feature","geometry":{"type":"Point","coordinates":[129.226843,35.832779]},"properties":{"stop_id":"KUB352001192","name":"동궁과월지","short_no":"1238","date":"2025-10-31","bis":"경주BIS"}},{"type":"Feature","geometry":{"type":"Point","coordinates":[129.222388,35.838155]},"properties":{"stop_id":"KUB352001193","name":"선덕여고","short_no":"1201","date":"2025-10-31","bis":"경주BIS"}},{"type":"Feature","geometry":{"type":"Point","coordinates":[129.228503,35.840168]},"properties":{"stop_id":"KUB352001194","name":"경고사거리","short_no":"1005","date":"2025-10-31","bis":"경주BIS"}},{"type":"Feature","geometry":{"type":"Point","coordinates":[129.2324667,35.8409]},"properties":{"stop_id":"KUB352001195","name":"분황사","short_no":"1157","date":"2025-10-31","bis":"경주BIS"}},{"type":"Feature","geometry":{"type":"Point","coordinates":[129.245963,35.840509]},"properties":{"stop_id":"KUB352001196","name":"남촌마을입구","short_no":"1073","date":"2025-10-31","bis":"경주BIS"}},{"type":"Feature","geometry":{"type":"Point","coordinates":[129.2508667,36.04298333]},"properties":{"stop_id":"KUB352001197","name":"다산2리","short_no":"5081","date":"2025-10-31","bis":"경주BIS"}},{"type":"Feature","geometry":{"type":"Point","coordinates":[129.278506,35.83382]},"properties":{"stop_id":"KUB352001198","name":"서라벌초등학교앞","short_no":"1193","date":"2025-10-31","bis":"경주BIS"}},{"type":"Feature","geometry":{"type":"Point","coordinates":[129.283479,35.834167]},"properties":{"stop_id":"KUB352001199","name":"보문단지.경주월드","short_no":"1143","date":"2025-10-31","bis":"경주BIS"}},{"type":"Feature","geometry":{"type":"Point","coordinates":[129.290733,35.833968]},"properties":{"stop_id":"KUB352001200","name":"경주세계문화엑스포공원.신라밀레니엄파크","short_no":"1020","date":"2025-10-31","bis":"경주BIS"}},{"type":"Feature","geometry":{"type":"Point","coordinates":[129.39835,35.7955]},"properties":{"stop_id":"KUB352001201","name":"동해주유소","short_no":"2048","date":"2025-10-31","bis":"경주BIS"}},{"type":"Feature","geometry":{"type":"Point","coordinates":[129.4999601,35.80152552]},"properties":{"stop_id":"KUB352001202","name":"농협창고","short_no":"2036","date":"2025-10-31","bis":"경주BIS"}},{"type":"Feature","geometry":{"type":"Point","coordinates":[129.4965278,35.80364235]},"properties":{"stop_id":"KUB352001203","name":"감포종점","short_no":"2009","date":"2025-10-31","bis":"경주BIS"}},{"type":"Feature","geometry":{"type":"Point","coordinates":[129.4969148,35.80494307]},"properties":{"stop_id":"KUB352001204","name":"남호비치타워","short_no":"2031","date":"2025-10-31","bis":"경주BIS"}},{"type":"Feature","geometry":{"type":"Point","coordinates":[129.4989579,35.80797629]},"properties":{"stop_id":"KUB352001205","name":"감포읍행정복지센터입구","short_no":"2007","date":"2025-10-31","bis":"경주BIS"}},{"type":"Feature","geometry":{"type":"Point","coordinates":[129.5023751,35.80781337]},"properties":{"stop_id":"KUB352001206","name":"등대삼거리","short_no":"2053","date":"2025-10-31","bis":"경주BIS"}},{"type":"Feature","geometry":{"type":"Point","coordinates":[129.5026312,35.80422821]},"properties":{"stop_id":"KUB352001207","name":"감포시장.감포항","short_no":"2008","date":"2025-10-31","bis":"경주BIS"}},{"type":"Feature","geometry":{"type":"Point","coordinates":[129.499904,35.80127405]},"properties":{"stop_id":"KUB352001208","name":"농협창고","short_no":"2035","date":"2025-10-31","bis":"경주BIS"}},{"type":"Feature","geometry":{"type":"Point","coordinates":[129.4986886,35.79946658]},"properties":{"stop_id":"KUB352001209","name":"소바지","short_no":"2078","date":"2025-10-31","bis":"경주BIS"}},{"type":"Feature","geometry":{"type":"Point","coordinates":[129.4922889,35.79664988]},"properties":{"stop_id":"KUB352001210","name":"전동고개","short_no":"2138","date":"2025-10-31","bis":"경주BIS"}},{"type":"Feature","geometry":{"type":"Point","coordinates":[129.4916667,35.79108333]},"properties":{"stop_id":"KUB352001211","name":"전촌교","short_no":"2140","date":"2025-10-31","bis":"경주BIS"}},{"type":"Feature","geometry":{"type":"Point","coordinates":[129.4899333,35.7881]},"properties":{"stop_id":"KUB352001212","name":"전촌삼거리","short_no":"2142","date":"2025-10-31","bis":"경주BIS"}},{"type":"Feature","geometry":{"type":"Point","coordinates":[129.4694,35.78381667]},"properties":{"stop_id":"KUB352001213","name":"팔조양지마을","short_no":"2160","date":"2025-10-31","bis":"경주BIS"}},{"type":"Feature","geometry":{"type":"Point","coordinates":[129.4639167,35.78555]},"properties":{"stop_id":"KUB352001214","name":"팔조음지마을","short_no":"2161","date":"2025-10-31","bis":"경주BIS"}},{"type":"Feature","geometry":{"type":"Point","coordinates":[129.4530587,35.79167656]},"properties":{"stop_id":"KUB352001215","name":"노동","short_no":"2034","date":"2025-10-31","bis":"경주BIS"}},{"type":"Feature","geometry":{"type":"Point","coordinates":[129.44133,35.79303]},"properties":{"stop_id":"KUB352001216","name":"어일정류소","short_no":"2111","date":"2025-10-31","bis":"경주BIS"}},{"type":"Feature","geometry":{"type":"Point","coordinates":[129.4317167,35.80028333]},"properties":{"stop_id":"KUB352001217","name":"와읍","short_no":"2114","date":"2025-10-31","bis":"경주BIS"}},{"type":"Feature","geometry":{"type":"Point","coordinates":[129.4236,35.80265]},"properties":{"stop_id":"KUB352001218","name":"안동.기림사.골굴사입구","short_no":"2090","date":"2025-10-31","bis":"경주BIS"}},{"type":"Feature","geometry":{"type":"Point","coordinates":[129.4216833,35.79828333]},"properties":{"stop_id":"KUB352001219","name":"안동2리,성편","short_no":"2093","date":"2025-10-31","bis":"경주BIS"}},{"type":"Feature","geometry":{"type":"Point","coordinates":[129.4067833,35.79365]},"properties":{"stop_id":"KUB352001220","name":"축암","short_no":"2156","date":"2025-10-31","bis":"경주BIS"}},{"type":"Feature","geometry":{"type":"Point","coordinates":[129.3983167,35.79538333]},"properties":{"stop_id":"KUB352001221","name":"동해주유소","short_no":"2049","date":"2025-10-31","bis":"경주BIS"}},{"type":"Feature","geometry":{"type":"Point","coordinates":[129.3945667,35.79438333]},"properties":{"stop_id":"KUB352001222","name":"장항,한수원본사","short_no":"2136","date":"2025-10-31","bis":"경주BIS"}},{"type":"Feature","geometry":{"type":"Point","coordinates":[129.38885,35.79733333]},"properties":{"stop_id":"KUB352001223","name":"화랑고등학교","short_no":"2171","date":"2025-10-31","bis":"경주BIS"}},{"type":"Feature","geometry":{"type":"Point","coordinates":[129.3853,35.79766667]},"properties":{"stop_id":"KUB352001224","name":"가정","short_no":"2002","date":"2025-10-31","bis":"경주BIS"}},{"type":"Feature","geometry":{"type":"Point","coordinates":[129.3748241,35.80086765]},"properties":{"stop_id":"KUB352001225","name":"범곡","short_no":"2060","date":"2025-10-31","bis":"경주BIS"}},{"type":"Feature","geometry":{"type":"Point","coordinates":[129.3545333,35.81525]},"properties":{"stop_id":"KUB352001226","name":"추원","short_no":"1326","date":"2025-10-31","bis":"경주BIS"}},{"type":"Feature","geometry":{"type":"Point","coordinates":[129.3409545,35.82339395]},"properties":{"stop_id":"KUB352001227","name":"황용","short_no":"1388","date":"2025-10-31","bis":"경주BIS"}},{"type":"Feature","geometry":{"type":"Point","coordinates":[129.33555,35.82371667]},"properties":{"stop_id":"KUB352001228","name":"시부걸","short_no":"1223","date":"2025-10-31","bis":"경주BIS"}},{"type":"Feature","geometry":{"type":"Point","coordinates":[129.3233333,35.8267]},"properties":{"stop_id":"KUB352001229","name":"덕동교","short_no":"1092","date":"2025-10-31","bis":"경주BIS"}},{"type":"Feature","geometry":{"type":"Point","coordinates":[129.310502,35.832301]},"properties":{"stop_id":"KUB352001230","name":"덕동댐","short_no":"1095","date":"2025-10-31","bis":"경주BIS"}},{"type":"Feature","geometry":{"type":"Point","coordinates":[129.283345,35.833949]},"properties":{"stop_id":"KUB352001231","name":"보문단지.경주월드","short_no":"1144","date":"2025-10-31","bis":"경주BIS"}},{"type":"Feature","geometry":{"type":"Point","coordinates":[129.277695,35.83368]},"properties":{"stop_id":"KUB352001232","name":"서라벌초등학교앞","short_no":"1192","date":"2025-10-31","bis":"경주BIS"}},{"type":"Feature","geometry":{"type":"Point","coordinates":[129.256577,35.845669]},"properties":{"stop_id":"KUB352001233","name":"북군삼거리","short_no":"1155","date":"2025-10-31","bis":"경주BIS"}},{"type":"Feature","geometry":{"type":"Point","coordinates":[129.204313,35.838685]},"properties":{"stop_id":"KUB352001234","name":"고속버스.시외버스터미널","short_no":"1044","date":"2025-10-31","bis":"경주BIS"}},{"type":"Feature","geometry":{"type":"Point","coordinates":[129.206949,35.840096]},"properties":{"stop_id":"KUB352001235","name":"서라벌사거리.황리단길","short_no":"1189","date":"2025-10-31","bis":"경주BIS"}},{"type":"Feature","geometry":{"type":"Point","coordinates":[129.206876,35.843848]},"properties":{"stop_id":"KUB352001236","name":"중앙시장","short_no":"1308","date":"2025-10-31","bis":"경주BIS"}},{"type":"Feature","geometry":{"type":"Point","coordinates":[129.209364,35.844749]},"properties":{"stop_id":"KUB352001237","name":"법원.동산병원","short_no":"1137","date":"2025-10-31","bis":"경주BIS"}},{"type":"Feature","geometry":{"type":"Point","coordinates":[129.212914,35.844668]},"properties":{"stop_id":"KUB352001238","name":"신한은행사거리","short_no":"1233","date":"2025-10-31","bis":"경주BIS"}},{"type":"Feature","geometry":{"type":"Point","coordinates":[129.216027,35.844561]},"properties":{"stop_id":"KUB352001239","name":"성동시장","short_no":"1030","date":"2025-10-31","bis":"경주BIS"}},{"type":"Feature","geometry":{"type":"Point","coordinates":[129.217662,35.840098]},"properties":{"stop_id":"KUB352001240","name":"팔우정","short_no":"1350","date":"2025-10-31","bis":"경주BIS"}},{"type":"Feature","geometry":{"type":"Point","coordinates":[129.219366,35.837517]},"properties":{"stop_id":"KUB352001241","name":"월성동행정복지센터","short_no":"1279","date":"2025-10-31","bis":"경주BIS"}},{"type":"Feature","geometry":{"type":"Point","coordinates":[129.226373,35.833401]},"properties":{"stop_id":"KUB352001242","name":"동궁과월지","short_no":"1237","date":"2025-10-31","bis":"경주BIS"}},{"type":"Feature","geometry":{"type":"Point","coordinates":[129.229505,35.831518]},"properties":{"stop_id":"KUB352001243","name":"국립경주박물관","short_no":"1057","date":"2025-10-31","bis":"경주BIS"}},{"type":"Feature","geometry":{"type":"Point","coordinates":[129.23735,35.82615]},"properties":{"stop_id":"KUB352001244","name":"첫배반","short_no":"1318","date":"2025-10-31","bis":"경주BIS"}},{"type":"Feature","geometry":{"type":"Point","coordinates":[129.2407667,35.81476667]},"properties":{"stop_id":"KUB352001245","name":"보리사입구","short_no":"1141","date":"2025-10-31","bis":"경주BIS"}},{"type":"Feature","geometry":{"type":"Point","coordinates":[129.24175,35.80641667]},"properties":{"stop_id":"KUB352001246","name":"화랑교육원","short_no":"1370","date":"2025-10-31","bis":"경주BIS"}},{"type":"Feature","geometry":{"type":"Point","coordinates":[129.2431566,35.79840543]},"properties":{"stop_id":"KUB352001247","name":"통일전","short_no":"1344","date":"2025-10-31","bis":"경주BIS"}},{"type":"Feature","geometry":{"type":"Point","coordinates":[129.2581833,35.79826667]},"properties":{"stop_id":"KUB352001248","name":"양수장","short_no":"1247","date":"2025-10-31","bis":"경주BIS"}},{"type":"Feature","geometry":{"type":"Point","coordinates":[129.26395,35.80113333]},"properties":{"stop_id":"KUB352001249","name":"통일전삼거리","short_no":"1346","date":"2025-10-31","bis":"경주BIS"}},{"type":"Feature","geometry":{"type":"Point","coordinates":[129.2674167,35.79835]},"properties":{"stop_id":"KUB352001250","name":"도지삼거리","short_no":"1098","date":"2025-10-31","bis":"경주BIS"}},{"type":"Feature","geometry":{"type":"Point","coordinates":[129.2718167,35.7933]},"properties":{"stop_id":"KUB352001251","name":"도지마을","short_no":"1097","date":"2025-10-31","bis":"경주BIS"}},{"type":"Feature","geometry":{"type":"Point","coordinates":[129.2782323,35.78648855]},"properties":{"stop_id":"KUB352001252","name":"한국광고영상박물관","short_no":"1361","date":"2025-10-31","bis":"경주BIS"}},{"type":"Feature","geometry":{"type":"Point","coordinates":[129.2825333,35.78348333]},"properties":{"stop_id":"KUB352001253","name":"조양마을입구","short_no":"1302","date":"2025-10-31","bis":"경주BIS"}},{"type":"Feature","geometry":{"type":"Point","coordinates":[129.2968333,35.77743333]},"properties":{"stop_id":"KUB352001254","name":"불국로타리","short_no":"1163","date":"2025-10-31","bis":"경주BIS"}},{"type":"Feature","geometry":{"type":"Point","coordinates":[129.3018833,35.78073333]},"properties":{"stop_id":"KUB352001255","name":"온천관광호텔","short_no":"1257","date":"2025-10-31","bis":"경주BIS"}},{"type":"Feature","geometry":{"type":"Point","coordinates":[129.3051833,35.78248333]},"properties":{"stop_id":"KUB352001256","name":"구정2구","short_no":"1052","date":"2025-10-31","bis":"경주BIS"}},{"type":"Feature","geometry":{"type":"Point","coordinates":[129.3119333,35.78435]},"properties":{"stop_id":"KUB352001257","name":"마동","short_no":"1120","date":"2025-10-31","bis":"경주BIS"}},{"type":"Feature","geometry":{"type":"Point","coordinates":[129.3171667,35.78551667]},"properties":{"stop_id":"KUB352001258","name":"코오롱삼거리","short_no":"1334","date":"2025-10-31","bis":"경주BIS"}},{"type":"Feature","geometry":{"type":"Point","coordinates":[129.3244966,35.78698523]},"properties":{"stop_id":"KUB352001259","name":"코오롱호텔","short_no":"1337","date":"2025-10-31","bis":"경주BIS"}},{"type":"Feature","geometry":{"type":"Point","coordinates":[129.3288932,35.78596286]},"properties":{"stop_id":"KUB352001260","name":"불국사","short_no":"1161","date":"2025-10-31","bis":"경주BIS"}},{"type":"Feature","geometry":{"type":"Point","coordinates":[129.3265151,35.78248549]},"properties":{"stop_id":"KUB352001261","name":"사조리조트","short_no":"1169","date":"2025-10-31","bis":"경주BIS"}},{"type":"Feature","geometry":{"type":"Point","coordinates":[129.3240167,35.78158333]},"properties":{"stop_id":"KUB352001262","name":"진현동.두산위브","short_no":"1310","date":"2025-10-31","bis":"경주BIS"}},{"type":"Feature","geometry":{"type":"Point","coordinates":[129.3177251,35.78701457]},"properties":{"stop_id":"KUB352001263","name":"마동탑마을","short_no":"1122","date":"2025-10-31","bis":"경주BIS"}},{"type":"Feature","geometry":{"type":"Point","coordinates":[129.3133293,35.79708741]},"properties":{"stop_id":"KUB352001264","name":"하동큰마을","short_no":"1359","date":"2025-10-31","bis":"경주BIS"}},{"type":"Feature","geometry":{"type":"Point","coordinates":[129.3111496,35.80343064]},"properties":{"stop_id":"KUB352001265","name":"민속공예촌.신라역사과학관","short_no":"1128","date":"2025-10-31","bis":"경주BIS"}},{"type":"Feature","geometry":{"type":"Point","coordinates":[129.3072577,35.8084654]},"properties":{"stop_id":"KUB352001266","name":"하동분점마을","short_no":"1355","date":"2025-10-31","bis":"경주BIS"}},{"type":"Feature","geometry":{"type":"Point","coordinates":[129.3063993,35.81258906]},"properties":{"stop_id":"KUB352001267","name":"하동점마을","short_no":"1357","date":"2025-10-31","bis":"경주BIS"}},{"type":"Feature","geometry":{"type":"Point","coordinates":[129.291522,35.833532]},"properties":{"stop_id":"KUB352001268","name":"경주세계문화엑스포공원","short_no":"1019","date":"2025-10-31","bis":"경주BIS"}},{"type":"Feature","geometry":{"type":"Point","coordinates":[129.284601,35.834792]},"properties":{"stop_id":"KUB352001269","name":"경주월드.캘리포니아비치","short_no":"1034","date":"2025-10-31","bis":"경주BIS"}},{"type":"Feature","geometry":{"type":"Point","coordinates":[129.2872833,35.8396]},"properties":{"stop_id":"KUB352001270","name":"힐튼호텔.KT수련원.화백컨벤션센터","short_no":"1394","date":"2025-10-31","bis":"경주BIS"}},{"type":"Feature","geometry":{"type":"Point","coordinates":[129.28779,35.843491]},"properties":{"stop_id":"KUB352001271","name":"경상북도 문화관광공사","short_no":"1146","date":"2025-10-31","bis":"경주BIS"}},{"type":"Feature","geometry":{"type":"Point","coordinates":[129.284221,35.84613]},"properties":{"stop_id":"KUB352001272","name":"코모도.콩코드호텔","short_no":"1333","date":"2025-10-31","bis":"경주BIS"}},{"type":"Feature","geometry":{"type":"Point","coordinates":[129.278699,35.85126]},"properties":{"stop_id":"KUB352001273","name":"라한셀렉트,테디베어박물관","short_no":"1366","date":"2025-10-31","bis":"경주BIS"}},{"type":"Feature","geometry":{"type":"Point","coordinates":[129.270465,35.857476]},"properties":{"stop_id":"KUB352001274","name":"켄싱턴리조트.한화콘도","short_no":"1331","date":"2025-10-31","bis":"경주BIS"}},{"type":"Feature","geometry":{"type":"Point","coordinates":[129.2629167,35.85098333]},"properties":{"stop_id":"KUB352001275","name":"북군동펜션마을.동궁원","short_no":"1154","date":"2025-10-31","bis":"경주BIS"}},{"type":"Feature","geometry":{"type":"Point","coordinates":[129.251103,35.842879]},"properties":{"stop_id":"KUB352001276","name":"숲머리","short_no":"1218","date":"2025-10-31","bis":"경주BIS"}},{"type":"Feature","geometry":{"type":"Point","coordinates":[129.247315,35.840972]},"properties":{"stop_id":"KUB352001277","name":"남촌마을입구","short_no":"1074","date":"2025-10-31","bis":"경주BIS"}},{"type":"Feature","geometry":{"type":"Point","coordinates":[129.233041,35.841368]},"properties":{"stop_id":"KUB352001278","name":"분황사","short_no":"1158","date":"2025-10-31","bis":"경주BIS"}},{"type":"Feature","geometry":{"type":"Point","coordinates":[129.229863,35.839908]},"properties":{"stop_id":"KUB352001279","name":"경고사거리","short_no":"1006","date":"2025-10-31","bis":"경주BIS"}},{"type":"Feature","geometry":{"type":"Point","coordinates":[129.22264,35.838826]},"properties":{"stop_id":"KUB352001280","name":"선덕여고","short_no":"1202","date":"2025-10-31","bis":"경주BIS"}},{"type":"Feature","geometry":{"type":"Point","coordinates":[129.219665,35.836903]},"properties":{"stop_id":"KUB352001281","name":"월성동행정복지센터","short_no":"1280","date":"2025-10-31","bis":"경주BIS"}},{"type":"Feature","geometry":{"type":"Point","coordinates":[129.217309,35.840127]},"properties":{"stop_id":"KUB352001282","name":"팔우정","short_no":"1351","date":"2025-10-31","bis":"경주BIS"}}]}