{"type":"FeatureCollection","features":[{"type":"Feature","geometry":{"type":"MultiPolygon","coordinates":[[[[129.21512493127216,35.84294448275512],[129.215249364385,35.84293887199677],[129.21524825965423,35.84289842584811],[129.2151237114203,35.84290236048433],[129.21512493127216,35.84294448275512]]]]},"properties":{"gosi_year":"2025","pnu":"4713010500102510014","jibun":"251-14대","bonbun":"251","bubun":"14","addr":"경상북도 경주시 황오동 251-14","gosi_month":"01","jiga":"2929000","bldg_n":1,"bldg_totArea":76.9,"bldg_oldest":1981,"bldg_age":45,"bldg_purps":"제1종근린생활시설","bldg_strct":"철근콘크리트구조","bldg_flr":2,"bldg_name":"","elec_kwh":587,"gas_m3":0,"use_ym":"202605","kwh_per_m2":7.63}},{"type":"Feature","geometry":{"type":"MultiPolygon","coordinates":[[[[129.2151814750151,35.84711341145748],[129.2151747606505,35.847032689451375],[129.2149837200821,35.84701509415733],[129.2149834319271,35.84712234338175],[129.2151814750151,35.84711341145748]]]]},"properties":{"gosi_year":"2025","pnu":"4713010400103390000","jibun":"339대","bonbun":"339","bubun":"","addr":"경상북도 경주시 성동동 339","gosi_month":"01","jiga":"1351000","bldg_n":1,"bldg_totArea":414.2,"bldg_oldest":1989,"bldg_age":37,"bldg_purps":"제1종근린생활시설","bldg_strct":"철근콘크리트구조","bldg_flr":3,"bldg_name":"","elec_kwh":1880,"gas_m3":0,"use_ym":"202605","kwh_per_m2":4.54}},{"type":"Feature","geometry":{"type":"MultiPolygon","coordinates":[[[[129.2151814750151,35.84711341145748],[129.21532884820923,35.84710687658781],[129.2153387976843,35.8469947974961],[129.21535586886642,35.84695019130418],[129.21522019254508,35.84690164805808],[129.2151747606505,35.847032689451375],[129.2151814750151,35.84711341145748]]]]},"properties":{"gosi_year":"2025","pnu":"4713010400103280000","jibun":"328대","bonbun":"328","bubun":"","addr":"경상북도 경주시 성동동 328","gosi_month":"01","jiga":"1310000","bldg_n":1,"bldg_totArea":572.1,"bldg_oldest":1987,"bldg_age":39,"bldg_purps":"제2종근린생활시설","bldg_strct":"철근콘크리트구조","bldg_flr":3,"bldg_name":"","elec_kwh":5266,"gas_m3":1032,"use_ym":"202605","kwh_per_m2":9.2}},{"type":"Feature","geometry":{"type":"MultiPolygon","coordinates":[[[[129.2150006489477,35.84184993676596],[129.21515499479324,35.84184264169276],[129.21515075379145,35.84174297093039],[129.2151190271709,35.8417375387203],[129.21506595710116,35.84173517263882],[129.21498454930935,35.84173218995684],[129.2150006489477,35.84184993676596]]]]},"properties":{"gosi_year":"2025","pnu":"4713010500103360000","jibun":"336대","bonbun":"336","bubun":"","addr":"경상북도 경주시 황오동 336","gosi_month":"01","jiga":"2589000","bldg_n":1,"bldg_totArea":373.2,"bldg_oldest":1972,"bldg_age":54,"bldg_purps":"제2종근린생활시설","bldg_strct":"철근콘크리트구조","bldg_flr":2,"bldg_name":"","elec_kwh":4667,"gas_m3":5200,"use_ym":"202605","kwh_per_m2":12.51}},{"type":"Feature","geometry":{"type":"MultiPolygon","coordinates":[[[[129.21554522806497,35.84783326802939],[129.21555044910878,35.84793893925091],[129.215595260881,35.84793551577731],[129.21567377361558,35.84792159575113],[129.2157234743307,35.84790852014501],[129.21571227616906,35.84782780617471],[129.21554522806497,35.84783326802939]]]]},"properties":{"gosi_year":"2025","pnu":"4713010400102840000","jibun":"284대","bonbun":"284","bubun":"","addr":"경상북도 경주시 성동동 284","gosi_month":"01","jiga":"914700","bldg_n":1,"bldg_totArea":386.4,"bldg_oldest":2013,"bldg_age":13,"bldg_purps":"숙박시설","bldg_strct":"철근콘크리트구조","bldg_flr":4,"bldg_name":"","elec_kwh":1403,"gas_m3":4002,"use_ym":"202605","kwh_per_m2":3.63}},{"type":"Feature","geometry":{"type":"MultiPolygon","coordinates":[[[[129.21513147970344,35.84725999848943],[129.21525970615303,35.84727118927511],[129.21526109013524,35.84723830021319],[129.21527549518572,35.847235507749],[129.21529195811993,35.847232324084246],[129.21529729890923,35.84718480069947],[129.21512163010584,35.847190691877216],[129.21513147970344,35.84725999848943]]]]},"properties":{"gosi_year":"2025","pnu":"4713010400102690000","jibun":"269대","bonbun":"269","bubun":"","addr":"경상북도 경주시 성동동 269","gosi_month":"01","jiga":"1310000","bldg_n":1,"bldg_totArea":287.6,"bldg_oldest":1982,"bldg_age":44,"bldg_purps":"제2종근린생활시설","bldg_strct":"철근콘크리트구조","bldg_flr":3,"bldg_name":"","elec_kwh":1381,"gas_m3":575,"use_ym":"202605","kwh_per_m2":4.8}},{"type":"Feature","geometry":{"type":"MultiPolygon","coordinates":[[[[129.21439785990054,35.84714528271159],[129.21444071692008,35.847143710694],[129.2144335193371,35.84708070807096],[129.21444831265856,35.847007842853714],[129.2145614948831,35.84701066139971],[129.21455375747644,35.84689071878282],[129.2144633829419,35.84691851131066],[129.21439054575362,35.84692269600707],[129.21437945921662,35.84679207048871],[129.2143406345319,35.846798853577646],[129.2143519042642,35.846923494476925],[129.21427707759815,35.84692881820334],[129.21426045118707,35.84703241024908],[129.21428852417097,35.84710310863862],[129.2142785985519,35.84715009033705],[129.21439785990054,35.84714528271159]]]]},"properties":{"gosi_year":"2025","pnu":"4713010400103510000","jibun":"351 대","bonbun":"351","bubun":"","addr":"경상북도 경주시 성동동 351","gosi_month":"01","jiga":"1310000","bldg_n":1,"bldg_totArea":777.5,"bldg_oldest":2019,"bldg_age":7,"bldg_purps":"제1종근린생활시설","bldg_strct":"철근콘크리트구조","bldg_flr":3,"bldg_name":"성동동 3510000 제2종근린생활시설 (안재홍)","elec_kwh":731,"gas_m3":0,"use_ym":"202605","kwh_per_m2":0.94}},{"type":"Feature","geometry":{"type":"MultiPolygon","coordinates":[[[[129.21431636543954,35.84646976916333],[129.21431670337546,35.846393243444766],[129.21431702161374,35.84630934553669],[129.2142573937688,35.84625662887965],[129.21422825314298,35.84626269181016],[129.21423334893842,35.8463511765077],[129.21423991695275,35.846472806564464],[129.21431636543954,35.84646976916333]]]]},"properties":{"gosi_year":"2025","pnu":"4713010400103650000","jibun":"365대","bonbun":"365","bubun":"","addr":"경상북도 경주시 성동동 365","gosi_month":"01","jiga":"811200","bldg_n":1,"bldg_totArea":494.6,"bldg_oldest":1994,"bldg_age":32,"bldg_purps":"숙박시설","bldg_strct":"철근콘크리트구조","bldg_flr":4,"bldg_name":"","elec_kwh":61,"gas_m3":0,"use_ym":"202605","kwh_per_m2":0.12}},{"type":"Feature","geometry":{"type":"MultiPolygon","coordinates":[[[[129.21479152844947,35.846170784195955],[129.21497458130636,35.84613296712866],[129.21503620917602,35.846118158239335],[129.21505355722138,35.846110764197384],[129.21509467501352,35.846092395741444],[129.2151961786441,35.84608316671643],[129.2151892721163,35.84604631788097],[129.21520183982594,35.84599828595105],[129.21518589777938,35.84589845581945],[129.2151764308125,35.84589333553058],[129.21510188598882,35.84589605465666],[129.21510191235637,35.8459100149701],[129.21509346579933,35.84590977763497],[129.21494299737373,35.84590466455134],[129.21494202702672,35.8459019354879],[129.21475755205097,35.845908661910045],[129.2147711465403,35.84597116649691],[129.21479152844947,35.846170784195955]]]]},"properties":{"gosi_year":"2025","pnu":"4713010400103820000","jibun":"382대","bonbun":"382","bubun":"","addr":"경상북도 경주시 성동동 382","gosi_month":"01","jiga":"1405000","bldg_n":2,"bldg_totArea":1072.6,"bldg_oldest":1997,"bldg_age":29,"bldg_purps":"제1종근린생활시설","bldg_strct":"철근콘크리트구조","bldg_flr":2,"bldg_name":"1동","elec_kwh":6607,"gas_m3":1421,"use_ym":"202605","kwh_per_m2":6.16}},{"type":"Feature","geometry":{"type":"MultiPolygon","coordinates":[[[[129.21464034677595,35.84374814996027],[129.21474776889667,35.843746995031005],[129.2147436003545,35.84373626853894],[129.21475602744573,35.84368122516019],[129.21480970281112,35.84366526788458],[129.21492806884063,35.84366289470352],[129.2149302649927,35.84364391047351],[129.21480472889132,35.84364726973503],[129.21475938813487,35.8436506758264],[129.2147568707053,35.843582744053364],[129.214744018873,35.84358662421239],[129.21464700772174,35.84358169525713],[129.21463725185504,35.843679471172315],[129.21464034677595,35.84374814996027]]]]},"properties":{"gosi_year":"2025","pnu":"4713010500102010000","jibun":"201대","bonbun":"201","bubun":"","addr":"경상북도 경주시 황오동 201","gosi_month":"01","jiga":"691000","bldg_n":1,"bldg_totArea":459.9,"bldg_oldest":1987,"bldg_age":39,"bldg_purps":"숙박시설","bldg_strct":"철근콘크리트구조","bldg_flr":3,"bldg_name":"","elec_kwh":3270,"gas_m3":0,"use_ym":"202605","kwh_per_m2":7.11}},{"type":"Feature","geometry":{"type":"MultiPolygon","coordinates":[[[[129.21474776889667,35.843746995031005],[129.21475292211503,35.84376994974041],[129.21474564220168,35.84380848209288],[129.21487349585686,35.84381896198013],[129.21489945508628,35.84374956467937],[129.21493691233883,35.84366264467058],[129.21492806884063,35.84366289470352],[129.21480970281112,35.84366526788458],[129.21475602744573,35.84368122516019],[129.2147436003545,35.84373626853894],[129.21474776889667,35.843746995031005]]]]},"properties":{"gosi_year":"2025","pnu":"4713010500102020000","jibun":"202대","bonbun":"202","bubun":"","addr":"경상북도 경주시 황오동 202","gosi_month":"01","jiga":"739300","bldg_n":1,"bldg_totArea":98.2,"bldg_oldest":1954,"bldg_age":72,"bldg_purps":"제1종근린생활시설","bldg_strct":"목구조","bldg_flr":1,"bldg_name":"","elec_kwh":572,"gas_m3":1620,"use_ym":"202605","kwh_per_m2":5.82}},{"type":"Feature","geometry":{"type":"MultiPolygon","coordinates":[[[[129.21468840567135,35.84337480291344],[129.21475908751094,35.84338126562992],[129.21476264121756,35.84339387682634],[129.2148010773089,35.84339142029091],[129.2148036738006,35.84337312030182],[129.21479740430405,35.843342524972456],[129.21479892485192,35.84327791164249],[129.21480055476496,35.84324174157618],[129.21480218960625,35.84322394799388],[129.21479549374635,35.84322427531723],[129.2147956242904,35.843215154432684],[129.21479378572536,35.84319406843994],[129.2147241916582,35.843196940765964],[129.2147295097054,35.84321532584719],[129.21474398835073,35.84321548040379],[129.21474471693608,35.84322715030187],[129.21474292390818,35.843243745501276],[129.21471516101025,35.84332989120424],[129.2146911837035,35.843354015153885],[129.21468840567135,35.84337480291344]]]]},"properties":{"gosi_year":"2025","pnu":"4713010500102140000","jibun":"214 대","bonbun":"214","bubun":"","addr":"경상북도 경주시 황오동 214","gosi_month":"01","jiga":"3206000","bldg_n":1,"bldg_totArea":78.5,"bldg_oldest":1957,"bldg_age":69,"bldg_purps":"제1종근린생활시설","bldg_strct":"일반목구조","bldg_flr":1,"bldg_name":"","elec_kwh":29,"gas_m3":0,"use_ym":"202605","kwh_per_m2":0.37}},{"type":"Feature","geometry":{"type":"MultiPolygon","coordinates":[[[[129.21455836883385,35.842378088465765],[129.21454715208426,35.842144819682446],[129.21450798493765,35.84214686285692],[129.21450552047887,35.842160737469705],[129.2144948894015,35.84222096885545],[129.21448252344794,35.842336125514855],[129.2144775773941,35.84238231435212],[129.21455836883385,35.842378088465765]]]]},"properties":{"gosi_year":"2025","pnu":"4713010500102340000","jibun":"234대","bonbun":"234","bubun":"","addr":"경상북도 경주시 황오동 234","gosi_month":"01","jiga":"2324000","bldg_n":1,"bldg_totArea":235.8,"bldg_oldest":2001,"bldg_age":25,"bldg_purps":"제2종근린생활시설","bldg_strct":"철근콘크리트구조","bldg_flr":2,"bldg_name":"","elec_kwh":1339,"gas_m3":0,"use_ym":"202605","kwh_per_m2":5.68}},{"type":"Feature","geometry":{"type":"MultiPolygon","coordinates":[[[[129.2148859749235,35.84213044737361],[129.21485722153554,35.842024277053305],[129.21473842260488,35.84201701656215],[129.21473679042643,35.8421102357921],[129.214755180836,35.842136943256364],[129.2148859749235,35.84213044737361]]]]},"properties":{"gosi_year":"2025","pnu":"4713010500102360000","jibun":"236대","bonbun":"236","bubun":"","addr":"경상북도 경주시 황오동 236","gosi_month":"01","jiga":"834200","bldg_n":1,"bldg_totArea":398.5,"bldg_oldest":1996,"bldg_age":30,"bldg_purps":"숙박시설","bldg_strct":"철근콘크리트구조","bldg_flr":4,"bldg_name":"","elec_kwh":752,"gas_m3":1596,"use_ym":"202605","kwh_per_m2":1.89}},{"type":"Feature","geometry":{"type":"MultiPolygon","coordinates":[[[[129.21473842260488,35.84201701656215],[129.21485722153554,35.842024277053305],[129.21486579593574,35.841936020396574],[129.21472837817723,35.841940707484916],[129.21473842260488,35.84201701656215]]]]},"properties":{"gosi_year":"2025","pnu":"4713010500102370000","jibun":"237대","bonbun":"237","bubun":"","addr":"경상북도 경주시 황오동 237","gosi_month":"01","jiga":"2589000","bldg_n":1,"bldg_totArea":197.8,"bldg_oldest":2017,"bldg_age":9,"bldg_purps":"제2종근린생활시설","bldg_strct":"철근콘크리트구조","bldg_flr":3,"bldg_name":"","elec_kwh":1407,"gas_m3":2981,"use_ym":"202605","kwh_per_m2":7.11}},{"type":"Feature","geometry":{"type":"MultiPolygon","coordinates":[[[[129.214123536802,35.84293282121899],[129.2142135678807,35.84293142716538],[129.214233247987,35.842931248125694],[129.21443139090954,35.84293040148647],[129.2144420893515,35.8428373464568],[129.2144479627991,35.84281094743845],[129.21444502351102,35.84280455376994],[129.2144586553435,35.84280679174995],[129.21447965271082,35.84280664638544],[129.21445188778128,35.84277614320699],[129.21443071266185,35.84268493814613],[129.21447708198733,35.842664857224456],[129.21447228107485,35.84251692548522],[129.2144664639794,35.842386353625805],[129.2144775773941,35.84238231435212],[129.21448252344794,35.842336125514855],[129.2144948894015,35.84222096885545],[129.21450552047887,35.842160737469705],[129.21450798493765,35.84214686285692],[129.21440585164416,35.842150576761824],[129.21422684688324,35.842159041093105],[129.2142034723334,35.8419694053003],[129.21416923004347,35.84197113322154],[129.21418572856953,35.84207288223541],[129.21414801243918,35.84208358374119],[129.2141625348474,35.8421831372024],[129.2141776036233,35.84222198146434],[129.21420115476928,35.84222486884264],[129.21421276560386,35.84235737716411],[129.21421603647184,35.8423926192775],[129.21419196046767,35.84245435248497],[129.21419586622443,35.842491080537684],[129.21416942870437,35.84249334440665],[129.2141667962513,35.84248163281064],[129.21405361689287,35.84248991728016],[129.213982116067,35.84250807775531],[129.21394337426912,35.84251196755712],[129.2139503290014,35.842546473151145],[129.21396670478822,35.84271016534032],[129.21394392176407,35.84271311666079],[129.21394134886063,35.842856546190475],[129.21408690370922,35.84285178251706],[129.21411087823367,35.842851487749854],[129.2141218135812,35.842917557087645],[129.214123536802,35.84293282121899]]]]},"properties":{"gosi_year":"2025","pnu":"4713010500102440000","jibun":"244 대","bonbun":"244","bubun":"","addr":"경상북도 경주시 황오동 244","gosi_month":"01","jiga":"1039000","bldg_n":1,"bldg_totArea":4650.6,"bldg_oldest":2022,"bldg_age":4,"bldg_purps":"자동차관련시설","bldg_strct":"일반철골구조","bldg_flr":2,"bldg_name":"중심상가 주차타워","elec_kwh":17557,"gas_m3":0,"use_ym":"202605","kwh_per_m2":3.78}},{"type":"Feature","geometry":{"type":"MultiPolygon","coordinates":[[[[129.21548220832958,35.84173470249636],[129.21550559308128,35.84182401983625],[129.2156630295486,35.84181766491951],[129.21565844545643,35.84174295041284],[129.2156702723047,35.84171613515758],[129.21548393006248,35.84171635898304],[129.21548220832958,35.84173470249636]]]]},"properties":{"gosi_year":"2025","pnu":"4713010500103030000","jibun":"303대","bonbun":"303","bubun":"","addr":"경상북도 경주시 황오동 303","gosi_month":"01","jiga":"1729000","bldg_n":1,"bldg_totArea":361.3,"bldg_oldest":1979,"bldg_age":47,"bldg_purps":"제2종근린생활시설","bldg_strct":"철근콘크리트구조","bldg_flr":4,"bldg_name":"","elec_kwh":2343,"gas_m3":1033,"use_ym":"202605","kwh_per_m2":6.48}},{"type":"Feature","geometry":{"type":"MultiPolygon","coordinates":[[[[129.21548393006248,35.84171635898304],[129.2156702723047,35.84171613515758],[129.2156875169146,35.8417159331834],[129.2157071926737,35.84163191959031],[129.2154881491043,35.84163050736071],[129.21548393006248,35.84171635898304]]]]},"properties":{"gosi_year":"2025","pnu":"4713010500103060000","jibun":"306대","bonbun":"306","bubun":"","addr":"경상북도 경주시 황오동 306","gosi_month":"01","jiga":"726200","bldg_n":1,"bldg_totArea":210.7,"bldg_oldest":1973,"bldg_age":53,"bldg_purps":"숙박시설","bldg_strct":"철근콘크리트구조","bldg_flr":3,"bldg_name":"","elec_kwh":846,"gas_m3":0,"use_ym":"202605","kwh_per_m2":4.02}},{"type":"Feature","geometry":{"type":"MultiPolygon","coordinates":[[[[129.21550902566193,35.841428932542556],[129.21563360538767,35.84143346019616],[129.2157808802342,35.84145600831262],[129.21579096133314,35.841385115994065],[129.2158047563011,35.8412670275723],[129.21560676348417,35.8412027428242],[129.21560515359388,35.841250331721994],[129.21558929646955,35.841247827460485],[129.21557054845294,35.84128166676917],[129.21551682945238,35.84130132860556],[129.21550902566193,35.841428932542556]]]]},"properties":{"gosi_year":"2025","pnu":"4713010500103120000","jibun":"312대","bonbun":"312","bubun":"","addr":"경상북도 경주시 황오동 312","gosi_month":"01","jiga":"1343000","bldg_n":1,"bldg_totArea":969.4,"bldg_oldest":1980,"bldg_age":46,"bldg_purps":"제2종근린생활시설","bldg_strct":"철근콘크리트구조","bldg_flr":3,"bldg_name":"","elec_kwh":2565,"gas_m3":0,"use_ym":"202605","kwh_per_m2":2.65}},{"type":"Feature","geometry":{"type":"MultiPolygon","coordinates":[[[[129.21465787820804,35.84151359476663],[129.2148757192026,35.84149593117191],[129.21487480584315,35.84137394853345],[129.2148686806001,35.84124425142963],[129.2146819838347,35.84125221638188],[129.21463925217816,35.84125395048475],[129.21465787820804,35.84151359476663]]]]},"properties":{"gosi_year":"2025","pnu":"4713010500103300000","jibun":"330대","bonbun":"330","bubun":"","addr":"경상북도 경주시 황오동 330","gosi_month":"01","jiga":"1232000","bldg_n":1,"bldg_totArea":680.1,"bldg_oldest":1996,"bldg_age":30,"bldg_purps":"제1종근린생활시설","bldg_strct":"철근콘크리트구조","bldg_flr":2,"bldg_name":"","elec_kwh":2114,"gas_m3":0,"use_ym":"202605","kwh_per_m2":3.11}},{"type":"Feature","geometry":{"type":"MultiPolygon","coordinates":[[[[129.21459099059183,35.843082222579476],[129.21455353146553,35.84307743126304],[129.21455510759182,35.84311629939367],[129.21459099059183,35.843082222579476]]]]},"properties":{"gosi_year":"2025","pnu":"4713010500102460003","jibun":"246-3대","bonbun":"246","bubun":"3","addr":"경상북도 경주시 황오동 246-3","gosi_month":"01","jiga":"3206000","bldg_n":1,"bldg_totArea":10.7,"bldg_oldest":2001,"bldg_age":25,"bldg_purps":"제1종근린생활시설","bldg_strct":"경량철골구조","bldg_flr":1,"bldg_name":"","elec_kwh":803,"gas_m3":0,"use_ym":"202605","kwh_per_m2":75.05}},{"type":"Feature","geometry":{"type":"MultiPolygon","coordinates":[[[[129.21573421126078,35.84890009171861],[129.21576164660138,35.84889762745018],[129.21575920467419,35.84882111573055],[129.21572718816375,35.8488200913187],[129.21572017744873,35.848806422852064],[129.21571321733362,35.84879098784592],[129.21568827935323,35.84879591707491],[129.215685088649,35.84880317782034],[129.2155878823742,35.848806289131915],[129.21558974128067,35.84891305683662],[129.21573421126078,35.84890009171861]]]]},"properties":{"gosi_year":"2025","pnu":"4713010400102070006","jibun":"207-6대","bonbun":"207","bubun":"6","addr":"경상북도 경주시 성동동 207-6","gosi_month":"01","jiga":"734200","bldg_n":1,"bldg_totArea":456.4,"bldg_oldest":1995,"bldg_age":31,"bldg_purps":"제2종근린생활시설","bldg_strct":"철근콘크리트구조","bldg_flr":4,"bldg_name":"","elec_kwh":753,"gas_m3":1820,"use_ym":"202605","kwh_per_m2":1.65}},{"type":"Feature","geometry":{"type":"MultiPolygon","coordinates":[[[[129.21530552703817,35.848959256254126],[129.2154434284563,35.84895292735669],[129.2154944352488,35.848918940535],[129.21548760663558,35.848861795459506],[129.2153952363029,35.84886023854331],[129.21532829436836,35.84885910495575],[129.21532403975036,35.84885767954068],[129.21530552703817,35.848959256254126]]]]},"properties":{"gosi_year":"2025","pnu":"4713010400102180001","jibun":"218-1대","bonbun":"218","bubun":"1","addr":"경상북도 경주시 성동동 218-1","gosi_month":"01","jiga":"734200","bldg_n":1,"bldg_totArea":443.0,"bldg_oldest":1987,"bldg_age":39,"bldg_purps":"제2종근린생활시설","bldg_strct":"철근콘크리트구조","bldg_flr":3,"bldg_name":"","elec_kwh":7041,"gas_m3":0,"use_ym":"202605","kwh_per_m2":15.89}},{"type":"Feature","geometry":{"type":"MultiPolygon","coordinates":[[[[129.2155872184559,35.85099718217059],[129.21558509396675,35.85096459678913],[129.21557988645878,35.85084346917675],[129.21557261384004,35.85077360829096],[129.21556278309498,35.85066632308528],[129.2155557614027,35.85050035253996],[129.21554757691592,35.850309491558654],[129.21553863290472,35.85000900396821],[129.21553616129967,35.8499831695555],[129.2155335218122,35.84993605694714],[129.21430937397926,35.850005338354784],[129.2141941766813,35.85008688007659],[129.21419853469203,35.850197464655636],[129.21423709923005,35.8507723032351],[129.21424657545413,35.851037614197196],[129.21430332742,35.851073293284955],[129.21461633601194,35.85106169819858],[129.21528445405326,35.85103912463991],[129.2155470353763,35.85103059997829],[129.2155872184559,35.85099718217059]]]]},"properties":{"gosi_year":"2025","pnu":"4713010400102280002","jibun":"228-2대","bonbun":"228","bubun":"2","addr":"경상북도 경주시 성동동 228-2","gosi_month":"01","jiga":"590200","bldg_n":6,"bldg_totArea":34929.5,"bldg_oldest":1992,"bldg_age":34,"bldg_purps":"공동주택","bldg_strct":"철근콘크리트구조","bldg_flr":7,"bldg_name":"장미동산타워","elec_kwh":71475,"gas_m3":93231,"use_ym":"202605","kwh_per_m2":2.05}},{"type":"Feature","geometry":{"type":"MultiPolygon","coordinates":[[[[129.2142440953831,35.84828167931828],[129.21443991890766,35.8482819543004],[129.21480177051808,35.848279924555726],[129.21480399862278,35.848169481484916],[129.2148069540112,35.84803713675708],[129.2146852360562,35.84801793986067],[129.21457710469863,35.8480044056326],[129.21441614568127,35.848006187034464],[129.2142798928428,35.84800749187207],[129.2142320073745,35.84800818049858],[129.21423944897748,35.84810454695008],[129.21421282877614,35.848105423228695],[129.21421480371808,35.84814857156035],[129.21423375567394,35.84814882640752],[129.2142440953831,35.84828167931828]]]]},"properties":{"gosi_year":"2025","pnu":"4713010400102540004","jibun":"254-4대","bonbun":"254","bubun":"4","addr":"경상북도 경주시 성동동 254-4","gosi_month":"01","jiga":"674900","bldg_n":1,"bldg_totArea":741.2,"bldg_oldest":2004,"bldg_age":22,"bldg_purps":"교육연구시설","bldg_strct":"철근콘크리트구조","bldg_flr":2,"bldg_name":"","elec_kwh":84,"gas_m3":0,"use_ym":"202605","kwh_per_m2":0.11}},{"type":"Feature","geometry":{"type":"MultiPolygon","coordinates":[[[[129.2145791345755,35.8476749322253],[129.2147160665489,35.84767942989158],[129.21472023578056,35.847777172023825],[129.21480509253658,35.84777607510108],[129.21481064905404,35.84769324941219],[129.21477981523836,35.847683129038906],[129.21475076093444,35.847597579920084],[129.21471798355864,35.84750235797867],[129.21469030268634,35.847421195491016],[129.21457756165978,35.84746351987946],[129.2145712680213,35.84752743865119],[129.21453403450064,35.847533281681066],[129.21452905033266,35.847577740149006],[129.2145791345755,35.8476749322253]]]]},"properties":{"gosi_year":"2025","pnu":"4713010400102590016","jibun":"259-16대","bonbun":"259","bubun":"16","addr":"경상북도 경주시 성동동 259-16","gosi_month":"01","jiga":"620800","bldg_n":1,"bldg_totArea":16.5,"bldg_oldest":1960,"bldg_age":66,"bldg_purps":"제1종근린생활시설","bldg_strct":"일반목구조","bldg_flr":1,"bldg_name":"","elec_kwh":353,"gas_m3":0,"use_ym":"202605","kwh_per_m2":21.39}},{"type":"Feature","geometry":{"type":"MultiPolygon","coordinates":[[[[129.2144679814791,35.84738808128195],[129.21443646983386,35.84726099784072],[129.2144330915598,35.84721467959448],[129.21427378926575,35.84721862086659],[129.2142808732051,35.847284705972996],[129.2143279836885,35.84732142056124],[129.2143621449888,35.84737965287566],[129.214384639953,35.847400963626974],[129.2144679814791,35.84738808128195]]]]},"properties":{"gosi_year":"2025","pnu":"4713010400102590022","jibun":"259-22대","bonbun":"259","bubun":"22","addr":"경상북도 경주시 성동동 259-22","gosi_month":"01","jiga":"1351000","bldg_n":1,"bldg_totArea":323.0,"bldg_oldest":1973,"bldg_age":53,"bldg_purps":"제1종근린생활시설","bldg_strct":"철근콘크리트구조","bldg_flr":2,"bldg_name":"","elec_kwh":744,"gas_m3":0,"use_ym":"202605","kwh_per_m2":2.3}},{"type":"Feature","geometry":{"type":"MultiPolygon","coordinates":[[[[129.2142808732051,35.847284705972996],[129.21427401749693,35.847279193452856],[129.2142625217062,35.847219082431074],[129.21424417039592,35.847219826911655],[129.2142564337044,35.847285479261686],[129.21424398086032,35.847289773234216],[129.21424006994795,35.847305092390435],[129.2142367842427,35.847318256452844],[129.21425891425966,35.847414308507794],[129.214261397515,35.84747784221045],[129.21444036078017,35.84747837236076],[129.2144416379069,35.84745507279444],[129.21445824691745,35.84743197136798],[129.2144679814791,35.84738808128195],[129.214384639953,35.847400963626974],[129.2143621449888,35.84737965287566],[129.2143279836885,35.84732142056124],[129.2142808732051,35.847284705972996]]]]},"properties":{"gosi_year":"2025","pnu":"4713010400102590023","jibun":"259-23대","bonbun":"259","bubun":"23","addr":"경상북도 경주시 성동동 259-23","gosi_month":"01","jiga":"1180000","bldg_n":1,"bldg_totArea":301.7,"bldg_oldest":1989,"bldg_age":37,"bldg_purps":"제1종근린생활시설","bldg_strct":"벽돌구조","bldg_flr":2,"bldg_name":"","elec_kwh":1803,"gas_m3":0,"use_ym":"202605","kwh_per_m2":5.98}},{"type":"Feature","geometry":{"type":"MultiPolygon","coordinates":[[[[129.21471798355864,35.84750235797867],[129.2148838725029,35.84746938418222],[129.21488017157193,35.84744734618863],[129.21491256713946,35.84744132238199],[129.21491720486512,35.84741637656739],[129.214915576926,35.847403716901525],[129.21490639655573,35.847332101885286],[129.21487592028151,35.84733969946895],[129.21485718041137,35.84729044340265],[129.21484628262644,35.84720166262378],[129.21470845938285,35.84720713450708],[129.21470058246243,35.847287422791354],[129.21470401646565,35.847366906917344],[129.2147123729765,35.847387206256414],[129.21469030268634,35.847421195491016],[129.21471798355864,35.84750235797867]]]]},"properties":{"gosi_year":"2025","pnu":"4713010400102590028","jibun":"259-28대","bonbun":"259","bubun":"28","addr":"경상북도 경주시 성동동 259-28","gosi_month":"01","jiga":"1310000","bldg_n":1,"bldg_totArea":386.1,"bldg_oldest":1957,"bldg_age":69,"bldg_purps":"제1종근린생활시설","bldg_strct":"철근콘크리트구조","bldg_flr":1,"bldg_name":"","elec_kwh":2113,"gas_m3":0,"use_ym":"202605","kwh_per_m2":5.47}},{"type":"Feature","geometry":{"type":"MultiPolygon","coordinates":[[[[129.21509017369064,35.84686991192128],[129.2151851373467,35.84686934652759],[129.21520968088862,35.84678775780293],[129.21521376625273,35.84675089843536],[129.2150931966973,35.846754717820666],[129.21509017369064,35.84686991192128]]]]},"properties":{"gosi_year":"2025","pnu":"4713010400103370001","jibun":"337-1대","bonbun":"337","bubun":"1","addr":"경상북도 경주시 성동동 337-1","gosi_month":"01","jiga":"679600","bldg_n":1,"bldg_totArea":445.4,"bldg_oldest":1994,"bldg_age":32,"bldg_purps":"숙박시설","bldg_strct":"철근콘크리트구조","bldg_flr":5,"bldg_name":"","elec_kwh":2123,"gas_m3":0,"use_ym":"202605","kwh_per_m2":4.77}},{"type":"Feature","geometry":{"type":"MultiPolygon","coordinates":[[[[129.21469406923472,35.84713278891719],[129.214699582596,35.84703381290644],[129.21467232415836,35.84704424366561],[129.2145631708094,35.847037146156644],[129.2145681565669,35.84713813135602],[129.21469406923472,35.84713278891719]]]]},"properties":{"gosi_year":"2025","pnu":"4713010400103410002","jibun":"341-2대","bonbun":"341","bubun":"2","addr":"경상북도 경주시 성동동 341-2","gosi_month":"01","jiga":"1351000","bldg_n":1,"bldg_totArea":85.5,"bldg_oldest":1973,"bldg_age":53,"bldg_purps":"제1종근린생활시설","bldg_strct":"벽돌구조","bldg_flr":1,"bldg_name":"","elec_kwh":645,"gas_m3":0,"use_ym":"202605","kwh_per_m2":7.54}},{"type":"Feature","geometry":{"type":"MultiPolygon","coordinates":[[[[129.21457202655287,35.846846849601604],[129.21454467237632,35.84674697654694],[129.21452296335252,35.84675044879762],[129.21444162635706,35.84676343577858],[129.21437870033165,35.84678148214878],[129.21437945921662,35.84679207048871],[129.21439054575362,35.84692269600707],[129.2144633829419,35.84691851131066],[129.21455375747644,35.84689071878282],[129.21457202655287,35.846846849601604]]]]},"properties":{"gosi_year":"2025","pnu":"4713010400103480001","jibun":"348-1대","bonbun":"348","bubun":"1","addr":"경상북도 경주시 성동동 348-1","gosi_month":"01","jiga":"679600","bldg_n":1,"bldg_totArea":37.4,"bldg_oldest":null,"bldg_age":null,"bldg_purps":"제2종근린생활시설","bldg_strct":"일반목구조","bldg_flr":1,"bldg_name":"","elec_kwh":24,"gas_m3":0,"use_ym":"202605","kwh_per_m2":0.64}},{"type":"Feature","geometry":{"type":"MultiPolygon","coordinates":[[[[129.2145681565669,35.84713813135602],[129.2145631708094,35.847037146156644],[129.2145614948831,35.84701066139971],[129.21444831265856,35.847007842853714],[129.2144335193371,35.84708070807096],[129.21444071692008,35.847143710694],[129.2145681565669,35.84713813135602]]]]},"properties":{"gosi_year":"2025","pnu":"4713010400103500001","jibun":"350-1대","bonbun":"350","bubun":"1","addr":"경상북도 경주시 성동동 350-1","gosi_month":"01","jiga":"1310000","bldg_n":1,"bldg_totArea":411.3,"bldg_oldest":1989,"bldg_age":37,"bldg_purps":"제2종근린생활시설","bldg_strct":"철근콘크리트구조","bldg_flr":4,"bldg_name":"","elec_kwh":4726,"gas_m3":1139,"use_ym":"202605","kwh_per_m2":11.49}},{"type":"Feature","geometry":{"type":"MultiPolygon","coordinates":[[[[129.21404457691108,35.846444636712775],[129.21409032973122,35.8464788843775],[129.21423991695275,35.846472806564464],[129.21423334893842,35.8463511765077],[129.2140409069105,35.84635526626152],[129.21404457691108,35.846444636712775]]]]},"properties":{"gosi_year":"2025","pnu":"4713010400103610001","jibun":"361-1대","bonbun":"361","bubun":"1","addr":"경상북도 경주시 성동동 361-1","gosi_month":"01","jiga":"1722000","bldg_n":1,"bldg_totArea":492.6,"bldg_oldest":1989,"bldg_age":37,"bldg_purps":"제1종근린생활시설","bldg_strct":"철근콘크리트구조","bldg_flr":3,"bldg_name":"","elec_kwh":2300,"gas_m3":1291,"use_ym":"202605","kwh_per_m2":4.67}},{"type":"Feature","geometry":{"type":"MultiPolygon","coordinates":[[[[129.21422825314298,35.84626269181016],[129.2142573937688,35.84625662887965],[129.21425557057387,35.84623298331249],[129.21414591752213,35.846253888138534],[129.21422825314298,35.84626269181016]]]]},"properties":{"gosi_year":"2025","pnu":"4713010400103630001","jibun":"363-1대","bonbun":"363","bubun":"1","addr":"경상북도 경주시 성동동 363-1","gosi_month":"01","jiga":"1610000","bldg_n":1,"bldg_totArea":549.2,"bldg_oldest":1989,"bldg_age":37,"bldg_purps":"제2종근린생활시설","bldg_strct":"철근콘크리트구조","bldg_flr":3,"bldg_name":"","elec_kwh":2565,"gas_m3":0,"use_ym":"202605","kwh_per_m2":4.67}},{"type":"Feature","geometry":{"type":"MultiPolygon","coordinates":[[[[129.21506191681365,35.8464418685176],[129.21516424285912,35.84643782024386],[129.21516359019137,35.84642560045746],[129.21499871386172,35.846410139679676],[129.21498632325083,35.84638802700011],[129.21498767474634,35.84635950004307],[129.21490133745195,35.84636519609597],[129.21490375474932,35.84644524982138],[129.2149993716523,35.846440799028485],[129.21506191681365,35.8464418685176]]]]},"properties":{"gosi_year":"2025","pnu":"4713010400103700005","jibun":"370-5대","bonbun":"370","bubun":"5","addr":"경상북도 경주시 성동동 370-5","gosi_month":"01","jiga":"732400","bldg_n":1,"bldg_totArea":83.7,"bldg_oldest":2014,"bldg_age":12,"bldg_purps":"창고시설","bldg_strct":"철근콘크리트구조","bldg_flr":2,"bldg_name":"","elec_kwh":3873,"gas_m3":0,"use_ym":"202605","kwh_per_m2":46.27}},{"type":"Feature","geometry":{"type":"MultiPolygon","coordinates":[[[[129.21508656840953,35.8458226480462],[129.21514973506774,35.84582037274881],[129.21514365317918,35.8457938147163],[129.21508466179205,35.845792747964424],[129.21508656840953,35.8458226480462]]]]},"properties":{"gosi_year":"2025","pnu":"4713010400103810004","jibun":"381-4대","bonbun":"381","bubun":"4","addr":"경상북도 경주시 성동동 381-4","gosi_month":"01","jiga":"1405000","bldg_n":1,"bldg_totArea":20.3,"bldg_oldest":2000,"bldg_age":26,"bldg_purps":"제1종근린생활시설","bldg_strct":"벽돌구조","bldg_flr":2,"bldg_name":"","elec_kwh":634,"gas_m3":0,"use_ym":"202605","kwh_per_m2":31.23}},{"type":"Feature","geometry":{"type":"MultiPolygon","coordinates":[[[[129.2149161509833,35.845829106385345],[129.21508656840953,35.8458226480462],[129.21508466179205,35.845792747964424],[129.215061223442,35.84579105021202],[129.21490858913637,35.84580789538128],[129.2149161509833,35.845829106385345]]]]},"properties":{"gosi_year":"2025","pnu":"4713010400103810006","jibun":"381-6대","bonbun":"381","bubun":"6","addr":"경상북도 경주시 성동동 381-6","gosi_month":"01","jiga":"1449000","bldg_n":1,"bldg_totArea":199.9,"bldg_oldest":2000,"bldg_age":26,"bldg_purps":"제1종근린생활시설","bldg_strct":"철근콘크리트구조","bldg_flr":3,"bldg_name":"","elec_kwh":974,"gas_m3":199,"use_ym":"202605","kwh_per_m2":4.87}},{"type":"Feature","geometry":{"type":"MultiPolygon","coordinates":[[[[129.2149161509833,35.845829106385345],[129.21490858913637,35.84580789538128],[129.2147970909098,35.84582152197991],[129.2147399547664,35.845827084964604],[129.21474158251814,35.845835562837244],[129.2149161509833,35.845829106385345]]]]},"properties":{"gosi_year":"2025","pnu":"4713010400103820002","jibun":"382-2대","bonbun":"382","bubun":"2","addr":"경상북도 경주시 성동동 382-2","gosi_month":"01","jiga":"1405000","bldg_n":1,"bldg_totArea":17.1,"bldg_oldest":2000,"bldg_age":26,"bldg_purps":"제1종근린생활시설","bldg_strct":"경량철골구조","bldg_flr":1,"bldg_name":"","elec_kwh":100,"gas_m3":0,"use_ym":"202605","kwh_per_m2":5.85}},{"type":"Feature","geometry":{"type":"MultiPolygon","coordinates":[[[[129.21405491654593,35.84586004975121],[129.21431245582124,35.84585166290118],[129.21435952054688,35.845838430300006],[129.214461590558,35.84582583922998],[129.21457623077217,35.845807412721534],[129.2147361425612,35.84580478579541],[129.21480407374176,35.845804268674165],[129.21490497161687,35.845783910534344],[129.21492408862585,35.84577987503112],[129.2149007160897,35.84565813064506],[129.21492141161323,35.845648333351825],[129.2149482602316,35.845778444170634],[129.21503823460245,35.84576709078424],[129.2150822314129,35.84576979745001],[129.21509118798826,35.845770349316794],[129.2151640995384,35.84576540701457],[129.21531753839963,35.84575555378829],[129.2153594182561,35.84575312699535],[129.21537750333655,35.84575230170618],[129.21536798351403,35.84559144554547],[129.2153609348538,35.84541509249524],[129.21535033353592,35.84518121897718],[129.21533452714726,35.84518140933204],[129.21519335863496,35.84518468867085],[129.2150796617748,35.8451912626543],[129.21499434614333,35.84520184173195],[129.2149764454813,35.845180567986475],[129.21507229467272,35.8451683659747],[129.2151807671239,35.845157781714],[129.21533192390467,35.845147689190966],[129.21534409753247,35.845146739239084],[129.2153421961103,35.84509406456214],[129.21532922345236,35.84509424987316],[129.2148299240536,35.84510704287262],[129.21484320361196,35.84543221731845],[129.2140008527802,35.84546133327508],[129.21401655461912,35.845832674546465],[129.21405491654593,35.84586004975121]]]]},"properties":{"gosi_year":"2025","pnu":"4713010400103860001","jibun":"386-1 학","bonbun":"386","bubun":"1학","addr":"경상북도 경주시 성동동 386-1","gosi_month":"01","jiga":"2110000","bldg_n":2,"bldg_totArea":6288.0,"bldg_oldest":1984,"bldg_age":42,"bldg_purps":"업무시설","bldg_strct":"철근콘크리트구조","bldg_flr":5,"bldg_name":"","elec_kwh":28475,"gas_m3":7888,"use_ym":"202605","kwh_per_m2":4.53}},{"type":"Feature","geometry":{"type":"MultiPolygon","coordinates":[[[[129.21484320361196,35.84543221731845],[129.2148299240536,35.84510704287262],[129.21482787704056,35.8450618758575],[129.2148093972189,35.84460935497678],[129.21476134969205,35.8446107650991],[129.21464470126713,35.844614369783685],[129.2145892716392,35.84461617145655],[129.21446250803947,35.844620550952015],[129.21442591601004,35.84462155309927],[129.21431952598547,35.84462414791471],[129.21420154402617,35.84462995358124],[129.2142007827332,35.8446225917158],[129.21405470363223,35.844631213808555],[129.2139644711093,35.84463665471494],[129.21397610406552,35.8448978073975],[129.21416219243906,35.84488677134702],[129.21416392627333,35.84491428344172],[129.21413893370092,35.84491907725962],[129.2141310259059,35.84504184150549],[129.21409367803906,35.845041745364426],[129.21410152505536,35.845140877993245],[129.21398750855994,35.84514382848419],[129.2140008527802,35.84546133327508],[129.21484320361196,35.84543221731845]]]]},"properties":{"gosi_year":"2025","pnu":"4713010400103860006","jibun":"386-6대","bonbun":"386","bubun":"6","addr":"경상북도 경주시 성동동 386-6","gosi_month":"01","jiga":"4227000","bldg_n":2,"bldg_totArea":15745.2,"bldg_oldest":2001,"bldg_age":25,"bldg_purps":"방송통신시설","bldg_strct":"철근콘크리트구조","bldg_flr":5,"bldg_name":"","elec_kwh":170421,"gas_m3":5386,"use_ym":"202605","kwh_per_m2":10.82}},{"type":"Feature","geometry":{"type":"MultiPolygon","coordinates":[[[[129.21482787704056,35.8450618758575],[129.21532806520108,35.8450421416605],[129.2153220425683,35.844876836090776],[129.21523440090698,35.84487847006518],[129.2150866768357,35.84489710021367],[129.21503848846046,35.84492035699758],[129.2149845973146,35.844938703069225],[129.2149494325857,35.84495191477783],[129.2148633185718,35.84495361786805],[129.2148609131125,35.84493580442668],[129.2149627214114,35.84492927880835],[129.21506795869496,35.8448764227588],[129.2150678360994,35.844855468913785],[129.21505130368917,35.84484494465903],[129.21505471859356,35.84478096786323],[129.21500974800034,35.844761652878155],[129.21500948124364,35.84467452049834],[129.2150145793444,35.84460252859794],[129.21486901045907,35.84460735651104],[129.2148093972189,35.84460935497678],[129.21482787704056,35.8450618758575]]]]},"properties":{"gosi_year":"2025","pnu":"4713010400103860011","jibun":"386-11 종","bonbun":"386","bubun":"11종","addr":"경상북도 경주시 성동동 386-11","gosi_month":"01","jiga":"2529000","bldg_n":1,"bldg_totArea":2517.4,"bldg_oldest":2000,"bldg_age":26,"bldg_purps":"종교시설","bldg_strct":"철근콘크리트구조","bldg_flr":4,"bldg_name":"성동성당","elec_kwh":5081,"gas_m3":235,"use_ym":"202605","kwh_per_m2":2.02}},{"type":"Feature","geometry":{"type":"MultiPolygon","coordinates":[[[[129.21398750855994,35.84514382848419],[129.21410152505536,35.845140877993245],[129.21409367803906,35.845041745364426],[129.2141310259059,35.84504184150549],[129.21413893370092,35.84491907725962],[129.21416392627333,35.84491428344172],[129.21416219243906,35.84488677134702],[129.21397610406552,35.8448978073975],[129.21397774615718,35.84492414803224],[129.21398456892132,35.845083377832516],[129.21398750855994,35.84514382848419]]]]},"properties":{"gosi_year":"2025","pnu":"4713010400104170001","jibun":"417-1대","bonbun":"417","bubun":"1","addr":"경상북도 경주시 성동동 417-1","gosi_month":"01","jiga":"3194000","bldg_n":1,"bldg_totArea":857.2,"bldg_oldest":1987,"bldg_age":39,"bldg_purps":"제2종근린생활시설","bldg_strct":"철근콘크리트구조","bldg_flr":3,"bldg_name":"","elec_kwh":5026,"gas_m3":0,"use_ym":"202605","kwh_per_m2":5.86}},{"type":"Feature","geometry":{"type":"MultiPolygon","coordinates":[[[[129.21615725832598,35.851858867702916],[129.21608958966598,35.85175741782192],[129.21602463201526,35.851786968609815],[129.21595489928137,35.85181511292479],[129.21594496903518,35.85181911416907],[129.2160006314618,35.85192655183352],[129.21608658746024,35.85189217792637],[129.21615725832598,35.851858867702916]]]]},"properties":{"gosi_year":"2025","pnu":"4713010400101820013","jibun":"182-13대","bonbun":"182","bubun":"13","addr":"경상북도 경주시 성동동 182-13","gosi_month":"01","jiga":"819100","bldg_n":2,"bldg_totArea":167.6,"bldg_oldest":2001,"bldg_age":25,"bldg_purps":"제1종근린생활시설","bldg_strct":"경량철골구조","bldg_flr":2,"bldg_name":"","elec_kwh":603,"gas_m3":176,"use_ym":"202605","kwh_per_m2":3.6}},{"type":"Feature","geometry":{"type":"MultiPolygon","coordinates":[[[[129.21670847885238,35.85157725074689],[129.21674307612406,35.851553810374554],[129.21681779029575,35.85150124184007],[129.21671796327468,35.851396019624694],[129.21668334710378,35.85141653997741],[129.21660626153962,35.85146822945066],[129.21670847885238,35.85157725074689]]]]},"properties":{"gosi_year":"2025","pnu":"4713010400101820018","jibun":"182-18대","bonbun":"182","bubun":"18","addr":"경상북도 경주시 성동동 182-18","gosi_month":"01","jiga":"747000","bldg_n":1,"bldg_totArea":486.2,"bldg_oldest":2009,"bldg_age":17,"bldg_purps":"제2종근린생활시설","bldg_strct":"철근콘크리트구조","bldg_flr":5,"bldg_name":"","elec_kwh":1367,"gas_m3":0,"use_ym":"202605","kwh_per_m2":2.81}},{"type":"Feature","geometry":{"type":"MultiPolygon","coordinates":[[[[129.21692643613164,35.851424792414555],[129.2168228328516,35.85132318205182],[129.21674541747487,35.851379747962966],[129.21671796327468,35.851396019624694],[129.21681779029575,35.85150124184007],[129.21692643613164,35.851424792414555]]]]},"properties":{"gosi_year":"2025","pnu":"4713010400101820019","jibun":"182-19대","bonbun":"182","bubun":"19","addr":"경상북도 경주시 성동동 182-19","gosi_month":"01","jiga":"786300","bldg_n":1,"bldg_totArea":266.0,"bldg_oldest":1996,"bldg_age":30,"bldg_purps":"교육연구시설","bldg_strct":"철근콘크리트구조","bldg_flr":2,"bldg_name":"","elec_kwh":1643,"gas_m3":0,"use_ym":"202605","kwh_per_m2":6.18}},{"type":"Feature","geometry":{"type":"MultiPolygon","coordinates":[[[[129.216824299112,35.851574781104674],[129.2168908172229,35.851835843824034],[129.21689087313413,35.851836051011034],[129.21701965975188,35.85176098937078],[129.2169520757761,35.85149071786677],[129.21686624971917,35.851548281297234],[129.216824299112,35.851574781104674]]]]},"properties":{"gosi_year":"2025","pnu":"4713010400101880002","jibun":"188-2대","bonbun":"188","bubun":"2","addr":"경상북도 경주시 성동동 188-2","gosi_month":"01","jiga":"898300","bldg_n":1,"bldg_totArea":303.6,"bldg_oldest":2014,"bldg_age":12,"bldg_purps":"제1종근린생활시설","bldg_strct":"경량철골구조","bldg_flr":2,"bldg_name":"","elec_kwh":1250,"gas_m3":0,"use_ym":"202605","kwh_per_m2":4.12}},{"type":"Feature","geometry":{"type":"MultiPolygon","coordinates":[[[[129.21715524883933,35.85158172199076],[129.21724700545295,35.8515762218709],[129.21727596908704,35.85161451800262],[129.2173245034607,35.85158696977551],[129.21733315039663,35.851571056211206],[129.2173453772028,35.85154853006042],[129.2173274454391,35.851443017005266],[129.21732378924133,35.85142146569715],[129.21713975710384,35.851445111438366],[129.2171413943991,35.85146515227722],[129.21705009468647,35.85147581565334],[129.21705465966858,35.851587751598714],[129.2170698786564,35.85158684107039],[129.21715524883933,35.85158172199076]]]]},"properties":{"gosi_year":"2025","pnu":"4713010400101880003","jibun":"188-3대","bonbun":"188","bubun":"3","addr":"경상북도 경주시 성동동 188-3","gosi_month":"01","jiga":"1717000","bldg_n":1,"bldg_totArea":897.4,"bldg_oldest":2019,"bldg_age":7,"bldg_purps":"제2종근린생활시설","bldg_strct":"철근콘크리트구조","bldg_flr":5,"bldg_name":"","elec_kwh":2640,"gas_m3":0,"use_ym":"202605","kwh_per_m2":2.94}},{"type":"Feature","geometry":{"type":"MultiPolygon","coordinates":[[[[129.21639187866893,35.85212099113038],[129.21651376352816,35.85205192667088],[129.21650579233648,35.85181387603234],[129.21650404647906,35.85176176894251],[129.2163117687508,35.85186029492054],[129.21630533478273,35.85186358696949],[129.21639187866893,35.85212099113038]]]]},"properties":{"gosi_year":"2025","pnu":"4713010400101880007","jibun":"188-7 대","bonbun":"188","bubun":"7","addr":"경상북도 경주시 성동동 188-7","gosi_month":"01","jiga":"898300","bldg_n":1,"bldg_totArea":441.9,"bldg_oldest":2011,"bldg_age":15,"bldg_purps":"창고시설","bldg_strct":"철근콘크리트구조","bldg_flr":3,"bldg_name":"","elec_kwh":716,"gas_m3":0,"use_ym":"202605","kwh_per_m2":1.62}},{"type":"Feature","geometry":{"type":"MultiPolygon","coordinates":[[[[129.21670809495603,35.851648206765695],[129.2167130040374,35.85168692464047],[129.21675139829867,35.851806785060276],[129.21675496826114,35.851915252985705],[129.21689087313413,35.851836051011034],[129.2168908172229,35.851835843824034],[129.216824299112,35.851574781104674],[129.2167454040674,35.85162462634826],[129.21670809495603,35.851648206765695]]]]},"properties":{"gosi_year":"2025","pnu":"4713010400101880082","jibun":"188-82 대","bonbun":"188","bubun":"82","addr":"경상북도 경주시 성동동 188-82","gosi_month":"01","jiga":"835400","bldg_n":2,"bldg_totArea":102.5,"bldg_oldest":2014,"bldg_age":12,"bldg_purps":"제2종근린생활시설","bldg_strct":"일반철골구조","bldg_flr":1,"bldg_name":"성동동 188-82 제2종근린생활시설 (이우환)","elec_kwh":269,"gas_m3":0,"use_ym":"202605","kwh_per_m2":2.62}},{"type":"Feature","geometry":{"type":"MultiPolygon","coordinates":[[[[129.21639187866893,35.85212099113038],[129.21630533478273,35.85186358696949],[129.21627087466715,35.851876410257354],[129.21623130296797,35.85189439781466],[129.21623613318647,35.85203942717121],[129.21624168601028,35.8522061032308],[129.21639187866893,35.85212099113038]]]]},"properties":{"gosi_year":"2025","pnu":"4713010400101880124","jibun":"188-124 대","bonbun":"188","bubun":"124","addr":"경상북도 경주시 성동동 188-124","gosi_month":"01","jiga":"835400","bldg_n":2,"bldg_totArea":279.1,"bldg_oldest":2011,"bldg_age":15,"bldg_purps":"제2종근린생활시설","bldg_strct":"철근콘크리트구조","bldg_flr":3,"bldg_name":"","elec_kwh":803,"gas_m3":0,"use_ym":"202605","kwh_per_m2":2.88}},{"type":"Feature","geometry":{"type":"MultiPolygon","coordinates":[[[[129.2164246932302,35.85055908592003],[129.21642256175025,35.85051993045782],[129.21642023889655,35.850508308498924],[129.21623131353695,35.850531168502854],[129.21624252566951,35.850608511690105],[129.21640497462536,35.85058671743881],[129.2164246932302,35.85055908592003]]]]},"properties":{"gosi_year":"2025","pnu":"4713010400101960013","jibun":"196-13 대","bonbun":"196","bubun":"13","addr":"경상북도 경주시 성동동 196-13","gosi_month":"01","jiga":"710400","bldg_n":1,"bldg_totArea":165.5,"bldg_oldest":2010,"bldg_age":16,"bldg_purps":"제2종근린생활시설","bldg_strct":"철근콘크리트구조","bldg_flr":2,"bldg_name":"","elec_kwh":1992,"gas_m3":564,"use_ym":"202605","kwh_per_m2":12.04}},{"type":"Feature","geometry":{"type":"MultiPolygon","coordinates":[[[[129.21622622142777,35.85044498213486],[129.2164171341864,35.85042027102321],[129.216404804445,35.85026520612057],[129.2162338387615,35.85029351359947],[129.2162207138768,35.850295033128916],[129.21622622142777,35.85044498213486]]]]},"properties":{"gosi_year":"2025","pnu":"4713010400101980001","jibun":"198-1대","bonbun":"198","bubun":"1","addr":"경상북도 경주시 성동동 198-1","gosi_month":"01","jiga":"772800","bldg_n":1,"bldg_totArea":208.1,"bldg_oldest":1998,"bldg_age":28,"bldg_purps":"제2종근린생활시설","bldg_strct":"벽돌구조","bldg_flr":2,"bldg_name":"","elec_kwh":285,"gas_m3":258,"use_ym":"202605","kwh_per_m2":1.37}},{"type":"Feature","geometry":{"type":"MultiPolygon","coordinates":[[[[129.2161242611775,35.850110160973536],[129.21611487346973,35.85000320847291],[129.21589535707585,35.85001153136101],[129.21590012960363,35.850057279267986],[129.21592410139328,35.850149731696874],[129.21600147007553,35.85015003521247],[129.21600109998803,35.85014415071582],[129.21606452579263,35.85014229805821],[129.2161242611775,35.850110160973536]]]]},"properties":{"gosi_year":"2025","pnu":"4713010400101990001","jibun":"199-1대","bonbun":"199","bubun":"1","addr":"경상북도 경주시 성동동 199-1","gosi_month":"01","jiga":"752100","bldg_n":1,"bldg_totArea":489.2,"bldg_oldest":2018,"bldg_age":8,"bldg_purps":"제2종근린생활시설","bldg_strct":"철근콘크리트구조","bldg_flr":4,"bldg_name":"","elec_kwh":1283,"gas_m3":2124,"use_ym":"202605","kwh_per_m2":2.62}},{"type":"Feature","geometry":{"type":"MultiPolygon","coordinates":[[[[129.21570062383154,35.8499531172259],[129.2157218044989,35.84992576260019],[129.21563053624,35.84993107142143],[129.21563213580168,35.849957817648196],[129.21570062383154,35.8499531172259]]]]},"properties":{"gosi_year":"2025","pnu":"4713010400102000001","jibun":"200-1대","bonbun":"200","bubun":"1","addr":"경상북도 경주시 성동동 200-1","gosi_month":"01","jiga":"1196000","bldg_n":1,"bldg_totArea":25.1,"bldg_oldest":2002,"bldg_age":24,"bldg_purps":"제1종근린생활시설","bldg_strct":"일반철골구조","bldg_flr":2,"bldg_name":"","elec_kwh":4,"gas_m3":0,"use_ym":"202605","kwh_per_m2":0.16}},{"type":"Feature","geometry":{"type":"MultiPolygon","coordinates":[[[[129.21604213734648,35.84967608575628],[129.21614378516375,35.8496694152196],[129.21616667363202,35.84966791430536],[129.21616089241334,35.84959707742838],[129.21615918671026,35.849580299214004],[129.21615427311707,35.8495192213154],[129.21601246204438,35.84952926214413],[129.2159059572471,35.849536869523384],[129.21591015691772,35.84959599299525],[129.2160359443942,35.84958797265958],[129.21604213734648,35.84967608575628]]]]},"properties":{"gosi_year":"2025","pnu":"4713010400102010001","jibun":"201-1 대","bonbun":"201","bubun":"1","addr":"경상북도 경주시 성동동 201-1","gosi_month":"01","jiga":"1102000","bldg_n":1,"bldg_totArea":986.8,"bldg_oldest":2007,"bldg_age":19,"bldg_purps":"제2종근린생활시설","bldg_strct":"철근콘크리트구조","bldg_flr":7,"bldg_name":"","elec_kwh":4224,"gas_m3":0,"use_ym":"202605","kwh_per_m2":4.28}},{"type":"Feature","geometry":{"type":"MultiPolygon","coordinates":[[[[129.21604213734648,35.84967608575628],[129.2160359443942,35.84958797265958],[129.21591015691772,35.84959599299525],[129.21591643892097,35.849684340264474],[129.21604213734648,35.84967608575628]]]]},"properties":{"gosi_year":"2025","pnu":"4713010400102010003","jibun":"201-3 대","bonbun":"201","bubun":"3","addr":"경상북도 경주시 성동동 201-3","gosi_month":"01","jiga":"1220000","bldg_n":1,"bldg_totArea":292.1,"bldg_oldest":2002,"bldg_age":24,"bldg_purps":"제2종근린생활시설","bldg_strct":"철근콘크리트구조","bldg_flr":3,"bldg_name":"","elec_kwh":703,"gas_m3":857,"use_ym":"202605","kwh_per_m2":2.41}},{"type":"Feature","geometry":{"type":"MultiPolygon","coordinates":[[[[129.21573817503867,35.84944771079596],[129.21573043284153,35.84932674089131],[129.21571270097448,35.84917109069388],[129.21569240371505,35.84917286628962],[129.21569721622308,35.8492664704803],[129.2156060569222,35.84927496951072],[129.21561614477181,35.84945322766382],[129.21573817503867,35.84944771079596]]]]},"properties":{"gosi_year":"2025","pnu":"4713010400102020010","jibun":"202-10대","bonbun":"202","bubun":"10","addr":"경상북도 경주시 성동동 202-10","gosi_month":"01","jiga":"757900","bldg_n":1,"bldg_totArea":456.9,"bldg_oldest":1990,"bldg_age":36,"bldg_purps":"제1종근린생활시설","bldg_strct":"철근콘크리트구조","bldg_flr":3,"bldg_name":"","elec_kwh":543,"gas_m3":258,"use_ym":"202605","kwh_per_m2":1.19}},{"type":"Feature","geometry":{"type":"MultiPolygon","coordinates":[[[[129.22317490528872,35.84688830845649],[129.22330434088852,35.8468048391987],[129.22294958199907,35.846448995245204],[129.22295736221378,35.8466753567839],[129.22296818218854,35.84701956911472],[129.22317490528872,35.84688830845649]]]]},"properties":{"gosi_year":"2025","pnu":"4713010400104200004","jibun":"420-4 대","bonbun":"420","bubun":"4","addr":"경상북도 경주시 성동동 420-4","gosi_month":"01","jiga":"676800","bldg_n":1,"bldg_totArea":391.3,"bldg_oldest":2005,"bldg_age":21,"bldg_purps":"제1종근린생활시설","bldg_strct":"일반철골구조","bldg_flr":2,"bldg_name":"","elec_kwh":2998,"gas_m3":0,"use_ym":"202605","kwh_per_m2":7.66}},{"type":"Feature","geometry":{"type":"MultiPolygon","coordinates":[[[[129.22330434088852,35.8468048391987],[129.22338829888628,35.846886842098],[129.22357478484622,35.84675518551987],[129.22349943750442,35.84668064721223],[129.22314478202435,35.846322298163045],[129.22294958199907,35.846448995245204],[129.22330434088852,35.8468048391987]]]]},"properties":{"gosi_year":"2025","pnu":"4713010400104200082","jibun":"420-82대","bonbun":"420","bubun":"82","addr":"경상북도 경주시 성동동 420-82","gosi_month":"01","jiga":"676800","bldg_n":2,"bldg_totArea":204.0,"bldg_oldest":1998,"bldg_age":28,"bldg_purps":"제2종근린생활시설","bldg_strct":"철근콘크리트구조","bldg_flr":1,"bldg_name":"","elec_kwh":806,"gas_m3":0,"use_ym":"202605","kwh_per_m2":3.95}},{"type":"Feature","geometry":{"type":"MultiPolygon","coordinates":[[[[129.22349943750442,35.84668064721223],[129.22357478484622,35.84675518551987],[129.22382144561507,35.846580571922374],[129.22375467631397,35.84651768007077],[129.22339576402288,35.84616124126365],[129.22330821766087,35.84621741556899],[129.22314478202435,35.846322298163045],[129.22349943750442,35.84668064721223]]]]},"properties":{"gosi_year":"2025","pnu":"4713010400104200083","jibun":"420-83대","bonbun":"420","bubun":"83","addr":"경상북도 경주시 성동동 420-83","gosi_month":"01","jiga":"676800","bldg_n":1,"bldg_totArea":999.7,"bldg_oldest":2018,"bldg_age":8,"bldg_purps":"제2종근린생활시설","bldg_strct":"철근콘크리트구조","bldg_flr":3,"bldg_name":"","elec_kwh":5498,"gas_m3":0,"use_ym":"202605","kwh_per_m2":5.5}},{"type":"Feature","geometry":{"type":"MultiPolygon","coordinates":[[[[129.22382301905336,35.846474059333204],[129.22388693601545,35.84653426168991],[129.22404033585659,35.84642710750439],[129.22416827744257,35.84633643909487],[129.22411767218725,35.84628642338239],[129.2239248150507,35.84611782326152],[129.22374054922597,35.84594152828801],[129.22367407466857,35.84598409106559],[129.22346467006074,35.84611721412481],[129.22382301905336,35.846474059333204]]]]},"properties":{"gosi_year":"2025","pnu":"4713010400104200085","jibun":"420-85대","bonbun":"420","bubun":"85","addr":"경상북도 경주시 성동동 420-85","gosi_month":"01","jiga":"676800","bldg_n":1,"bldg_totArea":969.5,"bldg_oldest":2013,"bldg_age":13,"bldg_purps":"제2종근린생활시설","bldg_strct":"일반철골구조","bldg_flr":3,"bldg_name":"","elec_kwh":6714,"gas_m3":0,"use_ym":"202605","kwh_per_m2":6.93}},{"type":"Feature","geometry":{"type":"MultiPolygon","coordinates":[[[[129.22346467006074,35.84611721412481],[129.22367407466857,35.84598409106559],[129.22374054922597,35.84594152828801],[129.22370004759446,35.84590226364182],[129.22364993518624,35.845854121415734],[129.22356668547087,35.845763825877135],[129.22344235910506,35.845797194532715],[129.22337356055598,35.845832028715094],[129.22334248720435,35.845847317208055],[129.22321883486967,35.84590817250396],[129.22319174776177,35.84592394027711],[129.22343085765388,35.846138717309955],[129.22346467006074,35.84611721412481]]]]},"properties":{"gosi_year":"2025","pnu":"4713010400104200086","jibun":"420-86대","bonbun":"420","bubun":"86","addr":"경상북도 경주시 성동동 420-86","gosi_month":"01","jiga":"348700","bldg_n":1,"bldg_totArea":99.8,"bldg_oldest":1998,"bldg_age":28,"bldg_purps":"제1종근린생활시설","bldg_strct":"경량철골구조","bldg_flr":1,"bldg_name":"","elec_kwh":266,"gas_m3":0,"use_ym":"202605","kwh_per_m2":2.67}},{"type":"Feature","geometry":{"type":"MultiPolygon","coordinates":[[[[129.22299110511872,35.84411682669054],[129.2229836142236,35.84398250918685],[129.22288301267344,35.84398843553716],[129.2228873686537,35.844121965723104],[129.22299110511872,35.84411682669054]]]]},"properties":{"gosi_year":"2025","pnu":"4713010500100230014","jibun":"23-14잡","bonbun":"23","bubun":"14잡","addr":"경상북도 경주시 황오동 23-14","gosi_month":"01","jiga":"594000","bldg_n":1,"bldg_totArea":30.5,"bldg_oldest":1999,"bldg_age":27,"bldg_purps":"제2종근린생활시설","bldg_strct":"벽돌구조","bldg_flr":1,"bldg_name":"","elec_kwh":231,"gas_m3":0,"use_ym":"202605","kwh_per_m2":7.57}},{"type":"Feature","geometry":{"type":"MultiPolygon","coordinates":[[[[129.22208177669123,35.84156199507644],[129.22211228238172,35.841534090437605],[129.22210834170684,35.84146206974089],[129.22190722294079,35.84146615195341],[129.22190778090325,35.84149579305559],[129.22190649867264,35.841528429684296],[129.22190496847074,35.84156745663281],[129.22208177669123,35.84156199507644]]]]},"properties":{"gosi_year":"2025","pnu":"4713010500100720003","jibun":"72-3대","bonbun":"72","bubun":"3","addr":"경상북도 경주시 황오동 72-3","gosi_month":"01","jiga":"682500","bldg_n":1,"bldg_totArea":156.9,"bldg_oldest":1978,"bldg_age":48,"bldg_purps":"제2종근린생활시설","bldg_strct":"벽돌구조","bldg_flr":2,"bldg_name":"","elec_kwh":1123,"gas_m3":0,"use_ym":"202605","kwh_per_m2":7.16}},{"type":"Feature","geometry":{"type":"MultiPolygon","coordinates":[[[[129.2218982180967,35.841231942498126],[129.22209516453887,35.84122828253621],[129.22208944750017,35.84111033737311],[129.22206068049567,35.84109053563008],[129.22189012811785,35.841092353641464],[129.22189073250814,35.841102770988215],[129.2218982180967,35.841231942498126]]]]},"properties":{"gosi_year":"2025","pnu":"4713010500100720006","jibun":"72-6잡","bonbun":"72","bubun":"6잡","addr":"경상북도 경주시 황오동 72-6","gosi_month":"01","jiga":"480400","bldg_n":1,"bldg_totArea":18.0,"bldg_oldest":1999,"bldg_age":27,"bldg_purps":"제2종근린생활시설","bldg_strct":"블록구조","bldg_flr":1,"bldg_name":"","elec_kwh":339,"gas_m3":0,"use_ym":"202605","kwh_per_m2":18.83}},{"type":"Feature","geometry":{"type":"MultiPolygon","coordinates":[[[[129.22129542328832,35.84158752640217],[129.22141544031166,35.84157896123869],[129.22141376586447,35.84155379237954],[129.22139391694128,35.84125608260182],[129.22127933585122,35.84124885690607],[129.22124789530565,35.841246895604854],[129.2212553083013,35.8413621609921],[129.2212759048579,35.84136131219839],[129.22129542328832,35.84158752640217]]]]},"properties":{"gosi_year":"2025","pnu":"4713010500100830002","jibun":"83-2답","bonbun":"83","bubun":"2답","addr":"경상북도 경주시 황오동 83-2","gosi_month":"01","jiga":"696700","bldg_n":1,"bldg_totArea":164.0,"bldg_oldest":1982,"bldg_age":44,"bldg_purps":"제1종근린생활시설","bldg_strct":"철근콘크리트구조","bldg_flr":1,"bldg_name":"","elec_kwh":1133,"gas_m3":0,"use_ym":"202605","kwh_per_m2":6.91}},{"type":"Feature","geometry":{"type":"MultiPolygon","coordinates":[[[[129.2212589916384,35.841589954310344],[129.22124727830817,35.841416467002524],[129.22110358640234,35.84142536366656],[129.22111500101403,35.841590983618595],[129.22114311521767,35.84159082408336],[129.22120369073286,35.841593462159004],[129.2212589916384,35.841589954310344]]]]},"properties":{"gosi_year":"2025","pnu":"4713010500100830021","jibun":"83-21 대","bonbun":"83","bubun":"21","addr":"경상북도 경주시 황오동 83-21","gosi_month":"01","jiga":"696700","bldg_n":1,"bldg_totArea":387.6,"bldg_oldest":1991,"bldg_age":35,"bldg_purps":"제2종근린생활시설","bldg_strct":"철근콘크리트구조","bldg_flr":3,"bldg_name":"","elec_kwh":1163,"gas_m3":458,"use_ym":"202605","kwh_per_m2":3.0}},{"type":"Feature","geometry":{"type":"MultiPolygon","coordinates":[[[[129.2213100297411,35.84183067506102],[129.22140255117785,35.841825729154465],[129.22138958057707,35.84169813583809],[129.22130159671562,35.84170280305951],[129.2213100297411,35.84183067506102]]]]},"properties":{"gosi_year":"2025","pnu":"4713010500101510027","jibun":"151-27 대","bonbun":"151","bubun":"27","addr":"경상북도 경주시 황오동 151-27","gosi_month":"01","jiga":"860000","bldg_n":1,"bldg_totArea":109.1,"bldg_oldest":1978,"bldg_age":48,"bldg_purps":"제1종근린생활시설","bldg_strct":"철근콘크리트구조","bldg_flr":2,"bldg_name":"","elec_kwh":865,"gas_m3":457,"use_ym":"202605","kwh_per_m2":7.93}},{"type":"Feature","geometry":{"type":"MultiPolygon","coordinates":[[[[129.221222045977,35.84183543234919],[129.2213100297411,35.84183067506102],[129.22130159671562,35.84170280305951],[129.22125898936503,35.841705494614054],[129.22121546959244,35.84173855995951],[129.221222045977,35.84183543234919]]]]},"properties":{"gosi_year":"2025","pnu":"4713010500101510030","jibun":"151-30 대","bonbun":"151","bubun":"30","addr":"경상북도 경주시 황오동 151-30","gosi_month":"01","jiga":"887600","bldg_n":1,"bldg_totArea":110.6,"bldg_oldest":1978,"bldg_age":48,"bldg_purps":"제1종근린생활시설","bldg_strct":"철근콘크리트구조","bldg_flr":2,"bldg_name":"","elec_kwh":2222,"gas_m3":3979,"use_ym":"202605","kwh_per_m2":20.09}},{"type":"Feature","geometry":{"type":"MultiPolygon","coordinates":[[[[129.22123464883805,35.84203043987856],[129.22141924245668,35.84201802543116],[129.2214165170386,35.84199306578494],[129.22160152266386,35.84196956492456],[129.22159317218228,35.84191181007307],[129.22156765854365,35.841691410963634],[129.22138958057707,35.84169813583809],[129.22140255117785,35.841825729154465],[129.2214118987162,35.84192394833614],[129.22122796521347,35.84193482943937],[129.22123464883805,35.84203043987856]]]]},"properties":{"gosi_year":"2025","pnu":"4713010500101520007","jibun":"152-7 대","bonbun":"152","bubun":"7","addr":"경상북도 경주시 황오동 152-7","gosi_month":"01","jiga":"860900","bldg_n":1,"bldg_totArea":1082.0,"bldg_oldest":1986,"bldg_age":40,"bldg_purps":"숙박시설","bldg_strct":"철근콘크리트구조","bldg_flr":3,"bldg_name":"","elec_kwh":96,"gas_m3":0,"use_ym":"202605","kwh_per_m2":0.09}},{"type":"Feature","geometry":{"type":"MultiPolygon","coordinates":[[[[129.22146084355873,35.842412516667764],[129.22166971518843,35.842373200133544],[129.2216539136476,35.842302841438276],[129.22164260216263,35.842255095896526],[129.22144565452587,35.84228330518062],[129.22145389574573,35.84234160098911],[129.22146084355873,35.842412516667764]]]]},"properties":{"gosi_year":"2025","pnu":"4713010500101530011","jibun":"153-11 대","bonbun":"153","bubun":"11","addr":"경상북도 경주시 황오동 153-11","gosi_month":"01","jiga":"489400","bldg_n":1,"bldg_totArea":397.8,"bldg_oldest":1980,"bldg_age":46,"bldg_purps":"제1종근린생활시설","bldg_strct":"철근콘크리트구조","bldg_flr":3,"bldg_name":"","elec_kwh":6982,"gas_m3":0,"use_ym":"202605","kwh_per_m2":17.55}},{"type":"Feature","geometry":{"type":"MultiPolygon","coordinates":[[[[129.21487404467933,35.84398252889818],[129.2150248446325,35.84396814744576],[129.21502166701717,35.84393068812337],[129.21502608246774,35.843913754799274],[129.21503497907693,35.843879626670955],[129.21501613964645,35.84387967817353],[129.21486665262847,35.84384693992466],[129.2148502089068,35.84384464389664],[129.21487404467933,35.84398252889818]]]]},"properties":{"gosi_year":"2025","pnu":"4713010500102030015","jibun":"203-15대","bonbun":"203","bubun":"15","addr":"경상북도 경주시 황오동 203-15","gosi_month":"01","jiga":"739300","bldg_n":1,"bldg_totArea":368.3,"bldg_oldest":1998,"bldg_age":28,"bldg_purps":"제2종근린생활시설","bldg_strct":"철근콘크리트구조","bldg_flr":3,"bldg_name":"","elec_kwh":1217,"gas_m3":728,"use_ym":"202605","kwh_per_m2":3.3}},{"type":"Feature","geometry":{"type":"MultiPolygon","coordinates":[[[[129.21488444077846,35.844334592811386],[129.21487026177152,35.844157107767714],[129.21471704280341,35.8441694114308],[129.21468453823795,35.84421280120946],[129.214627324942,35.84428839141118],[129.21463215888863,35.844340952755964],[129.21488444077846,35.844334592811386]]]]},"properties":{"gosi_year":"2025","pnu":"4713010500102030017","jibun":"203-17대","bonbun":"203","bubun":"17","addr":"경상북도 경주시 황오동 203-17","gosi_month":"01","jiga":"3544000","bldg_n":3,"bldg_totArea":322.1,"bldg_oldest":1983,"bldg_age":43,"bldg_purps":"제1종근린생활시설","bldg_strct":"블록구조","bldg_flr":1,"bldg_name":"","elec_kwh":4314,"gas_m3":0,"use_ym":"202605","kwh_per_m2":13.39}},{"type":"Feature","geometry":{"type":"MultiPolygon","coordinates":[[[[129.2145473859606,35.844256142242045],[129.21461249658543,35.84425275524411],[129.2146306757032,35.844229281485376],[129.21466116451134,35.8442268030403],[129.2146572640711,35.844200448393394],[129.21468453823795,35.84421280120946],[129.21471704280341,35.8441694114308],[129.21471512292035,35.844151029334824],[129.21455443671292,35.84416084957755],[129.21454238887594,35.844192225430675],[129.2145473859606,35.844256142242045]]]]},"properties":{"gosi_year":"2025","pnu":"4713010500102030020","jibun":"203-20대","bonbun":"203","bubun":"20","addr":"경상북도 경주시 황오동 203-20","gosi_month":"01","jiga":"3564000","bldg_n":1,"bldg_totArea":397.4,"bldg_oldest":2000,"bldg_age":26,"bldg_purps":"제1종근린생활시설","bldg_strct":"철근콘크리트구조","bldg_flr":3,"bldg_name":"","elec_kwh":1524,"gas_m3":0,"use_ym":"202605","kwh_per_m2":3.83}},{"type":"Feature","geometry":{"type":"MultiPolygon","coordinates":[[[[129.21471512292035,35.844151029334824],[129.2147096020405,35.84408997042183],[129.21470363695744,35.844024234807875],[129.21454567709884,35.844035212813985],[129.21455443671292,35.84416084957755],[129.21471512292035,35.844151029334824]]]]},"properties":{"gosi_year":"2025","pnu":"4713010500102030021","jibun":"203-21대","bonbun":"203","bubun":"21","addr":"경상북도 경주시 황오동 203-21","gosi_month":"01","jiga":"735900","bldg_n":1,"bldg_totArea":229.8,"bldg_oldest":1959,"bldg_age":67,"bldg_purps":"숙박시설","bldg_strct":"블록구조","bldg_flr":2,"bldg_name":"","elec_kwh":2216,"gas_m3":0,"use_ym":"202605","kwh_per_m2":9.64}},{"type":"Feature","geometry":{"type":"MultiPolygon","coordinates":[[[[129.2146771870943,35.84400138998148],[129.2146768326664,35.84399717275957],[129.214668924719,35.84390444814709],[129.21446829852403,35.84391305934686],[129.21447566588614,35.84401482447004],[129.2146771870943,35.84400138998148]]]]},"properties":{"gosi_year":"2025","pnu":"4713010500102030023","jibun":"203-23대","bonbun":"203","bubun":"23","addr":"경상북도 경주시 황오동 203-23","gosi_month":"01","jiga":"684600","bldg_n":1,"bldg_totArea":545.8,"bldg_oldest":1988,"bldg_age":38,"bldg_purps":"숙박시설","bldg_strct":"철근콘크리트구조","bldg_flr":4,"bldg_name":"","elec_kwh":4085,"gas_m3":0,"use_ym":"202605","kwh_per_m2":7.48}},{"type":"Feature","geometry":{"type":"MultiPolygon","coordinates":[[[[129.21445548578504,35.844345637058964],[129.21455370610775,35.84434293043442],[129.21455011276433,35.8442948100498],[129.2145473859606,35.844256142242045],[129.21454238887594,35.844192225430675],[129.21453454391337,35.844180946675294],[129.21444105875077,35.84419095403123],[129.21445548578504,35.844345637058964]]]]},"properties":{"gosi_year":"2025","pnu":"4713010500102030024","jibun":"203-24대","bonbun":"203","bubun":"24","addr":"경상북도 경주시 황오동 203-24","gosi_month":"01","jiga":"3917000","bldg_n":1,"bldg_totArea":403.6,"bldg_oldest":1974,"bldg_age":52,"bldg_purps":"제2종근린생활시설","bldg_strct":"철근콘크리트구조","bldg_flr":4,"bldg_name":"","elec_kwh":2239,"gas_m3":0,"use_ym":"202605","kwh_per_m2":5.55}},{"type":"Feature","geometry":{"type":"MultiPolygon","coordinates":[[[[129.21398166720192,35.84420720567131],[129.21400386706844,35.84420540897529],[129.21404415100423,35.84420253483856],[129.2140845345827,35.84419966952463],[129.21410180976739,35.844198278072994],[129.2140931461256,35.84407515559422],[129.21397466290065,35.84408362962455],[129.21398166720192,35.84420720567131]]]]},"properties":{"gosi_year":"2025","pnu":"4713010500102030037","jibun":"203-37대","bonbun":"203","bubun":"37","addr":"경상북도 경주시 황오동 203-37","gosi_month":"01","jiga":"746200","bldg_n":1,"bldg_totArea":395.2,"bldg_oldest":1993,"bldg_age":33,"bldg_purps":"제2종근린생활시설","bldg_strct":"철근콘크리트구조","bldg_flr":3,"bldg_name":"","elec_kwh":486,"gas_m3":1056,"use_ym":"202605","kwh_per_m2":1.23}},{"type":"Feature","geometry":{"type":"MultiPolygon","coordinates":[[[[129.21406948874375,35.843928960595605],[129.2141339871747,35.84392439430232],[129.2142300256431,35.843917266665464],[129.21422542339945,35.84380628585305],[129.2140620908681,35.843811414608396],[129.21406948874375,35.843928960595605]]]]},"properties":{"gosi_year":"2025","pnu":"4713010500102030073","jibun":"203-73대","bonbun":"203","bubun":"73","addr":"경상북도 경주시 황오동 203-73","gosi_month":"01","jiga":"763400","bldg_n":1,"bldg_totArea":426.5,"bldg_oldest":1983,"bldg_age":43,"bldg_purps":"제1종근린생활시설","bldg_strct":"철근콘크리트구조","bldg_flr":3,"bldg_name":"","elec_kwh":1093,"gas_m3":2513,"use_ym":"202605","kwh_per_m2":2.56}},{"type":"Feature","geometry":{"type":"MultiPolygon","coordinates":[[[[129.21444833005125,35.843900693534124],[129.21443717914747,35.84381211138986],[129.2142623023098,35.843817513224344],[129.214269589336,35.84391416841596],[129.21444833005125,35.843900693534124]]]]},"properties":{"gosi_year":"2025","pnu":"4713010500102030050","jibun":"203-50대","bonbun":"203","bubun":"50","addr":"경상북도 경주시 황오동 203-50","gosi_month":"01","jiga":"803600","bldg_n":1,"bldg_totArea":119.5,"bldg_oldest":2001,"bldg_age":25,"bldg_purps":"제2종근린생활시설","bldg_strct":"블록구조","bldg_flr":1,"bldg_name":"","elec_kwh":566,"gas_m3":798,"use_ym":"202605","kwh_per_m2":4.74}},{"type":"Feature","geometry":{"type":"MultiPolygon","coordinates":[[[[129.21433425397396,35.84434881696462],[129.21432319294408,35.84418198812109],[129.21424370930225,35.84418751834826],[129.21410180976739,35.844198278072994],[129.2140845345827,35.84419966952463],[129.21410529138868,35.844329061330996],[129.21410921314163,35.844355172620254],[129.21433425397396,35.84434881696462]]]]},"properties":{"gosi_year":"2025","pnu":"4713010500102030059","jibun":"203-59대","bonbun":"203","bubun":"59","addr":"경상북도 경주시 황오동 203-59","gosi_month":"01","jiga":"3231000","bldg_n":1,"bldg_totArea":1153.5,"bldg_oldest":1981,"bldg_age":45,"bldg_purps":"제1종근린생활시설","bldg_strct":"철근콘크리트구조","bldg_flr":3,"bldg_name":"","elec_kwh":5067,"gas_m3":787,"use_ym":"202605","kwh_per_m2":4.39}},{"type":"Feature","geometry":{"type":"MultiPolygon","coordinates":[[[[129.21501579834177,35.844330493108465],[129.21504754218682,35.844329580510504],[129.2150418350801,35.844277606547045],[129.21508070768235,35.844272661695896],[129.21508267826337,35.84422322462474],[129.21508565615702,35.844157283872946],[129.21508793964108,35.84410069933102],[129.2150880518809,35.84409302048035],[129.21522201740814,35.84408332816603],[129.21521260089412,35.84399378768799],[129.2149199399805,35.84401251309661],[129.21489685238828,35.84403412101663],[129.21492097725167,35.8443335635858],[129.21501579834177,35.844330493108465]]]]},"properties":{"gosi_year":"2025","pnu":"4713010500102030062","jibun":"203-62대","bonbun":"203","bubun":"62","addr":"경상북도 경주시 황오동 203-62","gosi_month":"01","jiga":"4171000","bldg_n":1,"bldg_totArea":4710.3,"bldg_oldest":1999,"bldg_age":27,"bldg_purps":"의료시설","bldg_strct":"철근콘크리트구조","bldg_flr":7,"bldg_name":"","elec_kwh":51430,"gas_m3":12020,"use_ym":"202605","kwh_per_m2":10.92}},{"type":"Feature","geometry":{"type":"MultiPolygon","coordinates":[[[[129.214668924719,35.84390444814709],[129.21466082656724,35.84381095780742],[129.21463799304738,35.84380755553513],[129.2144595203668,35.84380526735814],[129.2144363197375,35.843805317486364],[129.21443717914747,35.84381211138986],[129.21444833005125,35.843900693534124],[129.21446677850548,35.843899308963245],[129.21446829852403,35.84391305934686],[129.214668924719,35.84390444814709]]]]},"properties":{"gosi_year":"2025","pnu":"4713010500102030078","jibun":"203-78대","bonbun":"203","bubun":"78","addr":"경상북도 경주시 황오동 203-78","gosi_month":"01","jiga":"803600","bldg_n":1,"bldg_totArea":167.9,"bldg_oldest":1980,"bldg_age":46,"bldg_purps":"숙박시설","bldg_strct":"벽돌구조","bldg_flr":2,"bldg_name":"","elec_kwh":639,"gas_m3":481,"use_ym":"202605","kwh_per_m2":3.81}},{"type":"Feature","geometry":{"type":"MultiPolygon","coordinates":[[[[129.2143334212077,35.84402056511635],[129.21447532087535,35.84400998536818],[129.21446829852403,35.84391305934686],[129.21446677850548,35.843899308963245],[129.21444833005125,35.843900693534124],[129.214325045334,35.84390998754382],[129.2143334212077,35.84402056511635]]]]},"properties":{"gosi_year":"2025","pnu":"4713010500102030097","jibun":"203-97 대","bonbun":"203","bubun":"97","addr":"경상북도 경주시 황오동 203-97","gosi_month":"01","jiga":"650300","bldg_n":1,"bldg_totArea":315.3,"bldg_oldest":2014,"bldg_age":12,"bldg_purps":"숙박시설","bldg_strct":"철근콘크리트구조","bldg_flr":3,"bldg_name":"","elec_kwh":547,"gas_m3":375,"use_ym":"202605","kwh_per_m2":1.73}},{"type":"Feature","geometry":{"type":"MultiPolygon","coordinates":[[[[129.21414034896875,35.84377816421429],[129.21413941277763,35.8437674770436],[129.21413315599676,35.843695946874284],[129.21397401423346,35.84370349245682],[129.21398178005836,35.84378474445577],[129.21414034896875,35.84377816421429]]]]},"properties":{"gosi_year":"2025","pnu":"4713010500102070001","jibun":"207-1대","bonbun":"207","bubun":"1","addr":"경상북도 경주시 황오동 207-1","gosi_month":"01","jiga":"755300","bldg_n":1,"bldg_totArea":288.0,"bldg_oldest":1982,"bldg_age":44,"bldg_purps":"제2종근린생활시설","bldg_strct":"철근콘크리트구조","bldg_flr":3,"bldg_name":"","elec_kwh":227,"gas_m3":188,"use_ym":"202605","kwh_per_m2":0.79}},{"type":"Feature","geometry":{"type":"MultiPolygon","coordinates":[[[[129.21398178005836,35.84378474445577],[129.21397401423346,35.84370349245682],[129.21413315599676,35.843695946874284],[129.21412241613547,35.843574603524175],[129.2140227970021,35.84357541964359],[129.21399238341905,35.84358111525688],[129.21399595979872,35.84361471655341],[129.2139742576869,35.84362876937082],[129.21393008533803,35.84363034354537],[129.2139444176853,35.8437872889561],[129.21398178005836,35.84378474445577]]]]},"properties":{"gosi_year":"2025","pnu":"4713010500102070002","jibun":"207-2대","bonbun":"207","bubun":"2","addr":"경상북도 경주시 황오동 207-2","gosi_month":"01","jiga":"691000","bldg_n":1,"bldg_totArea":452.6,"bldg_oldest":1981,"bldg_age":45,"bldg_purps":"제1종근린생활시설","bldg_strct":"철근콘크리트구조","bldg_flr":3,"bldg_name":"","elec_kwh":1278,"gas_m3":2852,"use_ym":"202605","kwh_per_m2":2.82}},{"type":"Feature","geometry":{"type":"MultiPolygon","coordinates":[[[[129.21456476748713,35.842514977054705],[129.21455836883385,35.842378088465765],[129.2144775773941,35.84238231435212],[129.2144664639794,35.842386353625805],[129.21447228107485,35.84251692548522],[129.21456476748713,35.842514977054705]]]]},"properties":{"gosi_year":"2025","pnu":"4713010500102430004","jibun":"243-4대","bonbun":"243","bubun":"4","addr":"경상북도 경주시 황오동 243-4","gosi_month":"01","jiga":"2509000","bldg_n":1,"bldg_totArea":296.5,"bldg_oldest":2000,"bldg_age":26,"bldg_purps":"제1종근린생활시설","bldg_strct":"철근콘크리트구조","bldg_flr":3,"bldg_name":"","elec_kwh":2129,"gas_m3":0,"use_ym":"202605","kwh_per_m2":7.18}},{"type":"Feature","geometry":{"type":"MultiPolygon","coordinates":[[[[129.21495189229773,35.843263265072075],[129.21494551992097,35.843231471269796],[129.21494444560344,35.84321058219685],[129.21494343118604,35.84319552410679],[129.21497409509738,35.84319245044635],[129.21497358016194,35.84318616964674],[129.21488325707222,35.84319022347697],[129.21488432182562,35.843203415890166],[129.21488475533627,35.84321649226176],[129.21488397830163,35.84323633016003],[129.214887276024,35.84326907573844],[129.21495189229773,35.843263265072075]]]]},"properties":{"gosi_year":"2025","pnu":"4713010500102130003","jibun":"213-3대","bonbun":"213","bubun":"3","addr":"경상북도 경주시 황오동 213-3","gosi_month":"01","jiga":"3277000","bldg_n":1,"bldg_totArea":110.9,"bldg_oldest":1972,"bldg_age":54,"bldg_purps":"제1종근린생활시설","bldg_strct":"철근콘크리트구조","bldg_flr":2,"bldg_name":"","elec_kwh":614,"gas_m3":0,"use_ym":"202605","kwh_per_m2":5.54}},{"type":"Feature","geometry":{"type":"MultiPolygon","coordinates":[[[[129.214887276024,35.84326907573844],[129.21488397830163,35.84323633016003],[129.21480055476496,35.84324174157618],[129.21479892485192,35.84327791164249],[129.214887276024,35.84326907573844]]]]},"properties":{"gosi_year":"2025","pnu":"4713010500102130004","jibun":"213-4대","bonbun":"213","bubun":"4","addr":"경상북도 경주시 황오동 213-4","gosi_month":"01","jiga":"3277000","bldg_n":1,"bldg_totArea":54.3,"bldg_oldest":1982,"bldg_age":44,"bldg_purps":"제1종근린생활시설","bldg_strct":"블록구조","bldg_flr":1,"bldg_name":"","elec_kwh":35,"gas_m3":0,"use_ym":"202605","kwh_per_m2":0.64}},{"type":"Feature","geometry":{"type":"MultiPolygon","coordinates":[[[[129.21459789017294,35.843244949107195],[129.21471094001458,35.84324579401962],[129.21471038045314,35.843226967894346],[129.21468558258968,35.84321744962659],[129.21459574588513,35.84321300358787],[129.21459789017294,35.843244949107195]]]]},"properties":{"gosi_year":"2025","pnu":"4713010500102150001","jibun":"215-1대","bonbun":"215","bubun":"1","addr":"경상북도 경주시 황오동 215-1","gosi_month":"01","jiga":"3277000","bldg_n":1,"bldg_totArea":46.3,"bldg_oldest":1958,"bldg_age":68,"bldg_purps":"제1종근린생활시설","bldg_strct":"일반목구조","bldg_flr":1,"bldg_name":"","elec_kwh":4284,"gas_m3":0,"use_ym":"202605","kwh_per_m2":92.53}},{"type":"Feature","geometry":{"type":"MultiPolygon","coordinates":[[[[129.21459789017294,35.843244949107195],[129.21459574588513,35.84321300358787],[129.21452944361744,35.84320921873638],[129.2144627170403,35.84320819242615],[129.2144260418173,35.84320681541947],[129.21442429563763,35.84324510362531],[129.21459789017294,35.843244949107195]]]]},"properties":{"gosi_year":"2025","pnu":"4713010500102150007","jibun":"215-7대","bonbun":"215","bubun":"7","addr":"경상북도 경주시 황오동 215-7","gosi_month":"01","jiga":"3563000","bldg_n":1,"bldg_totArea":23.1,"bldg_oldest":1960,"bldg_age":66,"bldg_purps":"제1종근린생활시설","bldg_strct":"일반목구조","bldg_flr":1,"bldg_name":"","elec_kwh":6048,"gas_m3":0,"use_ym":"202605","kwh_per_m2":261.82}},{"type":"Feature","geometry":{"type":"MultiPolygon","coordinates":[[[[129.2140227970021,35.84357541964359],[129.21412241613547,35.843574603524175],[129.21421771200795,35.84356726992392],[129.2142150421522,35.8434420819797],[129.21415060766705,35.84344557571527],[129.214120689683,35.843437868892785],[129.21410756698492,35.84342321074552],[129.21410372783353,35.84340314669511],[129.21402057408204,35.84340604260443],[129.21401868114484,35.8435304635489],[129.214019330975,35.84353754622648],[129.21402196480201,35.84356636355061],[129.2140227970021,35.84357541964359]]]]},"properties":{"gosi_year":"2025","pnu":"4713010500102170001","jibun":"217-1대","bonbun":"217","bubun":"1","addr":"경상북도 경주시 황오동 217-1","gosi_month":"01","jiga":"834200","bldg_n":1,"bldg_totArea":623.3,"bldg_oldest":1979,"bldg_age":47,"bldg_purps":"제2종근린생활시설","bldg_strct":"철근콘크리트구조","bldg_flr":3,"bldg_name":"","elec_kwh":1028,"gas_m3":0,"use_ym":"202605","kwh_per_m2":1.65}},{"type":"Feature","geometry":{"type":"MultiPolygon","coordinates":[[[[129.2141430960672,35.843418145938216],[129.21421429301517,35.84341439689819],[129.21435923842535,35.84340487537136],[129.2143463969676,35.84325935521386],[129.21434255574204,35.84321367764139],[129.21423163842945,35.84321968712183],[129.21424423895286,35.843341387675004],[129.214228278851,35.84334191161864],[129.2141981093465,35.84335192384067],[129.2141799782591,35.84336019336048],[129.21417960869766,35.84338346429626],[129.21413617755584,35.84338482994693],[129.2141430960672,35.843418145938216]]]]},"properties":{"gosi_year":"2025","pnu":"4713010500102180002","jibun":"218-2 대","bonbun":"218","bubun":"2","addr":"경상북도 경주시 황오동 218-2","gosi_month":"01","jiga":"3014000","bldg_n":1,"bldg_totArea":1549.8,"bldg_oldest":1995,"bldg_age":31,"bldg_purps":"제1종근린생활시설","bldg_strct":"철근콘크리트구조","bldg_flr":5,"bldg_name":"","elec_kwh":1713,"gas_m3":223,"use_ym":"202605","kwh_per_m2":1.11}},{"type":"Feature","geometry":{"type":"MultiPolygon","coordinates":[[[[129.21437871593557,35.84313830511187],[129.2143651183381,35.843070194678226],[129.21434640044689,35.84307009264759],[129.21436314226852,35.84303488719191],[129.2142428594635,35.843036226771055],[129.21422923493816,35.84303673756713],[129.21423281273127,35.84314544905684],[129.21437871593557,35.84313830511187]]]]},"properties":{"gosi_year":"2025","pnu":"4713010500102260010","jibun":"226-10대","bonbun":"226","bubun":"10","addr":"경상북도 경주시 황오동 226-10","gosi_month":"01","jiga":"3277000","bldg_n":1,"bldg_totArea":300.2,"bldg_oldest":1981,"bldg_age":45,"bldg_purps":"제1종근린생활시설","bldg_strct":"철근콘크리트구조","bldg_flr":3,"bldg_name":"","elec_kwh":479,"gas_m3":70,"use_ym":"202605","kwh_per_m2":1.6}},{"type":"Feature","geometry":{"type":"MultiPolygon","coordinates":[[[[129.21423281273127,35.84314544905684],[129.21422010582117,35.84307093815255],[129.21417688414928,35.84307192492183],[129.21419042397963,35.84314747980661],[129.21423281273127,35.84314544905684]]]]},"properties":{"gosi_year":"2025","pnu":"4713010500102260018","jibun":"226-18대","bonbun":"226","bubun":"18","addr":"경상북도 경주시 황오동 226-18","gosi_month":"01","jiga":"3277000","bldg_n":1,"bldg_totArea":30.7,"bldg_oldest":1952,"bldg_age":74,"bldg_purps":"제1종근린생활시설","bldg_strct":"일반목구조","bldg_flr":1,"bldg_name":"","elec_kwh":586,"gas_m3":0,"use_ym":"202605","kwh_per_m2":19.09}},{"type":"Feature","geometry":{"type":"MultiPolygon","coordinates":[[[[129.21467754964556,35.84209354159526],[129.21470338946375,35.84207479480435],[129.2147045576403,35.84194467019111],[129.21467055722127,35.84194577596317],[129.21462666097884,35.841988140498714],[129.21463175184832,35.84209541632289],[129.21467754964556,35.84209354159526]]]]},"properties":{"gosi_year":"2025","pnu":"4713010500102330003","jibun":"233-3대","bonbun":"233","bubun":"3","addr":"경상북도 경주시 황오동 233-3","gosi_month":"01","jiga":"2786000","bldg_n":1,"bldg_totArea":196.9,"bldg_oldest":1999,"bldg_age":27,"bldg_purps":"제1종근린생활시설","bldg_strct":"일반철골구조","bldg_flr":2,"bldg_name":"","elec_kwh":1285,"gas_m3":0,"use_ym":"202605","kwh_per_m2":6.53}},{"type":"Feature","geometry":{"type":"MultiPolygon","coordinates":[[[[129.21464511323765,35.842373085903134],[129.2146967646915,35.842370488796774],[129.21471989093948,35.84236761783714],[129.214707353096,35.842112387940155],[129.21470338946375,35.84207479480435],[129.21467754964556,35.84209354159526],[129.21463381378902,35.842129687219895],[129.21464511323765,35.842373085903134]]]]},"properties":{"gosi_year":"2025","pnu":"4713010500102340001","jibun":"234-1대","bonbun":"234","bubun":"1","addr":"경상북도 경주시 황오동 234-1","gosi_month":"01","jiga":"2324000","bldg_n":1,"bldg_totArea":322.6,"bldg_oldest":2001,"bldg_age":25,"bldg_purps":"제2종근린생활시설","bldg_strct":"철근콘크리트구조","bldg_flr":2,"bldg_name":"","elec_kwh":844,"gas_m3":0,"use_ym":"202605","kwh_per_m2":2.62}},{"type":"Feature","geometry":{"type":"MultiPolygon","coordinates":[[[[129.215239065516,35.84266894781915],[129.2152367508026,35.84260657639968],[129.21505130365387,35.84260702327824],[129.21504654435725,35.84266495509649],[129.215239065516,35.84266894781915]]]]},"properties":{"gosi_year":"2025","pnu":"4713010500102430002","jibun":"243-2대","bonbun":"243","bubun":"2","addr":"경상북도 경주시 황오동 243-2","gosi_month":"01","jiga":"2540000","bldg_n":1,"bldg_totArea":205.4,"bldg_oldest":1994,"bldg_age":32,"bldg_purps":"제2종근린생활시설","bldg_strct":"철근콘크리트구조","bldg_flr":3,"bldg_name":"","elec_kwh":244,"gas_m3":0,"use_ym":"202605","kwh_per_m2":1.19}},{"type":"Feature","geometry":{"type":"MultiPolygon","coordinates":[[[[129.21508880880825,35.84203043575044],[129.2150759408277,35.84192497626938],[129.21505448745583,35.84192834902474],[129.2149141060492,35.84193406901786],[129.2149729732962,35.842129454688006],[129.21497818192796,35.842144189891634],[129.21503965655546,35.84213530248327],[129.21504495889667,35.84212718180666],[129.21511669510767,35.84211859156008],[129.2151177030681,35.8421105956769],[129.21511325293596,35.84211042333784],[129.21511334588922,35.84207904163249],[129.21511211261995,35.84204841933487],[129.21522102491062,35.842046585399174],[129.21522072843268,35.84203509498336],[129.2152017835137,35.84203692216525],[129.21511154159137,35.84202534833862],[129.21508880880825,35.84203043575044]]]]},"properties":{"gosi_year":"2025","pnu":"4713010500102380002","jibun":"238-2대","bonbun":"238","bubun":"2","addr":"경상북도 경주시 황오동 238-2","gosi_month":"01","jiga":"2535000","bldg_n":1,"bldg_totArea":469.5,"bldg_oldest":1965,"bldg_age":61,"bldg_purps":"판매시설","bldg_strct":"철근콘크리트구조","bldg_flr":2,"bldg_name":"","elec_kwh":4949,"gas_m3":141,"use_ym":"202605","kwh_per_m2":10.54}},{"type":"Feature","geometry":{"type":"MultiPolygon","coordinates":[[[[129.2151275985853,35.84223854663234],[129.21522548596215,35.8422364889542],[129.215224593082,35.84221311210665],[129.21522443503784,35.84220371234584],[129.2151218208198,35.842205589163804],[129.21512306062067,35.842238644824896],[129.2151275985853,35.84223854663234]]]]},"properties":{"gosi_year":"2025","pnu":"4713010500102380005","jibun":"238-5대","bonbun":"238","bubun":"5","addr":"경상북도 경주시 황오동 238-5","gosi_month":"01","jiga":"2590000","bldg_n":1,"bldg_totArea":23.0,"bldg_oldest":1965,"bldg_age":61,"bldg_purps":"제1종근린생활시설","bldg_strct":"벽돌구조","bldg_flr":1,"bldg_name":"","elec_kwh":228,"gas_m3":0,"use_ym":"202605","kwh_per_m2":9.91}},{"type":"Feature","geometry":{"type":"MultiPolygon","coordinates":[[[[129.2151218208198,35.842205589163804],[129.21522443503784,35.84220371234584],[129.21522369471745,35.84217118753502],[129.21512125764178,35.84217306403731],[129.2151218208198,35.842205589163804]]]]},"properties":{"gosi_year":"2025","pnu":"4713010500102380006","jibun":"238-6대","bonbun":"238","bubun":"6","addr":"경상북도 경주시 황오동 238-6","gosi_month":"01","jiga":"2590000","bldg_n":1,"bldg_totArea":23.1,"bldg_oldest":1965,"bldg_age":61,"bldg_purps":"제1종근린생활시설","bldg_strct":"벽돌구조","bldg_flr":1,"bldg_name":"","elec_kwh":36,"gas_m3":0,"use_ym":"202605","kwh_per_m2":1.56}},{"type":"Feature","geometry":{"type":"MultiPolygon","coordinates":[[[[129.21512125764178,35.84217306403731],[129.21522369471745,35.84217118753502],[129.2152229655632,35.842138698754184],[129.21512021128052,35.84214197275793],[129.21512125764178,35.84217306403731]]]]},"properties":{"gosi_year":"2025","pnu":"4713010500102380007","jibun":"238-7대","bonbun":"238","bubun":"7","addr":"경상북도 경주시 황오동 238-7","gosi_month":"01","jiga":"2590000","bldg_n":1,"bldg_totArea":23.1,"bldg_oldest":1965,"bldg_age":61,"bldg_purps":"제1종근린생활시설","bldg_strct":"벽돌구조","bldg_flr":1,"bldg_name":"","elec_kwh":531,"gas_m3":0,"use_ym":"202605","kwh_per_m2":22.99}},{"type":"Feature","geometry":{"type":"MultiPolygon","coordinates":[[[[129.2152229655632,35.842138698754184],[129.21522235352884,35.84210860709102],[129.2151177030681,35.8421105956769],[129.21511669510767,35.84211859156008],[129.21512021128052,35.84214197275793],[129.2152229655632,35.842138698754184]]]]},"properties":{"gosi_year":"2025","pnu":"4713010500102380008","jibun":"238-8대","bonbun":"238","bubun":"8","addr":"경상북도 경주시 황오동 238-8","gosi_month":"01","jiga":"2590000","bldg_n":1,"bldg_totArea":18.5,"bldg_oldest":1965,"bldg_age":61,"bldg_purps":"제1종근린생활시설","bldg_strct":"벽돌구조","bldg_flr":1,"bldg_name":"","elec_kwh":265,"gas_m3":0,"use_ym":"202605","kwh_per_m2":14.32}},{"type":"Feature","geometry":{"type":"MultiPolygon","coordinates":[[[[129.2151177030681,35.8421105956769],[129.21522235352884,35.84210860709102],[129.21522162575417,35.84207663202004],[129.21511334588922,35.84207904163249],[129.21511325293596,35.84211042333784],[129.2151177030681,35.8421105956769]]]]},"properties":{"gosi_year":"2025","pnu":"4713010500102380009","jibun":"238-9대","bonbun":"238","bubun":"9","addr":"경상북도 경주시 황오동 238-9","gosi_month":"01","jiga":"2590000","bldg_n":1,"bldg_totArea":18.5,"bldg_oldest":1965,"bldg_age":61,"bldg_purps":"제1종근린생활시설","bldg_strct":"벽돌구조","bldg_flr":1,"bldg_name":"","elec_kwh":284,"gas_m3":0,"use_ym":"202605","kwh_per_m2":15.35}},{"type":"Feature","geometry":{"type":"MultiPolygon","coordinates":[[[[129.21522162575417,35.84207663202004],[129.21522102491062,35.842046585399174],[129.21511211261995,35.84204841933487],[129.21511334588922,35.84207904163249],[129.21522162575417,35.84207663202004]]]]},"properties":{"gosi_year":"2025","pnu":"4713010500102380010","jibun":"238-10대","bonbun":"238","bubun":"10","addr":"경상북도 경주시 황오동 238-10","gosi_month":"01","jiga":"2590000","bldg_n":1,"bldg_totArea":18.5,"bldg_oldest":1965,"bldg_age":61,"bldg_purps":"제1종근린생활시설","bldg_strct":"벽돌구조","bldg_flr":1,"bldg_name":"","elec_kwh":544,"gas_m3":47,"use_ym":"202605","kwh_per_m2":29.41}},{"type":"Feature","geometry":{"type":"MultiPolygon","coordinates":[[[[129.21470864085262,35.84213861204295],[129.21471989093948,35.84236761783714],[129.2148696194891,35.84235934895944],[129.21487150077695,35.84235919240629],[129.214871608689,35.84235815577669],[129.21487244015535,35.84235037650935],[129.2149279329089,35.842343806981],[129.21492796962653,35.84234098600196],[129.21511629564378,35.84233700129541],[129.21512000118165,35.84233605740752],[129.21511978662102,35.84233034386146],[129.21511773893977,35.842330365526685],[129.21511652282481,35.842285503443684],[129.21511609305225,35.84226970528798],[129.21512369666556,35.84226944843319],[129.21512306062067,35.842238644824896],[129.2151218208198,35.842205589163804],[129.21512125764178,35.84217306403731],[129.21512021128052,35.84214197275793],[129.21511669510767,35.84211859156008],[129.21504495889667,35.84212718180666],[129.21503965655546,35.84213530248327],[129.21497818192796,35.842144189891634],[129.2149729732962,35.842129454688006],[129.2149141060492,35.84193406901786],[129.21486579593574,35.841936020396574],[129.2148572645313,35.84202379931418],[129.21485893620456,35.84202390449611],[129.2148733190701,35.84202557330837],[129.2148853935597,35.84204564073965],[129.21488948182056,35.84210493575876],[129.21488777744494,35.842129813297376],[129.2148859749235,35.84213044737361],[129.214755180836,35.842136943256364],[129.2147547696988,35.84213634916072],[129.21471045591593,35.842138527709864],[129.21470864085262,35.84213861204295]]]]},"properties":{"gosi_year":"2025","pnu":"4713010500102380011","jibun":"238-11대","bonbun":"238","bubun":"11","addr":"경상북도 경주시 황오동 238-11","gosi_month":"01","jiga":"2161000","bldg_n":1,"bldg_totArea":2544.5,"bldg_oldest":2015,"bldg_age":11,"bldg_purps":"업무시설","bldg_strct":"철근콘크리트구조","bldg_flr":7,"bldg_name":"W-PARK","elec_kwh":6375,"gas_m3":7465,"use_ym":"202605","kwh_per_m2":2.51}},{"type":"Feature","geometry":{"type":"MultiPolygon","coordinates":[[[[129.21508880880825,35.84203043575044],[129.21511154159137,35.84202534833862],[129.2152017835137,35.84203692216525],[129.21522072843268,35.84203509498336],[129.21521907014795,35.841973966115],[129.21521722307358,35.841916730983755],[129.21509069859346,35.841921984924454],[129.2150759408277,35.84192497626938],[129.21508880880825,35.84203043575044]]]]},"properties":{"gosi_year":"2025","pnu":"4713010500102390002","jibun":"239-2대","bonbun":"239","bubun":"2","addr":"경상북도 경주시 황오동 239-2","gosi_month":"01","jiga":"2786000","bldg_n":1,"bldg_totArea":488.0,"bldg_oldest":1988,"bldg_age":38,"bldg_purps":"제2종근린생활시설","bldg_strct":"철근콘크리트구조","bldg_flr":3,"bldg_name":"","elec_kwh":2681,"gas_m3":23,"use_ym":"202605","kwh_per_m2":5.49}},{"type":"Feature","geometry":{"type":"MultiPolygon","coordinates":[[[[129.2152294755158,35.84232903126212],[129.21522693185824,35.8422679580467],[129.21512369666556,35.84226944843319],[129.21512178577456,35.84228333108655],[129.21511652282481,35.842285503443684],[129.21511773893977,35.842330365526685],[129.2152294755158,35.84232903126212]]]]},"properties":{"gosi_year":"2025","pnu":"4713010500102420002","jibun":"242-2대","bonbun":"242","bubun":"2","addr":"경상북도 경주시 황오동 242-2","gosi_month":"01","jiga":"2540000","bldg_n":1,"bldg_totArea":43.0,"bldg_oldest":1965,"bldg_age":61,"bldg_purps":"제1종근린생활시설","bldg_strct":"벽돌구조","bldg_flr":1,"bldg_name":"","elec_kwh":1395,"gas_m3":1620,"use_ym":"202605","kwh_per_m2":32.44}},{"type":"Feature","geometry":{"type":"MultiPolygon","coordinates":[[[[129.21492330367482,35.842665156024445],[129.21504654435725,35.84266495509649],[129.21505130365387,35.84260702327824],[129.21505840472523,35.84252251843654],[129.2150703358251,35.84236519298996],[129.21523031766557,35.84236650375561],[129.21522989090005,35.84233945799039],[129.21510968418053,35.8423398790248],[129.2148696194891,35.84235934895944],[129.21486163661416,35.84243704190539],[129.21483841230295,35.84266369353319],[129.21492330367482,35.842665156024445]]]]},"properties":{"gosi_year":"2025","pnu":"4713010500102430005","jibun":"243-5대","bonbun":"243","bubun":"5","addr":"경상북도 경주시 황오동 243-5","gosi_month":"01","jiga":"1109000","bldg_n":1,"bldg_totArea":1290.8,"bldg_oldest":1980,"bldg_age":46,"bldg_purps":"숙박시설","bldg_strct":"철근콘크리트구조","bldg_flr":4,"bldg_name":"","elec_kwh":10288,"gas_m3":0,"use_ym":"202605","kwh_per_m2":7.97}},{"type":"Feature","geometry":{"type":"MultiPolygon","coordinates":[[[[129.21470887442737,35.842511251634015],[129.21470900122577,35.84251313502234],[129.21472642703037,35.84266327043798],[129.21483841230295,35.84266369353319],[129.21485470072918,35.84250477417418],[129.21471106581527,35.84251115762076],[129.21470887442737,35.842511251634015]]]]},"properties":{"gosi_year":"2025","pnu":"4713010500102430006","jibun":"243-6대","bonbun":"243","bubun":"6","addr":"경상북도 경주시 황오동 243-6","gosi_month":"01","jiga":"2324000","bldg_n":1,"bldg_totArea":845.7,"bldg_oldest":1983,"bldg_age":43,"bldg_purps":"제1종근린생활시설","bldg_strct":"철근콘크리트구조","bldg_flr":4,"bldg_name":"","elec_kwh":2809,"gas_m3":0,"use_ym":"202605","kwh_per_m2":3.32}},{"type":"Feature","geometry":{"type":"MultiPolygon","coordinates":[[[[129.21505130365387,35.84260702327824],[129.2152367508026,35.84260657639968],[129.2152339354703,35.84251851122217],[129.21505840472523,35.84252251843654],[129.21505130365387,35.84260702327824]]]]},"properties":{"gosi_year":"2025","pnu":"4713010500102430010","jibun":"243-10대","bonbun":"243","bubun":"10","addr":"경상북도 경주시 황오동 243-10","gosi_month":"01","jiga":"2540000","bldg_n":1,"bldg_totArea":241.8,"bldg_oldest":1997,"bldg_age":29,"bldg_purps":"제1종근린생활시설","bldg_strct":"철근콘크리트구조","bldg_flr":1,"bldg_name":"","elec_kwh":813,"gas_m3":12,"use_ym":"202605","kwh_per_m2":3.36}},{"type":"Feature","geometry":{"type":"MultiPolygon","coordinates":[[[[129.21465195226057,35.84251316413246],[129.21470900122577,35.84251313502234],[129.2147046821485,35.842450271459064],[129.21486163661416,35.84243704190539],[129.2148696194891,35.84235934895944],[129.21471989093948,35.84236761783714],[129.2146967646915,35.842370488796774],[129.21464511323765,35.842373085903134],[129.21465195226057,35.84251316413246]]]]},"properties":{"gosi_year":"2025","pnu":"4713010500102430013","jibun":"243-13대","bonbun":"243","bubun":"13","addr":"경상북도 경주시 황오동 243-13","gosi_month":"01","jiga":"2277000","bldg_n":1,"bldg_totArea":314.7,"bldg_oldest":2001,"bldg_age":25,"bldg_purps":"제2종근린생활시설","bldg_strct":"일반철골구조","bldg_flr":3,"bldg_name":"","elec_kwh":4778,"gas_m3":0,"use_ym":"202605","kwh_per_m2":15.18}},{"type":"Feature","geometry":{"type":"MultiPolygon","coordinates":[[[[129.21459072162412,35.843064432375655],[129.21458008919427,35.84283864296403],[129.21449947671255,35.84282717777988],[129.21448760774268,35.84282602719279],[129.21442912631392,35.8430604739442],[129.2144507570266,35.84306534742649],[129.21459072162412,35.843064432375655]]]]},"properties":{"gosi_year":"2025","pnu":"4713010500102460010","jibun":"246-10대","bonbun":"246","bubun":"10","addr":"경상북도 경주시 황오동 246-10","gosi_month":"01","jiga":"2075000","bldg_n":1,"bldg_totArea":449.7,"bldg_oldest":1973,"bldg_age":53,"bldg_purps":"제1종근린생활시설","bldg_strct":"철근콘크리트구조","bldg_flr":3,"bldg_name":"","elec_kwh":1168,"gas_m3":0,"use_ym":"202605","kwh_per_m2":2.6}},{"type":"Feature","geometry":{"type":"MultiPolygon","coordinates":[[[[129.2146668299252,35.842827944489734],[129.21467269758816,35.84282836668059],[129.2146718904723,35.84280802689242],[129.21467223917503,35.84279356120597],[129.2148487084306,35.842800845555026],[129.2148477266622,35.8426946439581],[129.21483837296918,35.84269447130251],[129.21483725248135,35.84267286130843],[129.2146599049475,35.842676447579166],[129.2146668299252,35.842827944489734]]]]},"properties":{"gosi_year":"2025","pnu":"4713010500102450004","jibun":"245-4대","bonbun":"245","bubun":"4","addr":"경상북도 경주시 황오동 245-4","gosi_month":"01","jiga":"2324000","bldg_n":1,"bldg_totArea":401.5,"bldg_oldest":1983,"bldg_age":43,"bldg_purps":"제2종근린생활시설","bldg_strct":"철근콘크리트구조","bldg_flr":2,"bldg_name":"","elec_kwh":1686,"gas_m3":0,"use_ym":"202605","kwh_per_m2":4.2}},{"type":"Feature","geometry":{"type":"MultiPolygon","coordinates":[[[[129.21524480042754,35.84280141240473],[129.2152434788281,35.84276677069308],[129.2151161537456,35.84277529762473],[129.21511782292,35.842815742772096],[129.21524480042754,35.84280141240473]]]]},"properties":{"gosi_year":"2025","pnu":"4713010500102450006","jibun":"245-6대","bonbun":"245","bubun":"6","addr":"경상북도 경주시 황오동 245-6","gosi_month":"01","jiga":"2870000","bldg_n":1,"bldg_totArea":142.6,"bldg_oldest":1974,"bldg_age":52,"bldg_purps":"제1종근린생활시설","bldg_strct":"철근콘크리트구조","bldg_flr":3,"bldg_name":"","elec_kwh":438,"gas_m3":0,"use_ym":"202605","kwh_per_m2":3.07}},{"type":"Feature","geometry":{"type":"MultiPolygon","coordinates":[[[[129.2152434788281,35.84276677069308],[129.21524192381028,35.8427276411696],[129.21511422943374,35.84273051791653],[129.2151161537456,35.84277529762473],[129.2152434788281,35.84276677069308]]]]},"properties":{"gosi_year":"2025","pnu":"4713010500102450007","jibun":"245-7대","bonbun":"245","bubun":"7","addr":"경상북도 경주시 황오동 245-7","gosi_month":"01","jiga":"2929000","bldg_n":1,"bldg_totArea":114.2,"bldg_oldest":1972,"bldg_age":54,"bldg_purps":"제2종근린생활시설","bldg_strct":"철근콘크리트구조","bldg_flr":3,"bldg_name":"","elec_kwh":742,"gas_m3":0,"use_ym":"202605","kwh_per_m2":6.5}},{"type":"Feature","geometry":{"type":"MultiPolygon","coordinates":[[[[129.21510670449354,35.84285094734977],[129.2150980842513,35.84268673683767],[129.21494166104506,35.84269185450355],[129.2149463208746,35.84285289966108],[129.21510670449354,35.84285094734977]]]]},"properties":{"gosi_year":"2025","pnu":"4713010500102450011","jibun":"245-11대","bonbun":"245","bubun":"11","addr":"경상북도 경주시 황오동 245-11","gosi_month":"01","jiga":"969100","bldg_n":1,"bldg_totArea":480.1,"bldg_oldest":1984,"bldg_age":42,"bldg_purps":"숙박시설","bldg_strct":"철근콘크리트구조","bldg_flr":4,"bldg_name":"","elec_kwh":1925,"gas_m3":3555,"use_ym":"202605","kwh_per_m2":4.01}},{"type":"Feature","geometry":{"type":"MultiPolygon","coordinates":[[[[129.21486535127224,35.84311312627385],[129.21485779797845,35.84293382692617],[129.21480314147547,35.84293455483573],[129.21481165243762,35.84311604252515],[129.21486535127224,35.84311312627385]]]]},"properties":{"gosi_year":"2025","pnu":"4713010500102450018","jibun":"245-18대","bonbun":"245","bubun":"18","addr":"경상북도 경주시 황오동 245-18","gosi_month":"01","jiga":"3349000","bldg_n":1,"bldg_totArea":143.1,"bldg_oldest":1978,"bldg_age":48,"bldg_purps":"제1종근린생활시설","bldg_strct":"철근콘크리트구조","bldg_flr":2,"bldg_name":"","elec_kwh":280,"gas_m3":0,"use_ym":"202605","kwh_per_m2":1.96}},{"type":"Feature","geometry":{"type":"MultiPolygon","coordinates":[[[[129.21478593290524,35.84311781858017],[129.21481165243762,35.84311604252515],[129.21480314147547,35.84293455483573],[129.2147804626171,35.842935081766555],[129.21477641662915,35.84297838501265],[129.21477673071735,35.84301714723075],[129.2148001634187,35.843017042550215],[129.21477572384674,35.84304210463864],[129.21475101050817,35.84305173780288],[129.21478030236463,35.84305300164079],[129.21478040941216,35.84306817850571],[129.21476558057526,35.84307364837679],[129.2147628791231,35.84311889593581],[129.21478593290524,35.84311781858017]]]]},"properties":{"gosi_year":"2025","pnu":"4713010500102450019","jibun":"245-19대","bonbun":"245","bubun":"19","addr":"경상북도 경주시 황오동 245-19","gosi_month":"01","jiga":"3206000","bldg_n":1,"bldg_totArea":92.8,"bldg_oldest":1978,"bldg_age":48,"bldg_purps":"제1종근린생활시설","bldg_strct":"철근콘크리트구조","bldg_flr":2,"bldg_name":"","elec_kwh":74,"gas_m3":0,"use_ym":"202605","kwh_per_m2":0.8}},{"type":"Feature","geometry":{"type":"MultiPolygon","coordinates":[[[[129.2147804626171,35.842935081766555],[129.21480314147547,35.84293455483573],[129.21485779797845,35.84293382692617],[129.21490920085344,35.842933339095374],[129.21490691371827,35.84287290531114],[129.21492437776146,35.842871882918715],[129.21492813549932,35.84285322937516],[129.21489671516989,35.84285486236665],[129.21489001363074,35.842807603688186],[129.2146718904723,35.84280802689242],[129.21467269758816,35.84282836668059],[129.2146888971937,35.842830518966636],[129.21468597436808,35.84285510124868],[129.21469780119213,35.84285704499131],[129.21470353709174,35.842936443979944],[129.2147804626171,35.842935081766555]]]]},"properties":{"gosi_year":"2025","pnu":"4713010500102450020","jibun":"245-20대","bonbun":"245","bubun":"20","addr":"경상북도 경주시 황오동 245-20","gosi_month":"01","jiga":"1524000","bldg_n":1,"bldg_totArea":583.9,"bldg_oldest":1985,"bldg_age":41,"bldg_purps":"제1종근린생활시설","bldg_strct":"철근콘크리트구조","bldg_flr":3,"bldg_name":"","elec_kwh":500,"gas_m3":0,"use_ym":"202605","kwh_per_m2":0.86}},{"type":"Feature","geometry":{"type":"MultiPolygon","coordinates":[[[[129.21483725248135,35.84267286130843],[129.21483837296918,35.84269447130251],[129.2148477266622,35.8426946439581],[129.2148487084306,35.842800845555026],[129.2148893819201,35.84280317967081],[129.21489001363074,35.842807603688186],[129.21489671516989,35.84285486236665],[129.21492813549932,35.84285322937516],[129.2149463208746,35.84285289966108],[129.21494166104506,35.84269185450355],[129.21492035428832,35.84269218976076],[129.21492298356466,35.84267788224786],[129.21492330367482,35.842665156024445],[129.21483841230295,35.84266369353319],[129.21483725248135,35.84267286130843]]]]},"properties":{"gosi_year":"2025","pnu":"4713010500102450021","jibun":"245-21대","bonbun":"245","bubun":"21","addr":"경상북도 경주시 황오동 245-21","gosi_month":"01","jiga":"877600","bldg_n":1,"bldg_totArea":192.1,"bldg_oldest":1983,"bldg_age":43,"bldg_purps":"제1종근린생활시설","bldg_strct":"철근콘크리트구조","bldg_flr":2,"bldg_name":"","elec_kwh":44,"gas_m3":0,"use_ym":"202605","kwh_per_m2":0.23}},{"type":"Feature","geometry":{"type":"MultiPolygon","coordinates":[[[[129.21453948467263,35.84313113463521],[129.21455510759182,35.84311629939367],[129.21455353146553,35.84307743126304],[129.21451710339122,35.84307325095733],[129.21452053704297,35.843132051451846],[129.21453948467263,35.84313113463521]]]]},"properties":{"gosi_year":"2025","pnu":"4713010500102460005","jibun":"246-5대","bonbun":"246","bubun":"5","addr":"경상북도 경주시 황오동 246-5","gosi_month":"01","jiga":"3277000","bldg_n":1,"bldg_totArea":11.0,"bldg_oldest":1952,"bldg_age":74,"bldg_purps":"제1종근린생활시설","bldg_strct":"일반목구조","bldg_flr":1,"bldg_name":"","elec_kwh":134,"gas_m3":0,"use_ym":"202605","kwh_per_m2":12.18}},{"type":"Feature","geometry":{"type":"MultiPolygon","coordinates":[[[[129.2144736764863,35.84313409924151],[129.2145009474876,35.843132996440914],[129.21450142482317,35.84307141316232],[129.2144758798315,35.84306808776485],[129.2144736764863,35.84313409924151]]]]},"properties":{"gosi_year":"2025","pnu":"4713010500102460006","jibun":"246-6대","bonbun":"246","bubun":"6","addr":"경상북도 경주시 황오동 246-6","gosi_month":"01","jiga":"3277000","bldg_n":1,"bldg_totArea":87.1,"bldg_oldest":1969,"bldg_age":57,"bldg_purps":"제1종근린생활시설","bldg_strct":"철근콘크리트구조","bldg_flr":2,"bldg_name":"","elec_kwh":247,"gas_m3":0,"use_ym":"202605","kwh_per_m2":2.84}},{"type":"Feature","geometry":{"type":"MultiPolygon","coordinates":[[[[129.214950182982,35.84310866763672],[129.21501341098357,35.843105301791574],[129.2150089286382,35.84299401435758],[129.21493113409855,35.84299742409903],[129.21492758478905,35.8430319032272],[129.21492881139045,35.84310963388597],[129.214950182982,35.84310866763672]]]]},"properties":{"gosi_year":"2025","pnu":"4713010500102500003","jibun":"250-3대","bonbun":"250","bubun":"3","addr":"경상북도 경주시 황오동 250-3","gosi_month":"01","jiga":"3349000","bldg_n":1,"bldg_totArea":197.4,"bldg_oldest":1975,"bldg_age":51,"bldg_purps":"제1종근린생활시설","bldg_strct":"철근콘크리트구조","bldg_flr":3,"bldg_name":"","elec_kwh":627,"gas_m3":0,"use_ym":"202605","kwh_per_m2":3.18}},{"type":"Feature","geometry":{"type":"MultiPolygon","coordinates":[[[[129.21505246867147,35.84310354704661],[129.21505060940777,35.84299218285242],[129.2150089286382,35.84299401435758],[129.21501341098357,35.843105301791574],[129.21505246867147,35.84310354704661]]]]},"properties":{"gosi_year":"2025","pnu":"4713010500102510005","jibun":"251-5대","bonbun":"251","bubun":"5","addr":"경상북도 경주시 황오동 251-5","gosi_month":"01","jiga":"3349000","bldg_n":1,"bldg_totArea":110.2,"bldg_oldest":1975,"bldg_age":51,"bldg_purps":"제1종근린생활시설","bldg_strct":"철근콘크리트구조","bldg_flr":3,"bldg_name":"","elec_kwh":273,"gas_m3":0,"use_ym":"202605","kwh_per_m2":2.48}},{"type":"Feature","geometry":{"type":"MultiPolygon","coordinates":[[[[129.21505246867147,35.84310354704661],[129.21509092781443,35.843101486927736],[129.21508781819463,35.842990305206776],[129.21505060940777,35.84299218285242],[129.21505246867147,35.84310354704661]]]]},"properties":{"gosi_year":"2025","pnu":"4713010500102510006","jibun":"251-6대","bonbun":"251","bubun":"6","addr":"경상북도 경주시 황오동 251-6","gosi_month":"01","jiga":"3349000","bldg_n":1,"bldg_totArea":79.1,"bldg_oldest":1973,"bldg_age":53,"bldg_purps":"제1종근린생활시설","bldg_strct":"철근콘크리트구조","bldg_flr":2,"bldg_name":"","elec_kwh":247,"gas_m3":0,"use_ym":"202605","kwh_per_m2":3.12}},{"type":"Feature","geometry":{"type":"MultiPolygon","coordinates":[[[[129.21517530550366,35.843096965851295],[129.21517343006678,35.84305391646016],[129.21517209921367,35.84301994169073],[129.21516981384715,35.842980876554215],[129.21512625741536,35.84298083683464],[129.2151262781037,35.8429885515005],[129.21513046630508,35.842990094205],[129.21513233174608,35.84309959279881],[129.21517530550366,35.843096965851295]]]]},"properties":{"gosi_year":"2025","pnu":"4713010500102510008","jibun":"251-8대","bonbun":"251","bubun":"8","addr":"경상북도 경주시 황오동 251-8","gosi_month":"01","jiga":"3666000","bldg_n":1,"bldg_totArea":560.5,"bldg_oldest":1973,"bldg_age":53,"bldg_purps":"제1종근린생활시설","bldg_strct":"철근콘크리트구조","bldg_flr":3,"bldg_name":"","elec_kwh":130,"gas_m3":0,"use_ym":"202605","kwh_per_m2":0.23}},{"type":"Feature","geometry":{"type":"MultiPolygon","coordinates":[[[[129.21524825965423,35.84289842584811],[129.2152475696066,35.84286401733868],[129.2151894572989,35.8428679960722],[129.21512325440457,35.842868149834864],[129.2151237114203,35.84290236048433],[129.21524825965423,35.84289842584811]]]]},"properties":{"gosi_year":"2025","pnu":"4713010500102510015","jibun":"251-15대","bonbun":"251","bubun":"15","addr":"경상북도 경주시 황오동 251-15","gosi_month":"01","jiga":"2929000","bldg_n":1,"bldg_totArea":86.9,"bldg_oldest":1981,"bldg_age":45,"bldg_purps":"제1종근린생활시설","bldg_strct":"철근콘크리트구조","bldg_flr":2,"bldg_name":"","elec_kwh":562,"gas_m3":0,"use_ym":"202605","kwh_per_m2":6.47}},{"type":"Feature","geometry":{"type":"MultiPolygon","coordinates":[[[[129.21492437776146,35.842871882918715],[129.21492225512284,35.842881115492],[129.21492749320842,35.84298532677434],[129.21511064775495,35.842975799557955],[129.21510621835392,35.84286779258239],[129.21498758967698,35.842866714615184],[129.21492437776146,35.842871882918715]]]]},"properties":{"gosi_year":"2025","pnu":"4713010500102510017","jibun":"251-17대","bonbun":"251","bubun":"17","addr":"경상북도 경주시 황오동 251-17","gosi_month":"01","jiga":"904000","bldg_n":1,"bldg_totArea":456.5,"bldg_oldest":1974,"bldg_age":52,"bldg_purps":"숙박시설","bldg_strct":"철근콘크리트구조","bldg_flr":3,"bldg_name":"","elec_kwh":3314,"gas_m3":35,"use_ym":"202605","kwh_per_m2":7.26}},{"type":"Feature","geometry":{"type":"MultiPolygon","coordinates":[[[[129.21511672007054,35.843630420895714],[129.21527477839956,35.84363171699226],[129.21527199584324,35.84356414620227],[129.21526787981023,35.843453389872984],[129.21517660740054,35.84345439938707],[129.215176591542,35.84344848721386],[129.2150628354096,35.84345267297163],[129.2149757701292,35.843449889604784],[129.21498885440113,35.84352036215161],[129.21505269876616,35.8435238266672],[129.21505612632123,35.84362974451292],[129.21511672007054,35.843630420895714]]]]},"properties":{"gosi_year":"2025","pnu":"4713010500102520015","jibun":"252-15대","bonbun":"252","bubun":"15","addr":"경상북도 경주시 황오동 252-15","gosi_month":"01","jiga":"2324000","bldg_n":1,"bldg_totArea":214.1,"bldg_oldest":1967,"bldg_age":59,"bldg_purps":"제1종근린생활시설","bldg_strct":"블록구조","bldg_flr":1,"bldg_name":"","elec_kwh":751,"gas_m3":0,"use_ym":"202605","kwh_per_m2":3.51}},{"type":"Feature","geometry":{"type":"MultiPolygon","coordinates":[[[[129.2149871949793,35.8432811552615],[129.214999178395,35.843341499712366],[129.21509168585882,35.843334666061274],[129.21508712882493,35.84317905527931],[129.2150554974327,35.8431804543625],[129.21502851046645,35.84318428757257],[129.21503136858553,35.84328013045919],[129.2149871949793,35.8432811552615]]]]},"properties":{"gosi_year":"2025","pnu":"4713010500102520019","jibun":"252-19대","bonbun":"252","bubun":"19","addr":"경상북도 경주시 황오동 252-19","gosi_month":"01","jiga":"3206000","bldg_n":1,"bldg_totArea":139.6,"bldg_oldest":1995,"bldg_age":31,"bldg_purps":"제1종근린생활시설","bldg_strct":"철근콘크리트구조","bldg_flr":2,"bldg_name":"","elec_kwh":2029,"gas_m3":470,"use_ym":"202605","kwh_per_m2":14.53}},{"type":"Feature","geometry":{"type":"MultiPolygon","coordinates":[[[[129.214896578775,35.84382455380265],[129.21505512203422,35.84385795185733],[129.21509954150665,35.84386181136843],[129.2151151899376,35.843786303848724],[129.21511938598618,35.84377011894851],[129.21511936135872,35.843765062978726],[129.21511672007054,35.843630420895714],[129.21505612632123,35.84362974451292],[129.21505645241368,35.84363990102319],[129.2149626385076,35.843642627267265],[129.2149619096128,35.8436721625312],[129.2149220786233,35.84374482898574],[129.2149056503743,35.843793750985775],[129.214896578775,35.84382455380265]]]]},"properties":{"gosi_year":"2025","pnu":"4713010500102520036","jibun":"252-36대","bonbun":"252","bubun":"36","addr":"경상북도 경주시 황오동 252-36","gosi_month":"01","jiga":"739300","bldg_n":1,"bldg_totArea":91.0,"bldg_oldest":1956,"bldg_age":70,"bldg_purps":"숙박시설","bldg_strct":"일반목구조","bldg_flr":1,"bldg_name":"","elec_kwh":303,"gas_m3":634,"use_ym":"202605","kwh_per_m2":3.33}},{"type":"Feature","geometry":{"type":"MultiPolygon","coordinates":[[[[129.2154519595039,35.84260923963662],[129.21545554638448,35.84258471924045],[129.2153320524712,35.84257300650853],[129.2153324106961,35.84259512255482],[129.2154519595039,35.84260923963662]]]]},"properties":{"gosi_year":"2025","pnu":"4713010500102750005","jibun":"275-5대","bonbun":"275","bubun":"5","addr":"경상북도 경주시 황오동 275-5","gosi_month":"01","jiga":"2590000","bldg_n":1,"bldg_totArea":109.1,"bldg_oldest":1987,"bldg_age":39,"bldg_purps":"제1종근린생활시설","bldg_strct":"철근콘크리트구조","bldg_flr":3,"bldg_name":"","elec_kwh":891,"gas_m3":0,"use_ym":"202605","kwh_per_m2":8.17}},{"type":"Feature","geometry":{"type":"MultiPolygon","coordinates":[[[[129.2153149329106,35.84219096989542],[129.21545292593058,35.84219013846348],[129.21549797081727,35.84218816562615],[129.21551231096785,35.84217391835562],[129.2155154512129,35.84209440445065],[129.21531315257974,35.84210089308352],[129.2153149329106,35.84219096989542]]]]},"properties":{"gosi_year":"2025","pnu":"4713010500102820001","jibun":"282-1대","bonbun":"282","bubun":"1","addr":"경상북도 경주시 황오동 282-1","gosi_month":"01","jiga":"2590000","bldg_n":1,"bldg_totArea":519.7,"bldg_oldest":1987,"bldg_age":39,"bldg_purps":"제2종근린생활시설","bldg_strct":"철근콘크리트구조","bldg_flr":4,"bldg_name":"","elec_kwh":1508,"gas_m3":1396,"use_ym":"202605","kwh_per_m2":2.9}},{"type":"Feature","geometry":{"type":"MultiPolygon","coordinates":[[[[129.21531091304007,35.84200880729887],[129.21551927557203,35.84200173106966],[129.21552094129314,35.84194193914845],[129.21552171296733,35.84190368870483],[129.21530775846685,35.84191396531448],[129.21530932346988,35.84194856153482],[129.21531091304007,35.84200880729887]]]]},"properties":{"gosi_year":"2025","pnu":"4713010500102820005","jibun":"282-5 대","bonbun":"282","bubun":"5","addr":"경상북도 경주시 황오동 282-5","gosi_month":"01","jiga":"3029000","bldg_n":1,"bldg_totArea":820.6,"bldg_oldest":1990,"bldg_age":36,"bldg_purps":"제2종근린생활시설","bldg_strct":"철근콘크리트구조","bldg_flr":4,"bldg_name":"","elec_kwh":2008,"gas_m3":0,"use_ym":"202605","kwh_per_m2":2.45}},{"type":"Feature","geometry":{"type":"MultiPolygon","coordinates":[[[[129.2155154512129,35.84209440445065],[129.21551927557203,35.84200173106966],[129.21531091304007,35.84200880729887],[129.21531259913093,35.842076145731475],[129.21531315257974,35.84210089308352],[129.2155154512129,35.84209440445065]]]]},"properties":{"gosi_year":"2025","pnu":"4713010500102820007","jibun":"282-7대","bonbun":"282","bubun":"7","addr":"경상북도 경주시 황오동 282-7","gosi_month":"01","jiga":"2590000","bldg_n":1,"bldg_totArea":447.5,"bldg_oldest":1987,"bldg_age":39,"bldg_purps":"제2종근린생활시설","bldg_strct":"철근콘크리트구조","bldg_flr":3,"bldg_name":"","elec_kwh":2676,"gas_m3":892,"use_ym":"202605","kwh_per_m2":5.98}},{"type":"Feature","geometry":{"type":"MultiPolygon","coordinates":[[[[129.21550559308128,35.84182401983625],[129.21548220832958,35.84173470249636],[129.21544895147292,35.84174061984195],[129.21538680855573,35.84173545815421],[129.21538629371352,35.84174983401585],[129.21542010491055,35.84174424916336],[129.21541989860415,35.84175398303583],[129.21540691880924,35.84175543011795],[129.21540554378933,35.841766869434174],[129.2153857171422,35.84177007712787],[129.2153882933355,35.841830861886784],[129.21550559308128,35.84182401983625]]]]},"properties":{"gosi_year":"2025","pnu":"4713010500103040001","jibun":"304-1대","bonbun":"304","bubun":"1","addr":"경상북도 경주시 황오동 304-1","gosi_month":"01","jiga":"1729000","bldg_n":1,"bldg_totArea":330.2,"bldg_oldest":1985,"bldg_age":41,"bldg_purps":"제2종근린생활시설","bldg_strct":"철근콘크리트구조","bldg_flr":3,"bldg_name":"","elec_kwh":1488,"gas_m3":0,"use_ym":"202605","kwh_per_m2":4.51}},{"type":"Feature","geometry":{"type":"MultiPolygon","coordinates":[[[[129.21530102961287,35.841761729045174],[129.2152957710118,35.841835622915376],[129.2153882933355,35.841830861886784],[129.2153857171422,35.84177007712787],[129.21540554378933,35.841766869434174],[129.21540691880924,35.84175543011795],[129.21541989860415,35.84175398303583],[129.21542010491055,35.84174424916336],[129.21538629371352,35.84174983401585],[129.21530102961287,35.841761729045174]]]]},"properties":{"gosi_year":"2025","pnu":"4713010500103040004","jibun":"304-4대","bonbun":"304","bubun":"4","addr":"경상북도 경주시 황오동 304-4","gosi_month":"01","jiga":"2786000","bldg_n":1,"bldg_totArea":247.2,"bldg_oldest":1985,"bldg_age":41,"bldg_purps":"제2종근린생활시설","bldg_strct":"철근콘크리트구조","bldg_flr":3,"bldg_name":"","elec_kwh":703,"gas_m3":235,"use_ym":"202605","kwh_per_m2":2.84}},{"type":"Feature","geometry":{"type":"MultiPolygon","coordinates":[[[[129.21530102961287,35.841761729045174],[129.21538629371352,35.84174983401585],[129.21538680855573,35.84173545815421],[129.21544895147292,35.84174061984195],[129.21548220832958,35.84173470249636],[129.21548393006248,35.84171635898304],[129.2154881491043,35.84163050736071],[129.21547337646578,35.84163205678012],[129.21530547884683,35.84165021841837],[129.21530102961287,35.841761729045174]]]]},"properties":{"gosi_year":"2025","pnu":"4713010500103050001","jibun":"305-1대","bonbun":"305","bubun":"1","addr":"경상북도 경주시 황오동 305-1","gosi_month":"01","jiga":"1194000","bldg_n":1,"bldg_totArea":81.0,"bldg_oldest":1969,"bldg_age":57,"bldg_purps":"제2종근린생활시설","bldg_strct":"철근콘크리트구조","bldg_flr":1,"bldg_name":"","elec_kwh":1326,"gas_m3":2641,"use_ym":"202605","kwh_per_m2":16.37}},{"type":"Feature","geometry":{"type":"MultiPolygon","coordinates":[[[[129.21550902566193,35.841428932542556],[129.21551682945238,35.84130132860556],[129.21557054845294,35.84128166676917],[129.21558929646955,35.841247827460485],[129.2155895287701,35.8412024671061],[129.2154175589038,35.8412041793207],[129.21541949289102,35.84130197958795],[129.21539442007858,35.8413052957599],[129.21528454401806,35.841306455628064],[129.21528583534632,35.84142468838916],[129.21528694269884,35.841437240838886],[129.21540628515712,35.84143699240544],[129.21550902566193,35.841428932542556]]]]},"properties":{"gosi_year":"2025","pnu":"4713010500103080001","jibun":"308-1대","bonbun":"308","bubun":"1","addr":"경상북도 경주시 황오동 308-1","gosi_month":"01","jiga":"1420000","bldg_n":1,"bldg_totArea":847.5,"bldg_oldest":1985,"bldg_age":41,"bldg_purps":"숙박시설","bldg_strct":"철근콘크리트구조","bldg_flr":3,"bldg_name":"","elec_kwh":5205,"gas_m3":0,"use_ym":"202605","kwh_per_m2":6.14}},{"type":"Feature","geometry":{"type":"MultiPolygon","coordinates":[[[[129.21539442007858,35.8413052957599],[129.21538796174792,35.84119202006073],[129.21528081232717,35.84119039020768],[129.21528190485813,35.84120154574596],[129.21528427404124,35.84124297201935],[129.21528454401806,35.841306455628064],[129.21539442007858,35.8413052957599]]]]},"properties":{"gosi_year":"2025","pnu":"4713010500103090003","jibun":"309-3대","bonbun":"309","bubun":"3","addr":"경상북도 경주시 황오동 309-3","gosi_month":"01","jiga":"1292000","bldg_n":1,"bldg_totArea":199.9,"bldg_oldest":1992,"bldg_age":34,"bldg_purps":"제2종근린생활시설","bldg_strct":"철근콘크리트구조","bldg_flr":2,"bldg_name":"","elec_kwh":2215,"gas_m3":200,"use_ym":"202605","kwh_per_m2":11.08}},{"type":"Feature","geometry":{"type":"MultiPolygon","coordinates":[[[[129.2152799432198,35.84113875009618],[129.2152795626035,35.841161903900506],[129.21539208501153,35.84116940935722],[129.21543067010467,35.8411775060002],[129.2155099546669,35.84117318302052],[129.2154259803356,35.84114578131685],[129.2152799432198,35.84113875009618]]]]},"properties":{"gosi_year":"2025","pnu":"4713010500103100001","jibun":"310-1 대","bonbun":"310","bubun":"1","addr":"경상북도 경주시 황오동 310-1","gosi_month":"01","jiga":"1690000","bldg_n":1,"bldg_totArea":38.1,"bldg_oldest":2004,"bldg_age":22,"bldg_purps":"제2종근린생활시설","bldg_strct":"철근콘크리트구조","bldg_flr":1,"bldg_name":"","elec_kwh":1589,"gas_m3":0,"use_ym":"202605","kwh_per_m2":41.71}},{"type":"Feature","geometry":{"type":"MultiPolygon","coordinates":[[[[129.2159669688594,35.841320687026624],[129.2158047563011,35.8412670275723],[129.21579096133314,35.841385115994065],[129.21596158641938,35.8413647858089],[129.2159669688594,35.841320687026624]]]]},"properties":{"gosi_year":"2025","pnu":"4713010500103130001","jibun":"313-1대","bonbun":"313","bubun":"1","addr":"경상북도 경주시 황오동 313-1","gosi_month":"01","jiga":"1343000","bldg_n":1,"bldg_totArea":81.5,"bldg_oldest":1970,"bldg_age":56,"bldg_purps":"제1종근린생활시설","bldg_strct":"블록구조","bldg_flr":1,"bldg_name":"","elec_kwh":2653,"gas_m3":0,"use_ym":"202605","kwh_per_m2":32.55}},{"type":"Feature","geometry":{"type":"MultiPolygon","coordinates":[[[[129.215926226221,35.84090171427234],[129.21596142071184,35.840900281564316],[129.21609104798114,35.84088053807084],[129.2160493706768,35.84075993503427],[129.2159898681094,35.8407731814922],[129.21589398376463,35.84079498261778],[129.21588611466242,35.84085282990895],[129.215926226221,35.84090171427234]]]]},"properties":{"gosi_year":"2025","pnu":"4713010500103170006","jibun":"317-6대","bonbun":"317","bubun":"6","addr":"경상북도 경주시 황오동 317-6","gosi_month":"01","jiga":"1365000","bldg_n":1,"bldg_totArea":220.3,"bldg_oldest":1975,"bldg_age":51,"bldg_purps":"제1종근린생활시설","bldg_strct":"철근콘크리트구조","bldg_flr":2,"bldg_name":"","elec_kwh":1313,"gas_m3":0,"use_ym":"202605","kwh_per_m2":5.96}},{"type":"Feature","geometry":{"type":"MultiPolygon","coordinates":[[[[129.21515499479324,35.84184264169276],[129.21521285598095,35.8418402315988],[129.21521060324,35.841739052214216],[129.21515075379145,35.84174297093039],[129.21515499479324,35.84184264169276]]]]},"properties":{"gosi_year":"2025","pnu":"4713010500103350002","jibun":"335-2대","bonbun":"335","bubun":"2","addr":"경상북도 경주시 황오동 335-2","gosi_month":"01","jiga":"2847000","bldg_n":1,"bldg_totArea":136.2,"bldg_oldest":1982,"bldg_age":44,"bldg_purps":"제2종근린생활시설","bldg_strct":"철근콘크리트구조","bldg_flr":3,"bldg_name":"","elec_kwh":1487,"gas_m3":82,"use_ym":"202605","kwh_per_m2":10.92}},{"type":"Feature","geometry":{"type":"MultiPolygon","coordinates":[[[[129.2150619302958,35.84125291162692],[129.21506233510777,35.84127179210663],[129.2151941335598,35.84128126426481],[129.21518716862786,35.84113169609408],[129.21508602691512,35.84111255309744],[129.2150619302958,35.84125291162692]]]]},"properties":{"gosi_year":"2025","pnu":"4713010500103280002","jibun":"328-2대","bonbun":"328","bubun":"2","addr":"경상북도 경주시 황오동 328-2","gosi_month":"01","jiga":"1723000","bldg_n":1,"bldg_totArea":335.6,"bldg_oldest":1985,"bldg_age":41,"bldg_purps":"제1종근린생활시설","bldg_strct":"철근콘크리트구조","bldg_flr":2,"bldg_name":"","elec_kwh":917,"gas_m3":2066,"use_ym":"202605","kwh_per_m2":2.73}},{"type":"Feature","geometry":{"type":"MultiPolygon","coordinates":[[[[129.21519787620787,35.84138082776952],[129.2150669819056,35.84137837475077],[129.21506386304748,35.841474282363315],[129.21520023714478,35.84148521541999],[129.21519787620787,35.84138082776952]]]]},"properties":{"gosi_year":"2025","pnu":"4713010500103290003","jibun":"329-3대","bonbun":"329","bubun":"3","addr":"경상북도 경주시 황오동 329-3","gosi_month":"01","jiga":"1194000","bldg_n":1,"bldg_totArea":74.1,"bldg_oldest":1976,"bldg_age":50,"bldg_purps":"제2종근린생활시설","bldg_strct":"철근콘크리트구조","bldg_flr":1,"bldg_name":"","elec_kwh":4067,"gas_m3":2394,"use_ym":"202605","kwh_per_m2":54.89}},{"type":"Feature","geometry":{"type":"MultiPolygon","coordinates":[[[[129.21519787620787,35.84138082776952],[129.2151941335598,35.84128126426481],[129.21506233510777,35.84127179210663],[129.2150619302958,35.84125291162692],[129.21489482889822,35.84124574613551],[129.2148686806001,35.84124425142963],[129.21487480584315,35.84137394853345],[129.2150669819056,35.84137837475077],[129.21519787620787,35.84138082776952]]]]},"properties":{"gosi_year":"2025","pnu":"4713010500103290004","jibun":"329-4대","bonbun":"329","bubun":"4","addr":"경상북도 경주시 황오동 329-4","gosi_month":"01","jiga":"1219000","bldg_n":1,"bldg_totArea":1151.9,"bldg_oldest":1973,"bldg_age":53,"bldg_purps":"제1종근린생활시설","bldg_strct":"철근콘크리트구조","bldg_flr":4,"bldg_name":"","elec_kwh":3425,"gas_m3":0,"use_ym":"202605","kwh_per_m2":2.97}},{"type":"Feature","geometry":{"type":"MultiPolygon","coordinates":[[[[129.21520023714478,35.84148521541999],[129.21506386304748,35.841474282363315],[129.2150669819056,35.84137837475077],[129.21487480584315,35.84137394853345],[129.2148757192026,35.84149593117191],[129.21487596162308,35.84172694828485],[129.21498454930935,35.84173218995684],[129.21506595710116,35.84173517263882],[129.21507120902604,35.841654582497796],[129.21506861285894,35.84152019263579],[129.21506807320802,35.84150881981333],[129.2150678618429,35.841504295911285],[129.21506803701214,35.841499446872206],[129.21517296288388,35.84150139630567],[129.2152004456277,35.84150104100839],[129.21520023714478,35.84148521541999]]]]},"properties":{"gosi_year":"2025","pnu":"4713010500103320001","jibun":"332-1 대","bonbun":"332","bubun":"1","addr":"경상북도 경주시 황오동 332-1","gosi_month":"01","jiga":"921700","bldg_n":2,"bldg_totArea":1583.5,"bldg_oldest":1974,"bldg_age":52,"bldg_purps":"숙박시설","bldg_strct":"철근콘크리트구조","bldg_flr":5,"bldg_name":"","elec_kwh":12556,"gas_m3":13322,"use_ym":"202605","kwh_per_m2":7.93}},{"type":"Feature","geometry":{"type":"MultiPolygon","coordinates":[[[[129.21521060324,35.841739052214216],[129.21520743315637,35.8416383791595],[129.21511953960265,35.841652072225045],[129.21507120902604,35.841654582497796],[129.21506595710116,35.84173517263882],[129.2151190271709,35.8417375387203],[129.21515075379145,35.84174297093039],[129.21521060324,35.841739052214216]]]]},"properties":{"gosi_year":"2025","pnu":"4713010500103320002","jibun":"332-2대","bonbun":"332","bubun":"2","addr":"경상북도 경주시 황오동 332-2","gosi_month":"01","jiga":"986000","bldg_n":1,"bldg_totArea":230.0,"bldg_oldest":1985,"bldg_age":41,"bldg_purps":"제2종근린생활시설","bldg_strct":"철근콘크리트구조","bldg_flr":3,"bldg_name":"","elec_kwh":1216,"gas_m3":751,"use_ym":"202605","kwh_per_m2":5.29}},{"type":"Feature","geometry":{"type":"MultiPolygon","coordinates":[[[[129.21520743315637,35.8416383791595],[129.21520265310787,35.84152758792288],[129.21506861285894,35.84152019263579],[129.21507120902604,35.841654582497796],[129.21511953960265,35.841652072225045],[129.21520743315637,35.8416383791595]]]]},"properties":{"gosi_year":"2025","pnu":"4713010500103330002","jibun":"333-2대","bonbun":"333","bubun":"2","addr":"경상북도 경주시 황오동 333-2","gosi_month":"01","jiga":"1194000","bldg_n":1,"bldg_totArea":487.6,"bldg_oldest":1988,"bldg_age":38,"bldg_purps":"제2종근린생활시설","bldg_strct":"철근콘크리트구조","bldg_flr":3,"bldg_name":"","elec_kwh":1319,"gas_m3":2042,"use_ym":"202605","kwh_per_m2":2.71}},{"type":"Feature","geometry":{"type":"MultiPolygon","coordinates":[[[[129.2150006489477,35.84184993676596],[129.21498454930935,35.84173218995684],[129.21487596162308,35.84172694828485],[129.2147766786942,35.84173671384617],[129.2147762308117,35.84175546966389],[129.21478429099395,35.841756257470735],[129.21478951779707,35.841860486824196],[129.2150006489477,35.84184993676596]]]]},"properties":{"gosi_year":"2025","pnu":"4713010500103370001","jibun":"337-1대","bonbun":"337","bubun":"1","addr":"경상북도 경주시 황오동 337-1","gosi_month":"01","jiga":"3029000","bldg_n":1,"bldg_totArea":935.4,"bldg_oldest":1972,"bldg_age":54,"bldg_purps":"제2종근린생활시설","bldg_strct":"철근콘크리트구조","bldg_flr":3,"bldg_name":"","elec_kwh":4876,"gas_m3":0,"use_ym":"202605","kwh_per_m2":5.21}},{"type":"Feature","geometry":{"type":"MultiPolygon","coordinates":[[[[129.2166908923258,35.840184078404754],[129.21667108527262,35.84017388467767],[129.21656764358877,35.84015526976714],[129.21657758796573,35.840140651707465],[129.21659123668337,35.840120592474655],[129.2166361268742,35.84001668803345],[129.21664517682984,35.839994672300755],[129.21667736299662,35.83991638610742],[129.216681818736,35.83989409019796],[129.2168337736816,35.83993326574195],[129.2168565176633,35.839838404393674],[129.21671102039744,35.83978862761623],[129.21663452268862,35.83977102797925],[129.2165568462348,35.839747283872846],[129.2165365847481,35.839728610166276],[129.21650863819377,35.8397127260593],[129.2164563959633,35.83969261347997],[129.2163252788283,35.839680392666615],[129.21632461502654,35.839684611707035],[129.2161409729208,35.83967874827373],[129.21613370792804,35.8397511947748],[129.21631237409983,35.83976291623148],[129.21630982801594,35.83977921539666],[129.21613480980196,35.83975756464966],[129.2161149126911,35.839956298940606],[129.21609618392665,35.83995188922207],[129.21612149054428,35.839669851676135],[129.21615362122517,35.83966942477279],[129.21624882057964,35.839673256234605],[129.21633019360272,35.83952864929777],[129.2163253200234,35.839527369221834],[129.2162451356525,35.839509325300945],[129.21616758763417,35.83952900297562],[129.21611214177514,35.83953167057641],[129.21608693276622,35.83950064046796],[129.21609316552858,35.83942301361767],[129.2160965327224,35.839407461027925],[129.21610439309507,35.839371135594824],[129.21620419793751,35.8393508323832],[129.216208600098,35.83934968894172],[129.2162197851092,35.83940936781097],[129.216232274137,35.839439528384254],[129.2163654209254,35.8394534310101],[129.2164206649071,35.83933081618227],[129.21643515900593,35.83925900562983],[129.21643954535563,35.83921507983067],[129.2164408293822,35.83919870180611],[129.21644210280184,35.83918249503813],[129.21641121379565,35.839101527832945],[129.21639904590626,35.839071429789755],[129.21657656327105,35.839068156097504],[129.21658362146786,35.839050478947634],[129.2166076765285,35.83899025035693],[129.2166307142924,35.838934502799034],[129.21661176134154,35.8389412690721],[129.2165441550668,35.83890826009183],[129.21664101237286,35.83889517179882],[129.21675190220049,35.83886489847588],[129.21689609472327,35.83886255821434],[129.21691356034626,35.83886245480668],[129.21698500188648,35.83909802184673],[129.21682487347178,35.83909329792738],[129.21658976516372,35.839063049413234],[129.21663542091557,35.83916089760288],[129.21664043281604,35.83920111145521],[129.21665201663345,35.839293595101466],[129.2166487673781,35.839319989543185],[129.21666936059566,35.83935496626568],[129.21682572572377,35.839355398168166],[129.21702407639216,35.83936509153079],[129.21709622422333,35.83932145873315],[129.21714796009118,35.839289470634775],[129.21724691907397,35.839234884494225],[129.2172489407003,35.83918848447191],[129.21725018376787,35.839144780587056],[129.21718812529326,35.839141485263056],[129.21700587497753,35.83911776687148],[129.21700894769418,35.839099808444],[129.21719533543643,35.83911047830493],[129.21719044898936,35.83905946726508],[129.21729161899532,35.839065314999914],[129.21729707402994,35.83905651800819],[129.21730140006363,35.838921034209825],[129.21728317032307,35.83892099484583],[129.21726752217583,35.83874210661788],[129.21721005074428,35.838744535023785],[129.21706526479343,35.838772913864744],[129.21706262088958,35.838740716912774],[129.21717620741916,35.83872137954663],[129.21728309893882,35.83871073314163],[129.2172445133448,35.83858762846001],[129.21722643036333,35.83850686377804],[129.21718438990368,35.838481244577245],[129.21714627049832,35.83846076446809],[129.217102987666,35.83846275278456],[129.21701534178473,35.83850521472333],[129.21698978137633,35.83851614767291],[129.21692794813407,35.838530471265386],[129.21690797594468,35.83854093454143],[129.2168008382327,35.83859967180373],[129.21674045988706,35.83864044440763],[129.21665595707054,35.83870751361655],[129.21650622525348,35.838777583494334],[129.21646110129433,35.838798753493315],[129.21642845684622,35.838793233141246],[129.21639021811419,35.838798258407415],[129.21624966307613,35.83884013845137],[129.21623809425785,35.83884336757832],[129.21622741247683,35.838830751128334],[129.21624717116256,35.838823145312446],[129.21624347775153,35.83881620326828],[129.21624161147147,35.83880136300084],[129.21620809357884,35.838820835837446],[129.21617449242646,35.83882995344059],[129.2161368355896,35.83882501876414],[129.21604932939047,35.8388374861177],[129.21605103095865,35.83888570901559],[129.21605135878002,35.83890057907012],[129.21613081048986,35.83889752614824],[129.2161887888606,35.83889833284334],[129.2161916334015,35.83893528806042],[129.21628756565187,35.838960856355456],[129.21628471713606,35.83897171250754],[129.2162588411182,35.83896830696383],[129.21614945643014,35.838953451511564],[129.215992173376,35.83892422540018],[129.21584345151751,35.838905167947594],[129.21577693766162,35.83892428493878],[129.21575139173487,35.83896952822057],[129.2157351953604,35.839030040043774],[129.21582129701807,35.83904670385249],[129.21581733805814,35.839064474568055],[129.21573118794046,35.83904626069146],[129.21572582567853,35.83906492614425],[129.21570459369718,35.8392079834935],[129.21569950262239,35.83924106847492],[129.21565107442393,35.83937965901841],[129.21561331411962,35.83947634039403],[129.21559406905115,35.83952276206275],[129.2155760274567,35.83958867563901],[129.2157376480269,35.839616975280975],[129.21597834380876,35.83965417314059],[129.21569144698313,35.839633000767364],[129.21567305151603,35.839777242692854],[129.21550832804428,35.83974354999907],[129.2154518082081,35.83984507740562],[129.21542151994953,35.839888634703115],[129.21538964357802,35.839926102364416],[129.21535726787397,35.83995899255187],[129.215300629818,35.839995972516334],[129.21529246326003,35.84000910024444],[129.21526051787347,35.84005801387803],[129.21524355574445,35.84010973979238],[129.21523389395563,35.840126637403884],[129.21521356326082,35.8401687349347],[129.21520302086904,35.84022459517825],[129.21519420890002,35.84031486209493],[129.21530281178514,35.840305854683],[129.21540354018038,35.840295094738984],[129.21537814211501,35.84023073657112],[129.21537843454905,35.84019536196012],[129.215401979389,35.84016312737585],[129.21543834511576,35.840156934132665],[129.21547909459437,35.84015096739766],[129.2154865766979,35.84012615165429],[129.21557969912695,35.840139504551054],[129.21558103116834,35.84016151973306],[129.21559959741407,35.84016722762222],[129.2156511523315,35.84018690919681],[129.21561006460306,35.84029765599956],[129.2156418901169,35.840373024959426],[129.21567078021752,35.8404393055223],[129.21565661622176,35.840457193554215],[129.2153635425491,35.840473965054485],[129.21536547710127,35.84052253001011],[129.2153053248221,35.840528747530776],[129.21531349316925,35.840557509930676],[129.21536751064383,35.84055436757689],[129.21537057891163,35.840588195065834],[129.2153648003699,35.840587925962545],[129.21520572381928,35.840580286980085],[129.21520596898583,35.84070056745608],[129.21520687477314,35.84080303804239],[129.2152066992751,35.84080776090774],[129.21522607576685,35.84086376621003],[129.21526663508365,35.84086929083067],[129.21526850577357,35.84091057379337],[129.21534253922343,35.84092113991331],[129.21546890566364,35.840927701386086],[129.21547354578806,35.84089560860218],[129.21534893490576,35.840879157290644],[129.2153607104674,35.84080850532313],[129.21550849485928,35.8408110541197],[129.21551128748354,35.840771087693426],[129.2155113198995,35.8407625527923],[129.21569989297424,35.84075716979778],[129.21570349122973,35.840716354755294],[129.21570410108146,35.840708521800195],[129.215889800309,35.840692337635645],[129.2158859464451,35.84062167744891],[129.21592696972886,35.84061866617579],[129.21595474759948,35.84058003406498],[129.21588340185156,35.840585100225034],[129.21587247103832,35.84044709318748],[129.21573289481384,35.84045488557414],[129.21576431537272,35.84043311842462],[129.2157876598401,35.84041695342295],[129.2158757164373,35.840373905842974],[129.21591556960342,35.84035977522797],[129.21600797783398,35.84032973384596],[129.21601639229783,35.84032649234762],[129.21602674233176,35.84026106109564],[129.21623820088766,35.84028737844879],[129.2162226790614,35.84039278942728],[129.21621212955174,35.84044575675422],[129.2162225316096,35.84049824503077],[129.21630383313357,35.8405443699353],[129.21633865858917,35.84060316835701],[129.21619698136604,35.8406241232984],[129.21621958617396,35.84071136001975],[129.21623897538302,35.84070612515633],[129.2163087156143,35.84068439753112],[129.21632224984685,35.84072444293919],[129.21641176773025,35.84074711155129],[129.21640875435426,35.840729695766186],[129.21653597893345,35.84077541392181],[129.21656568726584,35.84066474125471],[129.21658084977966,35.840664182378966],[129.21658798070922,35.84065289497004],[129.216767085768,35.84066241590843],[129.21675638049226,35.840719060661726],[129.21680276926446,35.84071091136222],[129.2168140041265,35.840620883332846],[129.2168270564334,35.840527580504535],[129.2166625912014,35.84049599786416],[129.21648464287404,35.840472000614184],[129.21648231234707,35.84047383432246],[129.2165038475219,35.840607577438576],[129.2164688415255,35.840588569603675],[129.2164356112646,35.84041951837393],[129.2163714312468,35.840413820085836],[129.21638262016555,35.84038456350665],[129.21639503738726,35.840383919438366],[129.21642856021222,35.84038656323634],[129.21642187043395,35.84035623009138],[129.21646696813895,35.84027987657912],[129.2164980665741,35.84024138260107],[129.21662984808157,35.840269743433375],[129.216630055563,35.84029329274224],[129.21653949756006,35.840442810092014],[129.21660293946056,35.84046208244642],[129.21669227799694,35.840451215635284],[129.21668484006042,35.84046766776667],[129.21666155678733,35.840477740378184],[129.21683032954888,35.84051001827682],[129.21697665188793,35.84051238763879],[129.21698403397193,35.8404712142846],[129.21698032698296,35.840471581432205],[129.21696082765587,35.84044424541436],[129.2169426071224,35.84041908812721],[129.21693137483632,35.84040357971599],[129.2168746918129,35.84032550684025],[129.21688521562976,35.840304146362044],[129.21689749934222,35.84027869105021],[129.21689415236318,35.84021160794891],[129.21690257877262,35.84020870884242],[129.21693429753142,35.84019913477396],[129.21705147340325,35.840208811364114],[129.2170733875002,35.84021228693078],[129.21706772645013,35.84022270653168],[129.21705617997577,35.84024243759685],[129.21722075242636,35.84023608586729],[129.21722090388894,35.840222530785184],[129.21722652797246,35.840059484438974],[129.21723031175776,35.8399934700444],[129.2171153574832,35.83998250986566],[129.21706561367853,35.839977750381806],[129.2170549578911,35.84006075666217],[129.21705289023254,35.84006973682816],[129.21697711525252,35.84007393736875],[129.21696042657172,35.84007493163129],[129.21695277561014,35.84007397199855],[129.2169961742537,35.84005309331281],[129.21702820500136,35.84003612840419],[129.21706388343762,35.83998052933791],[129.2169958502628,35.83998650949121],[129.21694817933204,35.839991065173905],[129.21685971622833,35.83997344207104],[129.21683412393898,35.83996866624273],[129.2168337736816,35.83993326574195],[129.2168039908261,35.84005298717838],[129.2168645606387,35.84006218855929],[129.21686724887817,35.84006985338491],[129.21689257454116,35.8400701594804],[129.21691716130073,35.84014514452815],[129.2168924824306,35.840134346720475],[129.21686724887817,35.84006985338491],[129.21679935220672,35.840069037752045],[129.21678281579258,35.84007313201945],[129.21678614099056,35.840050270344136],[129.21671782103795,35.84004026266624],[129.21671158124715,35.84008229916221],[129.2166908923258,35.840184078404754]],[[129.2164256143196,35.83996335018936],[129.216479599365,35.83980068601268],[129.216505232813,35.839804335279645],[129.2164525133055,35.839960156710845],[129.2164256143196,35.83996335018936]]]]},"properties":{"gosi_year":"","pnu":"4713010500103200000","jibun":"320 사","bonbun":"320사","bubun":"","addr":"경상북도 경주시 황오동 320","gosi_month":"","jiga":"","bldg_n":1,"bldg_totArea":389.9,"bldg_oldest":1975,"bldg_age":51,"bldg_purps":"제1종근린생활시설","bldg_strct":"벽돌구조","bldg_flr":1,"bldg_name":"","elec_kwh":4032,"gas_m3":0,"use_ym":"202605","kwh_per_m2":10.34}}]}