{"type":"FeatureCollection","features":[{"type":"Feature","properties":{"godo_no":"?","godo_nm":"고도지구(높이 미확인)","h_max":null,"kind":"최고","conf":"none","area_m2":70557,"gosi_last":"미기재","src":"V-World LT_C_UQ123 + 경북고시 2020-479 조서·도면","h_cls":"미확인","lbl":"고도지구(높이 미확인)"},"geometry":{"type":"MultiPolygon","coordinates":[[[[129.22712785015207,35.859869683106666],[129.2270689978933,35.859886286449374],[129.2266783030506,35.859733717138255],[129.22587067658714,35.85974198750099],[129.22564471929655,35.85974466239664],[129.22550555606267,35.85974564294827],[129.22536550712667,35.859746624989015],[129.225203205535,35.8597478285528],[129.22506437442414,35.85974880797504],[129.224919896985,35.859749797737194],[129.22475637804772,35.85975118321082],[129.22460535677283,35.85975192339308],[129.2244321046779,35.85975277673866],[129.22437595636634,35.859707187656674],[129.22436676949548,35.859474664768726],[129.22435272014056,35.859118715997816],[129.22434616786148,35.85895325905935],[129.2243397293493,35.85878888340212],[129.22433448222233,35.858654607208166],[129.22433265624042,35.85846896255009],[129.22432641245618,35.857670008832066],[129.22473480307718,35.85766743920175],[129.2248924512033,35.857666443204685],[129.22517082635923,35.85766469056837],[129.22532913872755,35.85766369276171],[129.22558310275684,35.857662092795906],[129.22584152613075,35.85768719695598],[129.22803641709032,35.85767163259682],[129.22806408296032,35.85770645872271],[129.22802437988628,35.85791571322305],[129.22799251107196,35.858076916424245],[129.22798003909406,35.85812930243557],[129.22796601869766,35.85818223211275],[129.22792764362822,35.85831361625098],[129.2278879050564,35.85843274597351],[129.2278593407182,35.85851030710498],[129.22779910992708,35.85866471418989],[129.22777018844286,35.85873353386689],[129.22772408461418,35.85883356906328],[129.22763745197474,35.859008664343385],[129.22759647754248,35.85908273389791],[129.2275542834178,35.85915617485918],[129.22735054524,35.85949750002837],[129.22712785015207,35.859869683106666]]]]}},{"type":"Feature","properties":{"godo_no":"6","godo_nm":"도심20m지구","h_max":20,"kind":"최고","conf":"label","area_m2":598599,"gosi_last":"경북고시 2020-479 (고도지구 정비)","src":"V-World LT_C_UQ123 + 경북고시 2020-479 조서·도면","h_cls":"20m","lbl":"도심20m지구\n20m 이하"},"geometry":{"type":"MultiPolygon","coordinates":[[[[129.21138000664425,35.84442287844232],[129.2113458153248,35.84442337075825],[129.2112027245416,35.844427640139656],[129.21105643548222,35.844432185303454],[129.21091253072163,35.84443421164572],[129.21081595393238,35.84443903036948],[129.2106359114121,35.84444643670248],[129.21056591657822,35.84444891978174],[129.21057430684036,35.84444042441851],[129.21061415533018,35.84440229527963],[129.21065527911787,35.844365074170234],[129.21069766722854,35.844328797158205],[129.2107412754806,35.844293500369105],[129.21078607069018,35.84425919287204],[129.2108320197687,35.84422591978581],[129.21087907848747,35.84419369921112],[129.2109272247566,35.844162549210324],[129.21097641439496,35.84413250590901],[129.21102660315105,35.84410357839566],[129.21107776898234,35.84407580275745],[129.21112985659255,35.84404919711473],[129.21118283279932,35.84402377053661],[129.2112366644922,35.84399955912978],[129.2112912852822,35.84397657202144],[129.21134668417326,35.843954836267294],[129.21140279475335,35.84393435198232],[129.21145958388846,35.843915146260876],[129.21151700735248,35.84389723720446],[129.21157502087146,35.843880624889266],[129.21163356917415,35.84386533644892],[129.21169263014892,35.843851380933756],[129.21175213738425,35.843838758459086],[129.21181204667835,35.84382749613926],[129.21187232480293,35.8438175850193],[129.21193291646392,35.843809043220475],[129.2119937774116,35.84380187983239],[129.21205486334952,35.84379608591969],[129.21211610791423,35.84379167962343],[129.21217748897087,35.84378866098211],[129.21223895117754,35.84378703009258],[129.21226867078863,35.843786716604214],[129.21231366477298,35.843752588437745],[129.21235979045287,35.84371947668123],[129.21240703687917,35.843687426415144],[129.21245534877895,35.84365646477279],[129.21247928598436,35.8436419847162],[129.2124376386482,35.843656595000816],[129.2123805160759,35.84367512583201],[129.21232278124694,35.84369235990974],[129.21226447839248,35.84370827913056],[129.21220566283586,35.84372287438423],[129.21214636776315,35.8437361365993],[129.21208663740546,35.84374804767232],[129.21202652711065,35.84375860750602],[129.21196608113382,35.84376780700951],[129.2119053437063,35.84377562808007],[129.21184435913125,35.84378207965203],[129.21178318270898,35.84378714360331],[129.21172185874266,35.843790828868585],[129.2116911234176,35.84379214438645],[129.21164944152483,35.843793740403825],[129.21160208246133,35.843795814983544],[129.21155631664436,35.843797625396874],[129.21151473503232,35.84379947354226],[129.21149161430435,35.84380044223753],[129.21143139294006,35.84380250317723],[129.21141222406294,35.84380354606562],[129.2113508082136,35.84380597856419],[129.2112996304658,35.843808113768745],[129.21123860138425,35.843810302197014],[129.21122139131543,35.84381118842333],[129.21115996395787,35.84381345861937],[129.21110848769192,35.84381572945094],[129.21105698807582,35.84381754066343],[129.2110524061184,35.843817782979166],[129.21099099041197,35.843820278381244],[129.21095032719458,35.84382200756772],[129.21093283100768,35.843823534139204],[129.21092382307626,35.84382440602684],[129.2108626578192,35.84382954159022],[129.2108013339411,35.84383328947323],[129.21073990681384,35.843835658591786],[129.21068925965605,35.84383753124993],[129.21068786510122,35.8438375877527],[129.2106264261646,35.843839677446255],[129.21057061038266,35.84384179337463],[129.21052324142107,35.84384433619673],[129.21048125318413,35.84384732026745],[129.21041988350814,35.843850500247825],[129.21037357742267,35.84385314030041],[129.2103369322771,35.84385488031985],[129.21032039763486,35.84385585536828],[129.21025899355746,35.84385858470112],[129.21019751940182,35.84385991718632],[129.21015382767044,35.843863345713956],[129.21009249228467,35.84386694905525],[129.21003105363846,35.84386916461905],[129.20996957814938,35.84386999228976],[129.20992922290523,35.84387099058379],[129.209867735142,35.84387135858607],[129.20980786859397,35.84387368847209],[129.2097463825244,35.84387470530958],[129.20971410987957,35.84387653669879],[129.2096526939178,35.843878968329896],[129.20959120788862,35.84388000311296],[129.20956860782732,35.843881150786764],[129.2095336673985,35.84388293267197],[129.20950455987574,35.84388452420005],[129.20948369746128,35.8438855967499],[129.2094222698747,35.84388782099582],[129.2093607833179,35.84388865738688],[129.20932570612555,35.84388893436009],[129.2093047994077,35.84388999794308],[129.20924652608664,35.84389206343159],[129.20917927831573,35.84389511775351],[129.20911781536807,35.84389652176714],[129.20818614837714,35.843928896603664],[129.20812517408083,35.84393093915686],[129.2081093247159,35.843931543210225],[129.2080425711861,35.84393313602069],[129.20798101783507,35.843933845645694],[129.20792277062176,35.84393319768395],[129.20785381103252,35.84393351440396],[129.207792330471,35.843932412293995],[129.2077309127319,35.84392992211913],[129.2076696020714,35.84392603479126],[129.2076084538845,35.84392076824021],[129.20754750138136,35.84391412240937],[129.2074868109794,35.84390609718536],[129.20742640484292,35.84389670154285],[129.207396382672,35.843891327462444],[129.2073663494127,35.84388594438104],[129.2073066779218,35.84387383465595],[129.20724744574153,35.84386038128593],[129.20718869717425,35.84384559320829],[129.2071605173295,35.84383780056411],[129.20716127964943,35.843807228846195],[129.20716268567637,35.84375159225259],[129.2071640091761,35.8436982900383],[129.20716664894113,35.843593172683825],[129.20716928828114,35.84348789310313],[129.20716951931934,35.84347877205318],[129.20716984925215,35.84345222065029],[129.2071702708637,35.84341830587427],[129.20717031571434,35.843414241157916],[129.207184939252,35.84220155648202],[129.20735140975344,35.84219535921292],[129.207837401559,35.842179456768605],[129.2088987799849,35.84214473389837],[129.20896847282083,35.84214180168843],[129.21093802072298,35.84205884064777],[129.21159229475379,35.8420320489164],[129.21166101349894,35.84202917993592],[129.21172998679677,35.84202630145824],[129.2135603209155,35.8419574922867],[129.21665267125013,35.841810462881156],[129.21682591980937,35.84180222155321],[129.216838309109,35.84186078063552],[129.2168717136267,35.841987292389696],[129.21668812670714,35.84197925768926],[129.21668334013086,35.841936483899644],[129.2165155347572,35.84193974939249],[129.21653067937757,35.84227693417268],[129.21662319695898,35.84227025253821],[129.21680575604876,35.84225814623035],[129.21693860579887,35.84224638112803],[129.21695783463954,35.84232497174067],[129.21698333402205,35.84242606434028],[129.21699803750715,35.84248483554984],[129.21703679946398,35.84263982616103],[129.2170677227609,35.842761349366576],[129.21707557297964,35.842790851232984],[129.2170775737299,35.84291255249213],[129.2170780132441,35.84293998576418],[129.2170781883092,35.8429515034295],[129.21707886635545,35.84299345541636],[129.21707939086016,35.84304411375672],[129.216919864881,35.843052258752635],[129.21355956040463,35.84322278619153],[129.2131867465629,35.84323971111463],[129.21314971406915,35.843270508985704],[129.2131054751517,35.84330529405008],[129.21306008232006,35.84333906271661],[129.21301354657157,35.84337178792738],[129.21296591213465,35.84340345157806],[129.212911211145,35.843437597068714],[129.2129321889738,35.843430025705956],[129.21298908864168,35.843411035366906],[129.21304661156643,35.84339333269162],[129.21310471354653,35.84337694479469],[129.2131633503087,35.843361871753125],[129.2132224886965,35.84334813164962],[129.21328206232278,35.84333573361301],[129.21334203800762,35.843324686713544],[129.21340237150216,35.84331500004119],[129.21346300748843,35.843306682705524],[129.21352390171768,35.84329974379668],[129.2135850209862,35.843294183372855],[129.2136462988835,35.8432900015509],[129.21367444346333,35.84328854590786],[129.21369113374988,35.84328788556095],[129.21370781248714,35.84328704498195],[129.2137218358542,35.843286650703064],[129.21373585878885,35.843286094198234],[129.21375257219688,35.84328580331459],[129.2137692630106,35.84328534123093],[129.21378330937944,35.843285271354404],[129.21379734419887,35.84328502124659],[129.21381404757042,35.843285117909716],[129.21383076150642,35.8432850252893],[129.21384479764694,35.84328527086132],[129.21385883333113,35.84328534519491],[129.2138755266188,35.84328581137991],[129.21389223051924,35.843286106306316],[129.2139062564323,35.84328666732682],[129.2139202929819,35.84328706610184],[129.2139369651178,35.843287901828454],[129.21395365895935,35.84328857528918],[129.2139676525318,35.84328946080986],[129.2139816677616,35.84329016604053],[129.21399830772577,35.84329138935309],[129.21401495827845,35.843292432394584],[129.21402893055586,35.84329363338338],[129.21404291342176,35.84329465410174],[129.21405949902893,35.8432962470146],[129.21407611741077,35.843297677642184],[129.21409003516305,35.84329918514547],[129.21410397462074,35.84330053038359],[129.214120505896,35.84330250190937],[129.2141370698977,35.84330429312485],[129.2141509331736,35.843306125167594],[129.21416481810678,35.84330777692035],[129.21418127288888,35.843310118085704],[129.21419777151456,35.84331229694623],[129.21421155812885,35.843314435542766],[129.21422538856228,35.84331640282257],[129.21424176687628,35.843319122640175],[129.21425817791663,35.84332166214754],[129.21427188789394,35.8433241163105],[129.2142856527355,35.84332639012461],[129.214301921351,35.8433294796409],[129.21431824485504,35.843332397820234],[129.21433186707907,35.84333514954432],[129.21434554423948,35.84333774795705],[129.2143617031334,35.8433411981597],[129.21437791691585,35.84334447702547],[129.21439144036646,35.84334754435538],[129.21440501870515,35.84335044034893],[129.21442105683332,35.84335426027028],[129.21443716091906,35.84335790883501],[129.21445057450381,35.84336128277807],[129.2144640429766,35.84336448538473],[129.21447994922278,35.843368657019596],[129.21449591040565,35.84337267534236],[129.21450920303207,35.843376346905885],[129.21452257270852,35.84337985610625],[129.21453832495948,35.84338438850641],[129.21455414319206,35.8433887585625],[129.21456731486072,35.84339272774667],[129.21458054146575,35.84339654361939],[129.21459613969807,35.84340142777263],[129.21461180393618,35.84340615859437],[129.21462483250977,35.843410425438556],[129.2146379270645,35.84341452993927],[129.21465334914097,35.843419765885244],[129.2146688482922,35.84342484847988],[129.2146817227023,35.84342941300396],[129.21469465202458,35.84343381520422],[129.21470992008375,35.84343940290379],[129.2147252319867,35.843444828298566],[129.21473795220984,35.84344968149027],[129.21475074948287,35.8434543723189],[129.21476578601843,35.84346030289736],[129.21478092174263,35.84346607107271],[129.21479346561708,35.843471203959176],[129.2148060976587,35.84347619248781],[129.21482092478502,35.843482456893625],[129.21483585112412,35.843488567908935],[129.21484821867435,35.843493989502775],[129.21486064113677,35.8434992487728],[129.21487529206127,35.84350584694738],[129.21488999794676,35.843512300822454],[129.2149021780562,35.843517993118745],[129.21491442419494,35.843523541096395],[129.21492883248007,35.84353046414537],[129.2149433178643,35.84353724285574],[129.21495528839526,35.84354320589385],[129.21496738032442,35.8435490335276],[129.2149815127638,35.84355628151044],[129.21499576657814,35.8435633850759],[129.21500752753087,35.84356961885626],[129.21501940985783,35.84357570821978],[129.21503329963448,35.84358327206525],[129.21504729974137,35.84359070052548],[129.2150588510921,35.84359719603589],[129.2150705127722,35.843603556161575],[129.21508413774873,35.843611435909324],[129.2150978841002,35.84361917123981],[129.2151092037113,35.843625928519806],[129.21512064472066,35.84363255039535],[129.2151339937799,35.84364072804054],[129.21514747530705,35.843648770261204],[129.2151585631788,35.843655789311114],[129.2151697724245,35.84366266394415],[129.21518284556674,35.8436711394871],[129.21519604013216,35.84367948863767],[129.2152068740782,35.84368675147225],[129.21521785156045,35.843693878863],[129.21523062664778,35.843702652343374],[129.21524353420335,35.84371129039919],[129.2152541252687,35.843718787986525],[129.2152648488256,35.84372615916229],[129.21527731476516,35.843735221587615],[129.2152899242418,35.84374414856876],[129.21530026138183,35.8437518899414],[129.2153107310134,35.843759504902295],[129.21532288775688,35.843768838248174],[129.2153351770168,35.8437780541944],[129.2153452380452,35.84378602136701],[129.21535545370318,35.84379386208851],[129.21536727913676,35.843803475407064],[129.21537925920072,35.84381296227409],[129.2153890441176,35.84382115524698],[129.21539898368803,35.84382923078119],[129.2154104777392,35.843839097035385],[129.21542213753816,35.84384885484322],[129.2154316352501,35.84385726462402],[129.21544129868482,35.843865556946334],[129.21545245030865,35.84387568516865],[129.21546376765613,35.8438856959322],[129.21547297816323,35.84389432252106],[129.21548235439295,35.843902831651555],[129.21549315249624,35.84391321284964],[129.21550412739214,35.84392347656922],[129.21551303957673,35.84393230196127],[129.21552211753252,35.84394102791987],[129.21553256206676,35.843951644069136],[129.2155431723486,35.843962151772146],[129.2155517862108,35.843971175967724],[129.2155605658439,35.84398010072978],[129.21557575188498,35.84399629617969],[129.21558654199606,35.84400781295871],[129.2156172511915,35.844042068837],[129.21565221851642,35.84408325674496],[129.21568577109804,35.84412521322688],[129.21571787567913,35.84416792031818],[129.21574850999914,35.84421133299704],[129.2157776407764,35.84425542428666],[129.21580526788804,35.844300149125765],[129.21581009444407,35.84430853115659],[129.21574744740428,35.84431012092299],[129.21548503942103,35.84431723973632],[129.21538651835607,35.84431922665687],[129.2153011963048,35.84432292942531],[129.215141588443,35.84432633163322],[129.21504767407833,35.84432904911056],[129.21501593023075,35.84432996170845],[129.21492110913331,35.84433303218562],[129.21491197788433,35.84433332779099],[129.21488457265724,35.84433406141111],[129.2146322907478,35.844340421355064],[129.21455383796084,35.844342399033344],[129.21445561763048,35.844345105657695],[129.21433438580996,35.84434828556306],[129.21410934496018,35.844354641218196],[129.21406025707432,35.844356052900686],[129.2140226249034,35.84435714688994],[129.21380587311805,35.844362874466086],[129.2136914451516,35.844377163128726],[129.21361261585676,35.84437910480747],[129.2135985366395,35.84437938200981],[129.21356813129816,35.84437998543777],[129.2135440903744,35.844380460464556],[129.21351241213418,35.84438108414948],[129.21339650783207,35.84438552447163],[129.2133413965029,35.84438626153221],[129.21329360160604,35.84438689554687],[129.2132505109546,35.84438747619012],[129.21310055142806,35.84438947075953],[129.2129796504033,35.844392216115786],[129.21292972368445,35.84439455710049],[129.21285344383082,35.84439784567078],[129.2127688626245,35.84440132903846],[129.21271195734246,35.84440178957695],[129.2126034541529,35.844404693011995],[129.21248731420695,35.84440796124612],[129.21240140133983,35.84441018494316],[129.21231371836558,35.84441277218441],[129.21221351456293,35.84441475044378],[129.2122032207755,35.84441494874458],[129.2121281556116,35.84441715322424],[129.21203715215108,35.844419845221715],[129.2119646331091,35.84442213526307],[129.2119449312973,35.844422620394866],[129.21175759981955,35.84442790521044],[129.2117303608968,35.844428763995275],[129.21147034396733,35.84441942204385],[129.21138000664425,35.84442287844232]]],[[[129.21711437419168,35.84711911605046],[129.21711417826077,35.84716532347472],[129.21711393097968,35.847225275048665],[129.21711385761915,35.847243155974255],[129.21711594877618,35.847357286482215],[129.21711590957267,35.84744503222063],[129.21711589974404,35.84748638157272],[129.2171171283514,35.84756403103806],[129.21711788747712,35.847611372319605],[129.2171174492039,35.84766619612141],[129.21711753713,35.84768231931958],[129.2171177420262,35.847717116199966],[129.21711844496733,35.847841838872675],[129.21711860181486,35.84797746764274],[129.21711875328657,35.84811928800391],[129.21711879269503,35.848150200793135],[129.21711713157381,35.8481663091035],[129.21708482508544,35.848344336819736],[129.21707099560308,35.84841668690628],[129.21703457348931,35.8486079162782],[129.21702749255246,35.848646096895486],[129.21701162868513,35.84873166293824],[129.216995553482,35.84880868551175],[129.21697437610817,35.84892291179676],[129.21697007744586,35.848946135691044],[129.21695177428526,35.849042566151645],[129.21694922031665,35.84905600836015],[129.21693904820077,35.84910958785234],[129.2169074258644,35.849274816525906],[129.21690352916522,35.84929523681043],[129.21690180446677,35.8493042343712],[129.21689730733598,35.84932776504213],[129.2168721034194,35.84946772017476],[129.21686132275318,35.84953782064835],[129.21686080807947,35.84955627014515],[129.21675702671163,35.849629484349656],[129.21673167840103,35.84963011557076],[129.21651774023655,35.84964587392113],[129.21636908412574,35.84965455752087],[129.21629860374654,35.84965923484821],[129.21621273744,35.84966436321667],[129.21616680557375,35.84966738336008],[129.2161439171037,35.84966888427433],[129.21604226927852,35.849675554811135],[129.21589830875234,35.84968500451874],[129.2158680490258,35.84968698718293],[129.21575382798164,35.8496944820191],[129.21572978845137,35.84969606601942],[129.21562936908848,35.84970265290434],[129.21553012282158,35.84970501075624],[129.2154011004367,35.84970807043759],[129.21525496150542,35.849718451539594],[129.21519234002875,35.84972290694943],[129.2151696480526,35.84972751663901],[129.2151362989601,35.849729189175484],[129.2149539913111,35.849738336415875],[129.2149175098552,35.849740167668635],[129.21469075141587,35.849751538428606],[129.21425966019055,35.849781908589634],[129.21418072678324,35.8497219890754],[129.21417614119832,35.849613216391575],[129.21417544733376,35.849597959467495],[129.21417389577147,35.84956412931141],[129.214156101278,35.849122719821935],[129.2141533149983,35.84910737647471],[129.21414744966384,35.84897947251683],[129.21414719727588,35.84896786487004],[129.21414570463264,35.84889804771333],[129.21414535204104,35.84888207819619],[129.21414072435596,35.848749206157805],[129.2141395614933,35.8487158349459],[129.2141338834954,35.84855442218899],[129.2141267948448,35.848432666904976],[129.21412571670297,35.848393707793804],[129.21412353753757,35.848315510223685],[129.21412258301552,35.848281390603304],[129.2141188359255,35.84814662436818],[129.21411775745534,35.84810753908064],[129.21411280389808,35.84800184027699],[129.21410759111433,35.84789025676976],[129.21410703916018,35.84787838828851],[129.2141069333992,35.84787609028898],[129.2141006317466,35.847738102090325],[129.21410056126373,35.84773657910308],[129.21409874699802,35.84769553940276],[129.2140980935421,35.84765808462199],[129.21409175690718,35.84749868278655],[129.2140860685959,35.84735406930753],[129.21408466785957,35.84731865267106],[129.21408248453704,35.84725960665056],[129.2140793997594,35.84719460496347],[129.21407551800445,35.84711302168969],[129.21407571296933,35.847094825111895],[129.21406848781626,35.84695501800246],[129.21406068163708,35.84680072883259],[129.21405619228855,35.84676521851871],[129.21405289600463,35.846654127282896],[129.21405009235568,35.84656586383238],[129.2140447087103,35.84644410548645],[129.21404103871012,35.84635473502765],[129.2140351826337,35.84620110931592],[129.21402221528047,35.845962724608334],[129.2140166864204,35.845832143268474],[129.21400098458278,35.84546080196573],[129.21398980292193,35.84519461050254],[129.21380651635545,35.8451981068857],[129.2135380450449,35.845203222377144],[129.21346957407846,35.84520453283392],[129.21271605258178,35.84521569237068],[129.21264179155452,35.845216697095985],[129.21094398195197,35.84523972126989],[129.21019339330695,35.845263639604944],[129.2101031309169,35.84526650910212],[129.20860104448457,35.845314359187356],[129.20861741996103,35.84529887452225],[129.20865883348455,35.84526186088755],[129.20870148920685,35.84522580042147],[129.20874536505966,35.845190720198424],[129.20879040574394,35.845156638337414],[129.2088366113536,35.845123590886914],[129.20888391554425,35.8450916049977],[129.20893229622496,35.84506069873168],[129.20898170919014,35.84503089920123],[129.2090321212801,35.84500222448762],[129.2090834882896,35.84497470170326],[129.20913577705917,35.844948348929336],[129.2091889433843,35.84492319327851],[129.20924295410575,35.84489925283206],[129.20929775390294,35.84487653669691],[129.209353309641,35.84485507196695],[129.2094095770686,35.84483486773015],[129.20946650091267,35.84481595111862],[129.20952405903714,35.844798322169844],[129.20958219616932,35.84478200801608],[129.20964086803517,35.844767008733314],[129.20970003040767,35.84475334242227],[129.2097319256628,35.84474674407694],[129.2098028857353,35.844744998835004],[129.2100403126987,35.8447421896846],[129.21013482603976,35.8447354645161],[129.21094259638306,35.844712762722196],[129.21106690809677,35.84470612006523],[129.2111235896179,35.84470466932047],[129.2111727467299,35.8447042230541],[129.21127295330024,35.844703146907364],[129.21135698547695,35.8447011976763],[129.2113954029053,35.844699778699734],[129.21147091112368,35.844697573903204],[129.21149294204068,35.84469879715407],[129.211550853886,35.84469797493283],[129.2117295493407,35.84469585992406],[129.2117553491286,35.844694913532415],[129.21187159900396,35.84469118617503],[129.21195219876554,35.84468888203689],[129.2120577194426,35.8446881564286],[129.21212780398986,35.84468605084818],[129.21221105818566,35.84468293075839],[129.21229132370743,35.84467981585381],[129.2123714816091,35.84467786369722],[129.21242484258073,35.8446765082911],[129.2125192907551,35.844674539963044],[129.21253821802446,35.84467414622236],[129.2126120703512,35.84467365599248],[129.2126287955781,35.844673536481444],[129.2126783870622,35.844669934460384],[129.2128393674939,35.84466622668357],[129.21297122834076,35.844663822680225],[129.2131087440944,35.84466087683604],[129.21348484662943,35.84465435578569],[129.21360774217962,35.844652246287524],[129.2137182400539,35.844650068435186],[129.21380127636468,35.84464829950391],[129.2139113677977,35.84463899330346],[129.21402366963196,35.844632558080775],[129.21405483544467,35.84463068242952],[129.214200914557,35.8446220603367],[129.21480952909,35.844608823599266],[129.21501471123142,35.844601997220806],[129.2151896482376,35.84459776580818],[129.21530920922757,35.844594687150206],[129.21537892311318,35.844590642645805],[129.2153949043379,35.8445896498615],[129.21556232412445,35.84458497164983],[129.21588118606675,35.8445738495462],[129.21589152370365,35.844573488627155],[129.21591336239945,35.84457319731042],[129.2159352443526,35.844572527387434],[129.21593809833027,35.84458005674535],[129.21595458842376,35.84462828925979],[129.21596943018258,35.84467687620105],[129.2159826013686,35.844725781559646],[129.21599410185746,35.84477496027362],[129.21600393157368,35.84482438530626],[129.21601205720935,35.84487402066732],[129.21601283712138,35.84488001258796],[129.21601484041634,35.84489225700007],[129.2160153153208,35.84489596930256],[129.21601655334086,35.84490354660546],[129.2160171071375,35.84490778149213],[129.2160185251042,35.844916412936364],[129.2160192261739,35.84492190029763],[129.21602106056926,35.84493308153606],[129.21602749305555,35.844982873130334],[129.21603223230463,35.84503279392198],[129.21603525605357,35.84508279888844],[129.21603577428806,35.84510259842654],[129.2160362837611,35.845110925067274],[129.21603657993344,35.845122253251446],[129.21603686950402,35.845127020347114],[129.21603725102557,35.845141268428975],[129.21603761033688,35.84514727011269],[129.21603798064388,35.84516146413947],[129.21603835095166,35.84516743876606],[129.21603893035928,35.84518940119464],[129.21603948656184,35.84519863801439],[129.21604007883545,35.845221267344904],[129.2160406579535,35.84523079252362],[129.21604126129685,35.845253421834364],[129.21604182934615,35.845262947032765],[129.2160422601468,35.84527905160129],[129.21604317525023,35.84529413689263],[129.21604355776893,35.84530875448477],[129.21604529529685,35.84533739310761],[129.2160454307736,35.84534248492818],[129.21604603326972,35.84535246970249],[129.21604618163622,35.84535823743749],[129.21604686518558,35.84536954690453],[129.21604707453022,35.845377405430725],[129.21604801264812,35.84539281513068],[129.2160481115674,35.845396663291496],[129.21604856360992,35.8454042149593],[129.21604869884425,35.84540921665531],[129.21604928978655,35.8454190212001],[129.2160493753548,35.845422022209725],[129.21604993376934,35.84543207916261],[129.21605008216065,35.84543785590999],[129.2160507767806,35.84544916535708],[129.2160508392152,35.84545179689553],[129.21605115197022,35.84545695148706],[129.21605124989443,35.84546043013709],[129.2160516556944,35.84546725187497],[129.21605180316354,35.84547268614898],[129.21605245173495,35.84548333776577],[129.21605256301032,35.84548766356689],[129.21605307292484,35.84549615243125],[129.21605338070458,35.8455076788689],[129.21605474771124,35.845530261752444],[129.21605521619068,35.8455480245528],[129.21605574889983,35.84555675671384],[129.21605597147567,35.84556541732857],[129.21605622648192,35.84556967978566],[129.21605692860717,35.84559610318088],[129.2160577163233,35.84560909779886],[129.2160579383412,35.845617551127056],[129.2160583322237,35.8456240574484],[129.216058764001,35.8456405225141],[129.21605953977462,35.84565319270328],[129.21605992220137,35.845667774244674],[129.2160605944436,35.845678993606185],[129.21606097653088,35.84569344897317],[129.21606304979213,35.845715219469746],[129.2160660735885,35.84576522442955],[129.21606739283928,35.84581527749515],[129.21606725078718,35.84582829179774],[129.21606769778833,35.84584629797303],[129.2160678760714,35.845875498152225],[129.21606792520413,35.845877300564396],[129.21606812705576,35.84589881303944],[129.21606892400254,35.845915232389785],[129.21606992017297,35.84593164237187],[129.2160701425816,35.84594023989893],[129.21607056426228,35.84594884608252],[129.21607087020155,35.845959687572666],[129.21607120687398,35.84597371943249],[129.21607181812163,35.84599516808873],[129.2160723204246,35.846017265839286],[129.21607307569712,35.84604286900019],[129.21607361679284,35.84606703955604],[129.21607400206508,35.84608267555367],[129.21607434393434,35.84609863607869],[129.21607478205468,35.84611745339395],[129.21607527353274,35.84613964128837],[129.21607655192992,35.846162197289985],[129.21607727421045,35.846175552523285],[129.2160778203024,35.84618514084681],[129.21607887920587,35.8462042905156],[129.2160794614198,35.84621496027442],[129.21608048412975,35.8462330014704],[129.21608113499394,35.846244500256276],[129.216081808774,35.846256287401324],[129.21608273775854,35.84627240910235],[129.21608349392918,35.84628601662482],[129.21608427158316,35.84629938077146],[129.21608509752105,35.84631423189411],[129.21608742405854,35.84636426513094],[129.21608774701997,35.846377314651924],[129.2160894007279,35.84642002192863],[129.21609092607267,35.84646438773392],[129.21609262406196,35.846507094930786],[129.2160938284137,35.84653914122365],[129.21609625456435,35.84658916526798],[129.21609646190228,35.84659627575873],[129.21609842128672,35.846633286589004],[129.21610125565192,35.84668280520362],[129.2161041134952,35.84673281946307],[129.2161047398556,35.84675165446502],[129.2161056669432,35.84677939327756],[129.21610676939758,35.846810592576034],[129.21610787590814,35.84684329695413],[129.21610861022089,35.84686111335065],[129.2161096536599,35.846886842167955],[129.21611075616238,35.846913949791656],[129.21611128534974,35.846929585529914],[129.2161121407558,35.84695536875775],[129.21611307022462,35.84697988109091],[129.21611367015228,35.84699712092719],[129.21611449679145,35.84702044379422],[129.21611551530734,35.84704924591687],[129.2161162982,35.84706865743804],[129.2161173831659,35.847081038671575],[129.21611820603064,35.847090635511535],[129.21612030887158,35.8471192554471],[129.21631467218708,35.84711273456526],[129.21711373035146,35.847085734916284],[129.21711437419168,35.84711911605046]]],[[[129.21172066015444,35.85187984447709],[129.21164991266895,35.851884834984304],[129.21161436156268,35.85188724040752],[129.21157407295718,35.85188985237824],[129.21154939108445,35.85189161691593],[129.21153484739165,35.85189257963961],[129.2115248195554,35.85189324606818],[129.21150483032693,35.851894587819125],[129.21147446984872,35.85189650646642],[129.2114130710197,35.851899362560786],[129.21135038443975,35.85190085097432],[129.211315636427,35.851901353270925],[129.21129999488588,35.85190159688408],[129.21128563736247,35.85190179319091],[129.21127217656797,35.851902005955274],[129.21124995950439,35.851902315117],[129.21123665369166,35.85190252760688],[129.21122728865973,35.851902661116654],[129.2112123666298,35.851902885437504],[129.21119589480364,35.851903121473846],[129.2111801323919,35.85190370775704],[129.2111699488335,35.85190409504049],[129.21115312378257,35.85190471922452],[129.21114103632542,35.85190517291513],[129.21112829575347,35.85190563675652],[129.2111160090809,35.85190610881722],[129.2111037666413,35.85190656277446],[129.21109813246036,35.85190677087794],[129.21108473884422,35.85190727190391],[129.21105991081353,35.85190818942183],[129.21103481731208,35.851909188510014],[129.21102068211414,35.851909735884554],[129.21100412283894,35.85191039563416],[129.21098318014222,35.8519111982114],[129.2109718011723,35.85191165064976],[129.21092689327216,35.851913125870446],[129.21086541153957,35.85191393599408],[129.21080391508772,35.85191335818831],[129.21074245924663,35.85191138334419],[129.2106810994177,35.851908029390295],[129.21061987983742,35.85190327822487],[129.2105588448603,35.851897156808434],[129.21049803872296,35.85188964703928],[129.21048120047058,35.85188946002786],[129.2104197346253,35.85188788158565],[129.21035834263336,35.851884915060026],[129.2102964487085,35.8518805073766],[129.21028584401063,35.85188071506718],[129.21025677516937,35.85188127928875],[129.21024323957704,35.851882519491866],[129.21018202284063,35.85188728528901],[129.21012065857246,35.85189067240008],[129.21005921314944,35.851892662684484],[129.2099977198088,35.851893265097054],[129.20997370845834,35.851893225649235],[129.20994457186808,35.85189328521327],[129.20992057172924,35.8518932998104],[129.2098969701392,35.85189332272392],[129.2098581470564,35.85189335400508],[129.20982492581916,35.8518935107483],[129.20980204383534,35.85189355042043],[129.20977269688817,35.85189360129507],[129.20974333896527,35.851893688231414],[129.20971080372288,35.85189370856679],[129.20968022824903,35.851893860685095],[129.20965245335614,35.85189394485641],[129.2096203832949,35.85189405448635],[129.20959103653573,35.85189417741611],[129.20955564531388,35.851894247718235],[129.2094941589178,35.85189327267514],[129.20944659815012,35.85189203917515],[129.2093851954478,35.851889198345695],[129.20934789517653,35.851887361241495],[129.20932964204167,35.85188797862804],[129.20931542906158,35.85188841778665],[129.20926356927956,35.851889976509696],[129.20922530306612,35.85189129540972],[129.20919458577168,35.85189224976146],[129.20915916411252,35.85189338347333],[129.209097671467,35.85189425579887],[129.20908715579455,35.8518946434797],[129.209025686814,35.85189610153948],[129.20896419207506,35.85189617168854],[129.2089540411059,35.85189632440321],[129.20890324028917,35.85189643914369],[129.20881753580298,35.851896803355864],[129.20876580507,35.851896910630295],[129.20876190852024,35.85189697142694],[129.20870040308472,35.85189718565932],[129.20864992374612,35.85189747097572],[129.2085955027797,35.851897510715084],[129.20853845896224,35.85189785236165],[129.20849192026552,35.85189800464638],[129.20844170628084,35.8518981632432],[129.20839122672933,35.8518983673389],[129.20834562908755,35.851898553996406],[129.20829025615737,35.85189862227389],[129.20825117929792,35.851898977922374],[129.20822810909428,35.85189900860615],[129.20820270337097,35.85189915145354],[129.2081858657286,35.85189919844427],[129.2081749285197,35.85189925330822],[129.20815279939515,35.851899327421265],[129.2081284894989,35.85189942330562],[129.2081014119963,35.851899496906654],[129.2080703161716,35.851899631485146],[129.20805006880755,35.85189963925655],[129.20801664829906,35.851899795842506],[129.20799780707696,35.851899891313074],[129.20797498050945,35.85189995757959],[129.20796366689206,35.85190000405876],[129.20794811345596,35.851900075846864],[129.207934264752,35.851900117666624],[129.2079242352712,35.85190016193572],[129.20790578131718,35.851900184626615],[129.20788684051016,35.8519002982759],[129.2078727592864,35.851900322462996],[129.20784528351467,35.85190049582772],[129.20782022112775,35.851900701091914],[129.20779904426803,35.85190086362958],[129.20777730283072,35.85190102713274],[129.2077539009184,35.851901211507425],[129.20772693451275,35.851901438045665],[129.207695960621,35.85190163540545],[129.20767017869707,35.85190185088575],[129.20765010885103,35.8519020114975],[129.20762995042045,35.85190216324548],[129.20758737485306,35.85190231739312],[129.20756200224392,35.85190242399815],[129.20753749287294,35.85190243899271],[129.20751019401195,35.851902530865104],[129.20748735632594,35.851902579033016],[129.2074650721705,35.85190263526021],[129.2074477917206,35.851902682906626],[129.2074322160497,35.8519027186162],[129.20740913484374,35.851902776199104],[129.20737760704702,35.85190282121375],[129.20735308672198,35.851902881251846],[129.20733303875892,35.85190294263584],[129.20731075453324,35.851902971797074],[129.20728269180816,35.85190305591367],[129.2072525478258,35.85190311655038],[129.2072364408109,35.85190316215701],[129.20721782105934,35.85190328416357],[129.20719771783823,35.85190338166955],[129.2071852197605,35.85190344812813],[129.20716682127195,35.851903515673094],[129.20715367012542,35.85190361028377],[129.20713584719124,35.851903640788876],[129.20711337509834,35.851903796409914],[129.20707631211164,35.851903805755285],[129.20702214316805,35.85190284396437],[129.207024772965,35.85179370720239],[129.20703002165553,35.851575505791025],[129.20703067143182,35.85154846720272],[129.2070351621781,35.85135829593079],[129.20703865685434,35.85121111594717],[129.20704095477168,35.85111494871741],[129.20704665524258,35.850878811646105],[129.20704836431028,35.850811845896914],[129.2070547098648,35.85056831746493],[129.20705631147754,35.85050261364506],[129.20706144514264,35.8503042398693],[129.20717578702462,35.85021427975197],[129.20725360616765,35.85021324526728],[129.20749061178236,35.85021238855134],[129.2076866598898,35.85021205228452],[129.20775274631853,35.85021157835947],[129.2080923695119,35.85021036401066],[129.2083041333676,35.85020864783938],[129.20846807895407,35.850208455672615],[129.20855730218545,35.850208211823585],[129.2092073211033,35.85020474664816],[129.2092751772873,35.8502037280769],[129.20946093104328,35.8502036770915],[129.20959476716712,35.85020380587231],[129.20973103466432,35.85020239816649],[129.20976546231134,35.85020242862158],[129.20987449995351,35.850201879072976],[129.2099353842063,35.85020168334427],[129.21008537884816,35.85020043167242],[129.21020349451584,35.85020013644032],[129.2103196187803,35.8502002951779],[129.210434743443,35.85019919379226],[129.21055142001794,35.85019890072065],[129.21066964614172,35.850198514713256],[129.21080027008443,35.85019792674391],[129.21086640133572,35.850206094009934],[129.21092439271496,35.85020452390943],[129.21113221369956,35.850197888805496],[129.21114419038852,35.85019750740925],[129.21126820775797,35.850193550773206],[129.21133094699232,35.85019154860019],[129.21154851222562,35.8501859592332],[129.21171293213177,35.850180958151455],[129.21188128156945,35.85017585082696],[129.21190080616222,35.850174789214584],[129.21199413114473,35.850172597945125],[129.2120668557267,35.85017070406919],[129.21221541530727,35.850166829618225],[129.21224605481228,35.85016602784406],[129.2122925122262,35.85016482880045],[129.21241425125453,35.85016169511577],[129.21252731202094,35.85015878383733],[129.21260630168504,35.85015670739399],[129.2126602879566,35.85015599967956],[129.21281267926207,35.85014854880888],[129.21282502088252,35.850148031415976],[129.21297375122737,35.85014179445393],[129.21310624593855,35.8501370639512],[129.21315056386106,35.850134750794616],[129.21333139755654,35.85012039966658],[129.21337859695134,35.850123488841774],[129.21352014003605,35.85011620941582],[129.21365551094632,35.85010660648584],[129.21369859366553,35.85010188897253],[129.21377461908992,35.850088326067514],[129.21384266562305,35.85007572352721],[129.2139145020503,35.85005631882853],[129.21430950577476,35.850004807429606],[129.21553365370303,35.84993552602163],[129.2156306681384,35.849930540495926],[129.2157219364044,35.849925231674646],[129.215886033322,35.84991569217604],[129.21610586957016,35.8499029165629],[129.21620460846907,35.84989705328201],[129.21620326369882,35.849907402027085],[129.21619513932927,35.84995703031862],[129.21618530963016,35.85000645436889],[129.21617804525707,35.8500383805859],[129.21617303950762,35.85006222757319],[129.21616795726206,35.850086444209204],[129.21615716410966,35.85013574380253],[129.21614470970619,35.85018476697495],[129.21613057186005,35.850233495740675],[129.21611478365674,35.85028188497753],[129.21609735606614,35.850329898615186],[129.21607828898857,35.850377500603216],[129.2160576044639,35.85042465485163],[129.21603532450823,35.85047131625779],[129.21601142693063,35.85051746683535],[129.21598603335264,35.850563052291314],[129.2159590551398,35.85060804574567],[129.2159305586127,35.850652411028946],[129.215904767409,35.85069013828355],[129.21587889726962,35.85073556234135],[129.21585148672366,35.850780376292],[129.21582254679066,35.85082456208964],[129.21579212160316,35.850868065579746],[129.21576022220526,35.85091087772876],[129.21572687058986,35.85095294442164],[129.2156920998932,35.85099423856051],[129.21565593218122,35.851034733067316],[129.2156184005658,35.8510743918319],[129.21557952711382,35.85111318777621],[129.21553934496174,35.85115109380244],[129.21549788722248,35.85118807380038],[129.215455175963,35.8512241006919],[129.21541126646073,35.85125914733993],[129.21536616971318,35.85129318668584],[129.2153199299525,35.851326200624946],[129.21527258026808,35.85135814403444],[129.21522415387076,35.85138901685401],[129.21517470599082,35.851418773921566],[129.21512424767474,35.851447406203924],[129.2150728452719,35.851474886544366],[129.215020520851,35.85150118786486],[129.21496730759952,35.85152630109288],[129.21491327189133,35.85155020808433],[129.21485843577173,35.85157287274916],[129.21480285459307,35.85159429498783],[129.21474656149528,35.85161444770301],[129.21469592726186,35.85163122869192],[129.21466471440374,35.85164136003654],[129.2146509328504,35.851645791594116],[129.21462934250675,35.85165274247437],[129.21460080606528,35.85166192274334],[129.21454986028868,35.85167813643624],[129.21449201986078,35.85169512839167],[129.21443361131415,35.85171080550232],[129.21437469000165,35.85172516766946],[129.21431531118023,35.8517381787445],[129.2142555080872,35.85174984768038],[129.21419532495779,35.851760156373146],[129.21413481714535,35.85176910472424],[129.21409891897522,35.85177415215638],[129.21406158243022,35.851779481509574],[129.2140243785053,35.85178472950429],[129.21398220810508,35.85179149135645],[129.21394642220307,35.851797133368834],[129.21391646806512,35.85180194492396],[129.2138952997346,35.85180528993001],[129.213866064572,35.85180988390187],[129.2138054558034,35.85181836361615],[129.21374457766348,35.85182546486461],[129.2136834855302,35.85183119656156],[129.21362221254495,35.85183553161074],[129.21356082517957,35.85183848791943],[129.21349935662374,35.85184005641651],[129.2134378511373,35.85184022801124],[129.21340340083776,35.85184027074932],[129.21337307948173,35.851840225084246],[129.21334498343805,35.85184025660034],[129.21332395004293,35.85184023960878],[129.2133006915511,35.85184022653599],[129.21326955098127,35.85184017327636],[129.2132345913355,35.85184017180136],[129.21319976426778,35.85184007094516],[129.21314353820318,35.85183984554992],[129.21308859704018,35.851839906265354],[129.21307795888248,35.85184001512384],[129.21301646343477,35.85183979894808],[129.21299850827833,35.85184005586776],[129.21293701335708,35.851840037925214],[129.21287642676072,35.851840234653025],[129.21284510961854,35.851840388881385],[129.21281475691706,35.85184104610482],[129.2127885991498,35.85184145260646],[129.21277698724995,35.85184172537558],[129.21271549404784,35.85184235621597],[129.21268288404104,35.851843395898946],[129.2126391496723,35.85184487870928],[129.21260554375738,35.85184607333352],[129.2125759114462,35.8518470446682],[129.21253760093745,35.851848328650725],[129.21247998530706,35.851850097146176],[129.2124229794625,35.851852216030686],[129.21239311491235,35.85185327785277],[129.21235625420326,35.851854415032854],[129.2122966464168,35.85185636718636],[129.2122930379583,35.85185652672947],[129.21223159276457,35.85185857219914],[129.2122274308705,35.851858759748396],[129.2121659856017,35.85186077814721],[129.21212569431123,35.8518623628836],[129.21209176694148,35.851863404715495],[129.2120504456965,35.85186482900701],[129.21200677758094,35.851866257396196],[129.211979691338,35.85186720609794],[129.21196210227174,35.851867759633684],[129.21195021396863,35.851868167994404],[129.21192924860534,35.851868763488994],[129.21189680479512,35.85186986575488],[129.21186778118027,35.8518707817741],[129.2118374293624,35.85187178122385],[129.2117976617591,35.851874653719655],[129.211766659799,35.851876789863255],[129.21172066015444,35.85187984447709]]],[[[129.20594975532202,35.83894073057923],[129.2060157176319,35.83895159557368],[129.2062963271762,35.83899605405264],[129.2063940581985,35.83901211898706],[129.20672938896513,35.83906462143525],[129.20673885352403,35.83911229947974],[129.2067485475263,35.839137328690825],[129.20677174023092,35.83918198211716],[129.20678525362484,35.83920301225822],[129.20680524521217,35.83922526604383],[129.20684424572624,35.83926211464997],[129.20684927208757,35.839266909728956],[129.20687560486252,35.83928445714815],[129.20688354288836,35.839289508612175],[129.20690393830998,35.83930094667793],[129.20693365948526,35.83931475711291],[129.20696966470854,35.839327466281965],[129.20696450722667,35.83964522918312],[129.20696378455426,35.8397169429624],[129.2069570327708,35.840017386525005],[129.2069490769777,35.840374601926094],[129.2069434141347,35.84062950338653],[129.206940865224,35.840744182904814],[129.20693850492933,35.840816115770814],[129.20693617461995,35.84092543246936],[129.20693382537485,35.84103599292431],[129.20693103081246,35.84116702154416],[129.20692966894543,35.841231247003826],[129.20692389369873,35.84150269558272],[129.20692287737202,35.84155068892225],[129.20692121808162,35.841628352534514],[129.2069196291349,35.841703249185805],[129.20691808918488,35.84177568533795],[129.20691224275024,35.841886477067824],[129.20691094263333,35.84197036770381],[129.2069103726923,35.842006896367785],[129.20690795954914,35.84216138386826],[129.20690712388134,35.84225369138731],[129.2068974888063,35.84295573699675],[129.20689681000093,35.84300585669863],[129.20689613866188,35.8430545794491],[129.20689506732214,35.84313276476173],[129.20689474911896,35.84315531459318],[129.20689446977698,35.843175764444396],[129.206894265253,35.843190887777304],[129.20689274660407,35.843301654057555],[129.20689119097247,35.84341525032541],[129.20689316474767,35.84348529213681],[129.20688670611042,35.84374507959973],[129.20684883203478,35.84372955269838],[129.20679469846397,35.84370579811148],[129.20674140305798,35.843680834393],[129.20668896797974,35.84365467051841],[129.2066374597145,35.84362733341303],[129.2065868893787,35.84359884108404],[129.206537323434,35.843569211444155],[129.20648877302006,35.84353847151315],[129.20644130464436,35.843506657228815],[129.20639492937647,35.84347376857353],[129.20634970267767,35.843439850516575],[129.20630564673243,35.84340492104623],[129.20626279484063,35.843369016157375],[129.206221191301,35.84333214478794],[129.20618085836713,35.84329435196408],[129.20616350401718,35.84327783456491],[129.20613460910124,35.843250098223464],[129.20609596683485,35.843211148890575],[129.20605867281745,35.84317134106188],[129.20602273820964,35.84313071076939],[129.20598821840164,35.84308927594527],[129.20595511350777,35.84304708165298],[129.20592346787183,35.84300415485577],[129.20589330369938,35.84296052255454],[129.20586463217342,35.84291622979383],[129.20583747552246,35.84287131258692],[129.20581187806633,35.842825788884554],[129.20578782884954,35.84277970376885],[129.20576537226106,35.84273310222782],[129.20574450834474,35.84268600228717],[129.20572525935134,35.84263844897261],[129.20570763643966,35.84259047831581],[129.20569166186021,35.84254213534226],[129.20567734672522,35.84249343805878],[129.20566469117048,35.8424444405408],[129.20565371742305,35.84239517880095],[129.2056444255724,35.84234568888974],[129.20563681570772,35.84229600685723],[129.205630910056,35.84224616871617],[129.2056267197984,35.84219621951038],[129.20562422288634,35.842146195327345],[129.2056234304549,35.84209612318594],[129.20562435373114,35.84204606615456],[129.20562533619952,35.8420018311018],[129.2056260046166,35.84196462633753],[129.20562689558602,35.84192788083294],[129.20562696515353,35.84192047243398],[129.20562834226808,35.84187042364266],[129.20562834830957,35.84186414191489],[129.20562930476396,35.84181407581273],[129.20563033663612,35.84176752445987],[129.20563039361036,35.8417595212566],[129.20563174855977,35.8417094634891],[129.20563232660473,35.841667229897396],[129.2056291137331,35.84165744777224],[129.20561425673105,35.84160886855681],[129.20560104817665,35.84155997110144],[129.20558952136585,35.84151079140018],[129.20557967638766,35.84146136550335],[129.20557152442322,35.841411738454944],[129.205565065562,35.841361946305135],[129.20556029991613,35.841312034116605],[129.20555724968895,35.84126202888934],[129.20555589283245,35.84121196671099],[129.20555625178076,35.84116196470605],[129.20555647109856,35.841152519225],[129.20555668080206,35.841143641548285],[129.20555678063886,35.841139405499874],[129.2055568699149,35.841135367744585],[129.2055571104465,35.84112556172711],[129.2055572980818,35.84111671112539],[129.2055574967395,35.84110784247986],[129.20555755647993,35.84110523776346],[129.20555761624357,35.84110264205955],[129.20555776609086,35.84109632403683],[129.2055578463065,35.84109307038512],[129.20555793523621,35.84108889744272],[129.2055580851066,35.841082588432386],[129.2055582051645,35.8410776043114],[129.20555834452028,35.8410715116191],[129.20555843405006,35.84106757300094],[129.20555850370488,35.841064517642316],[129.20555865285965,35.841057929245366],[129.20555952377035,35.84103062887849],[129.2055624395693,35.84098062253004],[129.20556704907176,35.84093069441746],[129.2055733745271,35.84088088956526],[129.20558139391034,35.84083125307311],[129.20557603872234,35.840788840289285],[129.2055713284255,35.840738918989814],[129.20556832248948,35.840688913682804],[129.20556703204906,35.8406388513869],[129.20556743510227,35.840588786214724],[129.20556756507332,35.84058335145096],[129.20556767396914,35.84057833129856],[129.20556784445156,35.84057142742705],[129.20556812496085,35.84055994501406],[129.20556833219172,35.840550103002144],[129.20556851205728,35.840542541201565],[129.2055688222401,35.84052967982424],[129.20556914002862,35.84051546655758],[129.2055694191063,35.84050342537128],[129.20556961732282,35.84049438548793],[129.20556986774258,35.840484119814725],[129.2055701155767,35.84047284474475],[129.2055703456829,35.840463291094146],[129.20557054454562,35.84045450355985],[129.205570734279,35.84044647309186],[129.20557092258102,35.84043788385075],[129.20557112243634,35.84042948385261],[129.20557132134522,35.8404207143433],[129.20557317442075,35.8403706647318],[129.2055767433021,35.840320684305894],[129.20558200591805,35.84027080014062],[129.2055889734496,35.840221057279194],[129.20559762382578,35.8401714827965],[129.20560796825046,35.84012213074811],[129.2056199957215,35.84007302818977],[129.20563369528278,35.840024220202196],[129.20564904486375,35.83997573385989],[129.2056660556683,35.83992762321827],[129.20567569946496,35.8399029215677],[129.20567521838507,35.83988796161832],[129.20567531142848,35.83983788795379],[129.20567712017623,35.83978784742365],[129.2056769191343,35.83977418479974],[129.20567728891137,35.83972411967652],[129.2056793632983,35.83967407869412],[129.20567906888155,35.839658532613846],[129.20567923942517,35.8396084678282],[129.20568110350797,35.83955842720209],[129.20568079877668,35.83953021856162],[129.20568160021938,35.83948015270293],[129.20568243070414,35.83943278153526],[129.20568244857282,35.83942679719767],[129.2056835378153,35.83937673986165],[129.20568395917834,35.83933384860616],[129.20568436510655,35.83931084798841],[129.20568484572325,35.839282439737126],[129.20568613830505,35.839233986281236],[129.2056891757165,35.83918397970823],[129.20569392895308,35.839134060344286],[129.20570037599015,35.83908427328918],[129.2057085168939,35.83903464558002],[129.20571835177682,35.83898522227879],[129.20572986965988,35.83893603945393],[129.20573769808902,35.838907014874195],[129.20594975532202,35.83894073057923]]],[[[129.20668603716763,35.84997220333802],[129.2066244257765,35.849965089528425],[129.20649143358443,35.849961522238495],[129.20630554555143,35.84995649482723],[129.20621662934641,35.849955492756514],[129.20598777419806,35.84995291735211],[129.20542139171002,35.84994391212416],[129.20518814480627,35.849938161239585],[129.20502080491764,35.84993110863424],[129.20492926650155,35.84992628875465],[129.2048765390663,35.84992573812829],[129.20482018895333,35.84992408507217],[129.2048011157711,35.84992419845842],[129.20480541411845,35.84987775881041],[129.20481174073325,35.84982795406908],[129.2048197614648,35.84977831769776],[129.20482947637885,35.84972887673337],[129.20484086344777,35.84967967627542],[129.20485393383058,35.849630752354294],[129.20486866547654,35.84958214105703],[129.20487787720154,35.84953941524813],[129.20489008372545,35.849490348584375],[129.2049039514416,35.84944156750667],[129.20491948046248,35.8493931170768],[129.20493664876048,35.84934504239381],[129.20495545642518,35.84929737950688],[129.20497588138343,35.84925015549025],[129.20499791265493,35.84920340641148],[129.20502152821268,35.84915717736968],[129.20504671707712,35.84911150443243],[129.20507344610573,35.84906641469244],[129.20510170431885,35.84902194421717],[129.20513148073707,35.848978129074325],[129.20516272012514,35.84893501441878],[129.2051954335744,35.84889260924316],[129.20522957694254,35.84885096769609],[129.2052651281582,35.84881011685123],[129.20530205408033,35.84877008380112],[129.2053403326376,35.84873089561945],[129.20537994178233,35.84869258839231],[129.20542083732732,35.84865519824347],[129.20546298610913,35.848618743252764],[129.20550636608067,35.84858325950643],[129.20555094407905,35.84854876508442],[129.20559667591775,35.848515296110534],[129.2056435395042,35.848482870645896],[129.20568815066517,35.848448403153746],[129.20573390459725,35.84841496112716],[129.20578080134706,35.84838256258972],[129.20582877458955,35.848351243702965],[129.20587779113944,35.84832101353448],[129.20592782895102,35.848291908170616],[129.20597884379293,35.848263945710286],[129.206030791434,35.848237144252515],[129.20608362766646,35.84821153090898],[129.20613731930607,35.84818711474749],[129.20619182216873,35.848163931892095],[129.20624709197753,35.84814198241722],[129.20630309561847,35.84812130242823],[129.20635977772233,35.848101883006066],[129.206417105175,35.84808376025614],[129.20647503372368,35.848066943265664],[129.20653350804614,35.84805144114061],[129.2065924838895,35.848037262968134],[129.2066519280942,35.84802442682926],[129.2067117742686,35.84801294184911],[129.20677200027615,35.84800280806486],[129.2068199582576,35.84799586761378],[129.20681888732895,35.84804849341745],[129.20681849456534,35.84806789799589],[129.2068057624952,35.84869410804992],[129.20680543714232,35.848705311139085],[129.20680353299707,35.848782551488085],[129.20680284319258,35.8488155564288],[129.20680194666443,35.8488585475686],[129.20680052781503,35.84892651322764],[129.20679875329202,35.84901109853667],[129.20679835838268,35.8490296739659],[129.20679685042404,35.849101722436046],[129.206792546313,35.84939024681795],[129.20679374509163,35.84953321899782],[129.206794479836,35.849620711046704],[129.2067904874371,35.84964796264113],[129.20678901333224,35.84975891798701],[129.20678736168963,35.8498439446863],[129.20678578256602,35.849866920233765],[129.2067848713616,35.84989563559912],[129.20668603716763,35.84997220333802]]],[[[129.2048220407276,35.850155108233935],[129.20492001577762,35.850157447873904],[129.20502201910352,35.85015932097347],[129.20542615852213,35.85017135236541],[129.20562601374164,35.85017499652148],[129.20579893453086,35.850178154408475],[129.20596599905102,35.850181204849996],[129.20629818434196,35.85018906578601],[129.2064425453542,35.85019247871055],[129.20660337290082,35.85019372739271],[129.20668328849496,35.850194338985155],[129.2067728425129,35.8502751903199],[129.20676848260607,35.85052923293831],[129.20676553834414,35.85070116931119],[129.20677214253342,35.85075950491183],[129.2067657492839,35.85102781776006],[129.20676094555228,35.85122565018712],[129.20675585011514,35.851439164842795],[129.20675284476707,35.851561649748504],[129.2067497468276,35.85169116455369],[129.2067451331487,35.85188115576576],[129.2067092645783,35.85187641337431],[129.20664886357613,35.85186702636654],[129.20658879118758,35.851856277881126],[129.2065291249297,35.851844176798856],[129.20646988694546,35.85183072308245],[129.20641112156477,35.85181593468208],[129.20635289525745,35.85179982950986],[129.20629524125962,35.851782416522504],[129.20623820387735,35.851763704657834],[129.20618181634666,35.85174370287263],[129.20612614515997,35.85172243809187],[129.20607121250575,35.8516999283039],[129.2060167855898,35.85167604773093],[129.2059910840244,35.85166442029928],[129.2059733842275,35.85165633917918],[129.20592030433787,35.85163105933359],[129.20586810706047,35.851604597326634],[129.20581682560703,35.85157695310293],[129.20576651542163,35.85154816261936],[129.2057171987152,35.85151825287694],[129.20566891979223,35.851487232813945],[129.2056217230029,35.85145512939376],[129.20557564165057,35.8514219786112],[129.2055307089921,35.85138779843585],[129.20548695828418,35.851352606837516],[129.20544442285248,35.85131644882363],[129.20540313595316,35.85127934236364],[129.2053931825273,35.851270148487],[129.20539115190712,35.851268277334405],[129.20538308486982,35.8512608286793],[129.20537834676514,35.851256465660214],[129.20536910351265,35.8512479284884],[129.20536443199123,35.85124362844321],[129.20535836229817,35.851238023958565],[129.20534241691283,35.8512233155856],[129.20530119004874,35.851183676477554],[129.20526277639974,35.85114457333374],[129.20522570011866,35.85110462974782],[129.20519001657786,35.8510638546397],[129.20515572589153,35.85102229307277],[129.20512286133786,35.85097997202942],[129.20509146726457,35.850936918473145],[129.20506154378546,35.85089317746726],[129.20503313524785,35.85084877597525],[129.20500624174213,35.850803750047994],[129.20498089654532,35.8507581266676],[129.20495712191052,35.85071195085992],[129.2049349289976,35.85066525865689],[129.2049143289661,35.85061808609042],[129.20489535509273,35.8505704601426],[129.20487801855975,35.850522425857584],[129.20486231943366,35.85047401027353],[129.2048482799896,35.850425267428335],[129.20483591136363,35.85037622434119],[129.2048252136448,35.85032691706247],[129.20481620908524,35.85027739061742],[129.2048088977736,35.85022768105624],[129.20480327977612,35.8501778154166],[129.20480147167257,35.85015468340197],[129.2048220407276,35.850155108233935]]]]}},{"type":"Feature","properties":{"godo_no":"1","godo_nm":"도심36m지구","h_max":36,"kind":"최고","conf":"label","area_m2":1006221,"gosi_last":"경북고시 2020-479 (고도지구 정비)","src":"V-World LT_C_UQ123 + 경북고시 2020-479 조서·도면","h_cls":"36m","lbl":"도심36m지구\n36m 이하"},"geometry":{"type":"MultiPolygon","coordinates":[[[[129.21675510023317,35.85191472223238],[129.2167157285051,35.85193703558704],[129.216580480545,35.85201366763322],[129.2165138954806,35.85205139592801],[129.21639201061143,35.85212046039274],[129.21624181794058,35.85220557249968],[129.21608732850302,35.85229435116299],[129.21597500650458,35.85235890089139],[129.21584872416418,35.85243146949862],[129.21584747514657,35.85243218371352],[129.21572930563067,35.85250009628929],[129.21564125585988,35.85255068714088],[129.21542596123223,35.85267439756564],[129.21514422850632,35.852837709472354],[129.21514426764497,35.852844045182486],[129.21515097423026,35.85285154066016],[129.21498891085008,35.85294055668575],[129.21478026444947,35.853059017879836],[129.21457635935874,35.85317476655544],[129.21440865738685,35.85326700024121],[129.21329151662695,35.8538764794517],[129.21317063268413,35.85394520541058],[129.2130603823913,35.85400792823198],[129.21295087539127,35.85407130755534],[129.21284378944037,35.854133474846506],[129.21269847224806,35.85421895245646],[129.21256596786603,35.8542977832041],[129.21243621413794,35.85437448202877],[129.21231500476836,35.85444629897793],[129.2122714206011,35.85447161040804],[129.2121390910334,35.85454569980808],[129.212004210481,35.85462227196531],[129.2119687580634,35.85464153067153],[129.21183497161985,35.85471751490975],[129.2117080937086,35.854789584504935],[129.21167498143066,35.854810506339795],[129.21149405167816,35.854914322102495],[129.2113426685446,35.85500117856625],[129.21124131747862,35.855060207074544],[129.21097022011475,35.855216019239386],[129.2109462438914,35.85522971495508],[129.2109447162191,35.855233953486554],[129.21071620876623,35.855361103217994],[129.21049360922962,35.85548707061353],[129.2101943915635,35.855656403599525],[129.21007874109728,35.855721818775656],[129.21000216930364,35.855765779400656],[129.209961587211,35.85578814670949],[129.20982033469474,35.85586815220629],[129.209677388948,35.855948493932125],[129.20964239033466,35.8559681567251],[129.20957145101048,35.85600285149434],[129.20943801017722,35.85607727329539],[129.2093292804986,35.85613951238702],[129.20929974348442,35.85615641682417],[129.20921420135772,35.85620379917904],[129.20905986018346,35.856291730355615],[129.20891205198262,35.85637599999878],[129.20888310435964,35.856393984813685],[129.2087381778659,35.85647541033534],[129.20858415362045,35.85656215971637],[129.20855273884953,35.8565808336527],[129.2084079100495,35.85666177193197],[129.20827228948758,35.85673751201022],[129.20781450561694,35.85699675902254],[129.20770759146964,35.85698299124673],[129.20744855566682,35.856675262677044],[129.2073566614782,35.85656158347307],[129.20726262737577,35.8564336951725],[129.20722575505556,35.85637120265784],[129.2071942222963,35.856250020699086],[129.20716407739633,35.85613464039415],[129.2071335078241,35.85601768362127],[129.20710101298124,35.85589251975836],[129.20707092701164,35.85577841909492],[129.2070390088091,35.85565355163536],[129.20702103355947,35.8556120528493],[129.20701181972976,35.85557228749618],[129.20698822163988,35.8554711356631],[129.2069637651025,35.8553676330326],[129.20694749082088,35.8552988325026],[129.20694641240476,35.85526273933764],[129.20694261968848,35.85513576889678],[129.20695210937015,35.854780480426484],[129.20695867804832,35.854537402403295],[129.20696019746956,35.854482694003984],[129.2069650262107,35.854294685246614],[129.20697011146473,35.85407738545709],[129.20697141132257,35.854023398428055],[129.20698480541765,35.85346523207928],[129.20699119901454,35.85319727982877],[129.20699339982087,35.853106340042025],[129.20699509478493,35.853033876723515],[129.20700179298362,35.852755289193595],[129.20700588942017,35.85258386461602],[129.20701047608864,35.85238792521939],[129.20701747466327,35.85209708015635],[129.20701877423065,35.85204300298453],[129.20702214316805,35.85190284396437],[129.20707631211164,35.851903805755285],[129.20711337509834,35.851903796409914],[129.20713584719124,35.851903640788876],[129.20715367012542,35.85190361028377],[129.20716682127195,35.851903515673094],[129.2071852197605,35.85190344812813],[129.20719771783823,35.85190338166955],[129.20721782105934,35.85190328416357],[129.2072364408109,35.85190316215701],[129.2072525478258,35.85190311655038],[129.20728269180816,35.85190305591367],[129.20731075453324,35.851902971797074],[129.20733303875892,35.85190294263584],[129.20735308672198,35.851902881251846],[129.20737760704702,35.85190282121375],[129.20740913484374,35.851902776199104],[129.2074322160497,35.8519027186162],[129.2074477917206,35.851902682906626],[129.2074650721705,35.85190263526021],[129.20748735632594,35.851902579033016],[129.20751019401195,35.851902530865104],[129.20753749287294,35.85190243899271],[129.20756200224392,35.85190242399815],[129.20758737485306,35.85190231739312],[129.20762995042045,35.85190216324548],[129.20765010885103,35.8519020114975],[129.20767017869707,35.85190185088575],[129.207695960621,35.85190163540545],[129.20772693451275,35.851901438045665],[129.2077539009184,35.851901211507425],[129.20777730283072,35.85190102713274],[129.20779904426803,35.85190086362958],[129.20782022112775,35.851900701091914],[129.20784528351467,35.85190049582772],[129.2078727592864,35.851900322462996],[129.20788684051016,35.8519002982759],[129.20790578131718,35.851900184626615],[129.2079242352712,35.85190016193572],[129.207934264752,35.851900117666624],[129.20794811345596,35.851900075846864],[129.20796366689206,35.85190000405876],[129.20797498050945,35.85189995757959],[129.20799780707696,35.851899891313074],[129.20801664829906,35.851899795842506],[129.20805006880755,35.85189963925655],[129.2080703161716,35.851899631485146],[129.2081014119963,35.851899496906654],[129.2081284894989,35.85189942330562],[129.20815279939515,35.851899327421265],[129.2081749285197,35.85189925330822],[129.2081858657286,35.85189919844427],[129.20820270337097,35.85189915145354],[129.20822810909428,35.85189900860615],[129.20825117929792,35.851898977922374],[129.20829025615737,35.85189862227389],[129.20834562908755,35.851898553996406],[129.20839122672933,35.8518983673389],[129.20844170628084,35.8518981632432],[129.20849192026552,35.85189800464638],[129.20853845896224,35.85189785236165],[129.2085955027797,35.851897510715084],[129.20864992374612,35.85189747097572],[129.20870040308472,35.85189718565932],[129.20876190852024,35.85189697142694],[129.20876580507,35.851896910630295],[129.20881753580298,35.851896803355864],[129.20890324028917,35.85189643914369],[129.2089540411059,35.85189632440321],[129.20896419207506,35.85189617168854],[129.209025686814,35.85189610153948],[129.20908715579455,35.8518946434797],[129.209097671467,35.85189425579887],[129.20915916411252,35.85189338347333],[129.20919458577168,35.85189224976146],[129.20922530306612,35.85189129540972],[129.20926356927956,35.851889976509696],[129.20931542906158,35.85188841778665],[129.20932964204167,35.85188797862804],[129.20934789517653,35.851887361241495],[129.2093851954478,35.851889198345695],[129.20944659815012,35.85189203917515],[129.2094941589178,35.85189327267514],[129.20955564531388,35.851894247718235],[129.20959103653573,35.85189417741611],[129.2096203832949,35.85189405448635],[129.20965245335614,35.85189394485641],[129.20968022824903,35.851893860685095],[129.20971080372288,35.85189370856679],[129.20974333896527,35.851893688231414],[129.20977269688817,35.85189360129507],[129.20980204383534,35.85189355042043],[129.20982492581916,35.8518935107483],[129.2098581470564,35.85189335400508],[129.2098969701392,35.85189332272392],[129.20992057172924,35.8518932998104],[129.20994457186808,35.85189328521327],[129.20997370845834,35.851893225649235],[129.2099977198088,35.851893265097054],[129.21005921314944,35.851892662684484],[129.21012065857246,35.85189067240008],[129.21018202284063,35.85188728528901],[129.21024323957704,35.851882519491866],[129.21025677516937,35.85188127928875],[129.21028584401063,35.85188071506718],[129.2102964487085,35.8518805073766],[129.21035834263336,35.851884915060026],[129.2104197346253,35.85188788158565],[129.21048120047058,35.85188946002786],[129.21049803872296,35.85188964703928],[129.2105588448603,35.851897156808434],[129.21061987983742,35.85190327822487],[129.2106810994177,35.851908029390295],[129.21074245924663,35.85191138334419],[129.21080391508772,35.85191335818831],[129.21086541153957,35.85191393599408],[129.21092689327216,35.851913125870446],[129.2109718011723,35.85191165064976],[129.21098318014222,35.8519111982114],[129.21100412283894,35.85191039563416],[129.21102068211414,35.851909735884554],[129.21103481731208,35.851909188510014],[129.21105991081353,35.85190818942183],[129.21108473884422,35.85190727190391],[129.21109813246036,35.85190677087794],[129.2111037666413,35.85190656277446],[129.2111160090809,35.85190610881722],[129.21112829575347,35.85190563675652],[129.21114103632542,35.85190517291513],[129.21115312378257,35.85190471922452],[129.2111699488335,35.85190409504049],[129.2111801323919,35.85190370775704],[129.21119589480364,35.851903121473846],[129.2112123666298,35.851902885437504],[129.21122728865973,35.851902661116654],[129.21123665369166,35.85190252760688],[129.21124995950439,35.851902315117],[129.21127217656797,35.851902005955274],[129.21128563736247,35.85190179319091],[129.21129999488588,35.85190159688408],[129.211315636427,35.851901353270925],[129.21135038443975,35.85190085097432],[129.2114130710197,35.851899362560786],[129.21147446984872,35.85189650646642],[129.21150483032693,35.851894587819125],[129.2115248195554,35.85189324606818],[129.21153484739165,35.85189257963961],[129.21154939108445,35.85189161691593],[129.21157407295718,35.85188985237824],[129.21161436156268,35.85188724040752],[129.21164991266895,35.851884834984304],[129.21172066015444,35.85187984447709],[129.211766659799,35.851876789863255],[129.2117976617591,35.851874653719655],[129.2118374293624,35.85187178122385],[129.21186778118027,35.8518707817741],[129.21189680479512,35.85186986575488],[129.21192924860534,35.851868763488994],[129.21195021396863,35.851868167994404],[129.21196210227174,35.851867759633684],[129.211979691338,35.85186720609794],[129.21200677758094,35.851866257396196],[129.2120504456965,35.85186482900701],[129.21209176694148,35.851863404715495],[129.21212569431123,35.8518623628836],[129.2121659856017,35.85186077814721],[129.2122274308705,35.851858759748396],[129.21223159276457,35.85185857219914],[129.2122930379583,35.85185652672947],[129.2122966464168,35.85185636718636],[129.21235625420326,35.851854415032854],[129.21239311491235,35.85185327785277],[129.2124229794625,35.851852216030686],[129.21247998530706,35.851850097146176],[129.21253760093745,35.851848328650725],[129.2125759114462,35.8518470446682],[129.21260554375738,35.85184607333352],[129.2126391496723,35.85184487870928],[129.21268288404104,35.851843395898946],[129.21271549404784,35.85184235621597],[129.21277698724995,35.85184172537558],[129.2127885991498,35.85184145260646],[129.21281475691706,35.85184104610482],[129.21284510961854,35.851840388881385],[129.21287642676072,35.851840234653025],[129.21293701335708,35.851840037925214],[129.21299850827833,35.85184005586776],[129.21301646343477,35.85183979894808],[129.21307795888248,35.85184001512384],[129.21308859704018,35.851839906265354],[129.21314353820318,35.85183984554992],[129.21319976426778,35.85184007094516],[129.2132345913355,35.85184017180136],[129.21326955098127,35.85184017327636],[129.2133006915511,35.85184022653599],[129.21332395004293,35.85184023960878],[129.21334498343805,35.85184025660034],[129.21337307948173,35.851840225084246],[129.21340340083776,35.85184027074932],[129.2134378511373,35.85184022801124],[129.21349935662374,35.85184005641651],[129.21356082517957,35.85183848791943],[129.21362221254495,35.85183553161074],[129.2136834855302,35.85183119656156],[129.21374457766348,35.85182546486461],[129.2138054558034,35.85181836361615],[129.213866064572,35.85180988390187],[129.2138952997346,35.85180528993001],[129.21391646806512,35.85180194492396],[129.21394642220307,35.851797133368834],[129.21398220810508,35.85179149135645],[129.2140243785053,35.85178472950429],[129.21406158243022,35.851779481509574],[129.21409891897522,35.85177415215638],[129.21413481714535,35.85176910472424],[129.21419532495779,35.851760156373146],[129.2142555080872,35.85174984768038],[129.21431531118023,35.8517381787445],[129.21437469000165,35.85172516766946],[129.21443361131415,35.85171080550232],[129.21449201986078,35.85169512839167],[129.21454986028868,35.85167813643624],[129.21460080606528,35.85166192274334],[129.21462934250675,35.85165274247437],[129.2146509328504,35.851645791594116],[129.21466471440374,35.85164136003654],[129.21469592726186,35.85163122869192],[129.21474656149528,35.85161444770301],[129.21480285459307,35.85159429498783],[129.21485843577173,35.85157287274916],[129.21491327189133,35.85155020808433],[129.21496730759952,35.85152630109288],[129.215020520851,35.85150118786486],[129.2150728452719,35.851474886544366],[129.21512424767474,35.851447406203924],[129.21517470599082,35.851418773921566],[129.21522415387076,35.85138901685401],[129.21527258026808,35.85135814403444],[129.2153199299525,35.851326200624946],[129.21536616971318,35.85129318668584],[129.21541126646073,35.85125914733993],[129.215455175963,35.8512241006919],[129.21549788722248,35.85118807380038],[129.21553934496174,35.85115109380244],[129.21557952711382,35.85111318777621],[129.2156184005658,35.8510743918319],[129.21565593218122,35.851034733067316],[129.2156920998932,35.85099423856051],[129.21572687058986,35.85095294442164],[129.21576022220526,35.85091087772876],[129.21579212160316,35.850868065579746],[129.21582254679066,35.85082456208964],[129.21585148672366,35.850780376292],[129.21587889726962,35.85073556234135],[129.215904767409,35.85069013828355],[129.2159305586127,35.850652411028946],[129.2159590551398,35.85060804574567],[129.21598603335264,35.850563052291314],[129.21601142693063,35.85051746683535],[129.21603532450823,35.85047131625779],[129.2160576044639,35.85042465485163],[129.21607828898857,35.850377500603216],[129.21609735606614,35.850329898615186],[129.21611478365674,35.85028188497753],[129.21613057186005,35.850233495740675],[129.21614470970619,35.85018476697495],[129.21615716410966,35.85013574380253],[129.21616795726206,35.850086444209204],[129.21617303950762,35.85006222757319],[129.21617804525707,35.8500383805859],[129.21618530963016,35.85000645436889],[129.21619513932927,35.84995703031862],[129.21620326369882,35.849907402027085],[129.21620460846907,35.84989705328201],[129.2163757329741,35.849886887707335],[129.21644177298035,35.849881641478554],[129.21668586266085,35.849860466834414],[129.21677700790764,35.84985475187017],[129.21686680914453,35.84993332408033],[129.21686831550832,35.849945920845386],[129.21688134318396,35.85001081447945],[129.21689033697388,35.850057690357296],[129.21690314061686,35.850109318000115],[129.21692088379638,35.85019454436997],[129.2169581513888,35.850295011901025],[129.21702923766952,35.85049766548316],[129.21703950428255,35.850519862859414],[129.21704570261957,35.8505399946598],[129.21711967881922,35.85078769644075],[129.21716754156998,35.85093743419746],[129.2172079815846,35.85101549088987],[129.21726086936854,35.851172997361395],[129.21728321289945,35.851239874981644],[129.2172890946779,35.85125752890036],[129.217370161028,35.85150255907629],[129.2173332824158,35.851570525431434],[129.21732463547917,35.851586438997074],[129.21727610110153,35.85161398722628],[129.21719214125267,35.85166162478928],[129.21709652175736,35.8517164571579],[129.2170197917455,35.851760458605646],[129.21675510023317,35.85191472223238]]],[[[129.2030628963229,35.850108503464405],[129.20321600409295,35.850112617579015],[129.20430089997618,35.8501418213379],[129.20432668430396,35.85014276918907],[129.20445488236592,35.850145923385135],[129.20459080851703,35.85014956908168],[129.20472976700552,35.85015288504574],[129.20479364479033,35.85015451639522],[129.20480147167257,35.85015468340197],[129.20480327977612,35.8501778154166],[129.2048088977736,35.85022768105624],[129.20481620908524,35.85027739061742],[129.2048252136448,35.85032691706247],[129.20483591136363,35.85037622434119],[129.2048482799896,35.850425267428335],[129.20486231943366,35.85047401027353],[129.20487801855975,35.850522425857584],[129.20489535509273,35.8505704601426],[129.2049143289661,35.85061808609042],[129.2049349289976,35.85066525865689],[129.20495712191052,35.85071195085992],[129.20498089654532,35.8507581266676],[129.20500624174213,35.850803750047994],[129.20503313524785,35.85084877597525],[129.20506154378546,35.85089317746726],[129.20509146726457,35.850936918473145],[129.20512286133786,35.85097997202942],[129.20515572589153,35.85102229307277],[129.20519001657786,35.8510638546397],[129.20522570011866,35.85110462974782],[129.20526277639974,35.85114457333374],[129.20530119004874,35.851183676477554],[129.20534241691283,35.8512233155856],[129.20535836229817,35.851238023958565],[129.20536443199123,35.85124362844321],[129.20536910351265,35.8512479284884],[129.20537834676514,35.851256465660214],[129.20538308486982,35.8512608286793],[129.20539115190712,35.851268277334405],[129.2053931825273,35.851270148487],[129.20540313595316,35.85127934236364],[129.20544442285248,35.85131644882363],[129.20548695828418,35.851352606837516],[129.2055307089921,35.85138779843585],[129.20557564165057,35.8514219786112],[129.2056217230029,35.85145512939376],[129.20566891979223,35.851487232813945],[129.2057171987152,35.85151825287694],[129.20576651542163,35.85154816261936],[129.20581682560703,35.85157695310293],[129.20586810706047,35.851604597326634],[129.20592030433787,35.85163105933359],[129.2059733842275,35.85165633917918],[129.2059910840244,35.85166442029928],[129.2060167855898,35.85167604773093],[129.20607121250575,35.8516999283039],[129.20612614515997,35.85172243809187],[129.20618181634666,35.85174370287263],[129.20623820387735,35.851763704657834],[129.20629524125962,35.851782416522504],[129.20635289525745,35.85179982950986],[129.20641112156477,35.85181593468208],[129.20646988694546,35.85183072308245],[129.2065291249297,35.851844176798856],[129.20658879118758,35.851856277881126],[129.20664886357613,35.85186702636654],[129.2067092645783,35.85187641337431],[129.2067451331487,35.85188115576576],[129.20674184041647,35.852016709265946],[129.20674025594067,35.852089172404774],[129.2067368627903,35.852233017563684],[129.206733469629,35.85237686271914],[129.20673137692148,35.85246690107894],[129.2067284833685,35.85258983639674],[129.20672629458124,35.85268555278649],[129.2067232924017,35.85280929940927],[129.20671910740623,35.85298955636336],[129.20671690489579,35.85307995540089],[129.20671321021766,35.85323569753699],[129.20671031127276,35.85335655997512],[129.2067065067969,35.853512662790884],[129.2067026090223,35.85367552512876],[129.20669891545558,35.85383171787145],[129.2066953146977,35.853980970835224],[129.20669439484035,35.85405361306445],[129.20669178870858,35.85415924388022],[129.20668908138757,35.854268569987],[129.2066855662191,35.854408089306496],[129.20668255509966,35.85452841116265],[129.20668087738528,35.85459480001288],[129.20667692921265,35.85475102921576],[129.20667478925026,35.85482277227028],[129.20666799717662,35.85510838958776],[129.20666539516213,35.855215642625026],[129.20667497644453,35.85532505587699],[129.20670819399444,35.85546466564983],[129.20673737784892,35.85558121934831],[129.2067651622612,35.85569598194356],[129.20679591230484,35.855810198713385],[129.2068117055939,35.85585562169185],[129.20682905909342,35.85593079221689],[129.20685633196888,35.856048863240275],[129.20688571506176,35.85616952624347],[129.20691819623914,35.85629377090905],[129.20694587908855,35.85640329736787],[129.20698597415281,35.856483466951744],[129.20710127280245,35.85666625017383],[129.20747074508833,35.85710454333249],[129.20746810637695,35.8571929332843],[129.20730551315873,35.85728501307556],[129.20711672908166,35.85739126904686],[129.20699722037062,35.857460779516536],[129.2060485829987,35.857999659519166],[129.2060245275218,35.85801332734651],[129.20589156558017,35.85809145752215],[129.20545540298943,35.85833494095764],[129.20531012979805,35.85841775083994],[129.2048232568852,35.8586955383825],[129.2045544476781,35.85885104374492],[129.20430521090725,35.858789098357946],[129.20426821586364,35.85871271693096],[129.20415470626583,35.858513750624276],[129.2040706054788,35.858390106011406],[129.2039753868168,35.858274077597144],[129.2038937199535,35.85815826060033],[129.2037601309036,35.858003533954204],[129.20315135306103,35.85724164153409],[129.20309328429755,35.857162266896964],[129.20304403845776,35.857091358178096],[129.20301425651485,35.85704277676763],[129.2029818068936,35.8569855929002],[129.20294294482326,35.85694056860471],[129.2029168337704,35.856876975226285],[129.20286600432712,35.85675321987278],[129.2028449642807,35.85668541815899],[129.20283873301048,35.85666854821681],[129.20283497420724,35.85665750520883],[129.202831458826,35.85664640771794],[129.20282817579604,35.85663525576264],[129.20282513623366,35.85662406734927],[129.2028223401157,35.85661283346557],[129.2028197763943,35.85660156314228],[129.20281745613997,35.85659025636102],[129.20281539042364,35.8565789131033],[129.20281355714897,35.85656755143109],[129.20281196736403,35.85655616231335],[129.20281062106866,35.85654474575009],[129.20280952937904,35.85653331974772],[129.20280868122438,35.856521884324785],[129.20280806551105,35.856510430487276],[129.20280770440309,35.856498967210776],[129.20280342322835,35.856478353817096],[129.20278944477022,35.856396733130204],[129.20278653872145,35.856363905513504],[129.2027843388594,35.85633452849548],[129.20277425542062,35.85619958341225],[129.20277841161163,35.85611821172524],[129.20279284724452,35.85597343799908],[129.20279718676358,35.85594269814988],[129.20280708598938,35.85579459739813],[129.2028178419087,35.85565256962273],[129.20282479591248,35.855561252465534],[129.20284118944443,35.855345862602036],[129.20284981744808,35.8552335976127],[129.20287871597566,35.85485439382015],[129.20286173544258,35.854732519366245],[129.20291717920463,35.854024405317034],[129.20292768786734,35.85388983123355],[129.20299222898888,35.853058681302706],[129.20300499511742,35.85289760668194],[129.20307029955254,35.852062489796666],[129.20308102501028,35.851926293043995],[129.20309076529944,35.85179451406156],[129.20304488409707,35.85124960558112],[129.2030336912755,35.85111362582847],[129.2029778733421,35.85044751587401],[129.20297262035032,35.85036207722012],[129.20297158132956,35.85034518954716],[129.20294897131473,35.85014623156908],[129.2029436647588,35.85010524262559],[129.2030628963229,35.850108503464405]]],[[[129.20225769981914,35.8446708532179],[129.20201067803978,35.84467456425453],[129.20182929531302,35.84467778684312],[129.20141756165083,35.844685006643616],[129.20138316098314,35.844685956111434],[129.20128706251916,35.84468765706933],[129.2012183921315,35.84468880766477],[129.201190901642,35.84465121713861],[129.2011725715006,35.84462489503884],[129.20115480526465,35.84459831964907],[129.20113761400293,35.84457149095119],[129.2011209977604,35.84454442697029],[129.20110496760537,35.84451712768833],[129.20108952356006,35.84448960211789],[129.20107466566932,35.84446186828421],[129.20106040500173,35.84443392616906],[129.20104675262573,35.84440577575431],[129.2010337086088,35.84437744407758],[129.20102126188095,35.8443489311574],[129.2010094346026,35.844320245969705],[129.2009982267956,35.84429139752709],[129.200987638482,35.84426239484223],[129.20097766966128,35.84423323791537],[129.20087823171997,35.8438292191532],[129.20086380666973,35.84366918099636],[129.20086896406954,35.84356272573896],[129.20087662431823,35.84347888771562],[129.20088788599742,35.84337896540463],[129.20089517636964,35.84332868155038],[129.20090355178314,35.84327851305726],[129.20091299012088,35.84322846897415],[129.2009235024722,35.84317855829512],[129.20093508892543,35.84312881706971],[129.20094773840975,35.843079245315884],[129.20096143987686,35.843029852064234],[129.2009762044841,35.84298067334597],[129.200992021138,35.842931700166545],[129.2010088899272,35.842882968575466],[129.2010267887122,35.84283447860903],[129.2010457286052,35.84278624827333],[129.2012190315528,35.84239200565664],[129.2013004656185,35.84222444493277],[129.2015900344344,35.8415752788427],[129.20185562670042,35.84098007381353],[129.20191424470212,35.84084299493494],[129.2020373893585,35.84056388836786],[129.20207490094515,35.840480369920115],[129.20220602560394,35.840214714535094],[129.20230811087012,35.83999508034399],[129.20205961898083,35.83999822613059],[129.20208987871936,35.839931627244106],[129.20214244858732,35.83981950495787],[129.2021762538232,35.83974559098142],[129.2021866452851,35.83972288012477],[129.20219068013418,35.83969886405691],[129.20220483363315,35.83966687304154],[129.20241559945902,35.839188280926116],[129.20242235710282,35.83917306552004],[129.20245152264135,35.83910733356487],[129.2024900430827,35.83902051470246],[129.20272010790845,35.838502171582306],[129.20277943870292,35.83847329526563],[129.2028425609088,35.83844244783922],[129.20293862320065,35.83846007754775],[129.203000646316,35.838471707853415],[129.20310509595137,35.838488341000385],[129.20326801071778,35.83851456435584],[129.20366002167643,35.83857711026039],[129.20373250455083,35.838588731603295],[129.20379943886434,35.838599037404066],[129.20407764362852,35.83864330684272],[129.204319174255,35.838681274707135],[129.2045986768798,35.83872644199888],[129.20477434617072,35.838753759304005],[129.20507817712343,35.838803075141286],[129.20521722109322,35.83882591153432],[129.20539300066426,35.83885290329662],[129.20566046461198,35.83889473588741],[129.20573769808902,35.838907014874195],[129.20572986965988,35.83893603945393],[129.20571835177682,35.83898522227879],[129.2057085168939,35.83903464558002],[129.20570037599015,35.83908427328918],[129.20569392895308,35.839134060344286],[129.2056891757165,35.83918397970823],[129.20568613830505,35.839233986281236],[129.20568484572325,35.839282439737126],[129.20568436510655,35.83931084798841],[129.20568395917834,35.83933384860616],[129.2056835378153,35.83937673986165],[129.20568244857282,35.83942679719767],[129.20568243070414,35.83943278153526],[129.20568160021938,35.83948015270293],[129.20568079877668,35.83953021856162],[129.20568110350797,35.83955842720209],[129.20567923942517,35.8396084678282],[129.20567906888155,35.839658532613846],[129.2056793632983,35.83967407869412],[129.20567728891137,35.83972411967652],[129.2056769191343,35.83977418479974],[129.20567712017623,35.83978784742365],[129.20567531142848,35.83983788795379],[129.20567521838507,35.83988796161832],[129.20567569946496,35.8399029215677],[129.2056660556683,35.83992762321827],[129.20564904486375,35.83997573385989],[129.20563369528278,35.840024220202196],[129.2056199957215,35.84007302818977],[129.20560796825046,35.84012213074811],[129.20559762382578,35.8401714827965],[129.2055889734496,35.840221057279194],[129.20558200591805,35.84027080014062],[129.2055767433021,35.840320684305894],[129.20557317442075,35.8403706647318],[129.20557132134522,35.8404207143433],[129.20557112243634,35.84042948385261],[129.20557092258102,35.84043788385075],[129.205570734279,35.84044647309186],[129.20557054454562,35.84045450355985],[129.2055703456829,35.840463291094146],[129.2055701155767,35.84047284474475],[129.20556986774258,35.840484119814725],[129.20556961732282,35.84049438548793],[129.2055694191063,35.84050342537128],[129.20556914002862,35.84051546655758],[129.2055688222401,35.84052967982424],[129.20556851205728,35.840542541201565],[129.20556833219172,35.840550103002144],[129.20556812496085,35.84055994501406],[129.20556784445156,35.84057142742705],[129.20556767396914,35.84057833129856],[129.20556756507332,35.84058335145096],[129.20556743510227,35.840588786214724],[129.20556703204906,35.8406388513869],[129.20556832248948,35.840688913682804],[129.2055713284255,35.840738918989814],[129.20557603872234,35.840788840289285],[129.20558139391034,35.84083125307311],[129.2055733745271,35.84088088956526],[129.20556704907176,35.84093069441746],[129.2055624395693,35.84098062253004],[129.20555952377035,35.84103062887849],[129.20555865285965,35.841057929245366],[129.20555850370488,35.841064517642316],[129.20555843405006,35.84106757300094],[129.20555834452028,35.8410715116191],[129.2055582051645,35.8410776043114],[129.2055580851066,35.841082588432386],[129.20555793523621,35.84108889744272],[129.2055578463065,35.84109307038512],[129.20555776609086,35.84109632403683],[129.20555761624357,35.84110264205955],[129.20555755647993,35.84110523776346],[129.2055574967395,35.84110784247986],[129.2055572980818,35.84111671112539],[129.2055571104465,35.84112556172711],[129.2055568699149,35.841135367744585],[129.20555678063886,35.841139405499874],[129.20555668080206,35.841143641548285],[129.20555647109856,35.841152519225],[129.20555625178076,35.84116196470605],[129.20555589283245,35.84121196671099],[129.20555724968895,35.84126202888934],[129.20556029991613,35.841312034116605],[129.205565065562,35.841361946305135],[129.20557152442322,35.841411738454944],[129.20557967638766,35.84146136550335],[129.20558952136585,35.84151079140018],[129.20560104817665,35.84155997110144],[129.20561425673105,35.84160886855681],[129.2056291137331,35.84165744777224],[129.20563232660473,35.841667229897396],[129.20563174855977,35.8417094634891],[129.20563039361036,35.8417595212566],[129.20563033663612,35.84176752445987],[129.20562930476396,35.84181407581273],[129.20562834830957,35.84186414191489],[129.20562834226808,35.84187042364266],[129.20562696515353,35.84192047243398],[129.20562689558602,35.84192788083294],[129.2056260046166,35.84196462633753],[129.20562533619952,35.8420018311018],[129.20562435373114,35.84204606615456],[129.2056234304549,35.84209612318594],[129.20562422288634,35.842146195327345],[129.2056267197984,35.84219621951038],[129.205630910056,35.84224616871617],[129.20563681570772,35.84229600685723],[129.2056444255724,35.84234568888974],[129.20565371742305,35.84239517880095],[129.20566469117048,35.8424444405408],[129.20567734672522,35.84249343805878],[129.20569166186021,35.84254213534226],[129.20570763643966,35.84259047831581],[129.20572525935134,35.84263844897261],[129.20574450834474,35.84268600228717],[129.20576537226106,35.84273310222782],[129.20578782884954,35.84277970376885],[129.20581187806633,35.842825788884554],[129.20583747552246,35.84287131258692],[129.20586463217342,35.84291622979383],[129.20589330369938,35.84296052255454],[129.20592346787183,35.84300415485577],[129.20595511350777,35.84304708165298],[129.20598821840164,35.84308927594527],[129.20602273820964,35.84313071076939],[129.20605867281745,35.84317134106188],[129.20609596683485,35.843211148890575],[129.20613460910124,35.843250098223464],[129.20616350401718,35.84327783456491],[129.20618085836713,35.84329435196408],[129.206221191301,35.84333214478794],[129.20626279484063,35.843369016157375],[129.20630564673243,35.84340492104623],[129.20634970267767,35.843439850516575],[129.20639492937647,35.84347376857353],[129.20644130464436,35.843506657228815],[129.20648877302006,35.84353847151315],[129.206537323434,35.843569211444155],[129.2065868893787,35.84359884108404],[129.2066374597145,35.84362733341303],[129.20668896797974,35.84365467051841],[129.20674140305798,35.843680834393],[129.20679469846397,35.84370579811148],[129.20684883203478,35.84372955269838],[129.20688670611042,35.84374507959973],[129.20687187307803,35.844341669605505],[129.20684615309156,35.8443477879892],[129.2068329254417,35.84435207350764],[129.20681967662793,35.84435673758602],[129.20677757202702,35.84437486156723],[129.20674163412744,35.8443934526633],[129.2066880473682,35.84443173916925],[129.2066543664843,35.84446281771428],[129.20661836813952,35.84450524694697],[129.2065979003409,35.84453928605834],[129.20658757498018,35.844561627651686],[129.20582193538817,35.844580497365044],[129.20556488103963,35.84458682836659],[129.20547684765867,35.8445910695159],[129.20528468840405,35.84459605502537],[129.20501367746218,35.84460306642969],[129.2048081142076,35.844608380303875],[129.20471999911422,35.84461098977402],[129.20449755779862,35.84461727797374],[129.20432293187662,35.844622214298504],[129.2040675036656,35.844628241940256],[129.20401611300977,35.84462964439002],[129.20386032528017,35.844633989516446],[129.20370348438584,35.84463771435035],[129.20363575868748,35.84464033377526],[129.20334326255124,35.844647503729156],[129.2032128424313,35.84465070587582],[129.20303115298137,35.8446551564935],[129.20292178527083,35.84465789942581],[129.2027765900647,35.84466201810331],[129.20272025163717,35.844663500386844],[129.202720333078,35.844669448502756],[129.2026381087193,35.84467287573216],[129.20234748121163,35.84467053194355],[129.20225769981914,35.8446708532179]]],[[[129.20685172898658,35.84716755571411],[129.2068517562264,35.847405674896834],[129.2068301663581,35.84749421452817],[129.20682731787164,35.84763451695727],[129.20682691534327,35.84765442625367],[129.2068245465952,35.84777042115203],[129.20682185480604,35.84790281033368],[129.2068199582576,35.84799586761378],[129.20677200027615,35.84800280806486],[129.2067117742686,35.84801294184911],[129.2066519280942,35.84802442682926],[129.2065924838895,35.848037262968134],[129.20653350804614,35.84805144114061],[129.20647503372368,35.848066943265664],[129.206417105175,35.84808376025614],[129.20635977772233,35.848101883006066],[129.20630309561847,35.84812130242823],[129.20624709197753,35.84814198241722],[129.20619182216873,35.848163931892095],[129.20613731930607,35.84818711474749],[129.20608362766646,35.84821153090898],[129.206030791434,35.848237144252515],[129.20597884379293,35.848263945710286],[129.20592782895102,35.848291908170616],[129.20587779113944,35.84832101353448],[129.20582877458955,35.848351243702965],[129.20578080134706,35.84838256258972],[129.20573390459725,35.84841496112716],[129.20568815066517,35.848448403153746],[129.2056435395042,35.848482870645896],[129.20559667591775,35.848515296110534],[129.20555094407905,35.84854876508442],[129.20550636608067,35.84858325950643],[129.20546298610913,35.848618743252764],[129.20542083732732,35.84865519824347],[129.20537994178233,35.84869258839231],[129.2053403326376,35.84873089561945],[129.20530205408033,35.84877008380112],[129.2052651281582,35.84881011685123],[129.20522957694254,35.84885096769609],[129.2051954335744,35.84889260924316],[129.20516272012514,35.84893501441878],[129.20513148073707,35.848978129074325],[129.20510170431885,35.84902194421717],[129.20507344610573,35.84906641469244],[129.20504671707712,35.84911150443243],[129.20502152821268,35.84915717736968],[129.20499791265493,35.84920340641148],[129.20497588138343,35.84925015549025],[129.20495545642518,35.84929737950688],[129.20493664876048,35.84934504239381],[129.20491948046248,35.8493931170768],[129.2049039514416,35.84944156750667],[129.20489008372545,35.849490348584375],[129.20487787720154,35.84953941524813],[129.20486866547654,35.84958214105703],[129.20485393383058,35.849630752354294],[129.20484086344777,35.84967967627542],[129.20482947637885,35.84972887673337],[129.2048197614648,35.84977831769776],[129.20481174073325,35.84982795406908],[129.20480541411845,35.84987775881041],[129.2048011157711,35.84992419845842],[129.20478401300286,35.84992429949548],[129.2033732913986,35.84988769894702],[129.2033549143901,35.84988732425934],[129.20318760634697,35.849884000220406],[129.2029896216854,35.84987992528345],[129.20292129089046,35.84987266763],[129.2028943306149,35.849713083499665],[129.20285123992332,35.84945648884581],[129.2028193010351,35.84929790440476],[129.20281087985492,35.849268420613505],[129.20279063916084,35.849205105686096],[129.2026785253956,35.84888135728272],[129.20266584667,35.848844778759904],[129.20262015497642,35.84871059607862],[129.2024688765481,35.84826344177816],[129.20239690839807,35.84805994275776],[129.20238007880687,35.84801019486677],[129.20233374204378,35.84787442693513],[129.20230015163946,35.84777579621414],[129.2022598937819,35.84766254933666],[129.20224331001933,35.847618037274174],[129.20221400991284,35.84753941611741],[129.2022015286657,35.8475019629944],[129.2021057722093,35.84723645244417],[129.2020960684362,35.84721175637054],[129.20205250356952,35.847086194845545],[129.20211255815127,35.84708714905608],[129.2022184409023,35.8470882339777],[129.20225230039597,35.84708736628635],[129.20230086322908,35.847083301614724],[129.2023956635633,35.847079276787895],[129.2024299626472,35.84707714656153],[129.20252763589042,35.84707108000146],[129.20265332168336,35.84706327211951],[129.2027254398457,35.84705897857762],[129.2027301721416,35.84708310612687],[129.20276468422506,35.84708203892323],[129.20278673011623,35.84708021751877],[129.20290926621732,35.847070062383175],[129.2030012791836,35.84706690695085],[129.20302973922995,35.84704077704587],[129.2032145475829,35.847002515301185],[129.20331519237433,35.84697660660049],[129.20337846304997,35.84695372572707],[129.20343694689535,35.846924598190334],[129.20344631395648,35.84690802648521],[129.2034638529847,35.846905608693746],[129.20354500841867,35.846894458982284],[129.20363165018168,35.84686860059936],[129.2037194262136,35.84682736492012],[129.20374246022627,35.84680493910249],[129.20372814840863,35.84639987833871],[129.2037509486329,35.8463813372993],[129.20375019769324,35.84630356969472],[129.2037315048634,35.84626567655384],[129.20372799027066,35.846228596027956],[129.2037156046549,35.84622028932186],[129.2037115016346,35.846095310863],[129.20370775989633,35.84599927093502],[129.20369370355058,35.845638028465764],[129.20366906679982,35.84555656986599],[129.20365420017362,35.84553018824783],[129.20364433857316,35.84547830183963],[129.20357349255815,35.84546859737666],[129.20355033808437,35.845465220575576],[129.20351382929374,35.84545997359704],[129.20350967814502,35.84544245125936],[129.20353614169014,35.845415026784686],[129.20356622449702,35.84538308996667],[129.20357083322136,35.84537153720092],[129.20359456974833,35.84531202377853],[129.20362795320972,35.845184936405275],[129.20364365837975,35.84511431505313],[129.20364805902122,35.84507312051286],[129.20365784068704,35.8449757690271],[129.2036601032639,35.84491646295184],[129.20367955391228,35.84491725937611],[129.20374768732168,35.844913819102175],[129.20409911734544,35.844902457133365],[129.20423212740457,35.844899006317185],[129.20424871938536,35.84489869893458],[129.20472310171917,35.84488559549156],[129.2048246214456,35.844882792099654],[129.20503284305957,35.84487355325489],[129.2053272182446,35.844860734173956],[129.20573856640794,35.84484542643103],[129.2058750874672,35.84484715903043],[129.20598135809527,35.84484093985484],[129.20623348907642,35.84484386317784],[129.20632375209155,35.84484136609899],[129.2066309451657,35.84483287501373],[129.20663766341286,35.84484977099914],[129.20665840331668,35.84488267628623],[129.2066830654034,35.84490411096931],[129.20673661369335,35.84494098880359],[129.2067568952863,35.844954950576195],[129.20678442295,35.84496725067836],[129.20681945897866,35.844985170758484],[129.20687847614133,35.845000796716185],[129.20687720254816,35.84519803750027],[129.20687558368527,35.845312886577716],[129.2068695232335,35.84553398261164],[129.2068676541945,35.84567631122627],[129.20686653577948,35.845779190837774],[129.2068649511091,35.84595883071382],[129.20686343344002,35.84606571255299],[129.2068631461279,35.846087370082955],[129.20686197329863,35.846173441467066],[129.20685795810567,35.84647085182343],[129.2068548702421,35.84674153851882],[129.20685251403683,35.84706846194593],[129.20685172898658,35.84716755571411]]]]}},{"type":"Feature","properties":{"godo_no":"?","godo_nm":"고도지구(높이 미확인)","h_max":null,"kind":"최고","conf":"none","area_m2":90675,"gosi_last":"미기재","src":"V-World LT_C_UQ123 + 경북고시 2020-479 조서·도면","h_cls":"미확인","lbl":"고도지구(높이 미확인)"},"geometry":{"type":"MultiPolygon","coordinates":[[[[129.27613800879044,35.894898773164954],[129.2763082392802,35.89492470000366],[129.2764382175529,35.894946978606235],[129.27662622739342,35.894983057328155],[129.27679028796766,35.895018343488516],[129.27695283142495,35.89505687737228],[129.27703407920237,35.89508040265119],[129.27724493940636,35.89514830487662],[129.2773649527692,35.89518742251419],[129.27753291497348,35.895242444889305],[129.2775834736146,35.89526036250871],[129.27781756956034,35.89534330609628],[129.27783380061604,35.8953477569315],[129.27784996574908,35.89535236112729],[129.27786606492847,35.89535710967123],[129.27788208710936,35.89536201160127],[129.2778980544129,35.89536705785404],[129.27791393364186,35.89537225751834],[129.27792974691747,35.89537760153086],[129.27794548319488,35.89538309892961],[129.2779611424115,35.89538873168989],[129.27797672463015,35.89539451783634],[129.27799221874332,35.89540044838216],[129.278007635796,35.8954065142896],[129.27802295369855,35.89541273363427],[129.27803819454058,35.895419088340645],[129.27805333620137,35.89542558747204],[129.27806838975712,35.89543223100301],[129.27808335517625,35.895439009921105],[129.27809822141452,35.895445933264455],[129.27811297733265,35.895452983033834],[129.27812764514596,35.895460177202864],[129.27814221374692,35.89546750678474],[129.27815667205942,35.895474971805186],[129.27817102008345,35.89548257226401],[129.27818526889538,35.89549030813586],[129.27819939631146,35.89549817045954],[129.27821342451537,35.89550616819625],[129.27822733132348,35.89551429238476],[129.27824112781204,35.89552254299964],[129.2782548029363,35.89553092907881],[129.2782683677097,35.895539432571944],[129.2782818000426,35.89554807155502],[129.27829512202456,35.89555682795227],[129.278308311535,35.895565710826986],[129.27832137964975,35.89557472015398],[129.2783343152614,35.89558384694621],[129.27834712944613,35.89559309117829],[129.27835981112773,35.89560245287588],[129.27837234926153,35.89561194107671],[129.27838476593706,35.89562153770513],[129.2783970390334,35.89563125182469],[129.27840917959523,35.8956410743975],[129.278421176578,35.89565101446151],[129.2784330410576,35.89566107199112],[129.27844475081906,35.895671229012855],[129.27845632804602,35.895681494488024],[129.27863169828046,35.895849829298356],[129.2787569544923,35.89599117022216],[129.2787674310219,35.896006575281625],[129.27877412261597,35.896026062688264],[129.2787748640783,35.89604493296352],[129.2787710448813,35.89606142547953],[129.27876301394832,35.89607713462705],[129.27834291240708,35.89660236467795],[129.27830860393445,35.89665186781513],[129.27827479733466,35.8967055515435],[129.2782433672975,35.89676103226735],[129.27821402875855,35.896819148799395],[129.27818404952114,35.896887324648375],[129.27815811830854,35.89695698722396],[129.2780111792931,35.89737451904901],[129.27796549608797,35.89751042319363],[129.27767905574186,35.898326281578804],[129.27763348050735,35.8984616986595],[129.27754769784283,35.898712260532456],[129.27743882110303,35.8990302521496],[129.27741487601477,35.89908531889353],[129.27737913165333,35.899139664709004],[129.27734425313398,35.89917859731074],[129.27728957097307,35.89922438876186],[129.27722642171926,35.89926253007114],[129.27716087753993,35.89929042973932],[129.27708750864682,35.89931065073378],[129.27699747161094,35.899321987641045],[129.27694742798155,35.89932234576986],[129.2758988680045,35.8992936985007],[129.27583808839145,35.89924194392851],[129.27585798596414,35.89844701321122],[129.27585979627412,35.89837458536965],[129.27588132081922,35.89751520308253],[129.27588287744297,35.89745272550836],[129.27588289698323,35.897451968421365],[129.27588473068195,35.89737991002272],[129.27588473936348,35.89737921604744],[129.27588490843561,35.8973511780569],[129.27588807044287,35.89680386523504],[129.27588580262662,35.89672445306081],[129.27588691715317,35.896578809968226],[129.27588739136095,35.89651722708595],[129.27588790309707,35.89645047099377],[129.27588985139244,35.89619658693778],[129.27589019546284,35.89615185755714],[129.2758929904644,35.89578706482108],[129.27589419748824,35.89562971437174],[129.2758952075342,35.89549873468519],[129.27589874083108,35.89495953201654],[129.27589895100726,35.89492414880448],[129.27596647239727,35.89487633687283],[129.27613800879044,35.894898773164954]]]]}},{"type":"Feature","properties":{"godo_no":"17","godo_nm":"황성지구","h_max":15,"kind":"최고","conf":"approx","area_m2":4773,"gosi_last":"경북고시 2020-479 (고도지구 정비)","src":"V-World LT_C_UQ123 + 경북고시 2020-479 조서·도면","h_cls":"15m","lbl":"황성지구\n15m 이하"},"geometry":{"type":"MultiPolygon","coordinates":[[[[129.22035955997583,35.86028996401591],[129.220517727715,35.860657024312644],[129.2203013737559,35.86073886428358],[129.2201823910579,35.8607838729253],[129.2199831129609,35.860859246331444],[129.21980291296413,35.86092741081096],[129.21958196707067,35.86101078093759],[129.21916139769417,35.86116946925097],[129.21890651636352,35.86126501237933],[129.2188209105972,35.86129709846429],[129.2187223311596,35.86133404764598],[129.21878210187077,35.86129189636188],[129.21890102425962,35.861208018410316],[129.21914296190562,35.86103518071345],[129.2194034399678,35.860849042535165],[129.21962015973526,35.860694184434735],[129.21972717617209,35.86061750120646],[129.22002170506215,35.86040643440028],[129.22004232722946,35.86039295027392],[129.220145840973,35.860319084934666],[129.2201651775134,35.86030512546561],[129.22018549045063,35.86029193928901],[129.22020797791563,35.8602763788691],[129.22023103263285,35.86026177273473],[129.22035955997583,35.86028996401591]]]]}},{"type":"Feature","properties":{"godo_no":"8","godo_nm":"도심10m지구","h_max":10,"kind":"최고","conf":"area","area_m2":228252,"gosi_last":"미기재","src":"V-World LT_C_UQ123 + 경북고시 2020-479 조서·도면","h_cls":"10m","lbl":"도심10m지구\n10m 이하"},"geometry":{"type":"MultiPolygon","coordinates":[[[[129.21374771046698,35.840256222016116],[129.21375517829566,35.840146905126154],[129.21376067105953,35.84001915213015],[129.21376532969052,35.83991067836067],[129.21377296298314,35.83971393082254],[129.2137759491302,35.83963411978039],[129.21377687737322,35.83958785693146],[129.21378172831837,35.839464340935834],[129.2137830859965,35.83942970346405],[129.21379058006428,35.839267969754985],[129.21379557620952,35.83915326773021],[129.21379730670031,35.839125623305534],[129.21380513155904,35.83892189971849],[129.21380605196694,35.838897627402524],[129.2138111029197,35.83867059334345],[129.21381218334383,35.838644067616144],[129.213816815515,35.83852987092238],[129.21381963023802,35.8384937528187],[129.21382378353243,35.8384407609293],[129.2138264367635,35.838352352521845],[129.21382765544587,35.83832371762107],[129.2138268578603,35.83829854708704],[129.2138266025955,35.8382733665821],[129.21382688967478,35.838248185118736],[129.21382770805346,35.83822301172906],[129.21382906884728,35.83819786441846],[129.2138309720077,35.83817272516186],[129.21383340656217,35.838147630028864],[129.21383638353018,35.83812256097469],[129.21383989191517,35.83809754505645],[129.2138439427848,35.83807258225448],[129.21384852509445,35.83804768160075],[129.2138536499118,35.83802284307565],[129.21385929517206,35.837998093755544],[129.2138667867475,35.837968411328504],[129.21391625565948,35.83782078006732],[129.21398624058375,35.837621741189004],[129.2140234518986,35.83755119754107],[129.21409022271408,35.83741294466178],[129.21435842303563,35.836860489542545],[129.21436580248962,35.8368469486889],[129.21437260587297,35.83683321057991],[129.21437647904725,35.836824677881395],[129.2144511049814,35.83670638260121],[129.21446702855974,35.83668440891261],[129.2144822596379,35.83666422993925],[129.2144979118712,35.836644266517766],[129.2145140074439,35.836624536633686],[129.21453051312753,35.836605031333264],[129.21454742894608,35.83658575962868],[129.2145647660156,35.83656673952525],[129.21458250220002,35.836547971061925],[129.2146006374991,35.83652945423851],[129.2146191719127,35.83651118905497],[129.21463737319306,35.83649251889628],[129.2146534991785,35.83647590726892],[129.21466669061857,35.83646286980019],[129.21468014816838,35.83645001210827],[129.21469388294418,35.83643735219828],[129.2147078949459,35.83642489007023],[129.2147221620374,35.83641262576316],[129.21473669531102,35.83640056826981],[129.21475148369873,35.836388717609914],[129.2147665272004,35.836377073783176],[129.2147818037283,35.83636565485382],[129.21479733539445,35.83635445176997],[129.2149474352151,35.83622869501534],[129.21517467728694,35.83609010229946],[129.21534985562963,35.835988931646106],[129.21555149519668,35.83590767632585],[129.21590145449025,35.835702432340454],[129.21645273398536,35.83564775998438],[129.21683533493416,35.835616702845115],[129.21723722512135,35.835584960960404],[129.21752146588776,35.835660434858504],[129.2177855495404,35.83571036684742],[129.21780153658608,35.83571218563855],[129.21797185054407,35.83572865125559],[129.2181152631237,35.835742785821026],[129.21829637848748,35.83575073270676],[129.2184932352995,35.835743446785514],[129.21880105299928,35.83575820283425],[129.21902837414603,35.835769102274185],[129.22011976219244,35.83582141315071],[129.2203620163427,35.83583303093897],[129.22087376663703,35.83585754917558],[129.22093524786513,35.835861096007456],[129.22102345824325,35.835864648059],[129.22102590492113,35.835864886927396],[129.22102834063037,35.83586516186582],[129.22103076537113,35.835865472874346],[129.22103319021127,35.83586581993263],[129.22103560405787,35.835866194048606],[129.22103801802882,35.835866613226735],[129.22104040993833,35.835867059482794],[129.22104280194725,35.83586754178859],[129.22104518296274,35.8358680511519],[129.22104754194189,35.83586859660556],[129.22104990104503,35.835869187121595],[129.2210522380623,35.83586979570288],[129.22105456413567,35.83587044936665],[129.22105687921575,35.83587113008796],[129.22105918332727,35.835871846879485],[129.2210614653775,35.83587259074865],[129.22106372539136,35.835873370708114],[129.2210659744118,35.835874177725245],[129.22106821246373,35.835875020812374],[129.2210704174113,35.83587590001004],[129.22107261136554,35.83587680626523],[129.2210747943264,35.835877739577974],[129.221076944183,35.83587870900129],[129.22107907197815,35.83587970550245],[129.221081188805,35.83588073807363],[129.2210832724778,35.83588178873026],[129.2210853452069,35.83588288446955],[129.22108738478198,35.835883998294406],[129.22108940232062,35.83588514820956],[129.22109139777316,35.83588631619007],[129.22109336012153,35.83588752028096],[129.22109530040848,35.83588875144984],[129.22109721863416,35.835890009696485],[129.22109910373086,35.83589129504117],[129.22110096676622,35.83589260746364],[129.22110279664753,35.83589393797169],[129.2211046044925,35.835895304570094],[129.22110636814037,35.835896698286746],[129.22110812077008,35.83589811004852],[129.2211098292027,35.83589954892864],[129.22111150448137,35.835901005894286],[129.22111315772364,35.83590249895025],[129.22111477778694,35.83590400107937],[129.22111636474602,35.83590553931896],[129.2211179185263,35.83590708663171],[129.22111942813433,35.83590867007518],[129.22112091563147,35.83591026257165],[129.22112236999936,35.83591188216607],[129.22112378014532,35.83591351986635],[129.22112515713738,35.83591517565232],[129.2211265010002,35.83591685853623],[129.22112781168423,35.83591855049338],[129.2211290781711,35.83592026956875],[129.22113032257195,35.835922006709545],[129.22113151165811,35.83592375296389],[129.22113267865814,35.83592551728374],[129.22113379036836,35.83592729972945],[129.2211348799925,35.835929100240705],[129.22113592539455,35.83593091885773],[129.22113692655006,35.83593274656813],[129.22113789452655,35.83593458335176],[129.22113881828116,35.83593643824114],[129.22113970888174,35.83593831121615],[129.22114054416764,35.83594019330477],[129.22114135734245,35.835942084446316],[129.2211421152027,35.83594398470139],[129.2211428399089,35.83594590304218],[129.22114352036834,35.83594783047632],[129.22114416762392,35.83594975797114],[129.22114477065762,35.83595170357182],[129.22114532944448,35.835953658265936],[129.22114584395968,35.8359556130409],[129.22114631422818,35.8359575769092],[129.22114675131772,35.835959549850784],[129.2211471330925,35.83596153190589],[129.22114748166354,35.835963514021635],[129.2211477859629,35.83596549621837],[129.2211480460403,35.83596749652095],[129.2211482728892,35.835969487871786],[129.22114844442316,35.83597148833613],[129.22114858275347,35.83597348886126],[129.22114866574412,35.835975489487545],[129.22114871553103,35.83597749017443],[129.22114872104632,35.83597949094229],[129.2211486823147,35.835981500803555],[129.22114859928655,35.83598350173317],[129.2211484830546,35.835985502723624],[129.2211483114583,35.83598749480261],[129.22114810668288,35.83598949595479],[129.221147846543,35.83599148819573],[129.2211475531747,35.83599347148486],[129.2211472155345,35.835995454854874],[129.22114683362256,35.83599743830583],[129.22114641848205,35.83599941280498],[129.221145947977,35.836001378392794],[129.2211454442434,35.836003335028884],[129.22114489623803,35.83600529174582],[129.221144303936,35.836007239531234],[129.22114366731267,35.836009169372694],[129.22114299748537,35.83601109927465],[129.22114228336164,35.83601302024528],[129.2211415249165,35.83601492327175],[129.22114073324263,35.83601681734647],[129.22113989727208,35.836018702489625],[129.22113901698015,35.83602056968868],[129.22113810345962,35.83602242793608],[129.22113714564242,35.8360242772518],[129.22113614350374,35.83602610862361],[129.22113510811155,35.83602792203111],[129.22113403949078,35.83602972648677],[129.22113292654848,35.836031512998424],[129.22113176928477,35.83603328156612],[129.22113058986022,35.836035041161644],[129.2211293550216,35.83603677382103],[129.22112809802204,35.83603849750833],[129.22112592534026,35.8360412953582],[129.22090051491574,35.83617401980751],[129.22087895680414,35.83618291846467],[129.22082117139234,35.8362153247863],[129.2207068050258,35.83627947723537],[129.22064435597866,35.836314505607234],[129.2205829346124,35.83634895527215],[129.2203738519898,35.83647112234727],[129.22031227855186,35.8365067077269],[129.22022775866338,35.83655354640803],[129.22015536188198,35.83659365766259],[129.2201179423031,35.83661439143356],[129.21997020161106,35.83669765634069],[129.21989146056086,35.83674107754893],[129.2198462573419,35.836768927239845],[129.21980038005225,35.83679718370116],[129.21956358387683,35.836969112718315],[129.21946695422994,35.83704011735564],[129.2193662501459,35.83711473430634],[129.21928373523806,35.83717476300312],[129.21912385715476,35.83731706278697],[129.21909620942955,35.83734158182145],[129.21895008684157,35.83747113079706],[129.21893278931603,35.837488105617204],[129.2188615128913,35.83755807251136],[129.21878178185258,35.83763675172301],[129.21870750497783,35.837722703131725],[129.2186397147131,35.83780081991341],[129.21855443830856,35.83791210724333],[129.21848341157553,35.838004929185495],[129.21846145073235,35.83802879791499],[129.2183300743541,35.838217324406656],[129.21827430934997,35.8382976003059],[129.21824579070682,35.83833989338281],[129.21818320659168,35.83843613368043],[129.21814624317568,35.83847859517244],[129.21812027403186,35.83852639927827],[129.21808699209305,35.83858767223575],[129.2180781609916,35.83860448747047],[129.218040090879,35.83867555662928],[129.21799059191318,35.83876877207671],[129.2179194495737,35.83890105064912],[129.21791089329938,35.838917198450204],[129.21784749763245,35.83903689958815],[129.21780076497583,35.83912591014281],[129.217788640202,35.839144506747694],[129.2177551198986,35.83920786192638],[129.21766677112268,35.83937490551318],[129.21761360804837,35.83947643691992],[129.2175321225217,35.83963174278442],[129.21740849769282,35.839864217304815],[129.2173736573186,35.839926718553976],[129.21731559695846,35.840038938440095],[129.21729132891906,35.840085838050015],[129.21726597467452,35.840140373199056],[129.2172576655848,35.84017023754342],[129.21724998768727,35.84020020890389],[129.21724296311908,35.84023028724096],[129.21723659183252,35.84026045452959],[129.21723085171553,35.84029071982223],[129.2172257758768,35.84032104700951],[129.2172213422288,35.84035145415614],[129.2172160822259,35.840395525746935],[129.217195725667,35.84044815026783],[129.2171664489248,35.84050119635739],[129.2171481420516,35.84051777617496],[129.2171063388391,35.840555667666564],[129.21706328724804,35.840586270264744],[129.21700947802077,35.84063364639133],[129.2169712014629,35.840670017409415],[129.21689567983844,35.84074357769766],[129.2168478905113,35.84078640065688],[129.21683209008887,35.84078847481059],[129.21671009424523,35.840805898235175],[129.21658300299637,35.84082192470509],[129.21651754660755,35.84083146892864],[129.21646050910454,35.840839402842896],[129.21642881927946,35.84084340700545],[129.21627911005362,35.840853624489654],[129.21618775013334,35.84086623401936],[129.21614072825247,35.84087362716224],[129.2160911799771,35.8408800063851],[129.2159615526976,35.840899749879654],[129.21575592647,35.84092308055496],[129.215735351129,35.840923567864415],[129.21553009976324,35.8409299179224],[129.21548853188602,35.84092804525128],[129.21537274891494,35.840922167937215],[129.2153426711611,35.840920608227606],[129.21526863770558,35.84091004210645],[129.21520560891025,35.840900366632454],[129.21516896564248,35.84089400587677],[129.21513246487086,35.84088712213105],[129.21509611766436,35.84087971537596],[129.21505993514094,35.84087180361674],[129.2150239283213,35.84086336880904],[129.21498809727862,35.84085443799027],[129.21495247514687,35.840844984064326],[129.21491706199905,35.84083503406877],[129.21488185781166,35.84082457899133],[129.21484689581527,35.84081362778563],[129.21481216494178,35.8408021804715],[129.21477768735303,35.84079024602246],[129.2145197316808,35.84068231015637],[129.2138378758934,35.84041434039008],[129.21380099286503,35.840351110714906],[129.21374771046698,35.840256222016116]]]]}},{"type":"Feature","properties":{"godo_no":"7","godo_nm":"도심15m지구","h_max":15,"kind":"최고","conf":"zone","area_m2":140004,"gosi_last":"경주시고시 2024-241 (황오1지구 지적재조사)","src":"V-World LT_C_UQ123 + 경북고시 2020-479 조서·도면","h_cls":"15m","lbl":"도심15m지구\n15m 이하"},"geometry":{"type":"MultiPolygon","coordinates":[[[[129.22232266930362,35.845591799496496],[129.22232625139486,35.84572997253843],[129.22234616731387,35.84643342447097],[129.22234932065356,35.84654069442843],[129.22235194174078,35.846619684146894],[129.2223561450973,35.8467463380513],[129.22236126406307,35.84688781582671],[129.22236453366537,35.84694119083341],[129.22237964783452,35.847206193527356],[129.22239404473638,35.84743604879298],[129.22240019042965,35.84759645090311],[129.22232560904058,35.84765034752744],[129.2220599137618,35.847841233505285],[129.22175981134941,35.8480396262894],[129.2217217049204,35.84806595854657],[129.22167142303047,35.84810073077236],[129.22157597805045,35.8481679856237],[129.22153370776365,35.848197768220295],[129.22124828865745,35.8483988906534],[129.2209140235907,35.84863441217615],[129.2207284063581,35.848775210705],[129.220467550593,35.84896153299964],[129.22035900301543,35.849039057960596],[129.2202232547436,35.84913601821408],[129.22022511185972,35.8484941630357],[129.22022563489173,35.8483137770037],[129.22019019222242,35.844641789520004],[129.22019860957258,35.84423631982275],[129.22019981555795,35.84355474720701],[129.22020062725935,35.8430279108925],[129.22020034634645,35.84294171582694],[129.22019661189444,35.841791060221055],[129.22019285193818,35.84175198884388],[129.22037084890576,35.841743895989545],[129.22043960957652,35.84174038202608],[129.22057457997246,35.841735521633076],[129.22094901747835,35.841720490500244],[129.2210561482872,35.84171506755439],[129.22111336536952,35.84171198887181],[129.22125912175582,35.841704963021094],[129.22130172910974,35.84170227146653],[129.221389712978,35.84169760424512],[129.22156779095846,35.84169087937087],[129.2216029857404,35.841689463035095],[129.22163463878107,35.84168814330238],[129.2218626298892,35.84167889316718],[129.22208188289773,35.84167191176613],[129.2221713769966,35.841669034688756],[129.22216971845424,35.84169365088396],[129.2222147143445,35.84255309072623],[129.2222318023656,35.84284785830641],[129.22223560454876,35.84298967206175],[129.22226890586273,35.843550972595146],[129.2222936516839,35.844156359914756],[129.2223055275309,35.844207799471185],[129.22229440109916,35.84442673355092],[129.22229335264416,35.84444782472804],[129.22229377931396,35.84460175744553],[129.22229475302612,35.84463356978115],[129.22229742555515,35.844719183618956],[129.2222973428428,35.844729277770796],[129.22229722862974,35.84476794160454],[129.22229608444405,35.84483436582962],[129.22229423197004,35.84491681557945],[129.22229311376444,35.84506449644906],[129.22229285524867,35.84506707449888],[129.22231022867612,35.84554434451632],[129.22231699400857,35.845557039706854],[129.22232266930362,35.845591799496496]]]]}},{"type":"Feature","properties":{"godo_no":"?","godo_nm":"고도지구(높이 미확인)","h_max":null,"kind":"최고","conf":"none","area_m2":77687,"gosi_last":"경주시고시 2022-142 (보문천군 도시개발)","src":"V-World LT_C_UQ123 + 경북고시 2020-479 조서·도면","h_cls":"미확인","lbl":"고도지구(높이 미확인)"},"geometry":{"type":"MultiPolygon","coordinates":[[[[129.284417598461,35.819412620140454],[129.2871273236641,35.81940621161579],[129.2871270815262,35.81933861826206],[129.2879140749537,35.819336745572585],[129.2879143177589,35.819404338921714],[129.2879147224356,35.81951699450195],[129.28803657107497,35.819641410380775],[129.28800038421898,35.81966547896373],[129.28796119944474,35.81969288030153],[129.28791867610602,35.81972428212971],[129.28789069134763,35.81974596084105],[129.28785640979422,35.81977369293762],[129.28781967317306,35.81980493674398],[129.2877909390378,35.81983057371458],[129.28775553709977,35.81986372497701],[129.28772476157127,35.81989406231773],[129.28769010029382,35.81993010481678],[129.28766240112492,35.819960479879164],[129.28762154038915,35.82000813623425],[129.2875868062975,35.82005166828286],[129.2875583821315,35.82008972371569],[129.28753444701823,35.820123685786335],[129.28749733671023,35.82018039977109],[129.287403494779,35.82034894990221],[129.28739361587466,35.82036826019756],[129.28738856868375,35.82038335916463],[129.2873862508881,35.820394296866986],[129.2873848196593,35.82040868425663],[129.28738504114435,35.82042107594798],[129.28738789653136,35.8204397070525],[129.28739264345919,35.82045505309969],[129.2873997027998,35.82047030352138],[129.28740707125274,35.82048226363661],[129.28741750972705,35.820495559314594],[129.28742912674238,35.820507320059264],[129.28744075813523,35.82051691776331],[129.2874519512123,35.82052463289186],[129.28746621095115,35.820532746286865],[129.2877292036047,35.82065672743343],[129.28774499713265,35.820663611439734],[129.28776751355537,35.82067522903151],[129.28778591239583,35.8206865409881],[129.2878070593674,35.82070199215588],[129.28783033961597,35.82072292686385],[129.28784846097105,35.82074324298083],[129.28786908557367,35.820773457892365],[129.28788119048517,35.82079778989778],[129.28788955203643,35.820821256606465],[129.2878955369194,35.820848496211376],[129.28789769408039,35.8208729510547],[129.287896789332,35.82090141475303],[129.28789377158185,35.82093620126342],[129.28788967953605,35.82096765570029],[129.2878849552426,35.8209956147851],[129.28787873315244,35.82102556920536],[129.2878714030541,35.82105512971411],[129.28786530557687,35.82107664811679],[129.28785533640712,35.82110779210287],[129.28784431277356,35.82113804636057],[129.2878290633264,35.82117484476143],[129.28781378791163,35.82120749746245],[129.28780352461095,35.821227619831284],[129.28778916647,35.82125378132891],[129.28777866284645,35.82127169620036],[129.28776358922798,35.8212958405942],[129.28774972093424,35.821316665508036],[129.2877329965156,35.821340264065554],[129.28771046167932,35.82136980669506],[129.2874162092732,35.82178071187412],[129.28713583267697,35.82178137849215],[129.28713584304163,35.82178427148646],[129.28713600897444,35.821830586433556],[129.28465553122155,35.821836455491734],[129.28452932648185,35.820786793970086],[129.28444917893148,35.82012019115947],[129.284417598461,35.819412620140454]]]]}},{"type":"Feature","properties":{"godo_no":"?","godo_nm":"고도지구(높이 미확인)","h_max":null,"kind":"최고","conf":"none","area_m2":56876,"gosi_last":"미기재","src":"V-World LT_C_UQ123 + 경북고시 2020-479 조서·도면","h_cls":"미확인","lbl":"고도지구(높이 미확인)"},"geometry":{"type":"MultiPolygon","coordinates":[[[[129.20868395996385,35.875687251041775],[129.20862403313194,35.87602018436473],[129.20853205496348,35.87656441580595],[129.20853166854357,35.87660316101263],[129.2085315364307,35.87662899093395],[129.2085315040036,35.87665482969587],[129.2085315712152,35.876680659273354],[129.20853172701584,35.87670648869812],[129.20853198247886,35.87673231795095],[129.2085323486781,35.87675814701285],[129.2085328034665,35.87678397592196],[129.2085333579178,35.876809804659096],[129.20853400093486,35.87683562423104],[129.20853475471193,35.87686145262445],[129.20853560812876,35.87688727183349],[129.2085365501351,35.87691309088981],[129.20853759180469,35.876938909774175],[129.2085387331143,35.87696471947417],[129.20853997408733,35.876990529002335],[129.20854131472396,35.87701633835856],[129.20854274395072,35.877042147561916],[129.20854428389126,35.87706794756193],[129.20854591239868,35.877093738396646],[129.20854764057012,35.87711952905943],[129.20854946840547,35.877145319550245],[129.20853793177335,35.877363179441986],[129.20858571411335,35.877579837551195],[129.20868563699312,35.877687796643436],[129.20875079701423,35.877879820703804],[129.2087592915883,35.87790144494442],[129.20876794108239,35.8779230238547],[129.2087767454964,35.87794455743472],[129.20878571592797,35.87796605467777],[129.20879483018237,35.87798749759694],[129.20880411045462,35.878008904179126],[129.20881353457335,35.87803026544997],[129.20882312468666,35.878051581371274],[129.20883286972048,35.87807285196203],[129.208842758578,35.87809406822884],[129.20885281345357,35.87811524815845],[129.20886301212948,35.878136364751725],[129.20887337682373,35.878157445007595],[129.20888388534206,35.87817847093935],[129.20889454875805,35.8781994425281],[129.20890536707205,35.878220359773586],[129.20891632923374,35.878241231707364],[129.20892744629361,35.8782620492978],[129.20893871825174,35.878282812544946],[129.20895014508457,35.87830351243633],[129.20896171576567,35.87832416701579],[129.20897343027136,35.87834476727094],[129.2089853107259,35.87836530415108],[129.20899732393156,35.87838578672592],[129.2090094920126,35.878406205944685],[129.20902181499235,35.87842657081993],[129.2090342817738,35.87844687235806],[129.20904689238043,35.87846711957172],[129.20905965786272,35.87848730342916],[129.20907255607304,35.878507423968614],[129.20908560915913,35.87852748115181],[129.20909881712112,35.878547474978646],[129.20911215781135,35.87856740548739],[129.20912564230372,35.878587272658805],[129.2091392816722,35.878607076473855],[129.20915305374567,35.87862680795817],[129.20916698069541,35.8786464760859],[129.20918104037372,35.87866608089532],[129.20919524383112,35.878685613354726],[129.20920959106755,35.87870507346425],[129.20922408210666,35.878724470236136],[129.209238705851,35.878743794676964],[129.20925348444857,35.87876304674855],[129.2092683846778,35.878782226508314],[129.20928343978375,35.878801342910975],[129.20929858485343,35.878820981878214],[129.20931382947785,35.878840575609054],[129.20932916258326,35.87886012412246],[129.20934458416966,35.87887962741843],[129.20936009421342,35.87889907648464],[129.20937570381233,35.878918480314155],[129.20939140189225,35.878937838926205],[129.2094071884298,35.87895714330836],[129.20942306344853,35.87897640247291],[129.20943903799872,35.87899560738827],[129.20945508995626,35.87901476710513],[129.20947124144556,35.87903387257283],[129.20948748139244,35.87905292381035],[129.2095038098208,35.87907192983008],[129.20952022673058,35.879090890632064],[129.2099829735743,35.87962281423247],[129.21007251739775,35.879719605692515],[129.20990439247893,35.87962295060194],[129.20948470859963,35.87938167575255],[129.20913800474256,35.87912764684327],[129.20910636629483,35.879106396099424],[129.2090852003678,35.879092301159034],[129.2090639792432,35.87907826939749],[129.20904269182367,35.879064291821265],[129.20902134920652,35.879050377423766],[129.20899995139183,35.879036526204935],[129.20897849835586,35.87902272915237],[129.20895697902506,35.87900898628522],[129.20893540451993,35.87899531560892],[129.20891377479387,35.87898169909885],[129.20889208984644,35.878968136754885],[129.20887034970136,35.878954637589345],[129.20884855435858,35.8789412016023],[129.20882669274403,35.87892782881282],[129.20880478698223,35.87891451017021],[129.20878281497218,35.878901263737504],[129.2087607987912,35.878888062439316],[129.208738716362,35.87887493335086],[129.208716578735,35.8788618674406],[129.20869439696048,35.87884885567715],[129.20867214891413,35.87883590711109],[129.2086498567437,35.878823021704044],[129.20763720568536,35.87821814477219],[129.20699409157518,35.87773795475036],[129.2064277607144,35.87737007864285],[129.2064007296194,35.87735283887157],[129.2063788463331,35.877339321469535],[129.20635673115672,35.87732605680755],[129.20633439514066,35.877313035854364],[129.2063118493815,35.87730026760327],[129.2062890827824,35.87728774306072],[129.20626610648665,35.87727548924487],[129.20624293149783,35.87726347909951],[129.20621954681198,35.87725173968065],[129.20619597455317,35.87724026193804],[129.2061722036474,35.87722904589039],[129.20615226641627,35.877218670476964],[129.2061323291901,35.87720829506019],[129.20611239192294,35.877197901615205],[129.2060924768083,35.87718750812918],[129.20607256165238,35.877177096615014],[129.2060526464786,35.87716667608503],[129.20603275343427,35.87715624650164],[129.2060128603718,35.877145807902444],[129.20599297836506,35.8771353602687],[129.20597309634047,35.8771249036192],[129.20595322537147,35.877114437935155],[129.20593336543504,35.87710395420407],[129.20591351657757,35.87709347045083],[129.20589366767896,35.877082968669484],[129.20587382985923,35.877072466865975],[129.20584823204524,35.87705699998386],[129.205822634218,35.877041524083886],[129.20579704745128,35.87702603914706],[129.20577146071767,35.87701056321718],[129.20574588502132,35.87699506923814],[129.2057202982612,35.87697957527239],[129.20569473365845,35.87696408126347],[129.20566915796883,35.876948578255444],[129.20564359333957,35.87693306621064],[129.20561803979408,35.876917554141464],[129.20559248623513,35.876902033054435],[129.2055669326864,35.876886511961914],[129.20554137914752,35.876870990863885],[129.20551584771968,35.876855451697864],[129.20549030522812,35.87683991254512],[129.2053535162028,35.876759330093435],[129.20532149822495,35.87674045827347],[129.20528948023912,35.87672157743243],[129.20525746224556,35.8767026875703],[129.205225466368,35.87668377963719],[129.2051934815793,35.8766648716767],[129.20516149675973,35.87664594568267],[129.20512952302886,35.876627019661235],[129.2050975603407,35.87660807558761],[129.20506560869515,35.87658911346179],[129.2050336681383,35.87657015130864],[129.20500173864727,35.876551180115605],[129.20496980912534,35.876532190889186],[129.20493790174268,35.87651319260432],[129.2049059943523,35.876494185298334],[129.20487409802757,35.8764751689527],[129.20484221276868,35.87645614356723],[129.20481033857544,35.876437109142095],[129.20477846435153,35.87641805668359],[129.20474661226677,35.8763989951665],[129.2047147601743,35.87637992462855],[129.20468291914773,35.87636084505087],[129.20463518526265,35.87633220309048],[129.20479169661712,35.87636144508338],[129.20482083386813,35.87636680323964],[129.2048500370345,35.876371953990784],[129.204879283969,35.87637689737422],[129.20490858574487,35.87638163337124],[129.20493793126533,35.87638615298798],[129.20496733164987,35.87639047423074],[129.20499677577854,35.87639457909317],[129.20502626367414,35.876398476587774],[129.20505579531357,35.87640215770211],[129.20508535964584,35.87640563146722],[129.20511496772127,35.876408888852026],[129.20514460851234,35.876411947900074],[129.20517427087609,35.8764147815928],[129.20520397700528,35.876417407917494],[129.2052337047528,35.87641982691181],[129.20526345409522,35.876422029563145],[129.20529322505544,35.87642402488397],[129.20532301761017,35.876425803861835],[129.205352831759,35.876427366496735],[129.20538265645152,35.87642872181988],[129.20541250273763,35.87642986080011],[129.20544234849325,35.87643079248732],[129.20546541612316,35.8764313030791],[129.20548779705422,35.8764317607579],[129.205510167351,35.87643238968724],[129.2055325270136,35.87643318986712],[129.2055702469269,35.876434441607884],[129.20561318158548,35.87643533298993],[129.2056561265785,35.87643593594047],[129.20569907076248,35.87643622344104],[129.20574202528,35.876436222510144],[129.20578496793703,35.87643591516066],[129.20582790980686,35.876435301373625],[129.2058708509351,35.87643439917401],[129.20591376910474,35.87643318156216],[129.20595667545825,35.87643167555656],[129.205999569949,35.87642986313237],[129.2060424415029,35.87642774430842],[129.206085279069,35.8764253281161],[129.20612810479386,35.8764226145176],[129.20617089653004,35.876419603550815],[129.20621364318032,35.87641628622209],[129.2062563669144,35.876412671506316],[129.20629904556156,35.87640875042871],[129.20634167916776,35.87640454101419],[129.20638426768622,35.876400025237984],[129.20642681113932,35.876395212112485],[129.20646929845333,35.87639010165683],[129.2065117296278,35.8763846938709],[129.20653390293558,35.8763819342628],[129.20655607610246,35.87637912057618],[129.206578226958,35.876376243836305],[129.20660037767246,35.87637331301791],[129.20662250607563,35.87637031914629],[129.2066446343377,35.87636727119617],[129.20666674031148,35.87636416920531],[129.20668884612084,35.87636100412342],[129.20671092964182,35.87635778500087],[129.20673300194795,35.87635451181869],[129.206755063016,35.876351175564416],[129.20677710179552,35.87634778526952],[129.20679914041042,35.87634433188364],[129.20682115676001,35.876340833469534],[129.20684316187118,35.87633727198338],[129.20686515574408,35.876333647425255],[129.20688713840178,35.87632996880754],[129.20690909877078,35.87632623614923],[129.20693104792448,35.87632244943134],[129.20695297476615,35.87631859966036],[129.206974901466,35.876314695811004],[129.20699680587694,35.87631073792094],[129.20703230223629,35.87630429637035],[129.20705681848295,35.87629974819071],[129.20708131227713,35.87629508288252],[129.20710577256835,35.876290309477284],[129.20713019933308,35.87628541896259],[129.20715458152122,35.87628042036966],[129.20717894125622,35.87627530464846],[129.20720325641446,35.87627008084905],[129.20722753804588,35.87626473994031],[129.20725178617374,35.87625929093458],[129.20727598972428,35.876253733850895],[129.20730014867448,35.876248059676776],[129.2073242741207,35.87624227740575],[129.2073483660397,35.876236378025474],[129.20737241338134,35.876230370567285],[129.2073964161451,35.8762242550312],[129.2074203743079,35.876218022404984],[129.20744428791616,35.87621169071322],[129.20746815692328,35.87620524193136],[129.20749198135235,35.87619868507175],[129.2075157611802,35.87619201112194],[129.20753949645308,35.87618523810679],[129.20756317605085,35.8761783480207],[129.20758682214378,35.87617134983787],[129.20761040151126,35.876164243615385],[129.20763394737392,35.87615702929638],[129.20765742651076,35.87614970693781],[129.2076808610691,35.87614227650173],[129.20770425104863,35.876134737988124],[129.20772758537584,35.876127091416016],[129.2077508640506,35.87611933678547],[129.20777408709628,35.87611148310894],[129.2077972544659,35.87610351236167],[129.20782036620636,35.87609544256843],[129.20784342227077,35.876087255704505],[129.20786641163215,35.87607896981369],[129.20788935641417,35.876070575845645],[129.2079122344697,35.87606207383837],[129.20793505689565,35.87605347278537],[129.20795782366852,35.876044763674244],[129.2079805237147,35.87603594652404],[129.20800315705756,35.87602703034718],[129.20802573474703,35.87601800611225],[129.20804824573312,35.87600888285089],[129.2080707010657,35.87599965153142],[129.20809902632809,35.87599078863495],[129.20812716232842,35.87598153852175],[129.2081551090895,35.8759719102045],[129.20818285556112,35.87596191271464],[129.20821039062275,35.875951528046606],[129.20823771434414,35.87594078323784],[129.2082648045547,35.87592966931411],[129.2082916723276,35.87591818625646],[129.20831830658912,35.87590633408428],[129.20834468523884,35.87589413086063],[129.20837081935002,35.87588157656648],[129.20839668675208,35.875868662227845],[129.20842228749163,35.87585540586975],[129.20844761047155,35.87584179849889],[129.20847266678865,35.875827849108845],[129.20849742324577,35.87581356676953],[129.20852187984275,35.87579895148104],[129.2085460366028,35.87578401225592],[129.20856989350247,35.87576874008196],[129.2085934284181,35.875753144010076],[129.2086166413966,35.8757372420651],[129.20865083918477,35.875712795389305],[129.20868395996385,35.875687251041775]]]]}},{"type":"Feature","properties":{"godo_no":"?","godo_nm":"고도지구(높이 미확인)","h_max":null,"kind":"최고","conf":"none","area_m2":35838,"gosi_last":"2015-0084","src":"V-World LT_C_UQ123 + 경북고시 2020-479 조서·도면","h_cls":"미확인","lbl":"고도지구(높이 미확인)"},"geometry":{"type":"MultiPolygon","coordinates":[[[[129.17130116457005,35.84692045972572],[129.17130424327183,35.84691072186944],[129.1714869507417,35.846316719663406],[129.17150191239566,35.84627325821701],[129.17151787066226,35.8462299756083],[129.17153526869967,35.84618705146005],[129.17156645070108,35.84611941353292],[129.17158772527324,35.846077565390104],[129.17163272096508,35.84599918300702],[129.17165808708376,35.84595543643116],[129.17201412199282,35.84535541974669],[129.17206478059458,35.84533732283102],[129.17217431230395,35.84536366406794],[129.17223854472175,35.84537790269831],[129.17230299661503,35.84539123973162],[129.17236777886765,35.84540376513479],[129.1724330008165,35.845414847876455],[129.1724983642073,35.84542477678039],[129.1725642126491,35.84543376765744],[129.1726299826912,35.845442326009746],[129.17269586092186,35.84544971254595],[129.17276195822467,35.84545601723288],[129.17282827498457,35.845461420319815],[129.17289447989714,35.845466282779284],[129.1729607926002,35.84546979317246],[129.17302743486417,35.84547213143263],[129.17309429618726,35.84547338784211],[129.17316082349194,35.845473743440984],[129.1732273496312,35.84547355825426],[129.17329420609872,35.84547256143279],[129.17337190850733,35.845470647809655],[129.17342725117572,35.845468856257575],[129.17349365805416,35.845464705591006],[129.17359337798013,35.84545798367758],[129.17364860409816,35.845453488438366],[129.1737036064863,35.845447911993666],[129.17386861106834,35.845430010886226],[129.17392361147353,35.84542353309303],[129.17394552237644,35.8454206176465],[129.1739673218045,35.845417341855715],[129.1739892309476,35.84541361527814],[129.17403547782803,35.84540309437149],[129.17409013167185,35.8453899477445],[129.1741386623083,35.84541168829237],[129.1741425609687,35.84542294832429],[129.17431620277836,35.84591676430922],[129.17442012182917,35.846212405241225],[129.17443025757672,35.84624123067192],[129.17440599278765,35.84628173174212],[129.17273292003858,35.84682920402888],[129.17202540792056,35.847059398235594],[129.17198058360552,35.8470627964703],[129.17193130757457,35.847055025497184],[129.17180606843039,35.84703501506733],[129.17135682482586,35.8469632805769],[129.17132991676152,35.846958992610695],[129.17130116457005,35.84692045972572]]]]}},{"type":"Feature","properties":{"godo_no":"?","godo_nm":"고도지구(높이 미확인)","h_max":null,"kind":"최고","conf":"none","area_m2":269033,"gosi_last":"2015-0084","src":"V-World LT_C_UQ123 + 경북고시 2020-479 조서·도면","h_cls":"미확인","lbl":"고도지구(높이 미확인)"},"geometry":{"type":"MultiPolygon","coordinates":[[[[129.16389878007158,35.84915504202847],[129.16390095369542,35.84911354552798],[129.1639018273444,35.849096835166954],[129.16390845898607,35.84906466959305],[129.16391429133304,35.849036822087925],[129.1639288586885,35.848998580370534],[129.163935925021,35.84897873429842],[129.1639491169547,35.84896085368199],[129.16395657950565,35.848950740576086],[129.16396230890098,35.84894298207645],[129.16398524629312,35.8489162380001],[129.16404531862685,35.8488603333015],[129.16416539498334,35.84876398034853],[129.1641793532134,35.84875277693366],[129.16425978921947,35.84868387556076],[129.16430251972173,35.84865199451912],[129.16433313622667,35.848629151396345],[129.1643707967307,35.84860268470342],[129.16440846829792,35.848576226996],[129.16449039189078,35.84852040059281],[129.16457090040413,35.84846553137942],[129.16470270065983,35.84837570504985],[129.1647523796207,35.848342372408084],[129.16478759888452,35.84831855857658],[129.16481682348538,35.8482972493469],[129.16483659624004,35.84828216257474],[129.16485586952118,35.848266427578096],[129.16486956213527,35.84825534160611],[129.16488014690646,35.84824559370913],[129.16488880716255,35.84823663251625],[129.16489892252852,35.84822470423005],[129.16490669330582,35.84821384260705],[129.1649141185731,35.84820183686556],[129.1649270375312,35.848191355776855],[129.1649298659998,35.84818873830345],[129.16494583573916,35.84817609006202],[129.16596411348527,35.84739861575493],[129.16695588998283,35.84664090662772],[129.16782711949676,35.84597627512203],[129.168090580438,35.84577452565791],[129.16815475689498,35.84572517429718],[129.1682466527304,35.84565555135781],[129.16864619204506,35.84534565992794],[129.1686602273062,35.84533482539347],[129.16868519908508,35.84531874838604],[129.1687648236911,35.84526757269934],[129.16911530130815,35.84504237543435],[129.1691579708879,35.84501495392832],[129.16920134791874,35.84498708079412],[129.16927945744985,35.84493688924245],[129.16950723030564,35.84479053228919],[129.16962271374607,35.84471632398915],[129.1696361446009,35.844707689237616],[129.16990807752393,35.844532952415925],[129.1700198128524,35.84446114631267],[129.1701356933105,35.8443866936223],[129.17015231867987,35.8443759994772],[129.17017724571375,35.84435998530832],[129.17019373845264,35.8443493904813],[129.1702907215924,35.84440460010013],[129.17114984447815,35.84489367062693],[129.17117765925698,35.84490823161463],[129.17120558512184,35.844922972689126],[129.17122445597664,35.84493233706817],[129.17123428353645,35.844936631164686],[129.1713148942967,35.84498032706647],[129.1713820876021,35.8450128844],[129.17143042083532,35.845035942149366],[129.1715362218649,35.84507797100971],[129.17156695997647,35.8450929603701],[129.17161422063774,35.8451113240467],[129.17166185623037,35.84512901123562],[129.17170987782262,35.84514602192061],[129.17176554774295,35.84516795159033],[129.1721124632933,35.84527353670729],[129.17214446982692,35.845281151887136],[129.17219774091214,35.845294144355435],[129.1722617515064,35.84530820303853],[129.17231546133993,35.84531930220452],[129.17238002215083,35.8453318279161],[129.17244502265734,35.84534291096628],[129.17251024205152,35.845352822043814],[129.17257590249002,35.84536192133237],[129.17264167228046,35.8453703895537],[129.17270744072863,35.84537822686544],[129.1727734272804,35.84538453170408],[129.17283963309507,35.845389844817916],[129.17289498793815,35.845393731373065],[129.17296141166142,35.845397421857754],[129.17302794336618,35.84539985040059],[129.1731055420085,35.845401181600465],[129.17316088929678,35.84540155316609],[129.17322752587398,35.8454012776965],[129.1732939397048,35.84540037163293],[129.1733604628652,35.8453988345008],[129.17342698446672,35.84539657633348],[129.17349361247545,35.845392335225576],[129.17352670470262,35.84539003472505],[129.1736039564647,35.845384516594414],[129.1736482257167,35.84538084817458],[129.1737144052788,35.84537399395975],[129.17384609845777,35.84535947525027],[129.17391205503887,35.84535190024573],[129.17393396611763,35.845349074926226],[129.17395565405351,35.84534543879732],[129.17397711904115,35.845341081983904],[129.17399637017556,35.84533672834495],[129.17418186211228,35.8453027731564],[129.17418939125298,35.845324130989724],[129.17426566294242,35.84554045669794],[129.17439417195425,35.84590497193445],[129.1745035914969,35.8462153132887],[129.17452449761757,35.84627462152185],[129.17454327635772,35.84632787641094],[129.1745723317953,35.84640345849497],[129.1745913366903,35.84645378398541],[129.17459557855918,35.84646501646852],[129.17465230873404,35.846612343262116],[129.1746639823854,35.84663566882669],[129.17467058167216,35.846646717659205],[129.17467455620897,35.84665208338385],[129.17467944478926,35.84666036784244],[129.1745379438641,35.84662476502449],[129.174408851076,35.84659386673673],[129.17436957871953,35.84659483350877],[129.1741116095958,35.846602116972896],[129.1736530530802,35.84672831905116],[129.17312132675252,35.84693719648227],[129.17306239862702,35.84696051487522],[129.17296155263,35.847000385947986],[129.17283285718582,35.847051282894434],[129.17276981450746,35.84707622024919],[129.1727222786218,35.847090122193435],[129.17265375698892,35.84711015547986],[129.17262826879502,35.84711760907549],[129.17262711867056,35.84711812442623],[129.1722183219757,35.84723749977957],[129.172205825743,35.84724326751188],[129.1717335556373,35.847461409286524],[129.17173352244794,35.847461418346015],[129.17170626949016,35.847487485067205],[129.17159596147735,35.847586165971784],[129.17152153877737,35.84765274753589],[129.17148566426093,35.847684846758646],[129.17148028807955,35.8476969311196],[129.17147533636805,35.847721181759894],[129.17145113127864,35.84777501163451],[129.17140955964464,35.847850414959645],[129.1713265531685,35.84796165648091],[129.17123698694886,35.84805956870538],[129.1706917652801,35.84857197749407],[129.17052974297582,35.84872580561911],[129.170379182428,35.848866405084685],[129.17025546404108,35.848974918203766],[129.17017204204578,35.849048081673175],[129.17007648019987,35.84912308264277],[129.170005412728,35.8491757522564],[129.16991596483032,35.84924203844571],[129.16991605115882,35.849240983862],[129.16989311928643,35.84925896890725],[129.16972838578758,35.84937793938198],[129.16954702627058,35.84950807233597],[129.1694316540835,35.84959111260829],[129.16930702382191,35.849693551589624],[129.16925143463547,35.84974792052241],[129.1692081067836,35.849789853088474],[129.16919796549473,35.84979977198217],[129.16913766208637,35.84987073044295],[129.16909479526316,35.84992138642503],[129.16900686796583,35.850048233814874],[129.1689357803663,35.850176301396786],[129.16887732936445,35.85031248060613],[129.1687434070729,35.850682576146596],[129.16852162476857,35.850627277535914],[129.16818089978509,35.85054232122088],[129.16814875784058,35.85053430863212],[129.16814877986735,35.85053425452663],[129.16793214874713,35.85048029955561],[129.16792978959995,35.85047970799857],[129.16753718706323,35.8503818166668],[129.16727399426597,35.85031619056784],[129.16718820167645,35.850294796071026],[129.1671161762516,35.85027683432413],[129.16668328899877,35.85016676575645],[129.16662834377686,35.85015367402075],[129.16659105427303,35.85014549685152],[129.16655358876008,35.85013785165006],[129.16651381059245,35.85013066925067],[129.16647452089015,35.85012415309255],[129.16643508844257,35.8501181958924],[129.1663955353887,35.85011279762012],[129.16635587281624,35.85010796727242],[129.16631611179434,35.85010370483433],[129.16627626337342,35.85010000127798],[129.16623634971126,35.85009686558545],[129.1661963708068,35.85009429775664],[129.16615633772923,35.850092297776236],[129.16611627263617,35.85009087462653],[129.16607618655945,35.85009001026724],[129.16603607953533,35.8500897227233],[129.16599598475423,35.850090002936795],[129.16595589114536,35.85009085092281],[129.1659158208474,35.85009226665126],[129.1658757960185,35.850094259104075],[129.16583581662013,35.85009681025656],[129.1657958937587,35.85009993811841],[129.16575604953618,35.85010362463459],[129.1657162839886,35.85010788783006],[129.16529695489274,35.85021588023048],[129.16517581725105,35.85021098930304],[129.16506839638424,35.85021739928154],[129.16460214528996,35.850219790567046],[129.1644892327906,35.85022036738204],[129.16437164658197,35.85021987793913],[129.1643715122737,35.85019750909365],[129.1643709778153,35.85017975519105],[129.1643700559282,35.850162010826075],[129.16436875770066,35.85014428499625],[129.1643670831333,35.85012657770153],[129.16436503224458,35.85010889795435],[129.1643625939832,35.850091254782086],[129.164359779401,35.85007363915746],[129.1643565885537,35.85005607811765],[129.16435302140434,35.850038553637766],[129.1643490780087,35.85002109275525],[129.16434476939995,35.85000367743005],[129.16433921136812,35.84998698479809],[129.16433123277892,35.84996130096995],[129.1643258839385,35.849944049278626],[129.16431026603186,35.8499015945238],[129.16427185068923,35.84983527851218],[129.16424888817988,35.84979564559899],[129.16418752157986,35.84968970563801],[129.16415462128862,35.84964065007223],[129.16403704274748,35.84946993215147],[129.1640099905815,35.84942779924679],[129.16397699985194,35.84938856737972],[129.1639458189672,35.84933571516529],[129.16391899666021,35.84927054597185],[129.16390517279055,35.84921741793089],[129.16389878007158,35.84915504202847]],[[129.16676964837268,35.84991731615714],[129.16696659017754,35.8497399314185],[129.1669791733462,35.849685064004916],[129.16700475447885,35.84958318750236],[129.1670303025993,35.84948143721331],[129.16707755991357,35.84930043710936],[129.1671272769469,35.849109961450964],[129.1671113352474,35.84906681353955],[129.16628232767036,35.84840304694588],[129.16622698893838,35.848402455903305],[129.16546252546945,35.84898317674903],[129.16546402406757,35.849028219192476],[129.16676964837268,35.84991731615714]],[[129.17198058360552,35.8470627964703],[129.17202540792056,35.847059398235594],[129.17273292003858,35.84682920402888],[129.17440599278765,35.84628173174212],[129.17443025757672,35.84624123067192],[129.17442012182917,35.846212405241225],[129.17431620277836,35.84591676430922],[129.1741425609687,35.84542294832429],[129.1741386623083,35.84541168829237],[129.17409013167185,35.8453899477445],[129.17403547782803,35.84540309437149],[129.1739892309476,35.84541361527814],[129.1739673218045,35.845417341855715],[129.17394552237644,35.8454206176465],[129.17392361147353,35.84542353309303],[129.17386861106834,35.845430010886226],[129.1737036064863,35.845447911993666],[129.17364860409816,35.845453488438366],[129.17359337798013,35.84545798367758],[129.17349365805416,35.845464705591006],[129.17342725117572,35.845468856257575],[129.17337190850733,35.845470647809655],[129.17329420609872,35.84547256143279],[129.1732273496312,35.84547355825426],[129.17316082349194,35.845473743440984],[129.17309429618726,35.84547338784211],[129.17302743486417,35.84547213143263],[129.1729607926002,35.84546979317246],[129.17289447989714,35.845466282779284],[129.17282827498457,35.845461420319815],[129.17276195822467,35.84545601723288],[129.17269586092186,35.84544971254595],[129.1726299826912,35.845442326009746],[129.1725642126491,35.84543376765744],[129.1724983642073,35.84542477678039],[129.1724330008165,35.845414847876455],[129.17236777886765,35.84540376513479],[129.17230299661503,35.84539123973162],[129.17223854472175,35.84537790269831],[129.17217431230395,35.84536366406794],[129.17206478059458,35.84533732283102],[129.17201412199282,35.84535541974669],[129.17165808708376,35.84595543643116],[129.17163272096508,35.84599918300702],[129.17158772527324,35.846077565390104],[129.17156645070108,35.84611941353292],[129.17153526869967,35.84618705146005],[129.17151787066226,35.8462299756083],[129.17150191239566,35.84627325821701],[129.1714869507417,35.846316719663406],[129.17130424327183,35.84691072186944],[129.17130116457005,35.84692045972572],[129.17132991676152,35.846958992610695],[129.17135682482586,35.8469632805769],[129.17180606843039,35.84703501506733],[129.17193130757457,35.847055025497184],[129.17198058360552,35.8470627964703]]]]}},{"type":"Feature","properties":{"godo_no":"-","godo_nm":"최저고도지구","h_max":null,"kind":"최저","conf":"label","area_m2":21888,"gosi_last":"미기재","src":"V-World LT_C_UQ123 + 경북고시 2020-479 조서·도면","h_cls":"최저고도","lbl":"최저고도지구"},"geometry":{"type":"MultiPolygon","coordinates":[[[[129.20112978936814,35.84455875125837],[129.2023428920478,35.84453185520939],[129.20264023396615,35.844528203468116],[129.20273459760716,35.84452779312183],[129.20291650661824,35.84452272973444],[129.20302620621715,35.844519986250546],[129.2036294384191,35.844505201918906],[129.20369698691994,35.84450259180829],[129.20471441866337,35.844475865738154],[129.2048025778841,35.844473256197595],[129.20547935696192,35.84445574252154],[129.20581707277128,35.84444545327445],[129.20648137940034,35.84442909073872],[129.20652345844078,35.84437949524387],[129.2065706779411,35.84433592032578],[129.20664188758127,35.844285058381885],[129.2066942412231,35.84425796753064],[129.2067081396909,35.84425197751863],[129.20672301480272,35.843576726312804],[129.20672425047357,35.8434849228322],[129.206741098808,35.84225239788776],[129.20674193438956,35.84215998221967],[129.20675223520215,35.84177596874835],[129.2067725230851,35.84081325405935],[129.2067748723216,35.84074126714014],[129.206791880756,35.83997080373355],[129.20679785233838,35.83971527084829],[129.206798575764,35.83964379139368],[129.20680241782915,35.83940805360586],[129.20677476055903,35.83939195944785],[129.20673282766396,35.83936401117644],[129.20671841438283,35.83935028270054],[129.20667528636702,35.839309529671915],[129.20664405025636,35.839274767671455],[129.20662278005983,35.83924167399109],[129.20660918128837,35.83921756169875],[129.20659217933974,35.83918283847517],[129.20659128790714,35.83918052378129],[129.20598339523656,35.83908424264714],[129.20591752141428,35.83907339550987],[129.2053933541844,35.838991046475236],[129.20474281872924,35.83888641371905],[129.2045672820453,35.83885912318236],[129.2037681424993,35.83873177229289],[129.20370115271373,35.838721457555906],[129.20307321166902,35.83862100459866],[129.2029661265852,35.83860397028003],[129.2028947572623,35.83859058916857],[129.2027029609675,35.838540791873136],[129.2027183579907,35.83850611298081],[129.20272010790157,35.83850217158258],[129.20277943869607,35.83847329526586],[129.20284256090196,35.838442447839476],[129.2029386231938,35.83846007754801],[129.2030006463092,35.83847170785364],[129.2031050959445,35.838488341000584],[129.2036600216696,35.83857711026063],[129.20373250454398,35.838588731603544],[129.2037994388574,35.83859903740432],[129.20459867687293,35.83872644199912],[129.20477434616382,35.83875375930423],[129.2050781771165,35.838803075141506],[129.2052172210864,35.83882591153444],[129.20539300065738,35.838852903296875],[129.20566046460505,35.83889473588769],[129.2059497553152,35.838940730579495],[129.20601571762506,35.83895159557395],[129.20629632716935,35.83899605405286],[129.20639405819162,35.83901211898728],[129.20672938895822,35.83906462143556],[129.20673885351718,35.83911229947993],[129.20674854751937,35.839137328691116],[129.206771740224,35.83918198211739],[129.20678525361788,35.83920301225843],[129.20680524520523,35.839225266044146],[129.2068442457193,35.839262114650225],[129.20684927208075,35.83926690972919],[129.20687560485564,35.83928445714837],[129.20688354288146,35.83928950861245],[129.2069039383031,35.83930094667815],[129.2069336594783,35.83931475711318],[129.2069696647017,35.839327466282164],[129.20696450721982,35.83964522918331],[129.20696378454724,35.83971694296268],[129.2069570327639,35.84001738652518],[129.20694907697077,35.84037460192632],[129.20694341412772,35.84062950338669],[129.20694086521704,35.84074418290508],[129.20693850492245,35.84081611577107],[129.20693617461308,35.84092543246957],[129.20693382536788,35.841035992924574],[129.2069310308056,35.841167021544415],[129.20692966893844,35.841231247004075],[129.2069238936918,35.841502695582996],[129.20692287736514,35.841550688922474],[129.2069212180746,35.84162835253474],[129.20691962912792,35.841703249186],[129.20691808917798,35.841775685338106],[129.2069122427433,35.841886477068044],[129.20691094262642,35.841970367704015],[129.20691037268543,35.842006896368055],[129.2069079595423,35.84216138386852],[129.20690712387446,35.84225369138759],[129.2068974887994,35.842955736996934],[129.20689680999396,35.84300585669889],[129.20689613865494,35.8430545794493],[129.20689506731514,35.84313276476199],[129.20689474911202,35.84315531459342],[129.20689446977002,35.84317576444463],[129.2068942652461,35.843190887777496],[129.2068927465972,35.843301654057775],[129.2068911909655,35.843415250325606],[129.20689316474073,35.84348529213702],[129.20687187307115,35.84434166960577],[129.20684615308474,35.84434778798942],[129.2068329254348,35.84435207350791],[129.2068196766209,35.84435673758624],[129.20677757202006,35.844374861567395],[129.20674163412048,35.844393452663525],[129.2066880473613,35.844431739169494],[129.20665436647735,35.84446281771451],[129.20661836813264,35.844505246947186],[129.20659790033397,35.84453928605855],[129.20658757497336,35.84456162765192],[129.20582193538127,35.84458049736525],[129.2055648810328,35.844586828366836],[129.2054768476518,35.84459106951608],[129.20528468839714,35.844596055025654],[129.20501367745518,35.84460306642991],[129.20480811420072,35.84460838030409],[129.2047199991073,35.844610989774246],[129.20449755779174,35.84461727797393],[129.20432293186977,35.84462221429877],[129.20406750365876,35.84462824194044],[129.20401611300292,35.84462964439026],[129.20386032527335,35.8446339895166],[129.203703484379,35.844637714350505],[129.20363575868055,35.844640333775516],[129.2033432625444,35.84464750372939],[129.20321284242448,35.844650705876056],[129.2030311529745,35.84465515649375],[129.20292178526398,35.844657899426075],[129.20277659005782,35.84466201810351],[129.2027202516303,35.8446635003871],[129.20272033307117,35.844669448503005],[129.20263810871245,35.844672875732385],[129.2023474812049,35.84467053194381],[129.20225769981232,35.84467085321811],[129.2020106780329,35.84467456425478],[129.20182929530617,35.84467778684333],[129.20141756164392,35.84468500664389],[129.20138316097635,35.84468595611163],[129.20128706251236,35.84468765706959],[129.20121839212462,35.84468880766502],[129.20119090163507,35.84465121713887],[129.20117257149371,35.84462489503909],[129.20115480525783,35.84459831964934],[129.20113761399617,35.844571490951445],[129.20112978936814,35.84455875125837]]]]}},{"type":"Feature","properties":{"godo_no":"-","godo_nm":"최저고도지구","h_max":null,"kind":"최저","conf":"label","area_m2":10875,"gosi_last":"경북고시 2010-618 (재정비)","src":"V-World LT_C_UQ123 + 경북고시 2020-479 조서·도면","h_cls":"최저고도","lbl":"최저고도지구"},"geometry":{"type":"MultiPolygon","coordinates":[[[[129.2175999801089,35.84502079191268],[129.21760720564387,35.847345363634076],[129.2176157695095,35.84824957195759],[129.21759733344848,35.84834563325291],[129.21758638542354,35.84840272006153],[129.21741381097164,35.84930188241644],[129.21740159645182,35.849365559608295],[129.21736613133893,35.84955032537224],[129.21736200570123,35.849592430140895],[129.21735994539023,35.84962053479653],[129.21735843864238,35.84964866549501],[129.2173574854093,35.849676804211455],[129.21735707464634,35.84970495997822],[129.21735722844477,35.84973311473057],[129.2173579357354,35.84976126848843],[129.21735919646997,35.84978940322697],[129.2173609995791,35.84981751896591],[129.2173633672033,35.84984561566553],[129.21736628819977,35.84987366630834],[129.2173697515238,35.84990167992659],[129.21737376822134,35.84992964748792],[129.21737832719873,35.84995755999975],[129.21738343950196,35.849985408429674],[129.21738910510712,35.85001318376513],[129.217395301875,35.8500408860458],[129.21740205189718,35.850068497206955],[129.21740934410408,35.85009601726842],[129.21741717849642,35.85012344623005],[129.21742554395595,35.85015076608676],[129.21743445152856,35.85017796780607],[129.21756155717796,35.85056577215952],[129.2175842726991,35.85063508243422],[129.21776240415707,35.85105230166231],[129.21766572098798,35.85117570343335],[129.21760039881138,35.8511684397068],[129.2175481575063,35.851012806821345],[129.21752623878078,35.85094751468284],[129.21750118464917,35.85088942014437],[129.21746715785605,35.85077605910533],[129.21746352073689,35.850753381201436],[129.21745404915646,35.85073049748421],[129.21744532532983,35.85070576486148],[129.21744069571105,35.850692650994134],[129.2174040827968,35.8505889649847],[129.21738031939208,35.85052098139421],[129.21735376707244,35.85044508082795],[129.21732204925192,35.85035436398361],[129.2172919269555,35.85026824063496],[129.21727201229143,35.85020702750111],[129.21726401977884,35.85018250984935],[129.21721169721727,35.84999230501348],[129.2172020111541,35.84992695479192],[129.21719062699455,35.84983136169064],[129.21718821168645,35.84980198529902],[129.21718646433027,35.84972085797241],[129.2171894051691,35.849674510453106],[129.21719183637651,35.84963618496732],[129.21719684851405,35.849557596039915],[129.21720813095857,35.84950529431082],[129.21722093973565,35.84943208085471],[129.21723504567765,35.84935143877253],[129.2172448347822,35.84929547163453],[129.21725391542265,35.849243597439596],[129.21727282915214,35.849135665897954],[129.21728254227892,35.84908027569098],[129.21730817204352,35.848938463125904],[129.21732265427391,35.84886193906116],[129.2173287004148,35.84883001495796],[129.21740947926932,35.84840228102721],[129.21741999941867,35.84834656490266],[129.21744377883405,35.848220626621526],[129.21744377980127,35.8480862503116],[129.21744377286942,35.84801428554607],[129.2174436804931,35.8478740602894],[129.21744366551852,35.84783587437087],[129.21744215025987,35.84766078231918],[129.2174422196872,35.84763331210574],[129.2174416896698,35.84748273226813],[129.21744139623266,35.84739899768963],[129.21743899663238,35.84711002530218],[129.21743887929452,35.84709532613028],[129.2174372600339,35.84705743148975],[129.21743693801378,35.8469794829799],[129.21743677332034,35.84687382075669],[129.2174368843005,35.84681267977422],[129.21743648337758,35.846742374000954],[129.21743688908356,35.8466633697169],[129.21743656154658,35.84657930172573],[129.2174357215915,35.846502210327714],[129.21743448124462,35.84639583804173],[129.217433119016,35.846224089309516],[129.21743488162014,35.84604945996979],[129.21743625602906,35.84596437951161],[129.21743680695408,35.84588994429325],[129.21743347673262,35.84575989090429],[129.21743272509312,35.84570720518488],[129.217432273471,35.84560185889222],[129.21743232739965,35.845544169786514],[129.2174324528987,35.84537404961877],[129.21743159955332,35.84502250957788],[129.21743130980863,35.84479720660061],[129.2175620371076,35.844793123271984],[129.2175993078401,35.844793389711846],[129.2175999801089,35.84502079191268]]]]}},{"type":"Feature","properties":{"godo_no":"-","godo_nm":"최저고도지구","h_max":null,"kind":"최저","conf":"label","area_m2":2059,"gosi_last":"미기재","src":"V-World LT_C_UQ123 + 경북고시 2020-479 조서·도면","h_cls":"최저고도","lbl":"최저고도지구"},"geometry":{"type":"MultiPolygon","coordinates":[[[[129.21741011062488,35.84115369688044],[129.21752983235865,35.84110978907859],[129.21754139551206,35.84110028713371],[129.21759891531235,35.841049776760215],[129.2176341170922,35.84100613798254],[129.21765648995597,35.84097055241507],[129.21766081634135,35.84095777391116],[129.21766550507957,35.840943922266945],[129.21766601048273,35.84092622079524],[129.21766578746303,35.840921534693145],[129.2176634353707,35.840899097783264],[129.21774059497145,35.840886846149466],[129.21811645378932,35.84083403184813],[129.2181856390722,35.84082410150491],[129.21818489542684,35.840961714805196],[129.21781413678102,35.841013817164],[129.21781208344134,35.84101989528941],[129.21777786296659,35.84107432933511],[129.21773011831542,35.84113351026045],[129.2176612800973,35.84119396382597],[129.21762608254915,35.84122286715546],[129.21757979499722,35.841239848846556],[129.21758443302517,35.841354200193116],[129.21758775765878,35.841547476409964],[129.21758921613494,35.8416403746928],[129.21758947856142,35.84167999319416],[129.21758910490436,35.841729950182604],[129.21758935544295,35.841740701650785],[129.21747200678905,35.841745725296406],[129.21742403295292,35.84170832850091],[129.21742349535634,35.841669251243985],[129.21742312265766,35.8416420071101],[129.217421664888,35.84154929808624],[129.2174183665074,35.8413573917179],[129.21741011062488,35.84115369688044]]]]}},{"type":"Feature","properties":{"godo_no":"2","godo_nm":"도심12m지구","h_max":12,"kind":"최고","conf":"label","area_m2":273857,"gosi_last":"경북고시 2020-479 (고도지구 정비)","src":"V-World LT_C_UQ123 + 경북고시 2020-479 조서·도면","h_cls":"12m","lbl":"도심12m지구\n12m 이하"},"geometry":{"type":"MultiPolygon","coordinates":[[[[129.20979651544593,35.84997460203128],[129.20970862301382,35.84997566463088],[129.20941063117874,35.84997971353808],[129.20937423443638,35.84998016405017],[129.2092272421283,35.84998217570519],[129.20920147225385,35.84998252667965],[129.20859709444304,35.84998947309699],[129.2085256392211,35.84998992068677],[129.20839899073025,35.84999090489983],[129.20825945809,35.84999237078842],[129.2080856875458,35.84999437304929],[129.2079172074365,35.84999599645795],[129.20772250326326,35.84999785390506],[129.20756589088802,35.84999978090146],[129.20740069936988,35.850001731408234],[129.2072965452815,35.85000284714705],[129.20717181337432,35.85000442160873],[129.20714647378725,35.850004221643836],[129.2070647074614,35.849946988021706],[129.20706556604273,35.849872191858886],[129.20706824449402,35.849700463198],[129.20707104002437,35.84952263287247],[129.20707323657658,35.84938722538299],[129.2070728053445,35.84881702352624],[129.20707652471316,35.84868833673776],[129.20707677816267,35.84867073489826],[129.20707688066773,35.84866327237573],[129.20707846194165,35.848641171028476],[129.20708191865432,35.84844075422265],[129.20708324710682,35.84814059073084],[129.20708082838345,35.84806982873913],[129.20708057716928,35.847972503207465],[129.20710102006672,35.847971440804066],[129.20711854103158,35.84797055463496],[129.20714574677794,35.84796921928831],[129.2071768704631,35.847967606854084],[129.20722653402444,35.847965304757466],[129.20725099534502,35.84796429853583],[129.20727422803267,35.8479633304633],[129.20729868939856,35.84796234225681],[129.20731839118616,35.847961497385775],[129.2073453541401,35.84796045080983],[129.20737128776065,35.84795946006632],[129.20739871563617,35.84795841268182],[129.20742597746707,35.84795736557551],[129.2074560172532,35.84795611542655],[129.20748726353125,35.84795482715168],[129.20754475355923,35.84795261965614],[129.2076014020847,35.84795033246396],[129.20761983144547,35.84794971503857],[129.20764469179787,35.84794891533963],[129.20767344818066,35.84794792870065],[129.20768916565277,35.847947379005255],[129.20770133011138,35.847946961580355],[129.20773248803476,35.84794575450588],[129.20776371249133,35.847944592371576],[129.20779488145905,35.84794337624952],[129.20781618837424,35.84794254656604],[129.20785300266994,35.847941257647804],[129.20788214641286,35.84794024325607],[129.20790626500306,35.84793940872713],[129.20791956948722,35.84793893524679],[129.20794192822154,35.84793818484655],[129.20795626213066,35.84793769156837],[129.20796592506818,35.84793735952735],[129.2079887704665,35.84793645506962],[129.20800945769074,35.847935707529345],[129.2080356458714,35.8479347071925],[129.20805045553809,35.847934122960396],[129.20808135899037,35.84793297030791],[129.2080987143354,35.847932255518145],[129.208126773158,35.847931206882485],[129.2081495520648,35.84793027547111],[129.2081654575259,35.84792965329019],[129.20818926595058,35.84792873812555],[129.2082507082275,35.84792669473107],[129.20831219838337,35.84792603914748],[129.208373692143,35.84792677145078],[129.20843513416176,35.84792889173634],[129.2084964801643,35.847932400080474],[129.20855767480606,35.847937296578735],[129.2086186848814,35.84794358128859],[129.20863946897853,35.84794603290939],[129.20861962974058,35.84792806915179],[129.20857948116674,35.84789014166217],[129.20854063654582,35.847851328687256],[129.2085031291329,35.8478116481959],[129.208466992253,35.84777114519464],[129.2084322480674,35.8477298286588],[129.20839892990116,35.847687743594776],[129.20836705998565,35.847644926015526],[129.20833666052857,35.84760140292133],[129.20830775376106,35.847557210325085],[129.20828037298364,35.84751238422047],[129.20825452933414,35.84746695162696],[129.20823024504296,35.84742094855719],[129.20820754236414,35.84737442003635],[129.20818643243487,35.847327393083674],[129.2081669375088,35.84727991272417],[129.2081490686994,35.847231996964574],[129.208132848307,35.847183708854644],[129.20811827637544,35.84713506641997],[129.20810536408814,35.84708611470448],[129.20809413367488,35.84703688972055],[129.20808458522603,35.846987427518336],[129.20807671885552,35.84693777316056],[129.20807055676903,35.846887953646934],[129.20806878998974,35.846872554323234],[129.2080665000397,35.84685176642448],[129.20806204452452,35.846811199812535],[129.20805809596965,35.84676123229191],[129.20805586301665,35.846711198734],[129.20805533468686,35.846661135207896],[129.20805651104675,35.84661106875082],[129.20805939225696,35.84656106245016],[129.20806128282635,35.84653456245118],[129.2080607334868,35.84648920348456],[129.20806175487002,35.84643913729244],[129.20806449214592,35.8463891222252],[129.20806892324273,35.84633918535801],[129.20807505932027,35.84628936272153],[129.20808288944602,35.846239708409385],[129.20809241366373,35.84619024044606],[129.2081036210412,35.84614101292512],[129.20811650057624,35.84609205290239],[129.20813105238275,35.846043405439694],[129.20814724334343,35.845995106643365],[129.2081650956876,35.84594719252457],[129.20818456525234,35.84589970822106],[129.20820564101228,35.8458526717759],[129.20822832308218,35.8458061282507],[129.20825257836856,35.84576012276409],[129.20827839587017,35.84571468237131],[129.2083057535399,35.84566984315956],[129.20833462933075,35.84562564121558],[129.20836500117247,35.845582103613935],[129.20839684704217,35.84553927545393],[129.20843014486982,35.845497183809755],[129.20846486151655,35.845455855775015],[129.20850098602918,35.84541533642963],[129.20853846310712,35.84537564389292],[129.20857729284333,35.84533681421332],[129.20860104448457,35.845314359187356],[129.2101031309169,35.84526650910212],[129.21019339330695,35.845263639604944],[129.21094398195197,35.84523972126989],[129.21264179155452,35.845216697095985],[129.21271605258178,35.84521569237068],[129.21346957407846,35.84520453283392],[129.2134922254272,35.84551783948932],[129.21351386929567,35.84586844162525],[129.2135186801792,35.84594168673364],[129.21351866157408,35.845988759051636],[129.2135200152657,35.846089777769215],[129.2135202879987,35.84615481148292],[129.21353627554336,35.84631407919395],[129.21354843915333,35.846587875467584],[129.2135515915521,35.84664934415702],[129.2135543589902,35.84670342327634],[129.21355935644237,35.84680097475137],[129.21356400679886,35.84693445966706],[129.21356493928982,35.846952086467546],[129.2135683281481,35.847048306927384],[129.21357285611404,35.84717323018031],[129.21357634198583,35.84723520297422],[129.21358044367952,35.84730811585252],[129.21358445339297,35.84744209757412],[129.21359000630974,35.84761934556703],[129.2135929455909,35.84772546253041],[129.21359855136743,35.847801995770766],[129.21359939410956,35.84788152055392],[129.2136022601011,35.84797257776021],[129.21360478870298,35.84800760487046],[129.21360626898814,35.84803971378214],[129.21360933603827,35.84811897327316],[129.213611576358,35.8481746034576],[129.21361636182675,35.848300562667674],[129.21362091192213,35.84840048518983],[129.21362193853392,35.848432657987594],[129.21362126457234,35.84844145537332],[129.21362389790153,35.84851579480164],[129.2136245197832,35.84852900602239],[129.21192319937273,35.848557034238524],[129.211883078678,35.848609998832075],[129.21189465344244,35.84878022460906],[129.21190436398774,35.8489277782061],[129.2119337082188,35.849367022862516],[129.21195356693306,35.84965585655389],[129.2111131536618,35.84968568795065],[129.2110799692389,35.84968686338713],[129.211088747786,35.84995612337519],[129.21105552800105,35.84995652379221],[129.21081893161414,35.849961145034854],[129.21066304185936,35.84996418334524],[129.21058531228363,35.84996549025638],[129.21054124486702,35.84996623385712],[129.21037182772707,35.84996930433637],[129.2102152182292,35.84997228022962],[129.2100586735565,35.849974651969134],[129.2100089356863,35.84997438680541],[129.2099103566301,35.84997386387321],[129.20979651544593,35.84997460203128]],[[129.2103096716414,35.84797701096039],[129.21032532387792,35.84798958322946],[129.21034952162805,35.848048491915385],[129.21033244171483,35.848069818132075],[129.2103673654761,35.848166515595246],[129.21037132442336,35.84822830740343],[129.2104820769653,35.84823688398572],[129.21058070385274,35.848201626757394],[129.21078219028647,35.84821279395565],[129.21092726122004,35.84821805683699],[129.21095180975004,35.8482165269852],[129.21100239425988,35.848206615175734],[129.21116102493514,35.84818641185346],[129.2112625142936,35.84820419662608],[129.21131783205777,35.848200972705634],[129.21136251357115,35.84816479061228],[129.21144589350018,35.848123989580486],[129.2115163603919,35.84813559169238],[129.2115189230348,35.84813769613733],[129.2117408054073,35.84786164286689],[129.2121081415303,35.84785382561819],[129.21209329483742,35.847806896531],[129.21208895720753,35.847761472135694],[129.21217357507433,35.84772445367669],[129.21217461066885,35.84773932248121],[129.21228577094075,35.84773065578079],[129.2122491034851,35.847318821930074],[129.2122094869186,35.847290051416266],[129.21212156033735,35.847293810573035],[129.21188513078408,35.847299902648885],[129.21156633488584,35.847315240909275],[129.21133942950723,35.84732302763506],[129.21133877614415,35.84736494590361],[129.21124834286965,35.84738367855813],[129.21123339641468,35.847382713273376],[129.21117990733507,35.84738235600173],[129.21114202413605,35.8473811603544],[129.2110728251978,35.84738840094191],[129.21100817629195,35.847395813806045],[129.21094969461515,35.84739537501215],[129.21093394473155,35.84739617754021],[129.21079992084276,35.847402836981296],[129.21076428837392,35.84740301620639],[129.21061865535398,35.8474149859995],[129.210542337145,35.84741745303524],[129.21050950321566,35.84744215933532],[129.21046275598994,35.84745887771308],[129.21043031444995,35.8475150279137],[129.2103760005728,35.84754209674931],[129.2103097667597,35.84756572547638],[129.21027086172305,35.847559024694206],[129.2102390830139,35.84759783364545],[129.21025267451907,35.84763932159725],[129.21027399377363,35.84767280203487],[129.21027151228364,35.847714308897615],[129.21025478282908,35.847738401332194],[129.21015701827253,35.84776039941388],[129.21014209702722,35.847811336922305],[129.210129899515,35.84785828617538],[129.21013916730422,35.84785924343284],[129.2103123653044,35.84787710274826],[129.2103191972769,35.84792853420915],[129.2103096716414,35.84797701096039]],[[129.2104091667427,35.846677560245325],[129.21078009782786,35.84666655940038],[129.2107733630938,35.84638256925559],[129.21077336167306,35.84638202850806],[129.21085083623265,35.84638189354937],[129.21085040952144,35.84621954312646],[129.21084646621108,35.84599954586396],[129.21084647644258,35.84599080372104],[129.21083485365534,35.845990823970396],[129.21076106173604,35.8459937103298],[129.21018367072247,35.84601004475652],[129.21017725397277,35.846180383137074],[129.21017340567624,35.84628748535473],[129.2101689595927,35.84641147803252],[129.21016520511583,35.846491019859926],[129.21016103593314,35.846560152969765],[129.21032956128434,35.84655324502263],[129.2104024340096,35.846549991013205],[129.2104091667427,35.846677560245325]]],[[[129.20265332168336,35.84706327211951],[129.20252763589042,35.84707108000146],[129.2024299626472,35.84707714656153],[129.2023956635633,35.847079276787895],[129.20230086322908,35.847083301614724],[129.20225230039597,35.84708736628635],[129.2022184409023,35.8470882339777],[129.20211255815127,35.84708714905608],[129.20205250356952,35.847086194845545],[129.2020121288022,35.846970199253555],[129.20197703723008,35.84686856075628],[129.2019320104214,35.84673814388128],[129.20191029991025,35.846675254816056],[129.20186172745127,35.84653458759814],[129.20182649127526,35.84643251668994],[129.2018008224053,35.846358143261945],[129.20178670573026,35.84631726806366],[129.20175582958927,35.84622780736479],[129.20194179530725,35.84625847325435],[129.20206103220872,35.84629692890604],[129.20221737858475,35.84633723310512],[129.20236643526493,35.84635314343415],[129.2024867952199,35.846353978606146],[129.20263914393365,35.84634968607565],[129.2027151837624,35.846351253113674],[129.20280554023728,35.84634121505541],[129.20284524915957,35.8463379851347],[129.20292371417975,35.84631368209936],[129.20297105285408,35.846285357556766],[129.2029735490535,35.84627005915723],[129.2029817463025,35.84621987281919],[129.2029815318554,35.846187608425026],[129.20298143987316,35.846173125490004],[129.2029809962857,35.846107163737926],[129.20298100019673,35.845986179914014],[129.20298511430002,35.84586218803264],[129.20298618042725,35.84582855158899],[129.20298561593356,35.845710416663145],[129.20298416836695,35.8457026593264],[129.20297250696441,35.84560862441036],[129.202966713959,35.845589635769315],[129.20295694049292,35.845563669112586],[129.20293744270407,35.84553553773203],[129.20295077362763,35.84547563631885],[129.20294105779027,35.84542867944602],[129.2029403435754,35.84537824668072],[129.202934944891,35.84524816927143],[129.20293965943733,35.8451252308325],[129.2029545792046,35.844984547688355],[129.2029613273495,35.84494791857504],[129.20296439568818,35.844931267337614],[129.20300276482723,35.844928156773996],[129.20314210372365,35.844923579000344],[129.2035108805877,35.84491270335283],[129.20355187935405,35.84491205761873],[129.2036601032639,35.84491646295184],[129.20365784068704,35.8449757690271],[129.20364805902122,35.84507312051286],[129.20364365837975,35.84511431505313],[129.20362795320972,35.845184936405275],[129.20359456974833,35.84531202377853],[129.20357083322136,35.84537153720092],[129.20356622449702,35.84538308996667],[129.20353614169014,35.845415026784686],[129.20350967814502,35.84544245125936],[129.20351382929374,35.84545997359704],[129.20355033808437,35.845465220575576],[129.20357349255815,35.84546859737666],[129.20364433857316,35.84547830183963],[129.20365420017362,35.84553018824783],[129.20366906679982,35.84555656986599],[129.20369370355058,35.845638028465764],[129.20370775989633,35.84599927093502],[129.2037115016346,35.846095310863],[129.2037156046549,35.84622028932186],[129.20372799027066,35.846228596027956],[129.2037315048634,35.84626567655384],[129.20375019769324,35.84630356969472],[129.2037509486329,35.8463813372993],[129.20372814840863,35.84639987833871],[129.20374246022627,35.84680493910249],[129.2037194262136,35.84682736492012],[129.20363165018168,35.84686860059936],[129.20354500841867,35.846894458982284],[129.2034638529847,35.846905608693746],[129.20344631395648,35.84690802648521],[129.20343694689535,35.846924598190334],[129.20337846304997,35.84695372572707],[129.20331519237433,35.84697660660049],[129.2032145475829,35.847002515301185],[129.20302973922995,35.84704077704587],[129.2030012791836,35.84706690695085],[129.20290926621732,35.847070062383175],[129.20278673011623,35.84708021751877],[129.20276468422506,35.84708203892323],[129.2027301721416,35.84708310612687],[129.2027254398457,35.84705897857762],[129.20265332168336,35.84706327211951]]],[[[129.20767151939478,35.839235093597345],[129.20789844150477,35.83929805298955],[129.20789305933172,35.83961310354668],[129.20789055086578,35.83975994868111],[129.2078869482639,35.83997152353531],[129.2078854830366,35.84018354533652],[129.2078855108758,35.84022420071795],[129.20788299572143,35.84028729260194],[129.20787942440984,35.84042977749067],[129.20787726093863,35.84045344805469],[129.2078717975199,35.84062609204271],[129.20786771470563,35.84073777304771],[129.20786662886616,35.84076725482755],[129.20786099616316,35.84096002402744],[129.2078567801703,35.84122114164699],[129.20785091602414,35.84135876369617],[129.20785219279225,35.84142435453293],[129.20785031601443,35.841486075406245],[129.20784790149312,35.84154530975042],[129.20784516189445,35.84173117037611],[129.20783719067563,35.842098038148386],[129.207837401559,35.842179456768605],[129.20735140975344,35.84219535921292],[129.207184939252,35.84220155648202],[129.207185467384,35.84215745738413],[129.2071892887725,35.84191412217697],[129.2071900785642,35.84186419153724],[129.20719147594903,35.8417752176768],[129.20719487791885,35.841690971949774],[129.20719776499473,35.84157878833045],[129.20719933528827,35.841518203568015],[129.20720093373606,35.84145566304261],[129.2072041939417,35.841329383217975],[129.20720558135,35.84127513455901],[129.2072064867027,35.84123995719124],[129.2072090123722,35.84114214011957],[129.20721270863908,35.84095326767216],[129.20721552463374,35.84080928803054],[129.20721793757738,35.84073640875583],[129.2072291085662,35.84024454096835],[129.2072332252832,35.840064211631436],[129.20723375836354,35.83999203854157],[129.207236043103,35.839869527584405],[129.20723817052937,35.83976753837948],[129.20724065377766,35.839649037644904],[129.20724247533383,35.83956147798891],[129.2072446417361,35.83945744287194],[129.20724596265998,35.83939461439931],[129.20724732199056,35.83932951470761],[129.20727476415794,35.83932229376014],[129.20730264911288,35.83931080913044],[129.20733201142698,35.83929707784868],[129.2073700256633,35.83927339093825],[129.20739099382803,35.8392580157205],[129.20741264801933,35.839238277268365],[129.2074315569381,35.83921842635429],[129.20744624858497,35.83919850155232],[129.20767151939478,35.839235093597345]]]]}},{"type":"Feature","properties":{"godo_no":"-","godo_nm":"최저고도지구","h_max":null,"kind":"최저","conf":"label","area_m2":2352,"gosi_last":"미기재","src":"V-World LT_C_UQ123 + 경북고시 2020-479 조서·도면","h_cls":"최저고도","lbl":"최저고도지구"},"geometry":{"type":"MultiPolygon","coordinates":[[[[129.21741085939433,35.84310034245857],[129.21741156550448,35.84304640135822],[129.2174123411363,35.842985439392336],[129.21741294559052,35.84293891576391],[129.21741381427316,35.842871446602196],[129.2174146555372,35.842806113452376],[129.21741590097278,35.84271020916299],[129.21741639055952,35.84269073226263],[129.21741790346658,35.84260775142135],[129.21742058082262,35.8424602479699],[129.217421764137,35.842394517650746],[129.2174220136879,35.84235999029857],[129.21742225920815,35.842323975890245],[129.21742251396492,35.842287285527235],[129.21742275581758,35.842254001913865],[129.2174236608725,35.84221629196893],[129.21742348971082,35.84214905899265],[129.21742371854003,35.84211505440154],[129.2174239478393,35.84210572604725],[129.21742407580047,35.84207534466402],[129.21742459181877,35.842024783585245],[129.21742447710665,35.841982461068795],[129.217424506774,35.84197707153756],[129.21742446124128,35.84189493164964],[129.21747019753283,35.84185410392204],[129.21757582584536,35.84184957901643],[129.21757720009788,35.84190734670213],[129.21758537977394,35.84308252646951],[129.21748592501703,35.84338459708574],[129.21741605274187,35.84338694874536],[129.21741616113832,35.84338201871163],[129.21741594725358,35.84332761061671],[129.21741550139208,35.843265208848074],[129.21741476927187,35.84321154070859],[129.21741472765376,35.84318801815049],[129.2174143368654,35.843162270131536],[129.21741199577687,35.84313164084008],[129.21741085939433,35.84310034245857]]]]}},{"type":"Feature","properties":{"godo_no":"?","godo_nm":"고도지구(높이 미확인)","h_max":null,"kind":"최고","conf":"none","area_m2":30329,"gosi_last":"경북고시 2021-220 (재정비)","src":"V-World LT_C_UQ123 + 경북고시 2020-479 조서·도면","h_cls":"미확인","lbl":"고도지구(높이 미확인)"},"geometry":{"type":"MultiPolygon","coordinates":[[[[129.28840526884673,35.86014374526642],[129.28823766651763,35.860191623036215],[129.28811160287043,35.86024236658603],[129.2880347042081,35.86026775786487],[129.28797881440434,35.86027651607136],[129.2879796281417,35.86025651547786],[129.28798222134563,35.86019260192585],[129.2879972921814,35.86012568450677],[129.2880234387342,35.86006307566634],[129.28804857657875,35.860006291276214],[129.28806720800438,35.85994741348336],[129.28807978436623,35.859811908148295],[129.28812818905584,35.85969535166038],[129.2881115234953,35.85963907253751],[129.28813956930412,35.85963357111437],[129.28821326274593,35.859619092496274],[129.28827765188953,35.85951425005054],[129.2883816912995,35.859419848468164],[129.28842278362927,35.859341927720976],[129.2884723777866,35.859288365365614],[129.28853669911052,35.859192517377316],[129.28855777685206,35.85917359492045],[129.28863522708394,35.85912036248676],[129.28873499592805,35.85903316274637],[129.28880409830057,35.85897073942235],[129.28888939444062,35.85888288921285],[129.28893153921763,35.8588145730555],[129.2889680146496,35.85873068789728],[129.28903505720083,35.858609976748134],[129.28906095148125,35.858582102310095],[129.28909551189798,35.85859031105444],[129.28919679214528,35.858606128787024],[129.28924823838346,35.85852309091373],[129.28942086988627,35.858495522785056],[129.28958693516046,35.85844933237699],[129.289744672356,35.8583718884683],[129.289797449909,35.858363199996276],[129.28978161451545,35.858435544994784],[129.28974439037546,35.85844384466038],[129.2896062655081,35.85850446934412],[129.28945787437004,35.858551978301975],[129.2894096792968,35.858591063698114],[129.28937834812865,35.85860638786323],[129.28940704819712,35.858619675564384],[129.2895044662962,35.858614503250756],[129.28962615711075,35.858653505825146],[129.2897138549867,35.85869120190548],[129.2897944191767,35.85868499730251],[129.2903710327366,35.859764260703066],[129.29038862077118,35.85979056184061],[129.29040476897777,35.85981060277664],[129.29042266277554,35.85982963011685],[129.29044222430707,35.8598475449107],[129.29046332035864,35.859864248340614],[129.29048586209905,35.85987966851986],[129.29050972735223,35.859893697591986],[129.2905347830673,35.85990628180139],[129.29056089612723,35.85991734936813],[129.29058793344774,35.85992683752433],[129.29061573983432,35.85993469256814],[129.29122289230205,35.86005720540267],[129.2912579716141,35.86006173518543],[129.2912814191069,35.86006435533469],[129.2913049318802,35.860066659885824],[129.29132847668734,35.860068639906274],[129.2913520646321,35.86007030438205],[129.29137567357176,35.86007165336637],[129.2913993145444,35.86007267782003],[129.29142297647857,35.86007337776998],[129.29144663726427,35.86007376228174],[129.29147031904387,35.86007383130213],[129.29149398853744,35.86007356688641],[129.29151764581076,35.860072987059446],[129.29154130193447,35.86007209179436],[129.29156492366184,35.860070872158985],[129.2915885220639,35.86006932812682],[129.291612086102,35.860067468736794],[129.2916356047046,35.86006529401572],[129.2916590778386,35.86006279495121],[129.29168250553647,35.86005998055578],[129.29170586562284,35.86005684187044],[129.29172914709176,35.86005339694677],[129.2917502918486,35.860049966193095],[129.29175237201986,35.86004962770662],[129.29190681254565,35.86002723705659],[129.29190715976299,35.86012242583387],[129.29178431060126,35.86007333442864],[129.29156114123657,35.860129696613804],[129.29144032743162,35.86014998688272],[129.29126414233494,35.86017538546653],[129.29123574199284,35.86016255712704],[129.29121638228062,35.86013932462503],[129.29107444303568,35.86017144475346],[129.29091218871827,35.86019772851528],[129.29058660082254,35.86026415914455],[129.29021284716328,35.86025902854122],[129.2900058887551,35.860240157916365],[129.28999769894767,35.86023792446719],[129.28982177882696,35.86018993182576],[129.28948239655762,35.86015880563232],[129.28932257457396,35.86017511363571],[129.28920006435393,35.8601856992959],[129.2889114507643,35.86022075458855],[129.28872141103682,35.8602053110736],[129.28861051776568,35.8601676787263],[129.28859727934108,35.86016847642098],[129.28859239680938,35.86013468234313],[129.28851527826583,35.860142004468464],[129.28844188107507,35.86013435696951],[129.28840526884673,35.86014374526642]]]]}},{"type":"Feature","properties":{"godo_no":"?","godo_nm":"고도지구(높이 미확인)","h_max":null,"kind":"최고","conf":"none","area_m2":204530,"gosi_last":"경주시고시 2022-142 (보문천군 도시개발)","src":"V-World LT_C_UQ123 + 경북고시 2020-479 조서·도면","h_cls":"미확인","lbl":"고도지구(높이 미확인)"},"geometry":{"type":"MultiPolygon","coordinates":[[[[129.28243230307072,35.82175406165482],[129.28243235430048,35.821746617192275],[129.28243312230458,35.82173845906541],[129.2824344903756,35.82173101152501],[129.28243663185202,35.821723219701184],[129.28243929533042,35.82171596740847],[129.28244298574484,35.82170809085133],[129.28257571126008,35.821472715959196],[129.28265149008894,35.82133755818797],[129.28266525294097,35.82131783363388],[129.2826751729078,35.82130667095128],[129.28268003596764,35.82130184688828],[129.2826907917801,35.82129235857821],[129.28270459899375,35.82128207903888],[129.28272107383168,35.821272009557184],[129.28274590893122,35.821260361345054],[129.28276301784837,35.821254373046415],[129.28278382497447,35.821249006967435],[129.28280945066064,35.8212450265484],[129.28281690683275,35.82124438723364],[129.28282313565228,35.8212440211668],[129.28283304980482,35.8212437636365],[129.28284210209523,35.821243868623654],[129.28285058001205,35.821244272367764],[129.28285853866223,35.821244911652336],[129.28286528042162,35.82124565292276],[129.28287485732247,35.82124703645751],[129.28288302921368,35.82124852241842],[129.28289450263384,35.821251109189745],[129.2829005613665,35.821252717259426],[129.28290686443833,35.821254577107325],[129.2829137664647,35.821256832103536],[129.28366461871292,35.82155600891591],[129.28368310487426,35.82156395962422],[129.28370766773324,35.821572328663336],[129.2837291888179,35.821577956020676],[129.28375707211165,35.82158337917105],[129.28378516814288,35.82158637744715],[129.2838155809565,35.821587378507786],[129.28384726751779,35.82158558268693],[129.28387244124846,35.82158208076683],[129.2838869163548,35.82157918979087],[129.28392746438166,35.821570478550775],[129.28392235623056,35.821556079531746],[129.28391808998092,35.82154193088483],[129.28391446398862,35.82152733911984],[129.28391213226837,35.82151574548344],[129.28391038988073,35.82150495257655],[129.28390918337948,35.82149549226382],[129.28390826325003,35.82148565275229],[129.2839077113586,35.82147667757758],[129.28390746287457,35.82146900850553],[129.28390740589387,35.82146229431088],[129.2839075131452,35.82145508404171],[129.283907880965,35.82144645819432],[129.2839083439518,35.821439706727865],[129.2839088122376,35.821434451327534],[129.28390938005225,35.82142917766836],[129.28391000402613,35.82142413820276],[129.2839108897814,35.82141802563191],[129.28404415338784,35.82055832339001],[129.2840476606489,35.82039265596069],[129.28406980524957,35.82004037646557],[129.2840610589741,35.819848682620886],[129.28379070011528,35.81983898951967],[129.28377882407855,35.8198382783834],[129.28376666907207,35.81983690998684],[129.28375492151633,35.81983498185575],[129.2837454864223,35.81983297619333],[129.28373651503222,35.81983067202799],[129.28372477254635,35.819827049527525],[129.28371476720545,35.81982337788464],[129.2837066772396,35.8198199901448],[129.28369814241663,35.81981597257201],[129.28368912906137,35.81981119005757],[129.28368057931507,35.819806082003275],[129.28367201627168,35.81980034310278],[129.28366438280568,35.81979462004464],[129.28365670255866,35.819788185106404],[129.28365020761007,35.81978210788623],[129.2836441990077,35.81977587631126],[129.2836385435493,35.81976937353139],[129.28363275182838,35.819761888705806],[129.28362866979452,35.81975597705881],[129.28362491934703,35.819749956483115],[129.2836216341344,35.81974407000316],[129.2836178779799,35.8197364361987],[129.28361564652087,35.819731259234764],[129.28361396014716,35.819726892118545],[129.28361205941334,35.81972136288978],[129.28361077172107,35.81971708496307],[129.28360899857736,35.81971008639332],[129.28352544545183,35.81948284239862],[129.28326284934997,35.818747919025306],[129.28325476620756,35.8187245054058],[129.28324902685034,35.81870675517057],[129.28324193909899,35.81868319501637],[129.28323691814325,35.818665199758385],[129.28323024184328,35.81863907908156],[129.28322355354305,35.8186095607101],[129.28321867568326,35.81858508510944],[129.2832142929697,35.81855981524582],[129.28321093853336,35.81853744500527],[129.28320757940298,35.8185106135751],[129.28320498617853,35.818484456289234],[129.2832032318746,35.818460847582024],[129.28320217693798,35.8184410044716],[129.283201280664,35.81840656069668],[129.28319802073753,35.81818855532127],[129.28317402491632,35.81665511192534],[129.28317280315662,35.81650345194924],[129.28726862928184,35.81648147328837],[129.2875329539973,35.8165425894285],[129.2875673282066,35.81655337673636],[129.28760712437898,35.81657032471071],[129.2876374257429,35.81658704292345],[129.28765957613118,35.81660182481453],[129.28767923880304,35.81661715337603],[129.2876976340328,35.81663389090618],[129.2877177735217,35.816655662283345],[129.28774118142195,35.81668783534358],[129.28776132727637,35.816726784575884],[129.28786520497752,35.81706174008118],[129.288097847238,35.81786041647218],[129.2881003396376,35.81787039640828],[129.28810230313596,35.81788099946956],[129.28810365008485,35.81789246920345],[129.28810419679738,35.81790295847991],[129.28810391520898,35.81791697362911],[129.28810270852233,35.81792913440361],[129.2881000724086,35.81794382209357],[129.28809521045167,35.81796111971043],[129.28808714902712,35.8179810656254],[129.28803328961413,35.818056989367435],[129.28802705503406,35.81806183494288],[129.2880180141215,35.81806787686081],[129.28800674964899,35.818074086303405],[129.2879912816251,35.81808066626499],[129.28797655862962,35.818085180580574],[129.28795515003685,35.818089125012975],[129.28725155326487,35.8180586970998],[129.2872318739963,35.81817777230879],[129.28723174573287,35.818179034367276],[129.28720328880624,35.818439428807515],[129.28721816697947,35.8184411328603],[129.28723682053285,35.81844340473814],[129.2872625047067,35.81844679547706],[129.2872866842745,35.81845027090056],[129.28730853974793,35.81845365270752],[129.28732980920748,35.81845716207947],[129.2873556413759,35.8184617060497],[129.2873921826774,35.81846869397567],[129.2874261128329,35.818475769214416],[129.2874507865678,35.81848127124749],[129.2874711199715,35.81848603556213],[129.28749238449066,35.818491248284204],[129.28752278753726,35.81849909795222],[129.28832424750485,35.81870979362951],[129.28833329700547,35.81871227751694],[129.28890463504328,35.8188690825812],[129.2889227606009,35.818875257882446],[129.2889422149112,35.81888474661228],[129.28896434729907,35.81890042955088],[129.2889794410651,35.81891585894389],[129.2889901748356,35.81893124468791],[129.28899916482632,35.818950969625895],[129.2890030832628,35.81896665105786],[129.28900439656252,35.81898102289247],[129.28900160034266,35.819166092745846],[129.2889970200373,35.81918781487088],[129.2889913945988,35.81920202305058],[129.28897889872383,35.819222736679144],[129.28896156138464,35.81924184864329],[129.2889437738965,35.81925580651773],[129.2889202403952,35.819268948977445],[129.2888884444515,35.81928002028217],[129.28833606648934,35.81948213873328],[129.28831207447413,35.81949091109409],[129.28829471898007,35.819498883525995],[129.2882804240774,35.8195055778875],[129.28825204558035,35.81951926351451],[129.28822488393118,35.8195328470944],[129.28819388045804,35.81954894531306],[129.28816821358268,35.819562786678006],[129.28812274837676,35.81958843659249],[129.28809976937865,35.81960198313261],[129.28806628080352,35.81962247634245],[129.2880366483398,35.819641356121494],[129.28803657107497,35.819641410380775],[129.2879147224356,35.81951699450195],[129.2879143177589,35.819404338921714],[129.2879140749537,35.819336745572585],[129.2871270815262,35.81933861826206],[129.2871273236641,35.81940621161579],[129.284417598461,35.819412620140454],[129.28444917893148,35.82012019115947],[129.28452932648185,35.820786793970086],[129.28465553122155,35.821836455491734],[129.28713600897444,35.821830586433556],[129.28713584304163,35.82178427148646],[129.28713583267697,35.82178137849215],[129.2874162092732,35.82178071187412],[129.28741413925977,35.82178360981711],[129.28739888565286,35.821810079821994],[129.28738661023138,35.82183386602284],[129.28737543197553,35.82185810925126],[129.28736551551742,35.82188243059036],[129.28735597372884,35.82190940071835],[129.28734887590045,35.82193283212551],[129.2873419038495,35.821960481092354],[129.28714849536067,35.82202009005624],[129.28690586358354,35.8220978857026],[129.28689152973897,35.82210313798659],[129.28687392318048,35.82210918212835],[129.28685987446556,35.82211371272997],[129.28683891572794,35.822119990138056],[129.2867868308001,35.82213317291528],[129.2865156203661,35.82216611720401],[129.2860635242884,35.822230122819946],[129.2860273312366,35.82222814463472],[129.2856939697116,35.8220893744348],[129.28555292575794,35.82223328629751],[129.28508715837805,35.822529618249106],[129.28504965321574,35.82253523140717],[129.28502679112563,35.822554031379276],[129.28502644993637,35.82257944748934],[129.28504141620712,35.822608829048406],[129.28506014908794,35.82264559198547],[129.28502533101238,35.822653776377216],[129.2849849122761,35.82267095945029],[129.28502395407207,35.82275201608651],[129.2850625749845,35.822820501237395],[129.2851310170115,35.82291635912835],[129.28521259390362,35.822962229582735],[129.28525106641203,35.82303869109964],[129.28532551854425,35.82310989446073],[129.28537995168892,35.823137479405425],[129.28535281589595,35.823168131981014],[129.28540426908006,35.82326007333388],[129.2854564968549,35.823296045094175],[129.2855209578488,35.82340797246614],[129.28562693741577,35.82356588266635],[129.2856950603409,35.8237301730228],[129.28570198526515,35.823763602101714],[129.2839866957444,35.82367098647697],[129.2839190138201,35.82366141200892],[129.2838688520773,35.823646235620224],[129.28381042125255,35.82361782121885],[129.28375509492707,35.8235754481201],[129.28372468477792,35.82354102862169],[129.28369843630887,35.82349744262546],[129.28327011848958,35.822398622710075],[129.28325363955548,35.822360610479336],[129.2832365932498,35.82232800708821],[129.2832128872808,35.822289732403085],[129.28319037973813,35.822258646895804],[129.28312550136854,35.822187140376556],[129.28307638500564,35.82214492363973],[129.28302305700254,35.82210710584471],[129.2829561380715,35.822068752062776],[129.28282261314746,35.82200854557954],[129.2828121276358,35.82200371237201],[129.2825217926053,35.82186990669602],[129.28250210734637,35.82185767766528],[129.2824835094872,35.821843138883736],[129.2824699517994,35.82183005735847],[129.28245652787328,35.82181410953717],[129.28244425590003,35.821795329090136],[129.28244170523055,35.82179063051577],[129.2824383156949,35.82178340138371],[129.2824358329602,35.821775998894005],[129.28243391268143,35.82176805433845],[129.28243288275576,35.82176154970515],[129.28243230307072,35.82175406165482]]]]}},{"type":"Feature","properties":{"godo_no":"8","godo_nm":"도심10m지구","h_max":10,"kind":"최고","conf":"area","area_m2":166934,"gosi_last":"경북고시 2023-449 (용도지구 변경)","src":"V-World LT_C_UQ123 + 경북고시 2020-479 조서·도면","h_cls":"10m","lbl":"도심10m지구\n10m 이하"},"geometry":{"type":"MultiPolygon","coordinates":[[[[129.2227708903334,35.84164354441089],[129.22283562895595,35.84164261405919],[129.2229988909112,35.84163381444041],[129.22313467367093,35.84162666049916],[129.2231570294981,35.841625555788205],[129.2233038563619,35.841617507070545],[129.2234427797141,35.84160931955885],[129.2234572102147,35.84160818436715],[129.22346466944077,35.84160778305136],[129.22361594525384,35.841599509434445],[129.22375575524364,35.841591752522255],[129.22380270776623,35.84159134122047],[129.22393468850643,35.841586257272695],[129.22398371786275,35.841584382030085],[129.22411961995815,35.8415764246425],[129.2241946149572,35.84157396045669],[129.22436507842494,35.84156770518724],[129.2245308716066,35.84156171970699],[129.22473418256186,35.84155385279293],[129.2250001183721,35.84154523819801],[129.2251173921767,35.84154143304267],[129.22576809720655,35.84151618402998],[129.22644064866628,35.841493846703294],[129.22696134473924,35.84147437721682],[129.22707516227842,35.84146964834829],[129.22718927042322,35.84146591921405],[129.2272713400153,35.84146411575914],[129.22729906550106,35.8414635139017],[129.22742076878427,35.84146049127609],[129.22744415562627,35.841459996679625],[129.22753714792066,35.84145744249229],[129.227609966407,35.84145647634526],[129.22769261304802,35.84145130084045],[129.22776087416023,35.84144747720426],[129.2279191526143,35.84144200589998],[129.2280113195359,35.84143725385004],[129.2281192041702,35.841432544188734],[129.22821749368666,35.84142835723427],[129.22834729283264,35.84142310131988],[129.22840871868365,35.84142112876982],[129.2285434115187,35.841416341065546],[129.22857458914385,35.841415290778656],[129.22871805818085,35.84141005369403],[129.22881185750938,35.84140719056942],[129.22883542067865,35.84140643400611],[129.22897269374747,35.841402091564525],[129.22902772523898,35.84144006520531],[129.22905913895124,35.84149841575559],[129.2290592168696,35.84149856882062],[129.2290611848586,35.841610157909294],[129.22906555252277,35.841713207610944],[129.22907190623192,35.84180241034524],[129.2290710412649,35.84184059795791],[129.22907092322222,35.84198526687519],[129.2290707481671,35.84201310682721],[129.2290704620487,35.84212993643877],[129.22907056854322,35.84213621795128],[129.2290706228073,35.842139714699485],[129.22907166947084,35.842188380229935],[129.22907348270414,35.84227290505454],[129.22907318848002,35.84232877411255],[129.22907501425996,35.84247580962463],[129.2290757265399,35.842504287781544],[129.22907571979636,35.842505801894625],[129.22907539053364,35.84254940500187],[129.22907717881958,35.842648439996154],[129.22907724482278,35.842652171046765],[129.2290789327517,35.84266570462747],[129.22907968800624,35.84270922456709],[129.22908159466814,35.842818695811005],[129.2290823997488,35.842840910102055],[129.22908740326105,35.8429882640329],[129.22908657150313,35.8429954575841],[129.22907774655062,35.843071900306704],[129.2290745169491,35.84311153438984],[129.22906330708244,35.84324820315668],[129.22905900427247,35.84329576125871],[129.22905643139822,35.84332505675812],[129.22904272105214,35.843497014192295],[129.22901772823113,35.84371828234586],[129.22901260645767,35.843827920092465],[129.22900531442946,35.84391018197176],[129.22894570257466,35.84397438270601],[129.22891342308068,35.84398917923769],[129.22836570825618,35.844239986977975],[129.22786331455973,35.844470041188735],[129.2275332874052,35.84462209045623],[129.22746171302228,35.84460219929915],[129.22741118906106,35.844526544243365],[129.22734439608394,35.84442836145838],[129.2273181902489,35.84427426091986],[129.22729945477465,35.84398299411142],[129.22729881751923,35.84397295538401],[129.22719757044123,35.84398142808342],[129.2269167378436,35.84400534267216],[129.2262307367074,35.84406235189464],[129.2250260874123,35.84416524141355],[129.225000400682,35.84416691144344],[129.2249706744779,35.84416885034268],[129.22473318317884,35.84419132734389],[129.2245757319999,35.844205697273765],[129.22445501635772,35.844211148566735],[129.2239137373872,35.84422342630375],[129.2237733276616,35.844228147300754],[129.22362178082827,35.84423231192145],[129.22353283936272,35.84423193554874],[129.2233955043357,35.844231792685264],[129.22327008918487,35.844235061428854],[129.22315860081758,35.84423898930212],[129.22299684421054,35.84424172095544],[129.2228914425301,35.84424517772353],[129.22288966048094,35.844189447704146],[129.22288750115416,35.844121434340934],[129.2228831451745,35.84398790414372],[129.22287740561,35.84385836903024],[129.2228704052485,35.84371726418489],[129.22286328758312,35.84354987008514],[129.2228611145746,35.84347293436284],[129.2228557026489,35.84336567753783],[129.2228458240564,35.8431766314707],[129.22284490658993,35.84316114968219],[129.222841285385,35.8431007996261],[129.222833486274,35.84295501874297],[129.22283237618424,35.84293793308321],[129.22282973073774,35.842882168590954],[129.22279473166626,35.8421453347531],[129.22279198049787,35.84208735337123],[129.2227708903334,35.84164354441089]]]]}},{"type":"Feature","properties":{"godo_no":"?","godo_nm":"고도지구(높이 미확인)","h_max":null,"kind":"최고","conf":"none","area_m2":88565,"gosi_last":"2006-0030","src":"V-World LT_C_UQ123 + 경북고시 2020-479 조서·도면","h_cls":"미확인","lbl":"고도지구(높이 미확인)"},"geometry":{"type":"MultiPolygon","coordinates":[[[[129.18200038245294,35.84512604712968],[129.1819845256919,35.845133353053726],[129.1818335103096,35.84520291300475],[129.18182795933006,35.8452054718749],[129.18179928388503,35.8452174745023],[129.1817402542206,35.845091505140985],[129.18170155576135,35.84501306425458],[129.18161014709779,35.84482754367358],[129.18156733435615,35.84474072727577],[129.18145468693575,35.84451215860981],[129.18141420943175,35.8444299350337],[129.18137313989618,35.84444333503162],[129.18095733716137,35.843597943626584],[129.18092624822793,35.843530927977184],[129.1810007990971,35.843506771258255],[129.18214460040286,35.843133110892964],[129.182374333315,35.843058321973395],[129.18350783587192,35.84268826912917],[129.18358415476285,35.842663486265174],[129.18366368118868,35.84263765303902],[129.18446944660997,35.84237434501076],[129.18537806933801,35.84207743780864],[129.18541393832652,35.842065639613594],[129.18546061326404,35.84216049693489],[129.18549575576301,35.84223191233253],[129.18553000823877,35.842301346330004],[129.18566601816784,35.84257719111887],[129.18571472841938,35.842675983679534],[129.18582071259038,35.8428909497424],[129.18590601105507,35.84306358866055],[129.18601822682018,35.843292334107915],[129.18604692066907,35.84335096147039],[129.18609752186634,35.84342466013524],[129.18609781093394,35.84342520945418],[129.18608617958526,35.84343093224008],[129.1860394175047,35.84345677983877],[129.1859932163576,35.84348587106086],[129.18594768724637,35.843518385986464],[129.1858789735969,35.84356746541191],[129.1858257972785,35.84360545360488],[129.18567351746148,35.84371428782609],[129.18565141858812,35.84373126521046],[129.18563276297832,35.843753374443594],[129.1856060148849,35.8437702688189],[129.18558624878688,35.84378125831186],[129.18551658094586,35.84381997460681],[129.18525414256393,35.84396800110235],[129.18482220081177,35.8442117822739],[129.1845026085676,35.84439298823201],[129.18441475637223,35.84444279893771],[129.18415118805711,35.84459223068603],[129.18383935324587,35.84476902497753],[129.18380497123985,35.844787913285735],[129.18377754980443,35.84480111314615],[129.18374304656183,35.844815405242365],[129.1834977093351,35.84489328464989],[129.18346507499942,35.84490198608149],[129.18344980446088,35.84490417220759],[129.18326550079465,35.844961923903014],[129.18312692316678,35.8450047896457],[129.18271733509582,35.84496409474447],[129.18257423292275,35.84494988145929],[129.1825116703533,35.84494533428286],[129.1824305419599,35.844949331849826],[129.18233751120712,35.84497641929201],[129.18226297414049,35.8450070838442],[129.1822272533317,35.84502155758704],[129.1820824638448,35.84508824251017],[129.18200038245294,35.84512604712968]]]]}},{"type":"Feature","properties":{"godo_no":"7","godo_nm":"도심15m지구","h_max":15,"kind":"최고","conf":"label","area_m2":89637,"gosi_last":"경북고시 2020-479 (고도지구 정비)","src":"V-World LT_C_UQ123 + 경북고시 2020-479 조서·도면","h_cls":"15m","lbl":"도심15m지구\n15m 이하"},"geometry":{"type":"MultiPolygon","coordinates":[[[[129.2117296901487,35.84010606112963],[129.21214806427224,35.840212577313395],[129.21251509675864,35.84030404119135],[129.21301902323492,35.84043598157137],[129.21308979210434,35.840455405111406],[129.21334849068114,35.840523210048254],[129.2134677587,35.84055373237529],[129.2135741071758,35.84058329502193],[129.21361518784926,35.840593496772755],[129.2143955223122,35.84088633010511],[129.21448684766253,35.84092277707427],[129.21457982962428,35.84096195182572],[129.21461094427767,35.840974595270836],[129.21465452440452,35.84099217347555],[129.21466918497813,35.84099842017389],[129.21493183979456,35.841075091992145],[129.21497550589905,35.84108753279844],[129.2150861588316,35.84111202142672],[129.21518730055206,35.8411311644254],[129.21528007515107,35.8411382184285],[129.21542611227824,35.841145249650445],[129.21553397166304,35.84118044068408],[129.2156068954404,35.841202211163406],[129.215769625769,35.84125504983],[129.2158048882722,35.84126649591781],[129.21596710084273,35.841320155377375],[129.21600770320953,35.84133334030118],[129.216223891232,35.84140492806089],[129.21636395613254,35.84145049727619],[129.21655554462458,35.84152008258135],[129.21667635542272,35.84155935910909],[129.21669935724003,35.841576099203515],[129.21674671231958,35.84161405617351],[129.2167949356356,35.84168656551474],[129.2168134296674,35.84174320301196],[129.21681925989495,35.84177075280624],[129.21682591980937,35.84180222155321],[129.21665267125013,35.841810462881156],[129.2135603209155,35.8419574922867],[129.21172998679677,35.84202630145824],[129.21166101349894,35.84202917993592],[129.21166462689973,35.84023107028388],[129.21167039934485,35.84009058221579],[129.2117296901487,35.84010606112963]]],[[[129.2082507082275,35.84792669473107],[129.20818926595058,35.84792873812555],[129.2081654575259,35.84792965329019],[129.2081495520648,35.84793027547111],[129.208126773158,35.847931206882485],[129.2080987143354,35.847932255518145],[129.20808135899037,35.84793297030791],[129.20805045553809,35.847934122960396],[129.2080356458714,35.8479347071925],[129.20800945769074,35.847935707529345],[129.20796592506818,35.84793735952735],[129.20795626213066,35.84793769156837],[129.20794192822154,35.84793818484655],[129.20791956948722,35.84793893524679],[129.20790626500306,35.84793940872713],[129.20788214641286,35.84794024325607],[129.20785300266994,35.847941257647804],[129.20781618837424,35.84794254656604],[129.20779488145905,35.84794337624952],[129.20776371249133,35.847944592371576],[129.20773248803476,35.84794575450588],[129.20770133011138,35.847946961580355],[129.20768916565277,35.847947379005255],[129.20767344818066,35.84794792870065],[129.20764469179787,35.84794891533963],[129.20761983144547,35.84794971503857],[129.2076014020847,35.84795033246396],[129.20754475355923,35.84795261965614],[129.20748726353125,35.84795482715168],[129.2074560172532,35.84795611542655],[129.20742597746707,35.84795736557551],[129.20739871563617,35.84795841268182],[129.20737128776065,35.84795946006632],[129.2073453541401,35.84796045080983],[129.20731839118616,35.847961497385775],[129.20729868939856,35.84796234225681],[129.20727422803267,35.8479633304633],[129.20725099534502,35.84796429853583],[129.20722653402444,35.847965304757466],[129.2071768704631,35.847967606854084],[129.20714574677794,35.84796921928831],[129.20711854103158,35.84797055463496],[129.20710102006672,35.847971440804066],[129.20708057716928,35.847972503207465],[129.20708056509594,35.84796782574183],[129.20708126411927,35.84786553269633],[129.20708187679048,35.847729785404276],[129.2070820927573,35.84769337454256],[129.20708266995013,35.84759963456168],[129.20708302681103,35.847493439683554],[129.20709348450436,35.84740219728088],[129.20709981349614,35.84713952618873],[129.20709080223872,35.84713927123255],[129.20709423134213,35.8470182455285],[129.20709614098928,35.846994719638275],[129.2070986087703,35.846934403771165],[129.20709954267807,35.84691453862479],[129.2071002943393,35.846875531241736],[129.2071053704719,35.84671930890308],[129.20710903679768,35.84660871925893],[129.2071131427256,35.846496903160364],[129.20711652297288,35.84638698993887],[129.20712318821566,35.84620745854172],[129.2071275980105,35.846084727777104],[129.2071288709167,35.84605039698426],[129.20713093637679,35.84598433182006],[129.2071328113577,35.84592166469395],[129.20713523120418,35.845778487964004],[129.20713848152397,35.8456397079099],[129.20714128978986,35.8454883471571],[129.20714376093397,35.84536076195665],[129.2073099414982,35.845355466484435],[129.20860104448457,35.845314359187356],[129.20857729284333,35.84533681421332],[129.20853846310712,35.84537564389292],[129.20850098602918,35.84541533642963],[129.20846486151655,35.845455855775015],[129.20843014486982,35.845497183809755],[129.20839684704217,35.84553927545393],[129.20836500117247,35.845582103613935],[129.20833462933075,35.84562564121558],[129.2083057535399,35.84566984315956],[129.20827839587017,35.84571468237131],[129.20825257836856,35.84576012276409],[129.20822832308218,35.8458061282507],[129.20820564101228,35.8458526717759],[129.20818456525234,35.84589970822106],[129.2081650956876,35.84594719252457],[129.20814724334343,35.845995106643365],[129.20813105238275,35.846043405439694],[129.20811650057624,35.84609205290239],[129.2081036210412,35.84614101292512],[129.20809241366373,35.84619024044606],[129.20808288944602,35.846239708409385],[129.20807505932027,35.84628936272153],[129.20806892324273,35.84633918535801],[129.20806449214592,35.8463891222252],[129.20806175487002,35.84643913729244],[129.2080607334868,35.84648920348456],[129.20806128282635,35.84653456245118],[129.20805939225696,35.84656106245016],[129.20805651104675,35.84661106875082],[129.20805533468686,35.846661135207896],[129.20805586301665,35.846711198734],[129.20805809596965,35.84676123229191],[129.20806204452452,35.846811199812535],[129.2080665000397,35.84685176642448],[129.20806878998974,35.846872554323234],[129.20807055676903,35.846887953646934],[129.20807671885552,35.84693777316056],[129.20808458522603,35.846987427518336],[129.20809413367488,35.84703688972055],[129.20810536408814,35.84708611470448],[129.20811827637544,35.84713506641997],[129.208132848307,35.847183708854644],[129.2081490686994,35.847231996964574],[129.2081669375088,35.84727991272417],[129.20818643243487,35.847327393083674],[129.20820754236414,35.84737442003635],[129.20823024504296,35.84742094855719],[129.20825452933414,35.84746695162696],[129.20828037298364,35.84751238422047],[129.20830775376106,35.847557210325085],[129.20833666052857,35.84760140292133],[129.20836705998565,35.847644926015526],[129.20839892990116,35.847687743594776],[129.2084322480674,35.8477298286588],[129.208466992253,35.84777114519464],[129.2085031291329,35.8478116481959],[129.20854063654582,35.847851328687256],[129.20857948116674,35.84789014166217],[129.20861962974058,35.84792806915179],[129.20863946897853,35.84794603290939],[129.2086186848814,35.84794358128859],[129.20855767480606,35.847937296578735],[129.2084964801643,35.847932400080474],[129.20843513416176,35.84792889173634],[129.208373692143,35.84792677145078],[129.20831219838337,35.84792603914748],[129.2082507082275,35.84792669473107]]],[[[129.21699826342078,35.84107481067746],[129.21704258548863,35.84111684662634],[129.21709054080623,35.841139418039226],[129.2170887674308,35.841338958104195],[129.21708665746604,35.84139775947768],[129.21708643773462,35.84148426190176],[129.21708579749654,35.84160352553659],[129.21708456864985,35.84175887629605],[129.217052904065,35.8417600596637],[129.21696046903358,35.841764290079006],[129.2169183537595,35.841637929148504],[129.2168852436574,35.84159162817187],[129.2168474245242,35.841543533123605],[129.21681653595718,35.84151236915541],[129.21676963019172,35.84147273508137],[129.21673218134265,35.84145512863937],[129.2166587401903,35.84142231945143],[129.2165630981528,35.84139059540465],[129.21646814286237,35.84135902326545],[129.21629954713438,35.84129449779863],[129.2162016712472,35.84126341734402],[129.21612332768686,35.841239061304584],[129.21601272000285,35.84120278519355],[129.21593521653958,35.84117796789355],[129.21583743753567,35.84114987912049],[129.21579999147798,35.84113729234768],[129.21594057248555,35.84112813720057],[129.21594820759236,35.841127285412036],[129.2160665226592,35.841111509609405],[129.21623074783514,35.84109470534635],[129.2164673643236,35.8410704982855],[129.21660167278887,35.84105447704394],[129.2169421574236,35.84101385155123],[129.21699826342078,35.84107481067746]]]]}},{"type":"Feature","properties":{"godo_no":"?","godo_nm":"고도지구(높이 미확인)","h_max":null,"kind":"최고","conf":"none","area_m2":613267,"gosi_last":"2010-0166","src":"V-World LT_C_UQ123 + 경북고시 2020-479 조서·도면","h_cls":"미확인","lbl":"고도지구(높이 미확인)"},"geometry":{"type":"MultiPolygon","coordinates":[[[[129.28726862928184,35.81648147328837],[129.28317280315662,35.81650345194924],[129.28317195826327,35.81639896266482],[129.28313670003953,35.81458368726862],[129.28313147959656,35.81431486467422],[129.28312381213942,35.81423668990569],[129.28311170994277,35.81418422926835],[129.28309401150005,35.8141325027418],[129.28306987143958,35.81408025054914],[129.28304297663487,35.81403437666399],[129.28301673196904,35.81399713525633],[129.28286396893748,35.813796170955094],[129.2828438392224,35.8137671796878],[129.28282632481785,35.813736181513875],[129.28281615616447,35.81371421473007],[129.2828037201988,35.81367997818049],[129.28279670998268,35.8136531372354],[129.28279170577107,35.81362408352483],[129.28278957760205,35.81360107049391],[129.2827897971815,35.8135598015884],[129.28287038476722,35.81097929699299],[129.2829395008863,35.809219121539684],[129.28294034492646,35.80919806626966],[129.28294158565382,35.809176550431275],[129.28294313948385,35.809155971164],[129.2829456787486,35.80912932414981],[129.28296095911787,35.80905425897523],[129.2829925727642,35.80897050351394],[129.28302324825518,35.80890936270485],[129.28321506965162,35.80858392110946],[129.2832437407621,35.808528634077284],[129.28326529707178,35.80847946520456],[129.2832852837255,35.808424450867584],[129.2833004994112,35.80837191714722],[129.28331293222527,35.80831462231382],[129.28332150385157,35.808254254241355],[129.2833258432876,35.80817035533063],[129.28335017957045,35.807567809832356],[129.28335986973642,35.80737313421464],[129.2834778434486,35.80500327931267],[129.2834843128678,35.80492736047167],[129.28349665597972,35.80486991258476],[129.28351491449442,35.80481456876824],[129.28354939625,35.80474157637122],[129.28358316107494,35.804687998671895],[129.2836084777277,35.80465445765442],[129.28363955057958,35.80461867702332],[129.2836829240574,35.80457605402678],[129.2837275781774,35.804538925661646],[129.28377695331184,35.8045040483442],[129.28492129962189,35.80376444502211],[129.28534712778082,35.80348300592867],[129.28547682936815,35.803381768098944],[129.28571361701205,35.80317903004479],[129.285954442351,35.80293616711136],[129.2882791689066,35.8036598764316],[129.28828613541893,35.80366198677445],[129.28822235985263,35.80380508690456],[129.28767235638048,35.804929748202916],[129.2876550252884,35.804968336114094],[129.2876411442834,35.805000264552284],[129.28762414072818,35.80504072628841],[129.28760635366874,35.80508483996742],[129.28759135741265,35.805123557500096],[129.28757183149125,35.805176417480304],[129.28755554645815,35.805222897876064],[129.2875431880193,35.80525984266648],[129.28752975246456,35.80530186408097],[129.2875177020254,35.805341403748464],[129.2871561359968,35.806557623021824],[129.287049448271,35.80691650359198],[129.2870104519135,35.80700726239229],[129.2869993604235,35.80703356930783],[129.28699074561732,35.8070532371093],[129.28698280931533,35.80707082140157],[129.28697497023003,35.80708774754681],[129.28696383468895,35.80711102634906],[129.28695486046846,35.80712919891917],[129.2869453132772,35.80714803076467],[129.28693622576532,35.80716546457384],[129.28692912613707,35.807178792955675],[129.28650492621807,35.80797561584069],[129.28640224343445,35.80816848427746],[129.28593969786502,35.80903731599875],[129.28923997917997,35.81020307454272],[129.2892368361546,35.810209003302795],[129.28921526382692,35.8102620396417],[129.2892025969357,35.81030549236157],[129.2891957904752,35.810338719850115],[129.2891909172168,35.810377233070874],[129.28909942526462,35.81096013951793],[129.2890987773251,35.81096455721082],[129.28891193491995,35.812233635563544],[129.28969443986128,35.81278807876324],[129.28961273963898,35.813220443584115],[129.28960826953346,35.81324190412537],[129.2896034933202,35.81326132856762],[129.28959657612208,35.81328536354503],[129.28957996996613,35.81333189899779],[129.2895689641784,35.813357430839496],[129.28955883854553,35.813378508379905],[129.2895545973785,35.813386774022725],[129.2895371612127,35.81341796311543],[129.28949892805463,35.81347808719938],[129.2894750072555,35.81351217582898],[129.28944437868898,35.81355171507856],[129.28942674582578,35.81356828629871],[129.28940662641358,35.81358263737644],[129.28938145749547,35.81359590101487],[129.28935794324516,35.81360469948226],[129.28933607728632,35.81361033059952],[129.28930840743786,35.813614326315665],[129.28926249746223,35.81361686961116],[129.28915440809598,35.81362389672754],[129.28903070439554,35.81363349361815],[129.28895776066003,35.81363847175384],[129.28894256196185,35.81363969775245],[129.28891639351295,35.81364275248484],[129.28888794056638,35.8136474529542],[129.2888630085828,35.81365280291457],[129.28883798142888,35.813659378801546],[129.2888179210205,35.813665573298294],[129.28878407408126,35.813677992350435],[129.28876090732533,35.81368806063769],[129.2887224178117,35.81370792610572],[129.28869700268808,35.813723533447565],[129.28866130140324,35.81374952075609],[129.28852385650868,35.813861027611686],[129.28849910718617,35.81388333864542],[129.2884617368096,35.81391906341361],[129.2884222378549,35.81395980421849],[129.2883982226977,35.81398628628097],[129.28836575156555,35.814024414684305],[129.28833797196344,35.814059476635556],[129.28831666441013,35.81408813325311],[129.28831392297883,35.81409195209504],[129.28831109354724,35.81409591534739],[129.28830754862884,35.814100916747954],[129.28830290312612,35.81410756105503],[129.28800808765882,35.814572175131985],[129.28796003878074,35.81464787774196],[129.28754799701963,35.81528859541023],[129.28742690082868,35.81547688489009],[129.28705023237458,35.81602977065392],[129.28704419190854,35.81603935630883],[129.28703937618178,35.816047965701124],[129.28703256658105,35.816062158584785],[129.28702675629015,35.816077313434974],[129.2870232681494,35.81608894788268],[129.28701970849255,35.81610533210298],[129.28701792015244,35.81611887316908],[129.28701718860904,35.81613088860757],[129.28701724078462,35.81614237044529],[129.28701790837937,35.816152670179974],[129.28701926433496,35.816163617181594],[129.28703707473733,35.81627976439482],[129.28704113230492,35.81629427393978],[129.28704676564155,35.81631004149521],[129.28705582175982,35.81632991063217],[129.28706880362492,35.816352194812325],[129.287086471541,35.81637599998732],[129.28710455606316,35.81639563136923],[129.28712131921796,35.816410885799215],[129.28714373232208,35.81642800140678],[129.28716101205794,35.81643918995339],[129.28718269860423,35.81645117013898],[129.28721041757325,35.81646366772163],[129.28723758405621,35.81647329161463],[129.28726862928184,35.81648147328837]]]]}},{"type":"Feature","properties":{"godo_no":"?","godo_nm":"고도지구(높이 미확인)","h_max":null,"kind":"최고","conf":"none","area_m2":208805,"gosi_last":"경주시고시 2022-142 (보문천군 도시개발)","src":"V-World LT_C_UQ123 + 경북고시 2020-479 조서·도면","h_cls":"미확인","lbl":"고도지구(높이 미확인)"},"geometry":{"type":"MultiPolygon","coordinates":[[[[129.28593969786502,35.80903731599875],[129.28640224343445,35.80816848427746],[129.28650492621807,35.80797561584069],[129.28692912613707,35.807178792955675],[129.28693622576532,35.80716546457384],[129.2869453132772,35.80714803076467],[129.28695486046846,35.80712919891917],[129.28696383468895,35.80711102634906],[129.28697497023003,35.80708774754681],[129.28698280931533,35.80707082140157],[129.28699074561732,35.8070532371093],[129.2869993604235,35.80703356930783],[129.2870104519135,35.80700726239229],[129.287049448271,35.80691650359198],[129.2871561359968,35.806557623021824],[129.2875177020254,35.805341403748464],[129.28752975246456,35.80530186408097],[129.2875431880193,35.80525984266648],[129.28755554645815,35.805222897876064],[129.28757183149125,35.805176417480304],[129.28759135741265,35.805123557500096],[129.28760635366874,35.80508483996742],[129.28762414072818,35.80504072628841],[129.2876411442834,35.805000264552284],[129.2876550252884,35.804968336114094],[129.28767235638048,35.804929748202916],[129.28822235985263,35.80380508690456],[129.28828613541893,35.80366198677445],[129.28859623901192,35.80375572515637],[129.29127769332462,35.80459849886835],[129.29058615373833,35.807355974167855],[129.29057952262156,35.80738240587167],[129.2900920631833,35.80931147648117],[129.29006834001973,35.80937531516365],[129.29004224690243,35.80942938092545],[129.29000906744145,35.80948507693278],[129.2899668896655,35.809543002595284],[129.28992343207997,35.80959277496637],[129.28987337574034,35.80964133744595],[129.28982815949936,35.80967905522527],[129.28976741863798,35.80972252416504],[129.2894309835553,35.809982377828156],[129.28936356842593,35.810037551809586],[129.28932278181074,35.81007953974515],[129.28929202684938,35.81011743899671],[129.28925945298818,35.81016640998991],[129.28923997917997,35.81020307454272],[129.28593969786502,35.80903731599875]]]]}},{"type":"Feature","properties":{"godo_no":"11","godo_nm":"구정지구","h_max":36,"kind":"최고","conf":"label","area_m2":1262723,"gosi_last":"경북고시 2020-479 (고도지구 정비)","src":"V-World LT_C_UQ123 + 경북고시 2020-479 조서·도면","h_cls":"36m","lbl":"구정지구\n36m 이하"},"geometry":{"type":"MultiPolygon","coordinates":[[[[129.30025954575376,35.77422864514789],[129.30055260697733,35.77404803449866],[129.3006277826526,35.77400216272504],[129.3008608657752,35.77386241936708],[129.3008816217535,35.77384997538892],[129.300892038701,35.77384382089599],[129.30092330549203,35.7738266641973],[129.30104783170174,35.77375832707158],[129.30116684526243,35.773644471952394],[129.30131152583186,35.77350965253489],[129.30131622882206,35.77350450363442],[129.3013255111239,35.77349661250262],[129.30134177176174,35.77348280973833],[129.301411869965,35.773416248213714],[129.3017893993516,35.77316882082499],[129.30187027436094,35.773115552729564],[129.30203979458528,35.773004986354835],[129.30225525815572,35.772863139317245],[129.30247888023933,35.772717720513924],[129.30250626444976,35.7727387053885],[129.3027085756393,35.77288971852211],[129.30279376413776,35.77295406231309],[129.3034034643397,35.77242597272384],[129.30343302722918,35.772397193406796],[129.3034708439111,35.77242204530971],[129.3035371554469,35.77235502339397],[129.3036741384113,35.77222760176367],[129.3038241569056,35.772096542171106],[129.30387904951482,35.77204854731081],[129.30399335949846,35.77195011273412],[129.30409545111772,35.771866849943876],[129.3041275391296,35.771842074704146],[129.30417143083116,35.771809518921664],[129.3041991109283,35.77178890054805],[129.3043161187091,35.77170217524073],[129.30433299377898,35.771690236129274],[129.30435914023664,35.771673496994566],[129.30440735293607,35.77164309326602],[129.30452573350544,35.77156853129459],[129.3045706441341,35.771542281612426],[129.3045802479493,35.7715376609887],[129.30459460983215,35.77153374938024],[129.30461471653416,35.77152829115058],[129.3048637684396,35.771470793735965],[129.30496499064944,35.77153750192048],[129.30502563496853,35.77157736478773],[129.3051563437512,35.77166229394784],[129.3053796188823,35.77180584132732],[129.3055369340757,35.771907556382885],[129.30573504832176,35.77203584529523],[129.30598216526027,35.77219582426709],[129.3063245175471,35.77241774824685],[129.30642730749977,35.77248312636018],[129.3065730245533,35.77236196107104],[129.3067922844647,35.77217718734251],[129.3074643884532,35.771610750426404],[129.30756503281793,35.77152604636327],[129.30783598770446,35.771297698458966],[129.30795338647005,35.77119880162315],[129.30807651721355,35.771095113386885],[129.3083334698311,35.77087860654012],[129.30842228029337,35.77080279132215],[129.3083313448289,35.77072846218507],[129.30820520382818,35.77062396749326],[129.3080913774813,35.77052962550317],[129.30798975511365,35.77044543653243],[129.30775045540932,35.770247228337006],[129.30763296901534,35.7701498309429],[129.3074768764022,35.77002062707804],[129.307320894881,35.769891422723994],[129.3073233767853,35.76984644357238],[129.307516813927,35.769707067471664],[129.3076824596602,35.76958785989726],[129.30770738343884,35.76956986138178],[129.3077222676866,35.769558107113355],[129.30773141871478,35.76955087373808],[129.30786986409345,35.76943290679641],[129.30789840843258,35.76940741856522],[129.30798172664106,35.7693329425001],[129.3080818927442,35.76923976736063],[129.30809875220146,35.769224042468785],[129.30814910763164,35.76917641771749],[129.30819571173632,35.76913105565978],[129.30825641884525,35.76907213872228],[129.30827712865658,35.76905117667975],[129.3082987137962,35.76902777900024],[129.30835193153266,35.768971089204115],[129.30832051245173,35.76894480752323],[129.30853286917437,35.76872255576449],[129.30885082105758,35.768436495027885],[129.3088465904106,35.76840324936338],[129.30882324789945,35.76838943862838],[129.30888966395383,35.76832287311019],[129.30893524282303,35.76830731803432],[129.30905602881975,35.768179174568594],[129.30905928879508,35.76817570539556],[129.3090868267843,35.76819350694806],[129.30933161182807,35.76839253669121],[129.31020951831158,35.76910760787154],[129.3103173356184,35.76919503262373],[129.31053958265116,35.76937523634723],[129.31083331766413,35.76961339604104],[129.310964943205,35.76972011801323],[129.31112064232312,35.769846362228705],[129.31117130702575,35.76988743735788],[129.31124357118662,35.76994603139382],[129.31133020176824,35.7700162686952],[129.3123682054018,35.77085786264452],[129.31244803739642,35.77092259198043],[129.31250791148608,35.77097114119987],[129.31273173265078,35.771152607500206],[129.31294358435144,35.77132437077628],[129.313163380314,35.77150256609908],[129.31327213598914,35.77159074277792],[129.3132840510793,35.77160040042242],[129.3133324461187,35.771637415830206],[129.31303498080314,35.77188706037832],[129.31298344836767,35.77193031909359],[129.3128869750214,35.77201128566148],[129.3128535362878,35.77204350211356],[129.31276506767202,35.77213252313839],[129.31279786917804,35.77216095406818],[129.31331372446837,35.77259525015615],[129.31393778683858,35.77309406341913],[129.31406891316348,35.77320068406713],[129.31526520204386,35.774202634426956],[129.31532828741854,35.77425396772866],[129.31562386669606,35.774494489961285],[129.3156838570191,35.774543298620955],[129.31667738638814,35.77535173226972],[129.31678528706072,35.77543952940531],[129.31675178097842,35.7754658528701],[129.3158296990176,35.77620149410675],[129.31577387320928,35.776247315771705],[129.31577221966688,35.776248690005296],[129.31577212048555,35.77624878039028],[129.3157483317025,35.776268598133115],[129.31560450754486,35.77638844464988],[129.31511944656103,35.77679266309831],[129.31477552390288,35.77668327255906],[129.31465121742954,35.776645031479525],[129.31462484460084,35.776637745884514],[129.31460696718247,35.77663367368206],[129.31458888207132,35.776630223885626],[129.31457063361142,35.776627423417594],[129.31455225498124,35.77662527219149],[129.3145337793237,35.77662376110851],[129.3145152398879,35.776622908107],[129.3144966808766,35.77662270405944],[129.31447811338413,35.77662315794951],[129.31445960373242,35.77662426059208],[129.31444116301594,35.77662602097078],[129.31442282434242,35.77662842097447],[129.3144046430449,35.776631469471724],[129.31438663014717,35.77663515742128],[129.31436882985182,35.776639475695795],[129.31435128636178,35.7766444151677],[129.31433401070112,35.77664996679587],[129.3143170470723,35.77665612145279],[129.3143004286188,35.77666287003992],[129.31428418848378,35.77667020345842],[129.31426834868026,35.77667809461372],[129.31425294235189,35.77668653440708],[129.31368139750393,35.776975079165005],[129.313655730548,35.77698710548645],[129.31362990790367,35.776998915904514],[129.31360395169042,35.77701051036176],[129.31357783975372,35.77702187990297],[129.31355159428358,35.77703304249569],[129.31352520418534,35.77704398915595],[129.31349869154312,35.77705471081386],[129.31347203423798,35.77706520752666],[129.3134452433646,35.77707548827813],[129.31341832994798,35.77708554402693],[129.31339129398813,35.777095374773076],[129.31336413548533,35.77710498051629],[129.31333686549928,35.77711436122798],[129.31330947293543,35.77712350792414],[129.31328195782905,35.77713242961732],[129.31325434229976,35.777141126250086],[129.31322662631274,35.77714958880972],[129.31319878778373,35.77715782636613],[129.31317085985688,35.777165829820625],[129.31314283147293,35.7771735992019],[129.31311471369153,35.777181134481204],[129.31308649545335,35.77718843568712],[129.31305550080614,35.77719563592832],[129.31303852553523,35.77719886134634],[129.31302143797842,35.77720165444893],[129.31300426032567,35.777204033203766],[129.3129869925071,35.777205979585815],[129.3129696677371,35.77720750252164],[129.31295229704048,35.77720859296993],[129.3129348804175,35.77720925093081],[129.31291746214237,35.77720948530216],[129.31290003108535,35.777209278087696],[129.31288262049625,35.777208647226345],[129.31286524139972,35.77720758367712],[129.31284791591548,35.77720608738259],[129.31283064407893,35.77720416735547],[129.31281345906942,35.77720182350975],[129.31279636085216,35.77719904683306],[129.3127793826767,35.77719585526447],[129.31276252450803,35.77719223979161],[129.3127458195958,35.777188218353544],[129.3127292678701,35.77718377292546],[129.31271288049624,35.77717893051621],[129.31269669058295,35.777173673014936],[129.31267953338707,35.77716711119029],[129.31266153017984,35.77715914558956],[129.3126438678247,35.77715066538705],[129.31262657960653,35.77714169753468],[129.31260968764465,35.77713224197522],[129.31259321409397,35.77712230766425],[129.31257717008418,35.777111912598286],[129.31256158882985,35.7771010657041],[129.31254647040097,35.777089785006844],[129.312531848012,35.7770780794335],[129.3125177438523,35.77706596695194],[129.31250415799218,35.77705346558726],[129.31249112361047,35.77704057525387],[129.31247864084756,35.7770273320019],[129.31246674288235,35.77701373574585],[129.31245541876032,35.776999813551704],[129.312444712755,35.776985574318005],[129.3124346138767,35.77697103609836],[129.31242514434985,35.77695622587316],[129.31241631526885,35.776941152626605],[129.31240813779849,35.776925843367565],[129.31240062299798,35.77691029806763],[129.3123937821021,35.77689456176072],[129.31235363966687,35.776790588240125],[129.3123133107654,35.776695510604064],[129.31229713924256,35.776660844946676],[129.31228919549028,35.77664305661466],[129.3122802355199,35.77662559536122],[129.31227028155652,35.776608488166374],[129.31225934487068,35.77659178907632],[129.3122474698065,35.77657552501381],[129.3122346675641,35.776559732000166],[129.31222098248745,35.7765444369581],[129.31220625935669,35.77652954114996],[129.31219046527394,35.776515116761054],[129.31217378905905,35.77650137059257],[129.31215627505537,35.77648832956735],[129.31213795665207,35.776476047674194],[129.3121189002417,35.77646453375403],[129.31209913921296,35.776453841795465],[129.31207872889857,35.7764439806681],[129.31205773579566,35.77643498625015],[129.31203620421235,35.77642687645194],[129.3120141895511,35.7764196781681],[129.3119917471441,35.77641340026788],[129.31196895454804,35.77640807860129],[129.31194584490584,35.77640370407],[129.31192249573888,35.77640030351136],[129.31189895128463,35.77639787681109],[129.31187530008893,35.776396441765726],[129.31185158635407,35.77639598924859],[129.311827876472,35.776396528100975],[129.31180422573948,35.776398058179986],[129.31178070047807,35.77640057030215],[129.31175737806913,35.776404055255256],[129.31173429169056,35.77640851295382],[129.31124710766534,35.77650713168875],[129.31121783795535,35.77651420985054],[129.31118836686065,35.77652069369342],[129.31115870544158,35.776526583188705],[129.3111288757828,35.77653186926685],[129.31109888897976,35.776536560911666],[129.31106877814184,35.77654064001277],[129.31103854326975,35.77654410657001],[129.3110082175779,35.77654696951037],[129.31097781209172,35.77654921979283],[129.31094734893097,35.77655085736041],[129.310916839121,35.77655187317213],[129.31090920862428,35.776552055031054],[129.31089014344155,35.77655250964773],[129.31086470708988,35.776552764349276],[129.31083925807258,35.7765526044993],[129.31081382956876,35.77655203001236],[129.31078842150913,35.7765510228635],[129.31076304502332,35.77654960104931],[129.31073770007706,35.776547755557324],[129.3107124087897,35.776545486330626],[129.31068719331594,35.77654280232491],[129.3106620315369,35.77653970359704],[129.31062446277303,35.77653426644742],[129.31018975472224,35.77644397746141],[129.3098600825132,35.77636541336882],[129.30983598806728,35.776360878730465],[129.30981144783593,35.776358327998274],[129.30978671636186,35.776357805582464],[129.30976204801323,35.776359310831005],[129.30973769708905,35.7763628250668],[129.30971388463988,35.77636831167326],[129.30969088697955,35.77637572487962],[129.30966890283148,35.77638497405144],[129.30964818625176,35.77639597742486],[129.309628913741,35.77640861738475],[129.30961130603808,35.77642277620279],[129.30959373338254,35.77644028760922],[129.30957645567048,35.7764625839389],[129.30956291146376,35.776486538030035],[129.3095533535018,35.776511725644845],[129.30954792392856,35.77653772282887],[129.30954673160605,35.77656407867473],[129.30954978579018,35.776590324504426],[129.30955555330956,35.77661179572734],[129.31008984148724,35.777926560208684],[129.31009536566052,35.77794223693552],[129.31009926523004,35.77795822425886],[129.31010151769195,35.77797442309811],[129.31010211156755,35.77799072533196],[129.31010102424884,35.77800700484231],[129.31009828853084,35.77802316240651],[129.31009390392504,35.77803907184963],[129.31008791425182,35.778054624907995],[129.31008034124693,35.77806972238734],[129.31007126187555,35.778084246926305],[129.3100607311226,35.77809811727027],[129.31004881489383,35.77811121608613],[129.31003560131936,35.77812345302161],[129.31002117863375,35.77813476476192],[129.31000565705224,35.77814505188545],[129.30998913583488,35.77815424203657],[129.30997172540617,35.77816228986856],[129.30995355820616,35.778169122940824],[129.30993475571927,35.7781746958786],[129.30991545056003,35.77817898130358],[129.30989577527308,35.77818193381278],[129.3098658544412,35.77818384009422],[129.30947461703892,35.77818876315256],[129.30945475556507,35.77818932773277],[129.30943494069334,35.77819050504584],[129.30941519450855,35.778192286022566],[129.30939553919916,35.778194688631494],[129.30937601889977,35.77819768572185],[129.30935664473944,35.77820129529039],[129.30933746088755,35.778205499198904],[129.30931847836865,35.7782102884067],[129.3092997414219,35.77821566280067],[129.30928126107193,35.77822161334019],[129.30926307049785,35.778228139940374],[129.30924520277475,35.778235215479],[129.30922766896228,35.778242839927934],[129.30921051326447,35.778251004161596],[129.3091937466719,35.7782596901269],[129.3091774023636,35.778268897739025],[129.3091614912603,35.778278590920024],[129.30914604657642,35.778288778597506],[129.30913109032718,35.77829943367777],[129.3091166335377,35.77831054712012],[129.30910270931813,35.778322100814876],[129.30908933971855,35.77833407668071],[129.3090781238355,35.77834528096725],[129.30905860228168,35.77836519462205],[129.30903822681796,35.77838451562717],[129.3090169973752,35.77840322595715],[129.30899494702865,35.77842129848911],[129.30897211991365,35.77843870607224],[129.3089485270206,35.77845543065269],[129.308924212485,35.77847144507943],[129.30889919839245,35.77848674028318],[129.30887351778367,35.7785012801285],[129.30884721486396,35.77851505548955],[129.30882031168423,35.77852804828441],[129.30879354429737,35.778538967832894],[129.30876605315575,35.77854862746346],[129.3087379265663,35.778556981887164],[129.30870926399962,35.77856401282424],[129.30868015383223,35.77856969301092],[129.3086506845097,35.7785740132083],[129.30862096652857,35.778576946096244],[129.3085910993945,35.77857848240788],[129.30856116056287,35.778578630957774],[129.3085312605997,35.778577382451154],[129.30849409655212,35.7785738632861],[129.3078537784834,35.7784730231718],[129.30734006753758,35.77839583118194],[129.3073011617733,35.77839089208967],[129.3072749450728,35.778389696992306],[129.30724869058628,35.778390187337735],[129.3072225642103,35.77839236270446],[129.30719673184106,35.77839622267054],[129.3071713592023,35.77840172175227],[129.30714659000185,35.7784088415594],[129.30711670174776,35.77841930001309],[129.30708752618014,35.77843102742225],[129.3070591627679,35.77844400550945],[129.30703167769676,35.778458189044066],[129.30700517036695,35.778473541724026],[129.30697968487956,35.77849002738753],[129.30695532056603,35.77850759170733],[129.30693213251885,35.77852618046892],[129.30691019798465,35.7785457484137],[129.3068895609964,35.77856624135521],[129.3068702877068,35.77858760505046],[129.30685385238766,35.77860780792616],[129.30684059459026,35.778625983913656],[129.30682840043207,35.778644652891046],[129.30681731398113,35.778663769683696],[129.30680734612554,35.77868328920161],[129.30679850775348,35.778703166354234],[129.30679084296776,35.778723364979804],[129.30678450057795,35.7787423074991],[129.3067773712086,35.77876369442508],[129.30677091704175,35.77878522383779],[129.30676516016308,35.77880688666875],[129.30676008940995,35.77882865590863],[129.30675571584263,35.77885053152947],[129.3067520393586,35.77887248649378],[129.30674907098364,35.778894511761145],[129.30674678856425,35.77891659837534],[129.30674522517728,35.77893871921457],[129.30674435870355,35.77896087433502],[129.30674420661137,35.778984740032215],[129.3067450813039,35.77900524143082],[129.30674713920467,35.77902568575052],[129.3067503690825,35.779046027956866],[129.3067546695037,35.77906577261534],[129.30676094766005,35.779090775599705],[129.30676781165386,35.77911568697072],[129.30677526138226,35.77914047969071],[129.30678328578574,35.77916515378775],[129.30679187377044,35.77918970027721],[129.30680104742217,35.77921411009043],[129.3068107735271,35.77923837429904],[129.30682107417127,35.77926248383409],[129.3068319382262,35.77928642069858],[129.30684335466674,35.77931019393302],[129.30685532342434,35.779333785512264],[129.30698117086385,35.779583889409444],[129.30714038349547,35.779905152797056],[129.3072049638914,35.7800293802443],[129.30730681715585,35.78023151673485],[129.30733558588778,35.780298217760006],[129.30735823947134,35.78036809774574],[129.30736442173946,35.78042285145438],[129.30736426818547,35.78060797919433],[129.30736490054994,35.78063158152539],[129.3073649688806,35.78065519430348],[129.3073644952281,35.780678799447465],[129.30736346849753,35.780702387972916],[129.3073618887224,35.78072596889241],[129.30735976682473,35.78074950612771],[129.30735709181272,35.780773017732],[129.3073538635825,35.78079647666771],[129.30735009322808,35.78081989191931],[129.30734578064553,35.780843236449044],[129.3073409258344,35.78086651025706],[129.30733505325367,35.78088683954064],[129.30732881066376,35.78090874696581],[129.30732328750213,35.78093078774967],[129.30731848366548,35.78095293485474],[129.3073144212407,35.78097517921236],[129.30731110019363,35.780997511810206],[129.3073085093611,35.78101990563894],[129.30730692191614,35.78103860175947],[129.307267249627,35.78159343571095],[129.3072640867021,35.78162241017151],[129.3072621183556,35.78164562255855],[129.307260658886,35.781668860689315],[129.30725969719896,35.781692115579446],[129.30725924435512,35.78171538720079],[129.30725928922573,35.78173865755655],[129.3072598428369,35.78176191760605],[129.3072609052237,35.78178517636179],[129.30726246522258,35.78180840681448],[129.30726453392896,35.78183161794841],[129.3072671002137,35.78185479176669],[129.30729438414977,35.782079477985484],[129.30734438279418,35.78251685725065],[129.30734730740082,35.782535388677424],[129.30734986711795,35.78255394806982],[129.30735206197983,35.782572544440434],[129.30735390301226,35.78259116874856],[129.30735539014586,35.78260980296941],[129.30735651238894,35.782628465155916],[129.30735843474835,35.78264810767786],[129.30735809074338,35.782694009592255],[129.30735521430998,35.78276312532526],[129.3073422422386,35.78282716561817],[129.3073236678178,35.78288106298673],[129.30730149068464,35.78292998556062],[129.3072591989959,35.783000355126596],[129.30722104117172,35.78304690294812],[129.30709923510614,35.7832041124539],[129.30701789602242,35.78316386169755],[129.3062329763323,35.782754699756445],[129.3061348027571,35.782766313359495],[129.3055132507953,35.782480862892925],[129.30553952089502,35.78260610731338],[129.3055990869873,35.78277295068452],[129.30562342557096,35.78284113234492],[129.3058721837852,35.78344319178411],[129.30597454386717,35.78369094063378],[129.30616408093186,35.784201302186844],[129.30617455678922,35.78423642467528],[129.30621817419998,35.78438257016937],[129.306226633346,35.784410929321226],[129.3062624720834,35.78453018296812],[129.306306665103,35.78468505113221],[129.30636122410255,35.785170591254314],[129.306362486577,35.78517968173722],[129.30637052628055,35.78523719760356],[129.30641556415327,35.785656546444095],[129.30622724536371,35.785652157039664],[129.30594437932774,35.78564537508542],[129.3056708740592,35.78563651392148],[129.3055615228475,35.78563296915293],[129.30483764791285,35.785609499119566],[129.30480565806008,35.78557998253326],[129.30427140288256,35.7850609701325],[129.30418381493033,35.78501223435196],[129.30381943444382,35.784941681319786],[129.30378055054808,35.784937462051566],[129.3037564327736,35.78493904580159],[129.30373295740364,35.78494378233227],[129.30371072123975,35.78495154396791],[129.30369032081094,35.784962130933614],[129.3035054473471,35.78508442733376],[129.30311610704862,35.78491841060858],[129.3026905674096,35.784330523662234],[129.30310247302685,35.78410845789061],[129.30318304870104,35.78406110198486],[129.30329466642766,35.783985990508974],[129.30340001274124,35.78390509057727],[129.30349864654323,35.78381875480418],[129.3035901378358,35.783727344789085],[129.3036740899461,35.78363125809818],[129.30375015048367,35.78353090119853],[129.30375518903423,35.78352370551264],[129.30395130041228,35.78324194800801],[129.3039638971913,35.78322408945247],[129.30396519536907,35.783222247622085],[129.30399373915097,35.783180393528575],[129.3040545478226,35.783086284460225],[129.30411387844438,35.782978696268245],[129.30414128019444,35.78292155968621],[129.30414985823384,35.782902737866536],[129.3041730268867,35.78284935214907],[129.30421461770328,35.78273637397153],[129.30424705382472,35.782621418034765],[129.30427019338245,35.7825049803947],[129.30427692521977,35.782457250872255],[129.30428007614563,35.782442318114065],[129.30428325980742,35.78242726810993],[129.3042875042164,35.782406104908674],[129.3042984220325,35.78234514339608],[129.30431216736872,35.782227729001846],[129.30431645409377,35.782109824706104],[129.30431127313727,35.78199194424924],[129.30430752168198,35.78195351505991],[129.30430453245864,35.78192650288442],[129.30429364833347,35.78184758913801],[129.30428427380795,35.78180217133413],[129.30400601271467,35.78158839937266],[129.3039808024749,35.781569941944205],[129.30395378120852,35.78161063860529],[129.3039372401067,35.781620792318726],[129.30378652407677,35.78154596132846],[129.30366286106852,35.781485482296205],[129.303636178229,35.78147242702863],[129.30362107415698,35.781467751399425],[129.30361545994012,35.78146600805193],[129.30313691637423,35.78123352225827],[129.30288212614755,35.78108895946031],[129.3023807457021,35.780829598282125],[129.3022223687527,35.78073739020669],[129.30219234183775,35.78072024225557],[129.30218386239528,35.78071244054015],[129.30195558712273,35.78055908528121],[129.30172226294252,35.78040110972251],[129.30169357159042,35.780383174216695],[129.301461299817,35.78024009331097],[129.301448753216,35.780233058744486],[129.30129058864074,35.78012611333058],[129.30086157182575,35.7798422854383],[129.3008494089476,35.77985496937834],[129.30073513115045,35.779783045005274],[129.30057678477743,35.779683173968166],[129.300458038905,35.77960822320121],[129.30010411736032,35.779387176758775],[129.29996076299213,35.77929725361267],[129.29988574610596,35.779250898805095],[129.29984817156412,35.779170059053044],[129.29984033174492,35.77914093181522],[129.29981153528698,35.77901469192447],[129.29981139992233,35.77898733907538],[129.29979574602314,35.77881160552582],[129.2997854204294,35.778682525902404],[129.29978106908888,35.778627956498624],[129.29977084745985,35.77850004824764],[129.29975960351788,35.77838565238974],[129.299748393735,35.77824485858909],[129.29974283540417,35.77817507893364],[129.29973064626506,35.7780770612739],[129.29971533647955,35.77788971862574],[129.29971161628694,35.777844205293135],[129.2997059715934,35.77777497561284],[129.299690076343,35.777581866350076],[129.29968766445748,35.777560909060874],[129.29967347302517,35.777391633848616],[129.2996627216048,35.77724318719551],[129.29965715465323,35.777174020401155],[129.29964102752635,35.77699872055396],[129.2996182640715,35.77677883386828],[129.2996097133483,35.776677688798486],[129.29960528211328,35.77662535468875],[129.29962164445678,35.77658818227657],[129.29970707133464,35.77645236711439],[129.29968113757033,35.77644085024758],[129.29954686462048,35.77637346253462],[129.29947345423847,35.77627667804207],[129.29943494932397,35.77622166148007],[129.29939650430356,35.776072985963445],[129.299373869847,35.776059405986864],[129.29937439461938,35.775995505451576],[129.29936534432275,35.775982702958075],[129.29933890023767,35.77597663989479],[129.2993538433525,35.77596222781019],[129.2994628937903,35.775862098213004],[129.299642898362,35.77569867748706],[129.29972077366918,35.775625888011795],[129.29981272083214,35.775542383665055],[129.299840554662,35.775517863470334],[129.29984911881425,35.77551006436176],[129.2999199023062,35.77544554787934],[129.29992659266614,35.7754394477812],[129.30027084944194,35.7751217194657],[129.3003460105939,35.775056876413615],[129.30041127865644,35.77501412973055],[129.30048794169863,35.774942847868616],[129.30054602462343,35.77488632070365],[129.3006497974083,35.77479818087168],[129.30076379780726,35.77469765924099],[129.30089742704615,35.77458496670511],[129.3009288030258,35.77455850874389],[129.30090318894943,35.77454364766998],[129.30080261694474,35.77448529816502],[129.30049475059633,35.77433034447831],[129.30034320165993,35.77426482111713],[129.30025954575376,35.77422864514789]]]]}},{"type":"Feature","properties":{"godo_no":"?","godo_nm":"고도지구(높이 미확인)","h_max":null,"kind":"최고","conf":"none","area_m2":1140,"gosi_last":"2011-0007","src":"V-World LT_C_UQ123 + 경북고시 2020-479 조서·도면","h_cls":"미확인","lbl":"고도지구(높이 미확인)"},"geometry":{"type":"MultiPolygon","coordinates":[[[[129.2191268255452,35.85667119635006],[129.21902778537705,35.85667918953012],[129.2190099869587,35.85659942523441],[129.21900423219938,35.856604239305796],[129.21893577390168,35.85669482150593],[129.2188903768119,35.85663564658446],[129.2188781331463,35.85661968059369],[129.21871372222012,35.85656774160147],[129.2187236051576,35.85652188624674],[129.2187642573205,35.856298762803135],[129.21898407902012,35.856250067191695],[129.21903985877597,35.85641401142088],[129.21908260682545,35.856536873287624],[129.2191268255452,35.85667119635006]]]]}},{"type":"Feature","properties":{"godo_no":"8","godo_nm":"도심10m지구","h_max":10,"kind":"최고","conf":"area","area_m2":654156,"gosi_last":"미기재","src":"V-World LT_C_UQ123 + 경북고시 2020-479 조서·도면","h_cls":"10m","lbl":"도심10m지구\n10m 이하"},"geometry":{"type":"MultiPolygon","coordinates":[[[[129.202924098058,35.833025103605145],[129.2029913141493,35.83302618057921],[129.20393729803354,35.833041318016164],[129.2040300038101,35.83304280209494],[129.2051750687182,35.83306112702391],[129.2052603004743,35.83306126192987],[129.20537818171763,35.83306144954007],[129.20543906472534,35.83306155352441],[129.2056099425604,35.833063705814496],[129.20565633644216,35.83306315835766],[129.20600974219693,35.833065865060945],[129.2060546777998,35.83306634735928],[129.2062314726413,35.83306687545294],[129.2062889912853,35.833067047825836],[129.20630869201997,35.83306722154056],[129.20635277512392,35.83306758801751],[129.20639116940242,35.833067919114875],[129.20641168913468,35.833068091416415],[129.2065025891402,35.8330688646778],[129.2066260157807,35.83306925790484],[129.2067705629356,35.83307103890945],[129.20689809537734,35.83307132570631],[129.20694937175202,35.83307143633179],[129.20699727794178,35.833116570236555],[129.20703571751207,35.833155907237405],[129.20703557927663,35.83320100612398],[129.20703547748073,35.83323877776917],[129.20703523605158,35.83332539751036],[129.20703482287325,35.83346986890753],[129.2070331006255,35.833647472561005],[129.2070329610381,35.83366200999342],[129.20702709415434,35.83391479415016],[129.20702545024957,35.83398975408079],[129.20702482017035,35.83400722141983],[129.2070187696523,35.83414161743315],[129.20701875238754,35.834156379967965],[129.2070185609957,35.83427957240992],[129.20702037150517,35.834294953682374],[129.2070185790865,35.83441961789995],[129.20701960455185,35.834559742776655],[129.20701461993653,35.83477271709596],[129.20701945851823,35.83493224840564],[129.20702128327392,35.835008932794736],[129.20702110269417,35.83517493465639],[129.20702180658068,35.83535343536163],[129.20701811939574,35.835644627063395],[129.20701586819206,35.836016252998405],[129.20700742660281,35.836326505255826],[129.2070132305608,35.83649553406398],[129.20700999156193,35.83658717885505],[129.2070061222384,35.83676057724317],[129.20700184994158,35.83685069166956],[129.20699918740257,35.83710577741438],[129.2069986953937,35.837121000392024],[129.20699209814939,35.837322459384495],[129.2069863460977,35.83752548510203],[129.20696899316664,35.83779236627882],[129.20696726241067,35.837850860447546],[129.2069586129617,35.83826949743639],[129.20695960503983,35.83833659389417],[129.20695641739238,35.83836235710414],[129.206954765146,35.83845130441126],[129.2069515912621,35.83860688381897],[129.20695034101735,35.83866716163522],[129.2069488996177,35.83872198720822],[129.2069449725466,35.83875717876768],[129.20688041505232,35.838793194967174],[129.2068534122224,35.838811924051434],[129.20682160009142,35.83883277027465],[129.20679386236733,35.83885410521698],[129.20669423212073,35.83884405519527],[129.20667396862655,35.838840809240686],[129.20655137985148,35.8388210918226],[129.20645044984593,35.838804861233605],[129.2063726845014,35.838792358298626],[129.2062805378627,35.838778491894914],[129.20619235524268,35.83876521349401],[129.20607985421958,35.83874714572528],[129.20601199929578,35.83873624793635],[129.20600782480545,35.83873557910253],[129.20593994776453,35.83872468131048],[129.20585783094975,35.8387114914816],[129.20581366107376,35.83870440164194],[129.20578280086204,35.83869945216347],[129.2057097748771,35.83868768878069],[129.20556944768683,35.83866508946134],[129.20546749842964,35.838648328038516],[129.2054362503856,35.83864318986648],[129.20541045025735,35.83863894369322],[129.20531847784824,35.83862382351606],[129.20516658669587,35.838602099527705],[129.2049963177849,35.83857432302421],[129.20474502134869,35.83853496708572],[129.20465116828677,35.83852012896595],[129.20450687882675,35.83849737287759],[129.20437980849746,35.83847767883768],[129.20428442828478,35.838462897084625],[129.20420701772346,35.838450365110425],[129.20417355524128,35.83844486083209],[129.20411275363725,35.838434860337145],[129.2040005156769,35.83841541126164],[129.20396525862876,35.83840930611108],[129.20367975865074,35.838359857476085],[129.20366062420314,35.83835654602547],[129.20358770847082,35.83834436659059],[129.20342074985473,35.83831650117253],[129.20313352668242,35.83826378259149],[129.2030588363408,35.838250082698195],[129.20324068966355,35.83775659477941],[129.20346301372166,35.83715264424704],[129.2035190532686,35.83699609279526],[129.2036218027743,35.8367141076848],[129.20369727714962,35.83642667974796],[129.20371320221216,35.836373614296555],[129.2037321642191,35.83627864454568],[129.20375334819485,35.83582943409691],[129.20374680602302,35.835689498748316],[129.20373038273513,35.83555491543482],[129.2037186888521,35.835443459289365],[129.20366893741044,35.83521178611419],[129.20365555307848,35.83517559633472],[129.20359073126428,35.83505010691471],[129.2032288284078,35.83393720026205],[129.20318696763312,35.833822423986284],[129.202924098058,35.833025103605145]]],[[[129.20952267268305,35.83463186214087],[129.20952467109814,35.834507053339735],[129.20952552798514,35.83416543236844],[129.20952597596025,35.83413777217497],[129.20952774391156,35.834026437477185],[129.20953121853884,35.83392444580467],[129.20953169092869,35.83389765978206],[129.20953241312614,35.833856336134524],[129.20953939806265,35.83372114527568],[129.20956398812865,35.83311410052381],[129.20961483253762,35.83308017047322],[129.20980325149725,35.8330861257567],[129.20992361150294,35.83309038728377],[129.21007226291204,35.83309566306951],[129.21020112231335,35.833099720304254],[129.21034642942504,35.833104262532],[129.21043902722275,35.83310670619441],[129.2106542069788,35.83311237928858],[129.21083836302404,35.833117556279106],[129.21094408838968,35.833120526447914],[129.210990721763,35.833118462411385],[129.2110942663093,35.833121237974225],[129.21129969541056,35.833126836792836],[129.21180511458874,35.833142013693326],[129.21188436478283,35.83314438947399],[129.2119092883267,35.83314413855146],[129.21233243347794,35.83316015121883],[129.21294793696947,35.83318580095689],[129.2131490179086,35.83319181884059],[129.21324084383696,35.8331952711055],[129.21347357090397,35.833202728762025],[129.21361831440512,35.833207448278145],[129.2136376615988,35.833207837716],[129.21384005859684,35.83321344655688],[129.21394696913612,35.83321668236533],[129.21410359911104,35.83322133522085],[129.21426059382685,35.833225797963536],[129.21435079175345,35.83322881966171],[129.2143746225153,35.83322965166562],[129.21452924960087,35.83323441566438],[129.21460294328438,35.8332323743553],[129.21462638675774,35.833233234033614],[129.21465191346167,35.83323503632683],[129.21468584728188,35.83323938325647],[129.2147190999577,35.83324561500134],[129.21475187075526,35.83325374923354],[129.21478399359128,35.83326375921057],[129.21481502542775,35.83327551954409],[129.21484491083226,35.8332889942834],[129.21487367189278,35.83330416536489],[129.21490095403843,35.83332088020628],[129.21492702330178,35.83333929154891],[129.2149512255868,35.8333589859794],[129.21497362720206,35.83337992733112],[129.2149941949206,35.833402106651626],[129.21501297320518,35.83342559596276],[129.2150254511837,35.833443896242336],[129.2150578106537,35.83352564536928],[129.21510660629033,35.8336489219928],[129.21515943591137,35.83378239359177],[129.21518374660732,35.83383831810162],[129.2152464161476,35.83396371497038],[129.21529323827392,35.83406074155585],[129.21537795954302,35.834212541843165],[129.21542901001956,35.83431375166609],[129.21545556856248,35.8343699515019],[129.21546776521046,35.83438643170472],[129.21556853775058,35.834522611614915],[129.21564886075188,35.83460651923508],[129.21571695812239,35.83468372525653],[129.21544115893494,35.834963793826056],[129.21542654932898,35.834976139943116],[129.21537160905464,35.835034053020685],[129.21534853147628,35.83505838281916],[129.21532358867304,35.835084671647785],[129.21522872504588,35.83518332015785],[129.21518052631106,35.83523353348079],[129.21515895045823,35.835252471087784],[129.21502580523492,35.83539341112533],[129.21500279392674,35.835417767775986],[129.21498198719289,35.835438767850384],[129.21489462103955,35.835535275819566],[129.21455495857998,35.83556044660406],[129.2141458117699,35.83560646818626],[129.21411176756413,35.83508823668341],[129.21407464960615,35.83500662191514],[129.21389303051947,35.8348587322155],[129.2138515234815,35.834849414525166],[129.21351130676072,35.834960643855844],[129.21349157356147,35.83499005045775],[129.21348292372144,35.83500033097198],[129.2134840508981,35.83501631718726],[129.21349451834658,35.83522329818804],[129.2134944145497,35.83522588496319],[129.2134966372274,35.835270907570774],[129.2135007309653,35.83535359017983],[129.21350461472457,35.83543222653865],[129.21350925866733,35.83552618283115],[129.21351142035294,35.835602352796315],[129.21332061594384,35.835634007756475],[129.21322122561958,35.835667222784906],[129.21274964532088,35.835910255023244],[129.21233498418056,35.83630778623093],[129.21215058906554,35.8364745707391],[129.21209656702845,35.83652524365224],[129.21205931207848,35.836558799436695],[129.21190458538533,35.836690554008705],[129.21189149659094,35.836700734027886],[129.21177455551387,35.83681139607615],[129.2116620009202,35.83691511971478],[129.21111167392755,35.8374332279227],[129.2109396281003,35.837584054886015],[129.21089680588253,35.837630634076845],[129.21087840568208,35.83764985377726],[129.210673828733,35.83784679998313],[129.21061752468836,35.83790587585638],[129.2105199189564,35.83799644116637],[129.21041610250685,35.83809499326683],[129.2103670680215,35.83814066378962],[129.21018910773824,35.83830799284172],[129.21003768034862,35.838451040941735],[129.2099195765586,35.83856346061825],[129.20989367057217,35.83862038350569],[129.20989230595285,35.83862338703837],[129.20986631929262,35.83841670311344],[129.20986295087687,35.83838991475698],[129.20984114257976,35.83816838897852],[129.20983726932602,35.83813900589199],[129.20981172792435,35.83790777108231],[129.20980956264935,35.83788817262136],[129.2098085185258,35.83786135319437],[129.20979447133388,35.837746431958784],[129.20978010000275,35.83763028557945],[129.209763675046,35.83750335477712],[129.20975321308092,35.83740499231536],[129.20973796298023,35.83726171076938],[129.2097341049254,35.83722540603827],[129.20972365368314,35.83707182387975],[129.2097186436608,35.8370055274974],[129.20971576227907,35.83697023948591],[129.2097111321874,35.83690532135845],[129.20970632091704,35.836838835366486],[129.2096920071843,35.836647191026906],[129.20969148503497,35.83661679272071],[129.2096858166452,35.8365230093033],[129.20968322306547,35.836483484907674],[129.20966733663673,35.8363252887205],[129.2096473106961,35.83612466877609],[129.20963735088804,35.83602774741368],[129.20962640531013,35.83592630347337],[129.20961988750088,35.83579117209147],[129.20961595586857,35.83570969674619],[129.20960989670257,35.83561878898001],[129.20960486981002,35.8355247701065],[129.20959513068235,35.83539787271968],[129.20958109449955,35.83524873086681],[129.20957797718407,35.83522052708794],[129.20956450695138,35.835063453233886],[129.20955249948338,35.83493248610333],[129.2095443553438,35.834835669720306],[129.2095392752164,35.834789038738855],[129.20952267268305,35.83463186214087]]],[[[129.20723614253308,35.838746451415794],[129.20723620776928,35.838655983712265],[129.20724199076173,35.83837086299671],[129.20724651156763,35.83821847169944],[129.20724890652258,35.83813009090201],[129.2072510290462,35.83805193977153],[129.20725092975172,35.83797919995175],[129.20725425301586,35.83792456040931],[129.20725476320357,35.837916394199155],[129.207259233068,35.83784287147824],[129.20726014597128,35.83782778296842],[129.20727292664264,35.837513711049574],[129.2072710641799,35.83737968915009],[129.20727192535037,35.83732314316473],[129.20727237126098,35.83720437549439],[129.20727395661436,35.83708109961337],[129.20727963901325,35.83682568424117],[129.20728298280446,35.83673187626396],[129.20728599418413,35.83671078182294],[129.2072870912956,35.83659131906162],[129.20728785118473,35.836508420648514],[129.20728824988987,35.83646566459468],[129.20729229012477,35.83630297276544],[129.2072962253433,35.83611676745845],[129.20729736482485,35.83603942911083],[129.2072983725588,35.835945363758455],[129.20729891680256,35.83588182458985],[129.2072993900293,35.835816501063945],[129.20730088459118,35.83567523632728],[129.2073003536216,35.83565392263576],[129.20730148625566,35.83549251554083],[129.2073025186027,35.83534798905705],[129.20730192141312,35.83530960577106],[129.2073006929444,35.83517250045607],[129.20730086823067,35.835051813540154],[129.2072983176075,35.83501558758921],[129.20729716617225,35.83495115907529],[129.20729660855895,35.83487667157437],[129.2072959639127,35.83460134927794],[129.20730270947678,35.834367697209665],[129.20730573106064,35.83428630899542],[129.20729865008855,35.83415866781144],[129.20729961806347,35.83411349541098],[129.2073028363688,35.83396257527448],[129.20730346880578,35.83374034349925],[129.20729934698429,35.833725687189414],[129.20730205710953,35.83364798562032],[129.20731063652252,35.83353733324015],[129.2073162376128,35.83313914151399],[129.2073903088429,35.83307328632586],[129.2074014964282,35.83306404735011],[129.2077597546841,35.83306435227604],[129.20778420369288,35.83306463476196],[129.20797068663248,35.83306669382056],[129.2079719262189,35.83306670070341],[129.20813767903226,35.833068542766654],[129.20827016267495,35.833070369747524],[129.20835025891495,35.83307043919801],[129.20851376341844,35.83307166274856],[129.20854148823247,35.833071867337395],[129.20871755473672,35.833073204155845],[129.20873208675297,35.83307331428543],[129.20910707483304,35.833076181950695],[129.20910782742496,35.83307618065058],[129.20937498205492,35.83307826036547],[129.20942151668658,35.83311469859268],[129.20943298955012,35.83312156430748],[129.20942957169618,35.83330897655224],[129.20942832641498,35.83343828132107],[129.20942824619377,35.833462678349306],[129.2094270650133,35.833616551130476],[129.20942765944523,35.83375953371298],[129.20942782111086,35.83377059179371],[129.20942928278012,35.83390660619523],[129.20942780830217,35.833982007475576],[129.2094244237733,35.834071922214136],[129.20941987313338,35.83416030684064],[129.20941308910582,35.83432168771234],[129.20941302733962,35.83434043385636],[129.2094136148225,35.83462074016295],[129.20942530805993,35.83477984493701],[129.2094780231514,35.83545373674991],[129.209483821713,35.83559327651268],[129.209486308447,35.83562159854635],[129.20949327754306,35.83570074341101],[129.20949976550216,35.83579060498805],[129.2095099051084,35.83593103847935],[129.20952783969534,35.836081128901796],[129.20953892913917,35.83618684453163],[129.20954230023503,35.836218977324094],[129.2095560674881,35.836349860267795],[129.20955398748958,35.83650276118009],[129.2095643868916,35.8366154536809],[129.20961676925398,35.83726271382104],[129.20962692274094,35.83737017045739],[129.20964093840772,35.83750280136295],[129.20964259883036,35.83751982312408],[129.2096510196151,35.83761222284587],[129.20967348266396,35.83787279876288],[129.20967708759554,35.83788847428952],[129.20970101238387,35.83814926395706],[129.20970318948568,35.83817339569231],[129.20971826910076,35.838344571239915],[129.2097205909252,35.83836901816113],[129.20972604277827,35.83842646347616],[129.20974501654055,35.83864345187282],[129.20975296416893,35.83872835398037],[129.20976037136714,35.83878010900718],[129.2097654299461,35.83883104796504],[129.20978305334324,35.83897173876524],[129.20979152236785,35.83904012904224],[129.20979626179204,35.839074818993055],[129.2098112897073,35.839209142437305],[129.20981692230103,35.839259467543464],[129.20981850906057,35.83927368653395],[129.20982142456793,35.839300809135715],[129.2098221367537,35.83931073067479],[129.20976575624064,35.83935812605649],[129.2095464590033,35.83932073449673],[129.20942634964183,35.839301601535546],[129.20930735803353,35.83928238540864],[129.20915044125772,35.839257097185204],[129.2091290345337,35.83925270903167],[129.2091013628945,35.83924825058514],[129.20909464147243,35.83924714464565],[129.20899347673932,35.8392304389375],[129.20891917208237,35.839216814125464],[129.2088505873059,35.839223484584146],[129.20794569354797,35.83908053598555],[129.20751065835992,35.839011156232104],[129.2074863792218,35.83894028741499],[129.20741681804702,35.83885605854029],[129.20728505243954,35.838767411883026],[129.20723614253308,35.838746451415794]]],[[[129.21860463643276,35.84053334079377],[129.21860492170566,35.84036588789957],[129.2187015967164,35.83995248973605],[129.21876960802692,35.83976402339895],[129.21883978004527,35.83957247984468],[129.21895904758188,35.83932682643339],[129.2189773735205,35.83928908493302],[129.21901299968167,35.839219011285216],[129.21905012143705,35.83914945764395],[129.2190887388326,35.83908044203299],[129.219128818734,35.83901199154829],[129.2191703611631,35.83894411520104],[129.21921334405403,35.83887684006715],[129.21926942020667,35.83879316546098],[129.21945249723322,35.838556705802816],[129.2195036164902,35.83849405724662],[129.2195560769496,35.83843214526038],[129.2196098454542,35.83837098792736],[129.2196649220766,35.838310612283344],[129.219721284679,35.83825101836674],[129.21977892226582,35.8381922332333],[129.21983780170555,35.83813428397886],[129.21993676288704,35.83804132034158],[129.2204642108208,35.8376187281451],[129.22106533063683,35.83729940858427],[129.22111225512066,35.837273673232204],[129.22115973481758,35.83724860377265],[129.22120774761694,35.83722420925791],[129.2212562603651,35.83720050777314],[129.22130528413084,35.83717749929739],[129.22135479677868,35.83715518387055],[129.22140477624816,35.83713358856992],[129.22150009878112,35.83709484956249],[129.22230340613322,35.8368128438019],[129.22230638876093,35.83688265824957],[129.22235588651745,35.83824072559886],[129.2223606850468,35.83829478282423],[129.2223698160141,35.8383665146296],[129.22240939768915,35.8392931530758],[129.22241188343034,35.83935135128235],[129.2224395725693,35.83991663694358],[129.2224529069014,35.84027865383463],[129.22234778410396,35.84036486244062],[129.22210699128678,35.84036242073604],[129.2220407561573,35.84036616534224],[129.22190856820228,35.84037568174126],[129.22176353037437,35.84038148135897],[129.2216941655068,35.840386204861616],[129.22079194541368,35.84044757157351],[129.22076840125646,35.84044711884908],[129.2206825064798,35.84044623009976],[129.22054856896253,35.840451566391515],[129.21984969113683,35.84047345893908],[129.21968588169605,35.8404796506579],[129.2195966071205,35.84048139892118],[129.21954691511183,35.840487644641534],[129.21951426454058,35.84048830772076],[129.2194759028925,35.84048908930093],[129.21940962640753,35.840493986133204],[129.21886573249643,35.8405165922011],[129.21867145741393,35.84052513583126],[129.21860463643276,35.84053334079377]]],[[[129.2175462711641,35.8405390245209],[129.21754735944887,35.84046686843289],[129.21756558068535,35.840345283987],[129.21759376494342,35.84022012167965],[129.21760939536975,35.8401513461634],[129.2176857481514,35.840013344495986],[129.21778380949334,35.83981953430738],[129.2178597187787,35.83967740559218],[129.2179578401126,35.839493761253784],[129.21798077861288,35.83945065816684],[129.2180368695981,35.83934738190787],[129.21810020288166,35.83922917686525],[129.21813915306,35.83915604224244],[129.2181605167515,35.8391159431236],[129.21816756440052,35.83910265499095],[129.21819395975453,35.83905278624615],[129.21835701271968,35.83874936537175],[129.21843838736075,35.838615229514645],[129.21849761120987,35.83851257824814],[129.21854401234043,35.83843636577828],[129.21857758597284,35.838384807652346],[129.21861833431066,35.83833010020028],[129.2186361885255,35.838306112688535],[129.2186912680204,35.838226234411565],[129.21876209886392,35.8381265361588],[129.2187802140476,35.83810492745597],[129.2187855866974,35.83809847379655],[129.218948464755,35.83790283301104],[129.21898616218166,35.837857855450444],[129.21902550336065,35.837810910174866],[129.2190352338757,35.83779931148441],[129.21908848509625,35.837747339063256],[129.21934289391618,35.837518663339516],[129.21945204693387,35.83742505074037],[129.219627060572,35.83727676578076],[129.21964548918018,35.83726468260086],[129.21989379263044,35.83709119137786],[129.21994418891612,35.837055978021056],[129.2201997682611,35.83690463470286],[129.2203562275225,35.8368121338384],[129.22067941197994,35.8366256257079],[129.22095685286212,35.836468031277654],[129.2210174882309,35.836433546808166],[129.2212004796126,35.83632641412612],[129.2213106424561,35.836263224223536],[129.22148036221762,35.83616400133713],[129.2216097863821,35.83609004199644],[129.22161803355326,35.836086584110625],[129.2216263363624,35.83608323427237],[129.22163471699474,35.83608001046629],[129.22164316435786,35.83607690369999],[129.2216516784765,35.83607392298603],[129.22166025932583,35.83607105931186],[129.221668895838,35.83606831269778],[129.22167758806282,35.83606570116866],[129.22168633595035,35.83606320669968],[129.22169513952565,35.83606083830309],[129.22170398769617,35.8360585869869],[129.22171289157927,35.83605647075562],[129.22172182901446,35.83605448063741],[129.2217308110697,35.836052616611894],[129.2217398266771,35.83605087869946],[129.22174888692933,35.836049275892144],[129.22175798073388,35.836047799197914],[129.22176709702268,35.83604644863681],[129.22177624686387,35.836045224188865],[129.22178541921429,35.83604413488658],[129.22179517838904,35.8360431256205],[129.22180281414046,35.836042706059644],[129.22181046125868,35.836042394627654],[129.22181810870075,35.83604220035728],[129.22182575641708,35.836042105223484],[129.22183341550024,35.83604211821862],[129.22184106383938,35.83604224839561],[129.2218487124777,35.83604248672163],[129.22185635032235,35.836042824204696],[129.22186398849098,35.83604327884932],[129.22187160482295,35.8360438416836],[129.2218792214293,35.83604450365457],[129.2218868051559,35.83604528284808],[129.22189438918187,35.83604617019063],[129.22190194027837,35.836047156730835],[129.22190946956334,35.83604826047315],[129.22191697698688,35.83604946339277],[129.2219244625739,35.83605077450212],[129.22193191525648,35.83605219382156],[129.22193933503485,35.83605372135099],[129.22194672188394,35.83605534807808],[129.2219540758288,35.836057083015206],[129.2219613857764,35.83605891717024],[129.22196866281985,35.836060859535266],[129.22197588479833,35.83606290113857],[129.2219878593848,35.83606654726151],[129.22199467140177,35.83606842739057],[129.22200143942163,35.83607040673774],[129.22200817451247,35.83607248528254],[129.22201485451328,35.836074654053135],[129.22202149049198,35.83607691302936],[129.22202807140602,35.836079271243825],[129.22203460832299,35.83608172867637],[129.22204109012506,35.83608426732226],[129.22204750579445,35.836086905226864],[129.22205387744197,35.83608963333701],[129.2220601829067,35.836092442680894],[129.22206643330674,35.83609535126322],[129.22207261754903,35.83609835009176],[129.2220787356086,35.83610143015397],[129.22208478748567,35.83610459145004],[129.22209076216205,35.83610785202519],[129.2220966816988,35.836111184801325],[129.22210251294203,35.8361146078643],[129.22210827800268,35.83611811216118],[129.22211397688076,35.83612169769198],[129.22211958744043,35.83612536449709],[129.22212512072457,35.836129103544046],[129.2221305657154,35.8361329328779],[129.2221359334056,35.83613682544104],[129.22214121277753,35.836140799278716],[129.22214641489896,35.836144854370545],[129.22215152865198,35.836148972712046],[129.22215654301863,35.83615317234839],[129.22216148008482,35.83615743521411],[129.2221663177399,35.83616177036227],[129.22217105598355,35.836166177792805],[129.22217570585872,35.83617064847305],[129.22218026736564,35.836175182402975],[129.22218471836825,35.83617977962331],[129.2221890699347,35.836184440113534],[129.22219332206475,35.836189163873925],[129.2221974858264,35.83619395088399],[129.2222015279908,35.8361987921923],[129.222205481762,35.836203687737815],[129.22220931393585,35.836208637581706],[129.22221304667326,35.83621365069565],[129.22221667992451,35.83621870905474],[129.22222019155345,35.83622381269968],[129.22222360374602,35.83622897961474],[129.2222268942913,35.83623418280318],[129.22223007430728,35.836239440269566],[129.22223314374392,35.83624473398911],[129.22223610262628,35.83625007297414],[129.2222389398862,35.836255457245066],[129.22224166656684,35.83626087776914],[129.22224428266807,35.83626633454628],[129.2222467660541,35.836271827617246],[129.22224913886052,35.83627735694127],[129.22225140108756,35.836282922518365],[129.22225353057436,35.8362885153769],[129.22225554948156,35.83629414448851],[129.22225744669134,35.836299791848646],[129.22225921116078,35.83630546649019],[129.22226086502553,35.83631116837249],[129.22226239721792,35.83631689751565],[129.2222637966198,35.836322635915366],[129.2222650743492,35.83632840157607],[129.22226624144895,35.83633418546501],[129.2222672757581,35.83633997861041],[129.2222687418372,35.83634980856819],[129.22228109021003,35.836432412595755],[129.22228954812823,35.836489031683534],[129.22202940937197,35.83655470586191],[129.22187098147444,35.83660683646026],[129.22134300285617,35.83679585858214],[129.22120946168886,35.836854386723495],[129.22119303708814,35.83686258208716],[129.220918057226,35.83699378392592],[129.22068787225527,35.837118044917155],[129.2206030206681,35.83716516385092],[129.22054619906686,35.83719819014233],[129.2204900990741,35.83723202621789],[129.22043473170763,35.83726665403334],[129.22038011907816,35.83730206453701],[129.22032626116047,35.83733824871735],[129.21992067060188,35.83758543371491],[129.21979865056733,35.837660666563934],[129.21942948446434,35.83801384294654],[129.2193703319237,35.838081282670956],[129.2193280721559,35.838129459048915],[129.21884848709848,35.8388204693765],[129.21882073077154,35.83885814680236],[129.21880731329813,35.83887748487396],[129.21879431693085,35.83889701144529],[129.2187817416454,35.83891671750403],[129.21876958741757,35.83893659403767],[129.21875785427207,35.83895665005897],[129.21874656427198,35.83897685849059],[129.218735706374,35.83899722836505],[129.2187252805537,35.83901775067015],[129.21871529787973,35.839038425385944],[129.21870576934703,35.839059225454996],[129.2185374268466,35.83939939132414],[129.21848263264437,35.83953560619138],[129.21847620312462,35.839552326991175],[129.2184481053306,35.839619223495326],[129.21834411804667,35.8399531083072],[129.2182865233845,35.84015462374363],[129.2182570590057,35.840313333073986],[129.218203866708,35.84059125756392],[129.21813275663013,35.840601533863],[129.21762542600536,35.84067484486174],[129.2175462711641,35.8405390245209]]]]}},{"type":"Feature","properties":{"godo_no":"?","godo_nm":"고도지구(높이 미확인)","h_max":null,"kind":"최고","conf":"none","area_m2":13358,"gosi_last":"2020-0040","src":"V-World LT_C_UQ123 + 경북고시 2020-479 조서·도면","h_cls":"미확인","lbl":"고도지구(높이 미확인)"},"geometry":{"type":"MultiPolygon","coordinates":[[[[129.16546248113477,35.84898314977207],[129.16622697779405,35.848402419868606],[129.16628232752112,35.84840297484603],[129.16711127982356,35.849066777565874],[129.16712719938351,35.84910992550786],[129.16707755989484,35.84930042809688],[129.16703022497936,35.84948137423274],[129.16700475442263,35.849583160464945],[129.16697917329,35.84968503696751],[129.16696864116167,35.849730744855044],[129.16676500352224,35.849914159158374],[129.16546401297916,35.84902821019506],[129.16546248113477,35.84898314977207]]]]}},{"type":"Feature","properties":{"godo_no":"?","godo_nm":"고도지구(높이 미확인)","h_max":null,"kind":"최고","conf":"none","area_m2":228321,"gosi_last":"2006-0032","src":"V-World LT_C_UQ123 + 경북고시 2020-479 조서·도면","h_cls":"미확인","lbl":"고도지구(높이 미확인)"},"geometry":{"type":"MultiPolygon","coordinates":[[[[129.18541393832652,35.842065639613594],[129.1855762721892,35.84201224426944],[129.1860092888579,35.84187071461106],[129.18742501609864,35.84140808324602],[129.18748241909844,35.841389338516244],[129.18753373807715,35.8413722254303],[129.1876158014695,35.841343708943405],[129.18768691375368,35.84131818349798],[129.1877472965327,35.84129573889485],[129.18782769293267,35.84126443096861],[129.18790720166638,35.84123222311439],[129.1879467891353,35.841215758926],[129.1880058374038,35.841190702635295],[129.18811331319097,35.84114285958897],[129.18817102910128,35.841116092908976],[129.18822299349682,35.841091137640944],[129.18838517912428,35.8410092321566],[129.18844001086651,35.84097985620442],[129.18849572615537,35.84094966772617],[129.1885413797386,35.84092409126485],[129.18859587507268,35.84089291326264],[129.188640973043,35.84086643637731],[129.18872121751664,35.840817914191696],[129.18878299977104,35.84077897399063],[129.18879504654782,35.84077129457944],[129.18958382195112,35.840265452010364],[129.19002224723928,35.839984295590874],[129.19018642474404,35.839917949150916],[129.1903441200756,35.83981137180384],[129.1905061811834,35.83969765848406],[129.19067501693462,35.839607754351206],[129.19101199328531,35.839443294778064],[129.1914025607082,35.83928308459648],[129.19164785623184,35.83918429807369],[129.19186377643177,35.840114245810206],[129.19190833480758,35.840330385374514],[129.19196876597184,35.840583622290076],[129.19197525782045,35.84060912641952],[129.1920477935806,35.84095284772932],[129.19206736251257,35.84103130665269],[129.19213013763914,35.84128301662439],[129.19214047605,35.84132011374005],[129.19229377779473,35.841870039087965],[129.1920267160724,35.84222906155938],[129.19202229200675,35.84223514300503],[129.19201800093884,35.84224129633971],[129.19201384282513,35.842247503538445],[129.192009817666,35.84225376460137],[129.19200592548282,35.84226008854093],[129.1920021662541,35.84226646634455],[129.19199855104887,35.842272897994796],[129.1919950687765,35.842279374496684],[129.19198911997546,35.842291244388925],[129.19187505977067,35.84252931031716],[129.19169820706682,35.84277293711685],[129.19169192993593,35.842781770297925],[129.1916854533268,35.842790504656875],[129.19167879942034,35.84279915818344],[129.1916719570832,35.84280770385781],[129.19166493742725,35.84281615968731],[129.19165772934025,35.84282450766435],[129.19165034391278,35.842832756784155],[129.1916427921922,35.84284089801649],[129.19163505204085,35.84284893139649],[129.1916271566651,35.84285685687143],[129.19161914236915,35.842865972184995],[129.1916116023349,35.84287437475962],[129.1916058933921,35.84288011574692],[129.19160035581584,35.842888091564845],[129.19159429374147,35.84289428373562],[129.19158885139598,35.84290042085071],[129.19158000457927,35.8429085551153],[129.19156433181467,35.842918196252704],[129.19154030759276,35.84293482627773],[129.19152117525817,35.84294657279519],[129.19149949238337,35.84296100005745],[129.19148357569568,35.842970479344864],[129.19146647260987,35.84297911332994],[129.1914381845593,35.84299480376189],[129.19141300557848,35.84300530708132],[129.19138611232626,35.843016407929944],[129.19136136289322,35.8430260183215],[129.191334064466,35.843034316908785],[129.19131589611348,35.84304185302941],[129.19129889855128,35.843048332834584],[129.19127411329302,35.84305685275122],[129.19124543756288,35.84306781218343],[129.19122496902503,35.843076262185775],[129.19119453226958,35.84308678277336],[129.19109331849924,35.843101119189285],[129.19095022886904,35.8431286257367],[129.19097036073103,35.843206642310506],[129.19091480447278,35.84319225581234],[129.19094365411448,35.84331954805046],[129.19099655129065,35.843323529282344],[129.19104237411705,35.8433269808999],[129.19104611151056,35.84334393654329],[129.19108453418778,35.843530876439885],[129.19098892033526,35.8435915642683],[129.19096870557175,35.843604393904734],[129.19069655327453,35.8437871187051],[129.19068289973796,35.84379883843615],[129.19060359925504,35.84389139553178],[129.19053820092768,35.84417966431614],[129.1904284247861,35.84417346512769],[129.1902358099241,35.84422908658887],[129.18985623191082,35.844488512360726],[129.18999922526797,35.844676397142564],[129.1900159480469,35.844782799584245],[129.1896356386345,35.84484645614988],[129.18960234452916,35.84485203294079],[129.1895976654642,35.844886206673195],[129.18921801120658,35.84492760901632],[129.18915178687234,35.84495231659723],[129.18903955307422,35.84499341760799],[129.18903883412816,35.84499365305529],[129.189021914792,35.84503831839945],[129.188972517762,35.8450545549016],[129.18896074483587,35.845056574045614],[129.18880514054075,35.84511140545028],[129.1887340135223,35.845131947653165],[129.18872071777167,35.845135987947614],[129.1887083829235,35.84513912549305],[129.18869586969592,35.84514172256473],[129.188683200249,35.84514378814073],[129.18867041883857,35.84514531313942],[129.1886575475821,35.84514628851405],[129.188644641826,35.84514671417807],[129.18863172370905,35.84514659009721],[129.18861882643893,35.84514591621972],[129.18860599429314,35.84514469247656],[129.1885932605004,35.84514292782861],[129.18858065824767,35.84514061321172],[129.18856822080636,35.845137775611576],[129.18855598136307,35.84513440596421],[129.1885439731681,35.845130522242705],[129.18853222942923,35.84512612439562],[129.18852079448703,35.845121239391524],[129.18850967943192,35.8451158762256],[129.18849892856227,35.845110043841636],[129.18848856405853,35.845103760230266],[129.18847861917118,35.845097043364696],[129.18846912715006,35.84508991121836],[129.18797152109994,35.844679002239616],[129.18795926694239,35.84466930577464],[129.18794832282913,35.844661265576846],[129.18793702526457,35.84465355037656],[129.18792541850436,35.84464615109272],[129.18791349152136,35.84463908576724],[129.18790127754409,35.84463236336099],[129.18788877659352,35.84462599288634],[129.18787601082892,35.84461998332143],[129.18786299134047,35.84461434366138],[129.18784974026624,35.84460907387181],[129.18783627976546,35.84460418293078],[129.1878226098591,35.84459967985078],[129.18780875268538,35.84459556459725],[129.1877947304034,35.844591846148425],[129.18778056515114,35.84458852446982],[129.18647318024622,35.84430564083839],[129.1860774804733,35.84420052361479],[129.18604230047183,35.844189969929715],[129.1860371164224,35.84418837366516],[129.1860319765035,35.84418671424502],[129.18602686962498,35.84418498267391],[129.18602179578693,35.84418317895185],[129.18601675498928,35.84418130307866],[129.18601175834308,35.844179373062445],[129.18600680578544,35.84417736186589],[129.18600188628938,35.84417528753071],[129.1859970219928,35.844173150023046],[129.18599219075753,35.84417094937684],[129.18598939827976,35.84416962882586],[129.185964166049,35.84415760883012],[129.18594758835732,35.844149712284995],[129.18593033470347,35.84414149232483],[129.1858801686415,35.84411244990367],[129.18586546405348,35.84410081028249],[129.18585353186938,35.844091383482635],[129.18584206542332,35.84408231646734],[129.18582403738833,35.844064715659925],[129.185817090925,35.84405728198481],[129.18566483568608,35.843894650421085],[129.18568094603665,35.84388237773041],[129.18558766905937,35.843782743199746],[129.1856060148849,35.8437702688189],[129.18563276297832,35.843753374443594],[129.18565141858812,35.84373126521046],[129.18567351746148,35.84371428782609],[129.1858257972785,35.84360545360488],[129.1858789735969,35.84356746541191],[129.18594768724637,35.843518385986464],[129.1859932163576,35.84348587106086],[129.1860394175047,35.84345677983877],[129.18608617958526,35.84343093224008],[129.18609781093394,35.84342520945418],[129.18609752186634,35.84342466013524],[129.18604692066907,35.84335096147039],[129.18601822682018,35.843292334107915],[129.18590601105507,35.84306358866055],[129.18582071259038,35.8428909497424],[129.18571472841938,35.842675983679534],[129.18566601816784,35.84257719111887],[129.18553000823877,35.842301346330004],[129.18549575576301,35.84223191233253],[129.18546061326404,35.84216049693489],[129.18541393832652,35.842065639613594]]]]}},{"type":"Feature","properties":{"godo_no":"?","godo_nm":"고도지구(높이 미확인)","h_max":null,"kind":"최고","conf":"none","area_m2":67537,"gosi_last":"경북고시 2023-449 (용도지구 변경)","src":"V-World LT_C_UQ123 + 경북고시 2020-479 조서·도면","h_cls":"미확인","lbl":"고도지구(높이 미확인)"},"geometry":{"type":"MultiPolygon","coordinates":[[[[129.26637419507426,35.86021501962149],[129.26645359601875,35.860204236869315],[129.26651498853948,35.86021480827438],[129.26653144996322,35.86021763792674],[129.26652122399975,35.86019886949034],[129.26640709618218,35.860137620112035],[129.26638647437656,35.860112223384675],[129.26642474169856,35.860100368725995],[129.26646836083893,35.86013972911643],[129.2666148757854,35.860208657695004],[129.26658120685892,35.86017510647113],[129.2665592348671,35.86015320959003],[129.26652107962974,35.8600657015919],[129.26652695657955,35.85999195763169],[129.2664958336645,35.85993829395091],[129.26652975270503,35.85984414699454],[129.2665750391429,35.85976580985373],[129.26662328940267,35.859733060229985],[129.26667146871247,35.859692316684246],[129.26669477556374,35.859662956695175],[129.266732311356,35.859561204184054],[129.2667631397566,35.85936697150642],[129.2669545704173,35.85889825181199],[129.26696381918606,35.858866354273715],[129.26696403808322,35.85886559674265],[129.26696175376048,35.858861176667595],[129.26698840599445,35.858819209794525],[129.26700903276597,35.8588726982797],[129.26724879706677,35.85787987723448],[129.26725706459214,35.857845954033166],[129.26726310056625,35.85782341851773],[129.26726956860352,35.85780097217088],[129.26727645757256,35.85777859699221],[129.26728375649253,35.85775632004334],[129.26729148747467,35.85773413226287],[129.26729961736618,35.85771205174896],[129.26730620845905,35.85769330925301],[129.26731295469196,35.857674611475794],[129.26731988924737,35.85765594933129],[129.2673269900134,35.857637331881044],[129.26733425698998,35.85761875912488],[129.2673416902071,35.857600240075165],[129.26734930067528,35.85758175668276],[129.26735707735372,35.85756331798429],[129.26736503134327,35.85754493296775],[129.2673731404719,35.85752659266964],[129.26738142691136,35.857508306053425],[129.26738987959084,35.857490073143545],[129.26739849848002,35.85747188492744],[129.26740728363902,35.857453759430086],[129.2674162460784,35.85743567860193],[129.2674253637164,35.85741766051691],[129.26743464756382,35.85739968712564],[129.2674440976807,35.85738177645284],[129.26745370299608,35.85736392852303],[129.26746348562145,35.85734613427471],[129.2674734234451,35.85732840276928],[129.26748352753788,35.857310733982175],[129.26749378679864,35.85729311892557],[129.26750421235843,35.85727557559954],[129.26751480418704,35.85725809499172],[129.26752555121354,35.85724067712665],[129.26753645343786,35.85722332200424],[129.26754752196098,35.85720603861228],[129.26755874568164,35.857188817962886],[129.26757012463008,35.8571716690684],[129.2675816588061,35.8571545919289],[129.2675933592806,35.857137586519585],[129.26760521498255,35.85712065286517],[129.26761721481097,35.857103781977564],[129.2676293809677,35.85708699183258],[129.26764169131104,35.85707028247915],[129.26765415685153,35.857053635867906],[129.26766677767935,35.85703707903607],[129.2676795537043,35.85702058494633],[129.26769247394571,35.85700418066045],[129.26770554941405,35.85698784812891],[129.2677187690989,35.85697160540112],[129.26773214401052,35.85695543442767],[129.26774566310834,35.85693934424546],[129.26775933749317,35.856923343842226],[129.26790288847135,35.85676961533486],[129.26810215624397,35.856592096281204],[129.26836423029363,35.8563855884847],[129.2683813988494,35.856375005757066],[129.26839860079417,35.85636447702768],[129.26841584716823,35.85635399325944],[129.26843313797164,35.85634355445241],[129.26845046213379,35.856333160631074],[129.26846784179605,35.85632281174631],[129.2684852548472,35.85631251685962],[129.26850272339848,35.85630226690953],[129.2685202253387,35.85629207095737],[129.2685377606377,35.85628191999096],[129.26855535143682,35.85627181396099],[129.2685729755948,35.8562617529166],[129.26859064421245,35.856251745845675],[129.26860835725967,35.85624178373573],[129.2686261036959,35.85623187562373],[129.26864389453138,35.85622200346034],[129.26866172985703,35.856212194282605],[129.26867960961212,35.85620243006583],[129.26869751165546,35.856192710859204],[129.26871546919926,35.85618303658877],[129.26873346016222,35.856173425328684],[129.2687605243356,35.85615908036029],[129.2688654493886,35.8563755788583],[129.26896435506433,35.856579662456774],[129.26898230786867,35.856575152304046],[129.26900392442144,35.856570435717124],[129.26902574254623,35.85656640362549],[129.269047740072,35.856563047065684],[129.2690698838475,35.85656038413655],[129.2690921295601,35.85655840592421],[129.26911445509919,35.85655712149028],[129.26913681621244,35.85655653994581],[129.2691592017694,35.85655664329055],[129.2691815564775,35.85655744967273],[129.26920385816527,35.85655895012921],[129.2692260735911,35.856561135721655],[129.26924816957333,35.856564015536485],[129.26927012394106,35.856567580610744],[129.26929188134068,35.856571831067896],[129.26931343064183,35.85657674890782],[129.26933472756176,35.8565823342295],[129.26935576099982,35.85658857804522],[129.26937647557259,35.856595471466136],[129.2693968490783,35.85660299651706],[129.2694168594061,35.85661116225983],[129.2694364732229,35.856619932719084],[129.2694556573471,35.8566293169815],[129.26947438954625,35.85663928805948],[129.26949263654802,35.856649828002475],[129.2695103762108,35.85666093686018],[129.26952758630247,35.85667258764482],[129.26954423355002,35.85668476240607],[129.2695602957514,35.856697443168656],[129.26957575073473,35.856710620969864],[129.26959058730787,35.85672425978502],[129.2696047611877,35.856738359713134],[129.2696182611819,35.85675288472951],[129.26963107618937,35.8567678258466],[129.2696431839467,35.85678314706467],[129.269654562282,35.85679883942065],[129.26966518893198,35.85681486691476],[129.26967506386592,35.85683122053468],[129.26968415374964,35.85684786430516],[129.26969246959297,35.856864780176906],[129.26969997809204,35.856881941186955],[129.26988531816934,35.857266999721126],[129.2698998224993,35.85729697884825],[129.269979033177,35.857460603525425],[129.26943100847333,35.85788783734798],[129.26883145083366,35.858555086248735],[129.26785437966694,35.85964325878775],[129.2677587472316,35.859842204686736],[129.2677794704564,35.859858092801076],[129.26753334128233,35.860039292964565],[129.26742163649652,35.86016003694657],[129.26740294914217,35.86018023919605],[129.2672768257777,35.86031657948234],[129.26726190889983,35.86035193233769],[129.26723476898238,35.86040379602851],[129.26723412280705,35.860432439076924],[129.26720065030932,35.8605208803428],[129.26717591353565,35.86058623937907],[129.2671734331952,35.86059276988967],[129.26717488382639,35.8606028065695],[129.26717874825698,35.8606295019619],[129.26716010767768,35.860686997654646],[129.2671327395811,35.86071034638118],[129.26712517719537,35.8607167980022],[129.26709720668035,35.86071223644438],[129.26706891789,35.86069855496772],[129.26706810530231,35.86069392435623],[129.2670625171418,35.860658283391494],[129.26705758198335,35.860622577895626],[129.26705331092725,35.860586816856674],[129.26704970400283,35.86055100928715],[129.2667085525552,35.86037549702164],[129.2665354834048,35.86028186989465],[129.26637419507426,35.86021501962149]]]]}},{"type":"Feature","properties":{"godo_no":"5","godo_nm":"도심25m지구","h_max":25,"kind":"최고","conf":"label","area_m2":83825,"gosi_last":"경북고시 2020-479 (고도지구 정비)","src":"V-World LT_C_UQ123 + 경북고시 2020-479 조서·도면","h_cls":"25m","lbl":"도심25m지구\n25m 이하"},"geometry":{"type":"MultiPolygon","coordinates":[[[[129.21680901783088,35.84456660285165],[129.21702899784455,35.84473520188556],[129.21704162189036,35.84474529126735],[129.21708612369096,35.84477935078537],[129.21709877986078,35.8447890345409],[129.21709680805617,35.845340594081335],[129.21709724005967,35.84534888480611],[129.21709774044896,35.845353813745646],[129.21709603147275,35.8453726709615],[129.21709672963155,35.84542204018247],[129.21709824855424,35.84552926817772],[129.21709792686622,35.84554946576635],[129.21709915013804,35.84565379226489],[129.21710013611775,35.84567862894397],[129.2171013923001,35.845758306195954],[129.21710327247092,35.84582723041581],[129.21710507720138,35.84599096625885],[129.21710526890365,35.8461149508602],[129.21710604263575,35.84622903869137],[129.21710788391786,35.84625496434549],[129.2171115403657,35.84645664848377],[129.21711212203545,35.846512047265904],[129.21711129227214,35.846651246785704],[129.21711123770754,35.846667892967126],[129.21711209538432,35.84678435993635],[129.2171105584624,35.846919946707324],[129.21711287941662,35.84704127779445],[129.21711373035146,35.847085734916284],[129.21631467218708,35.84711273456526],[129.21612030887158,35.8471192554471],[129.21611820603064,35.847090635511535],[129.2161173831659,35.847081038671575],[129.2161162982,35.84706865743804],[129.21611551530734,35.84704924591687],[129.21611449679145,35.84702044379422],[129.21611367015228,35.84699712092719],[129.21611307022462,35.84697988109091],[129.2161121407558,35.84695536875775],[129.21611128534974,35.846929585529914],[129.21611075616238,35.846913949791656],[129.2161096536599,35.846886842167955],[129.21610861022089,35.84686111335065],[129.21610787590814,35.84684329695413],[129.21610676939758,35.846810592576034],[129.2161056669432,35.84677939327756],[129.2161047398556,35.84675165446502],[129.2161041134952,35.84673281946307],[129.21610125565192,35.84668280520362],[129.21609842128672,35.846633286589004],[129.21609646190228,35.84659627575873],[129.21609625456435,35.84658916526798],[129.2160938284137,35.84653914122365],[129.21609262406196,35.846507094930786],[129.21609092607267,35.84646438773392],[129.2160894007279,35.84642002192863],[129.21608774701997,35.846377314651924],[129.21608742405854,35.84636426513094],[129.21608509752105,35.84631423189411],[129.21608427158316,35.84629938077146],[129.21608349392918,35.84628601662482],[129.21608273775854,35.84627240910235],[129.216081808774,35.846256287401324],[129.21608113499394,35.846244500256276],[129.21608048412975,35.8462330014704],[129.2160794614198,35.84621496027442],[129.21607887920587,35.8462042905156],[129.2160778203024,35.84618514084681],[129.21607727421045,35.846175552523285],[129.21607655192992,35.846162197289985],[129.21607527353274,35.84613964128837],[129.21607478205468,35.84611745339395],[129.21607434393434,35.84609863607869],[129.21607400206508,35.84608267555367],[129.21607361679284,35.84606703955604],[129.21607307569712,35.84604286900019],[129.2160723204246,35.846017265839286],[129.21607181812163,35.84599516808873],[129.21607120687398,35.84597371943249],[129.21607087020155,35.845959687572666],[129.21607056426228,35.84594884608252],[129.2160701425816,35.84594023989893],[129.21606992017297,35.84593164237187],[129.21606892400254,35.845915232389785],[129.21606812705576,35.84589881303944],[129.21606792520413,35.845877300564396],[129.2160678760714,35.845875498152225],[129.21606769778833,35.84584629797303],[129.21606725078718,35.84582829179774],[129.21606739283928,35.84581527749515],[129.2160660735885,35.84576522442955],[129.21606304979213,35.845715219469746],[129.21606097653088,35.84569344897317],[129.2160605944436,35.845678993606185],[129.21605992220137,35.845667774244674],[129.21605953977462,35.84565319270328],[129.216058764001,35.8456405225141],[129.2160583322237,35.8456240574484],[129.2160579383412,35.845617551127056],[129.2160577163233,35.84560909779886],[129.21605692860717,35.84559610318088],[129.21605622648192,35.84556967978566],[129.21605597147567,35.84556541732857],[129.21605574889983,35.84555675671384],[129.21605521619068,35.8455480245528],[129.21605474771124,35.845530261752444],[129.21605338070458,35.8455076788689],[129.21605307292484,35.84549615243125],[129.21605256301032,35.84548766356689],[129.21605245173495,35.84548333776577],[129.21605180316354,35.84547268614898],[129.2160516556944,35.84546725187497],[129.21605124989443,35.84546043013709],[129.21605115197022,35.84545695148706],[129.2160508392152,35.84545179689553],[129.2160507767806,35.84544916535708],[129.21605008216065,35.84543785590999],[129.21604993376934,35.84543207916261],[129.2160493753548,35.845422022209725],[129.21604928978655,35.8454190212001],[129.21604869884425,35.84540921665531],[129.21604856360992,35.8454042149593],[129.2160481115674,35.845396663291496],[129.21604801264812,35.84539281513068],[129.21604707453022,35.845377405430725],[129.21604686518558,35.84536954690453],[129.21604618163622,35.84535823743749],[129.21604603326972,35.84535246970249],[129.2160454307736,35.84534248492818],[129.21604529529685,35.84533739310761],[129.21604355776893,35.84530875448477],[129.21604317525023,35.84529413689263],[129.2160422601468,35.84527905160129],[129.21604182934615,35.845262947032765],[129.21604126129685,35.845253421834364],[129.2160406579535,35.84523079252362],[129.21604007883545,35.845221267344904],[129.21603948656184,35.84519863801439],[129.21603893035928,35.84518940119464],[129.21603835095166,35.84516743876606],[129.21603798064388,35.84516146413947],[129.21603761033688,35.84514727011269],[129.21603725102557,35.845141268428975],[129.21603686950402,35.845127020347114],[129.21603657993344,35.845122253251446],[129.2160362837611,35.845110925067274],[129.21603577428806,35.84510259842654],[129.21603525605357,35.84508279888844],[129.21603223230463,35.84503279392198],[129.21602749305555,35.844982873130334],[129.21602106056926,35.84493308153606],[129.2160192261739,35.84492190029763],[129.2160185251042,35.844916412936364],[129.2160171071375,35.84490778149213],[129.21601655334086,35.84490354660546],[129.2160153153208,35.84489596930256],[129.21601484041634,35.84489225700007],[129.21601283712138,35.84488001258796],[129.21601205720935,35.84487402066732],[129.21600393157368,35.84482438530626],[129.21599410185746,35.84477496027362],[129.2159826013686,35.844725781559646],[129.21596943018258,35.84467687620105],[129.21595458842376,35.84462828925979],[129.21593809833027,35.84458005674535],[129.2159352443526,35.844572527387434],[129.21602602621536,35.844569742708856],[129.216083812944,35.844567728876605],[129.21614206335818,35.84456526356338],[129.2162044009457,35.84456378229399],[129.2162652541268,35.844561880057896],[129.21629906804884,35.844560990466974],[129.21633241735861,35.844560209847124],[129.21641390229993,35.84455787409696],[129.2164458406901,35.844563395707475],[129.21650562028168,35.84456154033262],[129.21656301962045,35.84455954498822],[129.2166200110783,35.84455817220913],[129.21667903740143,35.844556110809094],[129.21671907203802,35.84455516489746],[129.21678423526149,35.844550704141064],[129.21678794275792,35.84455045416102],[129.21680901783088,35.84456660285165]]],[[[129.21616862086353,35.84429923016802],[129.2160619766149,35.84430178191662],[129.21594396654544,35.84430514695514],[129.21581009444407,35.84430853115659],[129.21580526788804,35.844300149125765],[129.2157776407764,35.84425542428666],[129.21574850999914,35.84421133299704],[129.21571787567913,35.84416792031818],[129.21568577109804,35.84412521322688],[129.21565221851642,35.84408325674496],[129.2156172511915,35.844042068837],[129.21558654199606,35.84400781295871],[129.21557575188498,35.84399629617969],[129.2155605658439,35.84398010072978],[129.2155517862108,35.843971175967724],[129.2155431723486,35.843962151772146],[129.21553256206676,35.843951644069136],[129.21552211753252,35.84394102791987],[129.21551303957673,35.84393230196127],[129.21550412739214,35.84392347656922],[129.21549315249624,35.84391321284964],[129.21548235439295,35.843902831651555],[129.21547297816323,35.84389432252106],[129.21546376765613,35.8438856959322],[129.21545245030865,35.84387568516865],[129.21544129868482,35.843865556946334],[129.2154316352501,35.84385726462402],[129.21542213753816,35.84384885484322],[129.2154104777392,35.843839097035385],[129.21539898368803,35.84382923078119],[129.2153890441176,35.84382115524698],[129.21537925920072,35.84381296227409],[129.21536727913676,35.843803475407064],[129.21535545370318,35.84379386208851],[129.2153452380452,35.84378602136701],[129.2153351770168,35.8437780541944],[129.21532288775688,35.843768838248174],[129.2153107310134,35.843759504902295],[129.21530026138183,35.8437518899414],[129.2152899242418,35.84374414856876],[129.21527731476516,35.843735221587615],[129.2152648488256,35.84372615916229],[129.2152541252687,35.843718787986525],[129.21524353420335,35.84371129039919],[129.21523062664778,35.843702652343374],[129.21521785156045,35.843693878863],[129.2152068740782,35.84368675147225],[129.21519604013216,35.84367948863767],[129.21518284556674,35.8436711394871],[129.2151697724245,35.84366266394415],[129.2151585631788,35.843655789311114],[129.21514747530705,35.843648770261204],[129.2151339937799,35.84364072804054],[129.21512064472066,35.84363255039535],[129.2151092037113,35.843625928519806],[129.2150978841002,35.84361917123981],[129.21508413774873,35.843611435909324],[129.2150705127722,35.843603556161575],[129.2150588510921,35.84359719603589],[129.21504729974137,35.84359070052548],[129.21503329963448,35.84358327206525],[129.21501940985783,35.84357570821978],[129.21500752753087,35.84356961885626],[129.21499576657814,35.8435633850759],[129.2149815127638,35.84355628151044],[129.21496738032442,35.8435490335276],[129.21495528839526,35.84354320589385],[129.2149433178643,35.84353724285574],[129.21492883248007,35.84353046414537],[129.21491442419494,35.843523541096395],[129.2149021780562,35.843517993118745],[129.21488999794676,35.843512300822454],[129.21487529206127,35.84350584694738],[129.21486064113677,35.8434992487728],[129.21484821867435,35.843493989502775],[129.21483585112412,35.843488567908935],[129.21482092478502,35.843482456893625],[129.2148060976587,35.84347619248781],[129.21479346561708,35.843471203959176],[129.21478092174263,35.84346607107271],[129.21476578601843,35.84346030289736],[129.21475074948287,35.8434543723189],[129.21473795220984,35.84344968149027],[129.2147252319867,35.843444828298566],[129.21470992008375,35.84343940290379],[129.21469465202458,35.84343381520422],[129.2146817227023,35.84342941300396],[129.2146688482922,35.84342484847988],[129.21465334914097,35.843419765885244],[129.2146379270645,35.84341452993927],[129.21462483250977,35.843410425438556],[129.21461180393618,35.84340615859437],[129.21459613969807,35.84340142777263],[129.21458054146575,35.84339654361939],[129.21456731486072,35.84339272774667],[129.21455414319206,35.8433887585625],[129.21453832495948,35.84338438850641],[129.21452257270852,35.84337985610625],[129.21450920303207,35.843376346905885],[129.21449591040565,35.84337267534236],[129.21447994922278,35.843368657019596],[129.2144640429766,35.84336448538473],[129.21445057450381,35.84336128277807],[129.21443716091906,35.84335790883501],[129.21442105683332,35.84335426027028],[129.21440501870515,35.84335044034893],[129.21439144036646,35.84334754435538],[129.21437791691585,35.84334447702547],[129.2143617031334,35.8433411981597],[129.21434554423948,35.84333774795705],[129.21433186707907,35.84333514954432],[129.21431824485504,35.843332397820234],[129.214301921351,35.8433294796409],[129.2142856527355,35.84332639012461],[129.21427188789394,35.8433241163105],[129.21425817791663,35.84332166214754],[129.21424176687628,35.843319122640175],[129.21422538856228,35.84331640282257],[129.21421155812885,35.843314435542766],[129.21419777151456,35.84331229694623],[129.21418127288888,35.843310118085704],[129.21416481810678,35.84330777692035],[129.2141509331736,35.843306125167594],[129.2141370698977,35.84330429312485],[129.214120505896,35.84330250190937],[129.21410397462074,35.84330053038359],[129.21409003516305,35.84329918514547],[129.21407611741077,35.843297677642184],[129.21405949902893,35.8432962470146],[129.21404291342176,35.84329465410174],[129.21402893055586,35.84329363338338],[129.21401495827845,35.843292432394584],[129.21399830772577,35.84329138935309],[129.2139816677616,35.84329016604053],[129.2139676525318,35.84328946080986],[129.21395365895935,35.84328857528918],[129.2139369651178,35.843287901828454],[129.2139202929819,35.84328706610184],[129.2139062564323,35.84328666732682],[129.21389223051924,35.843286106306316],[129.2138755266188,35.84328581137991],[129.21385883333113,35.84328534519491],[129.21384479764694,35.84328527086132],[129.21383076150642,35.8432850252893],[129.21381404757042,35.843285117909716],[129.21379734419887,35.84328502124659],[129.21378330937944,35.843285271354404],[129.2137692630106,35.84328534123093],[129.21375257219688,35.84328580331459],[129.21373585878885,35.843286094198234],[129.2137218358542,35.843286650703064],[129.21370781248714,35.84328704498195],[129.21369113374988,35.84328788556095],[129.21367444346333,35.84328854590786],[129.2136462988835,35.8432900015509],[129.2135850209862,35.843294183372855],[129.21352390171768,35.84329974379668],[129.21346300748843,35.843306682705524],[129.21340237150216,35.84331500004119],[129.21334203800762,35.843324686713544],[129.21328206232278,35.84333573361301],[129.2132224886965,35.84334813164962],[129.2131633503087,35.843361871753125],[129.21310471354653,35.84337694479469],[129.21304661156643,35.84339333269162],[129.21298908864168,35.843411035366906],[129.2129321889738,35.843430025705956],[129.212911211145,35.843437597068714],[129.21296591213465,35.84340345157806],[129.21301354657157,35.84337178792738],[129.21306008232006,35.84333906271661],[129.2131054751517,35.84330529405008],[129.21314971406915,35.843270508985704],[129.2131867465629,35.84323971111463],[129.21355956040463,35.84322278619153],[129.216919864881,35.843052258752635],[129.21707939086016,35.84304411375672],[129.217079750243,35.84307874816203],[129.21708031080522,35.843150910269415],[129.217081020346,35.843233130061975],[129.21708426143857,35.84334277937032],[129.2170842955248,35.84336764480449],[129.21708436601003,35.843414140179874],[129.2170843811047,35.843440168260656],[129.21708443163018,35.843471108091734],[129.21708449277855,35.843518243370674],[129.2170918347022,35.843539860204395],[129.21709239445485,35.84365670629445],[129.21709308389262,35.84371104143405],[129.21709350904126,35.84376588174745],[129.2170943136104,35.84382185695485],[129.21709420116431,35.84386210699092],[129.21709516022105,35.844003790813424],[129.21709022431182,35.84400821579535],[129.21706173520442,35.84403377228637],[129.21703451614195,35.84405826301733],[129.21680182087798,35.84426690501712],[129.2167801889224,35.84428632065305],[129.21663567386517,35.8442917346292],[129.21657176649086,35.844293885856786],[129.21648491276056,35.844296024031685],[129.21641374291758,35.84429776458102],[129.21629511038918,35.84429605703928],[129.21616862086353,35.84429923016802]]],[[[129.2097475153935,35.8444647068509],[129.20957960907222,35.844469621142245],[129.20944212950508,35.844473635373106],[129.2093967048121,35.844474840536485],[129.20935028392114,35.844476056418436],[129.2093155291439,35.84447697271901],[129.20925329152337,35.84447861246735],[129.20905133736912,35.84448390032112],[129.20890735952088,35.844487672814424],[129.20878234171414,35.844490898717],[129.20867477878883,35.84449367080837],[129.20862165036593,35.84449504217358],[129.20858225786938,35.84449606539372],[129.20848381705156,35.84449927221809],[129.2084615477939,35.8445000045389],[129.20836298787367,35.84450423889478],[129.20830380381182,35.84450530510683],[129.20821111577712,35.844507294131475],[129.2081073039057,35.84450954554927],[129.20797478018505,35.84451240499249],[129.20789085929442,35.84451454093009],[129.20775549230996,35.844517990827775],[129.20773253621775,35.84451851690502],[129.20764524990463,35.84452050523456],[129.20753438932286,35.844523678512815],[129.20740976242735,35.8445282992554],[129.20736104629566,35.84449375669091],[129.20730259438108,35.8444226039696],[129.20725670859377,35.844391003602894],[129.207227986096,35.844374613976974],[129.20719707888745,35.84436092282229],[129.2071621920274,35.84434925727204],[129.20714647441733,35.8443451924962],[129.2071475993386,35.84430500381939],[129.20714877539297,35.84426318379171],[129.2071498795701,35.844223535899985],[129.20715467336498,35.8440523712426],[129.20715695234998,35.84397042565905],[129.20715923347134,35.843889309221055],[129.2071599258013,35.84386163964933],[129.20716001571975,35.84385788128131],[129.2071605173295,35.84383780056411],[129.20718869717425,35.84384559320829],[129.20724744574153,35.84386038128593],[129.2073066779218,35.84387383465595],[129.2073663494127,35.84388594438104],[129.207396382672,35.843891327462444],[129.20742640484292,35.84389670154285],[129.2074868109794,35.84390609718536],[129.20754750138136,35.84391412240937],[129.2076084538845,35.84392076824021],[129.2076696020714,35.84392603479126],[129.2077309127319,35.84392992211913],[129.207792330471,35.843932412293995],[129.20785381103252,35.84393351440396],[129.20792277062176,35.84393319768395],[129.20798101783507,35.843933845645694],[129.2080425711861,35.84393313602069],[129.2081093247159,35.843931543210225],[129.20812517408083,35.84393093915686],[129.20818614837714,35.843928896603664],[129.20911781536807,35.84389652176714],[129.20917927831573,35.84389511775351],[129.20924652608664,35.84389206343159],[129.2093047994077,35.84388999794308],[129.20932570612555,35.84388893436009],[129.2093607833179,35.84388865738688],[129.2094222698747,35.84388782099582],[129.20948369746128,35.8438855967499],[129.20950455987574,35.84388452420005],[129.2095336673985,35.84388293267197],[129.20956860782732,35.843881150786764],[129.20959120788862,35.84388000311296],[129.2096526939178,35.843878968329896],[129.20971410987957,35.84387653669879],[129.2097463825244,35.84387470530958],[129.20980786859397,35.84387368847209],[129.209867735142,35.84387135858607],[129.20992922290523,35.84387099058379],[129.20996957814938,35.84386999228976],[129.21003105363846,35.84386916461905],[129.21009249228467,35.84386694905525],[129.21015382767044,35.843863345713956],[129.21019751940182,35.84385991718632],[129.21025899355746,35.84385858470112],[129.21032039763486,35.84385585536828],[129.2103369322771,35.84385488031985],[129.21037357742267,35.84385314030041],[129.21041988350814,35.843850500247825],[129.21048125318413,35.84384732026745],[129.21052324142107,35.84384433619673],[129.21057061038266,35.84384179337463],[129.2106264261646,35.843839677446255],[129.21068786510122,35.8438375877527],[129.21068925965605,35.84383753124993],[129.21073990681384,35.843835658591786],[129.2108013339411,35.84383328947323],[129.2108626578192,35.84382954159022],[129.21092382307626,35.84382440602684],[129.21093283100768,35.843823534139204],[129.21095032719458,35.84382200756772],[129.21099099041197,35.843820278381244],[129.21105698807582,35.84381754066343],[129.21110848769192,35.84381572945094],[129.21115996395787,35.84381345861937],[129.21122139131543,35.84381118842333],[129.21123860138425,35.843810302197014],[129.2112996304658,35.843808113768745],[129.2113508082136,35.84380597856419],[129.21141222406294,35.84380354606562],[129.21143139294006,35.84380250317723],[129.21149161430435,35.84380044223753],[129.21151473503232,35.84379947354226],[129.21155631664436,35.843797625396874],[129.21160208246133,35.843795814983544],[129.21164944152483,35.843793740403825],[129.2116911234176,35.84379214438645],[129.21172185874266,35.843790828868585],[129.21178318270898,35.84378714360331],[129.21184435913125,35.84378207965203],[129.2119053437063,35.84377562808007],[129.21196608113382,35.84376780700951],[129.21202652711065,35.84375860750602],[129.21208663740546,35.84374804767232],[129.21214636776315,35.8437361365993],[129.21220566283586,35.84372287438423],[129.21226447839248,35.84370827913056],[129.21232278124694,35.84369235990974],[129.2123805160759,35.84367512583201],[129.2124376386482,35.843656595000816],[129.21247928598436,35.8436419847162],[129.21245534877895,35.84365646477279],[129.21240703687917,35.843687426415144],[129.21235979045287,35.84371947668123],[129.21231366477298,35.843752588437745],[129.21226867078863,35.843786716604214],[129.21223895117754,35.84378703009258],[129.21217748897087,35.84378866098211],[129.21211610791423,35.84379167962343],[129.21205486334952,35.84379608591969],[129.2119937774116,35.84380187983239],[129.21193291646392,35.843809043220475],[129.21187232480293,35.8438175850193],[129.21181204667835,35.84382749613926],[129.21175213738425,35.843838758459086],[129.21169263014892,35.843851380933756],[129.21163356917415,35.84386533644892],[129.21157502087146,35.843880624889266],[129.21151700735248,35.84389723720446],[129.21145958388846,35.843915146260876],[129.21140279475335,35.84393435198232],[129.21134668417326,35.843954836267294],[129.2112912852822,35.84397657202144],[129.2112366644922,35.84399955912978],[129.21118283279932,35.84402377053661],[129.21112985659255,35.84404919711473],[129.21107776898234,35.84407580275745],[129.21102660315105,35.84410357839566],[129.21097641439496,35.84413250590901],[129.2109272247566,35.844162549210324],[129.21087907848747,35.84419369921112],[129.2108320197687,35.84422591978581],[129.21078607069018,35.84425919287204],[129.2107412754806,35.844293500369105],[129.21069766722854,35.844328797158205],[129.21065527911787,35.844365074170234],[129.21061415533018,35.84440229527963],[129.21057430684036,35.84444042441851],[129.21056591657822,35.84444891978174],[129.21049465995608,35.8444514410648],[129.21042519635904,35.84445389610052],[129.21036208585878,35.84445612375338],[129.21010620170497,35.844465184209234],[129.21000890116832,35.84445995460082],[129.2097475153935,35.8444647068509]]],[[[129.20964086803517,35.844767008733314],[129.20958219616932,35.84478200801608],[129.20952405903714,35.844798322169844],[129.20946650091267,35.84481595111862],[129.2094095770686,35.84483486773015],[129.209353309641,35.84485507196695],[129.20929775390294,35.84487653669691],[129.20924295410575,35.84489925283206],[129.2091889433843,35.84492319327851],[129.20913577705917,35.844948348929336],[129.2090834882896,35.84497470170326],[129.2090321212801,35.84500222448762],[129.20898170919014,35.84503089920123],[129.20893229622496,35.84506069873168],[129.20888391554425,35.8450916049977],[129.2088366113536,35.845123590886914],[129.20879040574394,35.845156638337414],[129.20874536505966,35.845190720198424],[129.20870148920685,35.84522580042147],[129.20865883348455,35.84526186088755],[129.20861741996103,35.84529887452225],[129.20860104448457,35.845314359187356],[129.2073099414982,35.845355466484435],[129.20714376093397,35.84536076195665],[129.20714392689044,35.84535215473359],[129.20714434964822,35.84532725246816],[129.20714616133267,35.84521863970919],[129.2071473131519,35.845150277911245],[129.20714989063666,35.845063888668484],[129.20715067891803,35.84503050501166],[129.20716913215838,35.845026534964454],[129.2072177903444,35.84500854382791],[129.20725757880908,35.84498929709731],[129.2073084984437,35.84495975703622],[129.2073422182109,35.84493517625803],[129.20735287138874,35.84492409966768],[129.20737465252205,35.84490148603301],[129.20740803424064,35.84485748387297],[129.20743785275096,35.844805349520584],[129.20743656356044,35.84479050813862],[129.20762767632027,35.84478735953363],[129.20776622283347,35.84478476050906],[129.20797313215942,35.84478193572503],[129.20801533284325,35.84477954699023],[129.20814615219297,35.84477662734533],[129.20819089168035,35.844775766308096],[129.2083597647776,35.84477201490448],[129.2083861863322,35.84477177114085],[129.20841492129284,35.84477150536272],[129.20845952850604,35.844770860753364],[129.20850287430332,35.84477039855053],[129.2085789506722,35.84476952844236],[129.20860676234554,35.8447675157841],[129.20873730602386,35.844765019558515],[129.20889355439957,35.84476329896581],[129.20897023137752,35.844763536111095],[129.20912626393746,35.844755461774476],[129.2092432190088,35.84475465579142],[129.20925916669296,35.84475349264336],[129.20935939232254,35.84475120137138],[129.2093897644,35.8447505089406],[129.2094277899881,35.844751614771496],[129.2095111252564,35.84475403910032],[129.2095579123418,35.84475311092206],[129.20968118772163,35.844747994605555],[129.2097319256628,35.84474674407694],[129.20970003040767,35.84475334242227],[129.20964086803517,35.844767008733314]]]]}},{"type":"Feature","properties":{"godo_no":"?","godo_nm":"고도지구(높이 미확인)","h_max":null,"kind":"최고","conf":"none","area_m2":22198,"gosi_last":"미기재","src":"V-World LT_C_UQ123 + 경북고시 2020-479 조서·도면","h_cls":"미확인","lbl":"고도지구(높이 미확인)"},"geometry":{"type":"MultiPolygon","coordinates":[[[[129.2867868308001,35.82213317291528],[129.28680066509338,35.82216767605421],[129.28670817052446,35.82303252060158],[129.28645486363493,35.82380584568072],[129.28606006172603,35.82378369096053],[129.28604056311994,35.82381784048841],[129.28601818316935,35.82385704384338],[129.28601234275814,35.82387017088132],[129.2859846226457,35.82393244990227],[129.2859225749284,35.82413433293067],[129.28589986863835,35.824172058981354],[129.28588704480822,35.824172630075424],[129.28584097581222,35.82411060677765],[129.28580737274228,35.824040731110024],[129.28577151394038,35.823859619265335],[129.2857601095806,35.82380204723808],[129.28575306628653,35.82376646445105],[129.28570198526515,35.823763602101714],[129.2856950603409,35.8237301730228],[129.28562693741577,35.82356588266635],[129.2855209578488,35.82340797246614],[129.2854564968549,35.823296045094175],[129.28540426908006,35.82326007333388],[129.28535281589595,35.823168131981014],[129.28537995168892,35.823137479405425],[129.28532551854425,35.82310989446073],[129.28525106641203,35.82303869109964],[129.28521259390362,35.822962229582735],[129.2851310170115,35.82291635912835],[129.2850625749845,35.822820501237395],[129.28502395407207,35.82275201608651],[129.2849849122761,35.82267095945029],[129.28502533101238,35.822653776377216],[129.28506014908794,35.82264559198547],[129.28504141620712,35.822608829048406],[129.28502644993637,35.82257944748934],[129.28502679112563,35.822554031379276],[129.28504965321574,35.82253523140717],[129.28508715837805,35.822529618249106],[129.28555292575794,35.82223328629751],[129.2856939697116,35.8220893744348],[129.2860273312366,35.82222814463472],[129.2860635242884,35.822230122819946],[129.2865156203661,35.82216611720401],[129.2867868308001,35.82213317291528]]]]}},{"type":"Feature","properties":{"godo_no":"?","godo_nm":"고도지구(높이 미확인)","h_max":null,"kind":"최고","conf":"none","area_m2":372115,"gosi_last":"경북고시 2021-220 (재정비)","src":"V-World LT_C_UQ123 + 경북고시 2020-479 조서·도면","h_cls":"미확인","lbl":"고도지구(높이 미확인)"},"geometry":{"type":"MultiPolygon","coordinates":[[[[129.19842453556967,35.74673021049249],[129.19845565127986,35.74678168488153],[129.1985313972989,35.746940282647756],[129.19859060673423,35.747086397896815],[129.19870293921215,35.74724606217733],[129.19879899102492,35.747331173365936],[129.19886627396752,35.747406471841735],[129.19888429291123,35.747419150113814],[129.19913476584105,35.74765850240066],[129.1993136426911,35.74780835011975],[129.1993696568109,35.747841884191494],[129.1997710333825,35.74798771490008],[129.20005010235056,35.748071775226535],[129.20020061474685,35.74812018599415],[129.2002856567072,35.74814713751312],[129.20026953898355,35.74816558600285],[129.2001818616979,35.74824377138091],[129.20009647090478,35.748298943625905],[129.20002879304846,35.74833250128267],[129.1999303247704,35.74838393671702],[129.19982687371422,35.74842342951314],[129.1996719259034,35.7484813748483],[129.1995146227719,35.74854370400837],[129.19924692258556,35.74864915075634],[129.19923446368557,35.74865405609285],[129.19920035636179,35.74866749593771],[129.19920518687226,35.74867606804033],[129.19841664075935,35.7489783208694],[129.1973727778892,35.74936821796268],[129.19735680542448,35.749374129229686],[129.1973407108343,35.74937983340256],[129.19732450515238,35.7493853214505],[129.19730818837897,35.74939059337355],[129.19729177159226,35.749395658166286],[129.1972752547481,35.749400497803386],[129.19725864892476,35.74940512127953],[129.19724195412218,35.74940952859456],[129.19722517031852,35.749413710735865],[129.1972083085699,35.74941766768553],[129.1971913688984,35.74942140845602],[129.1971743623602,35.74942493302931],[129.19715728891111,35.74942822338019],[129.19714013751764,35.7494312885392],[129.19712294134754,35.74943412845242],[129.19710568934525,35.749436743137785],[129.19708838151064,35.74943913259515],[129.19707103993386,35.74944128777619],[129.1970536535812,35.74944321771125],[129.19703622243068,35.749444913387705],[129.19701876861635,35.74944638378232],[129.19700128108244,35.749447628913025],[129.19698378191896,35.749448639731284],[129.19696626007007,35.7494494162549],[129.19694872661407,35.74944996747873],[129.19693118152887,35.74945028439004],[129.1969136248148,35.74945036698878],[129.19689607860582,35.74945022425163],[129.19687853182404,35.74944984718409],[129.19686100660377,35.74944924476273],[129.19684348081105,35.74944840801096],[129.19682598761398,35.74944733687474],[129.1968085049227,35.74944604040275],[129.19679105482737,35.74944450954656],[129.1967736484061,35.749442753300684],[129.19675626352503,35.749440762688366],[129.19673892234027,35.74943855569917],[129.19672163584193,35.749436105277155],[129.19670439304014,35.74943343847824],[129.1966872049471,35.74943053725919],[129.19667008266288,35.749427419627395],[129.19665302614345,35.749424067557534],[129.19663602437709,35.74942049909298],[129.19661911048794,35.749416696154555],[129.19660226240805,35.74941267680345],[129.1956116808437,35.749190306071334],[129.19560014331068,35.74918776509679],[129.19558867172003,35.74918506178707],[129.19557725499394,35.74918218714743],[129.19556590418844,35.74917914116005],[129.19555463038117,35.74917593281965],[129.19554342249475,35.74917255313155],[129.19553229160684,35.74916901109053],[129.19552123771746,35.74916530669665],[129.19551028293859,35.74916143991409],[129.19549940515847,35.749157410778814],[129.1954886154547,35.749153228285365],[129.19547792486185,35.749148883403464],[129.1954673333794,35.749144376133145],[129.1954568410515,35.74913972449959],[129.19544644783434,35.74913491047776],[129.1953345437045,35.749081925237284],[129.19538648881058,35.748655227769916],[129.19563436987897,35.746619086403705],[129.19584792357242,35.746525109121436],[129.19731738028085,35.746512884236196],[129.19737290179717,35.74654461751888],[129.19757598275748,35.74659002588072],[129.19795391775418,35.7467157576265],[129.19798248102484,35.74671845082158],[129.19800124700484,35.74670682989775],[129.19823191117575,35.74667083487925],[129.19832955079363,35.74663797725363],[129.19836484112218,35.74662485115894],[129.19842453556967,35.74673021049249]]],[[[129.19775170695473,35.75438297465932],[129.19774180624202,35.754389948571365],[129.19773181685326,35.754396832500895],[129.19772173881043,35.75440363546045],[129.1977115610129,35.754410339442835],[129.1977013055959,35.75441695342448],[129.1976909504463,35.7544234774415],[129.1976805065985,35.754429902463315],[129.1976699740746,35.754436237502446],[129.1976593639093,35.75444247352827],[129.19764866504607,35.754448610558605],[129.19763788856335,35.75445465758828],[129.1976270233826,35.754460605622484],[129.1976160805605,35.75446645464332],[129.197605060097,35.75447220465061],[129.1975939619922,35.75447785564447],[129.1964843771204,35.75501178377205],[129.19562069573774,35.75306161944607],[129.19561180425393,35.75305621719705],[129.19560296792227,35.75305076078238],[129.19559418674282,35.75304525020227],[129.19558546069356,35.75303967644404],[129.1955767787399,35.753034048538154],[129.19556815196032,35.75302837547943],[129.19555532761228,35.753019753045265],[129.19486034714527,35.75301855601125],[129.19488033841233,35.75269458243466],[129.19491914181668,35.752386530968614],[129.19493833211814,35.752234285562274],[129.1949439298855,35.752185373952166],[129.1949590968452,35.752065625591314],[129.19498100058428,35.75189252054615],[129.1949842555362,35.751871497822926],[129.19498722088503,35.75184959232621],[129.19499039742504,35.75181901632516],[129.1950116593389,35.751650301458106],[129.19502514315107,35.751543263616156],[129.19505139241716,35.75133392071696],[129.19506064150497,35.75125424305922],[129.19508555034483,35.751053022693625],[129.19511133502937,35.75085284637363],[129.19512458536468,35.7507499456871],[129.19514672601323,35.750579084342434],[129.1951771149065,35.75034453535758],[129.19517913823555,35.75032630852737],[129.1951908524432,35.750237442989885],[129.19521111099886,35.750083888932764],[129.19521617021798,35.75004554999569],[129.1953730557464,35.75006371007712],[129.1965748694081,35.750197948154245],[129.19672354813534,35.750214560594344],[129.19683163996342,35.75022664231542],[129.1968590873061,35.75022913930773],[129.196968970211,35.750241199971164],[129.1970488609353,35.750249965603544],[129.19708314656066,35.7502547496526],[129.19725055988937,35.75026000208064],[129.19747107584163,35.750233740673785],[129.19757541703206,35.75020864165613],[129.19793709136792,35.75012162929301],[129.19809399493263,35.750083880346764],[129.19854371062587,35.74997566869284],[129.19883161189153,35.7499045556104],[129.1990652117182,35.749849438359576],[129.19911292232567,35.7498375444084],[129.19927902790363,35.74979714710591],[129.19948649266416,35.74974730835376],[129.19964264095861,35.74970875650511],[129.19984455085864,35.74966164810492],[129.1999076365175,35.74964828646198],[129.20014655415847,35.74958482164126],[129.2004366490062,35.74950777077297],[129.2005409235288,35.74950105509419],[129.2005888929841,35.74951335908756],[129.2006034521053,35.74951270410467],[129.20061802268623,35.749512211328764],[129.20063260472708,35.74951188075971],[129.20064718714943,35.74951170340333],[129.20066176997594,35.749511688272165],[129.20067635320677,35.749511835366185],[129.20069093684182,35.74951214468548],[129.20070550982527,35.74951261624823],[129.20072007213486,35.74951324104193],[129.20073462379304,35.749514028079126],[129.20074916479996,35.749514977359965],[129.20076368409963,35.749516088902496],[129.20077818169227,35.749517362706975],[129.20079265755533,35.74951878976072],[129.20080711171167,35.74952037907636],[129.20082154413862,35.749522121641206],[129.2008359327469,35.74952402650467],[129.2008502996486,35.74952609362995],[129.20086462270922,35.74952831404119],[129.2008789130075,35.749530696732734],[129.20089315946498,35.749533232710206],[129.20090737313762,35.7495359219554],[129.20092153193627,35.74953877351748],[129.20093563583822,35.74954177838385],[129.2009496958998,35.74954493653641],[129.2009637010875,35.74954825700584],[129.20097765135645,35.749551721767126],[129.2009915467516,35.74955534884537],[129.2010053761721,35.74955912023389],[129.20101913964055,35.74956304494518],[129.20103283715721,35.74956712297925],[129.20104646872184,35.74957135433623],[129.20106003431212,35.74957573000345],[129.20107351183873,35.74958025903019],[129.20108692339116,35.74958493236724],[129.20110025791345,35.749589750032996],[129.2011135043722,35.74959472105846],[129.20112667380099,35.74959983641253],[129.20113975514383,35.7496050961138],[129.2011527484009,35.749610500162184],[129.20116564249355,35.7496160395634],[129.20117844852308,35.749621732324435],[129.20119116642195,35.74962755140751],[129.2012037852016,35.74963352386877],[129.20121629373858,35.74963962268881],[129.2013832477864,35.74972247803385],[129.20152785222783,35.74979422166876],[129.20163243198456,35.74985631609394],[129.2017801855292,35.74997125179849],[129.20195347400698,35.750137084245466],[129.20205708275577,35.75023488801869],[129.20211341454234,35.75031015782871],[129.20216420582855,35.751582721663645],[129.20223340866153,35.75282919893119],[129.20215153828818,35.7528214674938],[129.2018770415062,35.75279576137957],[129.20160250967535,35.75276923454653],[129.20132442903147,35.75274275804533],[129.20105472015203,35.75271702407435],[129.2008588527242,35.752698278111616],[129.20049222509857,35.75266433973998],[129.20049184488667,35.752689260325795],[129.20042775670248,35.753229178537396],[129.20042084520227,35.753282013060925],[129.20040618462517,35.75341099919418],[129.2004074223828,35.753450751908936],[129.20030315554925,35.75419604437348],[129.20002556071915,35.75417112326716],[129.1997495058322,35.754147370625056],[129.1994791375495,35.754120498628346],[129.1992011189323,35.75409389996486],[129.19892641035725,35.75406889046306],[129.19865712118823,35.75404448431018],[129.19837985869967,35.754019405644634],[129.19827544898985,35.75400960851743],[129.19775170695473,35.75438297465932]]]]}},{"type":"Feature","properties":{"godo_no":"3","godo_nm":"도심7.5m지구","h_max":7.5,"kind":"최고","conf":"label","area_m2":14988,"gosi_last":"경북고시 2020-479 (고도지구 정비)","src":"V-World LT_C_UQ123 + 경북고시 2020-479 조서·도면","h_cls":"7.5m","lbl":"도심7.5m지구\n7.5m 이하"},"geometry":{"type":"MultiPolygon","coordinates":[[[[129.20296439568818,35.844931267337614],[129.2029613273495,35.84494791857504],[129.2029545792046,35.844984547688355],[129.20293965943733,35.8451252308325],[129.202934944891,35.84524816927143],[129.2029403435754,35.84537824668072],[129.20294105779027,35.84542867944602],[129.20295077362763,35.84547563631885],[129.20293744270407,35.84553553773203],[129.20295694049292,35.845563669112586],[129.202966713959,35.845589635769315],[129.20297250696441,35.84560862441036],[129.20298416836695,35.8457026593264],[129.20298561593356,35.845710416663145],[129.20298618042725,35.84582855158899],[129.20298511430002,35.84586218803264],[129.20298100019673,35.845986179914014],[129.2029809962857,35.846107163737926],[129.20298143987316,35.846173125490004],[129.2029815318554,35.846187608425026],[129.2029817463025,35.84621987281919],[129.2029735490535,35.84627005915723],[129.20297105285408,35.846285357556766],[129.20292371417975,35.84631368209936],[129.20284524915957,35.8463379851347],[129.20280554023728,35.84634121505541],[129.2027151837624,35.846351253113674],[129.20263914393365,35.84634968607565],[129.2024867952199,35.846353978606146],[129.20236643526493,35.84635314343415],[129.20221737858475,35.84633723310512],[129.20206103220872,35.84629692890604],[129.20194179530725,35.84625847325435],[129.20175582958927,35.84622780736479],[129.20175277435663,35.8462189711929],[129.20173810941637,35.846184549852545],[129.20163479082956,35.8458950601858],[129.20170517072987,35.845895420603036],[129.20177028156897,35.84589576272373],[129.20177052177618,35.8459428706696],[129.20184732459992,35.8459442837733],[129.20186060844244,35.845944522986],[129.20187945301163,35.845941913986096],[129.20189336760978,35.8459332748292],[129.2019372222915,35.84590602898992],[129.2019615701371,35.84589534460794],[129.20200533434078,35.84587614705868],[129.20204131876196,35.84587093185573],[129.20202604722718,35.84581543131929],[129.2021064830089,35.84580897929307],[129.20225502487705,35.84579670852967],[129.2022513385689,35.84571756689731],[129.2022617851657,35.845698866526966],[129.20226315788324,35.845646213196744],[129.20225424320444,35.84561832538498],[129.20225269613283,35.845474434360064],[129.2022425471173,35.84537841409088],[129.2022405381884,35.84535870710422],[129.20223841379018,35.845341496773564],[129.20222911539292,35.84526674458619],[129.20222646970532,35.84523594427191],[129.20197904026287,35.84524110693975],[129.20169445246538,35.84524675460067],[129.20169556141502,35.845296006080154],[129.20148878707468,35.84529150168147],[129.20141357851563,35.84528995050763],[129.2012902356928,35.8449686346125],[129.20136925440326,35.84496682687524],[129.20185848625164,35.84495562068807],[129.2019011243158,35.844955378346334],[129.20195777585238,35.84495506754951],[129.20220378027594,35.84495141239481],[129.20223400828345,35.84495059583786],[129.20232365268126,35.84495288843563],[129.20238742194803,35.844952664677685],[129.20248228316137,35.84495183912176],[129.20257720380295,35.84494824655303],[129.20260547544953,35.84494857776435],[129.20276746655534,35.84493702288351],[129.20296439568818,35.844931267337614]]]]}},{"type":"Feature","properties":{"godo_no":"?","godo_nm":"고도지구(높이 미확인)","h_max":null,"kind":"최고","conf":"none","area_m2":166641,"gosi_last":"미기재","src":"V-World LT_C_UQ123 + 경북고시 2020-479 조서·도면","h_cls":"미확인","lbl":"고도지구(높이 미확인)"},"geometry":{"type":"MultiPolygon","coordinates":[[[[129.20518366433618,35.87227185580172],[129.20516659051734,35.8722721641377],[129.20514953946704,35.872272715769284],[129.20513248899312,35.87227349270879],[129.20511546128733,35.87227451294389],[129.2050984563268,35.87227576746198],[129.2050713306388,35.87227703011716],[129.20504421650708,35.87227848200838],[129.2050171249583,35.87228010509195],[129.20499004494212,35.87228190839912],[129.2049629875547,35.87228390092348],[129.2049359416766,35.87228606465913],[129.20490892949974,35.87228841759327],[129.20488193990482,35.87229094171985],[129.20485497293785,35.87229365506379],[129.2048280396255,35.87229653958148],[129.20480112891767,35.872299604304075],[129.20477425188705,35.8723028492128],[129.20474740853356,35.87230627430789],[129.20472059885697,35.872309879589224],[129.2046938339072,35.87231365602564],[129.20466710265697,35.87231762166071],[129.20464041613312,35.87232175845102],[129.2046137632856,35.87232607542775],[129.204587166237,35.872330563540984],[129.20456060288745,35.872335240853076],[129.20453409531348,35.87234008028921],[129.2045076325111,35.872345108905606],[129.20448122550718,35.87235030865868],[129.2044548743012,35.87235567954835],[129.20442857891646,35.87236123058726],[129.2044023282796,35.872366961793986],[129.20437614449045,35.87237285510639],[129.20435002761786,35.87237893756172],[129.20432395544674,35.87238518216033],[129.2042979612418,35.872391606870764],[129.20427202283392,35.8723982027182],[129.20424616236906,35.87240496966523],[129.20422036877395,35.87241190773064],[129.2041946420485,35.872419016914336],[129.2041689821926,35.872426297216606],[129.2041434002791,35.872433748618555],[129.20411789633073,35.87244138013284],[129.20409247027845,35.872449164722184],[129.2040671221912,35.872457129423864],[129.20404185204572,35.87246526522555],[129.20401667089195,35.87247356309617],[129.2039915787298,35.87248202303577],[129.2039665645321,35.87249066308797],[129.20394162822956,35.87249945621553],[129.20391287578985,35.87250985097398],[129.20389724438476,35.87251568133783],[129.20388173530768,35.872521718780185],[129.20386633743965,35.87252794529483],[129.20385106185364,35.872534360863106],[129.20383591964563,35.87254097447907],[129.2038211428906,35.872547605502476],[129.20380292647934,35.87255583752259],[129.2037847545169,35.87256413255227],[129.2037666159071,35.872572481597835],[129.20374852176897,35.872580902665504],[129.20373047203358,35.87258936871794],[129.20371245569652,35.87259790681117],[129.20369449485824,35.872606498882966],[129.20367656737244,35.87261514497079],[129.20365868433518,35.872623854068244],[129.20364084574646,35.87263262617557],[129.20362305158324,35.87264145228017],[129.2036053018683,35.87265034139461],[129.20358759657898,35.87265928450645],[129.2035699357152,35.87266828161579],[129.20355231929955,35.872677341734864],[129.20353474733236,35.872686464863826],[129.20351721979046,35.87269564199028],[129.2034997477471,35.872704873095635],[129.20348230907885,35.87271416722955],[129.203464925909,35.87272351534232],[129.20344758716445,35.872732917452765],[129.20343029286806,35.87274238257314],[129.20322377822723,35.87285537630488],[129.20320960227775,35.87286317786387],[129.2031953263939,35.87287087143937],[129.2031809727216,35.872878456994236],[129.20316653018796,35.872885934547064],[129.20315199877018,35.87289329508535],[129.2031373895642,35.87290054760294],[129.20312269149693,35.87290769211836],[129.2031079156188,35.872914719600615],[129.2030930619295,35.87292163004967],[129.2030781193793,35.872928432496366],[129.20305933835095,35.872936773500484],[129.20267785960615,35.87324826177771],[129.20215366859748,35.87363527739811],[129.20202654819613,35.87334972259578],[129.2018909114564,35.872944649584305],[129.2018852665163,35.87292799496111],[129.20187988717348,35.87291127680734],[129.2018747734503,35.872894504135466],[129.2018699253695,35.87287768595782],[129.201865342908,35.872860813262164],[129.20186102608855,35.87284389506087],[129.20185697491087,35.872826931354055],[129.20185320047062,35.872809931135514],[129.20184969167184,35.87279288541149],[129.20184644855962,35.87277581220686],[129.2018427848772,35.8727544227346],[129.20181403963906,35.87260507110285],[129.2017241932063,35.87199356313488],[129.20183990180539,35.871987521124126],[129.20197198517727,35.871980622528746],[129.2022646278335,35.87196534433164],[129.2028687122454,35.87193380797835],[129.20315416912777,35.871918900159024],[129.20335290277868,35.87190852649084],[129.20372519329126,35.87188908230039],[129.20393743403798,35.87187800899091],[129.2039652899406,35.871876556099316],[129.2041180102013,35.8718685749145],[129.20412072272342,35.87186843515211],[129.2042597346588,35.87180832179098],[129.20432787092915,35.871779610219654],[129.2043371178671,35.871775665172265],[129.20442171174457,35.871739544549946],[129.20469921580428,35.87166769674592],[129.2047591336606,35.87163819672251],[129.20513095958577,35.87145513672068],[129.2056168193671,35.871218672270324],[129.2058309485601,35.87111157362941],[129.20597340481822,35.87103980832074],[129.2060337174068,35.87100916240517],[129.20619231692706,35.87092856417188],[129.20655471056298,35.87074445235371],[129.20690696507674,35.87056665648915],[129.20703810632065,35.870500460939645],[129.20751792393995,35.870949883634914],[129.20793163210416,35.8713657113896],[129.20834979620352,35.87189240131139],[129.2088410255213,35.872644212047895],[129.20884991783146,35.872657201678685],[129.2088573832499,35.87267077958173],[129.20886335503255,35.87268482871067],[129.2088678107744,35.872699249967255],[129.20887069482757,35.87271393529828],[129.20887200688583,35.872728767542334],[129.20887171342392,35.87274362959541],[129.20886982525565,35.87275842230182],[129.20886636419752,35.8727730194492],[129.20886135213618,35.87278732186282],[129.20885482198494,35.87280121232354],[129.2088468288265,35.87281458258659],[129.20883743884025,35.87282733340031],[129.20882671822918,35.872839374525654],[129.20881474422274,35.87285059767932],[129.20880160524098,35.87286093962131],[129.20878741175602,35.87287030102329],[129.20877227435776,35.87287862761952],[129.208756303566,35.87288583810669],[129.20873961001774,35.872891896243935],[129.2087223374993,35.87289673869546],[129.2086956308922,35.87290166050479],[129.20841719167916,35.87294202960277],[129.2083855642358,35.872945283502006],[129.20835391433926,35.87294842026964],[129.20832226411213,35.8729514308551],[129.20829058038234,35.87295433334032],[129.20825888527264,35.87295711867479],[129.20822717878326,35.87295978685857],[129.20819546091434,35.87296233789155],[129.20816372056947,35.87296476278035],[129.20813196886868,35.87296707953084],[129.2081002057889,35.87296927913051],[129.2080684313065,35.872971352566985],[129.20803664546878,35.872973317865046],[129.20800484822885,35.87297515699986],[129.20797303963374,35.872976887996295],[129.20794123070982,35.87297849281034],[129.2079093993346,35.87297998049267],[129.20787756765424,35.87298135100508],[129.20784573566894,35.872982604347584],[129.2078138812326,35.87298374055832],[129.20778202649163,35.87298475959911],[129.20775017144607,35.87298566146994],[129.20771831609616,35.87298644617094],[129.20768644936896,35.872987113721],[129.20765457124114,35.87298765510781],[129.2076227039059,35.87298808831804],[129.2075908251703,35.87298839536499],[129.2075589461545,35.87298859425446],[129.2075270778848,35.87298866694256],[129.20749519823863,35.87298862247977],[129.20746331828906,35.87298846084699],[129.20743144910963,35.87298818202537],[129.20739956855405,35.872987786052846],[129.20736769876873,35.87298727289137],[129.20733582865745,35.87298663354753],[129.2073039693399,35.872985886027344],[129.20727210969676,35.87298501232472],[129.20724024977457,35.87298403046467],[129.20720841167315,35.872982922384374],[129.20717656219662,35.872981697153],[129.20714473458776,35.87298036372635],[129.20711290665383,35.87297890411743],[129.2070810894914,35.872977327319575],[129.20704927202763,35.872975633351814],[129.20701747640865,35.87297382217629],[129.20698569156153,35.87297189381193],[129.20578325060967,35.87242006595748],[129.20567867378585,35.87237144128169],[129.20564878830413,35.87235874845606],[129.20563148560953,35.87235185629075],[129.20561401751675,35.8723452347778],[129.2055964061714,35.872338883879515],[129.20557865157343,35.87233280359586],[129.20556075374577,35.8723270029392],[129.20554272373812,35.87232147287816],[129.20552457266973,35.87231623141882],[129.20550630049394,35.872311260536286],[129.20548790725687,35.87230657825525],[129.20547046766143,35.87230242608739],[129.20545399271097,35.872298776976905],[129.20543745190145,35.872295353287505],[129.20542083415984,35.872292155037954],[129.20540415058215,35.87228919122179],[129.2053874122181,35.87228645280793],[129.20537061909064,35.87228394880864],[129.20535377119953,35.87228167922384],[129.2053368796177,35.87227964403492],[129.20531995539486,35.87227783421046],[129.20530298750407,35.8722762677942],[129.205285998045,35.872274926723684],[129.20526897599078,35.872273829042506],[129.20525193239095,35.872272965719446],[129.20523487829533,35.872272327723316],[129.20521781374993,35.8722719330789],[129.20520073873158,35.872271772773864],[129.20518366433618,35.87227185580172]]],[[[129.20276419111374,35.86424833065262],[129.20289329238332,35.86454262390642],[129.20302445350967,35.864841095337646],[129.20319052733706,35.865214473744174],[129.20328447186498,35.86542777638544],[129.20334622815773,35.865574747165866],[129.2034049160845,35.86571235009725],[129.20343370006398,35.86577642545088],[129.20351379441848,35.865954737721125],[129.20365609185555,35.86627661306876],[129.20370646573338,35.8663924737221],[129.20381808494218,35.86664085873135],[129.20377225217982,35.86665641933583],[129.2021665121493,35.867201554856315],[129.20207850527223,35.867226305874745],[129.20160732673284,35.867390956393464],[129.2016007312189,35.86736596679001],[129.20157707691953,35.86727637718086],[129.20156651554186,35.86724178688769],[129.20155767384244,35.86720857263738],[129.20151457230062,35.86704675341578],[129.20147683096602,35.86691619852221],[129.20143746461196,35.866773407383796],[129.2013917071367,35.86660754592665],[129.20136954919013,35.86652722760698],[129.20134353640537,35.8664329824151],[129.20131699851729,35.86633683645798],[129.2012329565002,35.86622934928988],[129.20120944209881,35.866195213092865],[129.20114728907737,35.86610499341565],[129.2010299400543,35.865934699460496],[129.20102568398653,35.86592854199898],[129.2009467412742,35.865814331861],[129.20088514696798,35.86572591360824],[129.20087215484182,35.865706423169186],[129.20077585615397,35.86556752951845],[129.20067412414005,35.86542087604397],[129.20065028858838,35.86538652396535],[129.20060969330322,35.86524728546723],[129.2005626546069,35.865086058182676],[129.20052863292696,35.86500299251427],[129.2005273342674,35.86488657153742],[129.20052447040848,35.86486594673072],[129.20051033205098,35.86476432747843],[129.20050268137194,35.864702352359515],[129.20049308098393,35.86463109762124],[129.20049068847263,35.86461299552469],[129.20046905691322,35.86443704477758],[129.20045627795596,35.86428123125285],[129.20043682579396,35.86402033430819],[129.20038355116202,35.86382222918543],[129.20041756763146,35.86383701641169],[129.20054252497422,35.86389473261716],[129.20074880318276,35.86393387432032],[129.20104349756537,35.863989082282075],[129.20111013936346,35.86399356793227],[129.2012468319478,35.863980011280105],[129.2013098141777,35.86396452224836],[129.20140866817604,35.86393538268474],[129.2016448110873,35.8638657646804],[129.20206890245274,35.863740703261946],[129.20226599214953,35.86368357743384],[129.20240845988522,35.86364226941157],[129.20248607194662,35.863619770627665],[129.20276419111374,35.86424833065262]]]]}},{"type":"Feature","properties":{"godo_no":"4","godo_nm":"구정12m지구","h_max":12,"kind":"최고","conf":"approx","area_m2":81545,"gosi_last":"경북고시 2020-479 (고도지구 정비)","src":"V-World LT_C_UQ123 + 경북고시 2020-479 조서·도면","h_cls":"12m","lbl":"구정12m지구\n12m 이하"},"geometry":{"type":"MultiPolygon","coordinates":[[[[129.30073513115045,35.779783045005274],[129.3008494089476,35.77985496937834],[129.30086157182575,35.7798422854383],[129.30129058864074,35.78012611333058],[129.301448753216,35.780233058744486],[129.301461299817,35.78024009331097],[129.30169357159042,35.780383174216695],[129.30172226294252,35.78040110972251],[129.30195558712273,35.78055908528121],[129.30218386239528,35.78071244054015],[129.30219234183775,35.78072024225557],[129.3022223687527,35.78073739020669],[129.3023807457021,35.780829598282125],[129.30288212614755,35.78108895946031],[129.30313691637423,35.78123352225827],[129.30361545994012,35.78146600805193],[129.30362107415698,35.781467751399425],[129.303636178229,35.78147242702863],[129.30366286106852,35.781485482296205],[129.30378652407677,35.78154596132846],[129.3039372401067,35.781620792318726],[129.30395378120852,35.78161063860529],[129.3039808024749,35.781569941944205],[129.30400601271467,35.78158839937266],[129.30428427380795,35.78180217133413],[129.30429364833347,35.78184758913801],[129.30430453245864,35.78192650288442],[129.30430752168198,35.78195351505991],[129.30431127313727,35.78199194424924],[129.30431645409377,35.782109824706104],[129.30431216736872,35.782227729001846],[129.3042984220325,35.78234514339608],[129.3042875042164,35.782406104908674],[129.30428325980742,35.78242726810993],[129.30428007614563,35.782442318114065],[129.30427692521977,35.782457250872255],[129.30427019338245,35.7825049803947],[129.30424705382472,35.782621418034765],[129.30421461770328,35.78273637397153],[129.3041730268867,35.78284935214907],[129.30414985823384,35.782902737866536],[129.30414128019444,35.78292155968621],[129.30411387844438,35.782978696268245],[129.3040545478226,35.783086284460225],[129.30399373915097,35.783180393528575],[129.30396519536907,35.783222247622085],[129.3039638971913,35.78322408945247],[129.30395130041228,35.78324194800801],[129.30375518903423,35.78352370551264],[129.30375015048367,35.78353090119853],[129.3036740899461,35.78363125809818],[129.3035901378358,35.783727344789085],[129.30349864654323,35.78381875480418],[129.30340001274124,35.78390509057727],[129.30329466642766,35.783985990508974],[129.30318304870104,35.78406110198486],[129.30310247302685,35.78410845789061],[129.3026905674096,35.784330523662234],[129.30271475878996,35.7843133121406],[129.3029277926536,35.78416178166885],[129.30295481062964,35.78414035414159],[129.3029720755405,35.784125458138135],[129.30298870821764,35.78411009506343],[129.3030046976687,35.784094282970656],[129.30302002184035,35.78407803994028],[129.30303465871393,35.784061393065656],[129.30304860828932,35.78404434234693],[129.3033937636216,35.783653583368334],[129.30339191789636,35.78358667865554],[129.30312589023623,35.783324251179785],[129.30305110774904,35.78330923452343],[129.30302171191786,35.78331598655363],[129.30299223767088,35.783322477408625],[129.30296266292126,35.783328716156205],[129.30293302081697,35.78333469370079],[129.30290330033165,35.7833404190824],[129.30287350139753,35.783345874276094],[129.30284363514357,35.78335107727898],[129.3028137015019,35.78335601006611],[129.30278370054094,35.78336069066245],[129.30275364325342,35.78336510101509],[129.30272352970772,35.78336925914913],[129.30269337089652,35.783373147011766],[129.30266315579374,35.78337677364323],[129.30263289542623,35.78338013000317],[129.30260258982807,35.78338322510413],[129.30257225006036,35.78338605891832],[129.30254186502864,35.783388622461025],[129.3025114568884,35.783390924689215],[129.3024810145455,35.78339295661804],[129.3024505490947,35.783394727232405],[129.30242007156278,35.78339622749212],[129.30237430915253,35.78339798229087],[129.30218998316678,35.783395036596325],[129.3009354275988,35.783359683444445],[129.3009223664814,35.783245067004145],[129.30094216884254,35.78324313406632],[129.30096193717586,35.783240975895524],[129.30098167148157,35.78323859249192],[129.30100134963797,35.78323598391058],[129.3010209937662,35.78323315009637],[129.30104058174507,35.78323009110449],[129.30106012463486,35.783226806907294],[129.30107960034815,35.783223306572545],[129.30109900885108,35.78321958108773],[129.30111836120398,35.78321563042524],[129.30113764638,35.7832114636253],[129.30115685328445,35.783207071702954],[129.30117597089077,35.783202463698274],[129.3011950213198,35.783197639556136],[129.30121398245015,35.78319259933191],[129.30123286534243,35.78318734299775],[129.30125163681467,35.78318187063664],[129.30127033004868,35.78317618216588],[129.30128891189622,35.78317028668061],[129.30130739338423,35.78316417514092],[129.30132577451218,35.783157847546796],[129.30134403322685,35.78315132197855],[129.30136219158138,35.78314458035599],[129.3013802164281,35.78313763177426],[129.30139812992164,35.783130485191094],[129.3014159209675,35.78312313162124],[129.30143357850508,35.78311557109275],[129.30145111362867,35.78310781259018],[129.30146850421735,35.78309985616897],[129.30148575027067,35.78309170182921],[129.30150286284925,35.78308334954333],[129.30151983092634,35.783074808351515],[129.30153665446807,35.78306606924123],[129.30155332244772,35.78305714125271],[129.30156982377065,35.78304801540103],[129.30158618062572,35.78303870965616],[129.30160237085795,35.783029215060765],[129.30161839450116,35.783019540627535],[129.30163425155527,35.783009686356415],[129.3016499419864,35.782999643235016],[129.3016654548017,35.782989429316004],[129.3016807899675,35.78297903558693],[129.30169594748332,35.782968462047926],[129.30171091635685,35.7829577267515],[129.30172569655397,35.78294682068546],[129.30183139476836,35.782853555981546],[129.30186884167952,35.78282008888393],[129.3024117414687,35.782136858121326],[129.3022915515909,35.78207344891884],[129.302027675836,35.78193377385073],[129.3015898724277,35.78170203628698],[129.30122967060848,35.78151136329585],[129.3011721204587,35.781516490682],[129.3009835653927,35.781750160856845],[129.29968817359088,35.781118092421394],[129.30053175451718,35.77998619876794],[129.30065214712786,35.77985990346384],[129.30073513115045,35.779783045005274]]]]}},{"type":"Feature","properties":{"godo_no":"-","godo_nm":"최저고도지구","h_max":null,"kind":"최저","conf":"label","area_m2":12076,"gosi_last":"미기재","src":"V-World LT_C_UQ123 + 경북고시 2020-479 조서·도면","h_cls":"최저고도","lbl":"최저고도지구"},"geometry":{"type":"MultiPolygon","coordinates":[[[[129.2013692543964,35.84496682687542],[129.20185848624482,35.84495562068828],[129.2019011243089,35.84495537834657],[129.20195777584553,35.844955067549776],[129.2022037802691,35.84495141239503],[129.20223400827658,35.844950595838135],[129.2023236526745,35.84495288843589],[129.20238742194124,35.84495266467792],[129.20248228315447,35.84495183912196],[129.202577203796,35.84494824655327],[129.20260206602072,35.84494853840831],[129.20260600667234,35.84494854082551],[129.20276746654852,35.84493702288372],[129.20295559629915,35.84493152542854],[129.2029643956814,35.84493126733784],[129.20300276482035,35.84492815677425],[129.20314210371674,35.84492357900059],[129.20351088058075,35.844912703353],[129.20355187934723,35.84491205761901],[129.2036672345976,35.84491755047917],[129.20367955390537,35.84491725937633],[129.20374768731483,35.844913819102395],[129.20409911733856,35.844902457133635],[129.2042321273977,35.8448990063174],[129.20424871937854,35.84489869893479],[129.20472310171226,35.844885595491796],[129.20482462143877,35.84488279209989],[129.20503284305263,35.844873553255105],[129.20532721823773,35.84486073417417],[129.205738566401,35.8448454264313],[129.20587508746038,35.84484715903065],[129.20598135808842,35.84484093985504],[129.20623348906946,35.84484386317805],[129.20632375208464,35.844841366099196],[129.2066309451588,35.84483287501392],[129.20663766340596,35.84484977099935],[129.20665840330975,35.84488267628653],[129.20668306539648,35.84490411096956],[129.20673661368636,35.844940988803806],[129.2067568952793,35.844954950576465],[129.2067844229431,35.84496725067855],[129.2068194589717,35.84498517075872],[129.20687847613434,35.84500079671646],[129.20687720254128,35.845198037500445],[129.20687558367837,35.84531288657793],[129.2068695232266,35.845533982611904],[129.20686765418756,35.84567631122652],[129.20686653577252,35.845779190838016],[129.20686495110218,35.84595883071399],[129.20686343343314,35.846065712553234],[129.20686314612098,35.84608737008319],[129.20686197329172,35.84617344146731],[129.2068579580988,35.84647085182362],[129.20685487023522,35.84674153851904],[129.20685251402998,35.84706846194621],[129.20685172897961,35.84716755571438],[129.2068517562195,35.84740567489714],[129.20683262003575,35.84739829031377],[129.20682745645854,35.8473962893504],[129.20676329267974,35.84739881432839],[129.20666275795924,35.84740276226713],[129.2067125846687,35.84509654958161],[129.20656961018793,35.844996078961934],[129.20264161963962,35.84507695444503],[129.20141640976766,35.845094906223196],[129.2013692543964,35.84496682687542]]]]}},{"type":"Feature","properties":{"godo_no":"4","godo_nm":"구정12m지구","h_max":12,"kind":"최고","conf":"approx","area_m2":20429,"gosi_last":"경북고시 2020-479 (고도지구 정비)","src":"V-World LT_C_UQ123 + 경북고시 2020-479 조서·도면","h_cls":"12m","lbl":"구정12m지구\n12m 이하"},"geometry":{"type":"MultiPolygon","coordinates":[[[[129.29816095634428,35.77573734721276],[129.2981909427376,35.77582470434191],[129.29819850090192,35.77584673949465],[129.29821070900428,35.77589688244468],[129.2982066485163,35.77591728794635],[129.29820041643407,35.77594854995968],[129.2982192541435,35.77598809577478],[129.29819531400727,35.776024890142935],[129.298172968589,35.776065240543694],[129.29816837373082,35.77614127304443],[129.298211208982,35.77620112810204],[129.29822967789377,35.77626641476945],[129.2981868046825,35.77630352622636],[129.2981506723276,35.7763123575704],[129.29819513330648,35.77640492430818],[129.29820059526048,35.776428325530645],[129.29821425930123,35.77648928899857],[129.29821529336033,35.77649374767721],[129.29822174752846,35.776510341947954],[129.29822623185817,35.77656828180901],[129.2982739391973,35.77673378836921],[129.29837052613635,35.77685933862455],[129.29844792750268,35.776929139261156],[129.29848311455638,35.77700805668956],[129.29848692698164,35.7771826570911],[129.29847534691575,35.77725093799129],[129.29847667097928,35.777327424525744],[129.2985214878547,35.777414321330696],[129.29853143328427,35.77742989754954],[129.2986037397844,35.77747970272497],[129.29876966826995,35.77766030140881],[129.29879796091026,35.77770229319581],[129.29881981050002,35.777724788662],[129.2989575620054,35.777870469888896],[129.2989797686552,35.777893784587036],[129.29903840529087,35.77801172238933],[129.2991403163728,35.77815252613574],[129.2991738033768,35.778193396425976],[129.2992173665666,35.778181013447],[129.29926831116984,35.778249905672574],[129.29930209286042,35.778343075213755],[129.29931678090657,35.77838766914844],[129.2993408410147,35.778457123609535],[129.2993471957343,35.778494392923974],[129.29935663680808,35.77855851208871],[129.29939100748888,35.77863161813289],[129.29941130873175,35.778775561865714],[129.29939437543283,35.778864395770604],[129.2992113004812,35.77874919067672],[129.29907192992792,35.77865928363173],[129.29896933412266,35.77859311472915],[129.29892747953977,35.77857434590749],[129.2987268276826,35.77833031261878],[129.29866039552726,35.77825439257041],[129.29863340456998,35.778226385067754],[129.29858771653323,35.77817898360897],[129.298545470375,35.77813514261346],[129.2985371309767,35.77812022034944],[129.29852909083945,35.77811141688962],[129.2984959704498,35.778076836296165],[129.29846561474292,35.77804514190543],[129.29834645790447,35.77792092725647],[129.29832425555156,35.777898720978285],[129.2982540075251,35.77782849705709],[129.2982245562572,35.77779906253047],[129.2982097293901,35.777782398795964],[129.29818948831158,35.777761161012236],[129.29816190550272,35.777728558443066],[129.2980745699438,35.77764037843616],[129.29794175587423,35.7775043725448],[129.297867907338,35.77742637039445],[129.29785300483545,35.77741014841773],[129.29778981434387,35.77734602637046],[129.2977633508615,35.77731991902262],[129.2976799748314,35.77723153068965],[129.29764595566277,35.7771959606846],[129.29760021233506,35.77714824353552],[129.29746259081807,35.7770276784826],[129.29736477225546,35.776930574248205],[129.29735124123835,35.7769173049613],[129.2971818861046,35.77675086247182],[129.29717503731152,35.77674412888431],[129.29713776417316,35.77670779164967],[129.2970754521076,35.77664762358269],[129.29705508225325,35.77663027935611],[129.29699774709627,35.77657606534796],[129.29748371801807,35.77630039193754],[129.29780575937136,35.77610515234268],[129.29782823293812,35.77609034336416],[129.29784292670402,35.77608018602204],[129.297857365227,35.77606979497994],[129.29787155960014,35.776059179223076],[129.297885498797,35.77604834779143],[129.29789918278442,35.776037291672466],[129.29791260056967,35.7760260289185],[129.29792575211928,35.77601455051732],[129.2979386264407,35.77600287452101],[129.2979512124409,35.775990991944695],[129.2979635323059,35.77597892075876],[129.29797555282357,35.775966652032565],[129.29798728508723,35.775954194751506],[129.29799871810405,35.77594156696796],[129.29800985180734,35.77592875065701],[129.29802067520458,35.77591576387091],[129.29803118829574,35.77590260660991],[129.29804140220736,35.775889296871625],[129.2980512836941,35.775875816713075],[129.29806085497543,35.77586219311729],[129.29807009389907,35.775848417126355],[129.29807900049857,35.77583449775284],[129.29816095634428,35.77573734721276]]]]}},{"type":"Feature","properties":{"godo_no":"?","godo_nm":"고도지구(높이 미확인)","h_max":null,"kind":"최고","conf":"none","area_m2":137564,"gosi_last":"2006-0036","src":"V-World LT_C_UQ123 + 경북고시 2020-479 조서·도면","h_cls":"미확인","lbl":"고도지구(높이 미확인)"},"geometry":{"type":"MultiPolygon","coordinates":[[[[129.18200038245294,35.84512604712968],[129.18203308809672,35.84517311537626],[129.1820413728064,35.84518504449889],[129.1823574107215,35.84511161298411],[129.1823991972061,35.84518961640779],[129.18078512265396,35.84607061970567],[129.18077514966112,35.84607577171392],[129.1807738869498,35.846080333925265],[129.18077006787266,35.846090109178625],[129.18076522970392,35.846099570514646],[129.18075939443997,35.84610865481272],[129.18075260619577,35.84611728990708],[129.1807449091065,35.84612541264394],[129.18073639158507,35.846132959803924],[129.18072708669743,35.84613986824994],[129.1807170718278,35.84614609280375],[129.1807076185944,35.846151027730954],[129.1806200228,35.846198636220365],[129.18060997251774,35.846203887467496],[129.18059971126755,35.84620885062819],[129.1805892390495,35.84621352570223],[129.18057857796202,35.846217894631735],[129.18056772800512,35.8462219574166],[129.18055671131768,35.8462257140237],[129.18054553894885,35.846229155424226],[129.1805342330173,35.84623227257252],[129.18052279354328,35.84623507448097],[129.18051124262536,35.846237543091796],[129.17878733764522,35.84662591537382],[129.17854374019896,35.84660475269388],[129.1779646582623,35.846572483604604],[129.17774178814884,35.84656355487425],[129.17765821994413,35.846556350256506],[129.17755092559702,35.84655721048832],[129.17751373347608,35.84655777868945],[129.17743546215408,35.84655313472111],[129.17740759465914,35.84653051808607],[129.17740665995555,35.84644310717083],[129.17740528191595,35.84636546645865],[129.1774028176813,35.84622704700117],[129.1773925279967,35.8461189750893],[129.1773996606476,35.845990446320464],[129.17724473976054,35.846013294404415],[129.17674590753342,35.84609306266019],[129.17671149372697,35.84609852035117],[129.17613309497236,35.84618903681879],[129.1754667230128,35.846293286791266],[129.17500854796359,35.8462879109131],[129.17500043492856,35.8462883011537],[129.17487196547756,35.84629441682099],[129.17473705533405,35.846306417790906],[129.17467627669518,35.84631314762198],[129.1746339463312,35.846317832039944],[129.17454327635772,35.84632787641094],[129.17452449761757,35.84627462152185],[129.1745035914969,35.8462153132887],[129.17439417195425,35.84590497193445],[129.17426566294242,35.84554045669794],[129.17418939125298,35.845324130989724],[129.17418186211228,35.8453027731564],[129.17418228256795,35.84530269143962],[129.17428761812715,35.84527729597751],[129.17564277942745,35.844950348563955],[129.17582189646907,35.84490745967565],[129.17886053529176,35.84417299971598],[129.17906209757786,35.84412042948103],[129.17918953559817,35.844085362686656],[129.1793782537,35.84403118866305],[129.17947216747538,35.844003020698715],[129.1795969404912,35.84396435241603],[129.179679788884,35.84393791306637],[129.17999934105862,35.84383352456369],[129.18084572439454,35.843557022241946],[129.18092624822793,35.843530927977184],[129.18095733716137,35.843597943626584],[129.18137313989618,35.84444333503162],[129.18141420943175,35.8444299350337],[129.18145468693575,35.84451215860981],[129.18156733435615,35.84474072727577],[129.18161014709779,35.84482754367358],[129.18170155576135,35.84501306425458],[129.1817402542206,35.845091505140985],[129.18179928388503,35.8452174745023],[129.18182795933006,35.8452054718749],[129.1818335103096,35.84520291300475],[129.1819845256919,35.845133353053726],[129.18200038245294,35.84512604712968]]]]}},{"type":"Feature","properties":{"godo_no":"?","godo_nm":"고도지구(높이 미확인)","h_max":null,"kind":"최고","conf":"none","area_m2":76871,"gosi_last":"2002-0006","src":"V-World LT_C_UQ123 + 경북고시 2020-479 조서·도면","h_cls":"미확인","lbl":"고도지구(높이 미확인)"},"geometry":{"type":"MultiPolygon","coordinates":[[[[129.17878733764522,35.84662591537382],[129.17873770224335,35.846645852160044],[129.17845751841628,35.8468182146966],[129.17845366046177,35.84682059967942],[129.17844927199408,35.84682335495615],[129.1784449056849,35.84682611921251],[129.17844056157452,35.846828910473526],[129.1784362396627,35.84683172873926],[129.1784319399296,35.84683456499715],[129.17842765130567,35.84683741926356],[129.17842339594995,35.8468403005183],[129.17841916277277,35.84684319976537],[129.1784149517943,35.84684612601694],[129.1784107629945,35.8468490702608],[129.17840659637332,35.846852032496905],[129.1784024519508,35.84685502173762],[129.1783983297069,35.84685802897057],[129.17839422964175,35.84686105419572],[129.17839015175517,35.84686409741312],[129.1783860960673,35.84686716763514],[129.17838207364753,35.846870264845634],[129.17837806231688,35.84687337105213],[129.17837408425444,35.8468765042471],[129.17837012837057,35.8468796554342],[129.1783661946654,35.84688282461364],[129.1783622942284,35.84688602078137],[129.17835840488056,35.84688922594527],[129.17835454880077,35.846892458097514],[129.17835071489966,35.84689570824206],[129.17834690317713,35.846898976378746],[129.17834312472274,35.846902271503964],[129.17833936842712,35.8469055756089],[129.17833563433,35.84690890671851],[129.1783319223916,35.846912246807975],[129.1783282437213,35.846915613885834],[129.1783245872296,35.84691899895596],[129.17832096398618,35.846922402002114],[129.17831735185175,35.84692582305667],[129.17831378403508,35.846929262071036],[129.17831022732742,35.846932719093886],[129.17830670386806,35.84693619409275],[129.17830320258722,35.84693968708385],[129.17829973455454,35.846943198050994],[129.17829629977007,35.846946726994055],[129.1782928760747,35.846950264933206],[129.1782894856475,35.846953829860944],[129.17828612846841,35.84695741276446],[129.17828279344798,35.84696100464797],[129.17827949169575,35.84696462351984],[129.17827621210213,35.846968251371585],[129.17827296575663,35.84697189719927],[129.17826974158987,35.846975561019306],[129.17826653960165,35.846979242831566],[129.17826338193112,35.84698294260361],[129.17826024641937,35.846986651355444],[129.1782571330862,35.84699037809957],[129.17825405300115,35.84699412281973],[129.1782510061643,35.846997885515954],[129.17824798148607,35.84700165719184],[129.1782449900561,35.84700544684396],[129.17824202080476,35.84700925448832],[129.17823908480153,35.84701308010865],[129.17823618202667,35.84701691469256],[129.17823330143028,35.84702076726877],[129.17823045406206,35.84702462880851],[129.17822763994224,35.8470285083243],[129.17822485905043,35.84703239680377],[129.17822210033748,35.84703630327547],[129.17821937487244,35.847040227723134],[129.1782166715664,35.847044161150805],[129.1782140125778,35.84704811253813],[129.17821137574808,35.84705207290529],[129.1782087721665,35.84705605124859],[129.17820619074362,35.8470600385717],[129.1782036536385,35.84706404385465],[129.17820113869206,35.84706805811729],[129.17819865697382,35.84707208134371],[129.17819619743437,35.84707612256237],[129.17819378219258,35.847080172728354],[129.17819138912955,35.84708424088667],[129.17818902929477,35.84708831800858],[129.17818670268815,35.847092404094056],[129.17818440932984,35.84709650815566],[129.17818214919973,35.8471006211808],[129.17817991122837,35.84710474318588],[129.17817771755475,35.84710887413825],[129.17817554605992,35.84711302308292],[129.17815024998134,35.84716194409587],[129.17814501485321,35.84717227110911],[129.17813757831422,35.84718823417316],[129.1781308285218,35.847204394502256],[129.17812477650548,35.84722073405532],[129.17811676135,35.84724533194689],[129.17811235538863,35.847260182016555],[129.17810827056178,35.847275085688935],[129.1781044957999,35.84729004298049],[129.1781010532422,35.847305053858605],[129.17809793179956,35.84732010932715],[129.17809513147185,35.84733520938611],[129.17809265223946,35.84735034502312],[129.17809050517204,35.84736551622179],[129.1780886791804,35.84738071398609],[129.17808717426465,35.8473959383159],[129.1780860014744,35.84741118018258],[129.17808516079,35.84742643057354],[129.17808464116203,35.84744169851772],[129.17808445362024,35.8474569659738],[129.17808458709516,35.84747223295803],[129.17808505265677,35.84748749945414],[129.1780858392157,35.847502756465964],[129.17808695784154,35.84751800397727],[129.17808839744498,35.847533232991665],[129.1780901690758,35.84754843448059],[129.17809226166463,35.847563608460135],[129.1780946862612,35.84757874590173],[129.17809743181624,35.84759385583393],[129.1781004982898,35.84760892023181],[129.1781038856821,35.84762393909543],[129.17810760506302,35.847638912408414],[129.17811163425333,35.847653822178295],[129.1781159843431,35.84766867740129],[129.17812065531228,35.84768346906489],[129.17812563607166,35.84769818817294],[129.17813093769067,35.84771283470892],[129.17813654910017,35.847727408689195],[129.17814248134985,35.84774190108499],[129.17814871228072,35.847756302916316],[129.1782831222775,35.848136504933585],[129.17829538762172,35.84816648950612],[129.17830220229808,35.848184522507715],[129.1783086297598,35.84820265521628],[129.17831465891723,35.84822087863556],[129.17832030081956,35.84823918373691],[129.17832554437692,35.8482575615241],[129.17833040065858,35.84827601198111],[129.17833485855482,35.84829451709915],[129.17833891814539,35.848313112928274],[129.17834257930983,35.84833174539346],[129.1783458420679,35.84835042350753],[129.17834869536975,35.848369156299064],[129.17835115022456,35.8483879167145],[129.1783532066523,35.848406713766195],[129.17835341106988,35.84840903869076],[129.17835365067774,35.84841225580122],[129.17835391526674,35.84841675265008],[129.17835406917914,35.84842125867436],[129.17835414560363,35.84842576481273],[129.17835412240106,35.84843027109777],[129.17835399957144,35.84843477752936],[129.1783537881643,35.8484392750789],[129.17835348821953,35.84844378177125],[129.17835308860768,35.8484482705852],[129.17835258936861,35.84845275954588],[129.17835200155204,35.84845723962444],[129.17835132515788,35.84846171082084],[129.1783505491164,35.84846617315134],[129.17834968449742,35.848470626599806],[129.17834872021106,35.84847506216995],[129.17834767841677,35.84847948884158],[129.17834652588542,35.84848389765125],[129.1783452958262,35.84848828855],[129.1783439660995,35.84849266157042],[129.17834254777517,35.84849701669626],[129.17834104085307,35.84850135392741],[129.17833944533334,35.848505673263936],[129.1783377611958,35.848509965693395],[129.1783359773708,35.84851423123205],[129.17833411599773,35.84851846984725],[129.17833215495736,35.84852269058418],[129.17833011634863,35.84852687538518],[129.1783279891222,35.848531033279045],[129.17832577327798,35.84853516426579],[129.17832346881593,35.848539268345455],[129.17832108676572,35.848543327476676],[129.17831861609756,35.84854735970084],[129.1783160567917,35.8485513560053],[129.17831341993752,35.84855532538632],[129.17831070549514,35.848559249819004],[129.178307902395,35.84856312931953],[129.17830502174655,35.848566981896596],[129.17830205244024,35.848570789541554],[129.17829901661528,35.848574552221834],[129.17829590322228,35.84857827896623],[129.17829270115115,35.848581951765944],[129.17828943258164,35.848585588613375],[129.1782860864238,35.84858918051243],[129.17828266265767,35.84859271845049],[129.1782791723731,35.848596211423846],[129.17827560450007,35.84859965944877],[129.17827195901896,35.848603053512726],[129.17826824701916,35.84860640261195],[129.17826446846095,35.84860968872144],[129.17826062338406,35.84861292986629],[129.17825671176865,35.84861611703378],[129.17825273361464,35.84861925022401],[129.17824868892203,35.84862232943696],[129.17824458874057,35.84862534564392],[129.1782404109509,35.84862830788993],[129.17823617769236,35.84863121614229],[129.17823188894488,35.8486340613887],[129.17822754472857,35.84863685264155],[129.17822313393373,35.848639571892114],[129.17821866767017,35.84864223714901],[129.17821415698745,35.84864483938365],[129.17820957974604,35.84864737862845],[129.1782049580856,35.84864985485096],[129.17820028093632,35.84865226806733],[129.17819555936796,35.8486546182614],[129.1781907822908,35.84865689643682],[129.17818596079448,35.848659111589896],[129.17818109487914,35.848661263720594],[129.17817618452483,35.848663343816426],[129.17817122973128,35.84866535187733],[129.17816624158854,35.848667296899606],[129.17816120900676,35.84866916988701],[129.17815613200588,35.84867097985195],[129.17774405245217,35.84880239246146],[129.17686182457186,35.84908873971919],[129.17661707912666,35.84916791100013],[129.17656424210642,35.84918266936125],[129.17655245836977,35.84918522805536],[129.17653947844155,35.84918749107834],[129.17652637549716,35.849189186491586],[129.17651318278567,35.849190332271604],[129.17649993345742,35.84919090133262],[129.17648666078153,35.849190920663624],[129.17647340897796,35.8491903631627],[129.176460211296,35.849189246806446],[129.1764471009254,35.84918756253413],[129.17643412218519,35.8491853283061],[129.17642129721517,35.849182544090255],[129.1764086702949,35.84917920982222],[129.17639627469327,35.84917535249106],[129.17638415468954,35.849170972032425],[129.1763723213538,35.84916606843033],[129.17636081904456,35.84916067767017],[129.1760308605203,35.84894328020771],[129.1760168132114,35.84892824072234],[129.17600965548766,35.848920157892486],[129.1760026635747,35.84891196667128],[129.17599584856185,35.84890367605526],[129.17598921046897,35.84889529505684],[129.17598276036568,35.84888682366013],[129.17597648716261,35.84887825286861],[129.1759704019688,35.8488696006912],[129.17596449371442,35.84886086714403],[129.17595878451942,35.84885204318254],[129.17595326333347,35.848843137835324],[129.17594793017645,35.84883416011477],[129.17594279611794,35.84882511000482],[129.17593785008813,35.84881598752171],[129.17593310315695,35.84880679264929],[129.17592855534375,35.84879753440018],[129.1759242066488,35.84878821277423],[129.17592005707166,35.84877882777158],[129.17591610663234,35.848769388404634],[129.17582257130502,35.84853360389021],[129.17586461052298,35.84852183564992],[129.17554952340416,35.84772734470516],[129.17550670659557,35.84773769899952],[129.17544891519213,35.8475921316147],[129.17530635217912,35.847233072489495],[129.17519233012933,35.84695637324479],[129.1751884212956,35.846945626977515],[129.17518382654836,35.84693506195178],[129.1751785570166,35.846924705188755],[129.1751726238484,35.84691459272237],[129.17516606029164,35.846904742529496],[129.1751588664254,35.846895190659836],[129.1751510644276,35.84688595510622],[129.17514268756605,35.846877062858084],[129.1751337469693,35.84686854093671],[129.17512426481534,35.846860407334916],[129.17511428546078,35.84685269803849],[129.17510380892523,35.846845422059694],[129.17509289059524,35.846838597343584],[129.17507805075138,35.84683043542854],[129.17478476511215,35.84673406446101],[129.1747727322614,35.84672882752378],[129.17476105253647,35.846723085376],[129.17474974811586,35.846716856010545],[129.174738874386,35.84671015737281],[129.1747284313666,35.8467029984754],[129.17471847446365,35.846695406276],[129.174709014786,35.84668739878379],[129.17470008558092,35.846678993975836],[129.17469170906583,35.84667022787047],[129.17467944478926,35.84666036784244],[129.17467455620897,35.84665208338385],[129.17467058167216,35.846646717659205],[129.1746639823854,35.84663566882669],[129.17465230873404,35.846612343262116],[129.17459557855918,35.84646501646852],[129.1745913366903,35.84645378398541],[129.1745723317953,35.84640345849497],[129.17454327635772,35.84632787641094],[129.1746339463312,35.846317832039944],[129.17467627669518,35.84631314762198],[129.17473705533405,35.846306417790906],[129.17487196547756,35.84629441682099],[129.17500043492856,35.8462883011537],[129.17500854796359,35.8462879109131],[129.1754667230128,35.846293286791266],[129.17613309497236,35.84618903681879],[129.17671149372697,35.84609852035117],[129.17674590753342,35.84609306266019],[129.17724473976054,35.846013294404415],[129.1773996606476,35.845990446320464],[129.1773925279967,35.8461189750893],[129.1774028176813,35.84622704700117],[129.17740528191595,35.84636546645865],[129.17740665995555,35.84644310717083],[129.17740759465914,35.84653051808607],[129.17743546215408,35.84655313472111],[129.17751373347608,35.84655777868945],[129.17755092559702,35.84655721048832],[129.17765821994413,35.846556350256506],[129.17774178814884,35.84656355487425],[129.1779646582623,35.846572483604604],[129.17854374019896,35.84660475269388],[129.17878733764522,35.84662591537382]]]]}},{"type":"Feature","properties":{"godo_no":"-","godo_nm":"최저고도지구","h_max":null,"kind":"최저","conf":"label","area_m2":1467,"gosi_last":"미기재","src":"V-World LT_C_UQ123 + 경북고시 2020-479 조서·도면","h_cls":"최저고도","lbl":"최저고도지구"},"geometry":{"type":"MultiPolygon","coordinates":[[[[129.2126872797237,35.84480508832995],[129.2126783870551,35.844669934460654],[129.21283936748682,35.84466622668384],[129.21297122833377,35.844663822680424],[129.21310874408732,35.844660876836336],[129.21348484662238,35.844654355785956],[129.21360774217263,35.84465224628779],[129.21371824004683,35.844650068435485],[129.2137796391129,35.84472004119262],[129.21378325240929,35.84478412270609],[129.2136114784785,35.84478751733849],[129.2134883391984,35.84478962727072],[129.21311266772204,35.84479614757383],[129.2129752402884,35.84479909326731],[129.21284353416206,35.84480148799075],[129.2126872797237,35.84480508832995]]]]}},{"type":"Feature","properties":{"godo_no":"-","godo_nm":"최저고도지구","h_max":null,"kind":"최저","conf":"label","area_m2":7937,"gosi_last":"미기재","src":"V-World LT_C_UQ123 + 경북고시 2020-479 조서·도면","h_cls":"최저고도","lbl":"최저고도지구"},"geometry":{"type":"MultiPolygon","coordinates":[[[[129.21261691826373,35.84480715867325],[129.21254098953992,35.844809437028495],[129.21252350115714,35.84480980120513],[129.2124295287723,35.844811759689065],[129.21237651083027,35.84481310548294],[129.2122977142036,35.8448150192049],[129.21221879886383,35.844818086683645],[129.21213464799678,35.84482123538828],[129.21206144206658,35.84482343656766],[129.21195577731135,35.84482416243184],[129.21187773422193,35.84482639900873],[129.2117623142414,35.844830088870104],[129.21173446680564,35.844831110945904],[129.21155346873394,35.84483325702518],[129.2114886941486,35.844834181366195],[129.21146819095225,35.84483303655759],[129.21140210179573,35.84483497254918],[129.21136307554596,35.844836410616274],[129.21127637572516,35.84483842759658],[129.2111747300175,35.84483951527016],[129.2111270892736,35.84483994987957],[129.21107182441406,35.84484136210531],[129.21094294232662,35.8448443356332],[129.21014489855983,35.84487052640551],[129.21004873606043,35.844877371606835],[129.2098065822777,35.84488023403136],[129.20968789470652,35.84488316150253],[129.20956414319085,35.84488829667565],[129.20951017248854,35.84488937247982],[129.20942594040537,35.844886922664955],[129.20926764410007,35.84488868354123],[129.20925126476197,35.844889874474234],[129.209132206397,35.84489070212485],[129.20897515535,35.844898832303],[129.2088943272323,35.84489857528848],[129.20874034772473,35.84490027394441],[129.20861603548713,35.84490265128281],[129.20858743799627,35.844904719372565],[129.20850509648764,35.84490565435473],[129.20846207162273,35.844906116005724],[129.2084173093888,35.84490676989555],[129.20838804305913,35.844907036589234],[129.2083629386678,35.844907269073246],[129.208195072532,35.84491100072454],[129.20815034401463,35.84491185273207],[129.20802332100592,35.84491470276944],[129.20798023481035,35.84491712907874],[129.20776960600767,35.84492000532309],[129.20775428699352,35.84492031100675],[129.20767966218725,35.844921817990034],[129.2076485922029,35.844922330936065],[129.20763095966026,35.844922613535616],[129.2075528253377,35.844923901148064],[129.20751100446435,35.84497902121943],[129.20748352696071,35.84500756585755],[129.20746385445207,35.84502801289671],[129.20741232462274,35.845065575195726],[129.2073482522928,35.84510275339746],[129.20731433422844,35.84511916017711],[129.20731332535283,35.845152823599804],[129.20731219390493,35.84522044633902],[129.20731038244685,35.84532905909973],[129.2073099601368,35.84535411457752],[129.20730994149127,35.84535546648467],[129.20714376092704,35.845360761956925],[129.20714392688348,35.84535215473385],[129.20714434964134,35.84532725246839],[129.20714616132568,35.845218639709394],[129.207147313145,35.84515027791148],[129.20714989062972,35.84506388866867],[129.207150678911,35.84503050501187],[129.20716913215145,35.845026534964674],[129.20721779033747,35.84500854382812],[129.20725757880206,35.84498929709758],[129.20730849843682,35.844959757036456],[129.207342218204,35.84493517625831],[129.20735287138183,35.84492409966789],[129.20737465251509,35.84490148603322],[129.20740803423368,35.84485748387314],[129.20743785274394,35.84480534952079],[129.20743656355353,35.84479050813884],[129.2076276763133,35.84478735953391],[129.20764530882613,35.8447870769349],[129.20767595815312,35.844786573724114],[129.20775023971225,35.844785076344955],[129.2077662228265,35.84478476050933],[129.2079731321524,35.84478193572529],[129.2080153328362,35.84477954699046],[129.20814615218603,35.84477662734557],[129.20819089167335,35.844775766308324],[129.20835976477062,35.844772014904706],[129.2083861863252,35.8447717711411],[129.20841492128588,35.84477150536296],[129.20845952849905,35.84477086075359],[129.20850287429636,35.84477039855077],[129.20857895066516,35.844769528442605],[129.20860676233858,35.84476751578435],[129.2087373060169,35.84476501955874],[129.20889355439255,35.84476329896605],[129.20897023137059,35.84476353611134],[129.20912626393056,35.84475546177468],[129.2092432190019,35.84475465579169],[129.20925916668602,35.844753492643584],[129.20935939231558,35.84475120137156],[129.2094258084386,35.84475155511306],[129.2095111252494,35.84475403910054],[129.2095579123348,35.8447531109223],[129.20968118771464,35.844747994605775],[129.20980288572832,35.844744998835246],[129.21004031269175,35.844742189684816],[129.21013482603271,35.84473546451632],[129.2109425864709,35.84470899551385],[129.21106690808983,35.84470612006546],[129.21112358961105,35.84470466932075],[129.2111727467228,35.844704223054336],[129.21127295329316,35.844703146907634],[129.21135698547002,35.84470119767651],[129.21139540289832,35.844699778699926],[129.21147091111672,35.84469757390334],[129.21149294203366,35.844698797154294],[129.21155085387903,35.84469797493303],[129.21172954933365,35.844695859924244],[129.21175534912152,35.8446949135326],[129.21187159899694,35.8446911861753],[129.21195219875858,35.84468888203717],[129.21205771943565,35.844688156428845],[129.21212780398287,35.84468605084845],[129.21221105817867,35.84468293075862],[129.2122913237005,35.84467981585405],[129.21237148160208,35.844677863697484],[129.2124248425737,35.84467650829133],[129.21251929074813,35.8446745399632],[129.21253821801747,35.84467414622262],[129.21261207034416,35.84467365599269],[129.21261691826373,35.84480715867325]]]]}},{"type":"Feature","properties":{"godo_no":"-","godo_nm":"최저고도지구","h_max":null,"kind":"최저","conf":"label","area_m2":11681,"gosi_last":"미기재","src":"V-World LT_C_UQ123 + 경북고시 2020-479 조서·도면","h_cls":"최저고도","lbl":"최저고도지구"},"geometry":{"type":"MultiPolygon","coordinates":[[[[129.2139700310517,35.8447580618943],[129.21396662778557,35.844681479675565],[129.21402366962494,35.84463255808097],[129.21405483543768,35.84463068242979],[129.21420091454993,35.84462206033697],[129.21480952908297,35.84460882359953],[129.21501471122443,35.84460199722106],[129.21518964823053,35.8445977658084],[129.2153092092205,35.84459468715046],[129.21537892310607,35.844590642646054],[129.21539490433085,35.844589649861724],[129.21556232411743,35.84458497165004],[129.21588118605968,35.84457384954645],[129.21589152369663,35.8445734886274],[129.21591336239243,35.8445731973106],[129.21602602620828,35.844569742709076],[129.21608381293686,35.84456772887688],[129.21614206335116,35.8445652635636],[129.2162044009387,35.844563782294266],[129.21626525411978,35.84456188005817],[129.21629906804165,35.84456099046717],[129.21631883695284,35.844560756851685],[129.21633241735154,35.8445602098474],[129.21641390229286,35.844557874097205],[129.21644584068306,35.84456339570772],[129.21650562027455,35.84456154033289],[129.21656301961337,35.84455954498845],[129.21662001107134,35.84455817220942],[129.21667903739439,35.84455611080934],[129.2167190720309,35.844555164897756],[129.21678423525435,35.84455070414128],[129.21678794275084,35.84455045416126],[129.21680901782378,35.84456660285188],[129.2170289978374,35.844735201885776],[129.21704162188328,35.84474529126754],[129.21708612368383,35.844779350785615],[129.2170987798537,35.844789034541115],[129.2170968080491,35.8453405940816],[129.21709724005254,35.845348884806306],[129.21709774044186,35.845353813745874],[129.21709603146573,35.84537267096182],[129.21709672962444,35.84542204018273],[129.21709824854716,35.84552926817796],[129.21709792685917,35.84554946576656],[129.21709915013085,35.84565379226516],[129.21710013611073,35.845678628944206],[129.21710139229302,35.84575830619619],[129.2171032724638,35.84582723041607],[129.2171050771943,35.84599096625911],[129.21710526889663,35.84611495086047],[129.21710604262867,35.84622903869159],[129.21710788391073,35.84625496434575],[129.21711154035864,35.84645664848404],[129.21711212202837,35.84651204726612],[129.2171112922651,35.84665124678593],[129.2171112377004,35.84666789296738],[129.21711209537716,35.8467843599366],[129.21711055845537,35.84691994670754],[129.21711287940954,35.84704127779464],[129.2171143741846,35.84711911605071],[129.21711417825378,35.847165323475004],[129.21711393097254,35.847225275048956],[129.21711385761213,35.847243155974525],[129.21711594876905,35.84735728648245],[129.2171159095656,35.84744503222084],[129.21711589973694,35.84748638157293],[129.2171171283443,35.84756403103835],[129.21711788747,35.84761137231989],[129.21711744919673,35.84766619612168],[129.21711753712293,35.847682319319816],[129.2171177420191,35.847717116200165],[129.21711844496016,35.84784183887297],[129.21711860180773,35.84797746764301],[129.21711875327958,35.84811928800413],[129.21711879268798,35.84815020079335],[129.21711713156682,35.84816630910378],[129.21708482507836,35.84834433681998],[129.21707099559595,35.848416686906525],[129.2170345734823,35.848607916278404],[129.21702749254538,35.848646096895756],[129.21701162867805,35.84873166293842],[129.21699555347487,35.848808685511976],[129.21697437610104,35.84892291179699],[129.2169700774388,35.84894613569135],[129.2169517742781,35.84904256615187],[129.21694922030952,35.84905600836034],[129.21693904819375,35.84910958785261],[129.21690742585733,35.84927481652619],[129.21690352915812,35.849295236810676],[129.2169018044597,35.84930423437145],[129.2168973073289,35.8493277650424],[129.21687210341227,35.84946772017498],[129.21686132274615,35.84953782064862],[129.21686080807243,35.84955627014535],[129.21675702670453,35.849629484349904],[129.21673167839393,35.84963011557099],[129.21668422019874,35.84963360729592],[129.21678112849068,35.84911446727299],[129.2167912109618,35.849060446342406],[129.21691033385355,35.84842225636408],[129.21692340599094,35.84835224188994],[129.21695657700528,35.84817448304143],[129.21695623292925,35.847122472981916],[129.2169556363844,35.847086090600435],[129.2169549990986,35.8470469234301],[129.21694630708805,35.846514012002345],[129.2169461671631,35.846458188839854],[129.21694460839396,35.84583278731637],[129.21694444119873,35.845762787535115],[129.21694220863233,35.84486368652303],[129.21674330061236,35.84468966912687],[129.21647712435308,35.84468725261943],[129.2139700310517,35.8447580618943]]]]}},{"type":"Feature","properties":{"godo_no":"?","godo_nm":"고도지구(높이 미확인)","h_max":null,"kind":"최고","conf":"none","area_m2":83637,"gosi_last":"경북고시 2010-618 (재정비)","src":"V-World LT_C_UQ123 + 경북고시 2020-479 조서·도면","h_cls":"미확인","lbl":"고도지구(높이 미확인)"},"geometry":{"type":"MultiPolygon","coordinates":[[[[129.19620969355745,35.84916293891194],[129.19627337897722,35.84911798950293],[129.19628058405502,35.8491129037867],[129.19630377721398,35.849091055941145],[129.19633750847504,35.849032870636655],[129.19634816080543,35.84899797499563],[129.19634299272178,35.84895786874784],[129.19623666855713,35.84885420812772],[129.19605944973551,35.84880320509443],[129.19604989340957,35.84869316895034],[129.19594458548278,35.848647258511676],[129.19588607106218,35.848633753331114],[129.19587611825943,35.84863330078252],[129.19583910669607,35.848567569411486],[129.19603984298664,35.84850320175258],[129.19552795364626,35.84757949120541],[129.19532545389143,35.84765532476133],[129.19514229735015,35.84733253996189],[129.19515848151835,35.84732362755271],[129.1949758397328,35.84700253600017],[129.19502866685707,35.84698115438536],[129.1949371990828,35.84687616183275],[129.19512365428872,35.84677166798704],[129.19478122101572,35.84630231647012],[129.1947295163281,35.846179351934914],[129.19537538103887,35.84586033243704],[129.19571169509982,35.84569888910394],[129.19624700301046,35.845443266261384],[129.19639284297375,35.84538977491894],[129.1964438722148,35.845489199189196],[129.19645771955544,35.84551618719469],[129.1965787693479,35.84575402895791],[129.19664900076316,35.84590619016031],[129.19667671057923,35.84596622249516],[129.19670200635028,35.84602586219451],[129.1967951178306,35.84624539063487],[129.19684244162468,35.84636358477152],[129.19686262190328,35.846418032535595],[129.19690372919078,35.84652896366289],[129.19696636643394,35.846716466013156],[129.19704011305734,35.846951653413335],[129.19710927724904,35.84720483716964],[129.1972763412231,35.847714708636076],[129.19732253541895,35.84787707465289],[129.19734829288913,35.84797997344005],[129.1973994315709,35.84821273700263],[129.19740830010196,35.848253936700594],[129.19741816225883,35.84830305676404],[129.1974260410718,35.8483379132748],[129.19744186216553,35.848424416475645],[129.19746173220724,35.848550351762995],[129.19747775108652,35.84866321619079],[129.19749986213128,35.84881358970609],[129.19751831734447,35.84894479959475],[129.19753314670922,35.8490465535384],[129.19754755940968,35.84914541514656],[129.19759988513192,35.849495564414134],[129.19764204684125,35.84978634689081],[129.19766974124704,35.849978583288745],[129.19767998114196,35.85005506463757],[129.19769004544827,35.85013215912097],[129.19769969859212,35.85019961991574],[129.19772034318012,35.850347526321315],[129.1977372763196,35.850458244212405],[129.19775258879966,35.850549173306405],[129.1977711620508,35.850660564447146],[129.19779670897918,35.85080319050992],[129.19781718272512,35.85089961779219],[129.19783963559874,35.85098606500366],[129.19785438036567,35.85105767221556],[129.19791124925447,35.85131877036476],[129.1980279577927,35.85181519496866],[129.198099462801,35.85211671712126],[129.19812699329236,35.852232816065616],[129.1982942502735,35.852912372542754],[129.19836947840687,35.85322792082692],[129.198314999244,35.853074896866474],[129.1981692427533,35.85273704092738],[129.1980697003487,35.852518038040955],[129.19717278578992,35.8508148880337],[129.19704117813006,35.85058212027747],[129.1965632971904,35.8498817699295],[129.1964001737399,35.849638661181785],[129.19631669413266,35.84952033630427],[129.19620969355745,35.84916293891194]]]]}},{"type":"Feature","properties":{"godo_no":"31","godo_nm":"구정21m지구","h_max":21,"kind":"최고","conf":"approx","area_m2":49741,"gosi_last":"경북고시 2020-479 (고도지구 정비)","src":"V-World LT_C_UQ123 + 경북고시 2020-479 조서·도면","h_cls":"21m","lbl":"구정21m지구\n21m 이하"},"geometry":{"type":"MultiPolygon","coordinates":[[[[129.30025954575376,35.77422864514789],[129.30034320165993,35.77426482111713],[129.30049475059633,35.77433034447831],[129.30080261694474,35.77448529816502],[129.30090318894943,35.77454364766998],[129.3009288030258,35.77455850874389],[129.30089742704615,35.77458496670511],[129.30076379780726,35.77469765924099],[129.3006497974083,35.77479818087168],[129.30054602462343,35.77488632070365],[129.30048794169863,35.774942847868616],[129.30041127865644,35.77501412973055],[129.3003460105939,35.775056876413615],[129.30027084944194,35.7751217194657],[129.29992659266614,35.7754394477812],[129.2999199023062,35.77544554787934],[129.29984911881425,35.77551006436176],[129.299840554662,35.775517863470334],[129.29981272083214,35.775542383665055],[129.29972077366918,35.775625888011795],[129.299642898362,35.77569867748706],[129.2994628937903,35.775862098213004],[129.2993538433525,35.77596222781019],[129.29933890023767,35.77597663989479],[129.29936534432275,35.775982702958075],[129.29937439461938,35.775995505451576],[129.299373869847,35.776059405986864],[129.29939650430356,35.776072985963445],[129.29943494932397,35.77622166148007],[129.29947345423847,35.77627667804207],[129.29954686462048,35.77637346253462],[129.29968113757033,35.77644085024758],[129.29970707133464,35.77645236711439],[129.29962164445678,35.77658818227657],[129.29960528211328,35.77662535468875],[129.2996097133483,35.776677688798486],[129.2996182640715,35.77677883386828],[129.29964102752635,35.77699872055396],[129.29965715465323,35.777174020401155],[129.2996627216048,35.77724318719551],[129.29967347302517,35.777391633848616],[129.29968766445748,35.777560909060874],[129.299690076343,35.777581866350076],[129.2997059715934,35.77777497561284],[129.29971161628694,35.777844205293135],[129.29971533647955,35.77788971862574],[129.29973064626506,35.7780770612739],[129.29974283540417,35.77817507893364],[129.299748393735,35.77824485858909],[129.29975960351788,35.77838565238974],[129.29977084745985,35.77850004824764],[129.29978106908888,35.778627956498624],[129.2997854204294,35.778682525902404],[129.29979574602314,35.77881160552582],[129.29981139992233,35.77898733907538],[129.29981153528698,35.77901469192447],[129.29984033174492,35.77914093181522],[129.29984817156412,35.779170059053044],[129.29988574610596,35.779250898805095],[129.29976030982417,35.77916104811943],[129.29966541847293,35.77910290894514],[129.29963050151,35.77901395120958],[129.29945042661657,35.77889967635509],[129.2994503379353,35.77889962249923],[129.29939437543283,35.778864395770604],[129.29941130873175,35.778775561865714],[129.29939100748888,35.77863161813289],[129.29935663680808,35.77855851208871],[129.2993471957343,35.778494392923974],[129.2993408410147,35.778457123609535],[129.29931678090657,35.77838766914844],[129.29930209286042,35.778343075213755],[129.29926831116984,35.778249905672574],[129.2992173665666,35.778181013447],[129.2991738033768,35.778193396425976],[129.2991403163728,35.77815252613574],[129.29903840529087,35.77801172238933],[129.2989797686552,35.777893784587036],[129.2989575620054,35.777870469888896],[129.29881981050002,35.777724788662],[129.29879796091026,35.77770229319581],[129.29876966826995,35.77766030140881],[129.2986037397844,35.77747970272497],[129.29853143328427,35.77742989754954],[129.2985214878547,35.777414321330696],[129.29847667097928,35.777327424525744],[129.29847534691575,35.77725093799129],[129.29848692698164,35.7771826570911],[129.29848311455638,35.77700805668956],[129.29844792750268,35.776929139261156],[129.29837052613635,35.77685933862455],[129.2982739391973,35.77673378836921],[129.29822623185817,35.77656828180901],[129.29822174752846,35.776510341947954],[129.29821529336033,35.77649374767721],[129.29821425930123,35.77648928899857],[129.29820059526048,35.776428325530645],[129.29819513330648,35.77640492430818],[129.2981506723276,35.7763123575704],[129.2981868046825,35.77630352622636],[129.29822967789377,35.77626641476945],[129.298211208982,35.77620112810204],[129.29816837373082,35.77614127304443],[129.298172968589,35.776065240543694],[129.29819531400727,35.776024890142935],[129.2982192541435,35.77598809577478],[129.29820041643407,35.77594854995968],[129.2982066485163,35.77591728794635],[129.29821070900428,35.77589688244468],[129.29819850090192,35.77584673949465],[129.2981909427376,35.77582470434191],[129.29816095634428,35.77573734721276],[129.29821453641853,35.77567383851648],[129.2983926282912,35.77549215585669],[129.29901662227516,35.77500879181511],[129.2992091445372,35.77488970070642],[129.29960908280935,35.77464219767727],[129.29968607733508,35.77459147321325],[129.2999551071824,35.7744162770852],[129.30025954575376,35.77422864514789]]]]}},{"type":"Feature","properties":{"godo_no":"?","godo_nm":"고도지구(높이 미확인)","h_max":null,"kind":"최고","conf":"none","area_m2":188073,"gosi_last":"미기재","src":"V-World LT_C_UQ123 + 경북고시 2020-479 조서·도면","h_cls":"미확인","lbl":"고도지구(높이 미확인)"},"geometry":{"type":"MultiPolygon","coordinates":[[[[129.19065497229397,35.863143872334966],[129.1906270814129,35.863315820241176],[129.1906040679739,35.863471637137174],[129.19057637010502,35.8636410341877],[129.19053469209692,35.864082404700135],[129.19050075708333,35.86417114085867],[129.18930850056194,35.86408636474598],[129.189239957937,35.864045582277384],[129.18884834223329,35.863475072988095],[129.1884974378107,35.862968379441774],[129.1884358917523,35.8629738286396],[129.1883632611863,35.86294554331714],[129.18822864327575,35.86289503040762],[129.1881115389811,35.862900331458526],[129.18792292997554,35.86270086270427],[129.18790979041907,35.862697224027166],[129.1872516675031,35.86277831929861],[129.1865137952687,35.86258383307226],[129.18649768714963,35.862579576951276],[129.18648155703553,35.86257538394923],[129.1864654049265,35.86257125406635],[129.18644923080146,35.86256717829],[129.18643303468141,35.86256316563261],[129.18641681654518,35.862559207081915],[129.18640057641392,35.86255531165014],[129.18638431428735,35.862551479337405],[129.18636803014485,35.86254770113126],[129.1863517350786,35.862543986026935],[129.18633540692454,35.86254032504631],[129.1863190678468,35.86253672716755],[129.18630270675288,35.8625331833954],[129.18628632366347,35.86252970274209],[129.18626991857872,35.862526285207785],[129.18625350254922,35.86252292176296],[129.18623706452416,35.86251962143705],[129.18622060450375,35.862516384230084],[129.18620413353847,35.86251320111252],[129.18618764057746,35.862510081113896],[129.1861711256209,35.86250702423413],[129.18615459971943,35.86250402144377],[129.18613806289383,35.862501081755376],[129.18612150407253,35.86249820518583],[129.1861049343062,35.862495382705575],[129.18608834254405,35.86249262334431],[129.1860717398577,35.86248992708487],[129.18605512622628,35.86248728491483],[129.18603849061964,35.862484714876],[129.18602184406794,35.86248219892666],[129.186005186571,35.86247973706661],[129.18598850709884,35.862477347337936],[129.18597181668136,35.86247501169851],[129.18595512641113,35.86247273914396],[129.18593841414463,35.862470529708204],[129.18592169093273,35.8624683743618],[129.18590495679626,35.86246628211719],[129.18588820066358,35.862464252991295],[129.18587144467782,35.862462286950255],[129.18585467776737,35.86246038401097],[129.18583789991132,35.86245853516112],[129.18582111113042,35.862456749412935],[129.18580431142476,35.862455026766504],[129.18578751186593,35.86245336720495],[129.1857706902896,35.86245176174958],[129.18549657439732,35.862426252994524],[129.18472502766505,35.86230780957431],[129.18468764189598,35.86193873343144],[129.1847253657583,35.861925580768066],[129.1847480000655,35.86191768736196],[129.1847706232967,35.861909793968394],[129.18479325759486,35.861901900553754],[129.18481588079626,35.861893998139294],[129.18483851506468,35.86188609570367],[129.18486113825705,35.86187819328054],[129.184883761445,35.86187029085335],[129.18490638460761,35.861862379409374],[129.18492900776573,35.86185446796119],[129.18495163091933,35.86184655650868],[129.18497425406835,35.86183864505189],[129.18499686612066,35.861830724595364],[129.18501948926072,35.86182281313013],[129.18503872751864,35.86181621364164],[129.18506211456574,35.86180829198879],[129.18508549049494,35.86180035232348],[129.18510886637785,35.86179239462862],[129.18513222007155,35.86178441893822],[129.18515557371893,35.86177642521839],[129.1851789162485,35.86176841348598],[129.18520224766016,35.861760383741114],[129.18522557902557,35.861752335966806],[129.18524888820156,35.861744270197015],[129.1852721973312,35.86173618639781],[129.18529549534284,35.86172808458608],[129.18531878223675,35.86171996476188],[129.18534205801265,35.86171182692519],[129.18536532269135,35.8617036800885],[129.18538858730307,35.86169550621002],[129.18541182972513,35.861687314335946],[129.18543507210074,35.86167910443257],[129.18545830337928,35.861670885529094],[129.18548152351886,35.86166263960088],[129.1855047325406,35.86165437566014],[129.18552793046504,35.86164610271947],[129.18555112832215,35.86163780273702],[129.18599109680721,35.8614832397754],[129.18618786374796,35.86141325293822],[129.1862326774884,35.861397313057346],[129.18645065251488,35.86130156254263],[129.18668958146793,35.861175587521],[129.18677447056143,35.86112497772707],[129.18688803467577,35.861069619111014],[129.18689568745998,35.86106589415909],[129.18762148388527,35.86070385807297],[129.18764767694273,35.86068882973333],[129.18767405877261,35.86067404443246],[129.187700651476,35.860659484111],[129.1877274218597,35.860645157832735],[129.18775439208775,35.86063107457556],[129.18778155106784,35.8606172253443],[129.18780888774984,35.8606036191682],[129.18783640213383,35.86059025604736],[129.18786409422017,35.86057713598141],[129.18789195293746,35.86056425898771],[129.18791998937854,35.86055163406109],[129.18794819245082,35.860539252206415],[129.18797655108347,35.86052711344062],[129.1880050763899,35.8605152357714],[129.18803375727822,35.86050361020327],[129.18806259374833,35.860492236736135],[129.1880915747292,35.86048111538719],[129.18812071129247,35.86047024613906],[129.18814998133777,35.86045964705085],[129.18817939589462,35.860449300080525],[129.18820894391268,35.860439214257504],[129.18825350510147,35.8604245718116],[129.1884205239012,35.86037568071044],[129.188464339996,35.86036437396395],[129.1884697175316,35.86036303174771],[129.18849407152317,35.86035702757982],[129.1885194108172,35.86035100384819],[129.18852423529248,35.86034987878993],[129.18854959723282,35.8603440713163],[129.18857511459163,35.860338443844924],[129.18857950770715,35.8603374997058],[129.1886054349974,35.86033199776434],[129.18862995743285,35.86032701171707],[129.18863643113065,35.86032571284823],[129.1886615516258,35.86032081598774],[129.18868675008335,35.860316117275175],[129.18869222803804,35.86031510835418],[129.18871792497714,35.860310526020655],[129.18874371095026,35.860306141817375],[129.18874869113898,35.8603053229318],[129.1887745329317,35.86030113690953],[129.18880058552207,35.860297139815174],[129.18880558802198,35.86029639299239],[129.18883136441994,35.86029264867142],[129.1888537435737,35.86028961261665],[129.18887953192944,35.860286246791006],[129.18890534261664,35.86028296203739],[129.18893116456383,35.86027975837291],[129.1889570088215,35.86027662676801],[129.1889828643395,35.860273576252226],[129.1890087311177,35.86027060682568],[129.1890346091564,35.86026771848835],[129.18906049845566,35.8602649112402],[129.18908641006547,35.86026217605149],[129.18911233293608,35.86025952195199],[129.18913825599614,35.860256948958856],[129.18916420138825,35.86025445703767],[129.1891901580413,35.860252046205595],[129.18921612593405,35.86024970745015],[129.18924210510906,35.860247458796394],[129.18926808445272,35.86024528223653],[129.1892940861289,35.8602431867485],[129.18932008799501,35.86024117236693],[129.18934610112257,35.860239239074474],[129.1893721254903,35.860237377858574],[129.1893981611407,35.860235606744226],[129.18942419696015,35.860233907723895],[129.1897158632348,35.860206855296966],[129.19061243341798,35.86012338866958],[129.1906511276303,35.86011867731265],[129.1906820516075,35.860114744240455],[129.190712941982,35.86011064898849],[129.19074379877526,35.86010640056931],[129.1907746219871,35.86010199898293],[129.1908054116386,35.860097453241785],[129.1908361787582,35.86009274530366],[129.1908669012245,35.86008788421574],[129.1908975790589,35.860082878990724],[129.1909282232894,35.86007771158606],[129.19095883395883,35.8600724000269],[129.19111710456357,35.860042337036425],[129.19117196893043,35.860030885689746],[129.19120846332538,35.86002297819522],[129.19124487967701,35.86001484550086],[129.19128122909936,35.86000650561415],[129.19131750047774,35.85999794052765],[129.19135368276216,35.85998915927146],[129.1913897981166,35.85998017082304],[129.19142582435504,35.85997095719258],[129.19146177257005,35.85996152737515],[129.1914976206189,35.85995188140576],[129.19153339066514,35.85994202826198],[129.191569071616,35.859931958949],[129.1916046634711,35.85992167346676],[129.19164015515892,35.85991117183297],[129.19167554670076,35.85990046306005],[129.19171084916775,35.8598895471307],[129.19174605146668,35.85987841505],[129.1917811535973,35.85986706681812],[129.19181614450983,35.85985551146497],[129.19185103527514,35.85984374897325],[129.19188581482186,35.859831779360576],[129.19192048314974,35.859819602626985],[129.1928714807685,35.859509053495444],[129.1929832362979,35.859477782360116],[129.1931607214792,35.85944180991214],[129.19316660701952,35.859458392503335],[129.19317317558705,35.859478164423244],[129.19322953746698,35.85978999650474],[129.19325917216756,35.859958752995546],[129.19329312407356,35.86015017798585],[129.19329540099014,35.860162395275886],[129.19330323715124,35.860202776707894],[129.19332878178926,35.860351063341746],[129.19335133971325,35.860481996697345],[129.19336570101544,35.860565393287],[129.1930996605144,35.860654987360796],[129.19309919653625,35.8606554116874],[129.19308413456127,35.86066719699542],[129.19303463301827,35.86069889170894],[129.19292435011195,35.86073091759001],[129.19279953138195,35.86076338109091],[129.19271015964748,35.86078972265018],[129.1926446109429,35.8608287969266],[129.19256125227452,35.86084649485122],[129.1925189801839,35.86085055460081],[129.1925083983267,35.860851571811025],[129.192502286871,35.86085617789279],[129.1924765480003,35.86087556860767],[129.19248512036896,35.86091838228814],[129.19245689247572,35.86098479506645],[129.19245414918066,35.861027347347175],[129.19248964625027,35.861092766590104],[129.19249446934438,35.861151060657356],[129.19247972374677,35.86120711468872],[129.19247591949676,35.86125969053282],[129.19241868721022,35.861336621904044],[129.19241743580724,35.86135956966668],[129.1924192739496,35.86138276486881],[129.19242417815704,35.86140564877398],[129.19243211463422,35.861427978098305],[129.19243511028105,35.861439851785725],[129.19245579380183,35.861468343409555],[129.19248779932914,35.86155969710165],[129.19250653864304,35.861626909419115],[129.19251159596746,35.86164899096552],[129.19254599200832,35.86171682727959],[129.19258000732668,35.86175978974569],[129.19251779038862,35.86184503859203],[129.19250679408287,35.86186256732291],[129.19251600288817,35.86190756100195],[129.1925381261193,35.86197767896065],[129.19251754867562,35.862048829152414],[129.1925085890247,35.86216766391859],[129.19249909944625,35.86224099551998],[129.1924691609632,35.86232835600673],[129.19246172604943,35.862390535901476],[129.19243292640638,35.86246806195309],[129.19241111079617,35.86248006519435],[129.1923405702634,35.86242804008581],[129.1922826335239,35.86241932691639],[129.19224314167536,35.86235033601631],[129.19217690989876,35.86225740534108],[129.1921228040535,35.86219319618245],[129.1920930104569,35.86214701844982],[129.19206851782553,35.86207210051799],[129.19205808267233,35.86199109488463],[129.19202890056064,35.86189505011728],[129.19202392152698,35.86188712703199],[129.19200353481818,35.86189011545502],[129.19197442418366,35.86189330696868],[129.19194516707262,35.86189543523505],[129.19191581884368,35.8618965001661],[129.19188644590585,35.86189649264413],[129.1918628444325,35.86189780981676],[129.19183037948608,35.86191042465147],[129.19171880770395,35.86198314280796],[129.19163778931775,35.86204489839511],[129.19155619141623,35.862100481295904],[129.19146818794715,35.86213960847119],[129.19135407499004,35.862135904484575],[129.19132308386665,35.86223271143028],[129.19128325047961,35.862326576242594],[129.1912787147577,35.86238848111105],[129.19124717341148,35.862472842669874],[129.19118395853607,35.8625582996814],[129.19110862097085,35.86264415431673],[129.19106252808288,35.862713289676975],[129.19100505792628,35.862765724819596],[129.19098374652629,35.86273385426299],[129.19093938905388,35.86279720983955],[129.19094555281853,35.86282378692977],[129.1909404367433,35.862865261408416],[129.190861552304,35.862968317285905],[129.19072897575032,35.86293420667208],[129.19065497229397,35.863143872334966]]]]}},{"type":"Feature","properties":{"godo_no":"-","godo_nm":"최저고도지구","h_max":null,"kind":"최저","conf":"label","area_m2":36957,"gosi_last":"미기재","src":"V-World LT_C_UQ123 + 경북고시 2020-479 조서·도면","h_cls":"최저고도","lbl":"최저고도지구"},"geometry":{"type":"MultiPolygon","coordinates":[[[[129.2071464744104,35.84434519249646],[129.20714759933173,35.84430500381964],[129.20714877538603,35.844263183791924],[129.20714987956313,35.844223535900234],[129.20715467335802,35.84405237124287],[129.20715695234304,35.84397042565927],[129.20715923346444,35.84388930922132],[129.20715992579434,35.84386163964957],[129.20716001571276,35.843857881281565],[129.20716127964255,35.84380722884633],[129.20716268566952,35.843751592252794],[129.20716400916922,35.843698290038525],[129.20716664893422,35.8435931726841],[129.20716928827417,35.84348789310334],[129.20717035825425,35.84340928420787],[129.207185467377,35.84215745738437],[129.20718928876553,35.8419141221772],[129.20719007855723,35.8418641915374],[129.20719147594212,35.84177521767698],[129.20719487791192,35.841690971950044],[129.20719776498782,35.84157878833065],[129.20719933528142,35.84151820356822],[129.2072009337291,35.841455663042865],[129.20720419393479,35.84132938321823],[129.2072055813431,35.84127513455921],[129.20720648669572,35.841239957191505],[129.20720901236527,35.84114214011981],[129.20721270863214,35.84095326767243],[129.20721552462675,35.84080928803074],[129.20721793757048,35.84073640875608],[129.20722910855932,35.8402445409686],[129.20723322527633,35.84006421163161],[129.20723375835664,35.83999203854176],[129.20723604309603,35.83986952758467],[129.20723817052246,35.839767538379704],[129.20724065377067,35.83964903764511],[129.20724247532684,35.83956147798906],[129.20724464172923,35.83945744287217],[129.2072459626531,35.839394614399566],[129.20724732198363,35.83932951470777],[129.20727476415098,35.83932229376038],[129.20730264910594,35.8393108091307],[129.20732125481805,35.83930210722926],[129.20733759199442,35.83929359847332],[129.2073700256564,35.83927339093851],[129.2073815813474,35.839264917405686],[129.20739493596597,35.839254421987086],[129.2074126480124,35.8392382772686],[129.20743155693114,35.83921842635452],[129.20744624857807,35.83919850155252],[129.20751313051315,35.83920957143571],[129.2075259199938,35.83921167646147],[129.20754421288498,35.83921470935071],[129.20767151938776,35.83923509359762],[129.2078990064061,35.83929821424465],[129.2080068525505,35.83931345837816],[129.208291207609,35.83936295276215],[129.20842513927062,35.83938556892348],[129.20849205663788,35.839393123320995],[129.20865382804874,35.839420945562615],[129.20869182969125,35.83942659397783],[129.20881818678953,35.83944769063367],[129.2088755685265,35.839457280070725],[129.20896428764738,35.83947209671245],[129.209048693965,35.839479899992284],[129.20912049066246,35.83949093345345],[129.20935268244034,35.839528132248326],[129.20946552785037,35.83954598005192],[129.20954729123864,35.83955890666084],[129.2096183802603,35.83957015734965],[129.20971755997013,35.83958520766771],[129.20976072597236,35.839597498028226],[129.2097972555152,35.839607321436844],[129.20988344281932,35.839631568872996],[129.2098926710571,35.8397066360882],[129.2098968857607,35.83977765636706],[129.2098301070311,35.83975980121419],[129.20974379773352,35.83973550888929],[129.20970696910172,35.83972561388287],[129.2096744145492,35.83971634233658],[129.20958710479195,35.8397030829439],[129.20951540663245,35.83969173415386],[129.2094336541813,35.83967880750482],[129.209320609264,35.83966092396702],[129.20908433119277,35.83962309228234],[129.20884197747986,35.83958979489603],[129.2087846067198,35.839580205424404],[129.20866002114195,35.83955940309292],[129.20862154330842,35.83955368338852],[129.2084632708297,35.839526458916545],[129.20839666333907,35.839518931007326],[129.2082567740312,35.83949531566469],[129.20797508717655,35.83944626724199],[129.20789608476457,35.839435101272585],[129.2075153578838,35.839347558168676],[129.20751450762114,35.839348334702244],[129.20749465790126,35.83936391531173],[129.20747607603073,35.83937755605499],[129.20743277953355,35.83940452359234],[129.20741146824545,35.83941562747496],[129.2074000787089,35.83997235875286],[129.20739936805373,35.84006570253261],[129.20738393049234,35.840739332921515],[129.2073814955864,35.84081222124939],[129.20735751234483,35.841776997212214],[129.20735129685588,35.84220307411193],[129.2073357169264,35.84334879753342],[129.20733382787924,35.84348733197597],[129.20731473565567,35.84425919550561],[129.20731560004546,35.8442595815627],[129.207384534868,35.84430524698483],[129.2074098493272,35.84432212007641],[129.20743803153118,35.84433931269786],[129.2074694214551,35.844359879502825],[129.207487834354,35.844374619431946],[129.2075027674133,35.84438776109856],[129.2075277413326,35.84438850236847],[129.20764004061633,35.84438529057839],[129.2077279023514,35.84438329225272],[129.20775059274624,35.844382766632535],[129.20788569386625,35.844379326209726],[129.20797001307878,35.84437718057907],[129.20810293503885,35.84437431144416],[129.2082067467576,35.84437206904306],[129.20829979989202,35.844370070381196],[129.20835681440388,35.84436904395614],[129.20845385785492,35.8443648753049],[129.20847717854534,35.84436410512436],[129.20857633861755,35.84436087002861],[129.20861641730778,35.84435983661523],[129.20866954564073,35.844358465252675],[129.20877711942924,35.84435568413491],[129.2089020927712,35.84435246732721],[129.209046026099,35.84434869491749],[129.2092479577963,35.844343416124374],[129.20931017314962,35.84434176740498],[129.2093449500062,35.844340851067784],[129.2093913708185,35.84433963518814],[129.20943649661595,35.84433844856909],[129.20957366601561,35.84433443488213],[129.20974271209818,35.8443294915866],[129.21001254276808,35.84432458049358],[129.21010809398732,35.84432972301131],[129.2103549018559,35.844320984753125],[129.21041801224942,35.844318757104375],[129.2104874757288,35.84431630207315],[129.2106281292624,35.84431131678514],[129.21080671052437,35.844303976097066],[129.21089735020095,35.84430609834172],[129.21105045188503,35.84430357831692],[129.2111962533367,35.844298907836624],[129.21133936543384,35.8442944131134],[129.21146831020232,35.844290366564245],[129.21172838761544,35.84429342670102],[129.211751542309,35.844292692225615],[129.2119395818431,35.84428738815486],[129.21195894050373,35.84428691263753],[129.21203096133797,35.84428463248511],[129.2121221970949,35.844281940085324],[129.2121983025539,35.84427970674792],[129.2122095814245,35.84427948869521],[129.21230873354207,35.84427753030945],[129.21239578547772,35.84427496220453],[129.21248184207337,35.84427272924682],[129.212597904339,35.844269461154695],[129.2127084439358,35.84426650908298],[129.21276387695758,35.844266060147255],[129.21284489415953,35.844262727251845],[129.21292058727084,35.84425945774459],[129.21297260569804,35.84425701394494],[129.21309310807894,35.84425428732303],[129.213218504375,35.844247910906624],[129.2132781804776,35.84424466038181],[129.21332356369254,35.8442445803875],[129.21334504790775,35.84424421806245],[129.21343349454534,35.84424167378457],[129.21348056753746,35.84424016677525],[129.21351847574067,35.84423882913118],[129.21358935670318,35.84423667623123],[129.2136058488818,35.84423636773315],[129.21372738560044,35.8442271947105],[129.21376569328828,35.844226234808],[129.21395242037934,35.84422698630809],[129.21529589472667,35.8441911580571],[129.21647487449914,35.84414890388968],[129.21664026154681,35.84414606636462],[129.21670298730862,35.84414498970473],[129.21692216681328,35.84394851196362],[129.2169267841572,35.843523401978],[129.21691986487392,35.843052258752806],[129.21691615974837,35.84279957282173],[129.2168351321225,35.84249541085656],[129.2167725111677,35.84226035076906],[129.21680575604168,35.842258146230556],[129.2169386057918,35.84224638112827],[129.2169578346325,35.842324971740865],[129.216983334015,35.842426064340536],[129.21699803750013,35.84248483555011],[129.21703679945682,35.84263982616122],[129.21706772275382,35.842761349366796],[129.21707557297256,35.842790851233254],[129.2170775737229,35.842912552492336],[129.217078013237,35.842939985764424],[129.21707818830217,35.8429515034297],[129.21707886634834,35.842993455416675],[129.21707975023597,35.84307874816227],[129.21708020750745,35.84313728355015],[129.21708031079808,35.843150910269614],[129.21708102033892,35.84323313006223],[129.21708426143155,35.84334277937059],[129.21708429551768,35.843367644804744],[129.21708436600287,35.84341414018006],[129.21708438109758,35.84344016826088],[129.21708443162305,35.84347110809188],[129.21708449277156,35.84351824337091],[129.2170918346951,35.843539860204636],[129.2170923944478,35.843656706294716],[129.21709308388552,35.84371104143431],[129.2170935090341,35.843765881747686],[129.21709431360338,35.8438218569551],[129.2170942011573,35.843862106991196],[129.21709022430468,35.84400821579553],[129.21706173519738,35.844033772286586],[129.21703451613482,35.84405826301751],[129.21680182087096,35.84426690501739],[129.21678018891532,35.84428632065319],[129.2166356738581,35.84429173462947],[129.21657176648375,35.84429388585701],[129.21648491275346,35.84429602403196],[129.21641374291053,35.84429776458127],[129.2162964935926,35.844300002042594],[129.21616862085654,35.84429923016824],[129.2160619766078,35.84430178191686],[129.2159570157744,35.84430467304146],[129.21594396653833,35.84430514695539],[129.2157474473972,35.844310120923204],[129.215485039414,35.84431723973657],[129.215386518349,35.844319226657085],[129.21530119629773,35.84432292942551],[129.21514158843598,35.84432633163348],[129.21504767407114,35.84432904911072],[129.21501593022373,35.844329961708716],[129.2149211091263,35.84433303218583],[129.21491197787725,35.844333327791304],[129.21488457265016,35.84433406141133],[129.21463229074072,35.844340421355334],[129.21455383795382,35.844342399033586],[129.21445561762346,35.84434510565793],[129.2143343858029,35.84434828556328],[129.21410934495316,35.84435464121846],[129.21406025706736,35.84435605290091],[129.21402262489644,35.84435714689017],[129.21380587311103,35.84436287446631],[129.21369144514455,35.84437716312896],[129.21361261584968,35.84437910480765],[129.21359853663236,35.8443793820101],[129.21356813129114,35.84437998543797],[129.21354409036738,35.84438046046472],[129.21351241212716,35.84438108414976],[129.213396507825,35.84438552447189],[129.21334139649588,35.84438626153246],[129.213293601599,35.8443868955471],[129.21325051094752,35.844387476190384],[129.213100551421,35.84438947075971],[129.21297965039633,35.84439221611603],[129.21292972367743,35.84439455710076],[129.21285344382383,35.84439784567102],[129.2127688626176,35.84440132903868],[129.21271195733544,35.84440178957721],[129.21260345414586,35.84440469301222],[129.21248731419988,35.84440796124635],[129.21240140133278,35.84441018494343],[129.21231371835853,35.84441277218474],[129.21221351455583,35.844414750444024],[129.21220322076857,35.844414948744785],[129.21212815560457,35.844417153224434],[129.21203715214412,35.84441984522187],[129.21196463310213,35.84442213526332],[129.21194493129022,35.84442262039509],[129.21175759981253,35.844427905210665],[129.2117303608898,35.84442876399556],[129.21147034396037,35.84441942204403],[129.21138000663723,35.84442287844258],[129.21134581531783,35.84442337075853],[129.2112027245346,35.84442764013985],[129.21105643547523,35.844432185303674],[129.21091253073837,35.844434220658485],[129.2108159539253,35.84443903036977],[129.21063591140518,35.844446436702704],[129.2104946599491,35.84445144106501],[129.2104251963522,35.84445389610079],[129.21036208585184,35.844456123753616],[129.210106201698,35.844465184209454],[129.21000890116127,35.84445995460102],[129.20974751538654,35.84446470685114],[129.2095796090653,35.84446962114252],[129.20944212949806,35.84447363537333],[129.20939670480516,35.84447484053672],[129.2093502839142,35.84447605641863],[129.20931552913692,35.84447697271928],[129.2092532915164,35.8444786124676],[129.2090513373622,35.84448390032135],[129.20890735951392,35.84448767281461],[129.20878234170715,35.84449089871727],[129.20867477878195,35.8444936708086],[129.208621650359,35.84449504217379],[129.20858225786245,35.84449606539394],[129.2084838170445,35.844499272218314],[129.20846154778692,35.84450000453918],[129.2083629878667,35.84450423889499],[129.20830380380494,35.84450530510706],[129.2082111157702,35.8445072941317],[129.20810730389877,35.84450954554955],[129.20797478017818,35.844512404992756],[129.20789085928752,35.84451454093031],[129.20775549230305,35.84451799082805],[129.20773253621084,35.844518516905225],[129.2076452498977,35.844520505234776],[129.20753438931595,35.84452367851308],[129.2074679017515,35.8445255859866],[129.2074097624203,35.84452829925566],[129.20736104628864,35.84449375669118],[129.20730259437428,35.8444226039699],[129.20725670858684,35.84439100360316],[129.20722798608907,35.844374613977145],[129.20719707888048,35.84436092282255],[129.20716219202043,35.84434925727217],[129.2071464744104,35.84434519249646]]],[[[129.21113825945878,35.8400916829845],[129.21113851297085,35.83995246631655],[129.2112049644758,35.83996777978468],[129.21122189855555,35.83997168869799],[129.21136254531237,35.840009079388096],[129.21159554652604,35.84007103880312],[129.21172969014174,35.84010606112981],[129.21214806426522,35.84021257731362],[129.21251509675164,35.840304041191615],[129.21301902322784,35.840435981571574],[129.21308979209732,35.840455405111626],[129.21334849067412,35.840523210048495],[129.21346775869299,35.84055373237552],[129.2135741071687,35.84058329502217],[129.21361518784218,35.840593496772996],[129.2143955223052,35.840886330105356],[129.21448684765556,35.84092277707453],[129.21457982961726,35.840961951825996],[129.2146109442706,35.840974595271106],[129.2146545243974,35.840992173475776],[129.21466918497106,35.84099842017414],[129.2149318397876,35.841075091992366],[129.214975505892,35.84108753279865],[129.21508615882456,35.84111202142693],[129.21518730054495,35.841131164425676],[129.215280075144,35.84113821842872],[129.21542611227116,35.841145249650616],[129.21553397165596,35.84118044068434],[129.2156068954333,35.84120221116364],[129.215769625762,35.841255049830224],[129.21580488826513,35.84126649591803],[129.21596710083566,35.84132015537766],[129.21600770320245,35.841333340301375],[129.21622389122493,35.841404928061145],[129.21636395612552,35.84145049727644],[129.21655554461756,35.84152008258163],[129.21667635541561,35.84155935910935],[129.21669935723298,35.84157609920383],[129.2167467123125,35.841614056173746],[129.21679493562854,35.84168656551497],[129.2168134296603,35.84174320301218],[129.21683830910192,35.84186078063577],[129.21687171361958,35.841987292389895],[129.21669774664508,35.8419796820747],[129.2166526712431,35.84181046288143],[129.21664317764942,35.841774844433374],[129.2166430361113,35.84177161820986],[129.21664287496696,35.84176932932201],[129.2166426695477,35.84176704051343],[129.21664240878476,35.841764751803986],[129.21664210377133,35.841762472186204],[129.21664174341424,35.84176019266756],[129.21664133880662,35.84175792224062],[129.2166408899241,35.841755651892946],[129.21664038574667,35.84175339966931],[129.2166398372943,35.841751147524896],[129.21663923352264,35.841748904492015],[129.21663858550053,35.84174667055094],[129.21663789322787,35.841744445701494],[129.2166371567046,35.84174222994386],[129.21663636486215,35.84174002329772],[129.21663552879346,35.841737834755776],[129.2166346484743,35.841735655305506],[129.2166337128359,35.84173348496683],[129.21663274404003,35.84173133271249],[129.21663171994928,35.84172919858219],[129.216630651608,35.84172707354356],[129.21662953904058,35.841724966609135],[129.2166283822226,35.84172286876642],[129.21662718120288,35.84172079804031],[129.21662593593265,35.84171873640599],[129.21662464643623,35.84171669287576],[129.21662331273805,35.841714676462196],[129.21662193478934,35.84171266914034],[129.21662051263877,35.841710688935116],[129.21661904626217,35.84170872683405],[129.2166175467281,35.841706782817354],[129.21661600299223,35.84170486591726],[129.21661441503014,35.84170296712132],[129.21661278286632,35.841701095442076],[129.21661111754509,35.84169924184707],[129.21660940802207,35.84169741536876],[129.21660766536593,35.84169561598718],[129.21660587848362,35.84169383470984],[129.21660405846836,35.84169208052928],[129.2166022053443,35.84169036245798],[129.2166003079941,35.84168866249076],[129.21659837751088,35.84168698962038],[129.2165964138945,35.8416853438468],[129.21659440607635,35.841683725189874],[129.21659237621816,35.841682142622325],[129.21659030213382,35.841680578158886],[129.2165881949408,35.841679049804746],[129.21658606570782,35.84167755754003],[129.21658389227292,35.84167609239189],[129.21658169677372,35.84167465432076],[129.2165794681414,35.84167324334638],[129.21657720642474,35.84167187749372],[129.21657492261934,35.84167052970553],[129.21657260572954,35.84166922703905],[129.21657026677536,35.84166795144953],[129.2164688763659,35.841630857151905],[129.2155080137533,35.841315746611315],[129.2152331021102,35.84128355655261],[129.21507546996799,35.84126196347037],[129.2150431802237,35.8412569738526],[129.21501665851125,35.84125244262762],[129.2149902464981,35.84124754168913],[129.21496393309184,35.84124226204437],[129.21493774043023,35.8412366036541],[129.21491167963043,35.84123058452368],[129.21488575064458,35.841224186628274],[129.21485995352117,35.84121742799291],[129.21483431037387,35.84121029956578],[129.21480882122708,35.84120281035953],[129.2147835082183,35.841194960335024],[129.2147583602792,35.84118674951195],[129.21473338850294,35.841178186883205],[129.21470860393427,35.84116926341687],[129.21468401769027,35.841159997118254],[129.21465962974716,35.84115037897509],[129.214635451198,35.84114041798033],[129.21461149308746,35.84113010510198],[129.21458776655672,35.841119467357885],[129.21374888923734,35.84079008484145],[129.2135898103813,35.840727629653394],[129.21357749640146,35.84072550640982],[129.21352302482128,35.84071197562167],[129.21341600050536,35.84068222485986],[129.2132981279126,35.840652060523254],[129.213037800731,35.84058382574667],[129.21296705392092,35.84056441115024],[129.21246535304567,35.84043305246209],[129.2120989624006,35.84034174052277],[129.21167952437153,35.840234955656946],[129.21166462689274,35.8402310702841],[129.21154438368112,35.84019966464288],[129.21131097231049,35.84013759769657],[129.21113825945878,35.8400916829845]]]]}},{"type":"Feature","properties":{"godo_no":"30","godo_nm":"팔우정지구","h_max":15,"kind":"최고","conf":"approx","area_m2":6113,"gosi_last":"경주시고시 2024-241 (황오1지구 지적재조사)","src":"V-World LT_C_UQ123 + 경북고시 2020-479 조서·도면","h_cls":"15m","lbl":"팔우정지구\n15m 이하"},"geometry":{"type":"MultiPolygon","coordinates":[[[[129.21766343537783,35.8408990977831],[129.21769207980222,35.84089454901116],[129.21774059497855,35.84088684614923],[129.21811645379637,35.84083403184792],[129.21816846723289,35.84082656584476],[129.2181856390793,35.84082410150464],[129.2181848954339,35.84096171480494],[129.21818104310566,35.84167373673941],[129.21818301570457,35.841715298856144],[129.21747200679607,35.84174572529611],[129.21742403296005,35.841708328500665],[129.21742349536342,35.84166925124381],[129.21742317793183,35.84164606263791],[129.21742312266477,35.841642007109876],[129.21742278912953,35.84162104462169],[129.21742166489508,35.84154929808604],[129.21741836651447,35.84135739171771],[129.21741011063196,35.841153696880205],[129.21752983236573,35.84110978907836],[129.21754139551916,35.841100287133486],[129.21759891531946,35.841049776759945],[129.2176341170993,35.84100613798232],[129.2176564899631,35.84097055241483],[129.21766081634843,35.8409577739109],[129.2176655050867,35.84094392226667],[129.21766582825035,35.84093248481484],[129.21766601048984,35.84092622079504],[129.21766594026337,35.84092481497041],[129.21766578747014,35.84092153469291],[129.21766343537783,35.8408990977831]]]]}},{"type":"Feature","properties":{"godo_no":"6","godo_nm":"도심20m지구","h_max":20,"kind":"최고","conf":"zone","area_m2":235699,"gosi_last":"경주시고시 2024-241 (황오1지구 지적재조사)","src":"V-World LT_C_UQ123 + 경북고시 2020-479 조서·도면","h_cls":"20m","lbl":"도심20m지구\n20m 이하"},"geometry":{"type":"MultiPolygon","coordinates":[[[[129.22019285193818,35.84175198884388],[129.22019661189444,35.841791060221055],[129.22020034634645,35.84294171582694],[129.22020062725935,35.8430279108925],[129.22019981555795,35.84355474720701],[129.22019860957258,35.84423631982275],[129.22019019222242,35.844641789520004],[129.22022563489173,35.8483137770037],[129.22022511185972,35.8484941630357],[129.2202232547436,35.84913601821408],[129.21999327623962,35.8493002657395],[129.2195196624591,35.84963914860875],[129.21918842856178,35.849877715034786],[129.21905142836948,35.849979398769904],[129.21902231516503,35.849999918849356],[129.2189036966579,35.85008352612595],[129.21876865955687,35.85017871699],[129.21859758126664,35.85029935200499],[129.21849181259304,35.85037427464929],[129.21828887086332,35.85052628517125],[129.21816906664884,35.85062222294578],[129.2181396513095,35.850645789577015],[129.21805345461274,35.8507373857013],[129.2177624041642,35.8510523016621],[129.21766572099511,35.851175703433185],[129.21760039881846,35.85116843970654],[129.21754815751333,35.851012806821096],[129.21752623878788,35.85094751468263],[129.21750118465621,35.85088942014412],[129.21746715786307,35.85077605910506],[129.21746352074393,35.85075338120117],[129.21745404916356,35.85073049748396],[129.217445325337,35.85070576486123],[129.21744069571818,35.85069265099385],[129.21740408280388,35.85058896498447],[129.2173803193991,35.85052098139398],[129.21735376707954,35.850445080827676],[129.21732204925905,35.85035436398337],[129.21729192696264,35.85026824063474],[129.21727201229854,35.850207027500886],[129.21726401978594,35.850182509849134],[129.21721382137147,35.850000006881054],[129.2172116972243,35.84999230501324],[129.21720201116125,35.849926954791655],[129.21719062700168,35.849831361690356],[129.21718821169364,35.84980198529878],[129.2171864643374,35.849720857972194],[129.21718940517624,35.84967451045293],[129.21719183638356,35.849636184967025],[129.21719684852104,35.84955759603966],[129.21720813096573,35.8495052943106],[129.21722093974265,35.84943208085449],[129.21723504568476,35.849351438772246],[129.21724483478934,35.84929547163425],[129.2172539154297,35.84924359743936],[129.21727282915924,35.84913566589767],[129.21728254228606,35.849080275690795],[129.2173081720506,35.84893846312568],[129.217322654281,35.84886193906095],[129.21732870042194,35.84883001495768],[129.21740947927648,35.84840228102699],[129.21741999942574,35.848346564902386],[129.2174437788412,35.84822062662127],[129.2174437798083,35.84808625031134],[129.21744377287652,35.84801428554581],[129.21744368050014,35.84787406028916],[129.21744366552554,35.84783587437065],[129.217442150267,35.84766078231895],[129.21744221969425,35.847633312105486],[129.2174416896768,35.84748273226789],[129.21744139623974,35.84739899768937],[129.21743899663952,35.84711002530193],[129.21743887930162,35.84709532612998],[129.21743726004098,35.84705743148959],[129.21743693802085,35.84697948297969],[129.21743677332745,35.8468738207564],[129.2174368843076,35.846812679773976],[129.21743648338472,35.846742374000705],[129.21743688909055,35.846663369716666],[129.21743656155377,35.846579301725505],[129.21743572159855,35.84650221032744],[129.2174344812517,35.84639583804146],[129.21743311902304,35.8462240893093],[129.2174348816272,35.84604945996958],[129.21743625603608,35.84596437951129],[129.2174368069612,35.845889944293006],[129.21743347673961,35.84575989090409],[129.21743272510025,35.8457072051846],[129.217432273478,35.84560185889199],[129.21743232740678,35.84554416978624],[129.2174324529057,35.84537404961855],[129.2174315995605,35.84502250957766],[129.2174313098158,35.844797206600354],[129.2174310792844,35.84471624772131],[129.21743057488666,35.84453425919815],[129.21743030844547,35.844440052003385],[129.21742908091866,35.84440372481713],[129.21742918376876,35.844261994036984],[129.21742933641121,35.844044711362514],[129.21742537085296,35.8437741541681],[129.21741981452297,35.843676270353484],[129.21742116621272,35.843566477620804],[129.21742117410122,35.843536718323385],[129.21741593477364,35.84339242855878],[129.21741605274892,35.84338694874511],[129.2174161611454,35.8433820187114],[129.2174159472607,35.843327610616456],[129.21741550139913,35.84326520884781],[129.2174147692789,35.84321154070829],[129.21741472766078,35.84318801815026],[129.21741433687254,35.84316227013131],[129.21741199578392,35.843131640839815],[129.21741085940144,35.84310034245829],[129.21741156551155,35.84304640135801],[129.2174123411434,35.84298543939213],[129.21741294559763,35.84293891576369],[129.2174138142802,35.84287144660194],[129.21741465554425,35.8428061134521],[129.2174159009798,35.84271020916277],[129.21741639056654,35.84269073226237],[129.21741790347363,35.84260775142108],[129.2174205808297,35.842460247969676],[129.21742176414412,35.84239451765052],[129.21742201369497,35.84235999029832],[129.21742225921523,35.84232397588998],[129.21742251397197,35.842287285527],[129.21742275582466,35.84225400191366],[129.2174236608796,35.842216291968676],[129.2174234897179,35.842149058992476],[129.21742371854717,35.84211505440136],[129.2174239478464,35.84210572604694],[129.21742407580757,35.842075344663776],[129.21742459182576,35.84202478358502],[129.2174244771137,35.84198246106847],[129.21742450678101,35.84197707153735],[129.21742446124833,35.84189493164943],[129.21747019753994,35.841854103921825],[129.21804482255803,35.84182951109474],[129.21820983902683,35.8418224452195],[129.21850731131386,35.84180971445897],[129.2186939978699,35.84180172555735],[129.21874911399388,35.84179936378544],[129.2189455651157,35.84180019810627],[129.21913349718415,35.84179436025694],[129.21918341273354,35.84179264759239],[129.21933548183014,35.841786784264045],[129.21943760391275,35.841783273478924],[129.21963688533526,35.84177482766928],[129.21978936331175,35.84176874672431],[129.21995836524243,35.84176204072145],[129.22002145278407,35.84176039388675],[129.2200843194431,35.84175892767077],[129.22019111434625,35.841752064106245],[129.22019285193818,35.84175198884388]]]]}},{"type":"Feature","properties":{"godo_no":"8","godo_nm":"도심10m지구","h_max":10,"kind":"최고","conf":"area","area_m2":32580,"gosi_last":"경주시고시 2024-241 (황오1지구 지적재조사)","src":"V-World LT_C_UQ123 + 경북고시 2020-479 조서·도면","h_cls":"10m","lbl":"도심10m지구\n10m 이하"},"geometry":{"type":"MultiPolygon","coordinates":[[[[129.22205709712108,35.84059940604961],[129.2220658105116,35.84073619989684],[129.2220829942897,35.841005939686234],[129.22208767048704,35.84107977957141],[129.22208957995934,35.841109805733794],[129.2220914228692,35.84114777203542],[129.2220952969977,35.84122775090685],[129.22209961604042,35.84130451149593],[129.2221018050086,35.841343531623934],[129.22210622767548,35.8414217340219],[129.2221084741651,35.84146153813127],[129.2221096165718,35.84148236393235],[129.2221113305701,35.84151374232698],[129.22211170388556,35.8415206452202],[129.2221124148398,35.841533558834065],[129.22208190914677,35.841561463475095],[129.22192427035236,35.84156633109412],[129.22190510091255,35.84156692503113],[129.22189937824578,35.84156688145237],[129.22180137322192,35.84156606077869],[129.22160812465052,35.84157036238657],[129.22151256235432,35.84157229482946],[129.22141557271547,35.8415784296358],[129.2212955556827,35.84158699479943],[129.2212724151544,35.841588533199506],[129.22125912402998,35.84158942270765],[129.22120382312013,35.841592930556345],[129.22114324760028,35.84159029248022],[129.22111513339445,35.84159045201537],[129.2210630262653,35.84159211541132],[129.2210525782793,35.84159244993887],[129.22104904758663,35.841592537502216],[129.22098139999557,35.84159422925514],[129.22092717049975,35.84159692389428],[129.22087564044847,35.84159913591805],[129.22073448818054,35.841605927591026],[129.22070046714796,35.8416075037564],[129.22054904479978,35.84161493580831],[129.2204429975588,35.841619896689934],[129.22038366443562,35.841622266919984],[129.22029750647906,35.84162676785518],[129.22013002570662,35.84163508480538],[129.21997850422395,35.84164273261897],[129.21990464279298,35.841646931527364],[129.21980163820135,35.841651462725345],[129.2197556972869,35.84165348386509],[129.21962242332597,35.84165937669709],[129.21960978460754,35.84166003952596],[129.21943802209307,35.84166909329656],[129.2193947074266,35.84167220004834],[129.2192230079811,35.84167599910689],[129.2191041743317,35.84168029702372],[129.21902576170405,35.841683818683215],[129.2187428311859,35.841691333234735],[129.21867358195524,35.84169429734757],[129.21862258031265,35.84076138787858],[129.21868941983647,35.840751794946534],[129.218727591695,35.84074630943194],[129.2187326259607,35.84074558834325],[129.21874990252553,35.84074500734714],[129.21887519905212,35.84074077019141],[129.21904062644063,35.840735063323265],[129.2190554131105,35.840734685065826],[129.219103236897,35.840733291660165],[129.21917987990238,35.84073061131989],[129.21926621811963,35.84072759792358],[129.21942384347957,35.840722409367004],[129.21944324601537,35.840722121828385],[129.2195281832627,35.84072085019862],[129.21969935228915,35.84071408655537],[129.21974803796806,35.84071216860279],[129.2198572846707,35.84070786043466],[129.2199248387379,35.840704619334375],[129.22007860754016,35.84069776060288],[129.2201096291321,35.84069637933322],[129.2202468081075,35.84069028057908],[129.22028514513235,35.84068856149696],[129.22066583165855,35.84066954535896],[129.2207079088005,35.84066744079521],[129.22071556723728,35.84066705731164],[129.22080541001603,35.84066256737804],[129.22119113106842,35.84064302667545],[129.2218790809813,35.84060758254605],[129.22205709712108,35.84059940604961]]]]}}]}