{"type":"FeatureCollection","features":[{"type":"Feature","geometry":{"type":"MultiPolygon","coordinates":[[[[129.21451096564977,35.83674137130576],[129.21448322047058,35.83672574772339],[129.21444046691087,35.83678050240294],[129.21448080001744,35.836801574280884],[129.2145105483197,35.83676329047591],[129.21451096564977,35.83674137130576]]],[[[129.2156999627116,35.83676082479019],[129.21556179136678,35.83664234015739],[129.21555464493767,35.83664365970148],[129.21556952873536,35.83667971027612],[129.2156273933683,35.83682001311301],[129.2156999627116,35.83676082479019]]],[[[129.21660150817505,35.83718923742837],[129.2165890309392,35.837146964045125],[129.21643209762962,35.837155860793054],[129.21642256342645,35.8372444528081],[129.21643133474484,35.83727105106659],[129.2165384258157,35.837253005695544],[129.21659832509596,35.83725242083106],[129.21660150817505,35.83718923742837]]],[[[129.2143778096487,35.837409894040725],[129.21430788493387,35.83738654029748],[129.21430258985896,35.83739729258806],[129.21435270639395,35.83746766364395],[129.2143778096487,35.837409894040725]]],[[[129.21440368109228,35.837623057189106],[129.21443458913183,35.83759616316716],[129.21432381003697,35.83755154019217],[129.21420306324777,35.83748791835885],[129.2140791285608,35.837444868594005],[129.21406982585808,35.83746357699889],[129.2141891742488,35.83749680224064],[129.2141525431652,35.837610505824365],[129.21422422026288,35.83759784255992],[129.21427819283468,35.83760348797533],[129.2143211696769,35.83760311445795],[129.21435520512426,35.83762409839],[129.21440368109228,35.837623057189106]]],[[[129.21463281780203,35.837545440827434],[129.2146200524469,35.837544048503055],[129.21457206788997,35.83761708085961],[129.2146260877218,35.837644518286986],[129.21471160841884,35.83765980501351],[129.21471059473515,35.83760775054761],[129.21470419297324,35.837589583670734],[129.21466451192163,35.83757245819447],[129.21463281780203,35.837545440827434]]],[[[129.21462593922254,35.83765520738853],[129.21454985184238,35.837628692313096],[129.21454109754296,35.83763721564389],[129.21449916867613,35.837673547301826],[129.2146284085729,35.83770114879056],[129.2146581291806,35.83777653079256],[129.21468330202362,35.837769636629744],[129.21471125333727,35.83776700946218],[129.2147156481515,35.83771351241186],[129.2147925962375,35.83768938455471],[129.21470341554917,35.83767545625619],[129.21462593922254,35.83765520738853]]],[[[129.2148582422465,35.83787553859494],[129.2148619849491,35.83781828448129],[129.2148359166373,35.837821440079146],[129.21483495367315,35.837829697248644],[129.21485561242469,35.83787305581117],[129.2148582422465,35.83787553859494]]],[[[129.21579075374265,35.837855331576414],[129.21576160856984,35.83781735976323],[129.21574519264908,35.83783729766761],[129.21581604801645,35.83791418322463],[129.21583055210505,35.83790769538645],[129.21579075374265,35.837855331576414]]],[[[129.21589035966994,35.83802914944116],[129.21587584215638,35.8380018584217],[129.2158662395115,35.838003569903876],[129.21587228105187,35.83803172322129],[129.21589035966994,35.83802914944116]]],[[[129.21601225312563,35.83855486594145],[129.21597992614016,35.83853565489843],[129.21595454872298,35.83855705983756],[129.21600042736995,35.838577760800035],[129.21601225312563,35.83855486594145]]],[[[129.21393451103984,35.83855301425328],[129.2138166836792,35.83853040281634],[129.21381205150914,35.83864459950048],[129.21381097108528,35.838671125225595],[129.21380592013446,35.83889815926556],[129.21383496332598,35.83888145283281],[129.21395313547032,35.838804871961216],[129.21406469090255,35.83872504014875],[129.21414286212288,35.838706723614955],[129.21413109312806,35.838676444382635],[129.2141244714465,35.838588295728826],[129.21393451103984,35.83855301425328]]],[[[129.21661178372858,35.83916683409853],[129.21657656327105,35.839068156097504],[129.21639904590626,35.839071429789755],[129.21641121379565,35.839101527832945],[129.21644210280184,35.83918249503813],[129.2164408293822,35.83919870180611],[129.21643954535563,35.83921507983067],[129.2164521473861,35.839221465182746],[129.2165052170332,35.839228381973335],[129.2166228574592,35.83923028937184],[129.21661178372858,35.83916683409853]]],[[[129.21490234237658,35.83948461682712],[129.21484478140454,35.8394786355915],[129.214890908265,35.839587785289055],[129.21503010064495,35.83957772341135],[129.21503906524802,35.83951958581615],[129.21493654987876,35.839507492907615],[129.21493947660372,35.8394885704543],[129.21490234237658,35.83948461682712]]],[[[129.2157376480269,35.839616975280975],[129.2155760274567,35.83958867563901],[129.21556712673032,35.83962101034895],[129.21569144698313,35.839633000767364],[129.21597834380876,35.83965417314059],[129.2157376480269,35.839616975280975]]],[[[129.2163064596513,35.83965063997045],[129.2163970171743,35.83948880267947],[129.21639469120316,35.83948821201346],[129.216338877197,35.839530841837785],[129.21633241993442,35.839529231130584],[129.21633019360272,35.83952864929777],[129.21624882057964,35.839673256234605],[129.21629110178372,35.83967720024551],[129.2163252788283,35.839680392666615],[129.2164563959633,35.83969261347997],[129.21650863819377,35.8397127260593],[129.2165365847481,35.839728610166276],[129.2165568462348,35.839747283872846],[129.21663452268862,35.83977102797925],[129.21671102039744,35.83978862761623],[129.2167319388274,35.839767753233396],[129.21671153546686,35.8397580382431],[129.21667242230788,35.83975502600841],[129.21661162118923,35.83974614939401],[129.21655945957718,35.83972721735389],[129.21650006494792,35.8397022147896],[129.2163064596513,35.83965063997045]]],[[[129.2154981385251,35.83971228573071],[129.2152587927748,35.83969145122266],[129.21528994267968,35.83982874642693],[129.2154153503794,35.83985813834768],[129.2154981385251,35.83971228573071]]],[[[129.21382970312283,35.83958231988148],[129.21377936804217,35.839521646478985],[129.2137767454517,35.839588352686604],[129.21377674554773,35.83958838873649],[129.21377581730513,35.83963465158151],[129.21377283115885,35.83971446261697],[129.2137665548394,35.83987630229847],[129.2138900161728,35.83989405508934],[129.21392079650172,35.83983547345588],[129.21395617517138,35.83977044875343],[129.213976301142,35.839734381161456],[129.2139361881135,35.83968012468259],[129.21389323228988,35.83963067688128],[129.21382970312283,35.83958231988148]]],[[[129.216505232813,35.839804335279645],[129.216479599365,35.83980068601268],[129.2164256143196,35.83996335018936],[129.2164525133055,35.839960156710845],[129.216505232813,35.839804335279645]]],[[[129.21479111486482,35.84002190569976],[129.21475424510362,35.83993076455963],[129.21472393793462,35.83993846094716],[129.21473791514723,35.83998721183633],[129.21478007342859,35.84003616505928],[129.21480580114726,35.84005848843678],[129.21479111486482,35.84002190569976]]],[[[129.2149199014471,35.83998212114382],[129.21489453756115,35.839917943059014],[129.21487804462882,35.83992176661212],[129.2149056755144,35.83999344809323],[129.21493408609754,35.840066939696094],[129.21495095095756,35.84006559391423],[129.2149199014471,35.83998212114382]]],[[[129.2148920967696,35.84015549005322],[129.21488001858896,35.84011740662003],[129.21485798994948,35.84012484500288],[129.21483778006163,35.840166662868256],[129.21489483923563,35.840166940079776],[129.2148920967696,35.84015549005322]]],[[[129.21642856021222,35.84038656323634],[129.21639503738726,35.840383919438366],[129.21638262016555,35.84038456350665],[129.2163714312468,35.840413820085836],[129.2164356112646,35.84041951837393],[129.21643012959893,35.84039389660973],[129.21642856021222,35.84038656323634]]],[[[129.21646699589928,35.84098341980849],[129.21715065616016,35.840874351202544],[129.21764503712737,35.840788429971205],[129.21819059881983,35.840702666775535],[129.21820373454636,35.84059178926443],[129.21825692683805,35.840313864797665],[129.21828639121344,35.84015515548054],[129.21834398586975,35.83995364006081],[129.21844797314336,35.83961975527661],[129.21847607093474,35.83955285877792],[129.21848250045386,35.83953613797952],[129.21853729465093,35.83939992312353],[129.21870562611684,35.83905977532721],[129.21873256934896,35.83900800383879],[129.21875028012872,35.838976022478995],[129.218768666751,35.83894429224469],[129.21878774035707,35.83891284015302],[129.21880747876062,35.838881648218724],[129.21882788205943,35.838850752491304],[129.2188489502529,35.838820152970506],[129.21932793989023,35.838129990951664],[129.21942935219002,35.838014374858545],[129.21979851826194,35.837661198504016],[129.21992053828657,35.83758596566079],[129.22032612881205,35.837338780682195],[129.22040681200235,35.83728504534628],[129.22046180198362,35.83725002168347],[129.22051753563426,35.83721578072844],[129.22057399086796,35.837182340545446],[129.22063115664244,35.837149710166095],[129.2206890108224,35.83711788962987],[129.2209179248293,35.83699431591709],[129.2211929046693,35.83686311408813],[129.22120932926867,35.83685491872507],[129.2213428704253,35.83679639058804],[129.2218708490013,35.836607368479726],[129.2220292768862,35.836555237884994],[129.22228941562187,35.83648956371099],[129.22244506391334,35.836480977117766],[129.2224359175594,35.83635973059102],[129.22239289865465,35.83578971421016],[129.22195506858807,35.8358002517131],[129.22142144881192,35.83577999596523],[129.22088810522342,35.835755438374974],[129.2184675075957,35.83566846419536],[129.21828216382627,35.835660281858665],[129.21818290020718,35.835653863721625],[129.21808377666468,35.83564603929799],[129.21798483747546,35.83563680850832],[129.2178861158482,35.8356261712933],[129.2177876339239,35.83561412761355],[129.21751657543592,35.83556331593256],[129.21723709300025,35.83558549308687],[129.21683520284444,35.83561723497071],[129.2164526019254,35.835648292109106],[129.2159021301139,35.835702845859444],[129.2157718213194,35.83572122046577],[129.2156882720438,35.83575102057867],[129.2154765796234,35.83585562742218],[129.21526434235955,35.835959504847516],[129.2151767839317,35.83600915729064],[129.21512408483753,35.836040533417304],[129.21507205175914,35.836072647363096],[129.21502072899165,35.836105508062936],[129.2149701164621,35.836139088480046],[129.21492022521386,35.83617337958336],[129.21487107738247,35.83620838133436],[129.21482268396304,35.836244066677],[129.21477507818352,35.83628044456567],[129.21472823783537,35.83631748800313],[129.21468221823443,35.83635518787959],[129.21465694773977,35.83637506023517],[129.21464135398273,35.83638788566248],[129.21462603752295,35.83640093590873],[129.2146110094044,35.83641420194208],[129.21459625853493,35.83642767476964],[129.21458180705062,35.83644135435227],[129.21456764388327,35.836455240709824],[129.21455379114516,35.83646932479056],[129.21454023776806,35.83648360661424],[129.21452698372826,35.8364980771685],[129.2145140511374,35.83651272740182],[129.2144814605828,35.83654767260422],[129.21445729379136,35.83657470790889],[129.2144525823477,35.836580177840766],[129.21451951351577,35.83661840745659],[129.2145720254121,35.836653382047494],[129.21463925325665,35.83659145501689],[129.21466163800446,35.83660578125783],[129.21469622604937,35.83656454172933],[129.2146410588974,35.83652996845215],[129.2146749388565,35.836497111822126],[129.21492116317924,35.83660621286613],[129.2149225445462,35.83665086741292],[129.21476353748685,35.836748944476085],[129.21475996819908,35.83687513499616],[129.2147541296137,35.83692263228447],[129.21474389331289,35.83700598013655],[129.21460442331278,35.837009895639014],[129.2145534481856,35.83701577205766],[129.21455121744404,35.8370342065998],[129.2145110080097,35.83703046558809],[129.21444102009318,35.83702476754353],[129.21441422705996,35.83712525946421],[129.21436298095955,35.83724931735048],[129.21452319899763,35.837280721433544],[129.21456982533812,35.83728343264957],[129.21457237009773,35.83725825619224],[129.21458368177355,35.837200321734485],[129.21459300673146,35.83719826837163],[129.21459485094118,35.837147046996385],[129.21460523290511,35.837147064635936],[129.2147508344871,35.837122319349135],[129.2147813006766,35.8371372170381],[129.21485063377952,35.83717113422129],[129.21496006127194,35.83720297036062],[129.21494052102074,35.83727135595737],[129.2149254495511,35.83733872421235],[129.21495997810163,35.83734131256216],[129.2149541121811,35.837366179488434],[129.21505566876405,35.83737258719997],[129.21511762759073,35.83737641554377],[129.2151158726078,35.83739886882941],[129.21513912985228,35.83740411782903],[129.21509392292867,35.83749740558209],[129.21508400111588,35.83752867860606],[129.21505815495078,35.83761467686],[129.21518163031777,35.837642990974075],[129.21518929991376,35.837626232090486],[129.21524140449893,35.837513140560574],[129.21525773769335,35.83751597748682],[129.21526855452316,35.83749654529628],[129.2153411772483,35.83743217490646],[129.215467531195,35.83746911759126],[129.21547444252434,35.8374585336094],[129.2154887695055,35.83744381770458],[129.21551510795726,35.83741767056766],[129.2155311871249,35.83740423131376],[129.21553477620344,35.8374012237551],[129.21554815945737,35.837368944139214],[129.21557906088194,35.837294454761405],[129.21557896282263,35.83728679430129],[129.21558823846274,35.83726227275788],[129.2155886003699,35.837256909668795],[129.21558967545874,35.83724098264549],[129.21558983496624,35.83723855799573],[129.2154321027135,35.8370901594947],[129.21537670614853,35.83708170522727],[129.21518205615573,35.83700937460674],[129.21513338170757,35.83691147711626],[129.21512231844642,35.8368843871468],[129.21511365334283,35.83683943011401],[129.21511297262276,35.836812583049955],[129.2151719447845,35.83677181375224],[129.21533771020503,35.836758937428776],[129.2153228244784,35.836705636880374],[129.21526099630566,35.83667193192983],[129.21529707830035,35.83661833341711],[129.2153057542946,35.83660544811332],[129.2153195110716,35.83656389397868],[129.215342940401,35.836493131101676],[129.21527588651344,35.83643402017008],[129.21524258149856,35.83640466257061],[129.2152424018414,35.83635419281771],[129.21523930139867,35.83632479050225],[129.21518424326462,35.83622771550074],[129.2151992017289,35.836217414636266],[129.21527735255646,35.83616363315795],[129.2152990942403,35.83614866975705],[129.21534376244392,35.83612308486639],[129.2154044545789,35.83608832373676],[129.2153542988473,35.83601986382577],[129.21543308621443,35.835993037540035],[129.21553836919492,35.836011136456506],[129.21565317735636,35.83603583349142],[129.21576364966145,35.83606977597337],[129.2157814314349,35.83603518127901],[129.21578282964614,35.836032420956634],[129.21587100179724,35.83587778922073],[129.21598444027333,35.83591176225964],[129.21605189211866,35.83594599755333],[129.21609868651376,35.83596206442293],[129.21616788983857,35.835902791696704],[129.21623616451816,35.83590966342624],[129.2163539070232,35.836021027889494],[129.21636400218503,35.83603377155891],[129.21642930748416,35.8360517338788],[129.21645371341342,35.836060315201074],[129.2164708024974,35.836064457426],[129.21647220852452,35.83607691020401],[129.2164896129704,35.83623074970376],[129.21656540091428,35.83623269598426],[129.216584774627,35.836193429841735],[129.2165999543987,35.836162679015096],[129.21663486554698,35.83611857236999],[129.21664440680863,35.83610651457114],[129.21673362897326,35.836128129034755],[129.21727967387278,35.83634255787033],[129.21730113419164,35.83635051343303],[129.21758820585174,35.83647300935716],[129.21776189819352,35.83656734630809],[129.2178092785389,35.836578833098145],[129.2177956326097,35.836591430114645],[129.21778060009237,35.83660289404848],[129.2176264300129,35.836695639794],[129.2175055493219,35.836795418355315],[129.21748044839487,35.83682047319161],[129.2174478082748,35.83685303096819],[129.21739983555878,35.83690073026557],[129.21731407079017,35.83696684689371],[129.2172564641538,35.837016969774915],[129.2172114388919,35.83705371350264],[129.2170967582145,35.8369664078164],[129.21708085417234,35.83697899077734],[129.21704015770322,35.83694662774836],[129.2169960919959,35.83691257639498],[129.21692604082986,35.83697357249812],[129.21685873907546,35.837032184329686],[129.21694439668818,35.837094099959025],[129.21700700260632,35.83714898204674],[129.21709935738673,35.83714979875124],[129.21715421407538,35.83721632981632],[129.2172275634032,35.837306521551255],[129.217296040225,35.83739163893351],[129.21731337941955,35.83741444549821],[129.21737717471555,35.837491441955],[129.21742142129636,35.837547131877976],[129.21748514677762,35.83762687721665],[129.21752832759367,35.83768132528769],[129.21758660532416,35.83770713147605],[129.21763144491294,35.83774467806942],[129.21765435079672,35.83777126883813],[129.21765368782943,35.837783923595225],[129.21783682915108,35.83785150329793],[129.2178898646459,35.83769534717928],[129.2179248633323,35.83758976567872],[129.217930820115,35.83757016175235],[129.2180472032384,35.83761125642173],[129.2181090047926,35.83761818380983],[129.21816929055964,35.837625312174325],[129.2182754134214,35.83762970815339],[129.21830228885977,35.83763038067046],[129.21846361823884,35.83767885619706],[129.21844465836688,35.83774388865165],[129.21844252002418,35.8377512196828],[129.218377404614,35.837856558274666],[129.21837402152275,35.83786201694885],[129.21833223925276,35.837992287067316],[129.2184832793745,35.83800546110251],[129.2184613185331,35.8380293298301],[129.21832994216643,35.8382178563065],[129.21827417716707,35.838298132199235],[129.2182456585265,35.838340425272726],[129.21818307441683,35.838436665562504],[129.21812014186253,35.838526931153055],[129.21808685992667,35.8385882041055],[129.2180034427485,35.8385655708009],[129.2179869688267,35.83850290946639],[129.21797955940025,35.83852154265847],[129.2179460122848,35.83846079568773],[129.21788940461707,35.83836141755651],[129.21790493037608,35.83835213375088],[129.2178687361827,35.838298844868966],[129.21782957005934,35.83841875472105],[129.21778864289092,35.8385464274982],[129.21775366985793,35.83866167931928],[129.2177397004196,35.83871018274353],[129.21799045975553,35.838769303931635],[129.2181426968566,35.83882324882398],[129.2180715767188,35.838955473359135],[129.21806321872063,35.8389712603118],[129.2179999223476,35.83909077207745],[129.2179008413516,35.83927948320458],[129.21789836098137,35.839279100133375],[129.217819240387,35.839428678982586],[129.21776615458919,35.83953007512074],[129.21768450411915,35.83968568779626],[129.21756015291,35.83991955168405],[129.2175256430271,35.83998143952679],[129.2174684637345,35.84009196354111],[129.21744538494062,35.84013656285122],[129.21742521389018,35.84017995826825],[129.2174197768646,35.84019950715253],[129.21741269047314,35.840227170256156],[129.21740621304073,35.840254904365146],[129.2174003225774,35.84028276359415],[129.21739503000606,35.84031069384859],[129.21739034634655,35.84033867708382],[129.2173862931506,35.84036649696092],[129.21737951785738,35.84042319779879],[129.21734967912116,35.84054656952499],[129.21710620676225,35.84055619937503],[129.2170631551747,35.84058680197083],[129.21700934595196,35.840634178093694],[129.2169710693973,35.84067054910887],[129.21693417872487,35.84065457299143],[129.2169541742956,35.84062800432334],[129.21694087204625,35.84062473860839],[129.2168740598939,35.840607644487925],[129.21687152552562,35.84061186688314],[129.21685106918684,35.84060720802923],[129.21683834350958,35.84060431078238],[129.2168270564334,35.840527580504535],[129.2166625912014,35.84049599786416],[129.21660993650377,35.84048320424895],[129.21650448465616,35.84045403022631],[129.21648234620923,35.84047407759955],[129.2165038475219,35.840607577438576],[129.21658798070922,35.84065289497004],[129.21658084977966,35.840664182378966],[129.21656568726584,35.84066474125471],[129.21653597893345,35.84077541392181],[129.21640875435426,35.840729695766186],[129.21641176773025,35.84074711155129],[129.21632224984685,35.84072444293919],[129.2163087156143,35.84068439753112],[129.21623897538302,35.84070612515633],[129.21621958617396,35.84071136001975],[129.21619698136604,35.8406241232984],[129.2160647401966,35.84064306946059],[129.21603346771454,35.84064172835733],[129.2160278354759,35.84061358334259],[129.2160194193822,35.84057512397727],[129.21600631369313,35.84051329454056],[129.21601632547828,35.84049899184532],[129.21602469968096,35.84042735450544],[129.21600606541347,35.840379972972706],[129.21601639229783,35.84032649234762],[129.21600797783398,35.84032973384596],[129.21591556960342,35.84035977522797],[129.2158757164373,35.840373905842974],[129.2157876598401,35.84041695342295],[129.21576431537272,35.84043311842462],[129.21573289481384,35.84045488557414],[129.21567078021752,35.8404393055223],[129.2156418901169,35.840373024959426],[129.21561006460306,35.84029765599956],[129.2156511523315,35.84018690919681],[129.21559959741407,35.84016722762222],[129.21558103116834,35.84016151973306],[129.21557969912695,35.840139504551054],[129.2154865766979,35.84012615165429],[129.21547909459437,35.84015096739766],[129.21543834511576,35.840156934132665],[129.215401979389,35.84016312737585],[129.21537843454905,35.84019536196012],[129.21537814211501,35.84023073657112],[129.21540354018038,35.840295094738984],[129.21530281178514,35.840305854683],[129.21519420890002,35.84031486209493],[129.21520277453777,35.840479379187826],[129.21520572381928,35.840580286980085],[129.2153648003699,35.840587925962545],[129.21537671183285,35.84070397683351],[129.21538392551557,35.84076879996457],[129.2153607104674,35.84080850532313],[129.21534893490576,35.840879157290644],[129.21547354578806,35.84089560860218],[129.2154689164175,35.84092758420438],[129.21534253922343,35.84092113991331],[129.21526850577357,35.84091057379337],[129.21520547698307,35.840900898320506],[129.21516883371808,35.84089453756549],[129.21513233294922,35.84088765382054],[129.21509598574556,35.84088024706623],[129.2150598032249,35.84087233530785],[129.215023796408,35.84086390050101],[129.21498796536798,35.840854969683136],[129.2149523432389,35.84084551575814],[129.2149169300938,35.840835565763605],[129.21488172590904,35.84082511068721],[129.2148467639153,35.840814159482605],[129.21481203304444,35.84080271216956],[129.21477755545828,35.840790777721686],[129.2145195998053,35.840682841865856],[129.21434922961583,35.840615883426],[129.2144880779292,35.840385340816354],[129.21458217660208,35.84022151587726],[129.21448053203255,35.84024150556429],[129.2143690254551,35.84026154868595],[129.21430077737378,35.8402742600376],[129.2141926700692,35.84026991814378],[129.21405934184259,35.84024231442425],[129.2141257274864,35.84011238082099],[129.21421832888396,35.840154539668745],[129.21422287447623,35.84014076051074],[129.21417508967698,35.84012348700226],[129.21411192075558,35.840094199985025],[129.21408227934145,35.840139891764316],[129.21403731263447,35.84024958142004],[129.2139526705621,35.840261771806105],[129.21388801607307,35.84025651464295],[129.21389874382425,35.84020755776662],[129.21378349692614,35.84018641979744],[129.21375276665506,35.84018078718886],[129.2136678075044,35.84017780988432],[129.2136534037026,35.84045078811092],[129.21365439010395,35.84044711827906],[129.2136560948329,35.84044302359117],[129.21474617702415,35.84088219318651],[129.21482588689653,35.840908656624734],[129.21490262427662,35.84093282709973],[129.21497987903018,35.84095591510572],[129.21505760680733,35.84097789368297],[129.21513579653674,35.840998762850234],[129.21521441500943,35.84101852266577],[129.21529345112987,35.84103716413595],[129.21537287166473,35.84105467830661],[129.2154526544496,35.841071056203965],[129.2155327884124,35.84108629784706],[129.21646699589928,35.84098341980849]]]]},"properties":{"uname":"제1종일반주거지역","dyear":"0000","dnum":"0000","sido_name":"경상북도","sigg_name":"경주시"},"id":"LT_C_UQ111.12521"},{"type":"Feature","geometry":{"type":"MultiPolygon","coordinates":[[[[129.2175998480315,35.84502132324262],[129.2175991757611,35.84479392106093],[129.21756190503157,35.844793654621235],[129.2174311777428,35.84479773795016],[129.2173204967521,35.8447977295084],[129.21732043204477,35.84502306014159],[129.21743146748904,35.845023040908494],[129.2175998480315,35.84502132324262]]]]},"properties":{"uname":"일반상업지역","dyear":"2010","dnum":"0618","sido_name":"경상북도","sigg_name":"경주시"},"id":"LT_C_UQ111.12555"},{"type":"Feature","geometry":{"type":"MultiPolygon","coordinates":[[[[129.22472036166758,35.84502006783131],[129.2247667208221,35.84499285408241],[129.22487037145294,35.84493700927141],[129.22493531602458,35.844902010158215],[129.22497869716167,35.84487865020139],[129.22508461987897,35.844831831502724],[129.22511180288905,35.84481894712222],[129.22512072387514,35.84481472168382],[129.22526068743238,35.844761170225645],[129.22526014216803,35.84473650403283],[129.22531957655985,35.844737889415946],[129.22533433754663,35.84473205787128],[129.22540896314203,35.844723149675524],[129.22559367175472,35.844698480612834],[129.22564528405098,35.844693364386075],[129.22574709218102,35.844683278709525],[129.2258576767311,35.84467268988526],[129.22579210880627,35.84439567795848],[129.22578618355936,35.844158642268745],[129.22497433576916,35.84422363891405],[129.22478728966504,35.84423940701958],[129.2246942851515,35.84424669066879],[129.22462784695327,35.84425017571837],[129.22462766987348,35.84425018505971],[129.22456036079654,35.84425495146404],[129.22449940414626,35.84425927344182],[129.22445102467296,35.84426058891604],[129.2243056648865,35.8442645446449],[129.22401565926904,35.84427048952824],[129.22387094192433,35.84427461477913],[129.22369434746847,35.844279456717466],[129.22289428790006,35.844313513655514],[129.2229013244095,35.84439590197333],[129.22276295722577,35.84439886058999],[129.2226931593203,35.84440034998183],[129.22269654430252,35.84448327677001],[129.2226925934313,35.84461511888139],[129.222682910394,35.84474358284165],[129.2226827036266,35.844760806107615],[129.22268081070126,35.84490827209718],[129.2226831996147,35.84503111706807],[129.2226935951977,35.845246938254526],[129.22268659507512,35.845337058096305],[129.2226807684281,35.84545114902068],[129.22279127970313,35.84545349608619],[129.222815268267,35.84545400166783],[129.22283307756783,35.84544958879067],[129.2228836735879,35.845437022285665],[129.22301558380624,35.845404271100925],[129.22317359999738,35.845381169061035],[129.22322982013378,35.845372945071205],[129.2232422624699,35.845373111373235],[129.22337733488146,35.845374916885326],[129.22344923256503,35.84537588362824],[129.2234752412359,35.845410146163566],[129.22349017167272,35.84542530463991],[129.2235137828991,35.845449288335786],[129.2235239794488,35.84544990938299],[129.2235241897895,35.84544991800684],[129.2236242400159,35.84545602382175],[129.2236517289018,35.845457396978055],[129.22378433933326,35.84552890022782],[129.2238204463792,35.84554836350991],[129.22383814852384,35.84554919595564],[129.2238428314453,35.84554941260297],[129.224015538255,35.84544367371963],[129.22408047341722,35.845405025025904],[129.22428705874563,35.8452820631949],[129.2245576835631,35.84511722724263],[129.22463036186417,35.84507291304029],[129.22472036166758,35.84502006783131]]]]},"properties":{"uname":"보전녹지지역","dyear":"2010","dnum":"0618","sido_name":"경상북도","sigg_name":"경주시"},"id":"LT_C_UQ111.12570"},{"type":"Feature","geometry":{"type":"MultiPolygon","coordinates":[[[[129.22882874549984,35.888238498528516],[129.22909061153825,35.88810408685652],[129.2290619471291,35.888095741584394],[129.22904637345133,35.88809120178806],[129.22897401413465,35.888070132605],[129.22894478442717,35.88806161713936],[129.228866425801,35.888037864535086],[129.22865521076986,35.887972085909],[129.22821943625647,35.887821139949715],[129.2280901737783,35.88776531754512],[129.22805491136154,35.887750098980895],[129.22765225190827,35.88757507936128],[129.22715642738166,35.887356108587724],[129.2267193767967,35.88716299939106],[129.22574794247137,35.886741079465686],[129.22573804019308,35.88673672692301],[129.22520212896006,35.88649998726055],[129.22498986790555,35.88639837967728],[129.22487188507353,35.88634282119668],[129.22485507440854,35.88633534510123],[129.2248142453569,35.88631718886531],[129.22434135333353,35.8861071221196],[129.2242538520581,35.88606825157533],[129.22423276127864,35.88605888170628],[129.2234007878135,35.88568908227719],[129.22315756548934,35.885579390402526],[129.2231414201373,35.88557209308661],[129.22292194082067,35.88548945731329],[129.22212370499417,35.8851486158447],[129.2211147615081,35.88473742488511],[129.22081978196698,35.88460366052687],[129.22066385033892,35.88453960536002],[129.22052816017424,35.88447432343666],[129.22040711790984,35.884407527610165],[129.22028040517054,35.884332522644726],[129.22018817735488,35.88426890957089],[129.22010331401722,35.88420517487245],[129.2199891262248,35.88411363600936],[129.21990184098289,35.88403087129853],[129.21985569461378,35.883987127705076],[129.2197487870878,35.88387673036054],[129.21965415334927,35.8837592809223],[129.21949991614358,35.883540729892694],[129.21930568625874,35.883211776678905],[129.21914718201575,35.88293864455039],[129.21867608294946,35.88213934560465],[129.21858994169625,35.88198345988539],[129.21856697072977,35.881941881937436],[129.2183377085603,35.881551651669085],[129.21820139431424,35.88131974612755],[129.21807539468725,35.88110546819014],[129.21780927938022,35.88065302729652],[129.21779559551157,35.88062999810307],[129.21767754720852,35.88043124285811],[129.21763575039003,35.88036086778588],[129.21741445259823,35.87998843891269],[129.21720480316088,35.879610590231195],[129.21717295514858,35.87955783447955],[129.21656847387902,35.878556499783045],[129.21529601991895,35.87640254253655],[129.21524361256647,35.87630922173357],[129.215205592292,35.87624152475099],[129.2151273056464,35.87611086627949],[129.21506483320758,35.87600943406079],[129.214826442019,35.87559644742008],[129.21480113712664,35.87555440419865],[129.21470375505447,35.87539253316288],[129.21451516368003,35.87507016781096],[129.2143080029852,35.874710235079434],[129.21395273676922,35.874113220977804],[129.21378251397945,35.87382935917249],[129.21370209675294,35.873707688896694],[129.21367918233204,35.873677150108286],[129.21367334455135,35.873668021788546],[129.2136645535481,35.87365598766107],[129.21365569620482,35.8736439897],[129.21364677249733,35.87363201889282],[129.21363777137657,35.87362008427144],[129.21362871498877,35.87360818579679],[129.2136196034061,35.87359635050615],[129.21361958118763,35.87359632350806],[129.21318333773058,35.87311223187018],[129.21298707433374,35.87289444003859],[129.21362679324278,35.872480235024575],[129.21373537634932,35.87240993530963],[129.21429594190712,35.87204696717886],[129.21449174956146,35.87192018435773],[129.21532236098798,35.87138235020922],[129.21543396788076,35.871321731963214],[129.21543649992648,35.871320375584794],[129.2154186160626,35.87129935432689],[129.21546647538,35.87130432507912],[129.21620938197466,35.87081754333007],[129.21624298350943,35.870795366687744],[129.21637260493603,35.87071036369175],[129.21701005478369,35.87029719007215],[129.21713913690093,35.87021398970458],[129.21714556031841,35.87015723571572],[129.2171292811105,35.870140042124305],[129.21703307184882,35.87003844606622],[129.2170984833334,35.869995321217814],[129.21721535079575,35.87011604062261],[129.21727298113092,35.87011894728177],[129.2181917908798,35.86951529697571],[129.21836381825605,35.86940256508336],[129.2185309489985,35.86929314035139],[129.2186257988395,35.86924106617854],[129.21868589018158,35.869208728983885],[129.21879931446708,35.86916287573942],[129.21881881391297,35.86915499061013],[129.21917872514035,35.869052579249136],[129.21924991903353,35.86903538061551],[129.21927093713742,35.86901196418631],[129.21927221518794,35.869029869633195],[129.21941194503924,35.86899532382263],[129.2194482942275,35.86898648875324],[129.2200294816754,35.86884518094796],[129.22078897788643,35.86865925772453],[129.2208282013847,35.86864888487185],[129.22119557690462,35.86856079266907],[129.22125510756902,35.86854651619008],[129.22135743509,35.86852081467179],[129.22131715705441,35.868353788297114],[129.22125823005734,35.86810944204371],[129.22124407241867,35.86805074272691],[129.2212386409745,35.867992442019734],[129.22125651450992,35.86796532686969],[129.22125742857955,35.86793546690379],[129.22126199382114,35.86792066008615],[129.22121319075177,35.86795023813838],[129.22049307852978,35.86812101441043],[129.2202611478377,35.86817880132602],[129.22014990156254,35.86820652792506],[129.21984485298594,35.86828234585232],[129.2195586584929,35.86835347835094],[129.21944044729278,35.868381261997946],[129.21919977006348,35.86843987385433],[129.2191629299163,35.86844724971951],[129.21893899316873,35.86850154078713],[129.2187327399806,35.86854811182921],[129.21861816531566,35.8685819084169],[129.21848487714024,35.868627572063396],[129.21842948260388,35.86864834670022],[129.2183891792918,35.8686648401827],[129.2183220439351,35.86869231420275],[129.21828001518736,35.86870951373491],[129.2181700822143,35.86877278128685],[129.21814975117525,35.868784299833955],[129.21813403085585,35.86879342176007],[129.21811839940722,35.868802651673455],[129.21810287899865,35.868811998546555],[129.21808745853315,35.868821453386985],[129.21807213803515,35.868831025207264],[129.2173150361347,35.869331200561426],[129.2172867401079,35.86934959175534],[129.21715615828853,35.86943449833882],[129.21693510130635,35.8695806355179],[129.2168511878506,35.869636104473585],[129.21679849874116,35.86967094196048],[129.21639250790867,35.869941357838044],[129.21636208185296,35.86995840075409],[129.2163054884127,35.869995002437044],[129.216222223015,35.870048856561446],[129.21610187701657,35.87012811090748],[129.21560160844942,35.87046043686118],[129.21516729989446,35.87074454390997],[129.21504737632625,35.87082107467921],[129.21475534298224,35.871011621213164],[129.21410531097135,35.87143835985828],[129.21398468073482,35.87152055964932],[129.21306153854374,35.872123004665255],[129.21265889494012,35.87238741768739],[129.21257431137505,35.87244296592953],[129.21233447152304,35.8721847475724],[129.21227633851996,35.87212215892285],[129.21338268326994,35.87079427235595],[129.2139736539666,35.870098764263844],[129.2140199229454,35.87004339096],[129.21431100451167,35.869696337444594],[129.2145033683699,35.869464078797236],[129.21454856884577,35.86941105042022],[129.21463015035027,35.86931535556968],[129.21476417264523,35.869158111586074],[129.214825194657,35.86908824676873],[129.2148818639987,35.86901799310312],[129.21502538875802,35.8688495654995],[129.21636491481397,35.86728375771567],[129.21650412702022,35.8671197341037],[129.2165429905759,35.8670745661594],[129.21657803720228,35.86703872392626],[129.21664491416288,35.86696100683662],[129.21685448472473,35.86671748398945],[129.21731841212053,35.86617850799791],[129.21770899700806,35.86572710116491],[129.2177819877055,35.865642757273726],[129.21804333383656,35.86534168459675],[129.21815965862845,35.86520809032266],[129.21826347547474,35.86509216491764],[129.2184003355771,35.864937327011155],[129.2185592785687,35.864752167150556],[129.21965259923113,35.86348222230338],[129.21970351238852,35.863423467664454],[129.219884175316,35.86321524870962],[129.2200609936104,35.863010407136585],[129.2208985168374,35.86206303957242],[129.22092956443768,35.8620279153353],[129.22091820834254,35.86196486678904],[129.22088280097836,35.861840171782895],[129.22086369567432,35.86174527828581],[129.22084950634684,35.86169062551616],[129.22081282411807,35.86158534567971],[129.22079947636075,35.86159904196824],[129.22072951692564,35.86136644954753],[129.22071751030052,35.861380675116116],[129.22061735937876,35.86149802899696],[129.2205200002968,35.86161212419975],[129.220252615833,35.86193198639367],[129.22006640718627,35.86215131939718],[129.21987803931702,35.862366897829546],[129.21969781037646,35.862575224163],[129.2195199071828,35.86278010323533],[129.21936112290365,35.86296032529519],[129.21922899458662,35.863110712614436],[129.21905408197935,35.86330880818386],[129.21899722101804,35.8633749905818],[129.21883320412607,35.86356172840745],[129.2188031879004,35.86359803086455],[129.21849657048452,35.863953388048415],[129.2184327427906,35.86402710817025],[129.21803986124826,35.86448441575922],[129.21797199588315,35.864563838789856],[129.21790811486983,35.864638667256855],[129.21787031181603,35.864682229528334],[129.21774380683732,35.86483017168521],[129.2176819345914,35.86490282440833],[129.21760036905428,35.8649973136889],[129.21756289453282,35.86503558495118],[129.21753534714355,35.86506814246936],[129.21744925038703,35.86516990384382],[129.2174436658622,35.865176511009736],[129.21707055908269,35.865617557368786],[129.21661024224923,35.86616452905744],[129.21615956206347,35.866686508177494],[129.2160553579789,35.866796231856476],[129.21597584611592,35.866890013370266],[129.21593527399887,35.8669381042219],[129.2155855427002,35.86734892138898],[129.21553246405693,35.86741148137233],[129.21548595115544,35.86746577421746],[129.21516442398695,35.86783807468396],[129.21488932135384,35.86815695604689],[129.21466228650738,35.868419558764764],[129.21464225990502,35.8684415486633],[129.21234690651127,35.87108563819527],[129.212118286253,35.871349617692935],[129.21190732076352,35.87159493706808],[129.21185547211488,35.87165580790697],[129.21179211373547,35.87158494571566],[129.21101888480868,35.87072040663132],[129.21091647032992,35.87061442742745],[129.21076032679912,35.870443688064626],[129.21071534599056,35.87039613555012],[129.21062627506558,35.870294395746164],[129.210540035087,35.87018695507123],[129.21052071582398,35.87016267306419],[129.21049801925983,35.870134125022524],[129.2103865730862,35.869982576029386],[129.21033160888342,35.8699068948039],[129.21025299419827,35.86978925657474],[129.2101991631142,35.869706444458025],[129.21013403140287,35.869599985213604],[129.20960555814074,35.868809048752354],[129.20944391618104,35.86856559555943],[129.20935124067978,35.86842622495639],[129.20874744174395,35.867518631300726],[129.2086550136853,35.86737980045353],[129.20796895751863,35.86635016247855],[129.2073407990197,35.865408554139336],[129.2080317882702,35.86515385638263],[129.20810328057112,35.865128327296055],[129.2082137481858,35.86508644557259],[129.20873657995978,35.86488643226696],[129.209055424583,35.86476918833894],[129.20918341353536,35.86472130018145],[129.20930909145528,35.864674623556326],[129.20959776811728,35.86456768656158],[129.20968471904467,35.86453491977704],[129.2099661054724,35.86443072530876],[129.2102066843706,35.864340840787655],[129.21023344130174,35.8643309076186],[129.21088466889947,35.86408654574839],[129.21137733062858,35.86390446327653],[129.2114808877477,35.863867448341225],[129.21200206969215,35.86367352513813],[129.21215169201983,35.86361824172962],[129.21228161556851,35.8635706352753],[129.2125277314032,35.86347893389264],[129.21255917801656,35.86346742379698],[129.2127414952015,35.86339986129581],[129.21276389320394,35.86339143129774],[129.21305964186695,35.86328275215831],[129.2131985122311,35.86323170421602],[129.21338573920136,35.86316226650256],[129.2137999005478,35.8630087108175],[129.21388650528982,35.86297612185039],[129.2140227302121,35.86292573554193],[129.21421472290484,35.86285452166001],[129.21435981714083,35.86280047822531],[129.21455986234136,35.86272661788125],[129.21489222583827,35.862603548464904],[129.2151279398746,35.8625161591765],[129.21533400953277,35.86243925863819],[129.21537032247315,35.86242611689904],[129.21572291104394,35.86229470868753],[129.21576791636468,35.86227792831341],[129.2157931535932,35.862267437842114],[129.21604348806477,35.86217475739114],[129.216380945823,35.86204978213579],[129.21668768398047,35.86193898350707],[129.21715647504234,35.86176248977977],[129.21716484828752,35.861759563719595],[129.21759896379908,35.861596270694555],[129.21773948857074,35.86154505229857],[129.2177641332239,35.8615366894234],[129.21792791998288,35.86147359555081],[129.21805083373096,35.861415775334],[129.21818778189143,35.86133611948986],[129.21820517390577,35.86132343460491],[129.21820820149577,35.861321230099776],[129.21821896641305,35.86131435218802],[129.2183659948277,35.86122047429522],[129.21850430847678,35.86112210572587],[129.2186028427395,35.8610524144844],[129.21885740430434,35.860872317539844],[129.21911880221873,35.86068647573493],[129.2193942100039,35.86049061311327],[129.21989305291228,35.86013529171889],[129.22002949528118,35.86003821356798],[129.22003281020415,35.86003585528185],[129.22003605882296,35.86003354217872],[129.2200777933372,35.8600037250838],[129.22008827964834,35.85999630676184],[129.22010489865244,35.859984560304],[129.2201395829462,35.85995959571561],[129.22017089725452,35.859896793862156],[129.22019392049896,35.859850617087105],[129.22016190329623,35.85975423285172],[129.22009031448485,35.85953983012538],[129.22002460229666,35.859348686876],[129.2199270155519,35.85906844109656],[129.21982126421653,35.85875780195874],[129.21981198174961,35.85873180881403],[129.21969003539314,35.85837309035672],[129.2196049857523,35.85812196785491],[129.2195265349325,35.85787487089748],[129.2194585254786,35.85767260103672],[129.21944232293296,35.85762603590777],[129.21939565716463,35.857491969783716],[129.2192762209487,35.85711863704168],[129.21916839701245,35.85679714994866],[129.21902290798275,35.85680684951501],[129.21903830130603,35.85673162149886],[129.21902765326112,35.85667971987192],[129.2190098548436,35.85659995558302],[129.21900410008476,35.85660476965403],[129.21894115730723,35.85668805977967],[129.218935641793,35.85669535184684],[129.21889024470633,35.85663617693057],[129.21887800104153,35.856620210941166],[129.21871359012778,35.85656827195407],[129.2187234730642,35.8565224166032],[129.21876412522238,35.856299293178196],[129.2169501983693,35.856700956483806],[129.21650647753376,35.855610096362945],[129.21596115675348,35.854290705935334],[129.21591489417494,35.85415956671003],[129.21673508116316,35.85367458032277],[129.21686851469687,35.8535973835911],[129.2178739781849,35.853019976567886],[129.21784762446325,35.85296468735232],[129.21787163940252,35.85292926108151],[129.21773967880233,35.85257784039118],[129.21757388451073,35.852110624841465],[129.21750296803577,35.85217568733537],[129.21704127927546,35.85241520320788],[129.21652771941416,35.85269423978012],[129.21640946836052,35.852727761508],[129.2158189677743,35.85359177096751],[129.21467755117754,35.854191266366534],[129.21344825134477,35.85482450450241],[129.21201291078305,35.85555567840158],[129.2109724027395,35.856096191241676],[129.2094056524182,35.857027757242015],[129.2077120234377,35.85799734595446],[129.20544502957074,35.85922514664516],[129.2051167426629,35.859457594598034],[129.20458095109308,35.859827012766964],[129.20309223809,35.86085877217518],[129.20325208687905,35.86160991014338],[129.2033358559255,35.86211713581781],[129.20341002684336,35.86239299122231],[129.20357751517102,35.863023961402426],[129.2036609888635,35.86340911325951],[129.20404264597425,35.86430163355874],[129.20433672476983,35.86480469125236],[129.20460282800346,35.865212209208956],[129.20490731657293,35.86543171549007],[129.2053185048443,35.86574051581239],[129.20546199597953,35.86585148615756],[129.20616435238907,35.866564574893346],[129.2064453735923,35.86696325802714],[129.20672554589754,35.867357976437155],[129.2070552956941,35.86782696219272],[129.20727085535648,35.86812752842273],[129.20752952867122,35.86852482320813],[129.20772514915697,35.86881210235444],[129.2080668395803,35.86944453278132],[129.20826766575112,35.869811751607955],[129.20844695843135,35.87023901215166],[129.20899972878942,35.87114235102692],[129.20913573518436,35.871353908857955],[129.20955992119306,35.87206748450068],[129.20974711956148,35.872413788331784],[129.21102051808805,35.874377082887335],[129.21143886355776,35.87505527877055],[129.21167945499695,35.8754239541123],[129.21204657556981,35.87601476248945],[129.21257317517092,35.87739532109262],[129.21273805650083,35.87783492898213],[129.21290014541603,35.87825649859965],[129.2130285101868,35.878567598679524],[129.21310380637155,35.87885249378005],[129.21321202264025,35.87923598106178],[129.21328314792135,35.87961756891061],[129.21330742484415,35.87993050137692],[129.213395366922,35.88043459268443],[129.21349390919227,35.88073128878887],[129.21363908848787,35.881182628103474],[129.2137009421894,35.881354314076894],[129.21391345804003,35.88172352077872],[129.21392984203828,35.88175444053784],[129.21397265193258,35.88182775315184],[129.21478566520983,35.88321988828334],[129.21503632846736,35.883575389295196],[129.21518109891247,35.88377862374181],[129.21556086111977,35.88407162691829],[129.21587197516558,35.88420479862747],[129.21617714399304,35.88421108499111],[129.21658320985273,35.88400683957476],[129.2168472560962,35.88392660633994],[129.21708241449662,35.88391411682269],[129.21713225223007,35.88397198636449],[129.21728429561017,35.884294295581796],[129.21790763831535,35.88502822863528],[129.21873045639794,35.88597075109056],[129.21957410387466,35.88681626511243],[129.22033612016372,35.88754394905602],[129.22062254169668,35.88780379606581],[129.22101905457058,35.88805224776404],[129.2215012103724,35.88818697561545],[129.22156406973153,35.88819364681651],[129.22184853223962,35.888223821604285],[129.22187874328898,35.888227019661365],[129.22213223804084,35.88822467966233],[129.22213406532157,35.888224631243354],[129.22268865883993,35.8882089659393],[129.22348416972028,35.88823223736283],[129.2236568433642,35.88825188963834],[129.22422165052592,35.888316174693166],[129.2242714496708,35.88832184127799],[129.2243504192669,35.88833082436949],[129.2249024757907,35.88839364282727],[129.22583671959885,35.88849995145168],[129.22591036063156,35.88850833062432],[129.22607447150708,35.88852700405315],[129.2264408490194,35.88856867684783],[129.22701514897415,35.88863183146003],[129.22759394750406,35.888695371402726],[129.22767132827835,35.88874126120737],[129.22792465275126,35.8889003399733],[129.2279275832603,35.88889877529779],[129.22865470168912,35.88851120154804],[129.22888415145485,35.88838835149922],[129.22905723633406,35.88829568230367],[129.22896012846527,35.888272424918526],[129.22882874549984,35.888238498528516]]]]},"properties":{"uname":"자연녹지지역","dyear":"2007","dnum":"0002","sido_name":"경상북도","sigg_name":"경주시"},"id":"LT_C_UQ111.12636"},{"type":"Feature","geometry":{"type":"MultiPolygon","coordinates":[[[[129.21410507982498,35.849902182526925],[129.214099654361,35.84977317829194],[129.2140930360681,35.84961615632331],[129.21409235357783,35.849601007529856],[129.21409079061985,35.849567042208236],[129.21407315040148,35.84912934561772],[129.21406674658994,35.849094118095685],[129.21406430873398,35.848981195858066],[129.2140640563581,35.84896958821211],[129.21406255274152,35.84889978009209],[129.21406221222256,35.848884180066925],[129.21405759668295,35.84875165950212],[129.21405644494868,35.848718297284954],[129.21405176190518,35.84858536226094],[129.21403463083237,35.848110136660395],[129.21402971196432,35.848004951513154],[129.21402449929624,35.84789336801136],[129.21402052034574,35.84780854042561],[129.2140156087709,35.84769777652434],[129.2140149550412,35.84766020458429],[129.21400864229767,35.847501397540206],[129.2140029541123,35.84735677505656],[129.21400155326842,35.84732130434727],[129.21399600601708,35.84717140929897],[129.2139375375124,35.84595980038104],[129.21388918015157,35.845197707812716],[129.21380638456614,35.84519863821802],[129.21353791327644,35.84520375371026],[129.21346944231527,35.845205064167246],[129.21349209366443,35.84551837079613],[129.21351854841726,35.84594221800464],[129.2135185298125,35.845989290318684],[129.21351988350466,35.84609030902773],[129.21352015623813,35.84615534273599],[129.21353614378265,35.8463146104335],[129.21354204283523,35.84641820770266],[129.21354830739347,35.84658840668405],[129.21355922468314,35.846801505949834],[129.21356387504022,35.84693499085423],[129.21356480753124,35.84695261765322],[129.21356819638993,35.84704883810498],[129.21357272435634,35.84717376134734],[129.21358031192221,35.847308647008155],[129.21358432163618,35.847442628718454],[129.21358987455375,35.8476198766964],[129.2135928138354,35.847725993650855],[129.21359841961205,35.84780252688469],[129.21359926235462,35.84788205166117],[129.2136021283466,35.847973108859755],[129.21360465694855,35.848008135967056],[129.21360613723374,35.84804024487601],[129.21360920428424,35.84811950436035],[129.2136114446041,35.84817513454011],[129.21361623007337,35.84830109373954],[129.21362078016912,35.84840101625325],[129.21362180678096,35.84843318904832],[129.2136211328195,35.848441986433286],[129.21362376614903,35.84851632585532],[129.21362475202568,35.848537359278005],[129.21362612943827,35.848568242666126],[129.21362949264886,35.848650619943264],[129.21363127378348,35.84868345832935],[129.2136319691842,35.84870764663727],[129.2136355834065,35.848792826354945],[129.2136428748164,35.84895772410352],[129.21364958707804,35.84912128902049],[129.21365261481083,35.84920653285473],[129.21365510178396,35.84925499765531],[129.21366056920726,35.849383416036574],[129.21366474225334,35.849503815581244],[129.21366234133885,35.84959570219042],[129.2110798376917,35.8496873943536],[129.21108826539657,35.84991167357725],[129.21108963859226,35.85008854135962],[129.21220244748113,35.850056259013954],[129.21226467802916,35.85005450959531],[129.21236013611764,35.85005109761303],[129.21238951344034,35.8500502349298],[129.21251828873642,35.85004558370322],[129.21284860799148,35.85003438640941],[129.2130474060505,35.85002763768963],[129.2130817636048,35.850026315443934],[129.2132097645974,35.85002191718966],[129.21402247812898,35.84996100899823],[129.21408787721438,35.84995610767122],[129.21410507982498,35.849902182526925]]]]},"properties":{"uname":"자연녹지지역","dyear":"0000","dnum":"0000","sido_name":"경상북도","sigg_name":"경주시"},"id":"LT_C_UQ111.12660"},{"type":"Feature","geometry":{"type":"MultiPolygon","coordinates":[[[[129.2144525823477,35.836580177840766],[129.21443371450334,35.83660208464309],[129.21441071160305,35.836629784801765],[129.2143883183189,35.83665781733895],[129.21436652351096,35.83668615523717],[129.21434533824782,35.83671479847719],[129.214262262657,35.83686455329848],[129.21413304410922,35.8371471620426],[129.2140208993863,35.837378675551214],[129.21390381324537,35.83760855740435],[129.21386115741385,35.837712763347476],[129.21381996350408,35.83781735422874],[129.21375265725112,35.83810807252813],[129.21372892423338,35.8385309183403],[129.2137077147968,35.83895384978686],[129.21367919777916,35.83996196725205],[129.2136678075044,35.84017780988432],[129.21375276665506,35.84018078718886],[129.21378349692614,35.84018641979744],[129.21389874382425,35.84020755776662],[129.21388801607307,35.84025651464295],[129.2139526705621,35.840261771806105],[129.21403731263447,35.84024958142004],[129.21408227934145,35.840139891764316],[129.21411192075558,35.840094199985025],[129.21417508967698,35.84012348700226],[129.21422287447623,35.84014076051074],[129.21421832888396,35.840154539668745],[129.2141257274864,35.84011238082099],[129.21405934184259,35.84024231442425],[129.2141926700692,35.84026991814378],[129.21430077737378,35.8402742600376],[129.2143690254551,35.84026154868595],[129.21448053203255,35.84024150556429],[129.21458217660208,35.84022151587726],[129.2144880779292,35.840385340816354],[129.21434922961583,35.840615883426],[129.2145195998053,35.840682841865856],[129.21477755545828,35.840790777721686],[129.21481203304444,35.84080271216956],[129.2148467639153,35.840814159482605],[129.21488172590904,35.84082511068721],[129.2149169300938,35.840835565763605],[129.2149523432389,35.84084551575814],[129.21498796536798,35.840854969683136],[129.215023796408,35.84086390050101],[129.2150598032249,35.84087233530785],[129.21509598574556,35.84088024706623],[129.21513233294922,35.84088765382054],[129.21516883371808,35.84089453756549],[129.21520547698307,35.840900898320506],[129.21526850577357,35.84091057379337],[129.21534253922343,35.84092113991331],[129.2154689164175,35.84092758420438],[129.21547354578806,35.84089560860218],[129.21534893490576,35.840879157290644],[129.2153607104674,35.84080850532313],[129.21538392551557,35.84076879996457],[129.21537671183285,35.84070397683351],[129.2153648003699,35.840587925962545],[129.21520572381928,35.840580286980085],[129.21520277453777,35.840479379187826],[129.21519420890002,35.84031486209493],[129.21530281178514,35.840305854683],[129.21540354018038,35.840295094738984],[129.21537814211501,35.84023073657112],[129.21537843454905,35.84019536196012],[129.215401979389,35.84016312737585],[129.21543834511576,35.840156934132665],[129.21547909459437,35.84015096739766],[129.2154865766979,35.84012615165429],[129.21557969912695,35.840139504551054],[129.21558103116834,35.84016151973306],[129.21559959741407,35.84016722762222],[129.2156511523315,35.84018690919681],[129.21561006460306,35.84029765599956],[129.2156418901169,35.840373024959426],[129.21567078021752,35.8404393055223],[129.21573289481384,35.84045488557414],[129.21576431537272,35.84043311842462],[129.2157876598401,35.84041695342295],[129.2158757164373,35.840373905842974],[129.21591556960342,35.84035977522797],[129.21600797783398,35.84032973384596],[129.21601639229783,35.84032649234762],[129.21600606541347,35.840379972972706],[129.21602469968096,35.84042735450544],[129.21601632547828,35.84049899184532],[129.21600631369313,35.84051329454056],[129.2160194193822,35.84057512397727],[129.2160278354759,35.84061358334259],[129.21603346771454,35.84064172835733],[129.2160647401966,35.84064306946059],[129.21619698136604,35.8406241232984],[129.21621958617396,35.84071136001975],[129.21623897538302,35.84070612515633],[129.2163087156143,35.84068439753112],[129.21632224984685,35.84072444293919],[129.21641176773025,35.84074711155129],[129.21640875435426,35.840729695766186],[129.21653597893345,35.84077541392181],[129.21656568726584,35.84066474125471],[129.21658084977966,35.840664182378966],[129.21658798070922,35.84065289497004],[129.2165038475219,35.840607577438576],[129.21648234620923,35.84047407759955],[129.21650448465616,35.84045403022631],[129.21660993650377,35.84048320424895],[129.2166625912014,35.84049599786416],[129.2168270564334,35.840527580504535],[129.21683834350958,35.84060431078238],[129.21685106918684,35.84060720802923],[129.21687152552562,35.84061186688314],[129.2168740598939,35.840607644487925],[129.21694087204625,35.84062473860839],[129.2169541742956,35.84062800432334],[129.21693417872487,35.84065457299143],[129.2169710693973,35.84067054910887],[129.21700934595196,35.840634178093694],[129.2170631551747,35.84058680197083],[129.21710620676225,35.84055619937503],[129.21734967912116,35.84054656952499],[129.21737951785738,35.84042319779879],[129.2173862931506,35.84036649696092],[129.21739034634655,35.84033867708382],[129.21739503000606,35.84031069384859],[129.2174003225774,35.84028276359415],[129.21740621304073,35.840254904365146],[129.21741269047314,35.840227170256156],[129.2174197768646,35.84019950715253],[129.21742521389018,35.84017995826825],[129.21744538494062,35.84013656285122],[129.2174684637345,35.84009196354111],[129.2175256430271,35.83998143952679],[129.21756015291,35.83991955168405],[129.21768450411915,35.83968568779626],[129.21776615458919,35.83953007512074],[129.217819240387,35.839428678982586],[129.21789836098137,35.839279100133375],[129.2179008413516,35.83927948320458],[129.2179999223476,35.83909077207745],[129.21806321872063,35.8389712603118],[129.2180715767188,35.838955473359135],[129.2181426968566,35.83882324882398],[129.21799045975553,35.838769303931635],[129.2177397004196,35.83871018274353],[129.21775366985793,35.83866167931928],[129.21778864289092,35.8385464274982],[129.21782957005934,35.83841875472105],[129.2178687361827,35.838298844868966],[129.21790493037608,35.83835213375088],[129.21788940461707,35.83836141755651],[129.2179460122848,35.83846079568773],[129.21797955940025,35.83852154265847],[129.2179869688267,35.83850290946639],[129.2180034427485,35.8385655708009],[129.21808685992667,35.8385882041055],[129.21812014186253,35.838526931153055],[129.21818307441683,35.838436665562504],[129.2182456585265,35.838340425272726],[129.21827417716707,35.838298132199235],[129.21832994216643,35.8382178563065],[129.2184613185331,35.8380293298301],[129.2184832793745,35.83800546110251],[129.21833223925276,35.837992287067316],[129.21837402152275,35.83786201694885],[129.218377404614,35.837856558274666],[129.21844252002418,35.8377512196828],[129.21844465836688,35.83774388865165],[129.21846361823884,35.83767885619706],[129.21830228885977,35.83763038067046],[129.2182754134214,35.83762970815339],[129.21816929055964,35.837625312174325],[129.2181090047926,35.83761818380983],[129.2180472032384,35.83761125642173],[129.217930820115,35.83757016175235],[129.2179248633323,35.83758976567872],[129.2178898646459,35.83769534717928],[129.21783682915108,35.83785150329793],[129.21765368782943,35.837783923595225],[129.21765435079672,35.83777126883813],[129.21763144491294,35.83774467806942],[129.21758660532416,35.83770713147605],[129.21752832759367,35.83768132528769],[129.21748514677762,35.83762687721665],[129.21742142129636,35.837547131877976],[129.21737717471555,35.837491441955],[129.21731337941955,35.83741444549821],[129.217296040225,35.83739163893351],[129.2172275634032,35.837306521551255],[129.21715421407538,35.83721632981632],[129.21709935738673,35.83714979875124],[129.21700700260632,35.83714898204674],[129.21694439668818,35.837094099959025],[129.21685873907546,35.837032184329686],[129.21692604082986,35.83697357249812],[129.2169960919959,35.83691257639498],[129.21704015770322,35.83694662774836],[129.21708085417234,35.83697899077734],[129.2170967582145,35.8369664078164],[129.2172114388919,35.83705371350264],[129.2172564641538,35.837016969774915],[129.21731407079017,35.83696684689371],[129.21739983555878,35.83690073026557],[129.2174478082748,35.83685303096819],[129.21748044839487,35.83682047319161],[129.2175055493219,35.836795418355315],[129.2176264300129,35.836695639794],[129.21778060009237,35.83660289404848],[129.2177956326097,35.836591430114645],[129.2178092785389,35.836578833098145],[129.21776189819352,35.83656734630809],[129.21758820585174,35.83647300935716],[129.21730113419164,35.83635051343303],[129.21727967387278,35.83634255787033],[129.21673362897326,35.836128129034755],[129.21664440680863,35.83610651457114],[129.21663486554698,35.83611857236999],[129.2165999543987,35.836162679015096],[129.216584774627,35.836193429841735],[129.21656540091428,35.83623269598426],[129.2164896129704,35.83623074970376],[129.21647220852452,35.83607691020401],[129.2164708024974,35.836064457426],[129.21645371341342,35.836060315201074],[129.21642930748416,35.8360517338788],[129.21636400218503,35.83603377155891],[129.2163539070232,35.836021027889494],[129.21623616451816,35.83590966342624],[129.21616788983857,35.835902791696704],[129.21609868651376,35.83596206442293],[129.21605189211866,35.83594599755333],[129.21598444027333,35.83591176225964],[129.21587100179724,35.83587778922073],[129.21578282964614,35.836032420956634],[129.2157814314349,35.83603518127901],[129.21576364966145,35.83606977597337],[129.21565317735636,35.83603583349142],[129.21553836919492,35.836011136456506],[129.21543308621443,35.835993037540035],[129.2153542988473,35.83601986382577],[129.2154044545789,35.83608832373676],[129.21534376244392,35.83612308486639],[129.2152990942403,35.83614866975705],[129.21527735255646,35.83616363315795],[129.2151992017289,35.836217414636266],[129.21518424326462,35.83622771550074],[129.21523930139867,35.83632479050225],[129.2152424018414,35.83635419281771],[129.21524258149856,35.83640466257061],[129.21527588651344,35.83643402017008],[129.215342940401,35.836493131101676],[129.2153195110716,35.83656389397868],[129.2153057542946,35.83660544811332],[129.21529707830035,35.83661833341711],[129.21526099630566,35.83667193192983],[129.2153228244784,35.836705636880374],[129.21533771020503,35.836758937428776],[129.2151719447845,35.83677181375224],[129.21511297262276,35.836812583049955],[129.21511365334283,35.83683943011401],[129.21512231844642,35.8368843871468],[129.21513338170757,35.83691147711626],[129.21518205615573,35.83700937460674],[129.21537670614853,35.83708170522727],[129.2154321027135,35.8370901594947],[129.21558983496624,35.83723855799573],[129.21558967545874,35.83724098264549],[129.2155886003699,35.837256909668795],[129.21558823846274,35.83726227275788],[129.21557896282263,35.83728679430129],[129.21557906088194,35.837294454761405],[129.21554815945737,35.837368944139214],[129.21553477620344,35.8374012237551],[129.2155311871249,35.83740423131376],[129.21551510795726,35.83741767056766],[129.2154887695055,35.83744381770458],[129.21547444252434,35.8374585336094],[129.215467531195,35.83746911759126],[129.2153411772483,35.83743217490646],[129.21526855452316,35.83749654529628],[129.21525773769335,35.83751597748682],[129.21524140449893,35.837513140560574],[129.21518929991376,35.837626232090486],[129.21518163031777,35.837642990974075],[129.21505815495078,35.83761467686],[129.21508400111588,35.83752867860606],[129.21509392292867,35.83749740558209],[129.21513912985228,35.83740411782903],[129.2151158726078,35.83739886882941],[129.21511762759073,35.83737641554377],[129.21505566876405,35.83737258719997],[129.2149541121811,35.837366179488434],[129.21495997810163,35.83734131256216],[129.2149254495511,35.83733872421235],[129.21494052102074,35.83727135595737],[129.21496006127194,35.83720297036062],[129.21485063377952,35.83717113422129],[129.2147813006766,35.8371372170381],[129.2147508344871,35.837122319349135],[129.21460523290511,35.837147064635936],[129.21459485094118,35.837147046996385],[129.21459300673146,35.83719826837163],[129.21458368177355,35.837200321734485],[129.21457237009773,35.83725825619224],[129.21456982533812,35.83728343264957],[129.21452319899763,35.837280721433544],[129.21436298095955,35.83724931735048],[129.21441422705996,35.83712525946421],[129.21444102009318,35.83702476754353],[129.2145110080097,35.83703046558809],[129.21455121744404,35.8370342065998],[129.2145534481856,35.83701577205766],[129.21460442331278,35.837009895639014],[129.21474389331289,35.83700598013655],[129.2147541296137,35.83692263228447],[129.21475996819908,35.83687513499616],[129.21476353748685,35.836748944476085],[129.2149225445462,35.83665086741292],[129.21492116317924,35.83660621286613],[129.2146749388565,35.836497111822126],[129.2146410588974,35.83652996845215],[129.21469622604937,35.83656454172933],[129.21466163800446,35.83660578125783],[129.21463925325665,35.83659145501689],[129.2145720254121,35.836653382047494],[129.21451951351577,35.83661840745659],[129.2144525823477,35.836580177840766]],[[129.21451096564977,35.83674137130576],[129.2145105483197,35.83676329047591],[129.21448080001744,35.836801574280884],[129.21444046691087,35.83678050240294],[129.21448322047058,35.83672574772339],[129.21451096564977,35.83674137130576]],[[129.2143778096487,35.837409894040725],[129.21435270639395,35.83746766364395],[129.21430258985896,35.83739729258806],[129.21430788493387,35.83738654029748],[129.2143778096487,35.837409894040725]],[[129.21440368109228,35.837623057189106],[129.21435520512426,35.83762409839],[129.2143211696769,35.83760311445795],[129.21427819283468,35.83760348797533],[129.21422422026288,35.83759784255992],[129.2141525431652,35.837610505824365],[129.2141891742488,35.83749680224064],[129.21406982585808,35.83746357699889],[129.2140791285608,35.837444868594005],[129.21420306324777,35.83748791835885],[129.21432381003697,35.83755154019217],[129.21443458913183,35.83759616316716],[129.21440368109228,35.837623057189106]],[[129.21463281780203,35.837545440827434],[129.21466451192163,35.83757245819447],[129.21470419297324,35.837589583670734],[129.21471059473515,35.83760775054761],[129.21471160841884,35.83765980501351],[129.2146260877218,35.837644518286986],[129.21457206788997,35.83761708085961],[129.2146200524469,35.837544048503055],[129.21463281780203,35.837545440827434]],[[129.21462593922254,35.83765520738853],[129.21470341554917,35.83767545625619],[129.2147925962375,35.83768938455471],[129.2147156481515,35.83771351241186],[129.21471125333727,35.83776700946218],[129.21468330202362,35.837769636629744],[129.2146581291806,35.83777653079256],[129.2146284085729,35.83770114879056],[129.21449916867613,35.837673547301826],[129.21454109754296,35.83763721564389],[129.21454985184238,35.837628692313096],[129.21462593922254,35.83765520738853]],[[129.21660150817505,35.83718923742837],[129.21659832509596,35.83725242083106],[129.2165384258157,35.837253005695544],[129.21643133474484,35.83727105106659],[129.21642256342645,35.8372444528081],[129.21643209762962,35.837155860793054],[129.2165890309392,35.837146964045125],[129.21660150817505,35.83718923742837]],[[129.2156999627116,35.83676082479019],[129.2156273933683,35.83682001311301],[129.21556952873536,35.83667971027612],[129.21555464493767,35.83664365970148],[129.21556179136678,35.83664234015739],[129.2156999627116,35.83676082479019]],[[129.2148582422465,35.83787553859494],[129.21485561242469,35.83787305581117],[129.21483495367315,35.837829697248644],[129.2148359166373,35.837821440079146],[129.2148619849491,35.83781828448129],[129.2148582422465,35.83787553859494]],[[129.21579075374265,35.837855331576414],[129.21583055210505,35.83790769538645],[129.21581604801645,35.83791418322463],[129.21574519264908,35.83783729766761],[129.21576160856984,35.83781735976323],[129.21579075374265,35.837855331576414]],[[129.21589035966994,35.83802914944116],[129.21587228105187,35.83803172322129],[129.2158662395115,35.838003569903876],[129.21587584215638,35.8380018584217],[129.21589035966994,35.83802914944116]],[[129.21393451103984,35.83855301425328],[129.2141244714465,35.838588295728826],[129.21413109312806,35.838676444382635],[129.21414286212288,35.838706723614955],[129.21406469090255,35.83872504014875],[129.21395313547032,35.838804871961216],[129.21383496332598,35.83888145283281],[129.21380592013446,35.83889815926556],[129.21381097108528,35.838671125225595],[129.21381205150914,35.83864459950048],[129.2138166836792,35.83853040281634],[129.21393451103984,35.83855301425328]],[[129.21601225312563,35.83855486594145],[129.21600042736995,35.838577760800035],[129.21595454872298,35.83855705983756],[129.21597992614016,35.83853565489843],[129.21601225312563,35.83855486594145]],[[129.21661178372858,35.83916683409853],[129.2166228574592,35.83923028937184],[129.2165052170332,35.839228381973335],[129.2164521473861,35.839221465182746],[129.21643954535563,35.83921507983067],[129.2164408293822,35.83919870180611],[129.21644210280184,35.83918249503813],[129.21641121379565,35.839101527832945],[129.21639904590626,35.839071429789755],[129.21657656327105,35.839068156097504],[129.21661178372858,35.83916683409853]],[[129.21490234237658,35.83948461682712],[129.21493947660372,35.8394885704543],[129.21493654987876,35.839507492907615],[129.21503906524802,35.83951958581615],[129.21503010064495,35.83957772341135],[129.214890908265,35.839587785289055],[129.21484478140454,35.8394786355915],[129.21490234237658,35.83948461682712]],[[129.21382970312283,35.83958231988148],[129.21389323228988,35.83963067688128],[129.2139361881135,35.83968012468259],[129.213976301142,35.839734381161456],[129.21395617517138,35.83977044875343],[129.21392079650172,35.83983547345588],[129.2138900161728,35.83989405508934],[129.2137665548394,35.83987630229847],[129.21377283115885,35.83971446261697],[129.21377581730513,35.83963465158151],[129.21377674554773,35.83958838873649],[129.2137767454517,35.839588352686604],[129.21377936804217,35.839521646478985],[129.21382970312283,35.83958231988148]],[[129.216505232813,35.839804335279645],[129.2164525133055,35.839960156710845],[129.2164256143196,35.83996335018936],[129.216479599365,35.83980068601268],[129.216505232813,35.839804335279645]],[[129.2154981385251,35.83971228573071],[129.2154153503794,35.83985813834768],[129.21528994267968,35.83982874642693],[129.2152587927748,35.83969145122266],[129.2154981385251,35.83971228573071]],[[129.2163064596513,35.83965063997045],[129.21650006494792,35.8397022147896],[129.21655945957718,35.83972721735389],[129.21661162118923,35.83974614939401],[129.21667242230788,35.83975502600841],[129.21671153546686,35.8397580382431],[129.2167319388274,35.839767753233396],[129.21671102039744,35.83978862761623],[129.21663452268862,35.83977102797925],[129.2165568462348,35.839747283872846],[129.2165365847481,35.839728610166276],[129.21650863819377,35.8397127260593],[129.2164563959633,35.83969261347997],[129.2163252788283,35.839680392666615],[129.21629110178372,35.83967720024551],[129.21624882057964,35.839673256234605],[129.21633019360272,35.83952864929777],[129.21633241993442,35.839529231130584],[129.216338877197,35.839530841837785],[129.21639469120316,35.83948821201346],[129.2163970171743,35.83948880267947],[129.2163064596513,35.83965063997045]],[[129.2157376480269,35.839616975280975],[129.21597834380876,35.83965417314059],[129.21569144698313,35.839633000767364],[129.21556712673032,35.83962101034895],[129.2155760274567,35.83958867563901],[129.2157376480269,35.839616975280975]],[[129.2149199014471,35.83998212114382],[129.21495095095756,35.84006559391423],[129.21493408609754,35.840066939696094],[129.2149056755144,35.83999344809323],[129.21487804462882,35.83992176661212],[129.21489453756115,35.839917943059014],[129.2149199014471,35.83998212114382]],[[129.21479111486482,35.84002190569976],[129.21480580114726,35.84005848843678],[129.21478007342859,35.84003616505928],[129.21473791514723,35.83998721183633],[129.21472393793462,35.83993846094716],[129.21475424510362,35.83993076455963],[129.21479111486482,35.84002190569976]],[[129.2148920967696,35.84015549005322],[129.21489483923563,35.840166940079776],[129.21483778006163,35.840166662868256],[129.21485798994948,35.84012484500288],[129.21488001858896,35.84011740662003],[129.2148920967696,35.84015549005322]],[[129.21642856021222,35.84038656323634],[129.21643012959893,35.84039389660973],[129.2164356112646,35.84041951837393],[129.2163714312468,35.840413820085836],[129.21638262016555,35.84038456350665],[129.21639503738726,35.840383919438366],[129.21642856021222,35.84038656323634]]]]},"properties":{"uname":"보전녹지지역","dyear":"2010","dnum":"0618","sido_name":"경상북도","sigg_name":"경주시"},"id":"LT_C_UQ111.12673"},{"type":"Feature","geometry":{"type":"MultiPolygon","coordinates":[[[[129.22264161240255,35.84159799848385],[129.22276832457206,35.84159294353719],[129.22276837991566,35.841592943435266],[129.2243097204676,35.84153143298748],[129.224309523755,35.841528378113516],[129.2243070155817,35.84149038604935],[129.22430040406533,35.84139019729305],[129.2242390278892,35.840459815059766],[129.22423937143742,35.84034911382185],[129.22370527895575,35.840388766268426],[129.22369385142966,35.840275941818994],[129.22367882467546,35.83994411111712],[129.22367984535865,35.839591720235816],[129.22366773145788,35.839304144530374],[129.2236630897245,35.83922330191167],[129.22365447022895,35.83907346688974],[129.2237654826917,35.8390681875691],[129.2237670931769,35.83902257229077],[129.22376783189281,35.83900170696992],[129.2237681191279,35.838993577156984],[129.2237696067802,35.83896344559301],[129.22377464331325,35.83886044134116],[129.22377697871653,35.83881282394359],[129.22374949057578,35.8386680527978],[129.22370443510556,35.83866544137838],[129.22340600412167,35.83865926950506],[129.2229087775679,35.83866214237685],[129.22289745022488,35.83857690491979],[129.22289825594996,35.838456595462205],[129.2228842622439,35.83826020263246],[129.22290847147931,35.838177594437695],[129.22291916055283,35.83806901907356],[129.2229233693296,35.8380262289384],[129.22291661260817,35.83789694793227],[129.22289404552757,35.8377459668917],[129.22288749441566,35.83759505547578],[129.2228745335474,35.83754724996354],[129.22291139262632,35.83754398261615],[129.222892578022,35.83735325849572],[129.2230185853582,35.83734792520373],[129.22314035824078,35.83734029238706],[129.22312947841155,35.8367912342676],[129.22304641724716,35.836800940688036],[129.22258041519797,35.836863976211426],[129.22244921481433,35.83687626723723],[129.2225687998853,35.83995776643697],[129.22259125640576,35.840463759296945],[129.22264161240255,35.84159799848385]]]]},"properties":{"uname":"보전녹지지역","dyear":"0000","dnum":"0000","sido_name":"경상북도","sigg_name":"경주시"},"id":"LT_C_UQ111.12699"},{"type":"Feature","geometry":{"type":"MultiPolygon","coordinates":[[[[129.21912050019753,35.84298917095545],[129.21881908943246,35.84245646468642],[129.21884984658556,35.843027297026346],[129.21895755269185,35.843029184047865],[129.21900658913756,35.84302953690958],[129.21918635900292,35.843025092660326],[129.21912050019753,35.84298917095545]]],[[[129.220592707099,35.84570683769162],[129.22059228492645,35.84566201029685],[129.22055380703077,35.84462721127085],[129.22054720053382,35.844454778146314],[129.2203543527923,35.84445847318048],[129.2203398862207,35.844458769903156],[129.22042042988895,35.844520818448856],[129.2204367284984,35.84492932535021],[129.21998434613363,35.84494752485515],[129.2200431656057,35.84507172728981],[129.22006991712027,35.84512716858774],[129.22010015613625,35.84519091305832],[129.22015783539527,35.84531495528063],[129.220215567533,35.845438033038704],[129.22026273632184,35.845555839662005],[129.22030948684963,35.84567042956404],[129.22030949799313,35.845670456581225],[129.22034966594336,35.84566950020415],[129.2204300019643,35.84566763247186],[129.2204661510238,35.845666413003165],[129.22046908749857,35.84574002173478],[129.22049513127865,35.846431656403055],[129.22049944191696,35.84654204261871],[129.22051392730285,35.84690271434574],[129.22053122834086,35.84701521283445],[129.2205419202116,35.847159654639185],[129.2205660370768,35.84763324433927],[129.22057144374787,35.847671177085594],[129.2205763835108,35.84769631293997],[129.22058238555718,35.84772130265729],[129.22058943869487,35.84774610119518],[129.220597542875,35.84777069052877],[129.2206066758601,35.84779503464828],[129.22061683760165,35.84781911552861],[129.2206280058372,35.8478428881476],[129.22064018054297,35.84786634349254],[129.22065333945616,35.84788943654139],[129.22066747145854,35.84791214928886],[129.22068255431233,35.84793444572536],[129.22069856585395,35.847956316878495],[129.2207154948906,35.847977717705746],[129.2207188598657,35.84798166805163],[129.22070751703637,35.84780599016434],[129.22067095110697,35.84708081236419],[129.22065034478388,35.84691772377309],[129.22062498501398,35.84625800120195],[129.220592707099,35.84570683769162]]]]},"properties":{"uname":"제2종일반주거지역","dyear":"2010","dnum":"0618","sido_name":"경상북도","sigg_name":"경주시"},"id":"LT_C_UQ111.12755"},{"type":"Feature","geometry":{"type":"MultiPolygon","coordinates":[[[[129.22084097904514,35.853817293814785],[129.22076957048617,35.85364292440739],[129.22076594566337,35.853633143462964],[129.22071432355617,35.85361680789818],[129.22055239608267,35.85368108286739],[129.2205221962305,35.85361276920549],[129.22067182671594,35.853553374438754],[129.2207107029206,35.85348388033558],[129.22060697247343,35.853258315777104],[129.2205347930301,35.85310114344276],[129.22044587867762,35.85290887989536],[129.2203840809131,35.85277481458377],[129.22034684899566,35.85269335544551],[129.22030144772384,35.85259594104384],[129.2202634408124,35.85251439316344],[129.22023741617545,35.85245854509639],[129.22019943941342,35.85237583452783],[129.22015827120885,35.85228789349852],[129.22015023136808,35.85227073032755],[129.22013468539163,35.852237250186505],[129.22010805904014,35.85217990711044],[129.22010107680026,35.852164895996204],[129.22006057486794,35.85207359205964],[129.22005353675152,35.85205838276926],[129.22003322453926,35.8520146009967],[129.2198662053225,35.85210635437945],[129.21984860566582,35.852115155515605],[129.21980647732863,35.85202407074745],[129.21999174266287,35.85192517341434],[129.2200631846339,35.85188702880045],[129.22014298271085,35.851844191456706],[129.22033330245964,35.85173584832175],[129.2208507032907,35.85145171442949],[129.22090076624264,35.851416942964924],[129.22099740862353,35.851348740185266],[129.2210922753206,35.85128299196967],[129.22112299211906,35.851261927714326],[129.22174838701852,35.850765807997156],[129.221769056667,35.85075048492329],[129.22202776436166,35.85053100685968],[129.22245632238804,35.85020967227422],[129.22284322893816,35.84989123379477],[129.2229044126136,35.84983956961932],[129.22298776958968,35.84977211971866],[129.22321961560957,35.84958457477192],[129.22326075815477,35.84955127880114],[129.22374879112866,35.84918090096867],[129.2238711497031,35.84909509195665],[129.22480246945125,35.84844989081621],[129.22489338066993,35.84838126293231],[129.22506683495646,35.84826013686472],[129.22526687020974,35.84812045839774],[129.22592619559376,35.847674435135445],[129.22599465902775,35.84763050652136],[129.22646490404338,35.84732002081332],[129.22671948291097,35.84714823441521],[129.2268896735605,35.84703752124941],[129.2269046127333,35.847028048131556],[129.22691967402355,35.847018700957626],[129.22693484638748,35.847009488760776],[129.22695014086887,35.847000402507895],[129.22696554639847,35.84699144221955],[129.2269810629762,35.84698260789576],[129.22699669062771,35.84697390854895],[129.22701242935298,35.84696534417906],[129.2270282791266,35.84695690577357],[129.22704422890442,35.84694860236576],[129.22706027868688,35.84694043395543],[129.2270764395433,35.846932400521915],[129.2270927004043,35.846924502085905],[129.2271090502004,35.846916738668064],[129.22712551107065,35.84690911022686],[129.2271420609017,35.846901625816336],[129.2271586996681,35.84689427642378],[129.22717543846494,35.8468870710411],[129.22719226622277,35.84688000968887],[129.22720918291608,35.846873083354616],[129.2272261885706,35.84686630105082],[129.22725184170298,35.846856393187345],[129.22717196396937,35.84674688820801],[129.2275513955229,35.846525711334735],[129.2284851906549,35.846074840309186],[129.2287767803696,35.845939110707405],[129.22910742493966,35.845785137232916],[129.22912915834632,35.84577502009277],[129.22968522161958,35.845518298915216],[129.2299092886099,35.845418699690626],[129.2300189245246,35.84537438407901],[129.23033288049825,35.84524652112894],[129.23076388296317,35.84507680537017],[129.2309262417351,35.845009793994784],[129.23099858086005,35.844983492575665],[129.2310859562849,35.844947176538064],[129.2312461240499,35.84488059250365],[129.23143331995715,35.844809279053095],[129.23163143716707,35.844736700670325],[129.2318036843487,35.84467526593044],[129.23191000483195,35.84463733579416],[129.2320908048833,35.84458245435274],[129.232324313717,35.84451149224219],[129.23288098819714,35.84434221235942],[129.23299082000187,35.844309249403906],[129.23307960760286,35.844287123878786],[129.23332860530198,35.84421404807785],[129.23377667709087,35.84409426287293],[129.2338756456423,35.844067601817926],[129.23409551592874,35.8440085861739],[129.23450402837364,35.84390525053301],[129.2354020833806,35.84368995464918],[129.23554796046957,35.843655414100425],[129.23561177345852,35.84364033805736],[129.23613929978103,35.84351567568157],[129.23623132995695,35.843493929033905],[129.2363170329991,35.8434736727297],[129.23637088207755,35.84341678875005],[129.2363628137888,35.84356355502711],[129.23640252590945,35.84355484342897],[129.236538894279,35.84355415318323],[129.23653892748595,35.8435541531182],[129.23654908868716,35.84355409719252],[129.23656718625458,35.84355399870344],[129.23656781905183,35.84349836331512],[129.2365791913968,35.84250586667145],[129.23658764937127,35.84198119645138],[129.2365948906657,35.84153187307425],[129.2365953073661,35.84138801471565],[129.2333998771142,35.84230448644725],[129.2329874016267,35.841540661154085],[129.23232513184283,35.84035482628373],[129.23231874861466,35.840344519228104],[129.23231137702626,35.84033308750764],[129.23230376216756,35.84032173736637],[129.23229594841732,35.84031050476919],[129.23228791366438,35.84029939877102],[129.23227964673595,35.840288383343115],[129.23227114763233,35.84027745848564],[129.2322624607578,35.840266669175605],[129.23225355288093,35.840256006464394],[129.23224441282892,35.84024543432333],[129.23223507391162,35.840234988738416],[129.23222552508673,35.840224678743404],[129.2322157995598,35.84021450427444],[129.2322058419361,35.8402044474128],[129.23219570763644,35.84019453508951],[129.2321853523608,35.84018475837714],[129.23217479816788,35.840175090195714],[129.23216408951444,35.84016559354743],[129.2321531709795,35.84015624150108],[129.23214206464823,35.84014701598924],[129.23213077059847,35.84013794404928],[129.23211915566947,35.84012890877395],[129.2321015956423,35.84011560396691],[129.23209051458977,35.840107459902164],[129.23207930105661,35.84009943325321],[129.232067988405,35.840091578030865],[129.2320564878782,35.84008382230553],[129.23204485492315,35.840076202020725],[129.2320331228233,35.84006874414995],[129.2320212361059,35.84006140373726],[129.23200917260792,35.8400541718125],[129.23199702098168,35.84004708425571],[129.23198482565704,35.84004019505651],[129.23197243141487,35.84003341438761],[129.2319599047181,35.84002676014656],[129.23194731213394,35.8400202862806],[129.2319345538636,35.84001392989355],[129.231921740722,35.84000773583546],[129.23190879520385,35.84000169524243],[129.23189571723086,35.83999578107692],[129.23188261767015,35.83999005621406],[129.23186937463825,35.83998447582475],[129.23185599915132,35.839979021863066],[129.23184255775047,35.83997373926373],[129.2318290393411,35.839968619035574],[129.23181541066563,35.83996364321738],[129.23180171607598,35.839958838761426],[129.23178796664075,35.83995420564671],[129.23177408477628,35.83994970797175],[129.23176010376582,35.839945372710105],[129.23174610111496,35.839941208725946],[129.23173202145512,35.839937207112776],[129.2317178426232,35.83993335890052],[129.23170364217646,35.83992969097807],[129.23168935362617,35.8399261764353],[129.2316750102294,35.8399228332334],[129.23166058984935,35.839919661414974],[129.23164613670758,35.83991664287001],[129.23163167304514,35.839913813606124],[129.23161709914163,35.8399111377641],[129.23160248145982,35.83990863324169],[129.23158784213652,35.839906299996564],[129.23157317010327,35.839904138049945],[129.2315584099915,35.83990213849514],[129.2315436725118,35.83990031013283],[129.23152892448476,35.83989866203898],[129.23151301445228,35.83989707925507],[129.231483862512,35.83989412487452],[129.23145619559403,35.8398918075331],[129.2314284857304,35.83988994990518],[129.23140073297247,35.839888570015646],[129.23137294836232,35.83988765883087],[129.2313455304418,35.83988724262601],[129.23130589473857,35.83988747164341],[129.23018825595682,35.8399547191344],[129.23000117639273,35.83996653892105],[129.22913661983839,35.84002685118743],[129.22912841385994,35.83990916341807],[129.22912871048024,35.83976504388732],[129.2291289085255,35.839710391680434],[129.2291293940378,35.83957427489193],[129.22913007373873,35.83946738528843],[129.22913017050288,35.83944701684231],[129.2291308452539,35.83930740283713],[129.2291334184953,35.83897224088426],[129.22913459063676,35.83879752221245],[129.2291370797085,35.83876219748376],[129.22914024485283,35.838661332524495],[129.22914575512834,35.83842441031366],[129.2291521479654,35.83811288088305],[129.22915625889928,35.837959543299945],[129.22914773832383,35.837890505605316],[129.22914648047833,35.83788026076654],[129.22915196460642,35.837517992605896],[129.22916001722334,35.83733804261424],[129.22915400901215,35.83724182743858],[129.22915319080974,35.837207257004],[129.22915636675822,35.83711794603456],[129.22916547278905,35.83698904990072],[129.22917384530717,35.836797130673474],[129.22918283178532,35.836467607272674],[129.2291838043365,35.83629667415981],[129.22918361408279,35.83617973719647],[129.2291816372022,35.83613088412174],[129.22918501997944,35.835846713244436],[129.22918715543486,35.83571865943939],[129.2291856651983,35.835456641516316],[129.2292641935062,35.83541458452873],[129.22929200767595,35.83539541627214],[129.22932110281502,35.83537523617951],[129.22935013130032,35.835354975093495],[129.2293790710222,35.83533464206863],[129.229407944116,35.835314237063116],[129.22943672844633,35.83529376011882],[129.2294654350807,35.83527321121479],[129.22949406399354,35.83525258133881],[129.22952261523653,35.83523188851573],[129.22955108875757,35.83521111472071],[129.2295794846088,35.83519027797875],[129.2296078027382,35.83516936026488],[129.2296360321298,35.83514837962523],[129.22966418379966,35.83512731801386],[129.22969224673162,35.835106193476754],[129.2297202430097,35.835084987946885],[129.22974815054982,35.8350637194915],[129.22977596932614,35.83504237909814],[129.22980372147435,35.835020966724755],[129.2298313848589,35.834999482413465],[129.22985895947951,35.83497792616439],[129.2298864564301,35.834956306968806],[129.22991387568464,35.83493461581454],[129.22993847863768,35.83491502091028],[129.2299412061756,35.834912852722624],[129.22996844790256,35.83489101769307],[129.23044429766801,35.83448643264397],[129.23052759182022,35.834412614664224],[129.23071374183752,35.83424764620794],[129.22989827312875,35.834240627903746],[129.229841253418,35.83429127843333],[129.22981665713982,35.834313144459955],[129.22979198314204,35.834334929516686],[129.22976720931499,35.83435664265773],[129.22974235781982,35.83437829285352],[129.2297174064954,35.83439987113361],[129.22969237747722,35.83442137745589],[129.22966724865543,35.8344428208748],[129.22964203107225,35.8344641923568],[129.22961672472735,35.83448549190181],[129.2295913296209,35.834506719509875],[129.2295658457529,35.83452787518086],[129.22954028421668,35.83454896790606],[129.2295146228255,35.83456997970267],[129.22948887269845,35.83459092857465],[129.22946304485168,35.83461179647567],[129.2294371172014,35.83463260147295],[129.2294111118573,35.83465333451178],[129.22938501775164,35.83467399561313],[129.2293588348584,35.834694575764495],[129.2293325742973,35.83471509296981],[129.22930622494883,35.83473552922493],[129.2292665345238,35.83476605773704],[129.22912488239893,35.83487233129991],[129.22910024798423,35.83488872665564],[129.22901094139706,35.83494676510426],[129.22898943162906,35.83496053188056],[129.2288989687902,35.83501680598197],[129.22880732896115,35.835071793452],[129.22873570551025,35.83511329633654],[129.2287145120671,35.83512546725058],[129.22864158005234,35.83516610735172],[129.2286205733977,35.83517780924546],[129.228546443832,35.835217703513486],[129.22852551292974,35.835228810421576],[129.22845016344735,35.83526787778347],[129.22842938595366,35.835278452646925],[129.22835281647883,35.83531666606275],[129.22833220351447,35.83532672688558],[129.2282544361329,35.83536406828598],[129.22823399874176,35.83537360603493],[129.22815505556522,35.835410066363124],[129.2281348048424,35.83541909002987],[129.2280547079314,35.83545464220414],[129.22803468820146,35.83546316973041],[129.22795317110985,35.83549752584997],[129.22793357116834,35.83550578219306],[129.22785123312468,35.83553949088934],[129.22783169777742,35.83554711621821],[129.22774815012886,35.8355797275955],[129.22772887916216,35.8355869198093],[129.22764423276922,35.83561849674384],[129.22762519275136,35.835625174793265],[129.22752059414995,35.83566183618883],[129.22747128020032,35.83567912480002],[129.2271641766888,35.83577628896544],[129.22704715446852,35.83580728638263],[129.2266237916549,35.835919988581864],[129.2258992328412,35.83603993036267],[129.22534157914816,35.83609354937034],[129.22459975988247,35.83614165871492],[129.22440248984796,35.83615566972636],[129.22359662167412,35.83622067296193],[129.2228604739624,35.83629520380146],[129.2224359175594,35.83635973059102],[129.22244506391334,35.836480977117766],[129.22228941562187,35.83648956371099],[129.2220292768862,35.836555237884994],[129.2218708490013,35.836607368479726],[129.2213428704253,35.83679639058804],[129.22120932926867,35.83685491872507],[129.2211929046693,35.83686311408813],[129.2209179248293,35.83699431591709],[129.2206890108224,35.83711788962987],[129.22063115664244,35.837149710166095],[129.22057399086796,35.837182340545446],[129.22051753563426,35.83721578072844],[129.22046180198362,35.83725002168347],[129.22040681200235,35.83728504534628],[129.22032612881205,35.837338780682195],[129.21992053828657,35.83758596566079],[129.21979851826194,35.837661198504016],[129.21942935219002,35.838014374858545],[129.21932793989023,35.838129990951664],[129.2188489502529,35.838820152970506],[129.21882788205943,35.838850752491304],[129.21880747876062,35.838881648218724],[129.21878774035707,35.83891284015302],[129.218768666751,35.83894429224469],[129.21875028012872,35.838976022478995],[129.21873256934896,35.83900800383879],[129.21870562611684,35.83905977532721],[129.21853729465093,35.83939992312353],[129.21848250045386,35.83953613797952],[129.21847607093474,35.83955285877792],[129.21844797314336,35.83961975527661],[129.21834398586975,35.83995364006081],[129.21828639121344,35.84015515548054],[129.21825692683805,35.840313864797665],[129.21820373454636,35.84059178926443],[129.21819059881983,35.840702666775535],[129.21818550692066,35.84082463318564],[129.21818091095318,35.84167426834891],[129.2181851851737,35.84176441272241],[129.21803860274937,35.841769020983186],[129.21804986768024,35.84188190032316],[129.2176275808004,35.84295449058091],[129.21748579293714,35.843385128554004],[129.21741592066746,35.843387480213764],[129.21741580269222,35.843392960026954],[129.21741856971298,35.84356030820134],[129.2174210341321,35.8435670090743],[129.2174208516674,35.843581366317295],[129.21729907186335,35.84358199965879],[129.21732058678546,35.84445100945493],[129.2173204967521,35.8447977295084],[129.2174311777428,35.84479773795016],[129.21756190503157,35.844793654621235],[129.2175991757611,35.84479392106093],[129.2175998480315,35.84502132324262],[129.2176070735817,35.847345894768225],[129.21787607121007,35.84808612963091],[129.21788196160205,35.848102918313565],[129.21788745373547,35.84811979783812],[129.21789253651573,35.848136759212025],[129.2178972210125,35.848153802415474],[129.21790149610695,35.84817090944339],[129.21790536179844,35.84818808029601],[129.21790881808715,35.84820531497321],[129.2179118759933,35.848222595430215],[129.2179145133773,35.84823992170713],[129.2179167412843,35.84825728477129],[129.21791855971372,35.84827468462296],[129.21791995754685,35.848292103257045],[129.21792095694695,35.84830954964622],[129.21792152463183,35.848326996812915],[129.21792168278904,35.8483444627422],[129.2180263231364,35.84834391372076],[129.21804298079203,35.84883166691413],[129.2181326406939,35.84936696455454],[129.21817652230175,35.849452693373145],[129.2182641928387,35.84963066715736],[129.21829079378978,35.849683549532344],[129.2185818005446,35.85028522981134],[129.2186701319463,35.8503679400465],[129.2185655233678,35.85044204051561],[129.21836507835536,35.850592181056754],[129.21825473612222,35.85068705638092],[129.2182308547999,35.85070618791599],[129.2181717898525,35.85076894927831],[129.21752961870868,35.85147141252659],[129.21755263132613,35.85153997421953],[129.21732343335904,35.851670030801294],[129.21723965036486,35.85171757795095],[129.21714420767316,35.85177230188567],[129.21706773188797,35.85181616771678],[129.21680285240785,35.85197053992297],[129.21676301640494,35.851993106472996],[129.21662777947793,35.85206973854636],[129.21656119439524,35.85210746686422],[129.21643930949267,35.85217653137139],[129.21628934888986,35.85226150792818],[129.21613508049944,35.85235016908804],[129.2160227474013,35.852414718875586],[129.21579570422122,35.85254518325974],[129.2157770575086,35.852555905327364],[129.21568900773903,35.8526065052222],[129.21547384567972,35.85273013437379],[129.21521186479592,35.85288198341315],[129.2151894704951,35.852894721839895],[129.2153140236858,35.853039366983346],[129.21563166338035,35.85339273069466],[129.2158189677743,35.85359177096751],[129.21640946836052,35.852727761508],[129.21652771941416,35.85269423978012],[129.21704127927546,35.85241520320788],[129.21750296803577,35.85217568733537],[129.21757388451073,35.852110624841465],[129.21773967880233,35.85257784039118],[129.21787163940252,35.85292926108151],[129.21784762446325,35.85296468735232],[129.2178739781849,35.853019976567886],[129.2181963527698,35.852904243027126],[129.2182790779572,35.852858265300206],[129.21939898020696,35.852241524749964],[129.21959493603097,35.852136993862025],[129.21963924855737,35.85223341013046],[129.21946570145212,35.85232679705409],[129.21944964011408,35.852335469166135],[129.2194745257781,35.85239199540889],[129.2195053956742,35.852458893174116],[129.21954719053485,35.85254951900966],[129.21957089994294,35.852600928271926],[129.21966184847713,35.85280116483847],[129.2196676064929,35.85281381692783],[129.219707778823,35.85290202128873],[129.21974777621745,35.85299099201388],[129.21978843947605,35.85308052930117],[129.2198124298857,35.85313337098552],[129.2198454681616,35.85320761890318],[129.21994373368284,35.85342732693192],[129.21995239895125,35.85344646271064],[129.22008199953956,35.85373257171034],[129.22009242315067,35.85375503889871],[129.2201311561495,35.853838802565754],[129.22014798456996,35.85387556992121],[129.22021570266747,35.85402069188367],[129.2202861715095,35.85417166691043],[129.2204124390192,35.8543680082238],[129.22047562644036,35.854459441897845],[129.22070333312416,35.854989050871346],[129.2207262759492,35.855038938171006],[129.22144052911844,35.85659345762697],[129.22148033675532,35.85672857196476],[129.22154398129493,35.85686811282168],[129.2216047935512,35.8570042430998],[129.22168016656116,35.857185237824844],[129.22179954918445,35.85746707355751],[129.2218382704076,35.85760528102776],[129.22185986286107,35.85768674127915],[129.22186885857386,35.8577329317618],[129.2218725011578,35.85774901235629],[129.2218760773425,35.857765102084926],[129.2218795982238,35.857781209939766],[129.2218830526809,35.85779731791628],[129.2218864407386,35.857813435027005],[129.2218897734679,35.85782956125147],[129.22189303979766,35.8578456966101],[129.22189623972795,35.857861841102924],[129.22189937325865,35.85787799472986],[129.22190245146095,35.85789415747072],[129.22190546323853,35.85791032033322],[129.22190840864153,35.85792650134238],[129.2219112986908,35.85794268245303],[129.22191411126934,35.85795887271808],[129.2219168685192,35.8579750720971],[129.22191957044018,35.85799128058992],[129.2219221948655,35.85800748922473],[129.2219247639618,35.85802370697361],[129.2219272666584,35.85803993385657],[129.22192970295484,35.85805616987372],[129.22193208389737,35.858072405992445],[129.22193439843988,35.85808865124535],[129.22193664655757,35.85810489662002],[129.22193882827494,35.858121151128856],[129.22194095466315,35.8581374147517],[129.2219430146513,35.858153687508725],[129.2219450082143,35.85816996038755],[129.22194693535195,35.85818623338813],[129.22194879608946,35.858202515523026],[129.22195060149755,35.85821880677186],[129.22195234048039,35.85823509814252],[129.22195401303782,35.85825138963488],[129.22195563026568,35.858267690241306],[129.2219571700222,35.85828400000223],[129.2219586544242,35.85830030986463],[129.22196007240072,35.85831661984892],[129.22196143502268,35.858332929934704],[129.22196272017285,35.85834924917511],[129.22196394999344,35.858365577529476],[129.22196511338834,35.85838190600561],[129.2219662103576,35.8583982346036],[129.2219672519721,35.85841456330309],[129.22196821608964,35.858430892144746],[129.22196912487746,35.85844723010037],[129.2219699672393,35.85846356817787],[129.2219709630988,35.85847936522494],[129.22197111191747,35.85853310635982],[129.2219700911864,35.85860427977326],[129.2219669848386,35.8588338422998],[129.22195315239844,35.858976129642656],[129.22195116084015,35.858996573596116],[129.22190408984287,35.85933381673482],[129.22187177873946,35.859487899237614],[129.22176172603773,35.85980239315136],[129.22172185256258,35.85990437031713],[129.22170974428542,35.85993773867339],[129.22170205301524,35.85995894110219],[129.2216902466195,35.85998537830886],[129.22158329338873,35.860200071210876],[129.22151827491837,35.86031752372175],[129.22136258682525,35.860545076335576],[129.22127683145501,35.86065868228135],[129.22101880204087,35.86098419795346],[129.2211234313439,35.8612063985496],[129.22120609437758,35.86134400307479],[129.2212866074904,35.86155294520327],[129.22145404208942,35.86136454844212],[129.22171938301312,35.86102879830883],[129.22178071158194,35.86094613160812],[129.22185570142938,35.86083919626167],[129.22204737526914,35.860529356154544],[129.2221082803183,35.86041397477286],[129.22220086116647,35.8602230106276],[129.22229964071263,35.85999183937063],[129.22235045240748,35.85987007754872],[129.2223706644689,35.85981272104312],[129.22246318532038,35.859421112021096],[129.22250796641853,35.859248882329396],[129.2225616368379,35.85885711934635],[129.22255536150396,35.858578726439475],[129.2225566311799,35.85856550279799],[129.22255396649263,35.85849895956229],[129.2225453924714,35.85828582121228],[129.22253702569134,35.858123386678365],[129.22252137818472,35.85799030115264],[129.22251709740837,35.857963722214706],[129.22251259646643,35.857937594305476],[129.22250753972753,35.85791065629529],[129.2225022608222,35.85788344831903],[129.22249687271187,35.85785678129201],[129.22249126518741,35.85783083566664],[129.22248488094874,35.85780426059591],[129.2224784969646,35.857777775649076],[129.22247167114736,35.857751652013505],[129.22245702089086,35.85769859545447],[129.22244908674347,35.85767202323166],[129.22244126456135,35.857645901426295],[129.2224325559598,35.85761951087592],[129.2224237376551,35.85759348102573],[129.22241447751972,35.857567812486366],[129.2221018190981,35.85672364720276],[129.22204553583404,35.85658811269329],[129.2212746859208,35.85490815649425],[129.22119683428508,35.85473850367818],[129.22112953245625,35.85453244812204],[129.22103939149412,35.854305957890034],[129.22097272437244,35.85414112417694],[129.22091048437164,35.85398785436837],[129.22084097904514,35.853817293814785]],[[129.21907911750046,35.84849378232027],[129.21909081783795,35.848493652982576],[129.21925191687163,35.848494181275456],[129.21927655793942,35.84849413661705],[129.21942367382087,35.84849389692317],[129.21945028528796,35.84849384865556],[129.21959471121485,35.84849360461912],[129.21963198271646,35.84849351893666],[129.21978933773394,35.848493152056534],[129.21980044092552,35.84849324904701],[129.21984612665398,35.84849361666041],[129.21987490853994,35.84849384374185],[129.2200361757454,35.84849514575221],[129.22007920468243,35.848495491071596],[129.22020224273348,35.84849481656086],[129.220271726305,35.84849443771969],[129.22041859705973,35.84849362045465],[129.22048311537188,35.848474946162966],[129.22067907145137,35.848330136623474],[129.22070274229176,35.848311419555195],[129.22073365570807,35.84824151632697],[129.22073346552048,35.8482367670897],[129.22072243969302,35.84804356834406],[129.22071914871074,35.84798606562191],[129.2207188598657,35.84798166805163],[129.2207154948906,35.847977717705746],[129.22069856585395,35.847956316878495],[129.22068255431233,35.84793444572536],[129.22066747145854,35.84791214928886],[129.22065333945616,35.84788943654139],[129.22064018054297,35.84786634349254],[129.2206280058372,35.8478428881476],[129.22061683760165,35.84781911552861],[129.2206066758601,35.84779503464828],[129.220597542875,35.84777069052877],[129.22058943869487,35.84774610119518],[129.22058238555718,35.84772130265729],[129.2205763835108,35.84769631293997],[129.22057144374787,35.847671177085594],[129.2205660370768,35.84763324433927],[129.2205419202116,35.847159654639185],[129.22053122834086,35.84701521283445],[129.22051392730285,35.84690271434574],[129.22049944191696,35.84654204261871],[129.22049513127865,35.846431656403055],[129.22046908749857,35.84574002173478],[129.2204661510238,35.845666413003165],[129.2204300019643,35.84566763247186],[129.22034966594336,35.84566950020415],[129.22030949799313,35.845670456581225],[129.22030948684963,35.84567042956404],[129.22026273632184,35.845555839662005],[129.220215567533,35.845438033038704],[129.22015783539527,35.84531495528063],[129.22010015613625,35.84519091305832],[129.22006991712027,35.84512716858774],[129.2200431656057,35.84507172728981],[129.21998434613363,35.84494752485515],[129.2204367284984,35.84492932535021],[129.22042042988895,35.844520818448856],[129.2203398862207,35.844458769903156],[129.21979364268833,35.8444698574929],[129.21978611845788,35.84439413011213],[129.2197799676908,35.844342959297855],[129.21977303122281,35.84423934617143],[129.2197368374727,35.8436987790354],[129.2196826881878,35.843084675389136],[129.21961834987198,35.843042244170555],[129.2192444912856,35.84305680146668],[129.21918635900292,35.843025092660326],[129.21900658913756,35.84302953690958],[129.21895755269185,35.843029184047865],[129.21884984658556,35.843027297026346],[129.21881908943246,35.84245646468642],[129.21880293959399,35.84242793327035],[129.21869956511276,35.84183843205594],[129.2186953015959,35.84174836879597],[129.21867602144894,35.84174898044321],[129.21867174667415,35.84165883608891],[129.2186224481197,35.84076191956288],[129.2186204613645,35.840646193565846],[129.2186045042397,35.84053387249735],[129.2186047895114,35.84036641961727],[129.2187014645118,35.83995302148811],[129.21870191497783,35.83995179497293],[129.21876947581578,35.83976455516657],[129.21877008003355,35.83976288676028],[129.2188396478273,35.83957301162816],[129.21898106142766,35.839282066357],[129.21902117296807,35.83920486471328],[129.21906293524108,35.83912825489216],[129.2191063371991,35.83905224592457],[129.2191513457074,35.83897686490624],[129.21919797187988,35.838902129840285],[129.2192692879501,35.8387936973081],[129.21945236496086,35.838557237669015],[129.21950348421342,35.83849458911787],[129.21955594466837,35.8384326771366],[129.21960971316835,35.83837151980851],[129.2196647897861,35.8383111441693],[129.21972115238367,35.83825155025747],[129.21977878996563,35.838192765128696],[129.21983766940045,35.83813481587892],[129.21993663057364,35.83804185224896],[129.22046407846366,35.8376192600857],[129.22106519823086,35.83729994054904],[129.2211121227109,35.83727420519892],[129.22115960240396,35.83724913574129],[129.2212076151995,35.8372247412284],[129.2212561279437,35.83720103974538],[129.22130515170548,35.83717803127136],[129.22135466434932,35.837155715846166],[129.2214046438148,35.837134120547134],[129.22149996634008,35.83709538154251],[129.222303273628,35.83681337580206],[129.22244674746682,35.83681270653441],[129.22244921481433,35.83687626723723],[129.22258041519797,35.836863976211426],[129.22304641724716,35.836800940688036],[129.22312947841155,35.8367912342676],[129.22314035824078,35.83734029238706],[129.2230185853582,35.83734792520373],[129.222892578022,35.83735325849572],[129.22291139262632,35.83754398261615],[129.2228745335474,35.83754724996354],[129.22288749441566,35.83759505547578],[129.22289404552757,35.8377459668917],[129.22291661260817,35.83789694793227],[129.2229233693296,35.8380262289384],[129.22291916055283,35.83806901907356],[129.22290847147931,35.838177594437695],[129.2228842622439,35.83826020263246],[129.22289825594996,35.838456595462205],[129.22289745022488,35.83857690491979],[129.2229087775679,35.83866214237685],[129.22340600412167,35.83865926950506],[129.22370443510556,35.83866544137838],[129.22374949057578,35.8386680527978],[129.22377697871653,35.83881282394359],[129.22377464331325,35.83886044134116],[129.2237654826917,35.8390681875691],[129.22365447022895,35.83907346688974],[129.2236630897245,35.83922330191167],[129.22366773145788,35.839304144530374],[129.22367984535865,35.839591720235816],[129.22367882467546,35.83994411111712],[129.22369385142966,35.840275941818994],[129.22370527895575,35.840388766268426],[129.22423937143742,35.84034911382185],[129.224999994114,35.84028621822645],[129.22906270662625,35.840031596570284],[129.2291027354242,35.84121502474881],[129.22894952297042,35.841222966461096],[129.22882656076987,35.84122685821653],[129.22880321900297,35.84122760534683],[129.22870882223785,35.84123048761942],[129.22856492188401,35.841235734520495],[129.22853387715537,35.84123678455379],[129.22839939491314,35.84124156283725],[129.22833730513793,35.84124355466078],[129.22820607861837,35.8412488763448],[129.22810735767925,35.841253073115894],[129.22799826696718,35.84125783911488],[129.22790732870098,35.8412625257523],[129.22774845295982,35.84126801619056],[129.22767639604723,35.84127205425175],[129.227599537506,35.841276867367135],[129.22753147855724,35.841277770480296],[129.22743741289742,35.841280353719014],[129.22741439137567,35.8412808476273],[129.22729261089623,35.841283870391585],[129.22726523964664,35.84128446256954],[129.2271827385943,35.84128627584319],[129.22711835646683,35.84128789281729],[129.2270632075598,35.841290186388235],[129.2269504859552,35.84129486812676],[129.22667775951362,35.84130506793748],[129.226299967193,35.84131864514098],[129.2257581819395,35.841336637021236],[129.2251075891138,35.84136188577134],[129.22499998876393,35.84136537551284],[129.22472439146176,35.84137430546821],[129.22452058294095,35.841382191314],[129.2243551443182,35.84138816711008],[129.22430898130258,35.84138982990193],[129.22430040406533,35.84139019729305],[129.2243070155817,35.84149038604935],[129.224309523755,35.841528378113516],[129.2243097204676,35.84153143298748],[129.22753683109477,35.84140484571867],[129.22906883026076,35.84135391755765],[129.22910740189792,35.84135291621704],[129.2291600262527,35.84309329279025],[129.22915695131564,35.84312893404156],[129.22922302684836,35.84309191166371],[129.22925830246243,35.84307214348204],[129.22929603143723,35.843051000739024],[129.2293494727172,35.843024033154464],[129.2294297370805,35.84298265775742],[129.22952593944754,35.84292926543782],[129.2295444369953,35.84291813594707],[129.22958208121892,35.84290223855012],[129.2296234624586,35.84296602257476],[129.2296398254878,35.842982574509854],[129.22976499060675,35.843109160710945],[129.22988110547044,35.843225480717216],[129.23003533247262,35.84338081534066],[129.2301055459727,35.84345122261636],[129.23015119956847,35.84353394259779],[129.23008073063033,35.84355971722896],[129.2295366662443,35.84380736897569],[129.22948708909973,35.84373043322003],[129.22944622228638,35.84366858586854],[129.229415630509,35.843623229912765],[129.2293509345672,35.843519645774954],[129.229265713169,35.84339541682066],[129.22919461790295,35.843287320448766],[129.2291435704594,35.84328440699166],[129.2290806817241,35.84401465572425],[129.22844850221026,35.84442207172454],[129.22821541113655,35.84457871635541],[129.22754717436902,35.84502658963168],[129.22703052825403,35.84519444485599],[129.2265124884685,35.84536736549152],[129.22616018887146,35.84548203278277],[129.22571339532183,35.84562628317759],[129.22533783162453,35.84581002719066],[129.22533044055356,35.84572452137585],[129.22517670149665,35.84578861613716],[129.22484490888527,35.845974079619516],[129.22464000407854,35.84610850317166],[129.22447411238412,35.84621711429411],[129.2242912088954,35.846338437312056],[129.2242228482656,35.84638740275974],[129.22394129687964,35.846585370069526],[129.22387591696187,35.84663160802676],[129.2236292340418,35.84680623078814],[129.22344273700904,35.846937896482665],[129.22306455001979,35.84720540034617],[129.2228928546638,35.847330377653336],[129.222837865853,35.84728029738682],[129.2228298322898,35.84702241963291],[129.22281901331283,35.846678351486865],[129.2228112331403,35.84645186376358],[129.22280031903398,35.84607349419484],[129.22278651119046,35.84545434303027],[129.22279127970313,35.84545349608619],[129.2226807684281,35.84545114902068],[129.22268659507512,35.845337058096305],[129.2226935951977,35.845246938254526],[129.2226831996147,35.84503111706807],[129.22268081070126,35.84490827209718],[129.2226827036266,35.844760806107615],[129.222682910394,35.84474358284165],[129.2226925934313,35.84461511888139],[129.22269654430252,35.84448327677001],[129.2226931593203,35.84440034998183],[129.22276295722577,35.84439886058999],[129.2229013244095,35.84439590197333],[129.22289428790006,35.844313513655514],[129.2228933548297,35.84429242612571],[129.22289131003012,35.84424570909524],[129.2228873686537,35.844121965723104],[129.22288301267344,35.84398843553716],[129.22287727310857,35.843858900434604],[129.2228702727466,35.84371779560117],[129.22286631437794,35.84358791473574],[129.22286098207178,35.843473465799754],[129.22285557014578,35.84336620898379],[129.22284569155272,35.8431771629326],[129.22284477408618,35.843161681145396],[129.22284115288116,35.84310133109439],[129.22283335376977,35.84295555022359],[129.22283224368,35.84293846456528],[129.22282959823332,35.842882700077695],[129.22279459915953,35.842145866302076],[129.22279184799092,35.842087884925114],[129.22276832457206,35.84159294353719],[129.22264161240255,35.84159799848385],[129.22259125640576,35.840463759296945],[129.22246041662265,35.84046453169226],[129.22237925546133,35.84046629414115],[129.22211669835428,35.84048670311271],[129.22212525587662,35.840631130824626],[129.22217481779725,35.840641899887565],[129.22235525308426,35.840639937135116],[129.2223874924171,35.84079434320195],[129.22238357388107,35.84088208713982],[129.2223856996239,35.84096612483913],[129.2223893983271,35.841086525101616],[129.2223879218967,35.841236676138685],[129.2223765448415,35.841353021442934],[129.22235844891316,35.84146533247894],[129.22234254010078,35.84153211733395],[129.22233452038822,35.84155393331916],[129.222327203797,35.84157384637346],[129.22245707566395,35.841642472178656],[129.22247818150709,35.84165361788476],[129.22247852801786,35.84165882647463],[129.2224803209216,35.84169066435273],[129.22250390515805,35.842108413592925],[129.22254164983585,35.84282646035799],[129.22254351688403,35.84286106493046],[129.22254737367837,35.84293459984993],[129.22255064502454,35.84299659984334],[129.22255417741783,35.84303300385144],[129.22257020018148,35.84334228341903],[129.22259204033827,35.84387307952518],[129.22259861783573,35.84404944205017],[129.22260095671965,35.844094500246385],[129.2226091320781,35.84424832857477],[129.22261723626522,35.84425687553668],[129.22263228759206,35.84429578183727],[129.22262422409491,35.844421521044424],[129.2225258233528,35.844422963834084],[129.2225391412203,35.84451531745483],[129.22253730217807,35.8446104928296],[129.22253743737753,35.844619324830106],[129.22254399571773,35.844748912501984],[129.22255027977897,35.844899319547295],[129.22255471301207,35.84502098012306],[129.2225566111362,35.84506676012355],[129.2225484848195,35.845130042811995],[129.22253515581218,35.84523317031197],[129.22253351897692,35.845361331046185],[129.22253637901164,35.84547452275919],[129.22256209554334,35.84551532910294],[129.2225634774909,35.84561043544883],[129.22256495283654,35.845667400731834],[129.22258973748905,35.84586297138755],[129.22259987054431,35.846024141253764],[129.22260069256515,35.84603714477433],[129.2226087594724,35.84608802350074],[129.2226237978611,35.84617796758306],[129.22263706312654,35.84625122378145],[129.22260332283187,35.84626690452828],[129.22252830530886,35.846334663306145],[129.2225152555772,35.846343041894364],[129.22250049969657,35.8462711042495],[129.2224847004421,35.846194139547634],[129.22248091899232,35.846175733971116],[129.22247626877743,35.84610751792194],[129.2224702697889,35.8460399081895],[129.22246846443232,35.846019579316156],[129.22245791992827,35.84587359625287],[129.2224575515106,35.84586847783185],[129.22243894601138,35.84571757974986],[129.22242530715957,35.84561728671642],[129.22241861773017,35.845568108803],[129.22243097514385,35.845505719598144],[129.22238400008234,35.84553077057836],[129.22234376174245,35.84555022141012],[129.22231009623013,35.84554487578125],[129.2223168615621,35.8455575709707],[129.22232253685698,35.84559233075736],[129.2223261189489,35.84573050378767],[129.2223274588831,35.84588242499365],[129.22233421821736,35.8460326869489],[129.22234918821127,35.8465412256093],[129.22236021600244,35.846873514093296],[129.22236440122464,35.84694172198048],[129.22237951539444,35.84720672465207],[129.22239391229672,35.84743657989826],[129.22240005799065,35.84759698199484],[129.22245742305464,35.84764973480039],[129.22183124652713,35.84810899875118],[129.22179323954424,35.848135267758835],[129.22174335538014,35.84816975989522],[129.22164829707694,35.84823674371463],[129.2215069798785,35.84833632924538],[129.2213206076422,35.84846764892155],[129.2209878782644,35.84870209533298],[129.22080253716976,35.84884267715971],[129.22051107816586,35.849050856604926],[129.22006620273172,35.849368590979495],[129.2195927656726,35.84970734761101],[129.21926228301493,35.84994537210663],[129.2191652748317,35.85001736842834],[129.21906187275118,35.84992494333827],[129.21903583219296,35.84986669768995],[129.21891583771392,35.84962055840671],[129.21891466883858,35.849618163198784],[129.2188880628713,35.849563586622565],[129.21888091273345,35.84954772855957],[129.21887392852258,35.84953182513361],[129.2188670991687,35.84951587636443],[129.2188604246719,35.84949988225227],[129.21885391610184,35.84948384277711],[129.21884757348292,35.849467766951406],[129.21884138569624,35.849451636770254],[129.21883535281523,35.84943547927108],[129.21882949693054,35.84941927638894],[129.2188237959269,35.849403037176394],[129.21881824980417,35.84938676163341],[129.21881288067738,35.8493704407075],[129.21880766645597,35.849354092463635],[129.2188026182096,35.849337716881905],[129.21879773588896,35.84932129593738],[129.21879301954337,35.849304847655034],[129.2187884691725,35.84928837203471],[129.218784073682,35.84927186008415],[129.21877985526046,35.84925532978824],[129.2187758027887,35.849238763142026],[129.21877190522167,35.84922216917803],[129.2187681847233,35.84920555686874],[129.21876461912927,35.84918891724174],[129.2187612305793,35.849172250256906],[129.2187580080277,35.84915556494683],[129.2187549514747,35.84913886131145],[129.21875206092005,35.84912213935076],[129.21874933633913,35.84910539005246],[129.2187467777809,35.84908863144141],[129.21874439629045,35.84907185448507],[129.21874216972827,35.84905505922352],[129.21874012023375,35.8490382456168],[129.2187382367861,35.84902143170973],[129.21873653040583,35.84900459945749],[129.21873497895336,35.8489877489001],[129.21873360461717,35.848970898022394],[129.21873239630295,35.848954037832],[129.2187313540106,35.848937168328845],[129.2187304888096,35.848920289493066],[129.21872978965476,35.848903410357046],[129.21872925654594,35.84888653092062],[129.21872888945865,35.84886964217164],[129.2187286994868,35.84885275310232],[129.21872867553625,35.84883585472038],[129.21872881765586,35.848818965050604],[129.21872036833628,35.84849718923609],[129.2189226076553,35.8484955707151],[129.21905025965447,35.848494113960314],[129.21907911750046,35.84849378232027]]]]},"properties":{"uname":"자연녹지지역","dyear":"2024","dnum":"0241","sido_name":"경상북도","sigg_name":"경주시"},"id":"LT_C_UQ111.12808"},{"type":"Feature","geometry":{"type":"MultiPolygon","coordinates":[[[[129.2221695859928,35.84169418247379],[129.22219785149562,35.841668715303705],[129.22220633079328,35.841660948976944],[129.2222099777901,35.84165090234938],[129.22223663822774,35.84157747357315],[129.22224412986841,35.84155681216497],[129.22228368649684,35.841447859433025],[129.22228197688952,35.84138214339481],[129.2222821015428,35.84123541058507],[129.22228232956482,35.84103810841884],[129.22230316377104,35.84089939472826],[129.2222343028694,35.84086244379458],[129.22213453317914,35.840787651992585],[129.2221773790926,35.84151061951071],[129.22217729415553,35.841579853721264],[129.2221695859928,35.84169418247379]]]]},"properties":{"uname":"자연녹지지역","dyear":"2024","dnum":"0241","sido_name":"경상북도","sigg_name":"경주시"},"id":"LT_C_UQ111.12809"},{"type":"Feature","geometry":{"type":"MultiPolygon","coordinates":[[[[129.22229298131646,35.8450650277545],[129.22229272280072,35.84506760580408],[129.22240939124637,35.84506712099593],[129.22242643753899,35.845066999530935],[129.22241958281754,35.84499013552127],[129.22241775875997,35.844971032377664],[129.22241582522545,35.84491245469119],[129.222412841732,35.84483450206185],[129.22241650744155,35.84471940571114],[129.22241064720046,35.84460198362176],[129.22239803704838,35.84444545969131],[129.22239779867158,35.844439331629886],[129.2223913401085,35.844425464253625],[129.22230539507612,35.8442083308487],[129.22229426864675,35.844427264910045],[129.222293220192,35.84444835608538],[129.22229364686277,35.844602288789915],[129.22229462057507,35.84463410112285],[129.22229729310448,35.844719714953456],[129.2222972103922,35.84472980910442],[129.22229709617943,35.844768472934895],[129.22229595199428,35.84483489715442],[129.22229409952098,35.84491734689731],[129.22229298131646,35.8450650277545]]]]},"properties":{"uname":"자연녹지지역","dyear":"2024","dnum":"0241","sido_name":"경상북도","sigg_name":"경주시"},"id":"LT_C_UQ111.12814"},{"type":"Feature","geometry":{"type":"MultiPolygon","coordinates":[[[[129.2232422624699,35.845373111373235],[129.22322982013378,35.845372945071205],[129.22317359999738,35.845381169061035],[129.22301558380624,35.845404271100925],[129.2228836735879,35.845437022285665],[129.2232422624699,35.845373111373235]]]]},"properties":{"uname":"자연녹지지역","dyear":"2024","dnum":"0241","sido_name":"경상북도","sigg_name":"경주시"},"id":"LT_C_UQ111.12816"},{"type":"Feature","geometry":{"type":"MultiPolygon","coordinates":[[[[129.22344923256503,35.84537588362824],[129.22337733488146,35.845374916885326],[129.22338279522305,35.84537606040225],[129.2234005525738,35.84538083127221],[129.2234178588001,35.84538657632252],[129.22343463636767,35.84539327767152],[129.223450818736,35.84540089037982],[129.22346632832043,35.84540937854107],[129.2234810986306,35.84541871524073],[129.22349017167272,35.84542530463991],[129.2234752412359,35.845410146163566],[129.22344923256503,35.84537588362824]]]]},"properties":{"uname":"자연녹지지역","dyear":"2024","dnum":"0241","sido_name":"경상북도","sigg_name":"경주시"},"id":"LT_C_UQ111.12817"},{"type":"Feature","geometry":{"type":"MultiPolygon","coordinates":[[[[129.22378433933326,35.84552890022782],[129.2236517289018,35.845457396978055],[129.2236242400159,35.84545602382175],[129.2235241897895,35.84544991800684],[129.22352464445711,35.845450214579195],[129.2235412362315,35.845457763431156],[129.2235590617337,35.84546314700156],[129.22357769995466,35.84546623088028],[129.22359668575857,35.84546693481431],[129.2236155873933,35.84546524157658],[129.22378433933326,35.84552890022782]]]]},"properties":{"uname":"자연녹지지역","dyear":"2024","dnum":"0241","sido_name":"경상북도","sigg_name":"경주시"},"id":"LT_C_UQ111.12818"},{"type":"Feature","geometry":{"type":"MultiPolygon","coordinates":[[[[129.2238484981463,35.84555309724118],[129.22472036166758,35.84502006783131],[129.22463036186417,35.84507291304029],[129.2245576835631,35.84511722724263],[129.22428705874563,35.8452820631949],[129.22408047341722,35.845405025025904],[129.224015538255,35.84544367371963],[129.2238428314453,35.84554941260297],[129.22383814852384,35.84554919595564],[129.2238484981463,35.84555309724118]]]]},"properties":{"uname":"자연녹지지역","dyear":"2024","dnum":"0241","sido_name":"경상북도","sigg_name":"경주시"},"id":"LT_C_UQ111.12819"},{"type":"Feature","geometry":{"type":"MultiPolygon","coordinates":[[[[129.22531369610147,35.844784197573404],[129.22586198962134,35.8446908870792],[129.2258576767311,35.84467268988526],[129.22574709218102,35.844683278709525],[129.22564528405098,35.844693364386075],[129.22559367175472,35.844698480612834],[129.22540896314203,35.844723149675524],[129.22533433754663,35.84473205787128],[129.22531957655985,35.844737889415946],[129.22526014216803,35.84473650403283],[129.22526068743238,35.844761170225645],[129.22512072387514,35.84481472168382],[129.22511180288905,35.84481894712222],[129.22508461987897,35.844831831502724],[129.22497869716167,35.84487865020139],[129.22493531602458,35.844902010158215],[129.22487037145294,35.84493700927141],[129.2251138104526,35.84482038538603],[129.22531369610147,35.844784197573404]]]]},"properties":{"uname":"자연녹지지역","dyear":"2024","dnum":"0241","sido_name":"경상북도","sigg_name":"경주시"},"id":"LT_C_UQ111.12820"},{"type":"Feature","geometry":{"type":"MultiPolygon","coordinates":[[[[129.22247818150709,35.84165361788476],[129.22245707566395,35.841642472178656],[129.222327203797,35.84157384637346],[129.22233452038822,35.84155393331916],[129.22234254010078,35.84153211733395],[129.22235844891316,35.84146533247894],[129.2223765448415,35.841353021442934],[129.2223879218967,35.841236676138685],[129.2223893983271,35.841086525101616],[129.2223856996239,35.84096612483913],[129.22238357388107,35.84088208713982],[129.2223874924171,35.84079434320195],[129.22235525308426,35.840639937135116],[129.22217481779725,35.840641899887565],[129.22212525587662,35.840631130824626],[129.22213453317914,35.840787651992585],[129.2222343028694,35.84086244379458],[129.22230316377104,35.84089939472826],[129.22228232956482,35.84103810841884],[129.2222821015428,35.84123541058507],[129.22228197688952,35.84138214339481],[129.22228368649684,35.841447859433025],[129.22224412986841,35.84155681216497],[129.22223663822774,35.84157747357315],[129.2222099777901,35.84165090234938],[129.22220633079328,35.841660948976944],[129.22219785149562,35.841668715303705],[129.2221695859928,35.84169418247379],[129.22221458188542,35.84255362224346],[129.22223166990725,35.842848389798775],[129.22223547209106,35.84299020354213],[129.2222687734063,35.84355150402812],[129.2222935192297,35.84415689129667],[129.22230539507612,35.8442083308487],[129.2223913401085,35.844425464253625],[129.22239779867158,35.844439331629886],[129.22239803704838,35.84444545969131],[129.22241064720046,35.84460198362176],[129.22241650744155,35.84471940571114],[129.222412841732,35.84483450206185],[129.22241582522545,35.84491245469119],[129.22241775875997,35.844971032377664],[129.22241958281754,35.84499013552127],[129.22242643753899,35.845066999530935],[129.22240939124637,35.84506712099593],[129.22229272280072,35.84506760580408],[129.22231009623013,35.84554487578125],[129.22234376174245,35.84555022141012],[129.22238400008234,35.84553077057836],[129.22243097514385,35.845505719598144],[129.22241861773017,35.845568108803],[129.22242530715957,35.84561728671642],[129.22243894601138,35.84571757974986],[129.2224575515106,35.84586847783185],[129.22245791992827,35.84587359625287],[129.22246846443232,35.846019579316156],[129.2224702697889,35.8460399081895],[129.22247626877743,35.84610751792194],[129.22248091899232,35.846175733971116],[129.2224847004421,35.846194139547634],[129.22250049969657,35.8462711042495],[129.2225152555772,35.846343041894364],[129.22252830530886,35.846334663306145],[129.22260332283187,35.84626690452828],[129.22263706312654,35.84625122378145],[129.2226237978611,35.84617796758306],[129.2226087594724,35.84608802350074],[129.22260069256515,35.84603714477433],[129.22259987054431,35.846024141253764],[129.22258973748905,35.84586297138755],[129.22256495283654,35.845667400731834],[129.2225634774909,35.84561043544883],[129.22256209554334,35.84551532910294],[129.22253637901164,35.84547452275919],[129.22253351897692,35.845361331046185],[129.22253515581218,35.84523317031197],[129.2225484848195,35.845130042811995],[129.2225566111362,35.84506676012355],[129.22255471301207,35.84502098012306],[129.22255027977897,35.844899319547295],[129.22254399571773,35.844748912501984],[129.22253743737753,35.844619324830106],[129.22253730217807,35.8446104928296],[129.2225391412203,35.84451531745483],[129.2225258233528,35.844422963834084],[129.22262422409491,35.844421521044424],[129.22263228759206,35.84429578183727],[129.22261723626522,35.84425687553668],[129.2226091320781,35.84424832857477],[129.22260095671965,35.844094500246385],[129.22259861783573,35.84404944205017],[129.22259204033827,35.84387307952518],[129.22257020018148,35.84334228341903],[129.22255417741783,35.84303300385144],[129.22255064502454,35.84299659984334],[129.22254737367837,35.84293459984993],[129.22254351688403,35.84286106493046],[129.22254164983585,35.84282646035799],[129.22250390515805,35.842108413592925],[129.2224803209216,35.84169066435273],[129.22247852801786,35.84165882647463],[129.22247818150709,35.84165361788476]]]]},"properties":{"uname":"보전녹지지역","dyear":"2024","dnum":"0241","sido_name":"경상북도","sigg_name":"경주시"},"id":"LT_C_UQ111.12821"},{"type":"Feature","geometry":{"type":"MultiPolygon","coordinates":[[[[129.2296234624586,35.84296602257476],[129.22958208121892,35.84290223855012],[129.2295444369953,35.84291813594707],[129.22952593944754,35.84292926543782],[129.2294297370805,35.84298265775742],[129.2293494727172,35.843024033154464],[129.22929603143723,35.843051000739024],[129.22925830246243,35.84307214348204],[129.22922302684836,35.84309191166371],[129.22915695131564,35.84312893404156],[129.2291435704594,35.84328440699166],[129.22919461790295,35.843287320448766],[129.229265713169,35.84339541682066],[129.2293509345672,35.843519645774954],[129.229415630509,35.843623229912765],[129.22944622228638,35.84366858586854],[129.22948708909973,35.84373043322003],[129.2295366662443,35.84380736897569],[129.23008073063033,35.84355971722896],[129.23015119956847,35.84353394259779],[129.2301055459727,35.84345122261636],[129.23003533247262,35.84338081534066],[129.22988110547044,35.843225480717216],[129.22976499060675,35.843109160710945],[129.2296398254878,35.842982574509854],[129.2296234624586,35.84296602257476]]],[[[129.22578618355936,35.844158642268745],[129.22578607056505,35.844153892892535],[129.22558559363554,35.84415632177214],[129.22536863241197,35.844157906817316],[129.22526878369925,35.844183598172926],[129.22520826871676,35.8441874961003],[129.22512710764195,35.84419455975963],[129.22509891857678,35.84419992057966],[129.22497433576916,35.84422363891405],[129.22578618355936,35.844158642268745]]],[[[129.22289428790006,35.844313513655514],[129.22369434746847,35.844279456717466],[129.22349088563482,35.84428337468508],[129.22332153872136,35.84427532382426],[129.22310548496014,35.84428890775845],[129.2230906549068,35.84428983635753],[129.22289901100203,35.844292370641824],[129.2228933548297,35.84429242612571],[129.22289428790006,35.844313513655514]]]]},"properties":{"uname":"제1종일반주거지역","dyear":"2010","dnum":"0618","sido_name":"경상북도","sigg_name":"경주시"},"id":"LT_C_UQ111.12859"},{"type":"Feature","geometry":{"type":"MultiPolygon","coordinates":[[[[129.22211669835428,35.84048670311271],[129.22237925546133,35.84046629414115],[129.22246041662265,35.84046453169226],[129.22259125640576,35.840463759296945],[129.2225687998853,35.83995776643697],[129.22244921481433,35.83687626723723],[129.22244674746682,35.83681270653441],[129.222303273628,35.83681337580206],[129.22149996634008,35.83709538154251],[129.2214046438148,35.837134120547134],[129.22135466434932,35.837155715846166],[129.22130515170548,35.83717803127136],[129.2212561279437,35.83720103974538],[129.2212076151995,35.8372247412284],[129.22115960240396,35.83724913574129],[129.2211121227109,35.83727420519892],[129.22106519823086,35.83729994054904],[129.22046407846366,35.8376192600857],[129.21993663057364,35.83804185224896],[129.21983766940045,35.83813481587892],[129.21977878996563,35.838192765128696],[129.21972115238367,35.83825155025747],[129.2196647897861,35.8383111441693],[129.21960971316835,35.83837151980851],[129.21955594466837,35.8384326771366],[129.21950348421342,35.83849458911787],[129.21945236496086,35.838557237669015],[129.2192692879501,35.8387936973081],[129.21919797187988,35.838902129840285],[129.2191513457074,35.83897686490624],[129.2191063371991,35.83905224592457],[129.21906293524108,35.83912825489216],[129.21902117296807,35.83920486471328],[129.21898106142766,35.839282066357],[129.2188396478273,35.83957301162816],[129.21877008003355,35.83976288676028],[129.21876947581578,35.83976455516657],[129.21870191497783,35.83995179497293],[129.2187014645118,35.83995302148811],[129.2186047895114,35.84036641961727],[129.2186045042397,35.84053387249735],[129.2186204613645,35.840646193565846],[129.2202668434917,35.84058624850793],[129.22199998290392,35.840495776629744],[129.22211669835428,35.84048670311271]]]]},"properties":{"uname":"제1종일반주거지역","dyear":"0000","dnum":"0000","sido_name":"경상북도","sigg_name":"경주시"},"id":"LT_C_UQ111.12891"},{"type":"Feature","geometry":{"type":"MultiPolygon","coordinates":[[[[129.22533044055356,35.84572452137585],[129.22621686376257,35.845336888687626],[129.2262820652947,35.84530674610494],[129.22746302463273,35.844756841621546],[129.2274241712381,35.84469811714191],[129.22738970285428,35.84464384559234],[129.22733374174751,35.844555691384535],[129.22724793170786,35.84442614474965],[129.2272474040067,35.844361021426316],[129.22724616263747,35.844329200625715],[129.2272470097444,35.844307830399906],[129.22723498513454,35.844076123618535],[129.22718467610952,35.84404488165858],[129.22681328563277,35.84407614000357],[129.22659249672097,35.844094092120926],[129.22651712210344,35.84410012746669],[129.22654374533005,35.84410476410821],[129.22655685496898,35.844157048100186],[129.22659362054668,35.84430377481748],[129.22661338062423,35.844382705314395],[129.22662467049898,35.84441772475803],[129.22663411785953,35.84444704274093],[129.2266608406204,35.84452992568193],[129.2265233353005,35.84456371877044],[129.22646743177341,35.84457790096935],[129.22639680676193,35.8445922729212],[129.2262746491689,35.84461644770065],[129.22613820773404,35.844639017797846],[129.2261341249821,35.84463964729283],[129.22605622035226,35.844651518166074],[129.22604560955995,35.844653133207224],[129.22587967634033,35.84467058494473],[129.2258576767311,35.84467268988526],[129.22586198962134,35.8446908870792],[129.22531369610147,35.844784197573404],[129.2251138104526,35.84482038538603],[129.22487037145294,35.84493700927141],[129.2247667208221,35.84499285408241],[129.22472036166758,35.84502006783131],[129.2238484981463,35.84555309724118],[129.22383814852384,35.84554919595564],[129.2238204463792,35.84554836350991],[129.22378433933326,35.84552890022782],[129.2236155873933,35.84546524157658],[129.22359668575857,35.84546693481431],[129.22357769995466,35.84546623088028],[129.2235590617337,35.84546314700156],[129.2235412362315,35.845457763431156],[129.22352464445711,35.845450214579195],[129.2235239794488,35.84544990938299],[129.2235137828991,35.845449288335786],[129.22349017167272,35.84542530463991],[129.2234810986306,35.84541871524073],[129.22346632832043,35.84540937854107],[129.223450818736,35.84540089037982],[129.22343463636767,35.84539327767152],[129.2234178588001,35.84538657632252],[129.2234005525738,35.84538083127221],[129.22338279522305,35.84537606040225],[129.22337733488146,35.845374916885326],[129.2232422624699,35.845373111373235],[129.2228836735879,35.845437022285665],[129.22283307756783,35.84544958879067],[129.222815268267,35.84545400166783],[129.22279127970313,35.84545349608619],[129.22278651119046,35.84545434303027],[129.22280031903398,35.84607349419484],[129.2228112331403,35.84645186376358],[129.22281901331283,35.846678351486865],[129.2228298322898,35.84702241963291],[129.222837865853,35.84728029738682],[129.2228928546638,35.847330377653336],[129.22306455001979,35.84720540034617],[129.22344273700904,35.846937896482665],[129.2236292340418,35.84680623078814],[129.22387591696187,35.84663160802676],[129.22394129687964,35.846585370069526],[129.2242228482656,35.84638740275974],[129.2242912088954,35.846338437312056],[129.22447411238412,35.84621711429411],[129.22464000407854,35.84610850317166],[129.22484490888527,35.845974079619516],[129.22517670149665,35.84578861613716],[129.22533044055356,35.84572452137585]]]]},"properties":{"uname":"자연녹지지역","dyear":"2010","dnum":"0618","sido_name":"경상북도","sigg_name":"경주시"},"id":"LT_C_UQ111.12944"},{"type":"Feature","geometry":{"type":"MultiPolygon","coordinates":[[[[129.2136534037026,35.84045078811092],[129.2136678075044,35.84017780988432],[129.21367919777916,35.83996196725205],[129.2137077147968,35.83895384978686],[129.21372892423338,35.8385309183403],[129.21375265725112,35.83810807252813],[129.21381996350408,35.83781735422874],[129.21386115741385,35.837712763347476],[129.21390381324537,35.83760855740435],[129.2140208993863,35.837378675551214],[129.21413304410922,35.8371471620426],[129.214262262657,35.83686455329848],[129.21434533824782,35.83671479847719],[129.21436652351096,35.83668615523717],[129.2143883183189,35.83665781733895],[129.21441071160305,35.836629784801765],[129.21443371450334,35.83660208464309],[129.2144525823477,35.836580177840766],[129.21445729379136,35.83657470790889],[129.2144814605828,35.83654767260422],[129.2145140511374,35.83651272740182],[129.21452698372826,35.8364980771685],[129.21454023776806,35.83648360661424],[129.21455379114516,35.83646932479056],[129.21456764388327,35.836455240709824],[129.21458180705062,35.83644135435227],[129.21459625853493,35.83642767476964],[129.2146110094044,35.83641420194208],[129.21462603752295,35.83640093590873],[129.21464135398273,35.83638788566248],[129.21465694773977,35.83637506023517],[129.21468221823443,35.83635518787959],[129.21472823783537,35.83631748800313],[129.21477507818352,35.83628044456567],[129.21482268396304,35.836244066677],[129.21487107738247,35.83620838133436],[129.21492022521386,35.83617337958336],[129.2149701164621,35.836139088480046],[129.21502072899165,35.836105508062936],[129.21507205175914,35.836072647363096],[129.21512408483753,35.836040533417304],[129.2151767839317,35.83600915729064],[129.21526434235955,35.835959504847516],[129.2154765796234,35.83585562742218],[129.2156882720438,35.83575102057867],[129.2157718213194,35.83572122046577],[129.2159021301139,35.835702845859444],[129.215640963948,35.835671398215865],[129.21564057613614,35.835671236681605],[129.21552615184928,35.83561619381398],[129.2154514776014,35.83557949263985],[129.21532527042564,35.835554878779824],[129.21525567971173,35.835535878028494],[129.21517140091365,35.83551237907149],[129.21512007525675,35.83550272779155],[129.21501134803978,35.83548355312359],[129.2150072127349,35.835501603524456],[129.21498236870585,35.835498754644455],[129.2149837967676,35.83545755590441],[129.2149651699554,35.83545773319328],[129.21489448909958,35.83553580796081],[129.2145548266665,35.83556097874474],[129.21414567988842,35.83560700032494],[129.21411163568175,35.83508876886586],[129.21407484059145,35.83500786552231],[129.21402762183135,35.83496926732294],[129.2140037851943,35.83494982441778],[129.21397659872116,35.834927620588395],[129.21389289865246,35.83485926441829],[129.21385139161765,35.83484994672893],[129.21351117492392,35.83496117605179],[129.21349144172643,35.834990582651294],[129.21348279188717,35.83500086316472],[129.21348391906386,35.83501684937862],[129.2134943865129,35.835223830361926],[129.21349428271614,35.83522641713683],[129.21349650539395,35.83527143974066],[129.2135005991321,35.83535412234273],[129.2135044828676,35.8354327496824],[129.21350912685858,35.835526723991926],[129.2135112885206,35.83560288493819],[129.21332048412646,35.835634539896574],[129.21322109381012,35.83566775492263],[129.2127495135497,35.83591078714264],[129.21233485244426,35.83630831831876],[129.21215045734468,35.83647510281372],[129.21209643531213,35.83652577572282],[129.21205918036523,35.83655933150465],[129.211904453685,35.83669108606627],[129.21189136489173,35.836701266084596],[129.21177442382447,35.8368119281241],[129.21166186924023,35.836915651754516],[129.21111154229376,35.83743375992131],[129.21093949648096,35.83758458687265],[129.2108966742668,35.83763116605979],[129.21087827406794,35.837650385758636],[129.21067369713606,35.837847331948865],[129.2106173930962,35.83790640781739],[129.21051978737242,35.83799697312019],[129.21041597093156,35.838095525212815],[129.21036693645033,35.838141195732014],[129.21018897618205,35.838308524770824],[129.2100375488051,35.83845157285946],[129.20991944502504,35.83856399252708],[129.2098230850681,35.83864903943949],[129.20990240503156,35.83951807736454],[129.20991537567812,35.83952169592282],[129.21036974437806,35.83964292737313],[129.21055799024825,35.83969088003264],[129.210722119686,35.83973101548054],[129.21076525496048,35.839744161720176],[129.2109295033363,35.83977893423442],[129.21163718141807,35.83995593015482],[129.21253829203644,35.84018129494766],[129.21364753115031,35.840473401846545],[129.2136534037026,35.84045078811092]]]]},"properties":{"uname":"보전녹지지역","dyear":"2010","dnum":"0618","sido_name":"경상북도","sigg_name":"경주시"},"id":"LT_C_UQ111.13053"},{"type":"Feature","geometry":{"type":"MultiPolygon","coordinates":[[[[129.21710251944737,35.85021515352223],[129.21704767053112,35.85001574239804],[129.2170367554716,35.84994207584329],[129.21702495226543,35.84984291453903],[129.21702207976148,35.849808194558605],[129.21702053407992,35.849736079367],[129.21683270731026,35.8497387143125],[129.21667304014133,35.84974873384525],[129.2164906953058,35.84976455272796],[129.2160956555082,35.849789367341316],[129.2158759191945,35.84980213374497],[129.21571182252347,35.849811673229276],[129.2156205543945,35.84981698204258],[129.21410507982498,35.849902182526925],[129.21408787721438,35.84995610767122],[129.21402247812898,35.84996100899823],[129.2132097645974,35.85002191718966],[129.2130817636048,35.850026315443934],[129.2130474060505,35.85002763768963],[129.21284860799148,35.85003438640941],[129.21251828873642,35.85004558370322],[129.21238951344034,35.8500502349298],[129.21236013611764,35.85005109761303],[129.21226467802916,35.85005450959531],[129.21220244748113,35.850056259013954],[129.21108963859226,35.85008854135962],[129.21108826539657,35.84991167357725],[129.2110798376917,35.8496873943536],[129.21366234133885,35.84959570219042],[129.21366474225334,35.849503815581244],[129.21366056920726,35.849383416036574],[129.21365510178396,35.84925499765531],[129.21365261481083,35.84920653285473],[129.21364958707804,35.84912128902049],[129.2136428748164,35.84895772410352],[129.2136355834065,35.848792826354945],[129.2136319691842,35.84870764663727],[129.21363127378348,35.84868345832935],[129.21362949264886,35.848650619943264],[129.21362612943827,35.848568242666126],[129.21362475202568,35.848537359278005],[129.21362376614903,35.84851632585532],[129.2136211328195,35.848441986433286],[129.21362180678096,35.84843318904832],[129.21362078016912,35.84840101625325],[129.21361623007337,35.84830109373954],[129.2136114446041,35.84817513454011],[129.21360920428424,35.84811950436035],[129.21360613723374,35.84804024487601],[129.21360465694855,35.848008135967056],[129.2136021283466,35.847973108859755],[129.21359926235462,35.84788205166117],[129.21359841961205,35.84780252688469],[129.2135928138354,35.847725993650855],[129.21358987455375,35.8476198766964],[129.21358432163618,35.847442628718454],[129.21358031192221,35.847308647008155],[129.21357272435634,35.84717376134734],[129.21356819638993,35.84704883810498],[129.21356480753124,35.84695261765322],[129.21356387504022,35.84693499085423],[129.21355922468314,35.846801505949834],[129.21354830739347,35.84658840668405],[129.21354204283523,35.84641820770266],[129.21353614378265,35.8463146104335],[129.21352015623813,35.84615534273599],[129.21351988350466,35.84609030902773],[129.2135185298125,35.845989290318684],[129.21351854841726,35.84594221800464],[129.21349209366443,35.84551837079613],[129.21346944231527,35.845205064167246],[129.21158746031412,35.845231288165984],[129.21158721022195,35.84543024855532],[129.21158614230478,35.84544503993485],[129.21158484683335,35.84583941115833],[129.21152150450501,35.84588425993595],[129.21107619135148,35.84589955659848],[129.21083626037742,35.845869070978644],[129.21066619832106,35.845871926685405],[129.21041979198523,35.84587941215329],[129.2104171588137,35.84580395507302],[129.2104209630551,35.84566330840079],[129.21041976176258,35.84558090920331],[129.21024058329215,35.84558533030731],[129.21019286444917,35.8455857015954],[129.21014462353236,35.84558537980867],[129.21014486109416,35.84556197393372],[129.21014698917742,35.845525000963335],[129.21014848273126,35.84549933978212],[129.2101499231251,35.84546183626793],[129.21014782182513,35.84530196717436],[129.21014760959247,35.845292783804986],[129.21014713282096,35.84526712604411],[129.21014697395665,35.84526563925743],[129.20715101223738,35.8453610463454],[129.20701245826825,35.84536543816302],[129.20700777433214,35.84553642232545],[129.20700591465743,35.845677993863724],[129.20700479591045,35.84578067519313],[129.20700322301815,35.845960468247625],[129.20700170609368,35.84606756637803],[129.2069962200714,35.84647257946271],[129.20699314300552,35.84674297771973],[129.20698321028675,35.84718360674299],[129.20696883423136,35.84743804513117],[129.20696874965085,35.84743958641286],[129.20685778842832,35.84744394889401],[129.20666549616533,35.847451496396914],[129.20640711411605,35.84746164376578],[129.20636230925754,35.84746350463992],[129.20578560189472,35.847487621609325],[129.20541500867583,35.847502644070545],[129.20497127250655,35.84751529280984],[129.2047937324196,35.84752157762377],[129.20383412022892,35.84756042801182],[129.20362052591207,35.84756656451296],[129.20303574320866,35.8475934757462],[129.20236856405353,35.84761400587207],[129.2022431791432,35.84761856845483],[129.20225976290482,35.84766308051348],[129.20230002076002,35.847776327381226],[129.20233361116243,35.84787495809374],[129.20237994792285,35.84801072601376],[129.20239677751312,35.84806047390048],[129.2024687567285,35.84826397288496],[129.2026200240786,35.84871112716547],[129.20266571576957,35.848845309835255],[129.20267839449443,35.84888188835494],[129.2027905082532,35.84920563673051],[129.20281074894615,35.8492689516525],[129.20281917012582,35.84929843544123],[129.2028511090126,35.849457019868765],[129.20289419970265,35.84971361450079],[129.20292115997728,35.84987319861759],[129.2029435338454,35.850105773593455],[129.20294884040126,35.85014676253346],[129.20297145041567,35.850345720494666],[129.20297774242843,35.85044804681289],[129.20303356036206,35.85111415671093],[129.2030447531837,35.8512501364521],[129.20309063438626,35.85179504488637],[129.20308089409872,35.85192682385776],[129.20307016864277,35.852063020599],[129.2030048642184,35.85289813741416],[129.20299209809198,35.85305921202142],[129.2029275569811,35.85389036188252],[129.20291704832007,35.85402493595468],[129.20286160456723,35.854733049944436],[129.20287858509982,35.854854924388036],[129.20284968657708,35.855234128148744],[129.20284105857482,35.85534639312865],[129.20282466504565,35.855561782974064],[129.20282141910397,35.85560468784728],[129.20281771104302,35.85565310012359],[129.20280695512548,35.855795127887085],[129.20279705590147,35.855943228626366],[129.20279271638296,35.855973968473],[129.20277828075223,35.856118742187014],[129.20277412456204,35.85620011386719],[129.20278420800102,35.856335058939],[129.20278640786307,35.85636443595455],[129.20278931391178,35.856397263568475],[129.20280329236942,35.856478884248425],[129.20280757354402,35.85649949764037],[129.20280778054618,35.856506932593504],[129.20280787469517,35.856509140494445],[129.20280802741092,35.85651261905765],[129.20280855036532,35.85652241475239],[129.20280939851997,35.85653385017436],[129.20281049020966,35.85654527617576],[129.20281183650496,35.85655669273808],[129.20281342628988,35.85656808185487],[129.20281525956443,35.856579443526094],[129.20281732528076,35.856590786782846],[129.20281964553493,35.85660209356317],[129.20282220925623,35.85661336388548],[129.202825005374,35.85662459776823],[129.20282804493624,35.856635786180625],[129.20283132796607,35.856646938135],[129.20283484334706,35.85665803562492],[129.2028386021501,35.856669078631924],[129.20284483341996,35.85668594857267],[129.20286587346524,35.85675375028064],[129.20291670290538,35.8568775056235],[129.2029428139567,35.85694109899645],[129.2029816760243,35.85698612328796],[129.2030141256434,35.85704330715043],[129.2030439075844,35.857091888556646],[129.2030931534208,35.85716279726932],[129.20315122218034,35.85724217189951],[129.20375999998086,35.8580040642527],[129.20389358902142,35.85815879088514],[129.20397525587921,35.858274607871856],[129.20407047453452,35.85839063627591],[129.2041545753159,35.85851428087799],[129.20426808490632,35.85871324716739],[129.20429317117242,35.858765035604215],[129.20430507994752,35.85878962858774],[129.20436609848883,35.85880479271155],[129.20455431669947,35.85885157396839],[129.2046024516673,35.85890703652323],[129.2048708076972,35.858751793195424],[129.2053574485969,35.858474141064065],[129.20549443036597,35.85839595960067],[129.2095951242189,35.85607209694983],[129.21097030695097,35.85529954533617],[129.211289566412,35.85511604385437],[129.2113908953864,35.85505702436131],[129.2115420464103,35.85497029442465],[129.2117245348267,35.85486559264729],[129.21175749236173,35.85484476119616],[129.21188263480127,35.854773667942204],[129.21201571383963,35.85469809045851],[129.2120511662678,35.85467883173999],[129.21218652217505,35.85460198832825],[129.2123192276282,35.85452769093532],[129.21236312130364,35.854502198697034],[129.21518913889466,35.85289491169195],[129.2151894704951,35.852894721839895],[129.21521186479592,35.85288198341315],[129.21547384567972,35.85273013437379],[129.21568900773903,35.8526065052222],[129.2157770575086,35.852555905327364],[129.21579570422122,35.85254518325974],[129.2160227474013,35.852414718875586],[129.21613508049944,35.85235016908804],[129.21628934888986,35.85226150792818],[129.21643930949267,35.85217653137139],[129.21656119439524,35.85210746686422],[129.21662777947793,35.85206973854636],[129.21676301640494,35.851993106472996],[129.21680285240785,35.85197053992297],[129.21706773188797,35.85181616771678],[129.21714420767316,35.85177230188567],[129.21723965036486,35.85171757795095],[129.21732343335904,35.851670030801294],[129.21755263132613,35.85153997421953],[129.21752961870868,35.85147141252659],[129.21728093548845,35.85073051897887],[129.21724426695283,35.850626661792624],[129.21722044790948,35.85055852506417],[129.21719389570663,35.850482615456635],[129.21716217807898,35.85039190759039],[129.21713163201602,35.850304577295994],[129.21711133791814,35.85024219319802],[129.21710251944737,35.85021515352223]],[[129.2104090352269,35.84667809146834],[129.21040230249346,35.846550522247036],[129.21032942977385,35.846553776256506],[129.21016090443575,35.8465606842038],[129.21016507361765,35.84649155109978],[129.21016882809369,35.84641200927907],[129.21017327417607,35.84628801661166],[129.21017712247155,35.84618091440307],[129.2101835392196,35.846010576036804],[129.21076093018826,35.84599424160887],[129.21083472210185,35.845991355249375],[129.2108463448882,35.845991334999994],[129.2108463346568,35.84600007714214],[129.2108502779683,35.84622007438608],[129.21085070468058,35.846382424795294],[129.210773230127,35.84638255975437],[129.21077323154773,35.84638310050185],[129.2107799662832,35.84666709062267],[129.2104090352269,35.84667809146834]]]]},"properties":{"uname":"제2종일반주거지역","dyear":"0000","dnum":"0000","sido_name":"경상북도","sigg_name":"경주시"},"id":"LT_C_UQ111.13227"},{"type":"Feature","geometry":{"type":"MultiPolygon","coordinates":[[[[129.22651712210344,35.84410012746669],[129.2264835218941,35.84409426917032],[129.22643145028113,35.84409728670439],[129.22631341747507,35.844104086716754],[129.226266595883,35.84410826598171],[129.22608042772782,35.844129009356685],[129.22606248957345,35.844130737231296],[129.22590687804197,35.84414574535381],[129.22587862448708,35.84414783493991],[129.22579919808257,35.84415373320138],[129.22578607056505,35.844153892892535],[129.22578618355936,35.844158642268745],[129.22579210880627,35.84439567795848],[129.2258576767311,35.84467268988526],[129.22587967634033,35.84467058494473],[129.22604560955995,35.844653133207224],[129.22605622035226,35.844651518166074],[129.2261341249821,35.84463964729283],[129.22613820773404,35.844639017797846],[129.2262746491689,35.84461644770065],[129.22639680676193,35.8445922729212],[129.22646743177341,35.84457790096935],[129.2265233353005,35.84456371877044],[129.2266608406204,35.84452992568193],[129.22663411785953,35.84444704274093],[129.22662467049898,35.84441772475803],[129.22661338062423,35.844382705314395],[129.22659362054668,35.84430377481748],[129.22655685496898,35.844157048100186],[129.22654374533005,35.84410476410821],[129.22651712210344,35.84410012746669]]],[[[129.2235241897895,35.84544991800684],[129.2235239794488,35.84544990938299],[129.22352464445711,35.845450214579195],[129.2235241897895,35.84544991800684]]]]},"properties":{"uname":"보전녹지지역","dyear":"0000","dnum":"0000","sido_name":"경상북도","sigg_name":"경주시"},"id":"LT_C_UQ111.13236"},{"type":"Feature","geometry":{"type":"MultiPolygon","coordinates":[[[[129.22423937143742,35.84034911382185],[129.2242390278892,35.840459815059766],[129.22430040406533,35.84139019729305],[129.22430898130258,35.84138982990193],[129.2243551443182,35.84138816711008],[129.22452058294095,35.841382191314],[129.22472439146176,35.84137430546821],[129.22499998876393,35.84136537551284],[129.2251075891138,35.84136188577134],[129.2257581819395,35.841336637021236],[129.226299967193,35.84131864514098],[129.22667775951362,35.84130506793748],[129.2269504859552,35.84129486812676],[129.2270632075598,35.841290186388235],[129.22711835646683,35.84128789281729],[129.2271827385943,35.84128627584319],[129.22726523964664,35.84128446256954],[129.22729261089623,35.841283870391585],[129.22741439137567,35.8412808476273],[129.22743741289742,35.841280353719014],[129.22753147855724,35.841277770480296],[129.227599537506,35.841276867367135],[129.22767639604723,35.84127205425175],[129.22774845295982,35.84126801619056],[129.22790732870098,35.8412625257523],[129.22799826696718,35.84125783911488],[129.22810735767925,35.841253073115894],[129.22820607861837,35.8412488763448],[129.22833730513793,35.84124355466078],[129.22839939491314,35.84124156283725],[129.22853387715537,35.84123678455379],[129.22856492188401,35.841235734520495],[129.22870882223785,35.84123048761942],[129.22880321900297,35.84122760534683],[129.22882656076987,35.84122685821653],[129.22894952297042,35.841222966461096],[129.2291027354242,35.84121502474881],[129.22906270662625,35.840031596570284],[129.224999994114,35.84028621822645],[129.22423937143742,35.84034911382185]]]]},"properties":{"uname":"보전녹지지역","dyear":"2021","dnum":"0220","sido_name":"경상북도","sigg_name":"경주시"},"id":"LT_C_UQ111.13302"},{"type":"Feature","geometry":{"type":"MultiPolygon","coordinates":[[[[129.2187836349264,35.84179870616322],[129.21878058883436,35.84174515035902],[129.2186953015959,35.84174836879597],[129.21869956511276,35.84183843205594],[129.21880293959399,35.84242793327035],[129.21881908943246,35.84245646468642],[129.2187836349264,35.84179870616322]]],[[[129.21904684400621,35.84884443577403],[129.21905025965447,35.848494113960314],[129.2189226076553,35.8484955707151],[129.21872036833628,35.84849718923609],[129.21872881765586,35.848818965050604],[129.21872867553625,35.84883585472038],[129.2187286994868,35.84885275310232],[129.21872888945865,35.84886964217164],[129.21872925654594,35.84888653092062],[129.21872978965476,35.848903410357046],[129.2187304888096,35.848920289493066],[129.2187313540106,35.848937168328845],[129.21873239630295,35.848954037832],[129.21873360461717,35.848970898022394],[129.21873497895336,35.8489877489001],[129.21873653040583,35.84900459945749],[129.2187382367861,35.84902143170973],[129.21874012023375,35.8490382456168],[129.21874216972827,35.84905505922352],[129.21874439629045,35.84907185448507],[129.2187467777809,35.84908863144141],[129.21874933633913,35.84910539005246],[129.21875206092005,35.84912213935076],[129.2187549514747,35.84913886131145],[129.2187580080277,35.84915556494683],[129.2187612305793,35.849172250256906],[129.21876461912927,35.84918891724174],[129.2187681847233,35.84920555686874],[129.21877190522167,35.84922216917803],[129.2187758027887,35.849238763142026],[129.21877985526046,35.84925532978824],[129.218784073682,35.84927186008415],[129.2187884691725,35.84928837203471],[129.21879301954337,35.849304847655034],[129.21879773588896,35.84932129593738],[129.2188026182096,35.849337716881905],[129.21880766645597,35.849354092463635],[129.21881288067738,35.8493704407075],[129.21881824980417,35.84938676163341],[129.2188237959269,35.849403037176394],[129.21882949693054,35.84941927638894],[129.21883535281523,35.84943547927108],[129.21884138569624,35.849451636770254],[129.21884757348292,35.849467766951406],[129.21885391610184,35.84948384277711],[129.2188604246719,35.84949988225227],[129.2188670991687,35.84951587636443],[129.21887392852258,35.84953182513361],[129.21888091273345,35.84954772855957],[129.2188880628713,35.849563586622565],[129.21891466883858,35.849618163198784],[129.21891583771392,35.84962055840671],[129.21904684400621,35.84884443577403]]]]},"properties":{"uname":"자연녹지지역","dyear":"2010","dnum":"0618","sido_name":"경상북도","sigg_name":"경주시"},"id":"LT_C_UQ111.13370"},{"type":"Feature","geometry":{"type":"MultiPolygon","coordinates":[[[[129.22229298131646,35.8450650277545],[129.22229409952098,35.84491734689731],[129.22229595199428,35.84483489715442],[129.22229709617943,35.844768472934895],[129.2222972103922,35.84472980910442],[129.22229729310448,35.844719714953456],[129.22229462057507,35.84463410112285],[129.22229364686277,35.844602288789915],[129.222293220192,35.84444835608538],[129.22229426864675,35.844427264910045],[129.22230539507612,35.8442083308487],[129.2222935192297,35.84415689129667],[129.2222687734063,35.84355150402812],[129.22223547209106,35.84299020354213],[129.22223166990725,35.842848389798775],[129.22221458188542,35.84255362224346],[129.2221695859928,35.84169418247379],[129.22217729415553,35.841579853721264],[129.2221773790926,35.84151061951071],[129.22213453317914,35.840787651992585],[129.22212525587662,35.840631130824626],[129.22211669835428,35.84048670311271],[129.22199998290392,35.840495776629744],[129.2202668434917,35.84058624850793],[129.2186204613645,35.840646193565846],[129.2186224481197,35.84076191956288],[129.21867174667415,35.84165883608891],[129.21867602144894,35.84174898044321],[129.2186953015959,35.84174836879597],[129.21878058883436,35.84174515035902],[129.2187836349264,35.84179870616322],[129.21881908943246,35.84245646468642],[129.21912050019753,35.84298917095545],[129.21918635900292,35.843025092660326],[129.2192444912856,35.84305680146668],[129.21961834987198,35.843042244170555],[129.2196826881878,35.843084675389136],[129.2197368374727,35.8436987790354],[129.21977303122281,35.84423934617143],[129.2197799676908,35.844342959297855],[129.21978611845788,35.84439413011213],[129.21979364268833,35.8444698574929],[129.2203398862207,35.844458769903156],[129.2203543527923,35.84445847318048],[129.22054720053382,35.844454778146314],[129.22055380703077,35.84462721127085],[129.22059228492645,35.84566201029685],[129.220592707099,35.84570683769162],[129.22062498501398,35.84625800120195],[129.22065034478388,35.84691772377309],[129.22067095110697,35.84708081236419],[129.22070751703637,35.84780599016434],[129.2207188598657,35.84798166805163],[129.22071914871074,35.84798606562191],[129.22072243969302,35.84804356834406],[129.22073346552048,35.8482367670897],[129.22073365570807,35.84824151632697],[129.22070274229176,35.848311419555195],[129.22067907145137,35.848330136623474],[129.22048311537188,35.848474946162966],[129.22041859705973,35.84849362045465],[129.220271726305,35.84849443771969],[129.22020224273348,35.84849481656086],[129.22007920468243,35.848495491071596],[129.2200361757454,35.84849514575221],[129.21987490853994,35.84849384374185],[129.21984612665398,35.84849361666041],[129.21980044092552,35.84849324904701],[129.21978933773394,35.848493152056534],[129.21963198271646,35.84849351893666],[129.21959471121485,35.84849360461912],[129.21945028528796,35.84849384865556],[129.21942367382087,35.84849389692317],[129.21927655793942,35.84849413661705],[129.21925191687163,35.848494181275456],[129.21909081783795,35.848493652982576],[129.21907911750046,35.84849378232027],[129.21905025965447,35.848494113960314],[129.21904684400621,35.84884443577403],[129.21891583771392,35.84962055840671],[129.21903583219296,35.84986669768995],[129.21906187275118,35.84992494333827],[129.2191652748317,35.85001736842834],[129.21926228301493,35.84994537210663],[129.2195927656726,35.84970734761101],[129.22006620273172,35.849368590979495],[129.22051107816586,35.849050856604926],[129.22080253716976,35.84884267715971],[129.2209878782644,35.84870209533298],[129.2213206076422,35.84846764892155],[129.2215069798785,35.84833632924538],[129.22164829707694,35.84823674371463],[129.22174335538014,35.84816975989522],[129.22179323954424,35.848135267758835],[129.22183124652713,35.84810899875118],[129.22245742305464,35.84764973480039],[129.22240005799065,35.84759698199484],[129.22239391229672,35.84743657989826],[129.22237951539444,35.84720672465207],[129.22236440122464,35.84694172198048],[129.22236021600244,35.846873514093296],[129.22234918821127,35.8465412256093],[129.22233421821736,35.8460326869489],[129.2223274588831,35.84588242499365],[129.2223261189489,35.84573050378767],[129.22232253685698,35.84559233075736],[129.2223168615621,35.8455575709707],[129.22231009623013,35.84554487578125],[129.22229272280072,35.84506760580408],[129.22229298131646,35.8450650277545]]]]},"properties":{"uname":"제2종일반주거지역","dyear":"2024","dnum":"0241","sido_name":"경상북도","sigg_name":"경주시"},"id":"LT_C_UQ111.13559"},{"type":"Feature","geometry":{"type":"MultiPolygon","coordinates":[[[[129.2284187943918,35.844317781123586],[129.2290806817241,35.84401465572425],[129.2291435704594,35.84328440699166],[129.22915695131564,35.84312893404156],[129.2291600262527,35.84309329279025],[129.22910740189792,35.84135291621704],[129.22906883026076,35.84135391755765],[129.22753683109477,35.84140484571867],[129.224309523755,35.841528378113516],[129.22276810979082,35.841587347167945],[129.22276837991566,35.841592943435266],[129.22279184799092,35.842087884925114],[129.22279459915953,35.842145866302076],[129.22282959823332,35.842882700077695],[129.22283224368,35.84293846456528],[129.22283335376977,35.84295555022359],[129.22284115288116,35.84310133109439],[129.22284477408618,35.843161681145396],[129.22284569155272,35.8431771629326],[129.22285557014578,35.84336620898379],[129.22286098207178,35.843473465799754],[129.22286631437794,35.84358791473574],[129.2228702727466,35.84371779560117],[129.22287727310857,35.843858900434604],[129.22288301267344,35.84398843553716],[129.2228873686537,35.844121965723104],[129.22289131003012,35.84424570909524],[129.2228933548297,35.84429242612571],[129.22289901100203,35.844292370641824],[129.2230906549068,35.84428983635753],[129.22310548496014,35.84428890775845],[129.22332153872136,35.84427532382426],[129.22349088563482,35.84428337468508],[129.22369434746847,35.844279456717466],[129.22387094192433,35.84427461477913],[129.22401565926904,35.84427048952824],[129.2241639548551,35.844267411934915],[129.2243056648865,35.8442645446449],[129.22445102467296,35.84426058891604],[129.22449940414626,35.84425927344182],[129.22456036079654,35.84425495146404],[129.22462766987348,35.84425018505971],[129.22462784695327,35.84425017571837],[129.2246942851515,35.84424669066879],[129.22478728966504,35.84423940701958],[129.22497433576916,35.84422363891405],[129.22509891857678,35.84419992057966],[129.22512710764195,35.84419455975963],[129.22520826871676,35.8441874961003],[129.22526878369925,35.844183598172926],[129.22536863241197,35.844157906817316],[129.22558559363554,35.84415632177214],[129.22578607056505,35.844153892892535],[129.22579919808257,35.84415373320138],[129.22587862448708,35.84414783493991],[129.22590687804197,35.84414574535381],[129.22606248957345,35.844130737231296],[129.22608042772782,35.844129009356685],[129.226266595883,35.84410826598171],[129.22631341747507,35.844104086716754],[129.22643145028113,35.84409728670439],[129.2264835218941,35.84409426917032],[129.22651712210344,35.84410012746669],[129.22659249672097,35.844094092120926],[129.22681328563277,35.84407614000357],[129.22718467610952,35.84404488165858],[129.22723498513454,35.844076123618535],[129.2272470097444,35.844307830399906],[129.22724616263747,35.844329200625715],[129.2272474040067,35.844361021426316],[129.22724793170786,35.84442614474965],[129.22733374174751,35.844555691384535],[129.22738970285428,35.84464384559234],[129.2274241712381,35.84469811714191],[129.22746302463273,35.844756841621546],[129.22791664369456,35.84454775396695],[129.2284187943918,35.844317781123586]]]]},"properties":{"uname":"제1종일반주거지역","dyear":"0000","dnum":"0000","sido_name":"경상북도","sigg_name":"경주시"},"id":"LT_C_UQ111.13673"},{"type":"Feature","geometry":{"type":"MultiPolygon","coordinates":[[[[129.19059137510354,35.86927123482154],[129.19162796205632,35.868414748015034],[129.19192011563806,35.868181186764325],[129.1932528452618,35.86789335348308],[129.1939613681149,35.867760043538816],[129.19442787722585,35.86762578449611],[129.19461381010166,35.867299468663106],[129.1944475202565,35.86710081263225],[129.19481819988917,35.86686868631927],[129.19504330219746,35.86707478152843],[129.19607781155605,35.866527477353145],[129.1964448942879,35.86543558907202],[129.196789141358,35.86522558008247],[129.19729107477013,35.865069775579556],[129.19752840355298,35.86497982258896],[129.19757768138913,35.86481651726972],[129.19826433800944,35.86462593434061],[129.19815747632907,35.86345827291819],[129.19800693110707,35.86333191201413],[129.19830202156018,35.86285934647719],[129.1982905885269,35.8628475498501],[129.19827927710693,35.86283568092282],[129.1982680873006,35.8628237396955],[129.19825701908545,35.86281171715576],[129.19824607250598,35.862799631328365],[129.19823524751766,35.862787464188585],[129.19822454414276,35.862775224748844],[129.19821397347516,35.862762922003405],[129.19820351332706,35.86275053796382],[129.19819318588617,35.86273809061863],[129.1981829911303,35.862725570955575],[129.19817291800996,35.86271298800502],[129.1981629775744,35.86270033273676],[129.1981531587744,35.862687614181084],[129.19814346160973,35.862674832338115],[129.19791486845747,35.86243418563825],[129.1978894855129,35.86235069048889],[129.19785484490308,35.86227094162998],[129.197843832523,35.862245589506074],[129.19778836002624,35.862127382381786],[129.19775247013516,35.86199888704148],[129.1978108388505,35.86194919601346],[129.19783419513337,35.861929303357364],[129.19778529065297,35.8616189665025],[129.19771532568691,35.86120864352449],[129.19763365187768,35.861078555588456],[129.19753540470634,35.860984571591835],[129.19734267754987,35.860860504700995],[129.19691325885222,35.860548561045746],[129.19665528021653,35.86042047144374],[129.1963311460423,35.8603220134738],[129.19630271896804,35.86031467835039],[129.19624404123712,35.86033298770436],[129.19615365792407,35.86035699021775],[129.19607658977242,35.86036591124402],[129.19598356909412,35.86037538077056],[129.19594514229618,35.86039430609223],[129.19593879338268,35.86039678578754],[129.1959250558396,35.86040215242128],[129.1959033261364,35.86039901519279],[129.19583885910572,35.86039966925587],[129.19577797103653,35.8604151250016],[129.19569330443213,35.86044081227],[129.19563781383772,35.86046771408196],[129.19561438920175,35.860441462528954],[129.19560708428554,35.860433281987525],[129.19550283164705,35.860381457386886],[129.19541524248186,35.86033910495366],[129.19536149151946,35.86029385892616],[129.19522849620944,35.86019125908619],[129.19504171690173,35.86006597121617],[129.19483704813615,35.85995485242571],[129.19468920726504,35.85989779791284],[129.19446738761812,35.85984051057937],[129.1943753126511,35.85984258710749],[129.1942746165154,35.85984148698063],[129.19420758678788,35.85986724404012],[129.19416872450606,35.85988928781261],[129.19414272263765,35.85990035177424],[129.19411651371053,35.85990362927856],[129.19401030139525,35.85989229959577],[129.19386217246998,35.85989901684233],[129.19370349147295,35.85993279724456],[129.19368636572,35.8599334465033],[129.19342198034485,35.85998754749241],[129.19335986654448,35.860018171977835],[129.19331016276993,35.86009437977177],[129.1932929939777,35.86015070815029],[129.19329527089423,35.86016292543932],[129.19330310705496,35.860203306867874],[129.19331761347107,35.86024128933831],[129.19332865169204,35.86035159348909],[129.19335120961514,35.86048252683357],[129.19335811032,35.86051602421523],[129.19337474535806,35.86056436762954],[129.19336557091682,35.86056592341612],[129.1930995193657,35.86065551750126],[129.19309162094808,35.86066284823157],[129.19303450294632,35.86069942182829],[129.1929242200487,35.860731447707145],[129.1927994013286,35.86076391120587],[129.19271002960127,35.86079025276333],[129.19264448090203,35.86082932703672],[129.19256112224028,35.86084702496023],[129.192518850153,35.86085108470971],[129.1925082682966,35.860852101919846],[129.1925021568414,35.860856708001265],[129.19247641797278,35.8608760987146],[129.1924849903411,35.86091891239145],[129.19247479568497,35.86094288376921],[129.1924567624505,35.860985325164286],[129.1924540191559,35.86102787744145],[129.19248951622328,35.86109329667867],[129.19249433931736,35.86115159074099],[129.1924795937213,35.86120764476771],[129.19247578947193,35.86126022060739],[129.19241855719042,35.86133715197236],[129.19241730578764,35.861360099733076],[129.19241914393,35.86138329493326],[129.19242404813724,35.861406178836454],[129.19243198461396,35.861428508158866],[129.19243498026069,35.86144038184526],[129.19245566378004,35.861468873466634],[129.19248766930545,35.861560227150854],[129.19250640861833,35.861627439462545],[129.19251146594252,35.86164952100707],[129.1925458619812,35.86171735731526],[129.1925798772972,35.86176031977757],[129.1925176603646,35.861845568617035],[129.19250666405975,35.861863097346486],[129.19251587286462,35.86190809102168],[129.1925379960945,35.861978208974385],[129.19251741865293,35.86204935916021],[129.19250845900356,35.86216819391642],[129.1924989694264,35.862241525511664],[129.19246903094623,35.862328885991175],[129.19246159603344,35.86239106588072],[129.19243279639315,35.862468591925904],[129.19241098078476,35.862480595166254],[129.19234044025708,35.86242857006242],[129.192282503522,35.862419856894014],[129.19224301167608,35.86235086599995],[129.19217677990397,35.86225793533282],[129.19212267406246,35.86219372617988],[129.19209288046784,35.86214754845125],[129.1920683878379,35.86207263052587],[129.19205795268493,35.86199162489935],[129.19202877057492,35.861895580140285],[129.19202379154157,35.861887657055675],[129.1920034048343,35.86189064547853],[129.1919742942021,35.861893836992046],[129.19194503709335,35.861895965258356],[129.19191568886671,35.861897030189446],[129.19188631593116,35.861897022667634],[129.19186271445966,35.86189833984025],[129.19183024951582,35.861910954674066],[129.19171867774287,35.861983672824906],[129.1916376593634,35.862045428407185],[129.19155606146853,35.86210101130365],[129.1914680580066,35.86214013847604],[129.19135394505835,35.86213643449026],[129.19132295393794,35.862233241427965],[129.19128312055466,35.86232710623255],[129.1912785848335,35.8623890110958],[129.19124704349034,35.862473372647656],[129.19118382862038,35.862558829652244],[129.1911084910616,35.86264468428066],[129.1910623981777,35.862713819635275],[129.19100492802588,35.86276625477371],[129.1909836166274,35.862734384219905],[129.19093925915885,35.862797739791304],[129.1909454229232,35.86282431687926],[129.1909403068487,35.86286579135446],[129.19086142241622,35.862968847223584],[129.19072884587257,35.862934736613255],[129.19065484242336,35.86314440225878],[129.19062695154568,35.863316350150626],[129.1906039381095,35.86347216703357],[129.19057624024393,35.863641564069944],[129.19053456224208,35.86408293454531],[129.19050062723176,35.86417167069653],[129.1893083708024,35.864086894596326],[129.18923982818242,35.864046112131476],[129.18884821250523,35.8634756028921],[129.1884973081065,35.86296890939009],[129.18843576205288,35.86297435858773],[129.1883631314923,35.862946073267985],[129.18822851359187,35.8628955603633],[129.18811140930637,35.86290086141433],[129.18792280031406,35.86270139267772],[129.18790966075855,35.86269775400097],[129.1872515378943,35.86277884926856],[129.1865136657158,35.86258436306194],[129.18649755759796,35.86258010694139],[129.18648142748512,35.862575913939764],[129.1864652753773,35.86257178405727],[129.1864491012535,35.862567708281354],[129.18643290513464,35.86256369562437],[129.18641668699968,35.862559737074086],[129.1864004468697,35.86255584164271],[129.1863841847443,35.86255200933038],[129.18636790060307,35.86254823112465],[129.18635160553805,35.862544516020684],[129.1863352773852,35.862540855040415],[129.18631893830874,35.862537257162074],[129.18630257721605,35.86253371339027],[129.18628619412794,35.86253023273737],[129.18626978904445,35.8625268152034],[129.1862533730162,35.86252345175891],[129.18623693499237,35.86252015143336],[129.18622047497323,35.862516914226774],[129.18620400400917,35.86251373110954],[129.18618751104944,35.86251061111122],[129.18617099609415,35.86250755423182],[129.18615447019394,35.862504551441795],[129.1861379333696,35.86250161175371],[129.18612137454957,35.862498735184474],[129.1861048047845,35.86249591270455],[129.18608821302362,35.86249315334358],[129.18607161033853,35.86249045708441],[129.18605499670838,35.86248781491474],[129.18603836110304,35.86248524487616],[129.18602171455262,35.862482728927134],[129.18600505705695,35.86248026706733],[129.18598837758609,35.862477877338954],[129.18597168716985,35.86247554169981],[129.1859549969009,35.86247326914551],[129.1859382846357,35.86247105971003],[129.18592156142506,35.862468904363865],[129.1859048272899,35.862466812119514],[129.18588807115844,35.862464782993875],[129.185871315174,35.862462816953084],[129.18585454826487,35.86246091401404],[129.18583777041013,35.86245906516441],[129.1858209816305,35.86245727941645],[129.18580418192613,35.86245555677024],[129.18578738236857,35.8624538972089],[129.18577056079351,35.86245229175376],[129.1854964449224,35.86242678300205],[129.18472489824924,35.86230833959532],[129.1846875124805,35.86193926348377],[129.18460063716216,35.86177711721609],[129.1846234373033,35.8617691334562],[129.1846462263062,35.86176112267157],[129.18466899307853,35.86175307586649],[129.18469173764083,35.861745002053674],[129.18471447104412,35.861736892203496],[129.18473719332974,35.86172876434112],[129.18475989338452,35.86172060045835],[129.18478258228035,35.86171240053845],[129.18480524898686,35.86170418262323],[129.18482790453405,35.861695928670684],[129.18485053785048,35.861687638697994],[129.1848731600492,35.86167933071294],[129.18489576001704,35.86167098670777],[129.18491834884634,35.86166261567782],[129.18494092653705,35.8616542176232],[129.18525666686136,35.86154466605107],[129.18522170092143,35.861529398313465],[129.18519937620155,35.861517851415755],[129.18517793475385,35.86150523969068],[129.18515743208167,35.86149162614125],[129.18513796789136,35.86147703765303],[129.18511959770663,35.861461546241436],[129.1851023769887,35.861445196884674],[129.18508638336277,35.86142804353941],[129.18507166125968,35.86141014922563],[129.18505826618212,35.86139157694634],[129.18504625363218,35.861372389704606],[129.18503564591825,35.861352659566506],[129.18502648749185,35.86133245856442],[129.18501882278306,35.86131184971815],[129.18501266302886,35.861290905110636],[129.18500804160834,35.86126969679096],[129.18500496977902,35.86124830585445],[129.18500345879792,35.86122681339627],[129.18500350878867,35.86120527349138],[129.18500511995768,35.861183776263985],[129.1850083035619,35.86116240280941],[129.18501302651063,35.8611412072529],[129.18501876865514,35.861125084165785],[129.18502527516307,35.861109149172776],[129.18503253502473,35.861093429328044],[129.18504055939434,35.861077960664254],[129.18504931507792,35.86106275224451],[129.1850587910869,35.86104784013528],[129.1850689874626,35.8610332423615],[129.18507987103197,35.86101897699838],[129.18509143078572,35.86100507110018],[129.18510365569387,35.8609915427085],[129.1851165126041,35.860978418911294],[129.1851300015375,35.860965708720656],[129.18514408934166,35.86095343922456],[129.18515874284412,35.860941628498615],[129.185173973158,35.86093029455037],[129.18549318868435,35.860701835370286],[129.18550672535835,35.86069066619812],[129.1855203397157,35.86067957801776],[129.18553405385762,35.86066855277032],[129.18554784568278,35.86065760851472],[129.18556173731324,35.86064673620438],[129.18557570660622,35.86063593587331],[129.18558975356174,35.86062520752142],[129.18560390032255,35.8606145511147],[129.1856181247668,35.86060397569973],[129.18563242687344,35.86059347226378],[129.18564682880634,35.86058304978546],[129.18566129730957,35.86057269029076],[129.1856758545884,35.86056242078293],[129.18569048952992,35.86055222325417],[129.18570521320527,35.86054209768743],[129.185720014585,35.860532062124484],[129.18573489362737,35.86052209854048],[129.18574985033237,35.86051220693543],[129.1857648847417,35.86050240533404],[129.18577999681378,35.86049267571145],[129.18579518656927,35.860483027080214],[129.185818115478,35.86046870712049],[129.18629552610653,35.860173553953516],[129.1866594842068,35.859930197289486],[129.18784616738515,35.859137481062525],[129.1888365167253,35.85850575194647],[129.1895000391418,35.858077956306715],[129.18951299402414,35.858069320098416],[129.18952577134183,35.85806050391681],[129.18953836004513,35.85805151679181],[129.18955074906282,35.858042358740875],[129.18956296053722,35.85803302972941],[129.18957600995608,35.858022239382294],[129.1895884926212,35.85801054867262],[129.18960036544047,35.85799846236726],[129.18961162843536,35.857985989478514],[129.1896222484144,35.857973139071355],[129.1896322144131,35.85795995622534],[129.18964151538214,35.85794644997045],[129.1896497661582,35.8579336032709],[129.18965775097232,35.857920648837506],[129.18966545873212,35.85790757767522],[129.18967288945893,35.857894398796496],[129.18968004317455,35.85788112121378],[129.18968690882906,35.857867753957024],[129.18969349745092,35.857854278984],[129.18969980910444,35.857840723332025],[129.1897058216263,35.85782707802352],[129.18971154610892,35.85781335205354],[129.18971698255245,35.85779954542216],[129.18972213097837,35.857785667141876],[129.1897269803158,35.85777171723],[129.18973154165707,35.85775770468176],[129.18973580393163,35.85774362951452],[129.1896763146203,35.85751677030403],[129.1894357010703,35.856781719064834],[129.18929154888892,35.856364684354645],[129.1892844549941,35.856346967880285],[129.18927804708636,35.8563290790961],[129.1892723251867,35.85631102701453],[129.18926731152118,35.856292847650955],[129.1892630060891,35.856274541005426],[129.18925939788338,35.856256134132735],[129.18925650910862,35.85623765403554],[129.1892543397643,35.8562191007142],[129.18925288991383,35.85620050120578],[129.1892521485283,35.85618187355268],[129.1892521377913,35.85616323574525],[129.18925283560336,35.85614460584304],[129.18925426414796,35.85612600183615],[129.18925640134668,35.856107450796735],[129.18925925829126,35.85608896171968],[129.18926283502356,35.85607055263011],[129.18926710944433,35.85605224158731],[129.18927209266607,35.85603404659885],[129.1892777736816,35.85601599471924],[129.18928415251148,35.85599809496105],[129.1892912292193,35.85598037436127],[129.1892989705923,35.855962832971876],[129.18930739885664,35.8559455068079],[129.1893164807998,35.85592839592114],[129.18932622757717,35.855911536343925],[129.18933661704693,35.85589492811067],[129.18934763818072,35.8558785892635],[129.18935929104188,35.85586254683965],[129.18937156460228,35.85584681888106],[129.1893844256279,35.85583139642711],[129.189397885296,35.85581632452248],[129.1894119103727,35.85580159420659],[129.18942651201394,35.85578724151158],[129.1894416569861,35.855773257477],[129.18945732323283,35.85575967818679],[129.1894735218248,35.85574650362359],[129.18949020850053,35.855733742869006],[129.1895073833239,35.855721422960094],[129.18952502417488,35.85570955294376],[129.18954311998274,35.8556981328371],[129.18956164864906,35.85568718069964],[129.18958058807496,35.85567671459053],[129.18959992719005,35.85566673452719],[129.18961963282507,35.855657258585964],[129.1896397049803,35.85564828676705],[129.1902397409027,35.85546275184765],[129.19028132416045,35.855678274246955],[129.19035044520336,35.85607777031325],[129.19033651050518,35.85637328463646],[129.19033816208963,35.85646283011116],[129.19034212946733,35.85656254704217],[129.19035858356605,35.85663374686046],[129.1904394899053,35.85688589717201],[129.19073012206718,35.85725353672277],[129.19078097071062,35.857351251102884],[129.19087411780998,35.857484588235174],[129.19104998043628,35.857679989976035],[129.19116707241926,35.85782154452757],[129.19145523625193,35.858024149542366],[129.19151822836855,35.85807427650311],[129.19172627300347,35.858151950321535],[129.1918017444231,35.8581982541039],[129.19188922669403,35.85827639793571],[129.1920008945735,35.85838950784168],[129.19272797051102,35.85858925001234],[129.19302018244812,35.85865855017036],[129.19326149389136,35.85871577303274],[129.1934956508678,35.85879935934323],[129.19357923586276,35.85881220371134],[129.19366482014178,35.858813959469465],[129.19381411342565,35.858776769399576],[129.19395359358074,35.85874252392137],[129.19404948718784,35.85873601646864],[129.19432061536958,35.858720575836315],[129.1943725987507,35.858722376001936],[129.1944076171229,35.85871794872383],[129.19473828768542,35.85864856194229],[129.1948754557812,35.85864722368806],[129.19496610534117,35.85865597306561],[129.19526553733132,35.85871596426247],[129.1956216488742,35.858773826321176],[129.19576428167113,35.85879327001925],[129.19588481927514,35.85878664013792],[129.1963899517728,35.858981149302636],[129.1971935601164,35.858628085817955],[129.19765612049238,35.858424857036674],[129.19766791578994,35.85841772692867],[129.19784867774908,35.85832960499479],[129.19798590045923,35.85826541004574],[129.19814718439147,35.85818490802646],[129.19817575383146,35.858648977080406],[129.1986986665678,35.860928863285054],[129.19886819306123,35.86162121187359],[129.1989076136959,35.8620477437086],[129.19890960188332,35.862045847821406],[129.19891997101118,35.86203491667232],[129.19911111719028,35.86181433746388],[129.1992024427635,35.86161664271294],[129.19935195307542,35.86126924494086],[129.19935977516613,35.861253685533555],[129.1993678410271,35.861238206836525],[129.19937612851558,35.861222808886204],[129.19938464872513,35.86120750067676],[129.19939340163324,35.86119227319558],[129.19940238726244,35.86117713545522],[129.19941159454092,35.861162087473815],[129.19942102346874,35.8611471292512],[129.1994306740681,35.86113226979989],[129.1994405574105,35.861117509101625],[129.19945066242428,35.861102847174486],[129.199460978038,35.86108828403672],[129.19947151534538,35.861073828682464],[129.19948227434642,35.861059481111624],[129.19949324394705,35.86104523233001],[129.19950442419218,35.861031100362354],[129.19951581508158,35.8610170852087],[129.19952742766444,35.86100317783824],[129.19953923982007,35.86098938729985],[129.1995512515486,35.860975713593476],[129.19956348501495,35.86096216569511],[129.19957590700517,35.86094874365932],[129.1995885396393,35.86093543843703],[129.19960136079717,35.86092225907726],[129.1996143815723,35.860909214574065],[129.199627601965,35.86089630492743],[129.1996410108811,35.86088352114314],[129.19965461941462,35.860870872215195],[129.19966841649392,35.86085835816197],[129.1996823910702,35.86084598801387],[129.19969655419234,35.860833752740334],[129.19971090588285,35.8608216613536],[129.19972543507018,35.860809713871966],[129.1997401417545,35.8607979102953],[129.19975502595813,35.860786259636065],[129.19977007658724,35.860774752899914],[129.1997853047357,35.86076339908104],[129.1998007104036,35.86075219817931],[129.19981627144804,35.8607411502312],[129.19983199894057,35.8607302552185],[129.19984789290365,35.86071952215347],[129.19986395331478,35.86070894202369],[129.19988015807616,35.86069853289042],[129.19989652928564,35.860688276692294],[129.19991304484557,35.86067819149051],[129.19997185146957,35.86064520781806],[129.19999408328783,35.86063205793117],[129.20001660380834,35.86061925003722],[129.20003941300848,35.86060677512372],[129.20006249983962,35.86059464222119],[129.2000858643243,35.86058286034195],[129.20010947322643,35.86057142052833],[129.20013334873363,35.86056034076839],[129.20015746870342,35.8605496210986],[129.20018182206488,35.86053926153722],[129.20020639774663,35.860529262102254],[129.20023120686545,35.86051964080033],[129.2002562272338,35.86051037964282],[129.20028144784828,35.86050150568546],[129.20030685759264,35.86049300092146],[129.2003324675611,35.86048487434482],[129.20035824458515,35.86047714403532],[129.20038419966863,35.86046978293707],[129.20041031075928,35.86046282713655],[129.20043657779004,35.86045624959623],[129.20046298973494,35.86045006835927],[129.20048953552288,35.860444283443876],[129.20052958301875,35.860436349210296],[129.20057143128923,35.860369317152845],[129.20067417821951,35.860410982783165],[129.20069809928893,35.86042258724558],[129.20072155690272,35.86043480532032],[129.20074451782494,35.86044762805038],[129.20076695989042,35.86046104646015],[129.20078887196053,35.86047503353113],[129.20081022082138,35.86048958931852],[129.20083098428532,35.86050469583472],[129.2008511512359,35.860520335073275],[129.2008706883914,35.860536480052346],[129.20088957363197,35.86055313982154],[129.2009078068443,35.8605702693188],[129.20092535483704,35.860587877612154],[129.20094220642568,35.860605919657935],[129.2009583284186,35.86062440452402],[129.20097373177404,35.86064328713022],[129.20098837220624,35.860662567550236],[129.2010022496471,35.860682218747144],[129.2010153529796,35.860702222714586],[129.20102765999295,35.860722552452316],[129.2010391706642,35.860743198948136],[129.20104986275936,35.86076412618921],[129.20106433557714,35.860796024348],[129.20146061895835,35.86161290530902],[129.20196315527318,35.86270282078988],[129.20223266970282,35.86260030447523],[129.20225925208717,35.86259562764342],[129.20341002684336,35.86239299122231],[129.2033358559255,35.86211713581781],[129.20325208687905,35.86160991014338],[129.20309223809,35.86085877217518],[129.20458095109308,35.859827012766964],[129.2051167426629,35.859457594598034],[129.20544502957074,35.85922514664516],[129.2077120234377,35.85799734595446],[129.2094056524182,35.857027757242015],[129.2109724027395,35.856096191241676],[129.21201291078305,35.85555567840158],[129.21344825134477,35.85482450450241],[129.21467755117754,35.854191266366534],[129.2158189677743,35.85359177096751],[129.21563166338035,35.85339273069466],[129.2153140236858,35.853039366983346],[129.2151894704951,35.852894721839895],[129.21518913889466,35.85289491169195],[129.21236312130364,35.854502198697034],[129.2123192276282,35.85452769093532],[129.21218652217505,35.85460198832825],[129.2120511662678,35.85467883173999],[129.21201571383963,35.85469809045851],[129.21188263480127,35.854773667942204],[129.21175749236173,35.85484476119616],[129.2117245348267,35.85486559264729],[129.2115420464103,35.85497029442465],[129.2113908953864,35.85505702436131],[129.211289566412,35.85511604385437],[129.21097030695097,35.85529954533617],[129.2095951242189,35.85607209694983],[129.20549443036597,35.85839595960067],[129.2053574485969,35.858474141064065],[129.2048708076972,35.858751793195424],[129.2046024516673,35.85890703652323],[129.20455431669947,35.85885157396839],[129.20436609848883,35.85880479271155],[129.20430507994752,35.85878962858774],[129.20429317117242,35.858765035604215],[129.20426808490632,35.85871324716739],[129.2041545753159,35.85851428087799],[129.20407047453452,35.85839063627591],[129.20397525587921,35.858274607871856],[129.20389358902142,35.85815879088514],[129.20375999998086,35.8580040642527],[129.20315122218034,35.85724217189951],[129.2030931534208,35.85716279726932],[129.2030439075844,35.857091888556646],[129.2030141256434,35.85704330715043],[129.2029816760243,35.85698612328796],[129.2029428139567,35.85694109899645],[129.20291670290538,35.8568775056235],[129.20286587346524,35.85675375028064],[129.20284483341996,35.85668594857267],[129.2028386021501,35.856669078631924],[129.20283484334706,35.85665803562492],[129.20283132796607,35.856646938135],[129.20282804493624,35.856635786180625],[129.202825005374,35.85662459776823],[129.20282220925623,35.85661336388548],[129.20281964553493,35.85660209356317],[129.20281732528076,35.856590786782846],[129.20281525956443,35.856579443526094],[129.20281342628988,35.85656808185487],[129.20281183650496,35.85655669273808],[129.20281049020966,35.85654527617576],[129.20280939851997,35.85653385017436],[129.20280855036532,35.85652241475239],[129.20280802741092,35.85651261905765],[129.20280793465196,35.85651096091588],[129.20280787469517,35.856509140494445],[129.20280757354402,35.85649949764037],[129.20280329236942,35.856478884248425],[129.20278931391178,35.856397263568475],[129.20278640786307,35.85636443595455],[129.20278420800102,35.856335058939],[129.20277412456204,35.85620011386719],[129.20277828075223,35.856118742187014],[129.20279271638296,35.855973968473],[129.20279705590147,35.855943228626366],[129.20280695512548,35.855795127887085],[129.20281771104302,35.85565310012359],[129.20282141910397,35.85560468784728],[129.20282466504565,35.855561782974064],[129.20284105857482,35.85534639312865],[129.20284968657708,35.855234128148744],[129.20287858509982,35.854854924388036],[129.20286160456723,35.854733049944436],[129.20291704832007,35.85402493595468],[129.2029275569811,35.85389036188252],[129.20299209809198,35.85305921202142],[129.2030048642184,35.85289813741416],[129.20307016864277,35.852063020599],[129.20308089409872,35.85192682385776],[129.20309063438626,35.85179504488637],[129.2030447531837,35.8512501364521],[129.20303356036206,35.85111415671093],[129.20297774242843,35.85044804681289],[129.20297145041567,35.850345720494666],[129.20294884040126,35.85014676253346],[129.2029435338454,35.850105773593455],[129.20292115997728,35.84987319861759],[129.20289419970265,35.84971361450079],[129.2028511090126,35.849457019868765],[129.20281917012582,35.84929843544123],[129.20281074894615,35.8492689516525],[129.2027905082532,35.84920563673051],[129.20267839449443,35.84888188835494],[129.20266571576957,35.848845309835255],[129.2026200240786,35.84871112716547],[129.2024687567285,35.84826397288496],[129.20239677751312,35.84806047390048],[129.20237994792285,35.84801072601376],[129.20233361116243,35.84787495809374],[129.20230002076002,35.847776327381226],[129.20225976290482,35.84766308051348],[129.2022431791432,35.84761856845483],[129.20221387903845,35.84753994730481],[129.20221381214432,35.84753975815418],[129.20220139776927,35.8475024851726],[129.20210564134123,35.84723698365761],[129.20209593756874,35.84721228758607],[129.2020523727046,35.8470867260719],[129.20201199793956,35.846970730489836],[129.20197690636945,35.84686909200129],[129.20193187956338,35.8467386751375],[129.20191016905355,35.846675786077654],[129.20186159659733,35.84653511887181],[129.20182636042335,35.84643304797237],[129.2018006915549,35.846358674550785],[129.20178657488063,35.84631779935599],[129.201752643509,35.8462195024937],[129.20173797856964,35.84618508115631],[129.20163465998883,35.84589559151444],[129.20155878134847,35.84568477127202],[129.20147391539984,35.84545212863974],[129.20141344768788,35.84529048188824],[129.2012901048724,35.84496916602074],[129.20121826131475,35.844689339096945],[129.20119912405843,35.84466339687039],[129.20118053961633,35.844637192359485],[129.2011625190572,35.84461072554596],[129.20114507349507,35.84458401443665],[129.201128202907,35.844557050019276],[129.20111190733752,35.84452985031918],[129.20109619790063,35.844502433342974],[129.2010810856423,35.844474790060076],[129.20106655953816,35.84444693851411],[129.20105263065682,35.844418878686795],[129.20103932118096,35.84439062856661],[129.20102660899468,35.844362197202855],[129.20101450516628,35.8443335845774],[129.2010030208096,35.84430480869712],[129.2009921559238,35.84427586956198],[129.20097753886012,35.844233769386975],[129.20087810092372,35.843829750659324],[129.20086367587348,35.843669712516025],[129.20086373216841,35.843621441448434],[129.20086883327215,35.84356325726762],[129.20087649351964,35.843479419251295],[129.20088164714426,35.84342895869817],[129.20088787467756,35.8433785864874],[129.2008951871866,35.84332830260053],[129.20090358473684,35.843278134074914],[129.20091304521117,35.84322808995929],[129.2009235797215,35.84317818826007],[129.20093517724226,35.84312844702038],[129.2009478377938,35.84307887525232],[129.20096157248852,35.84302949096208],[129.20097634816275,35.842980312229535],[129.20099218697524,35.842931348029765],[129.2010090668314,35.84288261642424],[129.20104559778875,35.84278677986659],[129.2012189007202,35.842392537282336],[129.2013003347784,35.8422249765722],[129.20130310856496,35.84221877135555],[129.20158990356742,35.84157581053556],[129.20185549580876,35.84098060555532],[129.20191411380495,35.84084352668805],[129.20203725844988,35.84056442014391],[129.202074770033,35.84048090170304],[129.20220589467976,35.84021524633978],[129.20230797993653,35.83999561216673],[129.20205948806654,35.8399987579542],[129.20187132686743,35.83994313120456],[129.20198810104827,35.83968848623329],[129.20202266950048,35.8396099386006],[129.20223173012218,35.83913510790331],[129.2022385648658,35.8391197301546],[129.20226769741961,35.839054034353794],[129.20230620698646,35.838967224587016],[129.20253450061932,35.8384527601982],[129.20260673289445,35.838290666466435],[129.20241333114257,35.838240285583694],[129.20231633719868,35.838476440345964],[129.20212250206887,35.83891339327296],[129.20208399232735,35.83900020298221],[129.20205488171013,35.839065871665156],[129.20204798093363,35.83908141173894],[129.20183724672063,35.83956012930463],[129.20176730998148,35.839716225398625],[129.2016589618355,35.839963501912166],[129.20159231819463,35.84010893962295],[129.2015489017938,35.840203715361355],[129.20153187756284,35.840243083306056],[129.20147084551294,35.840384221647504],[129.20140529036746,35.84053584902788],[129.201199029944,35.841000777801256],[129.20098425222943,35.841482177167435],[129.20090232731587,35.84166586187451],[129.20085300478576,35.84177641001531],[129.200842438421,35.8418002566141],[129.2008348103571,35.84181728488208],[129.20065327756032,35.84224935706968],[129.20046021901553,35.842667712980244],[129.20044278089114,35.84270576561556],[129.20040111925292,35.84281730125783],[129.20036859399673,35.84290851658799],[129.20032782793695,35.84304190604517],[129.2002914607335,35.84321706117056],[129.20027768542369,35.843299142819234],[129.20026094115593,35.84341573825796],[129.20026026885088,35.84358991503859],[129.20026215833258,35.843677306170584],[129.2002647069841,35.84372721320486],[129.2002683292439,35.8437770824127],[129.20027302504644,35.84382688675655],[129.2002787833249,35.843876626254655],[129.20028560399123,35.84392626485696],[129.20029348704733,35.84397580256334],[129.2003024324502,35.84402522134848],[129.2003124401792,35.84407451219982],[129.20032349909985,35.84412364809801],[129.20041907579332,35.844449616369275],[129.20051220637438,35.84467344088844],[129.2006407698851,35.84498132029471],[129.20066046987296,35.84502872044458],[129.20070310825596,35.845130391904114],[129.20077752378344,35.84531057263023],[129.20092383832784,35.845713233772344],[129.20093331270792,35.84573937232634],[129.20096791199632,35.84583523494568],[129.20105330860608,35.84607687151653],[129.20106523636974,35.84611020697209],[129.20111628378044,35.84625412391352],[129.20118832056514,35.8464693038385],[129.20127572918355,35.84669169519261],[129.20129550340312,35.84675512833737],[129.20133923794302,35.84687827450289],[129.20136737611566,35.846957483621644],[129.20149953338543,35.847287481687836],[129.2015963204612,35.847576261253764],[129.20163573748792,35.84768567943574],[129.20173886279412,35.84799422172884],[129.2018418196604,35.84828829012649],[129.20184933489892,35.8483098625266],[129.20206827875865,35.84893700135426],[129.2021230170705,35.84909450247732],[129.20219432521972,35.849303959970655],[129.2022301611941,35.84940613785846],[129.20227256476431,35.849614922579384],[129.20228825154862,35.84973816927499],[129.20231559648659,35.84994980905581],[129.20232460808919,35.85005104937157],[129.20234246309087,35.85024386888323],[129.2023438606247,35.850258115300626],[129.20051455035153,35.850272046324385],[129.1992323069309,35.850281796931036],[129.19921982023504,35.85028188957967],[129.19918879783214,35.85028013812692],[129.1991577969218,35.85027812526842],[129.1991268285742,35.85027585098609],[129.1990958928119,35.85027332429227],[129.1990649785654,35.85027054520531],[129.19903411902234,35.850267504658056],[129.19900328097327,35.850264202705226],[129.1989724976729,35.85026065731706],[129.19894175798476,35.850256841474554],[129.1989110619759,35.850252782215065],[129.19888043174188,35.8502484614773],[129.1988498451656,35.850243888310175],[129.19881932438693,35.85023906267724],[129.1987888583142,35.85023397558449],[129.1987584580619,35.850228645038506],[129.19872813465594,35.85022305299633],[129.19869787707117,35.85021721750117],[129.1986676963553,35.85021112952232],[129.19863759250887,35.85020478905996],[129.198607565532,35.85019819611397],[129.1985776375872,35.850191359660734],[129.19854778651245,35.85018427072412],[129.19852153479135,35.850177833790006],[129.19849883854437,35.85017221115779],[129.19847614227817,35.85016657950885],[129.19845345704047,35.85016092981259],[129.1984307828314,35.8501552620688],[129.19840810858096,35.85014957629594],[129.19838543428918,35.850143872493774],[129.19836277102593,35.850138150644334],[129.19834011881352,35.85013241976002],[129.19831746653762,35.85012666183396],[129.19829482531253,35.8501208948731],[129.19827219511615,35.850115109864944],[129.19824956487847,35.850109306827534],[129.1982269456694,35.8501034857428],[129.19820432641924,35.85009764662886],[129.19818171819762,35.850091789467704],[129.19815912102695,35.850085923271614],[129.1981365237929,35.85008003003387],[129.19811393760978,35.850074127761275],[129.19809135138556,35.85006820745961],[129.19806877618996,35.85006226911053],[129.19804620095329,35.85005631273238],[129.19802364781532,35.85005033828884],[129.19766488058607,35.84994631653013],[129.19758591779322,35.84992341849637],[129.19756911890974,35.849916560364136],[129.1975523862043,35.84990960298412],[129.1975357196548,35.84990253734384],[129.19751911926141,35.849895363443395],[129.19750258502393,35.849888081282806],[129.19748612801249,35.849880690843996],[129.1974697482491,35.84987320113938],[129.19745343464203,35.84986560317484],[129.197437198261,35.849857896932086],[129.19742103912836,35.849850091423676],[129.19740494615195,35.84984217765534],[129.19738852055076,35.849834048127164],[129.19736987832061,35.84982484071084],[129.1973512361169,35.84981564230399],[129.19733258284765,35.849806443912286],[129.19731392962706,35.849797263542655],[129.1972952764107,35.849788083169976],[129.19727661212886,35.84977890281251],[129.19725794789554,35.849769740476965],[129.19723927259676,35.84976057815664],[129.1972205862544,35.84975142486374],[129.1972019110085,35.84974228056244],[129.19718322469677,35.84973313627623],[129.19716452734187,35.84972400101746],[129.19714583001328,35.84971487476835],[129.19712713271113,35.8497057575287],[129.1971051091473,35.849694482702155],[129.1970893806088,35.849686189773145],[129.19707368517254,35.84967785172568],[129.1970580228383,35.849669468559725],[129.1970424157017,35.849661022214434],[129.19702685273703,35.849652530732705],[129.19701132283046,35.84964397610779],[129.19699583711795,35.84963538535886],[129.1969803955333,35.84962673144872],[129.19696499812076,35.84961803240218],[129.19694965592802,35.84960927918887],[129.19693434683762,35.84960048085721],[129.19691908189714,35.84959162837689],[129.19690386110685,35.84958272174767],[129.1968886844664,35.84957376096986],[129.19687355199818,35.849564755055816],[129.196858474772,35.849555703987555],[129.19684343062605,35.84954659878855],[129.19682844170006,35.84953743942297],[129.19681378520372,35.849528414702526],[129.19681349694625,35.849528234921216],[129.19679859636472,35.84951898528324],[129.19678373993327,35.84950968149665],[129.19676892765202,35.84950032356157],[129.1967541706128,35.84949092047228],[129.19673945774593,35.84948147224694],[129.19672478902905,35.84947196987309],[129.19671017555456,35.84946242234517],[129.19669560623007,35.8494528206688],[129.1966810810779,35.8494431738564],[129.19666661116793,35.849433481889896],[129.19665218540825,35.849423735774984],[129.19663781489058,35.84941394450626],[129.19662348854536,35.849404108101425],[129.19660921744227,35.84939422654278],[129.19659499048953,35.84938429083567],[129.19658080770898,35.84937430999266],[129.19656668017075,35.84936428399579],[129.19655260785257,35.84935420383261],[129.19653857972884,35.84934408754603],[129.19652460682516,35.849333917093254],[129.19651068916394,35.84932370148662],[129.1964968156748,35.84931344074413],[129.1964829974281,35.849303134847965],[129.19646922335366,35.84929278381601],[129.19645551559128,35.84928238761241],[129.19643871439865,35.84926996861434],[129.19627324857456,35.84911852058415],[129.19620199338834,35.849168808642126],[129.19615743551537,35.849190691080715],[129.19606650581662,35.84921697460166],[129.19588085435524,35.849258011575735],[129.19572743689116,35.84930764815768],[129.1956471311165,35.84934638748245],[129.19567028221226,35.84927994599496],[129.19573908976724,35.849088283168065],[129.19575134892253,35.84904943751126],[129.19573768180447,35.849019339840424],[129.19518777208668,35.84916684286752],[129.19513951620655,35.849170345396146],[129.19508877940558,35.84915510590854],[129.19493953650291,35.84914612649077],[129.1950521224472,35.84929888725529],[129.1951397385944,35.849425714138796],[129.1952304215861,35.849425207457855],[129.19537752410838,35.84941871551],[129.1953871875071,35.849459400351805],[129.19529224388697,35.849474090680474],[129.19520654927152,35.849468370743395],[129.19516368783266,35.849459697714444],[129.19503506852982,35.84941925859694],[129.19487790327375,35.84938463328583],[129.1948063746294,35.84937744826343],[129.19464929064478,35.8493762588857],[129.19454931613555,35.849370561434405],[129.19443499849987,35.84933884081607],[129.19439211604015,35.84932142542305],[129.19437606483862,35.84932145119052],[129.19422060797876,35.8492606860344],[129.19419735793937,35.84925928132505],[129.19407760551326,35.84922306283316],[129.19385033454552,35.849174128523785],[129.19385077015338,35.849171153702294],[129.1937710640956,35.84916058344242],[129.1937579919963,35.849133629955354],[129.1936572302462,35.84906301600121],[129.19362872476057,35.84904435164116],[129.19353245370024,35.84895376771775],[129.193447932179,35.848897115025196],[129.1934450075749,35.848896209435054],[129.19340212001478,35.84888108286944],[129.19334486984263,35.84886842160863],[129.19329505574572,35.84886377858653],[129.1932613466127,35.8488630843531],[129.19320518617218,35.848866238220474],[129.19313227136846,35.84887618717029],[129.1930901179294,35.84888550121673],[129.19308554905587,35.84888672518917],[129.19308091328685,35.8488877509932],[129.19306480242975,35.848890552529944],[129.1930535280922,35.84889294980403],[129.19304399174584,35.848895362331504],[129.19303762570013,35.84889958131643],[129.19301748014288,35.84891859374978],[129.1930047079776,35.84893799097776],[129.1929647231205,35.848946868923875],[129.1929544716935,35.848946533771795],[129.19295343579563,35.848948473109466],[129.19295146581572,35.84895326188481],[129.19295001641677,35.848958176005574],[129.19294908751243,35.84896317942198],[129.1929482875894,35.84897118379458],[129.19294798586995,35.84897921441093],[129.19294819335894,35.84898724421581],[129.19294889892157,35.848995246189645],[129.192950113628,35.849003220314664],[129.19295181525206,35.849011130576365],[129.19295401482037,35.84901895893201],[129.19295671228974,35.84902668735676],[129.19295987438608,35.84903428886615],[129.1929635232273,35.849041754412376],[129.19296762553918,35.84904905701086],[129.19297366973967,35.849058303214136],[129.19298554542382,35.84905738303878],[129.19316160517423,35.84910572474937],[129.1932601647032,35.84913080248405],[129.1933632399824,35.84916014485065],[129.19350865008408,35.84925532787602],[129.19358710125076,35.849300931892635],[129.19361014923194,35.849324120248845],[129.19367090717685,35.84936358795035],[129.19379746363498,35.84946693905966],[129.19387137320678,35.849543246721296],[129.1939250510336,35.849630311610454],[129.1939502165247,35.849691376031736],[129.19396462295117,35.8497436254354],[129.19399151742707,35.84978720283423],[129.194034463237,35.84983075450644],[129.19415081460136,35.84992501896528],[129.1942241799491,35.85000484214894],[129.19427793426777,35.85007748675666],[129.19432272882244,35.85015293959218],[129.19434431896758,35.85024591389742],[129.19434443157755,35.850292418194016],[129.1943303449309,35.85037238163782],[129.1942682272233,35.85050334274773],[129.1941667808691,35.85066771312655],[129.19412229549505,35.85072014704879],[129.19404333094343,35.850797150199064],[129.19397625236428,35.850845384397914],[129.19386394959804,35.85091532096044],[129.19381401498157,35.85095757937232],[129.19375706207316,35.851027427227116],[129.19372165151216,35.851124818824616],[129.19369340661547,35.851255725426654],[129.19365062308262,35.85132555056156],[129.19364891841303,35.85135313151971],[129.19367396854025,35.851366249696966],[129.19370075813103,35.85136620684505],[129.19378634914315,35.85132821742079],[129.19382735599436,35.8513020155537],[129.1939289845328,35.85125823235837],[129.1940004832013,35.85125234982983],[129.1940290579081,35.851258072040984],[129.19406652397515,35.85127838023573],[129.194154146254,35.85134799647326],[129.19417919275526,35.85135958242694],[129.19419713325945,35.8513624376531],[129.19422202697615,35.85135662972949],[129.194273743526,35.85131878441389],[129.19437693873803,35.85119064138133],[129.19445893419373,35.851130937138294],[129.19451786348597,35.85110029012831],[129.19457494272785,35.851082804304006],[129.1946891291213,35.85105936852206],[129.1947890703234,35.8510504656651],[129.19493182429127,35.85102986768963],[129.19508579393906,35.85099633657003],[129.1950625297001,35.851330890796376],[129.19505434347778,35.85144253273256],[129.19507172465597,35.85144297338076],[129.19509135424545,35.85144389707839],[129.19511094056287,35.85144523541722],[129.19513048363063,35.85144699740974],[129.1951499723787,35.851449183073875],[129.19516937359734,35.85145179246309],[129.19518867617273,35.8514548075705],[129.19520788014918,35.851458246420904],[129.195226974413,35.8514620910073],[129.19524592575414,35.85146634138343],[129.19526473419472,35.851471006561724],[129.19528338862116,35.851476068535106],[129.1954276070017,35.85151105666988],[129.19560289127085,35.851551789481114],[129.19565984536217,35.85156466643534],[129.19568798891603,35.85157053314807],[129.195716011648,35.85157678758657],[129.1957438914182,35.85158342978696],[129.19577162822696,35.85159045974921],[129.19579922203076,35.85159785944862],[129.19582666180378,35.851605646927865],[129.19585392538414,35.85161381321064],[129.1958810127502,35.85162234928449],[129.19590792390233,35.85163125514961],[129.19593464779263,35.85164053983647],[129.19596117330738,35.851650185338066],[129.19602681256046,35.85167459306461],[129.19604580634726,35.85170977412216],[129.1960707568477,35.85172721795624],[129.19609046519804,35.851728628037606],[129.19612255072713,35.851721275948876],[129.19613586424694,35.85171515292438],[129.1961505566495,35.851720617730756],[129.19636682249978,35.851806165239736],[129.1964767674389,35.85185422173415],[129.1966630520228,35.85193367083666],[129.19688986469072,35.852053591938905],[129.19692325201657,35.85208047597862],[129.1969995135512,35.85216114890814],[129.19701993393127,35.852191001103776],[129.19702995358818,35.85220497218615],[129.19704031600406,35.85221877147251],[129.19705103224953,35.852232398944594],[129.19707338355582,35.852259643377785],[129.1970842778873,35.85227365809412],[129.1970947742045,35.85228788074474],[129.19710486141486,35.85230230233521],[129.19711451733355,35.852316904876815],[129.19712375305264,35.85233169736419],[129.19713256850565,35.85234665275991],[129.197140941574,35.85236178011255],[129.19719863841067,35.85246934036494],[129.19728533898888,35.85262619671975],[129.1972888295266,35.852636582434585],[129.19732121549993,35.85270628633921],[129.19739684049964,35.85298230578992],[129.1974092995463,35.85300679945064],[129.19743148103277,35.853158353376145],[129.19743147455333,35.853200712092985],[129.19741943488913,35.853256699293105],[129.19739724802648,35.85328296181799],[129.19726930108976,35.853338867556396],[129.19702226324827,35.853405691884916],[129.19687283704567,35.853415578327386],[129.19674905913223,35.8534111831712],[129.19665028213524,35.853399357039606],[129.19650195423577,35.8533604836631],[129.19629119213744,35.85332270271642],[129.19619769118174,35.853295366174244],[129.1960894751045,35.85327147813918],[129.19597806520161,35.85325435454433],[129.19580904046478,35.853262559012734],[129.19576127606263,35.85333239292966],[129.1957271723053,35.85342031985039],[129.19572578059686,35.853530544859545],[129.19577193682804,35.85361825189202],[129.1961067775422,35.85369251366973],[129.19647506233483,35.85390677433633],[129.19660440750516,35.853969111041565],[129.1968037492723,35.85404404145392],[129.1973167242811,35.854256261735706],[129.1973894457239,35.85429642901636],[129.19745744374714,35.85435156468823],[129.1975013055145,35.85440565819978],[129.19756322386505,35.854554353360975],[129.19762621991254,35.85464608780034],[129.19766660701606,35.854682702693005],[129.19771993425405,35.85471424944546],[129.19774202771302,35.854739808827354],[129.1977490496041,35.85480396627407],[129.1977406112364,35.85483885838651],[129.1977199610389,35.85485989121148],[129.19770536544127,35.85486703491368],[129.19750816499356,35.854898630128496],[129.1973739929659,35.85494517313509],[129.19721858864193,35.85509133857315],[129.19718967139664,35.85512707512847],[129.19709309343395,35.85529026829716],[129.1970649461347,35.85532402082071],[129.1970111423869,35.85536899057558],[129.1968884129477,35.85543218751849],[129.19675534672191,35.855478728033674],[129.19660704170374,35.855541155126886],[129.1964373027695,35.85557612872989],[129.19638450034293,35.85557810701436],[129.19630098807897,35.85556211009786],[129.19604791949268,35.85547464840442],[129.1959239526712,35.85543952012789],[129.19562731951456,35.85532842519371],[129.19545636777804,35.855274536242156],[129.19533465461322,35.855209932881785],[129.19530755179537,35.855218268093985],[129.19530577947307,35.8552633333927],[129.1953457816811,35.85536952608947],[129.19542322356313,35.855529643146006],[129.19542369660167,35.85558750255184],[129.19541414545685,35.8556205036718],[129.19536758061994,35.85568357610569],[129.19536476982947,35.855711339101944],[129.19538907782749,35.85573725583903],[129.19554367707715,35.85580396902441],[129.1956157936905,35.85586829180919],[129.1956772146885,35.85595020618593],[129.19572000643572,35.856019623290585],[129.1957551265814,35.85612095698565],[129.19577025107426,35.85619429417033],[129.19576011997268,35.8562618140749],[129.19570786858392,35.85635373578452],[129.19556702269932,35.85652511048711],[129.19548461941318,35.85664655162562],[129.19545607795783,35.85670076274544],[129.1954506261928,35.85673510911714],[129.1954590762447,35.856749966076784],[129.19551798555736,35.856755008075154],[129.1956065082273,35.85673684011557],[129.19583072289655,35.8566582492804],[129.19602423929285,35.85656672975475],[129.19612826549454,35.856505186250715],[129.19618865582115,35.85648210656541],[129.1964682820047,35.85642748807062],[129.1966532241607,35.85640654920998],[129.19676514176413,35.85640312286995],[129.19694018512627,35.8564086963643],[129.19719765114516,35.85643693696471],[129.1973114740707,35.85644297012242],[129.19749532647936,35.8564741239098],[129.1975406366181,35.85648648721458],[129.19756724246264,35.85650104402477],[129.1976415731993,35.856519488417796],[129.19771986058262,35.85652621007154],[129.1977914369772,35.856541071900864],[129.19786458785043,35.8565613926804],[129.19793773606793,35.856576134691046],[129.1980314454915,35.85659642175298],[129.19810592757818,35.85662676209136],[129.19818423492046,35.856690802816075],[129.19822145187717,35.85675220703204],[129.19824684898163,35.85685994575322],[129.19825194771556,35.856956506179465],[129.19822668550668,35.85703331589332],[129.19816305366805,35.85709757994932],[129.1980785267572,35.85715568658485],[129.1979827313423,35.85721902080591],[129.1978778141534,35.85729167074453],[129.19780709898006,35.85733452351245],[129.1977198783173,35.8573959058275],[129.19762826136443,35.857470372370265],[129.1975436783009,35.857546458624576],[129.19657515703602,35.85749727682101],[129.19637285912484,35.85751617985543],[129.19610727413684,35.85774580683536],[129.1960221012707,35.85776698892069],[129.19578425214186,35.85779440223087],[129.19480480453015,35.85782840906073],[129.19426423776434,35.85782754721394],[129.19388432468514,35.85784130539485],[129.19365593596777,35.857903613707514],[129.19353875181812,35.85790932573097],[129.19343589073262,35.857904677439144],[129.1930507976526,35.857739705669765],[129.19296473952122,35.85770615418186],[129.19259155617078,35.857576175455534],[129.1923194026027,35.85753184301268],[129.19215903705896,35.85751696565189],[129.19214935359486,35.85751386269904],[129.19204901897677,35.85745441330014],[129.1917650028303,35.85729162929394],[129.19160815403288,35.857191451463876],[129.19150506622375,35.85710064251258],[129.19144272760624,35.857022476658926],[129.1913794878458,35.85691920340986],[129.19131132999493,35.85656399383786],[129.19131131501032,35.85624192363147],[129.1912948278561,35.85619897813962],[129.19124374769575,35.85614343375151],[129.19108721514482,35.856040010223076],[129.19104419720603,35.85599014891791],[129.19099303310975,35.85588990261457],[129.19080514907748,35.85539535012156],[129.19076785672135,35.85532284031837],[129.19072320517176,35.85525613712359],[129.19071837291727,35.85524918709295],[129.19071325312737,35.85524236368976],[129.19070787905676,35.85523568488659],[129.19069467964374,35.8552203664171],[129.19068751768233,35.855211365206344],[129.19068075379357,35.855202165093566],[129.1906744101187,35.855192766044],[129.1906684756296,35.85518318610008],[129.19066298358103,35.85517344323439],[129.190657922902,35.855163537464556],[129.19065329365688,35.85515349582782],[129.19064911800797,35.85514332730193],[129.19064540704733,35.855133040881974],[129.19064340965232,35.855126410834636],[129.19064187705166,35.85511970795566],[129.19064079821754,35.855112950287435],[129.19064019531237,35.855106146807465],[129.19064005735115,35.855099333583006],[129.190640384355,35.85509251962658],[129.19064123966476,35.85508440704003],[129.1906424603896,35.85507632992816],[129.19064404655103,35.855068297303404],[129.19064598707803,35.85506030918317],[129.19064829310562,35.85505239258728],[129.19065064540612,35.85504531408013],[129.19065249929406,35.85503813722017],[129.19065384376324,35.85503088906222],[129.19065468992736,35.855023587613886],[129.19065501568795,35.85501625093501],[129.19065483222292,35.855008924070184],[129.19065408343002,35.855001291670845],[129.1906358705605,35.855000581319615],[129.1904976882618,35.85509906194075],[129.19046823455963,35.85494734696724],[129.19042883791252,35.85485092121566],[129.1903781950641,35.854717760197836],[129.19032177468225,35.85462242464268],[129.1902640498747,35.85448580489257],[129.1902221807912,35.854392284971475],[129.1902425806542,35.85438628665737],[129.19022471098165,35.854371507207404],[129.19018466195323,35.85433589867428],[129.19015686693393,35.854295151791945],[129.19008226912254,35.85424179780095],[129.19006603689724,35.854226574144654],[129.19000486722047,35.85416832327142],[129.1899827415877,35.854146764056914],[129.18996098069496,35.85412495191636],[129.18993959565518,35.85410290485751],[129.18992754476923,35.85409093714548],[129.18991592497352,35.85407868936899],[129.1899047584091,35.85406616149334],[129.18989405621022,35.85405338053884],[129.18988381835567,35.85404033749298],[129.18987405597926,35.85402705937593],[129.18986478015165,35.85401354617052],[129.18985600200705,35.853999824896796],[129.18984773261568,35.85398589553765],[129.1898399609282,35.85397176712278],[129.1898239746506,35.85394815241858],[129.1898083975838,35.85392436583334],[129.18979322970614,35.853900398354995],[129.18977847103878,35.85387625899592],[129.18976289940213,35.85385007507344],[129.18976192053816,35.85384810287182],[129.1897594368538,35.85384177098239],[129.18975725724894,35.85383762865189],[129.18975466837963,35.8538336311624],[129.1897517035636,35.85382982352416],[129.1897483738926,35.85382621473243],[129.1897447126418,35.85382283177228],[129.189740719854,35.85381969266879],[129.18973643987465,35.85381682438986],[129.18972872540195,35.85381283493018],[129.18972083433582,35.853809071058926],[129.1897127777467,35.8538055327587],[129.1897045888671,35.85380222898991],[129.18968557115306,35.85379342653794],[129.18966679622577,35.85378429925297],[129.18964825301498,35.85377484715258],[129.18962996368268,35.853765079214504],[129.18961192822943,35.85375499543898],[129.18959416881705,35.85374460480387],[129.18957667437547,35.8537339073266],[129.18957287054067,35.85373108335886],[129.18956875747966,35.85372857531227],[129.18956434632676,35.853726410206754],[129.18955971459607,35.85372459693351],[129.18955487344294,35.853723171525026],[129.18954990033905,35.85372212484754],[129.18954481746766,35.85372147489118],[129.18953968022333,35.85372123959431],[129.18953453286633,35.853721409875156],[129.189529441819,35.85372198562978],[129.18952444027119,35.853722957793785],[129.1895195725045,35.85372432629767],[129.18951489382852,35.85372607303031],[129.18951044848194,35.8537281798971],[129.18950628070405,35.85373062880411],[129.1894972560951,35.85373907861746],[129.18948859740357,35.85374778020719],[129.18948033784073,35.85375673352171],[129.18947246629372,35.85376592055331],[129.18946500486095,35.85377532324255],[129.1894579646128,35.85378494157218],[129.18945134550688,35.853794757517385],[129.18944515859252,35.85380476204842],[129.18943941489755,35.853814937123204],[129.18943411437974,35.853825264716725],[129.18942926813074,35.85383575382429],[129.18942898420354,35.853842099062064],[129.18942815776157,35.85384841811099],[129.1894267997901,35.8538546749039],[129.1894248991334,35.85386083340809],[129.18942248896025,35.85386687554693],[129.18941955811488,35.85387276528773],[129.18941709912892,35.853876887842155],[129.18940314918095,35.853899855462245],[129.18938734481438,35.853925124165706],[129.1893723766453,35.853948210536736],[129.18935963519297,35.85396726484071],[129.18935465453524,35.85398179175114],[129.18932802524205,35.85401262005342],[129.18932527779884,35.85401648169461],[129.18931825455655,35.854028632499],[129.18931167451277,35.85404094483504],[129.18930553764673,35.854053409690245],[129.1892986881708,35.854068831756],[129.18918280424705,35.85405561126461],[129.18903281966104,35.854036171199894],[129.18884563642163,35.85401122825169],[129.18869426489826,35.85403276972283],[129.18860731036813,35.854072244695004],[129.18853968478138,35.85411168951472],[129.18850606228827,35.85421009516393],[129.18850712189186,35.85428416717455],[129.18851103698603,35.85438621852214],[129.18851505919753,35.85445845638343],[129.18851166696078,35.85453660896598],[129.1884719333013,35.85463030156636],[129.18845907844263,35.854657773615244],[129.18841055530442,35.8547470457259],[129.18839468850268,35.85482610093186],[129.18843124291337,35.85492482094883],[129.18850050178466,35.85500070648049],[129.1885625654496,35.855109823209645],[129.18858220617514,35.855176385910205],[129.1886129093878,35.855328964598144],[129.18863784011066,35.85551248312669],[129.18860486726538,35.85561900802129],[129.18861721703468,35.85574401002636],[129.18863529137283,35.85585528610414],[129.1886334678638,35.85597910250486],[129.18865048520863,35.85604571433273],[129.18865075480366,35.856118021102134],[129.18864691004455,35.856206151195344],[129.1886523157694,35.856287570599335],[129.18861795095754,35.85638605851375],[129.1886020529382,35.85647543307209],[129.1885776272765,35.8565682186136],[129.18857598434934,35.8566370044725],[129.18854559081808,35.85668712517266],[129.1884862923742,35.85673302794911],[129.18836271233627,35.856781932714945],[129.18826185007774,35.85682632283446],[129.1881198312173,35.85687287671577],[129.18801260799685,35.856891068195274],[129.18787713641973,35.85690650052126],[129.18776931012937,35.85691303056161],[129.1876331260412,35.8569125927282],[129.18749998311566,35.85691546662738],[129.18727561903867,35.856914894500584],[129.18717485522907,35.8569306238479],[129.1870641610933,35.856941736030855],[129.18692799107995,35.85693785460682],[129.18683297805163,35.85692723129268],[129.18682305313123,35.856924912368726],[129.1867974496968,35.856945464280365],[129.18681987502904,35.85702922779213],[129.1868621335279,35.857119936364555],[129.1868887762733,35.85721289510234],[129.18663964474752,35.85711194288121],[129.18651266228053,35.85706473281782],[129.1863368434129,35.85701155939842],[129.1862066898323,35.85698120723958],[129.18609527640203,35.856963894252644],[129.18605232945833,35.85696263539702],[129.18604041288714,35.8569607881171],[129.1859437573774,35.85695796242379],[129.18562915940814,35.85695482197279],[129.18543181270223,35.856922643263744],[129.1852723349545,35.85689801284927],[129.18517655107564,35.856889056714216],[129.1851629577535,35.856889807506995],[129.1851216876463,35.856885950158905],[129.18503612055926,35.85689067727665],[129.1848979089318,35.85691837642551],[129.1848228146605,35.85692301530393],[129.18479866439105,35.85692099730538],[129.18472520570919,35.8568955138955],[129.1846463074313,35.856863549742044],[129.18460312635418,35.85686154268883],[129.18459747221817,35.856862885154136],[129.18459144403926,35.85686044294455],[129.18455388683162,35.856858373227894],[129.18452839180057,35.856863720426],[129.18358475801287,35.85631377930934],[129.18332876743696,35.85635731880658],[129.18342124196997,35.85622164901595],[129.18324986355734,35.85606537949868],[129.18267010592362,35.85550931937626],[129.1826475982984,35.855552721414405],[129.18260156173244,35.85560911887763],[129.18252808230577,35.8556710552949],[129.1824579918606,35.855719017203896],[129.18242193828206,35.855730427238846],[129.18237788470574,35.85573391831706],[129.1823283911345,35.85573065820009],[129.1822736730819,35.8557180419476],[129.18194277228832,35.85558759692814],[129.1815631467049,35.8554897591174],[129.18111771433792,35.85537561577461],[129.18062257429514,35.85526073377302],[129.18055910501366,35.85525037389513],[129.18044078302694,35.85524108706808],[129.1803988283928,35.855242501421735],[129.18033828265783,35.855252234927136],[129.18021162371986,35.85529686398867],[129.18015522415413,35.855323985340526],[129.17995077879308,35.85544110006843],[129.1798796908335,35.855489152083756],[129.17980465425205,35.85554874590414],[129.1796945923772,35.85564905598611],[129.17968135758682,35.85570111373125],[129.1796809404099,35.85570268252324],[129.17967661356963,35.85571833462238],[129.17967615206948,35.855719885455],[129.17967526167607,35.85572271669729],[129.1796656486494,35.85575077782142],[129.17966462532627,35.8557535732107],[129.1796451321634,35.85580412613344],[129.17964396506085,35.85580698482324],[129.1796319601754,35.855834797141064],[129.1796307042845,35.85583755682496],[129.17962934869655,35.85584028961922],[129.1796151391364,35.85586739321732],[129.1796136727597,35.85587009012569],[129.17961241541596,35.855872200912266],[129.17959954294494,35.855893255145766],[129.17959821913595,35.85589534800575],[129.17953897232147,35.85598619158718],[129.17953480165176,35.85599248848517],[129.17953300284591,35.855995050697764],[129.17951577440914,35.85601877006112],[129.17952393456704,35.8560835848048],[129.17890566112027,35.85615153426053],[129.1792268405773,35.85672402853184],[129.17919706775717,35.85671761061785],[129.17910743333772,35.8566857398149],[129.17901624586057,35.85665739512262],[129.17896617701211,35.85664458123416],[129.17891555827367,35.85663339939732],[129.17881309735756,35.85661345281204],[129.17817493696708,35.856562138558616],[129.17786838354914,35.85656638323405],[129.17778944028183,35.85656271385323],[129.1777107027994,35.85655698025869],[129.1776367421159,35.8565486169752],[129.17756308724512,35.85653836057544],[129.17744944998958,35.85651555422074],[129.17736227981513,35.85650125285807],[129.1773198671174,35.85649609670354],[129.17727888749303,35.85649317353451],[129.17723970834368,35.856493420113914],[129.17720272954617,35.856497439695524],[129.17720073793535,35.856497956320005],[129.1771477722641,35.85653684154588],[129.17714540682914,35.85653853033952],[129.1771213423775,35.85655520257385],[129.17711889934642,35.85655684641806],[129.17711603598224,35.85655865310137],[129.17708709153575,35.856576350873304],[129.17708416156634,35.85657807654086],[129.17708116501294,35.85657973020569],[129.1770666017628,35.85658746617902],[129.17704742230944,35.85661042197676],[129.1770045673557,35.85670096997486],[129.17695804474917,35.856795137320795],[129.1769078875952,35.85688785894349],[129.1768355061474,35.85700350470073],[129.17681067661528,35.85703481426917],[129.1767967586819,35.85704908332161],[129.1767818298806,35.85706180369916],[129.17676559096074,35.85707282262599],[129.17674777540807,35.8570817709781],[129.17672100271213,35.85709037189222],[129.17669168763814,35.85709573201209],[129.1766290264551,35.85710087036391],[129.17658065796985,35.85710103999905],[129.1765369241834,35.85709938233965],[129.17649339741772,35.85709621026481],[129.17643304089106,35.85708710542623],[129.17637323099407,35.85707484539082],[129.17631274024015,35.85705501582622],[129.17627041090734,35.857042550052746],[129.17622820752075,35.85703197670371],[129.1761861227834,35.857025017175154],[129.17616508455973,35.85702342551557],[129.17614405009297,35.85702354621959],[129.17611371152222,35.857026645551834],[129.17608340145438,35.85703264685626],[129.17602286942946,35.8570494980327],[129.1760005265979,35.85705881335026],[129.1758912463814,35.85710972134949],[129.17581328995115,35.857152463552914],[129.1758002796731,35.85716169319201],[129.17568891614198,35.85728772311669],[129.17568573680984,35.85730200350728],[129.1756308864754,35.85767942686575],[129.1756260414212,35.8577926397409],[129.17562816805145,35.857848775441006],[129.17563581777281,35.85790429028604],[129.17564397530091,35.857938886411716],[129.17565435751726,35.85797320893721],[129.1756787414114,35.85804148823779],[129.17573840424458,35.85813296858764],[129.17574774765535,35.85815800073672],[129.17574923225806,35.85817872730263],[129.17574167196875,35.858209651096885],[129.17572250107182,35.85825204659893],[129.1756991089169,35.85828794120331],[129.17559740152257,35.85840561145759],[129.17557975302518,35.85844052436589],[129.17556637246307,35.85849317667302],[129.17555692369112,35.85857692537107],[129.1755536715261,35.85865920506705],[129.1755590973984,35.85871030701329],[129.17557892205306,35.858759216086725],[129.17563512761606,35.85883897624205],[129.1760215098777,35.85933329113163],[129.17610570549584,35.85945393608654],[129.17614142005178,35.85953409528612],[129.17615858916537,35.859588505732304],[129.1761704409435,35.859641481909094],[129.17617272222412,35.85966698392278],[129.17617165779475,35.85969149041516],[129.1761665169892,35.85971502047332],[129.17615681185828,35.85973720529443],[129.1761397139104,35.85976067162197],[129.17611761980945,35.85978277531147],[129.17606467997453,35.85982458004937],[129.17603261301926,35.85984274173333],[129.17601602251528,35.859850246196594],[129.1759987635834,35.859855859006714],[129.17597707199278,35.85985958563059],[129.17595448855624,35.85986051066303],[129.17590765157277,35.85985806418513],[129.1758446333284,35.85985283829012],[129.1757365767252,35.859857591423605],[129.17562558889222,35.85988381644554],[129.17552548429063,35.859925328798106],[129.1754699678721,35.85995857514612],[129.1754088549524,35.8600045371723],[129.17536222936957,35.86004822508067],[129.17526778948317,35.860154087165824],[129.17519539430393,35.86026080954013],[129.17512651242464,35.860404838472625],[129.17507385588334,35.86052622258803],[129.17505163662327,35.86058763871142],[129.17503426794948,35.86064966968481],[129.17502322081572,35.860711601399515],[129.17501694700917,35.86077424721701],[129.1750122406991,35.860900798283865],[129.17501164261384,35.86093117121389],[129.1750366416425,35.86152523792401],[129.17503453676102,35.86162114278089],[129.1750306545524,35.86166864416609],[129.1750233391633,35.86171569087323],[129.17500829649734,35.861773212231064],[129.17500785717183,35.861774835112264],[129.17498485298827,35.861836964330585],[129.1749565118387,35.861888736896724],[129.1749298186993,35.861929601974545],[129.17488311634852,35.8619895122613],[129.17477001140517,35.862117841939046],[129.17474847634347,35.86214292769427],[129.17472673955712,35.86217198824032],[129.17470797247262,35.86220220711067],[129.1746935343504,35.86223241072457],[129.1746817555789,35.86226361088821],[129.17466296254716,35.8623277257277],[129.1746579805277,35.86235836632997],[129.17502763924617,35.8629061251802],[129.17516712009595,35.863195016920734],[129.17513386379912,35.86326758841186],[129.17496617108154,35.86365899928722],[129.17497631712428,35.86376763006255],[129.17503467622038,35.86439199332189],[129.1750431106071,35.86448228615947],[129.17507054093323,35.86447955179881],[129.17509253687453,35.86447770850773],[129.17511455560728,35.86447616259145],[129.17513661929522,35.86447492303034],[129.175158694723,35.86447398987245],[129.1751807929429,35.864473354089284],[129.17520290290312,35.864473024709255],[129.17522501353196,35.86447300174853],[129.17524711375765,35.86447328522289],[129.17526921463283,35.86447386610411],[129.1752912940533,35.864474762448936],[129.17530881162966,35.86447556625282],[129.17532631801637,35.86447631599557],[129.17534384644878,35.86447702064131],[129.17536136371106,35.86447768023842],[129.1753793348632,35.8644783121385],[129.17539777109485,35.86447897040014],[129.175416196314,35.86447965571228],[129.17543463266455,35.86448036804285],[129.17545305796307,35.86448108939916],[129.17547148334077,35.864481846802434],[129.1754899087385,35.86448261321534],[129.1755083341957,35.864483406662686],[129.1755267486404,35.864484227160595],[129.17554517419686,35.86448506566463],[129.17556358872122,35.86448592220674],[129.17558201437697,35.86448680576729],[129.17560042902028,35.86448771637843],[129.1756188437035,35.864488645011654],[129.17563724735464,35.86448959168307],[129.17565566211766,35.86449055636036],[129.1756740769598,35.86449155708471],[129.1756924807504,35.864492566834706],[129.1757108846005,35.86449360361927],[129.17572928851035,35.86449466743829],[129.17574769246013,35.864495749279506],[129.1757660853779,35.864496849158726],[129.17579090093457,35.86449836330344],[129.17581013531918,35.86449946195512],[129.1758293916506,35.8645004704471],[129.17584864772599,35.86450136177414],[129.17586791467625,35.864502162957564],[129.17588718138992,35.864502855988505],[129.1759064589389,35.86450344085088],[129.1759257362905,35.86450393558582],[129.17594502447741,35.864504322151994],[129.17596431242728,35.864504600565894],[129.17598360017982,35.86450478885207],[129.17600288769532,35.864504868985776],[129.17602217497375,35.86450484096708],[129.1760414620347,35.86450471380831],[129.17606074887811,35.86450448750956],[129.17608240475573,35.864504095540184],[129.1760999970619,35.86450362836084],[129.17611757792034,35.86450298995859],[129.17613514739017,35.86450220737059],[129.17615270543178,35.8645012625721],[129.176170252045,35.86450015556301],[129.1761877872496,35.864498895355844],[129.17620529997356,35.864497481966765],[129.17622279021666,35.86449591539571],[129.17624025795905,35.86449418663026],[129.17625770322064,35.86449230468284],[129.17627512598122,35.86449026054103],[129.17629251520847,35.86448807224586],[129.17630988193474,35.864485721756346],[129.17632720403572,35.86448321811722],[129.17634450363548,35.86448055228371],[129.17636175862955,35.864477742312936],[129.1763789689982,35.86447477919258],[129.1763961457934,35.864471653894086],[129.17641327798262,35.86446838445842],[129.1764303766181,35.864464961857124],[129.17644740846393,35.86446137712603],[129.17646440677552,35.86445764824169],[129.17724047563414,35.86428350289673],[129.1771630141837,35.864387818451746],[129.1771535179334,35.86440444233262],[129.17714440953378,35.86442121885771],[129.17713568892555,35.86443812098983],[129.1771273450369,35.86445514874508],[129.17711940003178,35.86447231110385],[129.17711183170687,35.86448958106109],[129.17710466220626,35.864506958584506],[129.17709789155015,35.864524452686645],[129.177091519679,35.864542036330185],[129.17708554661309,35.86455971852775],[129.17707998338463,35.86457748123824],[129.177074818922,35.864595324477825],[129.1770700642975,35.86461324823048],[129.17706570841952,35.86463124350006],[129.17706177339244,35.86464929222907],[129.17705948941384,35.86466292243158],[129.17705740478914,35.86467657938009],[129.17705551949834,35.864690254062275],[129.1770538445937,35.864703937449306],[129.1770523690432,35.864717647582474],[129.17705109280715,35.86473136643669],[129.17705001588556,35.86474509401216],[129.17704914937053,35.86475883930509],[129.17704847107836,35.86477258432284],[129.17704801424492,35.86478633802942],[129.17704774563467,35.86480009146092],[129.1770476874113,35.86481385359747],[129.17704782846346,35.8648276064303],[129.17704817990276,35.864841367968104],[129.17704871952589,35.86485511120587],[129.1770494695365,35.86486886314876],[129.17705042987492,35.864882596759195],[129.17705157841738,35.864896321082156],[129.1770529373078,35.8649100360851],[129.1770544954544,35.86492373277187],[129.17705626394928,35.8649374201388],[129.17705822060879,35.864951080193215],[129.17706038761673,35.8649647309276],[129.17706275386146,35.864978354333424],[129.17706531934297,35.86499195041046],[129.17706808406157,35.86500551915887],[129.17707104803713,35.86501906959104],[129.17707421122992,35.86503258368194],[129.17707757364013,35.86504606143167],[129.17708113528775,35.86505951185275],[129.17708489615293,35.865072925932516],[129.17708885623583,35.865086303671056],[129.17709301551662,35.86509963605587],[129.17709736294336,35.8651129321155],[129.1771019095681,35.865126182821555],[129.177106655391,35.86513938817368],[129.17711158934017,35.865152548188256],[129.1771167113958,35.86516565385278],[129.17712203264983,35.86517871416339],[129.17712755308264,35.865191720107774],[129.17713326162203,35.8652046717019],[129.17713914719621,35.865217568962066],[129.1771452430014,35.86523040282726],[129.17715151582163,35.865243173345824],[129.17715797674896,35.86525588951426],[129.17723129885172,35.865372565935225],[129.17725525880837,35.86540766151208],[129.17728087790127,35.8654419885958],[129.17730808956017,35.86547548419525],[129.1773368715425,35.86550810327983],[129.17736716836967,35.86553979185459],[129.17739895779835,35.865570504888574],[129.17743216224522,35.86560020644449],[129.1774667594268,35.86562883346629],[129.17750268285099,35.86565635901306],[129.17753988812976,35.865682738086],[129.17757830875033,35.86570793473176],[129.17761788925213,35.865731903967934],[129.17765857419414,35.86575460982491],[129.17770030815507,35.86577602534552],[129.17774303571312,35.86579612357241],[129.17778666819075,35.86581485957235],[129.17783116125767,35.865832215384444],[129.17787643732774,35.86584815507193],[129.17792244101835,35.865862669702715],[129.17796909476274,35.865875732352386],[129.1780163320662,35.86588731608058],[129.1780640864736,35.865897411971865],[129.17811228043774,35.86590600211465],[129.17816084750336,35.865913077593596],[129.1782097101228,35.865918620497595],[129.1782588018609,35.865922630923784],[129.17830804518982,35.86592509997369],[129.17835736258198,35.86592601874879],[129.17840669867397,35.865925387330385],[129.17845595383397,35.865923214877895],[129.17850508375062,35.865919492444114],[129.17855398881193,35.86591423820101],[129.1786026247271,35.86590745221416],[129.17865089186418,35.86589914364324],[129.17869872380797,35.865889321599184],[129.17874606525572,35.865878013201474],[129.1787928387202,35.86586522757762],[129.1788389667547,35.86585099187989],[129.17888438292442,35.86583530620732],[129.17892903196736,35.86581821570448],[129.17897283641702,35.865799738511726],[129.17901572989948,35.865779901765436],[129.17905765711328,35.86575873258584],[129.17909854061259,35.86573625812573],[129.17915096262382,35.8657044837396],[129.17917587140712,35.86568804419679],[129.17920030307485,35.865671154730784],[129.17922426867858,35.86565380631319],[129.17924773506272,35.865636026030515],[129.17927070222686,35.86561781388328],[129.1792931480674,35.865599187929334],[129.17931507256407,35.86558013915653],[129.17933645363317,35.86556069463528],[129.17935729129508,35.86554086337824],[129.1793775634057,35.865520645418606],[129.17939727000535,35.865500058781464],[129.17941638897042,35.86547911251234],[129.17943493139322,35.86545781560765],[129.1794528640981,35.86543618614152],[129.1794701870854,35.865414224114446],[129.17948688932367,35.86539194756789],[129.17950297083337,35.86536936551456],[129.17951840951108,35.8653464960125],[129.17953320537745,35.86532334807423],[129.179547358453,35.865299930712446],[129.1795608466142,35.865276252972855],[129.179573669902,35.86525233288028],[129.1795716773089,35.865237654511645],[129.17956929727671,35.86522301276722],[129.17956654089787,35.8652084166429],[129.17956339710042,35.865193866155096],[129.17955987699702,35.8651793793123],[129.17955598058788,35.86516495611444],[129.17955170789338,35.86515060557398],[129.17954706998555,35.865136327674364],[129.17954204474077,35.86512213146096],[129.17953665434374,35.86510803492566],[129.1795308987742,35.86509402905607],[129.17952435348698,35.86507841112332],[129.17951849793116,35.865064252189136],[129.1795126866252,35.86505007516404],[129.17950691958902,35.86503588906059],[129.17950119680256,35.86502168486636],[129.17949551830617,35.86500748060611],[129.17949010697032,35.864993915835534],[129.1794843192896,35.86498039668467],[129.17947808903406,35.864967013376315],[129.17947141620388,35.86495376591047],[129.17946432298348,35.86494067227898],[129.17945778263862,35.864927253378966],[129.17945026760984,35.86490872584859],[129.17944421329855,35.864889844667374],[129.1794396420291,35.86487069091478],[129.17943658717743,35.86485133664141],[129.17943503785202,35.86483186297573],[129.17943501637686,35.864812350997006],[129.17943652293204,35.86479288181722],[129.17943954660592,35.864773527552444],[129.17944406541469,35.86475436033476],[129.17945007957866,35.864735479301046],[129.17945755600215,35.86471693857491],[129.17946646164967,35.86469881931726],[129.1794767634859,35.86468120268914],[129.1794884284355,35.86466415182644],[129.17950159036866,35.86464811715423],[129.17951557288936,35.864632649050534],[129.17953012089964,35.86461754961866],[129.17954523437902,35.86460280984601],[129.1795609023362,35.86458846579845],[129.1795770915554,35.86457451752515],[129.17959381312858,35.86456097402181],[129.17961103390041,35.86454786237489],[129.17962874279928,35.864535182600505],[129.17964691774165,35.864522961768685],[129.17966554763564,35.86451119088324],[129.17968462146985,35.86449989699761],[129.17970410604912,35.864489089173276],[129.17972397922958,35.86447876744304],[129.17974425212392,35.8644689498152],[129.17976122175864,35.864462372564674],[129.17978157913197,35.86445567312189],[129.17980201440892,35.864449153809694],[129.17982253864147,35.86444280559886],[129.179843140798,35.86443664653092],[129.17986383193062,35.86443066757689],[129.17988458989535,35.86442486876964],[129.1799054368363,35.86441925007609],[129.17992633955816,35.86441382055813],[129.17994733125633,35.86440857115384],[129.17996837871553,35.86440350191264],[129.17998949302765,35.86439862183037],[129.18001067417285,35.86439392189466],[129.1800319221715,35.86438941111788],[129.1800532148799,35.86438508953286],[129.18007457444182,35.864380957106725],[129.18009597869366,35.864377004859776],[129.18011743872756,35.86437324178817],[129.18013895454354,35.86436966789185],[129.18016050399814,35.86436628320355],[129.18018210923523,35.864363087690506],[129.18020374811113,35.86436008138542],[129.18022542062604,35.86435726428853],[129.18036937234743,35.864344955292225],[129.18039153657293,35.864344165240475],[129.18041367812745,35.864343140893894],[129.1804358080625,35.86434187322375],[129.18045791530588,35.864340362246466],[129.18047999987775,35.86433861697448],[129.18050205068573,35.86433662841191],[129.18052405665776,35.864334396575195],[129.18054603995765,35.864331930443875],[129.18056796734925,35.86432922105505],[129.1805898499044,35.864326268392105],[129.18061168764294,35.86432308146764],[129.180633469493,35.864319660298236],[129.18065519543404,35.86431599587127],[129.18067685441414,35.86431209721591],[129.18069844643338,35.86430796433221],[129.18071997149138,35.86430359722002],[129.1807414295881,35.8642989958795],[129.18076279857945,35.86429416034378],[129.18078408953724,35.86428909059633],[129.18080530246132,35.864283786637245],[129.1808264152278,35.86427825751189],[129.18084743888852,35.86427249419153],[129.1808683623914,35.864266505705096],[129.1808891967881,35.86426028302361],[129.1809099199751,35.86425384420534],[129.18093053191177,35.86424717122513],[129.18095103263863,35.86424028210809],[129.18097142211477,35.864233158829414],[129.18099168930888,35.86422581943051],[129.18101184529263,35.86421826389486],[129.18103185683015,35.86421048325989],[129.18105174608505,35.864202486504816],[129.18107151307782,35.86419428264227],[129.18109112455207,35.86418585369704],[129.18111061374347,35.86417720863207],[129.181129947477,35.86416836552185],[129.18114913676342,35.86415929731253],[129.18116817059192,35.86415003105822],[129.18118704894187,35.8641405577465],[129.18120578286494,35.86413086834832],[129.18122435027814,35.86412098993442],[129.18124274006883,35.86411090449638],[129.18126097438073,35.86410061200118],[129.18127904218264,35.86409013049046],[129.18129693238225,35.8640794509683],[129.1813124798641,35.86407077571993],[129.18132797184072,35.86406203746527],[129.18134341940436,35.864053245200296],[129.18135881146293,35.86404438992903],[129.1813741480364,35.86403548066406],[129.18138944017662,35.86402650837627],[129.18140467681155,35.864017473082264],[129.18141985796163,35.8640083837946],[129.18143499467809,35.86399923148432],[129.18145006483792,35.86399002519688],[129.1814650905642,35.86398075588674],[129.18148006080546,35.86397143258301],[129.18149497556183,35.86396205528568],[129.1815098348129,35.86395261498223],[129.18152463857888,35.86394312068541],[129.18153938683938,35.86393356338242],[129.18155407961493,35.863923952085955],[129.18156871690545,35.863914286796074],[129.18158328761865,35.86390455851677],[129.1815978139187,35.86389477622747],[129.18161228473372,35.863884939944754],[129.1816266889917,35.863875049685134],[129.18164103776465,35.863865105432154],[129.18165533103223,35.86385509817332],[129.18166956883508,35.86384504593359],[129.1816837400605,35.863834930704705],[129.1816978558008,35.8638247614825],[129.1817119049842,35.863814538283506],[129.1817259097544,35.86380426107469],[129.1817398368958,35.863793929905896],[129.18175371962383,35.86378354472717],[129.18176752472309,35.86377310558853],[129.1817812854294,35.8637626214525],[129.1817949795584,35.86375207432743],[129.18180860713034,35.863741473225865],[129.18182217923763,35.863730827143605],[129.1818356847879,35.86372012708478],[129.18184912378126,35.86370937304955],[129.18186250728937,35.86369856502119],[129.18187582424076,35.863687703016396],[129.18188907465534,35.86367679604771],[129.1819022695848,35.86366583508595],[129.18191538688563,35.86365482016443],[129.1819284487215,35.863643760262406],[129.18194144400059,35.86363264638407],[129.18195246996856,35.8636221843608],[129.18196367338857,35.863611857257126],[129.18197507640448,35.86360166503966],[129.1819866568725,35.86359160774173],[129.18199841481314,35.86358169437571],[129.182010350206,35.86357191592896],[129.18202246309178,35.863562290426344],[129.1820347534503,35.863552808855474],[129.18204722130181,35.86354348022876],[129.1820598444824,35.86353429556684],[129.18207264517656,35.86352527286143],[129.1820856011998,35.86351639412073],[129.18209871259302,35.86350767736974],[129.1821119904281,35.863499122591605],[129.18212541256128,35.86349072981957],[129.1821390011365,35.86348249902039],[129.18215272291792,35.86347442123149],[129.1821666001102,35.86346652345684],[129.18218061052943,35.86345878770482],[129.1821947652674,35.86345122297117],[129.1822090532527,35.86344382927248],[129.1822234744853,35.8634366066086],[129.18223802898564,35.86342956399218],[129.18225270566163,35.86342269242712],[129.18226750451348,35.86341599191358],[129.18228242558183,35.86340948047627],[129.18229745777478,35.863403149119456],[129.1823126121643,35.86339699782641],[129.18232787767835,35.863391026613705],[129.18234324326593,35.8633852445104],[129.1823587199784,35.86337964248749],[129.18237428569273,35.863374229590555],[129.18238996255263,35.86336900578621],[129.18240571734287,35.86336397112457],[129.18242157220706,35.86335912557213],[129.18243750500184,35.86335446916232],[129.1824535268195,35.863350010890784],[129.18246962656787,35.863345741761684],[129.18248580426746,35.86334167078757],[129.18250204882645,35.86333778897257],[129.1825183713574,35.8633341143249],[129.182534749676,35.86333062885288],[129.1825511948746,35.86332734155245],[129.18256769588172,35.86332425244012],[129.1825842526973,35.86332136151587],[129.18295664075157,35.86323862383585],[129.1830836893379,35.86320949279813],[129.18331156867634,35.863151396176164],[129.1833276803362,35.863147532475566],[129.18334378090216,35.863143659777194],[129.18335988148726,35.86313979608909],[129.18337599310124,35.86313591435711],[129.1833920936624,35.86313204165222],[129.1834081942015,35.86312815993274],[129.18342411746792,35.86312422440477],[129.18344209838338,35.863119546735064],[129.18346001243376,35.863114679901926],[129.18347784856792,35.863109632934595],[129.18349560676486,35.863104396820596],[129.1835132759736,35.863098980589314],[129.18353085619418,35.863093384240784],[129.1835483474056,35.86308759876239],[129.1835657607002,35.863081633150024],[129.18358306286277,35.863075487454],[129.18360027603663,35.86306916164082],[129.18361822989888,35.86306234802851],[129.18363355073254,35.86305643064079],[129.18364883828696,35.86305048626419],[129.18366411466414,35.86304449684016],[129.18367936881322,35.86303847139797],[129.18369458966237,35.863032409954435],[129.18370979933422,35.86302630346362],[129.18372497572685,35.86302016998382],[129.18374014094212,35.863013991456704],[129.18375527283686,35.86300776791583],[129.18377038252382,35.863001517369284],[129.18378546996192,35.862995221792175],[129.1838005351715,35.86298889019702],[129.1838155670811,35.86298252260066],[129.18383058783414,35.86297611896938],[129.18384802062508,35.86296901771421],[129.1838704886606,35.86296087237782],[129.18389317905476,35.86295313226096],[129.18391606968495,35.862945806409876],[129.18393916057238,35.862938903836785],[129.18396242957374,35.862932424575185],[129.18398587668938,35.86292636862497],[129.18400947977628,35.86292073601971],[129.18403323885562,35.86291553577171],[129.1840571207331,35.86291077694385],[129.1840811364397,35.86290644149433],[129.18410526389417,35.86290255649407],[129.18412950305574,35.86289910391806],[129.1841538207509,35.862896101841685],[129.1841782058672,35.86289353225687],[129.18419982434258,35.862891525648294],[129.1842211103974,35.86288940237925],[129.18424240777097,35.86288738723889],[129.18426371648414,35.86288548923986],[129.18428503649554,35.862883690356966],[129.18430637891848,35.86288200859852],[129.1843277326605,35.86288043496868],[129.18434909772193,35.862878969467644],[129.18437047410254,35.862877612095296],[129.18439185073098,35.86287636286846],[129.18441324975063,35.86287522175352],[129.18443464901816,35.862874188784126],[129.18445129853248,35.86287316304443],[129.18446788049766,35.862871650731606],[129.1844843949133,35.862869651845386],[129.1845008085641,35.862867166436686],[129.1845171104195,35.862864212547244],[129.18454013906964,35.862859166523876],[129.1849712085132,35.86276441867909],[129.1849883610409,35.86276067934084],[129.1850055135463,35.86275693098769],[129.18502265497838,35.86275318264911],[129.18503980743907,35.86274941626614],[129.18505694882623,35.862745649897754],[129.18507409019116,35.86274187451433],[129.18509123153362,35.862738090116196],[129.185108361782,35.86273429671995],[129.18512550307963,35.862730494291974],[129.18514263330388,35.862726691878436],[129.18515976350565,35.86272288045005],[129.18518021368644,35.86271840603214],[129.18519643704835,35.86271504660895],[129.1852127161623,35.862711858335445],[129.18522903995685,35.86270884122846],[129.1852454084113,35.86270598627555],[129.18526182152564,35.86270329347671],[129.1852782682492,35.86270077186124],[129.1852947596537,35.862698421412276],[129.18531128464684,35.862696233134336],[129.18532784324947,35.86269421603975],[129.18534442439,35.86269237014543],[129.18536103914028,35.86269069543453],[129.18537767640788,35.86268918291145],[129.18539433623457,35.86268785060108],[129.1854110185789,35.862686680478575],[129.18542771238998,35.86268568157321],[129.1854444176471,35.86268484487275],[129.1854611454638,35.86268418838492],[129.18547787367592,35.8626837031312],[129.18549461335533,35.8626833890947],[129.18551134233797,35.862683237296906],[129.18552809388052,35.86268326571174],[129.18555031538443,35.862683529080996],[129.18557802901412,35.86268403638018],[129.18560573198928,35.862684723938834],[129.1856334243311,35.86268560076948],[129.1856611170697,35.862686648830234],[129.18568878808267,35.862687877167374],[129.18571645951366,35.862689285747194],[129.18574410924037,35.8626908836159],[129.1857717372212,35.86269265274867],[129.1857993545488,35.86269460214103],[129.1858269501519,35.8626967318099],[129.18585451295894,35.862699041772366],[129.18588206511336,35.86270153199441],[129.18590958447214,35.86270420250999],[129.18593708208607,35.862707044289834],[129.18596455799727,35.862710075358635],[129.18599199002074,35.8627132777257],[129.1860193892493,35.86271666038644],[129.18604676675466,35.86272022332386],[129.1860741003728,35.862723957559425],[129.18610140119654,35.862727872088904],[129.18612865815427,35.86273196692903],[129.1861558712464,35.86273624208003],[129.1861736595528,35.86273932404126],[129.18619141498004,35.862742550250154],[129.1862091264358,35.86274591171117],[129.18622679389927,35.8627493994119],[129.18624442848383,35.862753031360235],[129.18626201907625,35.862756789548364],[129.18627956569736,35.86276068298866],[129.1862970683475,35.86276471168123],[129.18631452700552,35.862768866613614],[129.1863319306419,35.862773165827775],[129.1863492902655,35.86277758226935],[129.1863665948677,35.86278214299273],[129.1863838444064,35.86278682997299],[129.18640103890283,35.862791652222676],[129.18641818940782,35.86279660071234],[129.1864352737779,35.862801675476],[129.1864522920343,35.862806885526176],[129.18646925522765,35.86281222183347],[129.18648616335827,35.862817684397754],[129.18650300537522,35.86282328224873],[129.18651977018607,35.8628290063909],[129.18653647993426,35.86283485679023],[129.1865526253644,35.86284085225613],[129.18656817345024,35.86284707395202],[129.18658358911836,35.86285348511197],[129.1865988835034,35.86286011275621],[129.18661403439935,35.86286692988168],[129.1866290529197,35.86287395449618],[129.1866439390227,35.862881168574916],[129.186658670586,35.862888581164505],[129.18667324758863,35.86289618325251],[129.18668767005175,35.862903983851496],[129.18671254779872,35.86291807706446],[129.18681472724893,35.86299826572602],[129.1870116895091,35.86316282698389],[129.18702767419427,35.863175816316094],[129.18704064096775,35.86318606150161],[129.18705376243366,35.86319617125981],[129.18706704966385,35.86320614557312],[129.18708049156518,35.86321597544648],[129.18709407708727,35.863225669909276],[129.18710781730167,35.86323522894435],[129.1871217121664,35.86324463452677],[129.1871357395799,35.863253904715506],[129.1871499216647,35.86326303046401],[129.18716423625625,35.86327200279391],[129.18741693659152,35.863432349507406],[129.18743298203822,35.86344286025968],[129.18744870712382,35.86345367793005],[129.18746410079777,35.86346481154792],[129.1874791629967,35.863476234076266],[129.1874938826702,35.86348795454473],[129.18750823765362,35.86349996397534],[129.1875222500692,35.86351225332142],[129.18753587560906,35.86352481363922],[129.18754913639546,35.86353763588222],[129.1875616510467,35.86355334327179],[129.187573657012,35.8635693128098],[129.18758512107578,35.86358554454779],[129.1875960431957,35.86360202046105],[129.1876064233295,35.86361872252475],[129.18761626147676,35.863635650739134],[129.18762552437983,35.863652787130896],[129.18763422308913,35.86367012267051],[129.1876423464692,35.86368763033793],[129.18764989454104,35.863705319145765],[129.187656856169,35.86372316207395],[129.18766322026002,35.86374115012725],[129.18766899786436,35.86375927427618],[129.1876741778678,35.86377751651312],[129.187678749177,35.86379586784286],[129.18769907315334,35.86388884509753],[129.18771626698828,35.86453688754425],[129.1877237079687,35.864735916519884],[129.18772586253905,35.86475766929413],[129.18772798473972,35.86477505106815],[129.18773045008757,35.864792396260164],[129.18773328072663,35.864809704835956],[129.18773645449198,35.86482696781739],[129.18773998247696,35.864844194199534],[129.18774385356767,35.864861365974726],[129.18774808990833,35.86487848310867],[129.18775265828316,35.864895545652715],[129.1877575807942,35.86491253554771],[129.18776284639057,35.864929461823195],[129.18776764513174,35.86494560473696],[129.18777254345923,35.864961720458645],[129.18777755246634,35.86497781798347],[129.18778267213193,35.864993888299104],[129.18778790247734,35.86500994041791],[129.18779323240918,35.86502596534445],[129.18779867302104,35.86504197207424],[129.1878042242917,35.86505795159464],[129.18780988622115,35.865073903905746],[129.18787502672043,35.865231548197244],[129.18788045048748,35.865245076518406],[129.18788598491292,35.86525857763022],[129.18789161894645,35.86527206056226],[129.18789735254538,35.86528550728962],[129.1879031857314,35.86529892682472],[129.18790911848293,35.86531231015513],[129.18791516191456,35.865325675288545],[129.187921304912,35.86533900421719],[129.18792754747537,35.86535229694099],[129.18793388962564,35.86536556247254],[129.187940331342,35.86537879179936],[129.18794687264545,35.86539199393372],[129.18795351351486,35.86540515986326],[129.18796026504356,35.86541829858322],[129.18796710506635,35.86543140111558],[129.1879740446341,35.86544445843055],[129.18798109486133,35.865457488535995],[129.1879882335827,35.86547048245357],[129.18799547187027,35.86548344016637],[129.18800280972428,35.86549636167409],[129.18801024714452,35.865509246976956],[129.18801778413132,35.865522096074834],[129.18802583210334,35.865535656364194],[129.18803452384148,35.86554989158889],[129.1880434589356,35.865564027297815],[129.1880526373646,35.865578054478426],[129.18806205914981,35.86559198214316],[129.18807171317715,35.865605792284285],[129.18808161053965,35.865619493896986],[129.1880917512163,35.865633077968745],[129.18810059217526,35.86564483452639],[129.18810932250085,35.865656627305114],[129.18811797545115,35.86566847427823],[129.18812651778904,35.865680366484945],[129.18813497165863,35.86569230389081],[129.18814331491546,35.865704286530224],[129.18815156970408,35.86571631436897],[129.188159724952,35.865728387424056],[129.18816778063834,35.86574049668316],[129.1881763558483,35.86575223562304],[129.18818548400975,35.865763694316286],[129.18819515400835,35.86577485475502],[129.1882053325857,35.86578569896607],[129.18821603079297,35.8657962179195],[129.1882272153928,35.865806402654485],[129.1882388641562,35.86581621715537],[129.18825097708344,35.86582566142216],[129.18826353200924,35.865834726476656],[129.18827650672557,35.8658433853158],[129.18828987906753,35.865851628961565],[129.18830362684804,35.86585943942331],[129.1883177390163,35.865866825730556],[129.18833219336463,35.86587376088027],[129.18835115681063,35.86588186063631],[129.18836813372045,35.865887989747876],[129.18838541925493,35.865893523553815],[129.1884029801765,35.86589845309302],[129.18842078324732,35.8659027694047],[129.18843879522944,35.86590646352801],[129.18845699393594,35.865909517472396],[129.1884753240271,35.86591194033649],[129.18849377440912,35.86591372312491],[129.1885123007932,35.86591486590669],[129.1885308699414,35.865915359720915],[129.18854943756492,35.865915204636515],[129.18856640851754,35.86591407868866],[129.1885831548712,35.86591161022967],[129.1885995216368,35.865907808513626],[129.188615342838,35.86590271886145],[129.18863048571473,35.86589638654256],[129.18864636741068,35.86588877329962],[129.18861912439732,35.865914672522706],[129.18855277017823,35.865985830197246],[129.18847669182057,35.86602286372358],[129.18839362807216,35.86612642913029],[129.18832990435953,35.86622877475461],[129.18829114479553,35.866334344043835],[129.18830414962216,35.86639353576441],[129.18827909648638,35.866498732245674],[129.1882531293585,35.866544745237405],[129.18822037088833,35.86665039529362],[129.1881948546893,35.86670459089519],[129.18814062448524,35.86671476011994],[129.1880188726696,35.866766185124],[129.18797961301874,35.866805098840466],[129.18786789344026,35.866842764097974],[129.18774425373772,35.86697239296751],[129.18761234679152,35.86703278268647],[129.18751398022775,35.867027942135536],[129.18746444993045,35.86703575152214],[129.18745725327295,35.86708328542436],[129.18743132880132,35.86725685167341],[129.18725571018052,35.86743222666424],[129.18764344005876,35.868136789189606],[129.18801636414094,35.86915418712474],[129.18836828153212,35.868940738653116],[129.18869016684894,35.86874549607252],[129.18921509539888,35.868929261298796],[129.18969083440066,35.86909579735579],[129.19059137510354,35.86927123482154]]]]},"properties":{"uname":"자연녹지지역","dyear":"2007","dnum":"0002","sido_name":"경상북도","sigg_name":"경주시"},"id":"LT_C_UQ111.13678"},{"type":"Feature","geometry":{"type":"MultiPolygon","coordinates":[[[[129.2114705802978,35.84038102593815],[129.21145641212138,35.840322081856556],[129.2113047982321,35.840361262672175],[129.2112832469624,35.84039041069765],[129.21118389531483,35.84044089192034],[129.2112351700727,35.840518472226556],[129.211430110553,35.84049331137678],[129.21149010989066,35.84048355414712],[129.2114705802978,35.84038102593815]]],[[[129.2185818005446,35.85028522981134],[129.21829079378978,35.849683549532344],[129.2182641928387,35.84963066715736],[129.21817652230175,35.849452693373145],[129.2181326406939,35.84936696455454],[129.21804298079203,35.84883166691413],[129.2180263231364,35.84834391372076],[129.21792168278904,35.8483444627422],[129.21792152463183,35.848326996812915],[129.21792095694695,35.84830954964622],[129.21791995754685,35.848292103257045],[129.21791855971372,35.84827468462296],[129.2179167412843,35.84825728477129],[129.2179145133773,35.84823992170713],[129.2179118759933,35.848222595430215],[129.21790881808715,35.84820531497321],[129.21790536179844,35.84818808029601],[129.21790149610695,35.84817090944339],[129.2178972210125,35.848153802415474],[129.21789253651573,35.848136759212025],[129.21788745373547,35.84811979783812],[129.21788196160205,35.848102918313565],[129.21787607121007,35.84808612963091],[129.2176070735817,35.847345894768225],[129.2175998480315,35.84502132324262],[129.21743146748904,35.845023040908494],[129.21732043204477,35.84502306014159],[129.2173204967521,35.8447977295084],[129.21732058678546,35.84445100945493],[129.21729907186335,35.84358199965879],[129.2174208516674,35.843581366317295],[129.2174210341321,35.8435670090743],[129.21741856971298,35.84356030820134],[129.21741580269222,35.843392960026954],[129.21741592066746,35.843387480213764],[129.21748579293714,35.843385128554004],[129.2176275808004,35.84295449058091],[129.21804986768024,35.84188190032316],[129.21803860274937,35.841769020983186],[129.2181851851737,35.84176441272241],[129.21818091095318,35.84167426834891],[129.21818550692066,35.84082463318564],[129.21819059881983,35.840702666775535],[129.21764503712737,35.840788429971205],[129.21715065616016,35.840874351202544],[129.21646699589928,35.84098341980849],[129.2155327884124,35.84108629784706],[129.2154526544496,35.841071056203965],[129.21537287166473,35.84105467830661],[129.21529345112987,35.84103716413595],[129.21521441500943,35.84101852266577],[129.21513579653674,35.840998762850234],[129.21505760680733,35.84097789368297],[129.21497987903018,35.84095591510572],[129.21490262427662,35.84093282709973],[129.21482588689653,35.840908656624734],[129.21474617702415,35.84088219318651],[129.2136560948329,35.84044302359117],[129.21365439010395,35.84044711827906],[129.2136534037026,35.84045078811092],[129.21364753115031,35.840473401846545],[129.21253829203644,35.84018129494766],[129.21163718141807,35.83995593015482],[129.21159541487995,35.84007157057711],[129.21159584200856,35.840111819691074],[129.21159861784656,35.84019486509818],[129.21159749678532,35.84027761990473],[129.21159665307562,35.84030185601302],[129.21159728917897,35.840370980834415],[129.2115987667375,35.84048636538442],[129.21159621905588,35.84060736274956],[129.21159437369886,35.840684089449425],[129.21159426341774,35.840713623627856],[129.21159117443807,35.841074273500354],[129.2115920701814,35.84117049846554],[129.21159218507856,35.84118888377767],[129.21159277647735,35.84143832187659],[129.21159293261914,35.84147654364124],[129.21159330894238,35.84149752409704],[129.21159440676072,35.84159482119033],[129.2115688227017,35.84161423379343],[129.211090235749,35.84163687074967],[129.211007220764,35.84164136855618],[129.21101656051349,35.84169521100612],[129.21101672919903,35.841696220112624],[129.21101679655948,35.84169658049536],[129.2110276786713,35.84176448877583],[129.21083777272,35.841878665731436],[129.2107338307653,35.84189326677315],[129.21072648873434,35.84184982125575],[129.2106034883749,35.84186098555267],[129.21051422079597,35.84187028855215],[129.2105177467147,35.8419105593061],[129.21051050853018,35.84191086930892],[129.2104313752142,35.84191416130293],[129.2103692373447,35.84191929830562],[129.2103127119168,35.841924650835956],[129.21029953387702,35.8419898701994],[129.21017642859212,35.84199911457806],[129.21001308134169,35.84199308037049],[129.20985591827414,35.84199424522227],[129.20985314517347,35.84202584787463],[129.20976943507574,35.84202291071492],[129.20976386730828,35.84199321514702],[129.20976806078778,35.841874053543116],[129.20974394929485,35.8418599547095],[129.209744858322,35.84183507861843],[129.20969406656585,35.841836203068496],[129.20964650243357,35.84182714678735],[129.20960679018967,35.841823898968],[129.2095561586088,35.84182277896838],[129.209376586109,35.841825685355126],[129.20936320531914,35.84185590940916],[129.20936429960383,35.84191471411591],[129.20936327122396,35.84194479963858],[129.20936214133837,35.841957193788296],[129.20928169744198,35.841963055856624],[129.2092806588214,35.841942545189845],[129.20925196754058,35.84194218923511],[129.20920401429206,35.841945219221856],[129.20912445806286,35.841947663910936],[129.20911835258772,35.8418347207259],[129.20897593676096,35.84183715674618],[129.20898496559306,35.84195913443427],[129.20898598657755,35.841981402572756],[129.20898495451982,35.84209937805215],[129.20896052489888,35.84209910479444],[129.208878246573,35.84210193254563],[129.20877611255818,35.84210545240521],[129.2086243067825,35.84211095944574],[129.20847015468357,35.84211657848597],[129.20833518048352,35.84212051503089],[129.20809798464768,35.84212835839599],[129.20803120197425,35.842130933611834],[129.20792970566723,35.842132829405166],[129.207871768231,35.842131613096875],[129.20783705932783,35.84209856976886],[129.2078450305435,35.84173170202746],[129.20784777014066,35.84154584141741],[129.20785018466142,35.841486607078195],[129.20785206143867,35.84142488621006],[129.20785078467017,35.84135929537886],[129.2078566488149,35.841221673341245],[129.2078608648057,35.84096055574367],[129.2078664975069,35.84076778656001],[129.20786758334606,35.84073830478264],[129.2078716661593,35.84062662378703],[129.20787712957642,35.84045397981353],[129.20787929304726,35.84043030925152],[129.2078828643576,35.840287824374755],[129.2078853795114,35.840224732496054],[129.20788535167188,35.840184077118074],[129.2078868168976,35.83997205533472],[129.20789041949777,35.839760480498306],[129.2078919858852,35.83966869441388],[129.20789292796246,35.83961363537627],[129.20789495455912,35.83949441442017],[129.20792992597825,35.83948823485502],[129.20828057240954,35.839440307293025],[129.20831407928182,35.83943279628494],[129.20849192522763,35.83939365516617],[129.20861056567995,35.839414053341734],[129.2086347278655,35.83941821152463],[129.2087438007729,35.83958156445894],[129.20883430382597,35.83954603424087],[129.20890659084284,35.83957533533862],[129.20900338368955,35.83952395014575],[129.20905774297503,35.83951197777874],[129.20909110796316,35.8395519807483],[129.2091671066062,35.839650599497595],[129.2092362877638,35.8397366845703],[129.20931702260643,35.83971167946156],[129.2093791785427,35.8396801633585],[129.20939310901605,35.83964440466071],[129.2094568972454,35.83963188406247],[129.2094653963658,35.8395465118798],[129.20949200044296,35.839434539481886],[129.20948084991892,35.83943278331702],[129.2093685142218,35.83941508786034],[129.20904971014613,35.839364375760965],[129.20903573722268,35.839362633441965],[129.2088975805557,35.839345522886816],[129.2088369323874,35.839335425384085],[129.20870949046545,35.83931421345779],[129.20867200935083,35.839308663288875],[129.20850783546828,35.83928051174994],[129.2083122911346,35.83925135050427],[129.208026619068,35.83920175028778],[129.2079015977855,35.83918335425906],[129.2079009501586,35.8391427179636],[129.20770417207692,35.839111349780964],[129.20723409021434,35.839040352842346],[129.20642484339064,35.8389103061596],[129.2053926030938,35.83874934115093],[129.20460487950572,35.83862380600786],[129.20422968773565,35.838559783806474],[129.20360174313225,35.838462028366145],[129.2027843168241,35.838327329452305],[129.20273687115443,35.83832459701196],[129.20260673289445,35.838290666466435],[129.20253450061932,35.8384527601982],[129.20230620698646,35.838967224587016],[129.20226769741961,35.839054034353794],[129.2022385648658,35.8391197301546],[129.20223173012218,35.83913510790331],[129.20202266950048,35.8396099386006],[129.20198810104827,35.83968848623329],[129.20187132686743,35.83994313120456],[129.20205948806654,35.8399987579542],[129.20230797993653,35.83999561216673],[129.20220589467976,35.84021524633978],[129.202074770033,35.84048090170304],[129.20203725844988,35.84056442014391],[129.20191411380495,35.84084352668805],[129.20185549580876,35.84098060555532],[129.20158990356742,35.84157581053556],[129.20130310856496,35.84221877135555],[129.2013003347784,35.8422249765722],[129.2012189007202,35.842392537282336],[129.20104559778875,35.84278677986659],[129.2010090668314,35.84288261642424],[129.20099218697524,35.842931348029765],[129.20097634816275,35.842980312229535],[129.20096157248852,35.84302949096208],[129.2009478377938,35.84307887525232],[129.20093517724226,35.84312844702038],[129.2009235797215,35.84317818826007],[129.20091304521117,35.84322808995929],[129.20090358473684,35.843278134074914],[129.2008951871866,35.84332830260053],[129.20088787467756,35.8433785864874],[129.20088164714426,35.84342895869817],[129.20087649351964,35.843479419251295],[129.20086883327215,35.84356325726762],[129.20086373216841,35.843621441448434],[129.20086367587348,35.843669712516025],[129.20087810092372,35.843829750659324],[129.20097753886012,35.844233769386975],[129.2009921559238,35.84427586956198],[129.2010030208096,35.84430480869712],[129.20101450516628,35.8443335845774],[129.20102660899468,35.844362197202855],[129.20103932118096,35.84439062856661],[129.20105263065682,35.844418878686795],[129.20106655953816,35.84444693851411],[129.2010810856423,35.844474790060076],[129.20109619790063,35.844502433342974],[129.20111190733752,35.84452985031918],[129.201128202907,35.844557050019276],[129.20114507349507,35.84458401443665],[129.2011625190572,35.84461072554596],[129.20118053961633,35.844637192359485],[129.20119912405843,35.84466339687039],[129.20121826131475,35.844689339096945],[129.2012901048724,35.84496916602074],[129.20141344768788,35.84529048188824],[129.20147391539984,35.84545212863974],[129.20155878134847,35.84568477127202],[129.20163465998883,35.84589559151444],[129.20173797856964,35.84618508115631],[129.201752643509,35.8462195024937],[129.20178657488063,35.84631779935599],[129.2018006915549,35.846358674550785],[129.20182636042335,35.84643304797237],[129.20186159659733,35.84653511887181],[129.20191016905355,35.846675786077654],[129.20193187956338,35.8467386751375],[129.20197690636945,35.84686909200129],[129.20201199793956,35.846970730489836],[129.2020523727046,35.8470867260719],[129.20209593756874,35.84721228758607],[129.20210564134123,35.84723698365761],[129.20220139776927,35.8475024851726],[129.20221381214432,35.84753975815418],[129.20221387903845,35.84753994730481],[129.2022431791432,35.84761856845483],[129.20236856405353,35.84761400587207],[129.20303574320866,35.8475934757462],[129.20362052591207,35.84756656451296],[129.20383412022892,35.84756042801182],[129.2047937324196,35.84752157762377],[129.20497127250655,35.84751529280984],[129.20541500867583,35.847502644070545],[129.20578560189472,35.847487621609325],[129.20636230925754,35.84746350463992],[129.20640711411605,35.84746164376578],[129.20666549616533,35.847451496396914],[129.20685778842832,35.84744394889401],[129.20696874965085,35.84743958641286],[129.20696883423136,35.84743804513117],[129.20698321028675,35.84718360674299],[129.20699314300552,35.84674297771973],[129.2069962200714,35.84647257946271],[129.20700170609368,35.84606756637803],[129.20700322301815,35.845960468247625],[129.20700479591045,35.84578067519313],[129.20700591465743,35.845677993863724],[129.20700777433214,35.84553642232545],[129.20701245826825,35.84536543816302],[129.20715101223738,35.8453610463454],[129.21014697395665,35.84526563925743],[129.21094385038484,35.845240252611674],[129.21158746031412,35.845231288165984],[129.21346944231527,35.845205064167246],[129.21353791327644,35.84520375371026],[129.21380638456614,35.84519863821802],[129.21388918015157,35.845197707812716],[129.2139375375124,35.84595980038104],[129.21399600601708,35.84717140929897],[129.21400155326842,35.84732130434727],[129.2140029541123,35.84735677505656],[129.21400864229767,35.847501397540206],[129.2140149550412,35.84766020458429],[129.2140156087709,35.84769777652434],[129.21402052034574,35.84780854042561],[129.21402449929624,35.84789336801136],[129.21402971196432,35.848004951513154],[129.21403463083237,35.848110136660395],[129.21405176190518,35.84858536226094],[129.21405644494868,35.848718297284954],[129.21405759668295,35.84875165950212],[129.21406221222256,35.848884180066925],[129.21406255274152,35.84889978009209],[129.2140640563581,35.84896958821211],[129.21406430873398,35.848981195858066],[129.21406674658994,35.849094118095685],[129.21407315040148,35.84912934561772],[129.21409079061985,35.849567042208236],[129.21409235357783,35.849601007529856],[129.2140930360681,35.84961615632331],[129.214099654361,35.84977317829194],[129.21410507982498,35.849902182526925],[129.2156205543945,35.84981698204258],[129.21571182252347,35.849811673229276],[129.2158759191945,35.84980213374497],[129.2160956555082,35.849789367341316],[129.2164906953058,35.84976455272796],[129.21667304014133,35.84974873384525],[129.21683270731026,35.8497387143125],[129.21702053407992,35.849736079367],[129.21702207976148,35.849808194558605],[129.21702495226543,35.84984291453903],[129.2170367554716,35.84994207584329],[129.21704767053112,35.85001574239804],[129.21710251944737,35.85021515352223],[129.21711133791814,35.85024219319802],[129.21713163201602,35.850304577295994],[129.21716217807898,35.85039190759039],[129.21719389570663,35.850482615456635],[129.21722044790948,35.85055852506417],[129.21724426695283,35.850626661792624],[129.21728093548845,35.85073051897887],[129.21752961870868,35.85147141252659],[129.2181717898525,35.85076894927831],[129.2182308547999,35.85070618791599],[129.21825473612222,35.85068705638092],[129.21836507835536,35.850592181056754],[129.2185655233678,35.85044204051561],[129.2186701319463,35.8503679400465],[129.2185818005446,35.85028522981134]]]]},"properties":{"uname":"일반상업지역","dyear":"0000","dnum":"0000","sido_name":"경상북도","sigg_name":"경주시"},"id":"LT_C_UQ111.9160"},{"type":"Feature","geometry":{"type":"MultiPolygon","coordinates":[[[[129.22623944611325,35.86154909949889],[129.22710730167094,35.86008889412883],[129.2272076297136,35.859901336328484],[129.22737467911855,35.85962235663926],[129.2274304352056,35.859529152927166],[129.22763384199007,35.85918818877516],[129.22767658705007,35.85911384550758],[129.22771811215873,35.85903878352292],[129.22780606574668,35.85886107209361],[129.22785293984677,35.858759413177395],[129.22788274131375,35.85868860908346],[129.22794363185935,35.85853266860558],[129.2279726358854,35.85845402513475],[129.22801303321341,35.85833300153244],[129.22805206625216,35.85819945314309],[129.22806652507256,35.85814499051247],[129.2280793250205,35.85809116188169],[129.22811174079578,35.85792770452046],[129.22815144235807,35.85771799938833],[129.22814495223503,35.85753821268723],[129.22824167986784,35.85667148030185],[129.22825668070203,35.856535363543514],[129.2283988248564,35.85525144751468],[129.2284152404571,35.85510694642492],[129.22851150590267,35.85423543773626],[129.22852772076055,35.85409832722319],[129.22853106291836,35.85406686733983],[129.228536903477,35.85401863951531],[129.22853906694016,35.85400088083404],[129.22854145129682,35.85398294148552],[129.22854383616638,35.85396518238566],[129.2285464406443,35.853946791996854],[129.2285490466629,35.853928942354045],[129.22855187383155,35.85391100216841],[129.2285544798478,35.85389315252535],[129.228557639383,35.85387530183616],[129.22856090962085,35.85385745093763],[129.22856440203626,35.85383986999364],[129.22856811482998,35.85382192813359],[129.22857182762215,35.853803986273455],[129.22857587329526,35.85378631415844],[129.22858025030735,35.85376837104255],[129.22858473879225,35.853750698090266],[129.2285892272752,35.853733025137785],[129.2285940478678,35.85371535155736],[129.22859897916186,35.853697677767514],[129.22860424307913,35.8536801835983],[129.22861499205723,35.85364510471622],[129.22862080922894,35.853627519375515],[129.22862673787296,35.853610204198375],[129.22863266651436,35.853592889020746],[129.2286388157893,35.85357530305122],[129.22864540890419,35.853558076741685],[129.22865189285514,35.85354139138712],[129.22865892723598,35.85352362349334],[129.22866540963875,35.85350639739182],[129.2286723266253,35.853486286473135],[129.22867959320257,35.85347230338259],[129.22868718314547,35.85345525543525],[129.22869488430283,35.85343838752685],[129.22870280686374,35.8534215191993],[129.22871061923215,35.853404831329165],[129.22871887415357,35.85338805249669],[129.2287271290716,35.85337127366361],[129.22873560590713,35.85335467466002],[129.22876566483708,35.85329747865297],[129.2288383605215,35.85316828234132],[129.22887261984457,35.85310891536186],[129.2288862839621,35.853086808914455],[129.2289059005493,35.8530557688391],[129.22891548640195,35.85303988872183],[129.22892640068488,35.853024006089186],[129.22893665048915,35.85300803458856],[129.2289472326551,35.85299215258261],[129.22895770488634,35.85297654115841],[129.22896828807373,35.852961019648006],[129.22897909240504,35.85294540759318],[129.22899000794973,35.852929975576494],[129.2290011433507,35.852914002393334],[129.2290123909949,35.852898569745655],[129.2290237490798,35.852883046762926],[129.22903477556753,35.852867704656795],[129.22904635530642,35.8528522713769],[129.22905793555591,35.85283701834471],[129.22906973720615,35.852821764891935],[129.22908164981195,35.85280660135277],[129.22909378381829,35.8527914373929],[129.2291058073751,35.85277636376593],[129.22911794162982,35.85276128992802],[129.22913007588002,35.8527462160888],[129.22914232057033,35.85273105191426],[129.22915478820687,35.85271642806515],[129.22916725429278,35.85270126346855],[129.22918005351167,35.85268645873871],[129.22919307438826,35.85267174371236],[129.22920609603327,35.85265729905765],[129.22921900645576,35.85264267436252],[129.22923191738883,35.852628229914735],[129.22924515990866,35.85261360458744],[129.2292586248592,35.8525993393363],[129.22927186814275,35.85258498437904],[129.22928544378578,35.852570718915096],[129.22929924082848,35.852556453029784],[129.22931281723535,35.852542457935805],[129.22932650459734,35.85252855275468],[129.22937684035702,35.852477987377696],[129.2295153276234,35.85240003701504],[129.2304875054043,35.85143331132606],[129.23064172292771,35.851283139652274],[129.23110697433978,35.85083292488491],[129.23192988629083,35.85003659223181],[129.23204072147325,35.84993057299962],[129.23378344401968,35.84825576016268],[129.2339061978748,35.84813890115564],[129.2348189691062,35.84725841423875],[129.2349255941493,35.84715375235895],[129.2354929561694,35.846567467649166],[129.23559940964253,35.84644270763563],[129.23574559403582,35.846202329904585],[129.23582924635966,35.84604084315179],[129.23597646693742,35.84566410405874],[129.2360097712147,35.845546426005534],[129.2360843549213,35.84520020060075],[129.23610607605252,35.84490815332888],[129.23612177881662,35.84422641742958],[129.236128696815,35.84394449300653],[129.2361345325653,35.84370853442251],[129.23613929978103,35.84351567568157],[129.23561177345852,35.84364033805736],[129.23554796046957,35.843655414100425],[129.2354020833806,35.84368995464918],[129.23450402837364,35.84390525053301],[129.23409551592874,35.8440085861739],[129.2338756456423,35.844067601817926],[129.23377667709087,35.84409426287293],[129.23332860530198,35.84421404807785],[129.23307960760286,35.844287123878786],[129.23299082000187,35.844309249403906],[129.23288098819714,35.84434221235942],[129.232324313717,35.84451149224219],[129.2320908048833,35.84458245435274],[129.23191000483195,35.84463733579416],[129.2318036843487,35.84467526593044],[129.23163143716707,35.844736700670325],[129.23143331995715,35.844809279053095],[129.2312461240499,35.84488059250365],[129.2310859562849,35.844947176538064],[129.23099858086005,35.844983492575665],[129.2309262417351,35.845009793994784],[129.23076388296317,35.84507680537017],[129.23033288049825,35.84524652112894],[129.2300189245246,35.84537438407901],[129.2299092886099,35.845418699690626],[129.22968522161958,35.845518298915216],[129.22912915834632,35.84577502009277],[129.22910742493966,35.845785137232916],[129.2287767803696,35.845939110707405],[129.2284851906549,35.846074840309186],[129.2275513955229,35.846525711334735],[129.22717196396937,35.84674688820801],[129.22725184170298,35.846856393187345],[129.2272261885706,35.84686630105082],[129.22720918291608,35.846873083354616],[129.22719226622277,35.84688000968887],[129.22717543846494,35.8468870710411],[129.2271586996681,35.84689427642378],[129.2271420609017,35.846901625816336],[129.22712551107065,35.84690911022686],[129.2271090502004,35.846916738668064],[129.2270927004043,35.846924502085905],[129.2270764395433,35.846932400521915],[129.22706027868688,35.84694043395543],[129.22704422890442,35.84694860236576],[129.2270282791266,35.84695690577357],[129.22701242935298,35.84696534417906],[129.22699669062771,35.84697390854895],[129.2269810629762,35.84698260789576],[129.22696554639847,35.84699144221955],[129.22695014086887,35.847000402507895],[129.22693484638748,35.847009488760776],[129.22691967402355,35.847018700957626],[129.2269046127333,35.847028048131556],[129.2268896735605,35.84703752124941],[129.22671948291097,35.84714823441521],[129.22646490404338,35.84732002081332],[129.22599465902775,35.84763050652136],[129.22592619559376,35.847674435135445],[129.22526687020974,35.84812045839774],[129.22506683495646,35.84826013686472],[129.22489338066993,35.84838126293231],[129.22480246945125,35.84844989081621],[129.2238711497031,35.84909509195665],[129.22374879112866,35.84918090096867],[129.22326075815477,35.84955127880114],[129.22321961560957,35.84958457477192],[129.22298776958968,35.84977211971866],[129.2229044126136,35.84983956961932],[129.22284322893816,35.84989123379477],[129.22245632238804,35.85020967227422],[129.22202776436166,35.85053100685968],[129.221769056667,35.85075048492329],[129.22174838701852,35.850765807997156],[129.22112299211906,35.851261927714326],[129.2210922753206,35.85128299196967],[129.22099740862353,35.851348740185266],[129.22090076624264,35.851416942964924],[129.2208507032907,35.85145171442949],[129.22033330245964,35.85173584832175],[129.22014298271085,35.851844191456706],[129.2200631846339,35.85188702880045],[129.21999174266287,35.85192517341434],[129.21980647732863,35.85202407074745],[129.21984860566582,35.852115155515605],[129.2198662053225,35.85210635437945],[129.22003322453926,35.8520146009967],[129.22005353675152,35.85205838276926],[129.22006057486794,35.85207359205964],[129.22010107680026,35.852164895996204],[129.22010805904014,35.85217990711044],[129.22013468539163,35.852237250186505],[129.22015023136808,35.85227073032755],[129.22015827120885,35.85228789349852],[129.22019943941342,35.85237583452783],[129.22023741617545,35.85245854509639],[129.2202634408124,35.85251439316344],[129.22030144772384,35.85259594104384],[129.22034684899566,35.85269335544551],[129.2203840809131,35.85277481458377],[129.22044587867762,35.85290887989536],[129.2205347930301,35.85310114344276],[129.22060697247343,35.853258315777104],[129.2207107029206,35.85348388033558],[129.22067182671594,35.853553374438754],[129.2205221962305,35.85361276920549],[129.22055239608267,35.85368108286739],[129.22071432355617,35.85361680789818],[129.22076594566337,35.853633143462964],[129.22076957048617,35.85364292440739],[129.22084097904514,35.853817293814785],[129.22091048437164,35.85398785436837],[129.22097272437244,35.85414112417694],[129.22103939149412,35.854305957890034],[129.22112953245625,35.85453244812204],[129.22119683428508,35.85473850367818],[129.2212746859208,35.85490815649425],[129.22204553583404,35.85658811269329],[129.2221018190981,35.85672364720276],[129.22241447751972,35.857567812486366],[129.2224237376551,35.85759348102573],[129.2224325559598,35.85761951087592],[129.22244126456135,35.857645901426295],[129.22244908674347,35.85767202323166],[129.22245702089086,35.85769859545447],[129.22247167114736,35.857751652013505],[129.2224784969646,35.857777775649076],[129.22248488094874,35.85780426059591],[129.22249126518741,35.85783083566664],[129.22249687271187,35.85785678129201],[129.2225022608222,35.85788344831903],[129.22250753972753,35.85791065629529],[129.22251259646643,35.857937594305476],[129.22251709740837,35.857963722214706],[129.22252137818472,35.85799030115264],[129.22253702569134,35.858123386678365],[129.2225453924714,35.85828582121228],[129.22255396649263,35.85849895956229],[129.22255557932908,35.85856546868346],[129.22255536150396,35.858578726439475],[129.2225616368379,35.85885711934635],[129.22250796641853,35.859248882329396],[129.22246318532038,35.859421112021096],[129.2223706644689,35.85981272104312],[129.22235045240748,35.85987007754872],[129.22229964071263,35.85999183937063],[129.22220086116647,35.8602230106276],[129.2221082803183,35.86041397477286],[129.22204737526914,35.860529356154544],[129.22185570142938,35.86083919626167],[129.22178071158194,35.86094613160812],[129.22171938301312,35.86102879830883],[129.22145404208942,35.86136454844212],[129.2212866074904,35.86155294520327],[129.22120609437758,35.86134400307479],[129.2211234313439,35.8612063985496],[129.22101880204087,35.86098419795346],[129.22127683145501,35.86065868228135],[129.22136258682525,35.860545076335576],[129.22151827491837,35.86031752372175],[129.22158329338873,35.860200071210876],[129.2216902466195,35.85998537830886],[129.22170205301524,35.85995894110219],[129.22170974428542,35.85993773867339],[129.22172185256258,35.85990437031713],[129.22176172603773,35.85980239315136],[129.22187177873946,35.859487899237614],[129.22190408984287,35.85933381673482],[129.22195116084015,35.858996573596116],[129.22195315239844,35.858976129642656],[129.2219669848386,35.8588338422998],[129.2219700911864,35.85860427977326],[129.22197111191747,35.85853310635982],[129.2219709630988,35.85847936522494],[129.2219699672393,35.85846356817787],[129.22196912487746,35.85844723010037],[129.22196821608964,35.858430892144746],[129.2219672519721,35.85841456330309],[129.2219662103576,35.8583982346036],[129.22196511338834,35.85838190600561],[129.22196394999344,35.858365577529476],[129.22196272017285,35.85834924917511],[129.22196143502268,35.858332929934704],[129.22196007240072,35.85831661984892],[129.2219586544242,35.85830030986463],[129.2219571700222,35.85828400000223],[129.22195563026568,35.858267690241306],[129.22195401303782,35.85825138963488],[129.22195234048039,35.85823509814252],[129.22195060149755,35.85821880677186],[129.22194879608946,35.858202515523026],[129.22194693535195,35.85818623338813],[129.2219450082143,35.85816996038755],[129.2219430146513,35.858153687508725],[129.22194095466315,35.8581374147517],[129.22193882827494,35.858121151128856],[129.22193664655757,35.85810489662002],[129.22193439843988,35.85808865124535],[129.22193208389737,35.858072405992445],[129.22192970295484,35.85805616987372],[129.2219272666584,35.85803993385657],[129.2219247639618,35.85802370697361],[129.2219221948655,35.85800748922473],[129.22191957044018,35.85799128058992],[129.2219168685192,35.8579750720971],[129.22191411126934,35.85795887271808],[129.2219112986908,35.85794268245303],[129.22190840864153,35.85792650134238],[129.22190546323853,35.85791032033322],[129.22190245146095,35.85789415747072],[129.22189937325865,35.85787799472986],[129.22189623972795,35.857861841102924],[129.22189303979766,35.8578456966101],[129.2218897734679,35.85782956125147],[129.2218864407386,35.857813435027005],[129.2218830526809,35.85779731791628],[129.2218795982238,35.857781209939766],[129.2218760773425,35.857765102084926],[129.2218725011578,35.85774901235629],[129.22186885857386,35.8577329317618],[129.22185986286107,35.85768674127915],[129.2218382704076,35.85760528102776],[129.22179954918445,35.85746707355751],[129.22168016656116,35.857185237824844],[129.2216047935512,35.8570042430998],[129.22154398129493,35.85686811282168],[129.22148033675532,35.85672857196476],[129.22144052911844,35.85659345762697],[129.2207262759492,35.855038938171006],[129.22070333312416,35.854989050871346],[129.22047562644036,35.854459441897845],[129.2204124390192,35.8543680082238],[129.2202861715095,35.85417166691043],[129.22021570266747,35.85402069188367],[129.22014798456996,35.85387556992121],[129.2201311561495,35.853838802565754],[129.22009242315067,35.85375503889871],[129.22008199953956,35.85373257171034],[129.21995239895125,35.85344646271064],[129.21994373368284,35.85342732693192],[129.2198454681616,35.85320761890318],[129.2198124298857,35.85313337098552],[129.21978843947605,35.85308052930117],[129.21974777621745,35.85299099201388],[129.219707778823,35.85290202128873],[129.2196676064929,35.85281381692783],[129.21966184847713,35.85280116483847],[129.21957089994294,35.852600928271926],[129.21954719053485,35.85254951900966],[129.2195053956742,35.852458893174116],[129.2194745257781,35.85239199540889],[129.21944964011408,35.852335469166135],[129.21946570145212,35.85232679705409],[129.21963924855737,35.85223341013046],[129.21959493603097,35.852136993862025],[129.21939898020696,35.852241524749964],[129.2182790779572,35.852858265300206],[129.2181963527698,35.852904243027126],[129.2178739781849,35.853019976567886],[129.21686851469687,35.8535973835911],[129.21673508116316,35.85367458032277],[129.21591489417494,35.85415956671003],[129.21596115675348,35.854290705935334],[129.21650647753376,35.855610096362945],[129.2169501983693,35.856700956483806],[129.21876412522238,35.856299293178196],[129.21898394690467,35.85625059756988],[129.21903972665734,35.856414541784986],[129.21906651172353,35.856493262375686],[129.2190824747043,35.85653740364118],[129.21912669342157,35.85667172669211],[129.21913941878114,35.856709988662665],[129.21916839701245,35.85679714994866],[129.2192762209487,35.85711863704168],[129.21939565716463,35.857491969783716],[129.21944232293296,35.85762603590777],[129.2194585254786,35.85767260103672],[129.2195265349325,35.85787487089748],[129.2196049857523,35.85812196785491],[129.21969003539314,35.85837309035672],[129.21981198174961,35.85873180881403],[129.21982126421653,35.85875780195874],[129.2199270155519,35.85906844109656],[129.22002460229666,35.859348686876],[129.22009031448485,35.85953983012538],[129.22016190329623,35.85975423285172],[129.22019392049896,35.859850617087105],[129.22020913649766,35.859896417831344],[129.22030248872088,35.86014581233346],[129.22031396125251,35.86017496482384],[129.22032631459274,35.86020635981527],[129.22035942778103,35.86029049404763],[129.2207627667169,35.861226506254695],[129.22079145921472,35.8612930921203],[129.22088106354698,35.86150299127664],[129.2209433352602,35.86164554500855],[129.22104829444373,35.861894782461974],[129.22107466253556,35.86195740701127],[129.22140306454375,35.86273771005577],[129.2214301688559,35.862802117639134],[129.22168341684085,35.86340429068296],[129.22188307910253,35.86385388118286],[129.2219071759511,35.86390748821068],[129.22232967367148,35.86485573436028],[129.22236651817815,35.86493841911335],[129.22286960593624,35.86608429357244],[129.2228930414087,35.86613847839684],[129.22300289752218,35.86639240941765],[129.22309623733338,35.86659961412093],[129.22315907926085,35.866745256793266],[129.223924903372,35.86652756915851],[129.22464972224802,35.864761493796664],[129.22470228514086,35.86463269810007],[129.22536406253553,35.86302084828839],[129.22550522397222,35.862783647300674],[129.22564539117084,35.86254752949075],[129.22615735253058,35.861687053750046],[129.22623944611325,35.86154909949889]],[[129.2229240033095,35.8541423746481],[129.22419024906065,35.854139079055585],[129.22419018407265,35.85417521923854],[129.2241911252744,35.85430592555387],[129.2241921723737,35.85445074522003],[129.22419271689427,35.85452273593237],[129.22419374991733,35.85465856116069],[129.2241953741525,35.854883068126654],[129.2241969624064,35.85509470532509],[129.22419799003626,35.85518505356178],[129.22419898363998,35.85534240065658],[129.22420013126032,35.85551523090642],[129.22420159341522,35.85572135267713],[129.22420238820743,35.85584719248958],[129.2242031826251,35.855972897112935],[129.2242041060542,35.85610514455602],[129.2242043082694,35.85617744230728],[129.22420489322462,35.85626783641047],[129.22420558883883,35.8563582122823],[129.22420577557355,35.85638539357905],[129.22420636297846,35.856476661885225],[129.22420671219933,35.85652235451606],[129.22420800806137,35.85663734235609],[129.22403602547504,35.85663842709176],[129.2239718493614,35.85663899656775],[129.22386129871091,35.85664001234665],[129.22371141454227,35.85664146127806],[129.22295903709937,35.85664849228122],[129.2229240033095,35.8541423746481]]],[[[129.21774380683732,35.86483017168521],[129.21787031181603,35.864682229528334],[129.21790811486983,35.864638667256855],[129.21797199588315,35.864563838789856],[129.21803986124826,35.86448441575922],[129.2184327427906,35.86402710817025],[129.21849657048452,35.863953388048415],[129.2188031879004,35.86359803086455],[129.21883320412607,35.86356172840745],[129.21899722101804,35.8633749905818],[129.21905408197935,35.86330880818386],[129.21922899458662,35.863110712614436],[129.21936112290365,35.86296032529519],[129.2195199071828,35.86278010323533],[129.21969781037646,35.862575224163],[129.21987803931702,35.862366897829546],[129.22006640718627,35.86215131939718],[129.220252615833,35.86193198639367],[129.2205200002968,35.86161212419975],[129.22061735937876,35.86149802899696],[129.22058430022113,35.86141369648106],[129.2205701871563,35.861378618629885],[129.22049447254813,35.86118668281681],[129.22045782338122,35.86109719265725],[129.2204419064506,35.861058332837246],[129.22035732465523,35.860866548272924],[129.22030124156862,35.86073939427777],[129.22016734789503,35.86037004544599],[129.2201438593178,35.86031941104384],[129.22002949528118,35.86003821356798],[129.21989305291228,35.86013529171889],[129.2193942100039,35.86049061311327],[129.21911880221873,35.86068647573493],[129.21885740430434,35.860872317539844],[129.2186028427395,35.8610524144844],[129.21850430847678,35.86112210572587],[129.2183659948277,35.86122047429522],[129.21821896641305,35.86131435218802],[129.21820820149577,35.861321230099776],[129.21820517390577,35.86132343460491],[129.21818778189143,35.86133611948986],[129.21805083373096,35.861415775334],[129.21792791998288,35.86147359555081],[129.2177641332239,35.8615366894234],[129.21773948857074,35.86154505229857],[129.21759896379908,35.861596270694555],[129.21716484828752,35.861759563719595],[129.21715647504234,35.86176248977977],[129.21668768398047,35.86193898350707],[129.216380945823,35.86204978213579],[129.21604348806477,35.86217475739114],[129.2157931535932,35.862267437842114],[129.21576791636468,35.86227792831341],[129.21572291104394,35.86229470868753],[129.21537032247315,35.86242611689904],[129.21533400953277,35.86243925863819],[129.2151279398746,35.8625161591765],[129.21489222583827,35.862603548464904],[129.21455986234136,35.86272661788125],[129.21435981714083,35.86280047822531],[129.21421472290484,35.86285452166001],[129.2140227302121,35.86292573554193],[129.21388650528982,35.86297612185039],[129.2137999005478,35.8630087108175],[129.21338573920136,35.86316226650256],[129.2131985122311,35.86323170421602],[129.21305964186695,35.86328275215831],[129.21276389320394,35.86339143129774],[129.2127414952015,35.86339986129581],[129.21255917801656,35.86346742379698],[129.2125277314032,35.86347893389264],[129.21228161556851,35.8635706352753],[129.21215169201983,35.86361824172962],[129.21200206969215,35.86367352513813],[129.2114808877477,35.863867448341225],[129.21137733062858,35.86390446327653],[129.21088466889947,35.86408654574839],[129.21023344130174,35.8643309076186],[129.2102066843706,35.864340840787655],[129.2099661054724,35.86443072530876],[129.20968471904467,35.86453491977704],[129.20959776811728,35.86456768656158],[129.20930909145528,35.864674623556326],[129.20918341353536,35.86472130018145],[129.209055424583,35.86476918833894],[129.20873657995978,35.86488643226696],[129.2082137481858,35.86508644557259],[129.20810328057112,35.865128327296055],[129.2080317882702,35.86515385638263],[129.2073407990197,35.865408554139336],[129.20796895751863,35.86635016247855],[129.2086550136853,35.86737980045353],[129.20874744174395,35.867518631300726],[129.20935124067978,35.86842622495639],[129.20944391618104,35.86856559555943],[129.20960555814074,35.868809048752354],[129.21013403140287,35.869599985213604],[129.2101991631142,35.869706444458025],[129.21025299419827,35.86978925657474],[129.21033160888342,35.8699068948039],[129.2103865730862,35.869982576029386],[129.21049801925983,35.870134125022524],[129.21052071582398,35.87016267306419],[129.210540035087,35.87018695507123],[129.21062627506558,35.870294395746164],[129.21071534599056,35.87039613555012],[129.21076032679912,35.870443688064626],[129.21091647032992,35.87061442742745],[129.21101888480868,35.87072040663132],[129.21179211373547,35.87158494571566],[129.21185547211488,35.87165580790697],[129.21190732076352,35.87159493706808],[129.212118286253,35.871349617692935],[129.21234690651127,35.87108563819527],[129.21464225990502,35.8684415486633],[129.21466228650738,35.868419558764764],[129.21488932135384,35.86815695604689],[129.21516442398695,35.86783807468396],[129.21548595115544,35.86746577421746],[129.21553246405693,35.86741148137233],[129.2155855427002,35.86734892138898],[129.21593527399887,35.8669381042219],[129.21597584611592,35.866890013370266],[129.2160553579789,35.866796231856476],[129.21615956206347,35.866686508177494],[129.21661024224923,35.86616452905744],[129.21707055908269,35.865617557368786],[129.2174436658622,35.865176511009736],[129.21744925038703,35.86516990384382],[129.21753534714355,35.86506814246936],[129.21756289453282,35.86503558495118],[129.21760036905428,35.8649973136889],[129.2176819345914,35.86490282440833],[129.21774380683732,35.86483017168521]],[[129.21469856088288,35.86429047733806],[129.2148476255255,35.86425872313044],[129.2149102576853,35.86426224391035],[129.21502228520413,35.86427534725511],[129.21514660057954,35.86429595405613],[129.2151537186365,35.86432851246652],[129.21519596158083,35.86432984327687],[129.21520077193892,35.864327635677135],[129.2152320265652,35.86436422478155],[129.2151413802245,35.864401165910834],[129.21511457398933,35.864446140745144],[129.21513342225086,35.86457132649386],[129.21511457646625,35.864583211404444],[129.21514224171358,35.86472626221143],[129.21491206133837,35.86469132443074],[129.21471140249068,35.86468661571788],[129.21468009014708,35.8646449705865],[129.21465956799736,35.864485693560965],[129.2146601694648,35.86436299671751],[129.21469856088288,35.86429047733806]]],[[[129.2209330495572,35.86216761131457],[129.2208985168374,35.86206303957242],[129.2200609936104,35.863010407136585],[129.219884175316,35.86321524870962],[129.21970351238852,35.863423467664454],[129.21965259923113,35.86348222230338],[129.2185592785687,35.864752167150556],[129.2184003355771,35.864937327011155],[129.21826347547474,35.86509216491764],[129.21815965862845,35.86520809032266],[129.21804333383656,35.86534168459675],[129.2177819877055,35.865642757273726],[129.21770899700806,35.86572710116491],[129.21731841212053,35.86617850799791],[129.21685448472473,35.86671748398945],[129.21664491416288,35.86696100683662],[129.21657803720228,35.86703872392626],[129.2165429905759,35.8670745661594],[129.21650412702022,35.8671197341037],[129.21636491481397,35.86728375771567],[129.21502538875802,35.8688495654995],[129.2148818639987,35.86901799310312],[129.214825194657,35.86908824676873],[129.21476417264523,35.869158111586074],[129.21463015035027,35.86931535556968],[129.21454856884577,35.86941105042022],[129.2145033683699,35.869464078797236],[129.21431100451167,35.869696337444594],[129.2140199229454,35.87004339096],[129.2139736539666,35.870098764263844],[129.21338268326994,35.87079427235595],[129.21227633851996,35.87212215892285],[129.21233447152304,35.8721847475724],[129.21257431137505,35.87244296592953],[129.21265889494012,35.87238741768739],[129.21306153854374,35.872123004665255],[129.21398468073482,35.87152055964932],[129.21410531097135,35.87143835985828],[129.21475534298224,35.871011621213164],[129.21504737632625,35.87082107467921],[129.21516729989446,35.87074454390997],[129.21560160844942,35.87046043686118],[129.21610187701657,35.87012811090748],[129.216222223015,35.870048856561446],[129.2163054884127,35.869995002437044],[129.21636208185296,35.86995840075409],[129.21639250790867,35.869941357838044],[129.21679849874116,35.86967094196048],[129.2168511878506,35.869636104473585],[129.21693510130635,35.8695806355179],[129.21715615828853,35.86943449833882],[129.2172867401079,35.86934959175534],[129.2173150361347,35.869331200561426],[129.21807213803515,35.868831025207264],[129.21808745853315,35.868821453386985],[129.21810287899865,35.868811998546555],[129.21811839940722,35.868802651673455],[129.21813403085585,35.86879342176007],[129.21814975117525,35.868784299833955],[129.2181700822143,35.86877278128685],[129.21828001518736,35.86870951373491],[129.2183220439351,35.86869231420275],[129.2183891792918,35.8686648401827],[129.21842948260388,35.86864834670022],[129.21848487714024,35.868627572063396],[129.21861816531566,35.8685819084169],[129.2187327399806,35.86854811182921],[129.21893899316873,35.86850154078713],[129.2191629299163,35.86844724971951],[129.21919977006348,35.86843987385433],[129.21944044729278,35.868381261997946],[129.2195586584929,35.86835347835094],[129.21984485298594,35.86828234585232],[129.22014990156254,35.86820652792506],[129.2202611478377,35.86817880132602],[129.22049307852978,35.86812101441043],[129.22121319075177,35.86795023813838],[129.22126199382114,35.86792066008615],[129.22126379353767,35.8679148077045],[129.22126387032245,35.86791454620253],[129.2212778451324,35.867911050837556],[129.22149814135415,35.86785877185723],[129.22163965348796,35.86782518452378],[129.22178351131663,35.86779104296201],[129.22181012293828,35.86778472148573],[129.2219596016974,35.867749244572394],[129.2220753870511,35.867721760312264],[129.22215238569422,35.86770623463028],[129.22240854979844,35.86764400142042],[129.2225012054088,35.86762077711484],[129.22299325285917,35.86749423713977],[129.223103366256,35.86746596924992],[129.22321719695225,35.867436648952506],[129.2231417173397,35.86726589388145],[129.2228662538021,35.866630680516636],[129.22278772590138,35.86644619581609],[129.2227769283787,35.86641755606283],[129.22269860046976,35.86623715357575],[129.22263823340776,35.8661090804023],[129.2224418066228,35.86564002747602],[129.2222768440807,35.865273027631424],[129.2221878696767,35.865065579896026],[129.22205979091106,35.864770746890215],[129.22194436880517,35.86450407249903],[129.2217742248424,35.86411145894272],[129.22173885107117,35.86403175442625],[129.22166874118352,35.863882645443404],[129.2213594363745,35.86317259660329],[129.2212375760965,35.862894208010324],[129.22118812102445,35.86277468493006],[129.22108387844224,35.86252492360499],[129.22097196586145,35.862259818936515],[129.2209330495572,35.86216761131457]]]]},"properties":{"uname":"제2종일반주거지역","dyear":"0000","dnum":"0000","sido_name":"경상북도","sigg_name":"경주시"},"id":"LT_C_UQ111.9254"}]}