{"type":"FeatureCollection","features":[{"type":"Feature","geometry":{"type":"LineString","coordinates":[[129.5231402,35.8523223],[129.5233478,35.8524376],[129.5234857,35.8525746],[129.5237427,35.8527074],[129.523857,35.8527098],[129.523863,35.8526539],[129.5240742,35.8526771],[129.5240201,35.8527605],[129.5240304,35.8528265],[129.5243781,35.852976],[129.5245237,35.8531009],[129.5248552,35.8531899],[129.5250167,35.8531136],[129.5251357,35.8531175],[129.5251637,35.8530634],[129.5254264,35.8530758],[129.5253653,35.8532661],[129.5255703,35.8532331],[129.5257272,35.8533848],[129.5257422,35.8534863],[129.5255892,35.8536237],[129.5253629,35.8537029],[129.5252171,35.8537082],[129.5251007,35.8537548],[129.5252556,35.8539446],[129.52518,35.8539987],[129.5251291,35.854086],[129.5252283,35.8541982],[129.5254196,35.8541803],[129.5254777,35.8542221],[129.5254162,35.8542967],[129.5252393,35.8543397],[129.525118,35.8542742],[129.5250609,35.8543137],[129.5249885,35.8543895],[129.5248844,35.8545279],[129.5248165,35.8546546],[129.5247782,35.8547665],[129.5247577,35.8548943],[129.5247157,35.8549604],[129.5246705,35.8551139],[129.5246898,35.8552059],[129.5246425,35.8553511],[129.5246286,35.855474],[129.5246294,35.8555667],[129.5247,35.8559381],[129.5247363,35.8560342],[129.5247919,35.8561269],[129.5248685,35.8562249],[129.5249029,35.8562726],[129.524922,35.8563351],[129.5249054,35.8565623],[129.5249066,35.8566311],[129.5249233,35.8566945],[129.5249589,35.8567523],[129.5250055,35.8568052],[129.5250764,35.8568385],[129.5251611,35.8568565],[129.525202,35.8571567],[129.5251525,35.8572396],[129.5251286,35.8573315],[129.5251345,35.8574871],[129.525236,35.8578375],[129.5253713,35.8580264],[129.5256876,35.8582143],[129.5257352,35.8583787],[129.5256952,35.858588],[129.5257954,35.8586567],[129.5258653,35.8589382],[129.5259165,35.8591708],[129.5260726,35.8594055],[129.5264732,35.8596511],[129.5266386,35.8598292],[129.5268623,35.8599593],[129.5270253,35.8600066],[129.5270911,35.860001],[129.5273408,35.8599422],[129.5273305,35.8598353],[129.527436,35.859828],[129.5274485,35.8597874],[129.5273805,35.8597036],[129.5275779,35.8595963],[129.5276215,35.8596547],[129.5276668,35.859689],[129.5276504,35.8598015],[129.5277678,35.8598733],[129.5279058,35.8598802],[129.528147,35.8599981],[129.5282084,35.8599807],[129.5281533,35.8599029],[129.5283189,35.8598489],[129.5284384,35.8600386],[129.5286171,35.8601012],[129.5286048,35.8601685],[129.5286675,35.8602369],[129.5286465,35.8603885],[129.5282809,35.8602019],[129.5281623,35.8605027],[129.5279686,35.8605362],[129.5275934,35.8603944],[129.5275765,35.8604347],[129.5274674,35.860491],[129.527179,35.8605754],[129.5269692,35.8606594],[129.5267619,35.8607794],[129.5266935,35.8608456],[129.5266611,35.8608954],[129.5266381,35.8609953],[129.5266201,35.8611378],[129.5265338,35.8612621],[129.5264635,35.8614267],[129.5264021,35.8616438],[129.5263891,35.8620296],[129.5264083,35.8621502],[129.5264641,35.8625034],[129.5265113,35.8626498],[129.5265933,35.8628149],[129.5268523,35.8633158],[129.5269358,35.8634395],[129.5270261,35.8635534],[129.527127,35.8636325],[129.5272841,35.863799],[129.5276347,35.8640174],[129.5278968,35.8642337],[129.5281396,35.8643979],[129.5283381,35.8644751],[129.5286134,35.8645482],[129.5294384,35.8649427],[129.5295259,35.8649492],[129.5298107,35.8650622],[129.5300728,35.8652413],[129.5307523,35.8659333],[129.530898,35.866],[129.5310758,35.8662036],[129.5312319,35.8663425],[129.5316644,35.8666214],[129.5318041,35.8666515],[129.5323896,35.8670223],[129.5326461,35.867358],[129.5328121,35.86746],[129.5330115,35.8675446],[129.5332659,35.8677411],[129.5333858,35.8679646],[129.5335236,35.8681138],[129.5335586,35.8682733],[129.5335039,35.8686309],[129.5334774,35.8689667],[129.5335209,35.8693254],[129.5334685,35.8696645],[129.5334814,35.869802],[129.5335131,35.8699112],[129.5339189,35.870472],[129.5340489,35.8705208],[129.5341643,35.8705232],[129.5342569,35.8704799],[129.534367,35.8705737],[129.5343244,35.8706418],[129.5343893,35.8707019],[129.5344843,35.8706961],[129.5343417,35.870854],[129.534098,35.8709392],[129.5339862,35.870856],[129.5337511,35.870905],[129.533683,35.8709733],[129.5336281,35.8710611],[129.5336958,35.8711328],[129.5334469,35.8712381],[129.5332683,35.8711598],[129.5331008,35.8712309],[129.5329775,35.8713433],[129.5331493,35.8714507],[129.5328814,35.8714657],[129.5323403,35.8714108],[129.5322826,35.8713553],[129.5322665,35.8712879],[129.5322074,35.8712704],[129.5321215,35.8713071],[129.5320971,35.8713719],[129.5321236,35.8714124],[129.5322657,35.8715059],[129.5320619,35.8715733],[129.5316998,35.8715712],[129.5315012,35.8715214],[129.5314905,35.8713369],[129.5313482,35.8712766],[129.5312203,35.8713141],[129.5311715,35.8712115],[129.5308836,35.8711172],[129.5307341,35.8711349],[129.5304455,35.8710514],[129.5304552,35.8709911],[129.5303745,35.8709624],[129.5302959,35.8709802],[129.5301062,35.8709731],[129.5292795,35.8706483],[129.5292266,35.8706961],[129.5292589,35.8709817],[129.5289952,35.8709873],[129.5284407,35.8711699],[129.5282057,35.8713169],[129.5280923,35.8713816],[129.527914,35.8711867],[129.5274995,35.8710703],[129.5273807,35.8710511],[129.5272255,35.8710485],[129.5270909,35.8710116],[129.5270065,35.8710135],[129.5269006,35.8710221],[129.5264929,35.8710738],[129.5264256,35.8710581],[129.5259415,35.871147],[129.5257559,35.871203]]},"properties":{"axis":"수변경관축","sub":"동해안 수변경관축","new":false,"lbl":"","note":"해안선(natural=coastline)","source":"2030 경주시 경관계획 재정비 (2025.04) §4.3 경관축 (T1) — 선형은 OSM (T4)"}},{"type":"Feature","geometry":{"type":"LineString","coordinates":[[129.4802415,36.0152646],[129.4790772,36.0149191],[129.4788731,36.0148289],[129.4785739,36.0147443],[129.4780904,36.0145804],[129.4777627,36.0144746],[129.4776818,36.0144387],[129.477342,36.0142323],[129.4765501,36.0136733],[129.4762429,36.013602],[129.4761387,36.0135016],[129.4760749,36.0134545],[129.4759998,36.0134167],[129.4759995,36.0133863],[129.4757464,36.013335],[129.4757488,36.0135152],[129.4757098,36.0135528],[129.4755883,36.0134646],[129.4752473,36.0134335],[129.475219,36.0135728],[129.4752472,36.0136105],[129.4751794,36.0136508],[129.4750946,36.0136361],[129.4750627,36.0135886],[129.4749158,36.0135517],[129.4748644,36.0134771],[129.47494,36.0134389],[129.4750039,36.013174],[129.4747781,36.0130741],[129.4746034,36.0129774],[129.4743525,36.0127915],[129.4741271,36.012583],[129.4737058,36.012088],[129.4735173,36.0119137],[129.4728112,36.0113394],[129.4715221,36.0109648],[129.4713484,36.0108727],[129.4712194,36.0107438],[129.4710776,36.0106843],[129.4708678,36.0105279],[129.4699255,36.0101303],[129.4695919,36.0099623],[129.4690279,36.009621],[129.4687026,36.0093579],[129.4685912,36.0091747],[129.4684999,36.0090698],[129.4683622,36.008964],[129.4680771,36.0088292],[129.4676566,36.0086051],[129.4669642,36.0082297],[129.4669149,36.0080744],[129.4667447,36.0079694],[129.4667783,36.0079119],[129.4663496,36.0077956],[129.466294,36.0082129],[129.4660839,36.0081851],[129.4661246,36.0079228],[129.4657135,36.0075421],[129.4653006,36.0072133],[129.4654433,36.007095],[129.4644687,36.0060648],[129.4642021,36.0059164],[129.4636437,36.0057695],[129.4634054,36.0056319],[129.4632639,36.0054816],[129.4631668,36.0051761],[129.4628481,36.0051334],[129.4628562,36.0049623],[129.4627092,36.0048219],[129.4623585,36.0047168],[129.4623186,36.004587],[129.4621478,36.0045844],[129.4621556,36.0042678],[129.4620143,36.00419],[129.461747,36.0041357],[129.4613026,36.0040061],[129.4610163,36.0038542],[129.4607515,36.0037629],[129.4604034,36.0037646],[129.459852,36.0036417],[129.4596365,36.0036681],[129.4594545,36.0036706],[129.4592254,36.003627],[129.4588791,36.0034996],[129.4586944,36.0033923],[129.4584327,36.003148],[129.4582498,36.0026673],[129.4580884,36.0024625],[129.4580023,36.0021567],[129.4579378,36.0020528],[129.4573831,36.0015414],[129.4569082,36.0008549],[129.4567338,36.0006869],[129.4564706,36.0000371]]},"properties":{"axis":"수변경관축","sub":"동해안 수변경관축","new":false,"lbl":"","note":"해안선(natural=coastline)","source":"2030 경주시 경관계획 재정비 (2025.04) §4.3 경관축 (T1) — 선형은 OSM (T4)"}},{"type":"Feature","geometry":{"type":"LineString","coordinates":[[129.4787374,35.7091967],[129.4765765,35.7105553],[129.477633,35.7118524],[129.4777459,35.711796],[129.4778045,35.7117667],[129.4785675,35.7123178],[129.4788494,35.7124243],[129.4810123,35.7106291],[129.4812835,35.7108347],[129.4815173,35.7106066],[129.4815772,35.7104254],[129.481414,35.7089395],[129.4814915,35.7088257],[129.4814574,35.7084246],[129.4813771,35.7083726],[129.4813557,35.7080762],[129.4813961,35.708024],[129.4813639,35.7074893],[129.4812815,35.7074804],[129.4812068,35.7072998],[129.4812159,35.7071305],[129.4813136,35.7069683],[129.4815513,35.706945],[129.4817206,35.7070246],[129.4818132,35.7071622],[129.4818501,35.7079406],[129.4819977,35.7105286],[129.4818199,35.7108357],[129.4811002,35.7114288],[129.4801781,35.7122481],[129.4800192,35.7123079],[129.4799763,35.7125126],[129.4800755,35.712615],[129.4798857,35.7126981],[129.4793978,35.7139408],[129.4793623,35.7140314],[129.4794836,35.7142174],[129.4793995,35.7147578],[129.4796526,35.7167236],[129.4807715,35.716868],[129.4808534,35.7168738],[129.4816302,35.7177877],[129.4816295,35.717938],[129.4815083,35.7180114],[129.4812612,35.7179577],[129.4811088,35.717785],[129.4811296,35.7176213],[129.4808225,35.7172852],[129.4806847,35.7172259],[129.4793642,35.7170598],[129.4792709,35.7170424],[129.4791622,35.7169858],[129.4790824,35.7169427],[129.478953,35.7168759],[129.4787981,35.7170392],[129.4786869,35.7169831],[129.4786688,35.717001],[129.478655,35.7170147],[129.4786997,35.7170445],[129.4786796,35.7170643],[129.478635,35.7170345],[129.4786179,35.7170514],[129.4785971,35.717072],[129.4786955,35.7171409],[129.4786121,35.7172145],[129.479164,35.717678],[129.4801221,35.7178124],[129.4803979,35.7177703],[129.4806084,35.7177929],[129.480693,35.7178716],[129.4806019,35.718016],[129.4804965,35.7182192],[129.4805436,35.718508],[129.4806837,35.7186584],[129.4811198,35.7191265],[129.4827762,35.7203764],[129.4828091,35.7204758],[129.482713,35.7205695],[129.4825804,35.720588],[129.4826112,35.7215044],[129.4831011,35.7217122],[129.483336,35.7218777],[129.4847517,35.7254747],[129.4861993,35.7292061],[129.4863805,35.7294174],[129.4864552,35.7296121],[129.4863377,35.7298071],[129.4860182,35.7302873],[129.4859098,35.731273],[129.4858863,35.7318426],[129.485637,35.7330115],[129.4856488,35.7336093],[129.4854921,35.7339668],[129.485271,35.7345558],[129.4850457,35.7355225],[129.4846972,35.7369484],[129.4849116,35.7377476],[129.4848525,35.738183],[129.4846272,35.7385705],[129.4838578,35.7412115],[129.4837981,35.7420398],[129.4837244,35.7430626],[129.4839316,35.7436916],[129.4846702,35.7442265],[129.4852039,35.7446053],[129.48533,35.7448992],[129.4855177,35.7451386],[129.485727,35.7452715],[129.4859308,35.7453433],[129.4863948,35.7450994],[129.4867811,35.7449449],[129.4868213,35.7450102],[129.4863707,35.7452257],[129.4860515,35.7454586],[129.4861936,35.7456306],[129.4865075,35.745857],[129.4868052,35.7456937],[129.4873282,35.7450232],[129.4871968,35.7446836],[129.4873336,35.7446314],[129.4874838,35.7450798],[129.4870493,35.7456415],[129.4869983,35.7458309],[129.4870412,35.7465471],[129.4881248,35.7470608],[129.4883501,35.7477749],[129.4887954,35.7481145],[129.4931424,35.7518248],[129.4936165,35.7518616],[129.4942349,35.7519853],[129.4947646,35.7518671],[129.4946794,35.752308],[129.4949261,35.7525578],[129.4949575,35.7528186],[129.4947288,35.7528461],[129.4940049,35.7526626],[129.4936218,35.7531519],[129.4935747,35.7531282],[129.4934844,35.7533497],[129.4925183,35.7539387],[129.4924857,35.7540064],[129.4921728,35.7541973],[129.4921127,35.7541642],[129.4920072,35.7542798],[129.4917615,35.7546768],[129.4917207,35.7548203],[129.4917266,35.7550661],[129.491743,35.7551427],[129.4916634,35.7554405],[129.4915283,35.7557531],[129.4915076,35.7558625],[129.4915106,35.7559764],[129.4915096,35.7561022],[129.4914943,35.756158],[129.4914421,35.7562347],[129.4913941,35.7563294],[129.4913623,35.7564316],[129.4913727,35.7565528],[129.4913724,35.7566621],[129.4913576,35.7567917],[129.4913622,35.7570371],[129.4913588,35.7572586],[129.4912838,35.7577172],[129.4912986,35.7579821],[129.4912693,35.7581528],[129.4912588,35.7583025],[129.4912626,35.7584039],[129.4912732,35.75849],[129.4913635,35.7587629],[129.4914253,35.7589012],[129.4914968,35.7590367],[129.4916132,35.7592043],[129.4917502,35.7593685],[129.4918695,35.7594725],[129.4919895,35.759546],[129.4921146,35.7596052],[129.4922591,35.75966],[129.4920078,35.7598718],[129.4920992,35.760043],[129.4923629,35.7602829],[129.4922913,35.7603462],[129.4923391,35.7603773],[129.4923872,35.7604042],[129.4925953,35.7602531],[129.4935256,35.7607438],[129.493457,35.7608283],[129.4940099,35.7610761],[129.4942483,35.7611692],[129.4942634,35.7613687],[129.4942484,35.7614736],[129.4942518,35.7616042],[129.4942772,35.7617077],[129.4943337,35.7618425],[129.4944457,35.7620261],[129.494481,35.7621692],[129.4944706,35.7623268],[129.4943395,35.7625881],[129.4942877,35.762802],[129.4942889,35.7628815],[129.4943538,35.7630217],[129.494391,35.7631864],[129.4944187,35.7633053],[129.4944201,35.7633711],[129.4943454,35.7634189],[129.4943145,35.7635168],[129.4941954,35.7637239],[129.4941672,35.7638122],[129.4941601,35.7639164],[129.4941725,35.7640554],[129.4942034,35.7641787],[129.4942853,35.7643212],[129.4943433,35.764355],[129.494375,35.764405],[129.4944065,35.7645026],[129.4944571,35.7645465],[129.4945507,35.7645893],[129.494604,35.7646243],[129.4946281,35.7646686],[129.4946176,35.7647829],[129.4945934,35.7648652],[129.4945057,35.7651037],[129.4943955,35.7651787],[129.4943347,35.7652342],[129.4942838,35.7653082],[129.4941767,35.7655166],[129.4940558,35.7659869],[129.4940438,35.7661018],[129.4940551,35.7662182],[129.4941425,35.7665237],[129.4941937,35.7666425],[129.4942553,35.7667465],[129.4943237,35.7668094],[129.4944558,35.7668852],[129.4944897,35.7669573],[129.494482,35.7670883],[129.4942735,35.7672574],[129.4941542,35.7674245],[129.4940715,35.7676048],[129.4939943,35.7678918],[129.4939659,35.7680618],[129.493966,35.7682185],[129.4939793,35.7683588],[129.4940434,35.7686264],[129.4940526,35.7687474],[129.4940409,35.7688791],[129.4940061,35.7690504],[129.49404,35.7694266],[129.4940677,35.7695881],[129.4941039,35.7697201],[129.4941772,35.7699038],[129.4942494,35.7700314],[129.4943691,35.7701847],[129.4944911,35.77028],[129.4946703,35.7703832],[129.4947628,35.7705136],[129.4952556,35.7708166],[129.4954909,35.7710148],[129.4957138,35.7711326],[129.4958958,35.7712707],[129.4960408,35.7713109],[129.4962096,35.7714268],[129.4964807,35.771627],[129.49658,35.7717168],[129.4966532,35.7718063],[129.4966378,35.7718817],[129.4966555,35.7719639],[129.4966679,35.7720794],[129.4966674,35.7721907],[129.4966312,35.7722895],[129.4965479,35.7726675],[129.4965625,35.7728219],[129.4965528,35.7729338],[129.4965293,35.7730661],[129.4964891,35.773197],[129.4964529,35.7732793],[129.4963943,35.7733424],[129.4963268,35.773381],[129.4962273,35.7734153],[129.4959751,35.7736463],[129.495906,35.7737419],[129.4958603,35.773823],[129.4958073,35.7739612],[129.4957047,35.7741604],[129.4956926,35.7742268],[129.4956898,35.7742986],[129.4956789,35.7743662],[129.4956451,35.7744284],[129.4955639,35.7744996],[129.4953414,35.7746005],[129.4952121,35.7746903],[129.4951338,35.7747561],[129.495064,35.7748536],[129.494873,35.7752518],[129.4948389,35.7753442],[129.4948136,35.7755182],[129.4948181,35.7755767],[129.4948377,35.7756437],[129.4948989,35.7758095],[129.4949554,35.7759525],[129.4950844,35.7760185],[129.49509,35.7760764],[129.4951308,35.7760932],[129.4951373,35.7761921],[129.4951261,35.7762396],[129.4951736,35.7763517],[129.4950966,35.7763827],[129.4947723,35.7765294],[129.4946115,35.776739],[129.4945975,35.7769858],[129.4945155,35.7770597],[129.4944447,35.7770531],[129.4944462,35.7774684],[129.4943307,35.7775734],[129.494021,35.7774809],[129.4938407,35.7779083],[129.4938747,35.7779745],[129.493665,35.7784811]]},"properties":{"axis":"수변경관축","sub":"동해안 수변경관축","new":false,"lbl":"","note":"해안선(natural=coastline)","source":"2030 경주시 경관계획 재정비 (2025.04) §4.3 경관축 (T1) — 선형은 OSM (T4)"}},{"type":"Feature","geometry":{"type":"LineString","coordinates":[[129.5243962,35.9122618],[129.5244493,35.9125402],[129.5240097,35.9126265],[129.5239163,35.9123935],[129.5234763,35.9126053],[129.5234228,35.9126514],[129.5229681,35.9131911],[129.5229077,35.9133007],[129.5228467,35.9134276],[129.5231298,35.914056],[129.523194,35.9141635],[129.5228923,35.9148443],[129.5241068,35.9154712],[129.5238497,35.9161493],[129.5238506,35.9162167],[129.5236632,35.9166388],[129.5228723,35.9165684],[129.5225124,35.9164421],[129.5223019,35.9165011],[129.5220981,35.9166135],[129.5221129,35.9166434],[129.5214396,35.9170373],[129.5212517,35.91719],[129.5209251,35.917379],[129.5208714,35.9174119],[129.5207658,35.9173255],[129.5207221,35.9173453],[129.5205233,35.9174736],[129.5204123,35.9177832],[129.520354,35.9179569],[129.5199046,35.9180734],[129.5198231,35.9181146],[129.5197367,35.9182005],[129.5196757,35.9182901],[129.5191913,35.9194563],[129.5191307,35.9195584],[129.5190413,35.9196837],[129.518951,35.9197968],[129.5188448,35.9199027],[129.5187046,35.9200019],[129.5186165,35.9200647],[129.5185224,35.9201512],[129.5184285,35.9202794],[129.5184077,35.9207552],[129.5183507,35.9212652],[129.5183912,35.9213834],[129.5184013,35.9215072],[129.5183742,35.921831],[129.5183449,35.9232906],[129.5183454,35.9243366],[129.5184206,35.9254734],[129.5184567,35.9260357],[129.5185662,35.9268465],[129.5186969,35.9274499],[129.5188195,35.9279151],[129.5189142,35.9282305],[129.5189643,35.9283725],[129.5190785,35.9287257],[129.5192802,35.929241],[129.5195012,35.9296981],[129.5197423,35.9301731],[129.5200482,35.930698],[129.5202944,35.9310732],[129.5204704,35.9313007],[129.5206366,35.9314839],[129.5221167,35.9328898],[129.5223505,35.9330708],[129.5225531,35.9331933],[129.522792,35.9332911],[129.5230855,35.9333731],[129.5233483,35.9334287],[129.5236758,35.9334706],[129.5243453,35.93351],[129.5246461,35.933524],[129.5249379,35.9335033],[129.5252037,35.9334505],[129.5254232,35.9333802],[129.525602,35.9332809],[129.5257469,35.9331682],[129.5258581,35.9330122],[129.5259509,35.9328496],[129.525967,35.9336453],[129.5260765,35.9336543],[129.5267392,35.9336762],[129.5267242,35.9334265],[129.5268857,35.9334292],[129.526887,35.9334871],[129.5281031,35.9331555],[129.5281952,35.9321397],[129.5281981,35.9317441],[129.529272,35.9316266],[129.5295492,35.931614],[129.529889,35.9315801],[129.5301716,35.931571],[129.5303423,35.9316046],[129.5305143,35.9316608],[129.5307011,35.9317458],[129.5309903,35.9319122],[129.5306219,35.9322924],[129.5304854,35.9323869],[129.5302274,35.9326076],[129.5298319,35.9329858],[129.529784,35.933119],[129.5296746,35.9332726],[129.5296536,35.9334338],[129.5294303,35.9337284],[129.5293671,35.9338574],[129.5293268,35.9340103],[129.5293083,35.9341679],[129.5293244,35.9344411],[129.5293318,35.9345169],[129.5293576,35.934587],[129.5294661,35.9348242],[129.5294695,35.934916],[129.5296702,35.9352235],[129.5297469,35.9353071],[129.5298658,35.9353987],[129.5300832,35.935526],[129.5302248,35.9355986],[129.5304507,35.9356745],[129.5305895,35.9357062],[129.5307309,35.9357794],[129.5311736,35.935918],[129.5316671,35.9361685],[129.5320666,35.9363041],[129.5321622,35.9363169],[129.5324268,35.936313],[129.5327098,35.9362707],[129.5328677,35.9361863],[129.5330317,35.9362204],[129.5335589,35.9362327],[129.5335582,35.9361683],[129.5336647,35.9361615],[129.5337048,35.9361922],[129.5337079,35.9362924],[129.5336753,35.9363731],[129.5335623,35.9365518],[129.5335234,35.9371347],[129.5330079,35.9371217],[129.5330199,35.9371959],[129.5330886,35.937323],[129.533157,35.937396],[129.5331243,35.9374584],[129.5331139,35.9375454],[129.5331337,35.9376199],[129.5334602,35.9380267],[129.5335205,35.9382557],[129.5336712,35.9385089],[129.5338515,35.9387275],[129.5337668,35.9388438],[129.5338108,35.9389546],[129.5337933,35.9390182],[129.5338469,35.9391151],[129.5340814,35.9391668],[129.5341399,35.9392684],[129.5341246,35.9393795],[129.5342548,35.939457],[129.5343342,35.9395196],[129.5344644,35.9396581],[129.5346628,35.9400157],[129.5346793,35.9400738],[129.5346553,35.9401323],[129.5344402,35.9403383],[129.5343664,35.9403492],[129.5342605,35.9404642],[129.534173,35.9406294],[129.5340426,35.9410453],[129.5340136,35.9413276],[129.5340124,35.9414797],[129.5340445,35.9416362],[129.5341025,35.9418616],[129.5341497,35.9419709],[129.5342309,35.9420421],[129.5344094,35.9421496],[129.5346364,35.942269],[129.5353417,35.9427109],[129.5353191,35.9429222],[129.5352622,35.9434054],[129.5353842,35.9434133],[129.5353781,35.9435052],[129.5352716,35.9436447],[129.535174,35.943656],[129.5351624,35.9437549],[129.5352106,35.9440556],[129.5352488,35.9441695],[129.5354958,35.9444265],[129.5358104,35.94438],[129.5358086,35.9445644],[129.5362753,35.9445754],[129.5362793,35.9446157],[129.5363208,35.9446141],[129.5363207,35.9445766],[129.5364444,35.9445783],[129.5365839,35.9447113],[129.5367184,35.9447583],[129.5368462,35.9448726],[129.5369488,35.9449678],[129.5371378,35.9450721],[129.5374101,35.9450985],[129.5381194,35.945198],[129.5383595,35.9452788],[129.5387956,35.9455404],[129.5392995,35.9453104],[129.5394957,35.9455004],[129.5400318,35.9464381],[129.5393909,35.9466776],[129.5393179,35.9467661],[129.5390126,35.9469654],[129.5388712,35.947017],[129.5388537,35.9471752],[129.5388929,35.9476271],[129.5389738,35.9480231],[129.5388551,35.9480246],[129.5388494,35.9480801],[129.5389553,35.948332],[129.5391383,35.9486394],[129.5393985,35.9490071],[129.5395957,35.9492366],[129.5399911,35.9496017],[129.5401831,35.9497579],[129.5404005,35.9498925],[129.540695,35.9500269],[129.5410644,35.9501395],[129.5413832,35.9502132],[129.5415928,35.950264],[129.5420015,35.9503148],[129.5421787,35.9503177],[129.542338,35.9503004],[129.5425082,35.9502542],[129.5426676,35.9501702],[129.54284,35.9500061],[129.5426961,35.9498941],[129.542618,35.9497339],[129.5427756,35.9495753],[129.5428407,35.9493845],[129.5427757,35.9492718],[129.542794,35.9490692],[129.5429474,35.9490115],[129.5430602,35.9491019],[129.5430094,35.9493319],[129.5429688,35.9495361],[129.5430137,35.9495133],[129.5430161,35.9497183],[129.5431044,35.9498601],[129.543289,35.9497356],[129.5433005,35.9496429],[129.543371,35.9495839],[129.5433759,35.9494598],[129.54342,35.9493862],[129.5434804,35.9495693],[129.5434089,35.9496714],[129.5434756,35.9496757],[129.5435083,35.9496143],[129.5435406,35.9494276],[129.543635,35.94941],[129.5437282,35.9494724],[129.5436528,35.9496943],[129.5436385,35.9497894],[129.5435467,35.9498924],[129.5434627,35.9498023],[129.5432507,35.9499404],[129.5432476,35.9500092],[129.5433673,35.9500333],[129.5433974,35.9501029],[129.5433194,35.9502454],[129.5433688,35.9502638],[129.543386,35.950328],[129.5432691,35.950523],[129.5432751,35.9506333],[129.5433644,35.9507172],[129.5432951,35.9508826],[129.5430752,35.9510355],[129.5431172,35.9511177],[129.5430194,35.9512876],[129.5430914,35.9515234],[129.5430338,35.9515782],[129.5430505,35.951617],[129.5432584,35.9516867],[129.5435413,35.95176],[129.5439748,35.9518463],[129.5443108,35.9517972],[129.5442026,35.951634],[129.5441687,35.9515553],[129.5442142,35.9515345],[129.5442411,35.9512824],[129.5443242,35.951169],[129.544379,35.9511615],[129.5443869,35.9512612],[129.5445088,35.9512429],[129.5446456,35.9513601],[129.5445311,35.9514311],[129.5444687,35.9515444],[129.5445141,35.9515459],[129.5448217,35.9523247],[129.5447563,35.9524571],[129.5447079,35.9524685],[129.5447256,35.9525502],[129.5447753,35.9525789],[129.5448174,35.9526584],[129.5448013,35.9527159],[129.5448505,35.9528416],[129.5448128,35.9529031],[129.5449162,35.9530164],[129.5451725,35.9530998],[129.5452918,35.9531138],[129.5454367,35.9531068]]},"properties":{"axis":"수변경관축","sub":"동해안 수변경관축","new":false,"lbl":"","note":"해안선(natural=coastline)","source":"2030 경주시 경관계획 재정비 (2025.04) §4.3 경관축 (T1) — 선형은 OSM (T4)"}},{"type":"Feature","geometry":{"type":"LineString","coordinates":[[129.3787712,36.0566453],[129.3790485,36.0573967],[129.3790726,36.0574621],[129.3794993,36.0584827],[129.379888,36.0591274],[129.3801424,36.0597815],[129.3805994,36.0604976],[129.3807857,36.0608324],[129.3808639,36.0609622],[129.3809442,36.0610457],[129.3825222,36.0625245],[129.3827827,36.0627375],[129.3831352,36.0629481],[129.3834505,36.0631219],[129.3837121,36.0632504],[129.3839933,36.0633739],[129.3843372,36.0634881],[129.3846924,36.0635942],[129.3849967,36.0636654],[129.3852591,36.0637086],[129.385527,36.0637292],[129.3857555,36.0637265],[129.3860134,36.0636993],[129.3862794,36.0636521],[129.3865119,36.0635897],[129.3868055,36.0634928],[129.3870504,36.0633814],[129.3873695,36.063219],[129.3875122,36.0631948],[129.3878229,36.0630139],[129.3880147,36.0632333],[129.3882605,36.0631848],[129.3883687,36.0631454],[129.3884439,36.0631009],[129.388621,36.0629499],[129.3885006,36.0627676],[129.3885388,36.0627117],[129.3885847,36.0626795],[129.389492,36.0623304],[129.3897222,36.062433],[129.3898853,36.0625225],[129.3900496,36.0625723],[129.3920858,36.0630581],[129.3923451,36.0631116],[129.3926127,36.0631425],[129.3929334,36.0631478],[129.3931993,36.0631367],[129.3947769,36.0630247],[129.3950202,36.0630156],[129.395855,36.0630361],[129.3960254,36.0630623],[129.396338,36.0631535],[129.3965904,36.0632655],[129.3977643,36.0640491],[129.398013,36.0642405],[129.3981254,36.0643435],[129.3982504,36.0644761],[129.39955,36.0659592],[129.3996595,36.0660958],[129.3997543,36.0662395],[129.3998818,36.0664913],[129.4005095,36.0685388],[129.4007393,36.0688451],[129.4009979,36.0691047],[129.4013131,36.069367],[129.4016498,36.0696268],[129.4018531,36.0697883]]},"properties":{"axis":"수변경관축","sub":"동해안 수변경관축","new":false,"lbl":"","note":"해안선(natural=coastline)","source":"2030 경주시 경관계획 재정비 (2025.04) §4.3 경관축 (T1) — 선형은 OSM (T4)"}},{"type":"Feature","geometry":{"type":"LineString","coordinates":[[129.4544118,35.5693491],[129.4541744,35.5694491],[129.4538764,35.569609],[129.4535801,35.5699801],[129.4529453,35.5713354],[129.4527035,35.5729096],[129.45284,35.573303],[129.4530725,35.5735566],[129.45297,35.573693],[129.4527456,35.5742263],[129.4528398,35.5754187],[129.4530803,35.5759121],[129.4531682,35.5761066],[129.4530436,35.5762808],[129.4529792,35.5769609],[129.4533123,35.5772436],[129.453697,35.5775924],[129.4538813,35.5778769],[129.4540051,35.5781945],[129.4538536,35.5782519],[129.4537251,35.5782357],[129.453791,35.578142],[129.4537643,35.5781026],[129.4536605,35.5781351],[129.453448,35.5776239],[129.4531773,35.5773497],[129.4530112,35.5774153],[129.4528549,35.5776074],[129.4527346,35.5779282],[129.4528525,35.5782428],[129.4530086,35.5789724],[129.4532867,35.578911],[129.4533421,35.5782233],[129.4534534,35.5782243],[129.4533898,35.5790314],[129.4530402,35.5791279],[129.4531937,35.5796957],[129.4535026,35.5801292],[129.4538413,35.5805572],[129.454217,35.5806672],[129.4545691,35.5807025],[129.4549142,35.5807565],[129.4553227,35.5807892],[129.4553974,35.5807673],[129.455575,35.5805715],[129.4559122,35.580537],[129.4561251,35.5806538],[129.4561525,35.5806851],[129.456098,35.5807459],[129.4560406,35.5807487],[129.4560646,35.5808076],[129.4561211,35.5808107],[129.4561374,35.5808249],[129.456141,35.5808609],[129.4561678,35.5808632],[129.4564689,35.5808708],[129.4564691,35.5808623],[129.4564812,35.5808306],[129.456522,35.5808207],[129.4565373,35.5808415],[129.456794,35.5807388],[129.4567959,35.5807204],[129.4568084,35.5807052],[129.4568397,35.5807026],[129.4568557,35.5807099],[129.4568883,35.5806971],[129.4568824,35.5806808],[129.4578214,35.5802583],[129.457836,35.5802744],[129.4579102,35.5802397],[129.4579414,35.5802056],[129.4579805,35.5802028],[129.4580076,35.5802185],[129.4580785,35.580219],[129.4580799,35.5802051],[129.4583553,35.5801988],[129.4583585,35.5802164],[129.4584537,35.580215],[129.4584455,35.5801993],[129.4585026,35.5801356],[129.4585668,35.5801277],[129.4586073,35.5801345],[129.4586521,35.5801824],[129.4586378,35.5802516],[129.458614,35.5802946],[129.4585995,35.580335],[129.4585739,35.5803563],[129.4585392,35.5803429],[129.4584835,35.5802833],[129.4584741,35.5802611],[129.4584544,35.5802419],[129.458359,35.5802443],[129.4583573,35.5802608],[129.4580809,35.5802648],[129.4580781,35.580245],[129.4580114,35.580248],[129.4580025,35.5802784],[129.4579677,35.580295],[129.4579451,35.5802948],[129.4579303,35.5802806],[129.4578585,35.5803126],[129.4569179,35.5807326],[129.4569077,35.5807213],[129.4568708,35.5807321],[129.4568631,35.5807471],[129.4568536,35.580757],[129.4568415,35.5807668],[129.4568305,35.580769],[129.4568254,35.5807676],[129.4565552,35.5808747],[129.4565584,35.5808965],[129.4565284,35.5809183],[129.4565251,35.5809249],[129.4564897,35.5809276],[129.4564712,35.5809143],[129.4561663,35.5809102],[129.4561632,35.5809286],[129.4561612,35.5809754],[129.456517,35.5820783],[129.456889,35.5823021],[129.4572959,35.5823853],[129.4574259,35.5825775],[129.457569,35.5826481],[129.4578095,35.5829479],[129.4579459,35.5830715],[129.4586685,35.5832625],[129.4587263,35.5833073],[129.4587294,35.5833588],[129.4586881,35.5834142],[129.4586474,35.5834241],[129.4578391,35.5832308],[129.4576025,35.5830615],[129.4573486,35.5827008],[129.4573133,35.5826564],[129.4572058,35.5827064],[129.4571834,35.5826786],[129.4571244,35.5827121],[129.4572016,35.5828018],[129.4569609,35.58318],[129.4569665,35.583671],[129.456989,35.5836707],[129.4569882,35.5838421],[129.4569858,35.584005],[129.4571909,35.5843269],[129.4572453,35.5844328],[129.4575021,35.5846366],[129.457451,35.5847541],[129.4578429,35.5850644],[129.4581084,35.5851559],[129.458478,35.5851947],[129.4587291,35.585152],[129.4588239,35.5850958],[129.4589821,35.5849514],[129.4591014,35.5847552],[129.4592809,35.5846208],[129.4596664,35.5844642],[129.4599579,35.5842508],[129.4600661,35.5842076],[129.4603295,35.5841967],[129.4604807,35.5842252],[129.4611588,35.5842813],[129.4615358,35.5843865],[129.4619568,35.5846601],[129.462323,35.5847689],[129.4627452,35.5849181],[129.4628714,35.5849497],[129.463104,35.5851688],[129.4633308,35.585327],[129.4636853,35.5856849],[129.4638711,35.5858988],[129.4638439,35.5860949],[129.4637753,35.5864226],[129.4636391,35.5867553],[129.4635346,35.5869821],[129.463577,35.5873911],[129.4637652,35.5876537],[129.463723,35.5878188],[129.4638402,35.5882455],[129.4636399,35.5887684],[129.4633829,35.5891897],[129.4631334,35.5896001],[129.4632795,35.5903238],[129.4632677,35.5906681],[129.4634825,35.5910304],[129.4637176,35.5913384],[129.4636894,35.5917028],[129.4637633,35.5919469],[129.4640314,35.5922623],[129.46425,35.5926593],[129.4641735,35.5928523],[129.4642907,35.5930429],[129.4637737,35.5930812],[129.463234,35.5928586],[129.46299,35.59281],[129.4626426,35.5931084],[129.4626986,35.5934255],[129.4629669,35.5937656],[129.4630561,35.5937529],[129.4633796,35.593635],[129.4634021,35.5936762],[129.4635542,35.5935942],[129.4636672,35.5934891],[129.4636448,35.5934295],[129.4637186,35.5933637],[129.4637482,35.5933778],[129.4637666,35.5933578],[129.4638473,35.59342],[129.4638701,35.5934411],[129.4638562,35.5935357],[129.4638416,35.5935749],[129.4637924,35.5936055],[129.4637703,35.5936571],[129.4634161,35.5938375],[129.4634515,35.5939618],[129.4634303,35.5939979],[129.4633995,35.5940292],[129.463616,35.5945268],[129.4632771,35.5944891],[129.4631773,35.5946034],[129.4630894,35.5949429],[129.4632725,35.5954432],[129.463448,35.5958465],[129.4634996,35.5961103],[129.4637706,35.5970096],[129.4636974,35.5971943],[129.4637382,35.5972918],[129.4636653,35.5973004],[129.4635234,35.5971474],[129.4635268,35.5968894],[129.4633587,35.5968437],[129.4632474,35.596854],[129.4631459,35.5969424],[129.4630748,35.5971049],[129.4631109,35.5972926],[129.4632953,35.5973058],[129.4633608,35.5971879],[129.4633555,35.5971712],[129.4633837,35.5971746],[129.4633921,35.5971641],[129.463402,35.5971654],[129.4634058,35.5971748],[129.4634146,35.5971811],[129.4634102,35.5972017],[129.4634237,35.5972302],[129.4634147,35.5972466],[129.4634356,35.5972501],[129.4634557,35.5972717],[129.4634631,35.5975969],[129.463605,35.5978607],[129.4638574,35.5980819],[129.4639076,35.5984442],[129.4642174,35.5988679],[129.4644225,35.5994635],[129.46413,35.60027],[129.4639593,35.6007046],[129.4636663,35.6013158],[129.4637935,35.6017605],[129.4633685,35.6021612],[129.4629063,35.6029833],[129.4629136,35.6036086],[129.4632736,35.6041616],[129.4628111,35.6044424],[129.4623726,35.6048841],[129.4620213,35.6053564],[129.4620225,35.6058507],[129.462169,35.6063],[129.4618101,35.6063],[129.4615512,35.6064758],[129.461456,35.606759],[129.4615329,35.6071274],[129.4611147,35.607382],[129.4607662,35.6077118],[129.4605065,35.6078391],[129.460479,35.608177],[129.4598974,35.6084498],[129.4598525,35.6084974],[129.4598077,35.6084948],[129.4597018,35.6083577],[129.4596881,35.6082946],[129.4597743,35.6082212],[129.4598136,35.6082672],[129.4602277,35.6080593],[129.4602061,35.6078442],[129.4599374,35.6067396],[129.4598377,35.6064885],[129.4591185,35.6064724],[129.4590775,35.6065833],[129.4586774,35.6068167],[129.4584255,35.607153],[129.4589882,35.6075996],[129.4591734,35.6076535],[129.4593008,35.6077092],[129.4593979,35.6076997],[129.459429,35.6078324],[129.4593388,35.6078624],[129.4590021,35.6077001],[129.4589089,35.6077776],[129.4585991,35.6075583],[129.4582012,35.6075514],[129.4574869,35.6080639],[129.4574428,35.6083337],[129.4572897,35.6084836],[129.4571305,35.6089269],[129.4572296,35.6096413],[129.4572443,35.6102904],[129.4571427,35.6108099],[129.4573273,35.6110693],[129.4577936,35.6115945],[129.457824,35.6117811],[129.4578799,35.6118029],[129.4580469,35.6119291],[129.4585728,35.6122449],[129.4586506,35.6124877],[129.4585536,35.6127053],[129.458357,35.6126436],[129.4582437,35.6124725],[129.4581818,35.612458],[129.4580134,35.6127378],[129.4579474,35.6127378],[129.4578632,35.6125279],[129.4577461,35.6123538],[129.4575345,35.6123478],[129.4574425,35.6125063],[129.4574531,35.6125919],[129.4575721,35.612647],[129.457627,35.6127073],[129.4578007,35.6127172],[129.4578031,35.6127744],[129.4576674,35.6128214],[129.4578271,35.6129668],[129.4582068,35.6133127],[129.4584118,35.6132713],[129.45855,35.61338],[129.4577595,35.613982],[129.4560527,35.6141517],[129.4554447,35.6138938],[129.4546064,35.6139344],[129.4541897,35.6139568],[129.4536026,35.6139827],[129.4529286,35.6139775],[129.4527627,35.6140785],[129.4526626,35.6141531],[129.4525258,35.6141808],[129.4523942,35.614148],[129.4523402,35.6140947],[129.452348,35.614073],[129.4522509,35.614087],[129.4522282,35.614111],[129.4522775,35.6141794],[129.452277,35.6142661],[129.4521589,35.6145108],[129.4521124,35.6146989],[129.4521915,35.6147282],[129.4525387,35.6148575],[129.4527447,35.6152519],[129.4527798,35.6153315],[129.4527729,35.6157006],[129.4528912,35.6158956],[129.4529198,35.6160176],[129.4527093,35.6161169],[129.4526133,35.6160818],[129.4524789,35.6159009],[129.4525306,35.6158203],[129.4524309,35.6156882],[129.4521416,35.6158099],[129.451145,35.6144512],[129.4507702,35.6144402],[129.4507145,35.6146947],[129.4500946,35.6148242],[129.4495849,35.616589],[129.4498196,35.6169449],[129.4506394,35.6180818],[129.4511993,35.6180827],[129.4511959,35.6173414],[129.4514195,35.6173379],[129.4514138,35.6180815],[129.4523818,35.6180663],[129.4537139,35.616551],[129.4537349,35.6164836],[129.4536792,35.6164771],[129.4536774,35.6164039],[129.4536755,35.6163439],[129.4538188,35.6162015],[129.4540012,35.616177],[129.4542031,35.61624],[129.4542433,35.6164346],[129.4523397,35.6185763],[129.4515542,35.6186131],[129.4511388,35.6187913],[129.4507517,35.6189187],[129.4507512,35.6189357],[129.4507456,35.6189663],[129.4505643,35.6191274],[129.4502957,35.6192814],[129.4499715,35.6194051],[129.4497625,35.6194499],[129.4492651,35.6201111],[129.4492059,35.6203161],[129.4493069,35.620501],[129.4493512,35.6205094],[129.4493632,35.6204706],[129.4493812,35.6204669],[129.4495001,35.6205314],[129.449585,35.6207417],[129.4495478,35.6207595],[129.4494191,35.620615],[129.4493364,35.6206823],[129.4491881,35.6206256],[129.4491908,35.620577],[129.4491568,35.6205509],[129.4491282,35.620518],[129.4491513,35.6204952],[129.4491233,35.6204691],[129.4491054,35.6204694],[129.4490961,35.6204826],[129.4490643,35.6204681],[129.4490462,35.6204838],[129.4489796,35.6204881],[129.4489215,35.6204918],[129.4485938,35.6206072],[129.4482197,35.6208123],[129.4473377,35.6215667],[129.4468625,35.621808],[129.44601,35.62243],[129.4450117,35.6233681],[129.444906,35.6234675],[129.4443364,35.6242281],[129.4437324,35.6250347],[129.442811,35.6274348],[129.4422022,35.6289415],[129.4417472,35.6298412],[129.4416178,35.6301579],[129.4414883,35.6306709],[129.4413718,35.6316092],[129.4412229,35.6318548],[129.4411692,35.6322224],[129.4411717,35.6325424],[129.4412245,35.6329165],[129.4413415,35.633188],[129.4414587,35.6333413],[129.4415792,35.6334655],[129.4417189,35.6335488],[129.4418456,35.6335897],[129.4419783,35.633608],[129.4421163,35.633598],[129.4420687,35.6335072],[129.4421094,35.6333545],[129.442084,35.6333177],[129.4420875,35.6332676],[129.4422277,35.6332387],[129.4422938,35.6332538],[129.4423112,35.6333007],[129.4423378,35.633446],[129.4423059,35.633628],[129.4423951,35.6337542],[129.4424404,35.6339266],[129.4424725,35.6339521],[129.4425127,35.6339644],[129.442593,35.6339625],[129.4426009,35.6340011],[129.4427239,35.6340185],[129.4427586,35.6340466],[129.4427379,35.6340944],[129.4426251,35.6341135],[129.4426531,35.634157],[129.4425845,35.6342094],[129.4426314,35.634398],[129.4428202,35.6345808],[129.4428591,35.6346229],[129.4428892,35.6346266],[129.4428862,35.6345972],[129.4429236,35.6345273],[129.4430372,35.6345137],[129.4431525,35.6345396],[129.4431425,35.6345775],[129.4431743,35.6345941],[129.4432472,35.6345622],[129.44338,35.6345394],[129.4434455,35.6346139],[129.4434079,35.6346323],[129.443367,35.6347044],[129.4432655,35.6346787],[129.4432815,35.6347309],[129.4434174,35.6347729],[129.4434005,35.6347889],[129.4433351,35.6347938],[129.4433021,35.6348255],[129.4432539,35.6348268],[129.443226,35.6348952],[129.443235,35.6350106],[129.4432876,35.6351292],[129.4433571,35.6352939],[129.4433294,35.635464],[129.4432803,35.6355755],[129.443161,35.6356972],[129.4431873,35.6357839],[129.4431428,35.6358154],[129.4430782,35.6357955],[129.4430205,35.6357371],[129.4429114,35.6357825],[129.4426126,35.6360397],[129.4420366,35.6369748],[129.4417671,35.6383419],[129.4416611,35.6391657],[129.4416237,35.6400324],[129.4414377,35.642492],[129.4415339,35.6438381],[129.4417634,35.6446063],[129.4421826,35.6451936],[129.44245,35.6454257],[129.4427343,35.6455313],[129.4430266,35.6456188],[129.4430616,35.6454269],[129.4431236,35.6454328],[129.443156,35.645201],[129.4432194,35.6452071],[129.4431586,35.6455413],[129.4436616,35.645873],[129.4439655,35.6460019],[129.4441198,35.6460143],[129.444215,35.6460587],[129.444373,35.646237],[129.4448723,35.6463438],[129.4452837,35.6462725],[129.4458559,35.6461084],[129.4458335,35.6458021],[129.4453111,35.6453409],[129.445279,35.6453076],[129.445302,35.6452184],[129.4454195,35.6451647],[129.4455341,35.6452241],[129.4459054,35.6456099],[129.4460337,35.6457936],[129.4461431,35.6462364],[129.4464155,35.6464734],[129.4475692,35.6475807],[129.4478146,35.6476936],[129.448057,35.6480766],[129.4482902,35.6481695],[129.4485083,35.6486531],[129.4485688,35.6490809],[129.4487428,35.6496455],[129.448891,35.6497376],[129.4489564,35.6496656],[129.4490276,35.6496522],[129.4491833,35.6497535],[129.4491518,35.6498459],[129.4490503,35.6498677],[129.4490207,35.6498027],[129.4489096,35.6498386],[129.4489207,35.6499616],[129.4491062,35.650105],[129.4491904,35.6500896],[129.449299,35.6502455],[129.4492572,35.6502729],[129.4492064,35.6502147],[129.449176,35.6502866],[129.4491997,35.6503237],[129.4493283,35.6504535],[129.4494595,35.6503674],[129.4497558,35.6503723],[129.4497256,35.650524],[129.4495549,35.6504005],[129.4495934,35.6505319],[129.4496544,35.6506525],[129.4497251,35.6505722],[129.4498012,35.6505791],[129.4498615,35.6507124],[129.4496816,35.6506881],[129.4496759,35.650731],[129.4496994,35.6507579],[129.4499155,35.6507856],[129.4499371,35.6510393],[129.4497873,35.6510651]]},"properties":{"axis":"수변경관축","sub":"동해안 수변경관축","new":false,"lbl":"","note":"해안선(natural=coastline)","source":"2030 경주시 경관계획 재정비 (2025.04) §4.3 경관축 (T1) — 선형은 OSM (T4)"}},{"type":"Feature","geometry":{"type":"LineString","coordinates":[[129.4870458,35.7380486],[129.4871786,35.7381483],[129.48713,35.7383554],[129.4869988,35.7383429],[129.4869972,35.7384429],[129.4869042,35.7384472],[129.4868626,35.7383436],[129.4867824,35.7384198],[129.4866577,35.7383676],[129.4866636,35.7382689],[129.4864332,35.7382374],[129.4864852,35.7381163],[129.4866148,35.738054],[129.4867048,35.7380107],[129.4867538,35.7378448],[129.4869213,35.7378642],[129.4870458,35.7380486]]},"properties":{"axis":"수변경관축","sub":"동해안 수변경관축","new":false,"lbl":"","note":"해안선(natural=coastline)","source":"2030 경주시 경관계획 재정비 (2025.04) §4.3 경관축 (T1) — 선형은 OSM (T4)"}},{"type":"Feature","geometry":{"type":"LineString","coordinates":[[129.2708344,35.8504694],[129.2689669,35.8506656],[129.2669415,35.8504882],[129.266443,35.8503482],[129.2659118,35.8501966],[129.2631207,35.8486381],[129.2621035,35.848075],[129.2610862,35.8476124],[129.2594488,35.8472605],[129.2589686,35.8471611],[129.2582827,35.8470192],[129.2563971,35.8462449],[129.2552132,35.8455365],[129.2537905,35.844861],[129.2516361,35.8438189],[129.2503048,35.8432258],[129.2488668,35.8427068],[129.2479522,35.842159],[129.2468649,35.8414341],[129.2456606,35.8409316],[129.2446444,35.8406885],[129.2436739,35.8405114],[129.2428558,35.840462],[129.2420124,35.8405979],[129.2412959,35.8408162],[129.2405185,35.8410593],[129.2391415,35.84157],[129.2383387,35.8419407],[129.2373479,35.8422867],[129.2363215,35.8426574],[129.2349038,35.8430075],[129.2325513,35.84358],[129.2320635,35.8435347],[129.2305544,35.8439507],[129.2296753,35.844342],[129.2279884,35.845034],[129.2249702,35.8464591],[129.2239997,35.8472005],[129.2237151,35.8476206],[129.2230139,35.8482342],[129.2221959,35.8488644],[129.2213931,35.8496387],[129.2209357,35.8499599],[129.2203514,35.8502647],[129.2195486,35.850866],[129.2188169,35.8514302],[129.2180903,35.851978],[129.2174958,35.852361],[129.205195,35.8596564],[129.2036395,35.8599632],[129.2026588,35.8605068]]},"properties":{"axis":"수변경관축","sub":"북천 수변경관축","new":false,"lbl":"북천 수변경관축","note":"OSM waterway 북천","source":"2030 경주시 경관계획 재정비 (2025.04) §4.3 경관축 (T1) — 선형은 OSM (T4)"}},{"type":"Feature","geometry":{"type":"LineString","coordinates":[[129.5699181,36.0002814],[129.5702689,36.0004934],[129.5707204,36.0006473],[129.5708072,36.0007649],[129.570821,36.0008829],[129.5708448,36.0009615],[129.5706531,36.0009204],[129.5705973,36.0009298],[129.5706315,36.0010561],[129.5705827,36.0011331],[129.570465,36.0011996],[129.5704746,36.0013853],[129.5705303,36.0015119],[129.5704659,36.0016627],[129.5704298,36.0018535],[129.5704242,36.0020483],[129.5704594,36.0022581],[129.5705394,36.0024664],[129.5706427,36.0026587],[129.5707698,36.0028408],[129.5709181,36.0029946],[129.5711244,36.0031563],[129.5712971,36.0032974],[129.5714761,36.003408],[129.5717096,36.0035188],[129.5719507,36.0035977],[129.5722035,36.0036643],[129.5724727,36.0037075],[129.5726602,36.003725],[129.5727838,36.0037098],[129.5729122,36.0036939],[129.5733788,36.0035715],[129.57346,36.0035612],[129.5735969,36.0036801],[129.573781,36.0036856],[129.5737794,36.0038181],[129.5737418,36.0038184],[129.5737435,36.0039443],[129.5743253,36.0039501],[129.5745071,36.0029293],[129.5748247,36.0028567],[129.5749956,36.0041025],[129.575185,36.0044437],[129.5753198,36.0043999],[129.575485,36.0046844],[129.575519,36.0047827],[129.575404,36.0049236],[129.575456,36.0050973],[129.5757379,36.0056439],[129.5758142,36.0057509],[129.575877,36.0058036],[129.575933,36.0058049],[129.5759858,36.0058639],[129.5760392,36.0059462],[129.5760866,36.0061135],[129.5760875,36.0063496],[129.5761219,36.0064978],[129.5759151,36.0067585],[129.5758476,36.0069221],[129.5758405,36.0069777],[129.5758665,36.0070141],[129.5766177,36.0072211],[129.5767746,36.0071976],[129.5768047,36.0073205],[129.576152,36.007434],[129.5761765,36.0075012],[129.5762983,36.0076387],[129.5763591,36.0076876],[129.5764441,36.0077345],[129.5769713,36.007936],[129.5771467,36.0079931],[129.5772877,36.0080179],[129.5774204,36.0080266],[129.5778795,36.0080054],[129.5781323,36.0078978],[129.57828,36.0079822],[129.578387,36.0083143],[129.5782994,36.0085491],[129.578187,36.0086771],[129.578129,36.0087985],[129.5781081,36.0089606],[129.5780693,36.009076],[129.5780057,36.009186],[129.57783,36.0093338],[129.5777309,36.0094557],[129.5776726,36.0096088],[129.5775337,36.0096608],[129.5774227,36.0097242],[129.5773041,36.0098636],[129.5772393,36.0099901],[129.5772135,36.0101102],[129.5774114,36.010217],[129.5772725,36.0103432],[129.5772163,36.0105201],[129.5771488,36.0108015],[129.5771271,36.0110593],[129.5771582,36.0112385],[129.5771904,36.0113874],[129.5772535,36.0116246],[129.577328,36.0117222],[129.5774723,36.0118285],[129.5776797,36.0119682],[129.57782,36.0119777],[129.5780471,36.0119447],[129.5782269,36.0120527],[129.5784913,36.0123069],[129.5782516,36.0125495],[129.5782376,36.0125991],[129.5782554,36.0126773],[129.5784474,36.0127425],[129.5786596,36.0127433],[129.5790856,36.0127044],[129.5792929,36.0127185],[129.5799069,36.0130667],[129.5802469,36.0131861],[129.5803376,36.0132247],[129.580866,36.0130677],[129.5815253,36.0136389],[129.5816761,36.0139913],[129.5809772,36.014015],[129.5810305,36.0143416],[129.5811623,36.0147464],[129.5812475,36.0150417],[129.5814652,36.0151425],[129.5822614,36.0154694],[129.582417,36.015533],[129.5826219,36.0154312],[129.5830815,36.0156741],[129.5830728,36.0158158],[129.5828899,36.0158074],[129.5827766,36.0160135],[129.5833224,36.0161722],[129.5838506,36.0162194],[129.5838522,36.0161533],[129.5839617,36.0161128],[129.5840885,36.0161807],[129.5840945,36.0162649],[129.5840508,36.0163132],[129.5839255,36.0163324],[129.5839197,36.0164645]]},"properties":{"axis":"수변경관축","sub":"동해안 수변경관축","new":false,"lbl":"","note":"해안선(natural=coastline)","source":"2030 경주시 경관계획 재정비 (2025.04) §4.3 경관축 (T1) — 선형은 OSM (T4)"}},{"type":"Feature","geometry":{"type":"LineString","coordinates":[[129.4226701,36.0008432],[129.4224201,36.0010248],[129.4221799,36.0012248],[129.4217163,36.0015798],[129.4216037,36.0016661],[129.4215295,36.0017694],[129.4212426,36.0020197],[129.4210844,36.0021798],[129.4209449,36.0023409],[129.4206673,36.0027271],[129.4200799,36.0035745],[129.4200021,36.0037003],[129.4199377,36.00376],[129.4197394,36.003938],[129.4195609,36.0041234],[129.4193812,36.0043827],[129.4192226,36.004642],[129.4189694,36.0051552],[129.4187468,36.0056434],[129.418555,36.0061001],[129.4183995,36.0062585],[129.4182144,36.0063421],[129.4180521,36.0063757],[129.4179368,36.0063594],[129.4178966,36.0063225],[129.4179033,36.0062531],[129.4179945,36.0061685],[129.4181031,36.0060155],[129.4181514,36.0058636],[129.418146,36.0056358],[129.4180602,36.0054286],[129.4178697,36.0052355],[129.4177276,36.0050836],[129.4175861,36.0049507],[129.4175372,36.004955],[129.4175144,36.0049653],[129.417503,36.0049881],[129.4175144,36.0050391],[129.4177946,36.0053852],[129.417977,36.0056391],[129.4180012,36.0057432],[129.4179717,36.0058669],[129.4179341,36.005958],[129.4177759,36.0062412],[129.417745,36.0062965],[129.417743,36.0063415],[129.4177665,36.0063741],[129.4180803,36.0065905],[129.4182419,36.0066974],[129.4185673,36.0069114],[129.4193792,36.0074264],[129.4195287,36.0075023],[129.4201121,36.0078772],[129.4210763,36.0084988],[129.4224523,36.0093808],[129.4231752,36.0098581],[129.423607,36.0101608],[129.4238015,36.0102649],[129.4238953,36.0103083],[129.4239999,36.0103289],[129.4244385,36.0103262],[129.4244619,36.0103409],[129.424474,36.0103615],[129.4244666,36.010381],[129.4244076,36.0104146],[129.4242682,36.0104569],[129.4241649,36.0104813],[129.424016,36.0104949],[129.4236023,36.0108339],[129.4231684,36.0111718],[129.4232382,36.0120158],[129.4233629,36.0129336],[129.4233938,36.0135042],[129.4234192,36.014359],[129.4234756,36.0153006],[129.4235158,36.0158191],[129.4235708,36.0164081],[129.4236606,36.017392],[129.4237196,36.0185309],[129.423788,36.0194595],[129.4238015,36.0198424],[129.4236942,36.0198445],[129.4235905,36.0198452],[129.4230947,36.0198722],[129.4230672,36.019864],[129.4230585,36.0198489],[129.4229894,36.0188992],[129.42298,36.0188818],[129.42297,36.0188759],[129.4223664,36.0189061],[129.4223482,36.0189073],[129.4223413,36.0189062],[129.4223363,36.0189043],[129.4223306,36.0189012],[129.4223279,36.0188968],[129.4223262,36.0188742],[129.4222659,36.0178712],[129.4221673,36.0168295],[129.4220889,36.0158017],[129.4220527,36.0152854],[129.4220184,36.0147818],[129.422004,36.0145442],[129.4220029,36.0144726],[129.4221231,36.0144642],[129.4223229,36.0144528],[129.4225381,36.0144447],[129.4225562,36.0144414],[129.422565,36.0144273],[129.4225475,36.0138047],[129.4225177,36.0134762],[129.4225096,36.0134611],[129.4225006,36.0134537],[129.4217346,36.013368],[129.421401,36.0133357],[129.4213052,36.0133282],[129.4212805,36.0131646],[129.4212778,36.0131543],[129.4212681,36.0131511],[129.4212426,36.013149],[129.4204125,36.0130811],[129.4195367,36.0129781],[129.4180079,36.0128427],[129.4179921,36.0128471],[129.4179888,36.0128555],[129.4181769,36.0148862],[129.4182453,36.015882],[129.4183069,36.0168637],[129.4182992,36.0168728],[129.4182801,36.0168789],[129.4180588,36.0168626],[129.4177397,36.016829],[129.4171348,36.0167465],[129.4161116,36.0166706],[129.4160794,36.0166555],[129.4160686,36.0166175],[129.4160807,36.0160903],[129.4160137,36.0154481],[129.4159305,36.0146389],[129.4157729,36.0125986],[129.4157461,36.0121612],[129.4157417,36.012152],[129.4157324,36.0121487],[129.4151969,36.0120853],[129.4146498,36.0120505],[129.4135138,36.0119486],[129.412514,36.0118211],[129.4124845,36.0118238],[129.4124698,36.0118401],[129.4124912,36.0125577],[129.4125536,36.0133404],[129.4126502,36.0148341],[129.4127809,36.0162996],[129.4127648,36.0163208],[129.412742,36.0163273],[129.4101436,36.0160783],[129.4101138,36.0160622],[129.4100967,36.0160371],[129.4097467,36.0112505],[129.4097386,36.0112169],[129.4097239,36.0111963],[129.4089467,36.0105399],[129.4081992,36.0098888],[129.4075942,36.0093971],[129.4070564,36.0089203],[129.4070437,36.0089178],[129.4070323,36.0089219],[129.4062813,36.0094914],[129.4054887,36.0101087],[129.4046934,36.0107271],[129.4039015,36.0113112],[129.4038907,36.0113248],[129.4038948,36.0113373],[129.4049817,36.0122643],[129.4061016,36.0132232],[129.4063885,36.0134868],[129.4066246,36.0137125],[129.4067687,36.0138389],[129.4067778,36.0138592],[129.4067796,36.0138678],[129.40678,36.0138721],[129.4067798,36.0138763],[129.4067774,36.0138794],[129.4067741,36.0138822],[129.4067674,36.0138866],[129.4067456,36.0138917],[129.4058253,36.014065],[129.4050146,36.0142646],[129.404981,36.0142668],[129.4049549,36.0142576],[129.4046411,36.0139576],[129.4042723,36.0136387],[129.403759,36.0132333],[129.4032021,36.012722],[129.4026915,36.0122797],[129.4026794,36.0122751],[129.4026673,36.0122781],[129.4025211,36.0123993],[129.4025164,36.0124104],[129.4025188,36.0124207],[129.4026475,36.012549],[129.4026623,36.0125664],[129.402661,36.0125832],[129.4011012,36.0137846],[129.4010798,36.0137956],[129.4010483,36.0138014],[129.4004434,36.0138372],[129.3999526,36.0138958],[129.3988127,36.0139988],[129.3971638,36.0141845],[129.3971517,36.0141836],[129.397145,36.014179],[129.3960486,36.0125604],[129.3950495,36.0109435],[129.3950301,36.010936],[129.3950026,36.0109364],[129.3923237,36.0122534],[129.3923147,36.0122613],[129.3923163,36.0122702],[129.39272,36.0128566],[129.3928716,36.0131343],[129.3933195,36.0139782],[129.3942835,36.0156809],[129.3947846,36.016548],[129.395477,36.0177721],[129.3955805,36.0179517],[129.3963584,36.0193336],[129.3967849,36.0200745],[129.3969968,36.0204433],[129.3972161,36.0207844],[129.3972395,36.0208039],[129.3972731,36.0208132],[129.3979704,36.0209357],[129.3982923,36.0209976],[129.398704,36.0210844],[129.3993357,36.0212156],[129.3999055,36.0213248],[129.4002932,36.0214],[129.4006684,36.0214667],[129.4006748,36.021471],[129.4006761,36.0214785],[129.4006446,36.0215532],[129.4006446,36.0215624],[129.4006754,36.0216253],[129.4006828,36.0216269],[129.4006959,36.0216256],[129.4009249,36.02149],[129.4009376,36.0214863],[129.4009531,36.02149],[129.4011254,36.0217015],[129.4013098,36.0218783],[129.4016209,36.0222232],[129.4022258,36.0229803],[129.4025342,36.0233285],[129.4028842,36.02377],[129.4034851,36.0244652],[129.4046491,36.0258037],[129.405779,36.0270721],[129.4057877,36.0270987],[129.4057844,36.0271204],[129.4055302,36.0272945],[129.4055135,36.0273096],[129.4055121,36.0273346],[129.4065388,36.0284946],[129.4071382,36.0291778],[129.4073421,36.0294045],[129.4075392,36.0296084],[129.4076589,36.0297486],[129.4076757,36.0297546],[129.4076948,36.0297548],[129.4083459,36.0295639],[129.4083647,36.0295504],[129.4083694,36.029533],[129.408304,36.0293484],[129.4083047,36.0293359],[129.408314,36.0293289],[129.4095924,36.0289707],[129.4109443,36.0285965],[129.4116054,36.0283948],[129.4125509,36.0281171],[129.4142917,36.0276074],[129.4183921,36.0264232],[129.4184052,36.0264254],[129.4184139,36.0264365],[129.4185993,36.0268123],[129.4186114,36.0268248],[129.4186489,36.026827],[129.4195166,36.0265661],[129.4195676,36.0265466],[129.4196065,36.0265162],[129.4196333,36.0265087],[129.4196789,36.026507],[129.423269,36.026744],[129.425392,36.0268948],[129.4264401,36.0269555],[129.4271006,36.027],[129.4277282,36.0270293],[129.4283947,36.0270716],[129.4296513,36.0271117],[129.4308892,36.0272115],[129.4314867,36.0272446],[129.4317475,36.0272635],[129.4318172,36.0272825],[129.4318622,36.0273031],[129.4319024,36.02734],[129.4319366,36.0273942],[129.4319326,36.0275407],[129.4318923,36.0278557],[129.4318306,36.0283915],[129.4317596,36.0293058],[129.4317381,36.0297646],[129.4316885,36.0300759],[129.4316664,36.0301957],[129.4316268,36.0303047],[129.4315544,36.0303817],[129.4314229,36.0304327],[129.4311802,36.0304945],[129.4309509,36.0304945],[129.4308771,36.0304988],[129.4302924,36.0306442],[129.4291484,36.030976],[129.4268323,36.0316506],[129.4222153,36.0329951],[129.4186416,36.0340491],[129.418541,36.0340903],[129.4184786,36.0341266],[129.4184384,36.0341494],[129.41837,36.0341852],[129.4167861,36.0346537],[129.4144305,36.0353505],[129.4128218,36.0358076],[129.4122485,36.0359819],[129.4120966,36.0360288],[129.4119927,36.0360594],[129.4119092,36.0360847],[129.4118728,36.0360045],[129.4119729,36.035909],[129.4119659,36.0358877],[129.4119515,36.0358441],[129.4119454,36.0358152],[129.411866,36.0356753],[129.4118549,36.035666],[129.4118341,36.0356666],[129.4110221,36.0359095],[129.4100793,36.0361806],[129.4053189,36.0375665],[129.4052766,36.0375788],[129.4052179,36.0375958],[129.4051755,36.0376082],[129.4050836,36.037635],[129.4050541,36.0376435],[129.4049685,36.0376685],[129.404926,36.0376808],[129.4014741,36.0386857],[129.4014177,36.0386982],[129.4013661,36.038689],[129.4008833,36.0382856],[129.4000277,36.0376457],[129.3984452,36.0364355],[129.3954204,36.0343933],[129.3950495,36.0341342],[129.3947498,36.0339054],[129.3947032,36.0338761],[129.3946847,36.033869],[129.3946549,36.0338606],[129.3946247,36.0338473],[129.3942609,36.0335768],[129.3941416,36.0334884],[129.3940745,36.0334363],[129.3940028,36.0333723],[129.3939116,36.0332639],[129.393813,36.0331603],[129.393286,36.0327048],[129.3929292,36.0324304],[129.3924344,36.032117],[129.3903873,36.0306073],[129.3891674,36.0300195],[129.3877217,36.0293384],[129.3862036,36.0286941],[129.3856926,36.0284891],[129.3853869,36.0283525],[129.3851257,36.0282112],[129.3848761,36.0280518],[129.3839148,36.0294346],[129.3830883,36.0309709]]},"properties":{"axis":"수변경관축","sub":"동해안 수변경관축","new":false,"lbl":"동해안 수변경관축","note":"해안선(natural=coastline)","source":"2030 경주시 경관계획 재정비 (2025.04) §4.3 경관축 (T1) — 선형은 OSM (T4)"}},{"type":"Feature","geometry":{"type":"LineString","coordinates":[[129.4564706,36.0000371],[129.4565067,35.9998955],[129.4566404,35.9997595],[129.4567067,35.9996455],[129.4567975,35.9994455],[129.4568414,35.9992823],[129.4568839,35.999056],[129.4571085,35.998913],[129.457153,35.9987542],[129.4572246,35.9986475],[129.4572407,35.9984908],[129.457418,35.9983189],[129.4578842,35.9979293],[129.4579343,35.9975302],[129.457849,35.9975302],[129.4578037,35.9966642],[129.4576241,35.9965837],[129.4575931,35.9960989],[129.4568287,35.995393],[129.4566191,35.9951213],[129.4563933,35.994614],[129.456196,35.9938761],[129.4561738,35.9938153],[129.4561624,35.9937568],[129.4561658,35.9937018],[129.4562642,35.9935246],[129.4562746,35.9934576],[129.4562638,35.9934073],[129.4561749,35.9932742],[129.4560753,35.9931726],[129.4559915,35.9931323],[129.4532866,35.9920869],[129.4530107,35.9919732],[129.4506931,35.9914294],[129.4504364,35.9913713],[129.4501131,35.991331],[129.4497273,35.9913328],[129.4492636,35.9913517],[129.4474904,35.9914755],[129.4466763,35.9915483],[129.4459154,35.9916212],[129.4452618,35.9917262],[129.4448359,35.9917812],[129.4442401,35.9919354],[129.4433011,35.9921446],[129.4429028,35.9922517],[129.4426687,35.9923286],[129.4424503,35.9924264],[129.4419954,35.9926716],[129.4415999,35.99285],[129.4410349,35.9930054],[129.4397099,35.9933699],[129.43687,35.9941499],[129.4359201,35.99441],[129.4312102,35.9961996],[129.430832,35.9964683],[129.4286017,35.9973947],[129.4274252,35.9978307],[129.4255849,35.9988906],[129.4226701,36.0008432]]},"properties":{"axis":"수변경관축","sub":"동해안 수변경관축","new":false,"lbl":"","note":"해안선(natural=coastline)","source":"2030 경주시 경관계획 재정비 (2025.04) §4.3 경관축 (T1) — 선형은 OSM (T4)"}},{"type":"Feature","geometry":{"type":"LineString","coordinates":[[129.2066708,35.7244848],[129.2063854,35.725246],[129.2059992,35.726448],[129.2055685,35.7274],[129.2050235,35.7278184],[129.2045524,35.7278892],[129.2018793,35.7290435],[129.2018364,35.7305938],[129.2022656,35.7329453],[129.2023514,35.7349658],[129.2016648,35.7364114],[129.198768,35.7390937],[129.1983689,35.7408806],[129.199549,35.742779],[129.2004846,35.7444056],[129.2011712,35.7484808],[129.2015943,35.7490048],[129.2019952,35.7495013],[129.2031453,35.7501352],[129.2036818,35.7512149],[129.2038964,35.7523642],[129.2048619,35.7558992],[129.2050121,35.7571529],[129.2050207,35.7598797],[129.2047203,35.7616558],[129.2040981,35.7627527],[129.204304,35.7644834],[129.2035959,35.7658241],[129.2034028,35.7687317],[129.2026733,35.7707338],[129.2017806,35.773878],[129.1994761,35.7754518],[129.1976688,35.7762249],[129.1971157,35.7764615],[129.1956244,35.777338],[129.1946846,35.7791763],[129.1960858,35.7810111],[129.1973947,35.782362],[129.1995855,35.7843716],[129.2015435,35.7892837],[129.2011712,35.7913959],[129.2019008,35.7961648],[129.202566,35.7988973],[129.2023814,35.8035901],[129.2023299,35.8058933],[129.2033599,35.8097565],[129.2033256,35.8113687],[129.2023171,35.8127956],[129.2011671,35.814342],[129.1997421,35.8162583],[129.1993774,35.8180504],[129.1983045,35.8204863],[129.197768,35.8237573],[129.1982187,35.8293942],[129.1994046,35.8318483],[129.2012442,35.8354133],[129.2016733,35.8368224],[129.1992507,35.8423042],[129.1992057,35.8424061],[129.199313,35.8455718],[129.200343,35.8500766],[129.2006219,35.8569812],[129.2018518,35.8591101],[129.2026588,35.8605068]]},"properties":{"axis":"수변경관축","sub":"형산강 수변경관축","new":false,"lbl":"","note":"OSM waterway 형산강","source":"2030 경주시 경관계획 재정비 (2025.04) §4.3 경관축 (T1) — 선형은 OSM (T4)"}},{"type":"Feature","geometry":{"type":"LineString","coordinates":[[129.4861615,35.7379132],[129.4862688,35.7378958],[129.4863074,35.7379863],[129.486243,35.7380604],[129.4861346,35.7380133],[129.4861615,35.7379132]]},"properties":{"axis":"수변경관축","sub":"동해안 수변경관축","new":false,"lbl":"","note":"해안선(natural=coastline)","source":"2030 경주시 경관계획 재정비 (2025.04) §4.3 경관축 (T1) — 선형은 OSM (T4)"}},{"type":"Feature","geometry":{"type":"LineString","coordinates":[[129.4872558,35.7383704],[129.4872719,35.7382833],[129.4874114,35.7382964],[129.4874071,35.7383913],[129.4872558,35.7383704]]},"properties":{"axis":"수변경관축","sub":"동해안 수변경관축","new":false,"lbl":"","note":"해안선(natural=coastline)","source":"2030 경주시 경관계획 재정비 (2025.04) §4.3 경관축 (T1) — 선형은 OSM (T4)"}},{"type":"Feature","geometry":{"type":"LineString","coordinates":[[129.2026588,35.8605068],[129.2028519,35.861491],[129.2033194,35.8626605],[129.2040612,35.8634841],[129.2054941,35.86523],[129.2064037,35.8663542],[129.2076689,35.8686724],[129.2106994,35.8728666],[129.211786,35.8743704],[129.2149115,35.880044],[129.2169467,35.8838131],[129.2182066,35.8854817],[129.2211141,35.8874839],[129.2258387,35.8889954],[129.2299576,35.8908798],[129.2315567,35.8921164],[129.2345368,35.895826],[129.2368143,35.9000458],[129.2378804,35.9044223],[129.2388495,35.9129196],[129.2388495,35.914065],[129.2388495,35.9220831],[129.2407158,35.9276357],[129.2410059,35.9284989],[129.2408121,35.9336193],[129.2407636,35.9362723],[129.2407152,35.938916],[129.2401337,35.9421331],[129.2392372,35.9442908],[129.2380742,35.9458012],[129.2357483,35.9496456],[129.2347306,35.952725],[129.2345126,35.9568044],[129.2344399,35.9600011],[129.2353364,35.9621976],[129.235724,35.9630409],[129.2363055,35.9644724],[129.2364751,35.9680807],[129.2364267,35.9700808],[129.2363155,35.9714614],[129.2364584,35.9724573],[129.237165,35.9740251],[129.237554,35.9745777],[129.2379828,35.9749246],[129.2416587,35.9783427],[129.2428231,35.9788487],[129.2452003,35.9798816],[129.2476837,35.9816216],[129.2490466,35.9835332],[129.2501975,35.9858858],[129.2506347,35.9869728],[129.2517061,35.9874018],[129.2529766,35.9876595],[129.2543906,35.9879463],[129.2558609,35.9873072],[129.2579507,35.9861309],[129.2609187,35.9839743],[129.2632204,35.9823569],[129.2668851,35.9803227],[129.2691565,35.9800286],[129.2711251,35.9801022],[129.2718194,35.9806105],[129.2730331,35.9814991],[129.2822098,35.9854937],[129.2847235,35.9866945],[129.2854201,35.9877728],[129.2861772,35.9900518],[129.2872978,35.9918652],[129.288691,35.993752],[129.2904476,35.9944871],[129.2919013,35.9944871],[129.2929208,35.9945012],[129.2954448,35.9945361],[129.3026831,35.9955407],[129.3065597,35.9964228],[129.3084406,35.9970778],[129.3115081,35.9981461],[129.3135255,35.9988486],[129.3235502,36.0024504],[129.3288502,36.0034304],[129.3326966,36.0035529],[129.3452058,36.0024187],[129.3467493,36.0022788],[129.3565922,36.0018133],[129.3630432,36.0042144],[129.3679482,36.007117],[129.3708267,36.0088204],[129.3757048,36.0135477],[129.3768485,36.0174225],[129.3830881,36.0288363],[129.3839148,36.0294346]]},"properties":{"axis":"수변경관축","sub":"형산강 수변경관축","new":false,"lbl":"형산강 수변경관축","note":"OSM waterway 형산강","source":"2030 경주시 경관계획 재정비 (2025.04) §4.3 경관축 (T1) — 선형은 OSM (T4)"}},{"type":"Feature","geometry":{"type":"LineString","coordinates":[[129.2581218,35.796719],[129.2575839,35.799337],[129.2567345,35.8014152],[129.2566472,35.8018982],[129.2575993,35.8029218],[129.2589208,35.8048252],[129.2590939,35.8051336],[129.259127,35.8055026],[129.2590196,35.8057712],[129.2585041,35.8061456],[129.2573574,35.8071559],[129.256154,35.8080514],[129.2555878,35.8089469],[129.2554887,35.8104968],[129.2551914,35.8111742],[129.2546676,35.811553],[129.2508736,35.8126896],[129.2501657,35.8131603],[129.2493163,35.81502],[129.2486934,35.8157662],[129.248057,35.8159402],[129.2474335,35.8161106],[129.2460602,35.8159614],[129.244772,35.8156859],[129.2436819,35.8152152],[129.2422521,35.8149741],[129.2418183,35.8149802],[129.2406099,35.8149971],[129.2399587,35.8152267],[129.2387129,35.8160073],[129.2379767,35.8167076],[129.2374486,35.8171894],[129.2355984,35.8188772],[129.2338549,35.8217544],[129.2329795,35.8227138],[129.2323423,35.8232966],[129.2316938,35.8239448],[129.231304,35.8240169],[129.2308417,35.8242952],[129.229964,35.8245822],[129.2288598,35.8243756],[129.2279425,35.8240855],[129.226807,35.8240427],[129.2262407,35.8242149],[129.2259318,35.8243731],[129.2258342,35.8246962],[129.2259636,35.8251968],[129.226135,35.8258103],[129.2262245,35.8279067],[129.2263857,35.8281789],[129.2263857,35.8285504],[129.2261668,35.8289995],[129.2260916,35.8296372],[129.2262245,35.8303788],[129.2258911,35.8307612],[129.2252163,35.8310644],[129.2244032,35.8310776],[129.2232486,35.830926],[129.2223623,35.8306359],[129.2220045,35.8304118],[129.2216549,35.8298712],[129.2213462,35.8291983],[129.2210398,35.8289126],[129.2208404,35.8288247],[129.2206141,35.8288115],[129.220344,35.8288369],[129.2196864,35.8289998],[129.2182806,35.8292515],[129.2171097,35.8293241],[129.2163163,35.8292777],[129.2153846,35.8291207],[129.2145774,35.828858],[129.21422,35.8287052],[129.212714,35.8278922],[129.2117347,35.8271534],[129.2092305,35.8254462],[129.2078042,35.8248876],[129.2071032,35.8248454],[129.2060457,35.8249347],[129.2054581,35.8251708],[129.2027911,35.8269904],[129.2020169,35.8274609],[129.2014577,35.8280715],[129.2004982,35.8293636],[129.1994656,35.8299569],[129.1992867,35.8307084],[129.1994046,35.8318483]]},"properties":{"axis":"수변경관축","sub":"남천 수변경관축","new":true,"lbl":"남천 수변경관축","note":"OSM waterway 남천","source":"2030 경주시 경관계획 재정비 (2025.04) §4.3 경관축 (T1) — 선형은 OSM (T4)"}},{"type":"Feature","geometry":{"type":"LineString","coordinates":[[129.1554585,35.9482357],[129.155826,35.948353],[129.1558447,35.9484767],[129.1557857,35.9486787],[129.156113,35.9490717],[129.1562793,35.9492541],[129.1564804,35.949582],[129.1565046,35.949836],[129.1564482,35.9499619],[129.1563168,35.9501118],[129.1563892,35.9502138],[129.1566119,35.9504071],[129.1567486,35.9506264],[129.1568747,35.9510063],[129.1568533,35.9512647],[129.1567782,35.9514927],[129.1567808,35.9516501],[129.1568164,35.9517891],[129.1568727,35.951883],[129.1570182,35.9520431],[129.1571242,35.9523449],[129.1571765,35.9525089],[129.1572435,35.9527336],[129.1572355,35.9528454],[129.1571872,35.9531277],[129.157147,35.9532406],[129.1569927,35.9534349],[129.1568345,35.9535847],[129.156644,35.9537671],[129.1564308,35.9540146],[129.1562699,35.9542578],[129.1562109,35.9543805],[129.1561626,35.9545368],[129.1561599,35.9546182],[129.1561666,35.9549515],[129.1561277,35.955059],[129.1558287,35.9553466],[129.155716,35.9554726],[129.1556047,35.9556387],[129.1553324,35.9563009],[129.1551822,35.9565799],[129.1550897,35.9567253],[129.1548403,35.9570933],[129.1546673,35.9572062],[129.1544339,35.9573474],[129.1540664,35.9575504],[129.1539471,35.9576307],[129.1539256,35.9576687],[129.1538867,35.957901],[129.153821,35.9580736],[129.1537446,35.9583211],[129.1534643,35.9588552],[129.1532645,35.9590875],[129.1531438,35.9592503],[129.1529882,35.9596476],[129.1528648,35.9599147],[129.1528192,35.9601209],[129.1527843,35.9604032],[129.1526395,35.961074],[129.1526797,35.961315],[129.1525644,35.9615864],[129.1524571,35.9621356],[129.1523632,35.9625872],[129.1522211,35.9631104],[129.1520494,35.9637834],[129.1518214,35.9643023],[129.1517812,35.9644998],[129.1516793,35.9649752],[129.1515827,35.9652575],[129.1515586,35.9653964],[129.1515854,35.9656634],[129.1516498,35.9658045],[129.1518214,35.9662127],[129.151808,35.9663885],[129.1516685,35.9672547],[129.1516712,35.9676259],[129.1516846,35.967932],[129.1516766,35.9681599],[129.1517141,35.9685224],[129.1517785,35.9686809],[129.1518643,35.9690456],[129.1519502,35.9695015],[129.1520494,35.9698792],[129.1521165,35.9701592],[129.152264,35.9706151],[129.1523471,35.9708712],[129.1524786,35.9711339],[129.1527039,35.97139],[129.1531786,35.971924],[129.153471,35.9721346],[129.1537365,35.9724038],[129.1539377,35.9731896],[129.1541281,35.9737539],[129.1542435,35.9739667],[129.1545841,35.974785],[129.1551769,35.9763392],[129.1559601,35.9789005],[129.156636,35.9808973],[129.1575399,35.9818892],[129.1582018,35.9820461],[129.1598288,35.9825909],[129.1607882,35.9830778],[129.1613899,35.9834462],[129.162577,35.9843147],[129.1631803,35.9848405],[129.1635354,35.9851513],[129.1642112,35.9859044],[129.1645611,35.9861713],[129.165483,35.986688],[129.1663992,35.9872826],[129.1676974,35.9879033],[129.168549,35.9880173],[129.1696366,35.9878708],[129.1714324,35.9877525],[129.1724986,35.9878382],[129.1740667,35.9882459],[129.1751948,35.9887925],[129.176221,35.98928],[129.1766102,35.9893914],[129.1768987,35.9894406],[129.1773803,35.9894507],[129.178258,35.9896495],[129.1787334,35.9898484],[129.1790854,35.9899984],[129.1793731,35.9901484],[129.1797298,35.9905923],[129.1814411,35.9914668],[129.1828439,35.9917793],[129.184354,35.9922394],[129.1854384,35.9930728],[129.1862385,35.9940537],[129.1881498,35.9959505],[129.1893613,35.9963577],[129.1926554,35.9969405],[129.194177,35.997168],[129.1952992,35.9969324],[129.1964703,35.9965126],[129.1972848,35.9958072],[129.1990506,35.9952268],[129.2022732,35.9937896],[129.2130666,35.9879112],[129.2162844,35.9871913],[129.2191078,35.987004],[129.22369,35.986738],[129.2265079,35.9861026],[129.2286944,35.9848815],[129.2331137,35.9815547],[129.2379642,35.980508],[129.2414134,35.9796358],[129.2428231,35.9788487]]},"properties":{"axis":"수변경관축","sub":"칠평천 수변경관축","new":false,"lbl":"칠평천 수변경관축","note":"OSM waterway 칠평천","source":"2030 경주시 경관계획 재정비 (2025.04) §4.3 경관축 (T1) — 선형은 OSM (T4)"}},{"type":"Feature","geometry":{"type":"LineString","coordinates":[[129.3414391,35.7673244],[129.3410705,35.7674595],[129.3408327,35.7675077],[129.3385733,35.7669674],[129.3383534,35.7669722],[129.3375626,35.7671893],[129.3373248,35.7672376],[129.3366087,35.7672359],[129.3362709,35.7672241],[129.3359685,35.7672696],[129.3356005,35.7673823],[129.3353152,35.7675174],[129.3349881,35.767583],[129.334719,35.7675575],[129.3342452,35.7675003],[129.3338766,35.7674848],[129.3332769,35.7674753],[129.332925,35.7674691],[129.332267,35.7676178],[129.331724,35.7677972],[129.3310976,35.7680063],[129.3306162,35.7681934],[129.3301051,35.7684531],[129.3298214,35.7686077],[129.3289062,35.7691336],[129.328512,35.7693556],[129.3282399,35.7694471],[129.3275591,35.7697542],[129.3272248,35.7699049],[129.3266346,35.7701224],[129.3257546,35.7702382],[129.3250174,35.7704794],[129.3243991,35.7711741],[129.3241137,35.7718205],[129.3237089,35.7721363],[129.3234953,35.7723029],[129.3223776,35.7730554],[129.3217711,35.7732001],[129.3202966,35.7731229],[129.3194048,35.7729879],[129.3179303,35.7730168],[129.3169195,35.7734703],[129.3158612,35.7740588],[129.3149931,35.7747341],[129.3142254,35.7750159],[129.3138278,35.7752447],[129.3132357,35.7752909],[129.3122556,35.775275],[129.3114377,35.7752454],[129.3092021,35.774763],[129.3082098,35.7745917],[129.3044813,35.773615]]},"properties":{"axis":"수변경관축","sub":"남천 수변경관축","new":true,"lbl":"","note":"OSM waterway 남천","source":"2030 경주시 경관계획 재정비 (2025.04) §4.3 경관축 (T1) — 선형은 OSM (T4)"}},{"type":"Feature","geometry":{"type":"LineString","coordinates":[[129.129886,35.8313657],[129.1309366,35.8300919],[129.1320986,35.8290782],[129.1330592,35.8270206],[129.1334077,35.8255601],[129.1340108,35.824761],[129.1352316,35.8239858],[129.1372615,35.8232464],[129.1395414,35.8230913],[129.1421743,35.8224234],[129.1434952,35.8223329],[129.144469,35.8225785],[129.1472784,35.8234849],[129.1480139,35.8234849],[129.1502349,35.8231748],[129.1522501,35.8224473],[129.1552508,35.8213262],[129.1574718,35.8210161],[129.159487,35.8210638],[129.1604954,35.8212444],[129.1618993,35.8210518],[129.1631937,35.8206463],[129.1658707,35.8193821],[129.1693421,35.8176765],[129.1712837,35.8167581],[129.1723645,35.8165386],[129.1738122,35.816693],[129.1749495,35.8166321],[129.1761833,35.8163581],[129.1770416,35.8159144],[129.1781037,35.8147964],[129.17849,35.8144571],[129.1792142,35.8140352],[129.1806626,35.8136393],[129.1838061,35.8128693],[129.1867281,35.8121649],[129.1883906,35.8119528],[129.1894072,35.8119667],[129.1910992,35.812377],[129.1930045,35.8133919],[129.1938078,35.8142856],[129.1946484,35.8147401],[129.196479,35.8156944],[129.1980855,35.8170425],[129.1991129,35.8177241],[129.1993774,35.8180504]]},"properties":{"axis":"수변경관축","sub":"대천 수변경관축","new":true,"lbl":"","note":"OSM waterway 대천","source":"2030 경주시 경관계획 재정비 (2025.04) §4.3 경관축 (T1) — 선형은 OSM (T4)"}},{"type":"Feature","geometry":{"type":"LineString","coordinates":[[129.379698,36.0369764],[129.3795292,36.0373364],[129.3794115,36.0375323],[129.3792912,36.0377104],[129.3788445,36.038589],[129.3783467,36.0398298],[129.3781291,36.0403161],[129.3778674,36.0407672],[129.377782,36.0409622],[129.3777235,36.0411579],[129.3776947,36.0413353],[129.3776691,36.0415183],[129.3776339,36.0417256],[129.3775556,36.0420106],[129.3775008,36.0422495],[129.3774595,36.0425362],[129.3774342,36.0427969],[129.3774317,36.0431564],[129.3774188,36.0434152],[129.377375,36.0436435],[129.3772991,36.0439269],[129.377237,36.0441778],[129.377203,36.0444353],[129.3771911,36.044639],[129.3772074,36.0448846],[129.3772383,36.0451755],[129.3772737,36.0454192],[129.3773479,36.0457034],[129.3774299,36.0457407],[129.377512,36.0457619],[129.3776039,36.0457717],[129.3776796,36.0457721],[129.3777628,36.0457663],[129.3778452,36.0457677],[129.3779296,36.0457802],[129.3779984,36.0457955],[129.3780679,36.0458228],[129.3781667,36.0458775],[129.3782321,36.0458993],[129.3782827,36.0459137],[129.3783478,36.04592],[129.378406,36.0459195],[129.3784662,36.0459153],[129.378545,36.0459115],[129.3786098,36.0459142],[129.3786793,36.0459227],[129.3787422,36.0459365],[129.3788037,36.0459609],[129.3789067,36.0460098],[129.3789645,36.0460361],[129.379028,36.04605],[129.3792937,36.0460782],[129.3793954,36.0460832],[129.3795183,36.0460776],[129.3796213,36.0460748],[129.3797215,36.0460821],[129.3798095,36.0461049],[129.3799198,36.04615],[129.3799901,36.0461842],[129.3800719,36.0462065],[129.3803061,36.046244],[129.3802201,36.0465889],[129.3801469,36.0466721],[129.3800567,36.0470142],[129.3771327,36.0465266],[129.3762187,36.049944]]},"properties":{"axis":"수변경관축","sub":"동해안 수변경관축","new":false,"lbl":"","note":"해안선(natural=coastline)","source":"2030 경주시 경관계획 재정비 (2025.04) §4.3 경관축 (T1) — 선형은 OSM (T4)"}},{"type":"Feature","geometry":{"type":"LineString","coordinates":[[129.3830883,36.0309709],[129.3831634,36.0312021],[129.3832223,36.0313499],[129.3832867,36.0315048],[129.3837146,36.0317714],[129.3835631,36.031999],[129.3834283,36.0322114],[129.3831966,36.0325237],[129.3830414,36.0327216],[129.3828698,36.0329157],[129.3821594,36.033555],[129.381978,36.0337405],[129.3817232,36.0340407],[129.3815337,36.0342311],[129.3812435,36.0344871],[129.3810767,36.0346419],[129.3809107,36.0348175],[129.3807842,36.0349969],[129.3806969,36.035173],[129.380517,36.0355976],[129.3804207,36.035819],[129.3801462,36.036321],[129.3800245,36.0365252],[129.3798129,36.0368128],[129.379698,36.0369764]]},"properties":{"axis":"수변경관축","sub":"동해안 수변경관축","new":false,"lbl":"","note":"해안선(natural=coastline)","source":"2030 경주시 경관계획 재정비 (2025.04) §4.3 경관축 (T1) — 선형은 OSM (T4)"}},{"type":"Feature","geometry":{"type":"LineString","coordinates":[[129.0438867,35.8899182],[129.0438904,35.8900588],[129.0437919,35.8906238],[129.0438776,35.8909717],[129.0441978,35.8913839],[129.0444241,35.8918301],[129.0445778,35.8923225],[129.0447611,35.8925693],[129.0450886,35.8926819],[129.0452707,35.8927224],[129.0458389,35.8927512],[129.0466858,35.8926402],[129.0469873,35.8926507],[129.047192,35.892713],[129.0474567,35.8928527],[129.0476322,35.8930135],[129.0477195,35.8934434],[129.0477678,35.8939088],[129.0476935,35.8940631],[129.0475336,35.894809],[129.0476388,35.8950543],[129.0478821,35.8951819],[129.0483338,35.895173],[129.0505844,35.8941544],[129.0509232,35.894077],[129.0512359,35.8940869],[129.0515707,35.8941942],[129.0520641,35.8943824],[129.0524208,35.8943745],[129.0527835,35.8942673],[129.0535326,35.8937622],[129.0539948,35.8935685],[129.0559143,35.8933992],[129.0564521,35.8932021],[129.0570284,35.8926212],[129.0574637,35.8923618],[129.0581168,35.8923203],[129.0588083,35.8923099],[129.0602424,35.8923411],[129.0615358,35.8921958],[129.0625089,35.8920195],[129.0629315,35.8916875],[129.0629827,35.8914074],[129.0633669,35.8907539],[129.0637126,35.8902456],[129.0641992,35.8899758],[129.0651468,35.8893742],[129.0660431,35.8888658],[129.0661071,35.8884509],[129.0658126,35.8873719],[129.0658126,35.8866872],[129.0661328,35.8863241],[129.0670419,35.8858262],[129.0677718,35.8852141],[129.0682152,35.8846461],[129.0687194,35.8840002],[129.0714212,35.8818319],[129.0715512,35.881677],[129.0718566,35.8813131],[129.0721976,35.8803836],[129.0728746,35.8783337],[129.0740079,35.8751294],[129.0755701,35.8738427],[129.0760054,35.8736352],[129.0766201,35.8735937],[129.0792323,35.8736352],[129.0800903,35.8734796],[129.0803862,35.8732617],[129.0805376,35.8730703],[129.0807322,35.8723923],[129.0809098,35.8711553],[129.0810762,35.8702629],[129.0815372,35.8697545],[129.0820121,35.8695322],[129.0824464,35.869329],[129.0835467,35.8688641],[129.0838933,35.8687168],[129.0853558,35.8680078],[129.0858653,35.8677621],[129.0870306,35.866932],[129.0879766,35.8661491],[129.0880588,35.866081],[129.0882343,35.8659358],[129.0888673,35.8655738],[129.089694,35.8652924],[129.0911282,35.8649085],[129.092191,35.8647528],[129.093345,35.8647226],[129.0945558,35.8645383],[129.0945984,35.8645245],[129.0971082,35.863767],[129.0978124,35.8631651],[129.0998484,35.8615047],[129.1012698,35.8603527],[129.1027168,35.858329],[129.1037924,35.8566374],[129.1044198,35.8557864],[129.1057259,35.8547797],[129.107429,35.8527247],[129.1091833,35.8509499],[129.1098477,35.8505233],[129.1108992,35.849848],[129.1113345,35.8496629],[129.1118622,35.8493558],[129.1123333,35.8490816],[129.1137419,35.8477012],[129.114395,35.8469227],[129.1147279,35.8463311],[129.115048,35.8459989],[129.1160852,35.8453658],[129.1171352,35.844525],[129.117259,35.8443381],[129.1180031,35.8432146],[129.1181596,35.8429784],[129.1189023,35.8421168],[129.1195426,35.8418677],[129.1199274,35.8418225],[129.1213097,35.8416601],[129.1215546,35.8414994],[129.1217958,35.8413403],[129.1224063,35.8410586],[129.1234737,35.8400304],[129.1239056,35.8377835],[129.1242292,35.8371753],[129.1250823,35.8361021],[129.125656,35.8356609],[129.1262444,35.8355536],[129.1274358,35.8352555],[129.1281936,35.834438],[129.1284492,35.8341589],[129.1284521,35.8340705],[129.1287596,35.8336933],[129.1289361,35.8331806],[129.128932,35.8326172],[129.1292744,35.8321073],[129.1298223,35.831443]]},"properties":{"axis":"수변경관축","sub":"대천 수변경관축","new":true,"lbl":"대천 수변경관축","note":"OSM waterway 대천","source":"2030 경주시 경관계획 재정비 (2025.04) §4.3 경관축 (T1) — 선형은 OSM (T4)"}},{"type":"Feature","geometry":{"type":"LineString","coordinates":[[129.493665,35.7784811],[129.4934665,35.7788609],[129.4933146,35.7790354],[129.4932359,35.7791599],[129.4929175,35.7798522],[129.4926391,35.7799462],[129.4923535,35.7803647],[129.4918988,35.7813877],[129.4920405,35.7814403],[129.4919203,35.7817436],[129.4919413,35.7821595],[129.4918507,35.7826302],[129.491794,35.7830279],[129.491559,35.7840776],[129.4915304,35.7842783],[129.4915251,35.7845217],[129.4915224,35.7845992],[129.4915151,35.7847883],[129.4915425,35.7853368],[129.4915764,35.7858295],[129.4915906,35.787058],[129.4915916,35.7872287],[129.4916223,35.7874828],[129.4916759,35.7877864],[129.491829,35.788368],[129.4919175,35.7885641],[129.4921226,35.7888607],[129.4922493,35.7890335],[129.4924655,35.7892638],[129.4926192,35.7894112],[129.4928025,35.7894883],[129.4930759,35.7893739],[129.4935867,35.7896061],[129.493558,35.78966],[129.4936654,35.7897402],[129.4939495,35.789783],[129.4943472,35.7898044],[129.4933173,35.7907037],[129.4935696,35.7908771],[129.493627,35.790934],[129.4936061,35.7910512],[129.494104,35.7913011],[129.4941828,35.7913759],[129.4942469,35.7915065],[129.4942922,35.7915005],[129.4943048,35.7915428],[129.4943791,35.7915288],[129.4943782,35.7915028],[129.4958686,35.7914451],[129.496289,35.7912483],[129.4964918,35.7912495],[129.4965915,35.7912597],[129.4968587,35.7911815],[129.4970686,35.7910807],[129.4971972,35.791084],[129.4974145,35.7909594],[129.4975363,35.7909734],[129.4977402,35.7910735],[129.4977486,35.7911808],[129.4976858,35.7913695],[129.4976883,35.791471],[129.4975844,35.7915506],[129.4976883,35.7917458],[129.4979462,35.7919632],[129.4980214,35.7919717],[129.4981783,35.7918903],[129.4983428,35.7919529],[129.4982505,35.7920381],[129.4984361,35.7921895],[129.4985317,35.7922102],[129.4985059,35.7923008],[129.4985781,35.7924038],[129.4987258,35.7924703],[129.4988585,35.7925933],[129.4989348,35.7926151],[129.498965,35.792687],[129.4991872,35.7928233],[129.4994619,35.7929595],[129.4997019,35.7930612],[129.5004007,35.793223],[129.5005029,35.7931787],[129.5006281,35.7932204],[129.5006406,35.7932857],[129.5005821,35.7933207],[129.5006564,35.7933955],[129.5008105,35.7934378],[129.5009239,35.7933969],[129.5009793,35.7934863],[129.5009311,35.7935245],[129.5010066,35.7936692],[129.5009699,35.7937176],[129.5009646,35.793817],[129.5009355,35.7939215],[129.5008249,35.794042],[129.5006286,35.7942304],[129.5005575,35.7943397],[129.5001723,35.7945667],[129.4999721,35.7947483],[129.4998562,35.7948841],[129.4998196,35.7949768],[129.4997881,35.7951098],[129.4997692,35.7953003],[129.4997576,35.7955083],[129.4997652,35.7957245],[129.4998028,35.7959855],[129.4998565,35.7962457],[129.4998715,35.7963484],[129.4998629,35.7964401],[129.4998229,35.7965473],[129.499679,35.796764],[129.4995483,35.7969973],[129.4993765,35.7974241],[129.4992047,35.7978302],[129.4991599,35.7979896],[129.4991209,35.7982573],[129.4991002,35.7984459],[129.4991157,35.7990554],[129.4991223,35.7993],[129.4991462,35.7994596],[129.4991879,35.7996256],[129.4993237,35.7999369],[129.4993819,35.800088],[129.4994413,35.8002022],[129.4995542,35.8003663],[129.4996498,35.8005066],[129.4997658,35.8006372],[129.499943,35.8007964],[129.500501,35.8012409],[129.5006487,35.8013311],[129.5007861,35.8013839],[129.5010007,35.8014036],[129.5012633,35.8014134],[129.5014714,35.8014067],[129.5016977,35.8013587],[129.5018326,35.8013189],[129.502096,35.8012311],[129.5023314,35.8012306],[129.5024583,35.8011683],[129.5023839,35.8010911],[129.5025205,35.8010573],[129.5026379,35.801111],[129.5033226,35.8009034],[129.5034425,35.8008119],[129.5035206,35.8008762],[129.5036856,35.8008533],[129.5038436,35.8009173],[129.5041088,35.8010814],[129.5042895,35.8012621],[129.5044184,35.8014513],[129.504737,35.8019907],[129.5049066,35.8022034],[129.5053744,35.8025555],[129.505558,35.8027671],[129.5057365,35.8030355],[129.5058228,35.8033365],[129.505684,35.8036366],[129.5056553,35.8043106],[129.504898,35.8044466],[129.5036774,35.8046469],[129.5031549,35.804651]]},"properties":{"axis":"수변경관축","sub":"동해안 수변경관축","new":false,"lbl":"","note":"해안선(natural=coastline)","source":"2030 경주시 경관계획 재정비 (2025.04) §4.3 경관축 (T1) — 선형은 OSM (T4)"}},{"type":"Feature","geometry":{"type":"LineString","coordinates":[[129.5031549,35.804651],[129.5028477,35.8053005],[129.5028106,35.8057843],[129.5035996,35.8074386],[129.5039639,35.807676],[129.5039343,35.8077122],[129.5049657,35.8083774],[129.5050704,35.8084491],[129.5055298,35.8087447],[129.5062217,35.8087638],[129.5091639,35.8070632],[129.508907,35.8067865],[129.5092854,35.8065066],[129.5095629,35.8063503],[129.5096831,35.8065329],[129.5099054,35.8067503],[129.5101118,35.806911],[129.5102989,35.8068841],[129.5103921,35.8068873],[129.510725,35.8070073],[129.5107654,35.8070412],[129.5108456,35.80705],[129.510914,35.8070015],[129.5110792,35.8069734],[129.5111989,35.8069215],[129.5112047,35.8068163],[129.511395,35.8067278],[129.5115085,35.8067189],[129.5115908,35.8066883],[129.5116383,35.8067288],[129.5115845,35.806872],[129.5115671,35.80697],[129.5115946,35.8070561],[129.51163,35.807155],[129.5116834,35.8072239],[129.5117415,35.807271],[129.5118188,35.8073032],[129.5118213,35.8073758],[129.5119072,35.8077567],[129.5119276,35.8078839],[129.5119317,35.8079717],[129.5119197,35.8080518],[129.5118888,35.8081241],[129.5118345,35.8081965],[129.5117727,35.808262],[129.5116896,35.8083222],[129.5116617,35.8083998],[129.5116303,35.8084478],[129.5115696,35.8084844],[129.5114501,35.8085189],[129.5113296,35.8085262],[129.5112511,35.8085425],[129.5112405,35.8085107],[129.511144,35.808556],[129.511078,35.8086101],[129.5110237,35.8086745],[129.5109847,35.8087519],[129.5109589,35.8088403],[129.5109274,35.8090658],[129.5109501,35.8092035],[129.5108072,35.8093593],[129.5107184,35.8094864],[129.5106609,35.8095955],[129.5106287,35.809701],[129.5106056,35.8098024],[129.5106001,35.8098931],[129.5106094,35.8099673],[129.5106438,35.8100488],[129.5107097,35.8101435],[129.5107217,35.8101912],[129.5107131,35.8102419],[129.5106118,35.8104095],[129.5105704,35.8104015],[129.5105679,35.8104448],[129.510608,35.8106514],[129.5105405,35.8106746],[129.5104678,35.8107167],[129.5103774,35.8108182],[129.5103164,35.8109041],[129.5102825,35.8109715],[129.5102519,35.8110661],[129.5102195,35.8112121],[129.51019,35.811433],[129.5101779,35.8115321],[129.5101801,35.8116297],[129.5102008,35.8117193],[129.5102572,35.8118585],[129.51022,35.8118905],[129.5103775,35.8123749],[129.5104982,35.8125366],[129.5105811,35.8126122],[129.5106675,35.8126133],[129.5105624,35.8128711],[129.5105974,35.8130536],[129.5106908,35.8131118],[129.5106768,35.813247],[129.5106884,35.8133982],[129.5108308,35.8137007],[129.510903,35.813711],[129.5110104,35.8138407],[129.5111636,35.8139652],[129.5117005,35.814638],[129.5120086,35.8149852],[129.5119871,35.8150041],[129.5121328,35.8151219],[129.512535,35.8151417],[129.5129509,35.8151442],[129.5129066,35.8152658]]},"properties":{"axis":"수변경관축","sub":"동해안 수변경관축","new":false,"lbl":"","note":"해안선(natural=coastline)","source":"2030 경주시 경관계획 재정비 (2025.04) §4.3 경관축 (T1) — 선형은 OSM (T4)"}},{"type":"Feature","geometry":{"type":"LineString","coordinates":[[129.5129066,35.8152658],[129.512904,35.8154247],[129.512871,35.8155778],[129.512986,35.8156935],[129.5131416,35.8157842],[129.5132761,35.8157474],[129.5133829,35.8159694],[129.5135796,35.8161638],[129.5136742,35.8161533],[129.5135871,35.8163482],[129.5136611,35.8164503],[129.5135302,35.8165084],[129.5135827,35.8165797],[129.5135764,35.8166624],[129.5133856,35.8166937],[129.5134009,35.8167891],[129.5133457,35.8168581],[129.5128062,35.816959],[129.5127063,35.8170413],[129.5125626,35.8172732],[129.5123576,35.8174383],[129.5122414,35.8175886],[129.5120978,35.8178043],[129.511808,35.8183187],[129.5114985,35.8186225],[129.5111978,35.8190962],[129.5110345,35.8192375],[129.5105928,35.8197619],[129.5104252,35.8199952],[129.510034,35.8207926],[129.5098674,35.8212324],[129.509653,35.8219956],[129.5095328,35.8225759],[129.5094435,35.8231381],[129.5094083,35.823449],[129.5094006,35.8238696],[129.5094251,35.8240282],[129.5094685,35.8242076],[129.5096122,35.824573],[129.5097162,35.8247014],[129.5098381,35.8248167],[129.5099487,35.8250054],[129.5101761,35.8251389],[129.5101895,35.82532],[129.5102596,35.8253612],[129.5102474,35.8254807],[129.5101578,35.8255846],[129.510117,35.8256785],[129.5101034,35.8257903],[129.5101226,35.8259269],[129.5101652,35.8260404],[129.5103075,35.8262533],[129.5103764,35.8262943],[129.5103843,35.826369],[129.5104326,35.8264658],[129.5104174,35.8265786],[129.5104201,35.8266376],[129.5104716,35.8267222],[129.5105786,35.8268369],[129.5107301,35.8269375],[129.5108949,35.8270183],[129.5111065,35.8270795],[129.5112621,35.827098],[129.5114799,35.8270933],[129.5116454,35.8272012],[129.5116217,35.8273314],[129.5117113,35.8274886],[129.5117053,35.8276359],[129.5119228,35.8280165],[129.51212,35.8282472],[129.5121809,35.8282882],[129.5122622,35.8283209],[129.5123515,35.8283335],[129.5124774,35.8283257],[129.512655,35.8282937],[129.5126781,35.8283366],[129.5125251,35.8283797],[129.5124073,35.8285279],[129.5124311,35.8286461],[129.5123256,35.8288837],[129.5123299,35.8290488],[129.5123689,35.8291317],[129.5124083,35.8291711],[129.5123969,35.8292411],[129.5124106,35.8293463],[129.5126615,35.8295404],[129.5127407,35.8295066],[129.5127941,35.8295718],[129.5127561,35.8296395],[129.5127755,35.8297271],[129.5128855,35.829726],[129.5129306,35.8297962],[129.5128278,35.829818],[129.5127894,35.8299651],[129.5129617,35.8302147],[129.5131278,35.8302279],[129.513206,35.8303201],[129.513149,35.8303884],[129.5131672,35.8304633],[129.5132928,35.8305768],[129.5136664,35.8306258],[129.5136322,35.8306848],[129.5135222,35.8307364],[129.513657,35.8307773],[129.5136963,35.8310431],[129.5136732,35.8311429],[129.5136568,35.8313362],[129.5136658,35.8314214],[129.5138007,35.8318203],[129.5139385,35.8319267],[129.5140395,35.8319598],[129.5140686,35.8320706],[129.5140496,35.8322871],[129.5142147,35.8326513],[129.5141829,35.832915],[129.514269,35.8329215],[129.5145449,35.8334933],[129.5145687,35.8336399],[129.5146023,35.8337124],[129.5146412,35.8337773],[129.515925,35.8348696],[129.5157513,35.8349874],[129.5159305,35.8350633],[129.5161055,35.8352537],[129.5160918,35.8353344],[129.5162264,35.8355567],[129.5164679,35.8356551],[129.5169039,35.8357473],[129.5168652,35.8358057],[129.5171925,35.8359638],[129.5173042,35.8359289],[129.5173744,35.83597],[129.5175166,35.8360018],[129.5174592,35.8360394],[129.5174264,35.8360826],[129.5174237,35.8361274],[129.5174395,35.8362302],[129.5175153,35.8363772],[129.5176416,35.8365115],[129.5177797,35.8365898],[129.5180056,35.8366518],[129.518054,35.8367219],[129.5179978,35.8368359],[129.518287,35.8370491],[129.5184422,35.8371536],[129.5185859,35.8372279],[129.5187811,35.8372839],[129.519148,35.8372871],[129.5191527,35.8372027],[129.519475,35.8372055],[129.5197654,35.8372604],[129.5199613,35.8372987],[129.5200927,35.8374146],[129.5202404,35.8374612],[129.5205163,35.8375271],[129.5206098,35.8375428],[129.5206004,35.8376],[129.5205396,35.8377174],[129.5202231,35.8380353],[129.5201361,35.8381617],[129.5198112,35.8384579],[129.5196407,35.8386684],[129.519535,35.8388443],[129.5193408,35.8392025],[129.5192602,35.839497],[129.5191369,35.8397229],[129.5191863,35.8397387],[129.519093,35.8398514],[129.5190068,35.8400255],[129.518994,35.8401122],[129.5189667,35.840175],[129.5188979,35.8402032],[129.5188418,35.8402839],[129.5187861,35.8404452],[129.5185609,35.8407809],[129.5185108,35.8408985],[129.5185055,35.8410237],[129.5183947,35.8412221],[129.518152,35.8414198],[129.5179892,35.8418922],[129.517746,35.8422355],[129.5176452,35.8426912],[129.5176163,35.8429197],[129.5175426,35.8429605],[129.5175312,35.8432935],[129.5175054,35.8433426],[129.517514,35.8434421],[129.5175309,35.8435169],[129.5175644,35.8435779],[129.5176255,35.8436695],[129.5176847,35.8437378],[129.5177915,35.8438237],[129.517596,35.8439407],[129.5175457,35.8439474],[129.5175381,35.8439915],[129.5177504,35.8443442],[129.5178214,35.8443426],[129.5179105,35.8442977],[129.5180439,35.8444675],[129.5181793,35.8445491],[129.5181616,35.8448224],[129.5182215,35.844901],[129.5182576,35.8450116],[129.5183268,35.8450889],[129.5184557,35.8451176],[129.5184758,35.8451625],[129.5186115,35.8452753],[129.5186407,35.8454541],[129.5185925,35.8455481],[129.5186601,35.8456889],[129.5184734,35.8458709],[129.5188644,35.8462371],[129.5188003,35.8463022],[129.5188124,35.8464543],[129.518853,35.8464908],[129.5188532,35.8466908]]},"properties":{"axis":"수변경관축","sub":"동해안 수변경관축","new":false,"lbl":"","note":"해안선(natural=coastline)","source":"2030 경주시 경관계획 재정비 (2025.04) §4.3 경관축 (T1) — 선형은 OSM (T4)"}},{"type":"Feature","geometry":{"type":"LineString","coordinates":[[129.5188532,35.8466908],[129.5189781,35.8469074],[129.5189496,35.8472581],[129.5188504,35.8472574],[129.5188447,35.8474209],[129.5187926,35.8475381],[129.5187467,35.847675],[129.5187485,35.8478039],[129.518756,35.8478754],[129.5187834,35.8479442],[129.5188409,35.848006],[129.518775,35.8480137],[129.518707,35.8480512],[129.5186866,35.8481906],[129.5186795,35.848274],[129.5186977,35.8483913],[129.5187484,35.8485848],[129.5188071,35.8487272],[129.5188575,35.8488032],[129.5189796,35.8489032],[129.5190816,35.8490902],[129.5191947,35.8491612],[129.5191442,35.8492464],[129.5191427,35.8493413],[129.5191707,35.8494764],[129.519251,35.8496052],[129.5193935,35.8497409],[129.5195709,35.8501462],[129.5196127,35.8503759],[129.5195845,35.850633],[129.5196046,35.8507456],[129.5196829,35.8509166],[129.5198322,35.8510082],[129.5200475,35.8513314],[129.5203419,35.8515545],[129.5205284,35.851579],[129.5205446,35.8514671],[129.5207021,35.8514973],[129.5208024,35.8515927],[129.5207408,35.8516592],[129.5208766,35.8517573],[129.5211464,35.8518858],[129.5214984,35.8520188],[129.5216277,35.8520526],[129.5222252,35.852139],[129.5227431,35.8521459],[129.5228948,35.8522136],[129.5230964,35.8522056],[129.5231402,35.8523223]]},"properties":{"axis":"수변경관축","sub":"동해안 수변경관축","new":false,"lbl":"","note":"해안선(natural=coastline)","source":"2030 경주시 경관계획 재정비 (2025.04) §4.3 경관축 (T1) — 선형은 OSM (T4)"}},{"type":"Feature","geometry":{"type":"LineString","coordinates":[[129.5256095,35.8538064],[129.5259563,35.8537547],[129.5261899,35.8537547],[129.5262394,35.8538465],[129.5260766,35.8539211],[129.5259563,35.8539096],[129.5256519,35.8538924],[129.5255882,35.853858],[129.5256095,35.8538064]]},"properties":{"axis":"수변경관축","sub":"동해안 수변경관축","new":false,"lbl":"","note":"해안선(natural=coastline)","source":"2030 경주시 경관계획 재정비 (2025.04) §4.3 경관축 (T1) — 선형은 OSM (T4)"}},{"type":"Feature","geometry":{"type":"LineString","coordinates":[[129.5284908,35.8599979],[129.5285337,35.859798],[129.5286088,35.8598066],[129.5286517,35.8598979],[129.5286517,35.8599849],[129.5286249,35.8600414],[129.5285659,35.8600371],[129.5284908,35.8599979]]},"properties":{"axis":"수변경관축","sub":"동해안 수변경관축","new":false,"lbl":"","note":"해안선(natural=coastline)","source":"2030 경주시 경관계획 재정비 (2025.04) §4.3 경관축 (T1) — 선형은 OSM (T4)"}},{"type":"Feature","geometry":{"type":"LineString","coordinates":[[129.5279114,35.8597067],[129.5278524,35.8596023],[129.5279382,35.8595545],[129.5280241,35.8595458],[129.5281528,35.8596327],[129.5281474,35.8596762],[129.5280026,35.859711],[129.5279114,35.8597067]]},"properties":{"axis":"수변경관축","sub":"동해안 수변경관축","new":false,"lbl":"","note":"해안선(natural=coastline)","source":"2030 경주시 경관계획 재정비 (2025.04) §4.3 경관축 (T1) — 선형은 OSM (T4)"}},{"type":"Feature","geometry":{"type":"LineString","coordinates":[[129.5257559,35.871203],[129.5255289,35.8712047],[129.5254645,35.8711752],[129.5252768,35.8711458],[129.5250233,35.8712204],[129.5248314,35.871307],[129.5247769,35.8713978],[129.5247452,35.8715711],[129.5246472,35.87159],[129.5246178,35.8714978],[129.5244473,35.8715603],[129.5242608,35.8717004],[129.5240433,35.8719065],[129.5240789,35.8720005],[129.5240016,35.8720421],[129.5241235,35.8722092],[129.5240685,35.8722997],[129.5238446,35.8723539],[129.5237323,35.8723452],[129.5236174,35.8721911],[129.5235991,35.8720659],[129.5234161,35.8720113],[129.5232363,35.8719866],[129.5230486,35.8719989],[129.5229401,35.8720201],[129.5228419,35.8720568],[129.522702,35.8721306],[129.5226011,35.8721893],[129.5223932,35.8723411],[129.5223311,35.8723945],[129.5223016,35.8724642],[129.5224153,35.8726249],[129.5223872,35.8727211],[129.5220786,35.872603],[129.5219024,35.872451],[129.5215644,35.8723562],[129.5215653,35.8722817],[129.5212662,35.872207],[129.5211209,35.8722042],[129.520924,35.872155],[129.5209071,35.8721936],[129.5206494,35.8721487],[129.5202797,35.872333],[129.5193981,35.8729658],[129.5193428,35.8730214],[129.5189977,35.8736294],[129.5189444,35.8736073],[129.5189107,35.8736918],[129.5187805,35.8742309],[129.5187501,35.8744464],[129.5187359,35.8747262],[129.518736,35.8750485],[129.5187688,35.8753835],[129.5188261,35.8756943],[129.5189216,35.8760116],[129.5190251,35.8762844],[129.5191591,35.8765336],[129.5193267,35.876773],[129.5195918,35.8771079],[129.5198625,35.8774114],[129.520075,35.8776811],[129.5200753,35.8777301],[129.5189403,35.8777358],[129.518905,35.8778165],[129.5188632,35.8782232],[129.5188321,35.8786157],[129.5188315,35.8789552],[129.518809,35.8791539],[129.5187961,35.879308],[129.5188136,35.8794599],[129.5188551,35.8795997],[129.5190348,35.8800577],[129.5190992,35.8800435],[129.5192165,35.8803369],[129.5192758,35.8804372],[129.5196789,35.8809816],[129.5199396,35.8809172],[129.5204217,35.8817832],[129.5223238,35.8818059],[129.5226152,35.881808],[129.5246571,35.8818252],[129.5263205,35.8812086],[129.5272339,35.8812857],[129.5275753,35.8813159],[129.5275233,35.8821093],[129.5279214,35.8824507],[129.5284579,35.8824016],[129.5286802,35.8830634],[129.5292369,35.8835897],[129.5288836,35.8837612],[129.528865,35.8837916],[129.5287447,35.8838496],[129.5287817,35.88412],[129.5288209,35.8841408],[129.5288655,35.8841774],[129.5289077,35.8842393],[129.5289306,35.8843081],[129.5289194,35.8843858],[129.5288817,35.8844438],[129.5288169,35.8844861],[129.5288492,35.8847955],[129.5288491,35.8848326],[129.5288227,35.884888],[129.5287646,35.8849705],[129.5285989,35.8852038],[129.5284806,35.8855217],[129.5287519,35.8856752],[129.5287157,35.8857433],[129.5286865,35.8857836],[129.5284271,35.8862893],[129.5283678,35.8864055],[129.5279516,35.8863341],[129.5279037,35.8863536],[129.5271907,35.8865948],[129.5270196,35.8866778],[129.5268201,35.8868567],[129.5262139,35.8874027],[129.5260892,35.8875849],[129.5259761,35.8878315],[129.525901,35.888059],[129.5258551,35.8882641],[129.5256168,35.8884896],[129.5254856,35.8886744],[129.5253902,35.8889079],[129.5252801,35.8892314],[129.5252193,35.8894826],[129.5251386,35.8898485],[129.5249467,35.891611],[129.5248638,35.8924557],[129.5248375,35.8928523],[129.5248381,35.8931481],[129.5248642,35.8937809],[129.5248867,35.894129],[129.5249375,35.8945753],[129.5249937,35.8948847],[129.5250568,35.895077],[129.5251741,35.8953448],[129.5253162,35.8954612],[129.5253493,35.8956143],[129.5252989,35.8958192],[129.5253316,35.8959052],[129.5255179,35.8960772],[129.52559,35.8960688],[129.5257541,35.8962354],[129.5258532,35.8962542],[129.5259637,35.8963153],[129.5260539,35.8965132],[129.5262039,35.8964816],[129.5261834,35.8965607],[129.5263109,35.8965916],[129.5263208,35.8966759],[129.526376,35.8967812],[129.5266044,35.8969612],[129.5266971,35.8969926],[129.5265583,35.8972178],[129.5270465,35.897716],[129.5270975,35.8977285],[129.5270757,35.8977698],[129.5271768,35.8978011],[129.5271979,35.8977695],[129.5276215,35.8979407],[129.5282453,35.8975722],[129.528404,35.8975637],[129.5284853,35.897597],[129.5285258,35.8978174],[129.5289993,35.897886],[129.5292034,35.8978653],[129.52933,35.8978805],[129.5293474,35.8980199],[129.5294921,35.8980351],[129.5298745,35.8980203],[129.5299533,35.8980996],[129.5300432,35.8981753],[129.5301331,35.8982879],[129.5302641,35.8983642],[129.5303487,35.8983862],[129.5305955,35.8983849],[129.5306407,35.8981404],[129.5317287,35.8982517],[129.5316784,35.8985866],[129.5318372,35.8985059],[129.5321273,35.8987783],[129.5324295,35.8988649],[129.5325673,35.8988774],[129.5330206,35.899142],[129.5333251,35.8992925],[129.5336229,35.8993502],[129.5335212,35.8994003],[129.5335323,35.8994571],[129.5334481,35.8995436],[129.533432,35.8996078],[129.533487,35.8996785],[129.5335621,35.8996808],[129.533597,35.8997482],[129.5335836,35.8998529],[129.533617,35.8999305],[129.5338405,35.9000184],[129.5334227,35.9010874],[129.5331073,35.9010223],[129.5330319,35.9010625],[129.5326683,35.9011252],[129.5322238,35.9014582],[129.5319858,35.9016795],[129.5323169,35.9020971],[129.5323607,35.9023849],[129.5324327,35.9024491],[129.532109,35.9027092],[129.5320557,35.9025145],[129.5319617,35.9025048],[129.5320143,35.9027203],[129.531818,35.9027512],[129.5317403,35.9025584],[129.5316627,35.9025527],[129.5317199,35.902841],[129.5315452,35.9027623],[129.531511,35.9025308],[129.5313506,35.9025097],[129.531321,35.9026893],[129.5311038,35.9026239],[129.5309981,35.9026653],[129.5309338,35.902773],[129.531211,35.9031774],[129.5312344,35.9034832],[129.531115,35.9035185],[129.53094,35.9034057],[129.5309012,35.9032832],[129.5307538,35.9033327],[129.5307477,35.9034312],[129.5303521,35.9035238],[129.530269,35.903607],[129.5303222,35.9038222],[129.5302526,35.9039141],[129.5296788,35.9041246],[129.5294368,35.9040047],[129.5293392,35.9040593],[129.5291528,35.9040026],[129.529002,35.9038497],[129.5286804,35.9037347],[129.5282698,35.9041557],[129.5280286,35.9042054],[129.5276996,35.9046435],[129.5276309,35.90489],[129.5275814,35.9049446],[129.5275373,35.9049268],[129.5274381,35.9050362],[129.5274337,35.9051274],[129.527388,35.905177],[129.5272661,35.905222],[129.5272354,35.905686],[129.5273302,35.9057665],[129.5273596,35.9059983],[129.5273364,35.906094],[129.5272708,35.9061617],[129.5272059,35.906266],[129.5271807,35.9063566],[129.5271826,35.9064339],[129.5271591,35.9065012],[129.5266684,35.9066534],[129.5264758,35.9067954],[129.5263247,35.9068649],[129.5261396,35.9070014],[129.5260406,35.9070884],[129.5260119,35.9071913],[129.525913,35.9073098],[129.5257865,35.9075777],[129.5257004,35.9080356],[129.5257066,35.9081186],[129.5257469,35.9083494],[129.5258058,35.9084517],[129.5259225,35.9085955],[129.5260741,35.9086581],[129.5270334,35.9089573],[129.5271689,35.9091069],[129.5271958,35.90943],[129.527172,35.9094799],[129.5269742,35.9096708],[129.5267255,35.9097893],[129.5264589,35.9096285],[129.5263696,35.9097457],[129.5262986,35.9098073],[129.5261853,35.9099723],[129.5262147,35.9101714],[129.5262147,35.9103712],[129.5261022,35.9103594],[129.5258246,35.9104446],[129.5257714,35.9104757],[129.5257269,35.9105251],[129.525734,35.9105483],[129.5255878,35.9107384],[129.5255683,35.9107937],[129.5255294,35.91112],[129.5255066,35.9112284],[129.5254814,35.9113193],[129.5255482,35.9113675],[129.5255247,35.911507],[129.5254877,35.9115507],[129.5254112,35.911591],[129.5253557,35.9116026],[129.525205,35.9119248],[129.5251568,35.9122013],[129.5249906,35.9123381],[129.5243962,35.9122618]]},"properties":{"axis":"수변경관축","sub":"동해안 수변경관축","new":false,"lbl":"","note":"해안선(natural=coastline)","source":"2030 경주시 경관계획 재정비 (2025.04) §4.3 경관축 (T1) — 선형은 OSM (T4)"}},{"type":"Feature","geometry":{"type":"LineString","coordinates":[[129.5267903,35.8965366],[129.5266781,35.8964639],[129.5265883,35.8964275],[129.5265771,35.8963412],[129.5266781,35.8963457],[129.5267622,35.8964184],[129.5268071,35.8964366],[129.5268856,35.8963957],[129.5269081,35.8964502],[129.52688,35.8965093],[129.5267903,35.8965366]]},"properties":{"axis":"수변경관축","sub":"동해안 수변경관축","new":false,"lbl":"","note":"해안선(natural=coastline)","source":"2030 경주시 경관계획 재정비 (2025.04) §4.3 경관축 (T1) — 선형은 OSM (T4)"}},{"type":"Feature","geometry":{"type":"LineString","coordinates":[[129.5301731,35.8979772],[129.5300833,35.8979227],[129.530016,35.89785],[129.5300272,35.8978],[129.5301002,35.8977772],[129.5301955,35.8977772],[129.530246,35.8978091],[129.5302741,35.8978727],[129.5303302,35.8978954],[129.5303021,35.897959],[129.5302348,35.8979727],[129.5301731,35.8979772]]},"properties":{"axis":"수변경관축","sub":"동해안 수변경관축","new":false,"lbl":"","note":"해안선(natural=coastline)","source":"2030 경주시 경관계획 재정비 (2025.04) §4.3 경관축 (T1) — 선형은 OSM (T4)"}},{"type":"Feature","geometry":{"type":"LineString","coordinates":[[129.5350987,35.8991224],[129.5349304,35.8991133],[129.5348462,35.8990633],[129.5348911,35.8990133],[129.5350706,35.899027],[129.5351211,35.8990042],[129.5351211,35.8989406],[129.5352445,35.898877],[129.5353287,35.8988634],[129.5353792,35.8987725],[129.5354521,35.8988225],[129.5354689,35.8988997],[129.5355026,35.8989951],[129.5354521,35.8990588],[129.5354128,35.8988997],[129.5353399,35.8989497],[129.5353623,35.8990451],[129.5353623,35.8991088],[129.5352165,35.8991224],[129.5350987,35.8991224]]},"properties":{"axis":"수변경관축","sub":"동해안 수변경관축","new":false,"lbl":"","note":"해안선(natural=coastline)","source":"2030 경주시 경관계획 재정비 (2025.04) §4.3 경관축 (T1) — 선형은 OSM (T4)"}},{"type":"Feature","geometry":{"type":"LineString","coordinates":[[129.5378948,35.8994878],[129.5378239,35.89942],[129.5377982,35.8993208],[129.5378433,35.8992634],[129.5379657,35.8992581],[129.538101,35.8992373],[129.5381784,35.8992529],[129.5381397,35.8993051],[129.5381848,35.8994043],[129.5382041,35.8995087],[129.5381655,35.8996079],[129.5381526,35.8996862],[129.538101,35.8995922],[129.5380366,35.899587],[129.5379464,35.89954],[129.5378948,35.8994878]]},"properties":{"axis":"수변경관축","sub":"동해안 수변경관축","new":false,"lbl":"","note":"해안선(natural=coastline)","source":"2030 경주시 경관계획 재정비 (2025.04) §4.3 경관축 (T1) — 선형은 OSM (T4)"}},{"type":"Feature","geometry":{"type":"LineString","coordinates":[[129.5505598,35.951954],[129.5505598,35.9517794],[129.5507139,35.9516747],[129.550757,35.95156],[129.5507323,35.9514203],[129.5508802,35.9513704],[129.5509542,35.9514851],[129.5510774,35.9513704],[129.5512376,35.9514502],[129.5513424,35.9514153],[129.5515026,35.9514402],[129.5515889,35.951525],[129.5514348,35.9516398],[129.5513362,35.9516547],[129.5512684,35.9515849],[129.5512253,35.951545],[129.551213,35.9516498],[129.5511945,35.9517495],[129.5510713,35.9518393],[129.5509665,35.9518842],[129.5508248,35.9518742],[129.5507878,35.951969],[129.5506954,35.9520239],[129.5505906,35.9519939],[129.5505598,35.951954]]},"properties":{"axis":"수변경관축","sub":"동해안 수변경관축","new":false,"lbl":"","note":"해안선(natural=coastline)","source":"2030 경주시 경관계획 재정비 (2025.04) §4.3 경관축 (T1) — 선형은 OSM (T4)"}},{"type":"Feature","geometry":{"type":"LineString","coordinates":[[129.5525378,35.9512806],[129.5524208,35.9511509],[129.5523715,35.9510312],[129.5524516,35.9509713],[129.5526549,35.9510013],[129.552735,35.9509763],[129.5528459,35.9509015],[129.552926,35.9508067],[129.5532157,35.9507918],[129.5533882,35.9508317],[129.5534868,35.9509115],[129.5534252,35.9509763],[129.5532526,35.9510162],[129.5531356,35.9510661],[129.5531047,35.9512208],[129.5530062,35.9512307],[129.5529014,35.9511509],[129.5527782,35.951096],[129.552698,35.951131],[129.5527104,35.9512806],[129.5526796,35.9513654],[129.5526241,35.9513704],[129.5525378,35.9512806]]},"properties":{"axis":"수변경관축","sub":"동해안 수변경관축","new":false,"lbl":"","note":"해안선(natural=coastline)","source":"2030 경주시 경관계획 재정비 (2025.04) §4.3 경관축 (T1) — 선형은 OSM (T4)"}},{"type":"Feature","geometry":{"type":"LineString","coordinates":[[129.5454367,35.9531068],[129.5453995,35.9529685],[129.5454641,35.9528639],[129.5455402,35.9528317],[129.5455897,35.9528403],[129.5460286,35.9525997],[129.5460881,35.952657],[129.5461257,35.9526306],[129.5460728,35.9525761],[129.5464206,35.9521697],[129.5466162,35.952021],[129.5467704,35.9519831],[129.5472618,35.9516122],[129.5473326,35.9515052],[129.5477484,35.9513153],[129.5478473,35.9512995],[129.5479519,35.9513308],[129.5480327,35.9513931],[129.5482624,35.9517181],[129.548379,35.9518191],[129.5485143,35.951896],[129.5485853,35.9519641],[129.5485982,35.9520646],[129.5485689,35.9521975],[129.5484589,35.9523042],[129.5483251,35.952375],[129.548139,35.9524131],[129.5479167,35.9524349],[129.5476296,35.9525707],[129.5475446,35.9527616],[129.5473674,35.9527832],[129.5471915,35.9527608],[129.5469096,35.952934],[129.5465183,35.9532873],[129.5462515,35.9536262],[129.5462597,35.953722],[129.5462127,35.9538585],[129.546214,35.9539906],[129.5462507,35.9540853],[129.5461532,35.9544166],[129.546138,35.9545127],[129.5461397,35.9545984],[129.5461727,35.9547052],[129.5463815,35.9551165],[129.5465017,35.9552314],[129.5464659,35.9554069],[129.5464775,35.9554799],[129.546565,35.955639],[129.5466916,35.9557901],[129.5465991,35.9558513],[129.5465924,35.9559069],[129.5466032,35.9559792],[129.5466658,35.9561011],[129.5466552,35.956292],[129.546818,35.956881],[129.546899,35.9569565],[129.5469644,35.9574158],[129.547019,35.9575255],[129.5471043,35.9576384],[129.5472274,35.9577219],[129.547586,35.9578527],[129.5476467,35.9579758],[129.5479555,35.9582802],[129.548117,35.9583636],[129.5481927,35.9584501],[129.548225,35.9585389],[129.5482794,35.9586017],[129.5483441,35.9586278],[129.5484572,35.9591543],[129.5485522,35.9592762],[129.5488471,35.9594665],[129.5490318,35.9595387],[129.5490123,35.9595725],[129.5493435,35.9597291],[129.5495418,35.9596255],[129.5497989,35.9596549],[129.5502059,35.9598786],[129.5502447,35.9599662],[129.5501342,35.9599891],[129.5497716,35.9599772],[129.5501833,35.9601494],[129.5498719,35.9606538],[129.5496047,35.9610226],[129.5495355,35.9611596],[129.5494979,35.9613069],[129.5494898,35.961439],[129.5495246,35.9615794],[129.5493876,35.9617756],[129.5494193,35.9618922],[129.5492896,35.9619388],[129.5492453,35.9619792],[129.5492828,35.9622573],[129.5495531,35.9623336],[129.5497188,35.962461],[129.5498148,35.9624787],[129.5498189,35.9625585],[129.5496808,35.962673],[129.5496032,35.9627001],[129.5495042,35.9626437],[129.5494275,35.9627944],[129.5492997,35.9628257],[129.5488055,35.962756],[129.5483993,35.9627136],[129.5482,35.9628093],[129.547942,35.962767],[129.5476526,35.9628331],[129.5476621,35.962913],[129.5474815,35.9629147],[129.5474428,35.9629895],[129.5473385,35.963193],[129.5472744,35.9634376],[129.54724,35.9636144],[129.547225,35.9637855],[129.5472405,35.9639454],[129.5472822,35.964098],[129.5473403,35.9642312],[129.5474359,35.9643872],[129.54756,35.9645277],[129.547717,35.9646545],[129.5478782,35.9647606],[129.5480133,35.9648837],[129.5479326,35.9650687],[129.5479051,35.9651977],[129.5479038,35.9653298],[129.5483348,35.9653352],[129.5482894,35.9657318],[129.5483429,35.9657999],[129.5485963,35.9658207],[129.5486855,35.96581],[129.5487653,35.9658723],[129.548806,35.9658645],[129.5488481,35.9658393],[129.5488918,35.9658642],[129.5489599,35.9658671],[129.5489872,35.9658976],[129.5489765,35.9659363],[129.5488721,35.9659566],[129.5487187,35.9659704],[129.5486589,35.965932],[129.5485291,35.9659504],[129.5485017,35.966159],[129.5488266,35.9665862],[129.5489003,35.9666377],[129.5490098,35.9666767],[129.5491565,35.9666961],[129.5492613,35.9667577],[129.5500432,35.966745],[129.550319,35.9666664],[129.5507134,35.966699],[129.5512319,35.9668175],[129.5512227,35.9668722],[129.5514484,35.9669383],[129.5517122,35.9669793],[129.5518659,35.9670397],[129.5525185,35.9671686],[129.5529322,35.9673288],[129.5536356,35.9677259],[129.5538886,35.9678201],[129.5542788,35.9680975],[129.5542503,35.9684052],[129.5542508,35.9690198],[129.5541867,35.9691799],[129.5540918,35.9692913],[129.5539513,35.9696114],[129.5538042,35.9700167],[129.5538421,35.9702639],[129.5537734,35.9704075],[129.5534435,35.9710218],[129.5534429,35.9711459],[129.5533157,35.9713529],[129.5531344,35.9716139],[129.553151,35.9716745],[129.5528942,35.9719178],[129.5526875,35.9720259],[129.5525822,35.9720856],[129.5524251,35.9721438],[129.5519984,35.9722925],[129.5520176,35.9723361],[129.5518474,35.9724058],[129.5517597,35.9724654],[129.5516889,35.972551],[129.5516411,35.9726585],[129.5515709,35.9729153],[129.5515329,35.9730251],[129.5514068,35.9734078],[129.5513478,35.9733956],[129.5513674,35.9734647],[129.5516543,35.9739326],[129.5517486,35.9740247],[129.5518589,35.9741097],[129.5519999,35.9741922],[129.5523808,35.9743401],[129.5524862,35.9743617],[129.5525802,35.9743589],[129.5527818,35.9743502],[129.5529435,35.9748464],[129.5531563,35.9748807],[129.5531399,35.9749471],[129.5530183,35.9749859],[129.5529153,35.9750267],[129.5527725,35.975139],[129.5526565,35.9752589],[129.5524455,35.9754382],[129.5523805,35.9755283],[129.5520475,35.976128],[129.5519796,35.9761722],[129.551951,35.9762661],[129.5519104,35.9764446],[129.5519177,35.9765842],[129.5518492,35.9766097],[129.5518134,35.9766351],[129.5518923,35.976686],[129.5519428,35.9767784],[129.5518905,35.9768674],[129.5515908,35.9770755],[129.5516708,35.9771081],[129.5517468,35.9772867],[129.5515902,35.9774119],[129.5515259,35.9775853],[129.55149,35.9777703],[129.551474,35.9779628],[129.551491,35.9781532],[129.551586,35.9785684],[129.5516412,35.9787295],[129.5517307,35.9789155],[129.5519463,35.9793231],[129.5522263,35.9797408],[129.5522879,35.979797],[129.5523728,35.9798439],[129.5524632,35.9798751],[129.5530667,35.9799814],[129.5535034,35.9800407],[129.5537383,35.9802252],[129.5539598,35.9803097],[129.5540487,35.9802467],[129.5540655,35.9801846],[129.5545985,35.9803641],[129.5546359,35.980332],[129.5546768,35.9803472],[129.5548358,35.9804062],[129.55491,35.9804431],[129.5550627,35.980527],[129.555143,35.9803474],[129.5558444,35.9808183],[129.5558517,35.980961],[129.5559496,35.9809801],[129.5560117,35.9808475],[129.5562828,35.9807348],[129.5564486,35.9809046],[129.5564636,35.9811026],[129.5563492,35.9813701],[129.5565676,35.9819154],[129.5566777,35.9820457],[129.556785,35.9823075],[129.5566515,35.9823383],[129.5573425,35.9825745],[129.5574589,35.982531],[129.5580462,35.9827325],[129.5584964,35.9840807],[129.5581856,35.9841989],[129.5548352,35.9830622],[129.5547603,35.9830861],[129.5546319,35.9829933],[129.5544974,35.9829305],[129.5543862,35.9829734],[129.5541793,35.9828624],[129.5540894,35.982747],[129.5538572,35.9827762],[129.5535968,35.9829233],[129.5536734,35.9830017],[129.5534721,35.9831332],[129.553558,35.9832937],[129.5536584,35.9833986],[129.5537031,35.9835013],[129.5536661,35.9836129],[129.5530021,35.9840786],[129.553213,35.984287],[129.553892,35.9838066],[129.5541133,35.9840144],[129.5529494,35.9848461],[129.5533076,35.9851842],[129.5530503,35.9853692],[129.5526929,35.9850261],[129.5519073,35.9855891],[129.5525404,35.9872993],[129.5526604,35.9873933],[129.5551545,35.9893884],[129.5557727,35.988885],[129.5563201,35.989333],[129.5555668,35.9899647],[129.5564141,35.9906751],[129.5583271,35.9908634],[129.5595206,35.9900714],[129.5592342,35.9898054],[129.5595798,35.9895583],[129.5598726,35.9898395],[129.5602803,35.9895103],[129.5606634,35.989182],[129.5612718,35.9896524],[129.5615052,35.9895792],[129.5616598,35.9895306],[129.5618037,35.9895044],[129.5619676,35.9894854],[129.562132,35.9894783],[129.5622885,35.9894863],[129.562462,35.9895067],[129.563489,35.9899121],[129.5636329,35.9900012],[129.5646752,35.9902232],[129.5648208,35.9902449],[129.5652363,35.9902317],[129.5653295,35.9902016],[129.5656283,35.9900327],[129.5658096,35.9898795],[129.5659973,35.9897912],[129.566271,35.9897387],[129.5665108,35.9897306],[129.566719,35.9897482],[129.5668874,35.9897567],[129.5669878,35.9897814],[129.5670539,35.9898236],[129.5676145,35.9904477],[129.5675505,35.9906129],[129.5676414,35.9906381],[129.5679864,35.9911994],[129.568051,35.991306],[129.5681026,35.9915973],[129.5680603,35.9916487],[129.5679537,35.9917153],[129.5677507,35.9918974],[129.5674083,35.9921946],[129.5673832,35.9922594],[129.5674028,35.9923238],[129.5675828,35.9924398],[129.5675679,35.9926163],[129.5675086,35.9926691],[129.5674199,35.9926719],[129.5673175,35.9926081],[129.5671824,35.9924718],[129.5670947,35.9924597],[129.5669942,35.9925016],[129.5668975,35.9925759],[129.5667628,35.9927533],[129.5666543,35.9929399],[129.5665351,35.9932915],[129.566825,35.9933862],[129.5669766,35.9936051],[129.5670037,35.9938151],[129.566868,35.993942],[129.5667698,35.9939164],[129.5666432,35.993971],[129.566475,35.9939371],[129.5664217,35.9939436],[129.5664709,35.9940082],[129.567029,35.9940651],[129.5672574,35.9941576],[129.5676812,35.9948018],[129.567588,35.9949158],[129.5672882,35.9947603],[129.5672078,35.9948569],[129.5670069,35.9946917],[129.5670114,35.9947977],[129.5666781,35.9947832],[129.5667864,35.9949353],[129.5666505,35.9949185],[129.5664566,35.9948047],[129.5663734,35.9948546],[129.5665521,35.9949531],[129.566676,35.9950814],[129.566669,35.9952521],[129.5665487,35.9952844],[129.5664308,35.9951386],[129.566358,35.9953436],[129.5664324,35.9954534],[129.5663466,35.9955172],[129.5662765,35.9954382],[129.5662736,35.9955968],[129.5659698,35.9957718],[129.5660083,35.9958357],[129.5658966,35.995926],[129.565979,35.996181],[129.5661525,35.9966265],[129.5662585,35.9968442],[129.5664757,35.9971871],[129.5666437,35.9974033],[129.5668028,35.9976104],[129.5669552,35.9977496],[129.5673263,35.9980174],[129.5674632,35.9980951],[129.5676428,35.9981739],[129.5678873,35.9982494],[129.5680057,35.9982475],[129.5683333,35.9980721],[129.5682902,35.9980167],[129.5683971,35.9979712],[129.5685221,35.997988],[129.5686888,35.9979008],[129.5688386,35.9978292],[129.5690301,35.9977337],[129.5692173,35.9977408],[129.5692939,35.9978973],[129.5694757,35.9979552],[129.569601,35.9979507],[129.5699765,35.9981251],[129.5696511,35.998594],[129.5695282,35.9987569],[129.5693435,35.9987398],[129.5690494,35.9986663],[129.5689707,35.9987539],[129.5689795,35.9988638],[129.5688978,35.9989544],[129.5690629,35.9992381],[129.5690123,35.9993367],[129.5690236,35.9994126],[129.5691481,35.9995079],[129.5691557,35.9995943],[129.5692139,35.9996456],[129.569443,35.9995747],[129.5695632,35.9996324],[129.5697144,35.9998393],[129.5697315,35.9999963],[129.5696827,36.0001805],[129.5698073,36.0002909],[129.5699181,36.0002814]]},"properties":{"axis":"수변경관축","sub":"동해안 수변경관축","new":false,"lbl":"","note":"해안선(natural=coastline)","source":"2030 경주시 경관계획 재정비 (2025.04) §4.3 경관축 (T1) — 선형은 OSM (T4)"}},{"type":"Feature","geometry":{"type":"LineString","coordinates":[[129.3762187,36.049944],[129.3762729,36.0517006],[129.3772598,36.0514974],[129.3785593,36.0512404],[129.3789496,36.0511634],[129.379954,36.0509704],[129.3801968,36.0509238],[129.3802249,36.0509151],[129.3802576,36.0508978],[129.3807306,36.0504084],[129.3816002,36.0494909],[129.3816184,36.0494671],[129.382132,36.048534],[129.3821496,36.0485218],[129.3821722,36.0485254],[129.3824458,36.0486288],[129.3824619,36.0486273],[129.3824726,36.0486175],[129.3825611,36.0484516],[129.3825813,36.0484332],[129.3826041,36.0484028],[129.3830185,36.0476514],[129.3830359,36.0476276],[129.3830631,36.0476099],[129.3837507,36.0472009],[129.3837588,36.0471952],[129.3837601,36.0471865],[129.3837443,36.0471613],[129.383743,36.0471542],[129.383744,36.047148],[129.3839059,36.0470474],[129.3839183,36.0470436],[129.3839307,36.0470461],[129.3839592,36.0470661],[129.3839676,36.0470664],[129.3839767,36.0470648],[129.3842107,36.0469217],[129.3842255,36.0469097],[129.3842375,36.0468913],[129.3846214,36.0461756],[129.3846197,36.0461623],[129.3846114,36.046152],[129.384549,36.0461127],[129.3845326,36.0460748],[129.3845232,36.0460401],[129.3845205,36.0460021],[129.3845225,36.0459523],[129.3845306,36.0458953],[129.3845728,36.045853],[129.384607,36.0458308],[129.3846492,36.0458107],[129.3847042,36.0457994],[129.3847954,36.0457961],[129.3848497,36.0457994],[129.3849242,36.0458248],[129.3849785,36.0458628],[129.385012,36.0459035],[129.3850415,36.0459485],[129.3850351,36.0460116],[129.3850305,36.0460564],[129.3850137,36.046097],[129.385002,36.0461198],[129.3849852,36.0461493],[129.3849644,36.0461724],[129.3849403,36.0462006],[129.3849134,36.0462233],[129.3848813,36.0462754],[129.3846694,36.0466441],[129.3844897,36.0469856],[129.3844776,36.0470084],[129.3844601,36.0470279],[129.3833779,36.0476633],[129.383225,36.0477804],[129.3831821,36.0478281],[129.3831485,36.0478726],[129.383119,36.0479171],[129.3830989,36.0479528],[129.3830701,36.0480038],[129.3829273,36.0482944],[129.3827972,36.0484592],[129.3827368,36.0485687],[129.3823399,36.0493744],[129.3822339,36.0496173],[129.3822326,36.04964],[129.3822366,36.049666],[129.3822259,36.0496964],[129.3815996,36.0507807],[129.3815835,36.0507991],[129.3815607,36.0508132],[129.3805549,36.0512046],[129.3805347,36.0512242],[129.3805321,36.0512437],[129.3805964,36.0513879],[129.3805978,36.0514226],[129.380579,36.051454],[129.3805616,36.05148],[129.3805334,36.0514985],[129.3789475,36.0520656],[129.3788912,36.0520856],[129.3788335,36.0521073],[129.3788087,36.0521344],[129.3787485,36.0520963],[129.3785271,36.0543598],[129.3784654,36.0548867],[129.3785003,36.055444],[129.3787712,36.0566453]]},"properties":{"axis":"수변경관축","sub":"동해안 수변경관축","new":false,"lbl":"","note":"해안선(natural=coastline)","source":"2030 경주시 경관계획 재정비 (2025.04) §4.3 경관축 (T1) — 선형은 OSM (T4)"}},{"type":"Feature","geometry":{"type":"LineString","coordinates":[[129.5472196,36.0848583],[129.54685,36.0843188],[129.5466892,36.0841713],[129.5465987,36.0839224],[129.5467174,36.0838405],[129.5466652,36.0837286],[129.5465966,36.0836389],[129.5464348,36.0835035],[129.5464205,36.0832272],[129.5463674,36.0829988],[129.5463127,36.0828917],[129.545962,36.0824369],[129.545899,36.0822175],[129.5459138,36.0820046],[129.5458619,36.0816848],[129.5456912,36.0813283],[129.5454481,36.0810779],[129.5455143,36.0810239],[129.5455235,36.0809504],[129.545299,36.0807819],[129.5451978,36.080785],[129.5453413,36.0805563],[129.5456357,36.080268],[129.5456891,36.0801172],[129.545823,36.0798515],[129.5458551,36.0797699],[129.5458622,36.0796786],[129.5458189,36.0788019],[129.5458586,36.0788011],[129.5458904,36.0786616],[129.5459625,36.0784809],[129.5460041,36.0781735],[129.5456058,36.0775496],[129.5455101,36.0775756],[129.5454429,36.0773594],[129.5454293,36.0771671],[129.545579,36.0771332],[129.5456215,36.0767788],[129.5454978,36.0762987],[129.545481,36.0760842],[129.5452203,36.0756794],[129.545182,36.0756911],[129.5449685,36.0755409],[129.5448928,36.0754387],[129.544827,36.0753691],[129.544761,36.0753308],[129.5446764,36.0752997],[129.5445348,36.0751081],[129.5445594,36.0749892],[129.5445531,36.0748788],[129.5445049,36.0747441],[129.5444093,36.0745495],[129.5443495,36.0745239],[129.5438068,36.0745301],[129.543526,36.0744587],[129.5431462,36.0744287],[129.5427756,36.0743121],[129.5424932,36.0741648],[129.5422947,36.0740167],[129.5421526,36.0738359],[129.5420405,36.0735812],[129.5418529,36.0735286],[129.5415374,36.0734906],[129.5413462,36.0734105],[129.5410257,36.0731995],[129.5404409,36.0724169],[129.5403745,36.0720899],[129.5403609,36.0718253],[129.5404233,36.071546],[129.5404855,36.0709564],[129.5405965,36.0707118],[129.540664,36.070538],[129.5406933,36.070368],[129.5406952,36.0701195],[129.5406563,36.0697034],[129.5406681,36.0693117],[129.5406069,36.069197],[129.5406352,36.0691021],[129.5408579,36.0689323],[129.5408857,36.068706],[129.5404351,36.0683208],[129.5403578,36.0682043],[129.5403838,36.0680546],[129.540389,36.0679149],[129.5403702,36.0677407],[129.5403157,36.0676039],[129.5402385,36.0675316],[129.5401126,36.0674978],[129.5400475,36.0673691],[129.5398719,36.0669805],[129.5397005,36.0666809],[129.539493,36.0664033],[129.5392568,36.0661786],[129.5391197,36.0661112],[129.5389375,36.0660794],[129.5385874,36.0659358],[129.5384611,36.0659632],[129.5380084,36.065978],[129.5380162,36.0660724],[129.5378008,36.0661114],[129.5375633,36.0661757],[129.5372529,36.0660808],[129.5370493,36.065863],[129.536775,36.0654337],[129.5364225,36.0650254],[129.5362661,36.0648923],[129.5361551,36.0647749],[129.5360767,36.0646312],[129.535993,36.0643371],[129.5360016,36.0641551],[129.5360501,36.0637595],[129.5360214,36.0635512],[129.5359567,36.0633055],[129.5359937,36.0632011],[129.5359782,36.0630054],[129.5358975,36.0627859],[129.5356813,36.062521],[129.5354976,36.0623846],[129.535232,36.0622483],[129.5347977,36.0620522],[129.5345022,36.0618792],[129.5343857,36.061832],[129.5340479,36.0617477],[129.5339391,36.0617582],[129.5337741,36.0618037],[129.5337191,36.0617801],[129.5334708,36.0618601],[129.5333761,36.0617669],[129.5327144,36.061584],[129.5325804,36.0616019],[129.532445,36.0615564],[129.5323253,36.0614304],[129.5323011,36.0612695],[129.5323575,36.0611372],[129.5324105,36.0610998],[129.5324454,36.0607941],[129.532347,36.0607681],[129.5324239,36.0605905],[129.5323018,36.0605673],[129.5323618,36.0604636],[129.5323191,36.060341],[129.5326154,36.0602984],[129.5332368,36.0599587],[129.5333416,36.0598022],[129.5331233,36.0592984],[129.5332341,36.0591895],[129.533332,36.0591062],[129.5333563,36.0590255],[129.5334044,36.0588192],[129.5334719,36.0587085],[129.5336097,36.0585692],[129.5335989,36.0584355],[129.533541,36.058139],[129.5335097,36.0580376],[129.533337,36.0577441],[129.5332601,36.0576246],[129.5331445,36.0575088],[129.5330465,36.0574388],[129.5327156,36.0573212],[129.5324888,36.0572516],[129.5323014,36.0572465],[129.5319996,36.0570131],[129.5315234,36.0567059],[129.5311733,36.0565533],[129.5308958,36.0564582],[129.5306905,36.0564654],[129.5304833,36.0564402],[129.5302558,36.0564294],[129.530126,36.0564603],[129.5300046,36.0567325],[129.529591,36.0571881],[129.5291107,36.0572477],[129.5287041,36.0573611],[129.5280874,36.0575576],[129.5282367,36.0577336],[129.5280784,36.0578093],[129.5278408,36.0577643],[129.5276716,36.0576438],[129.527059,36.0575669],[129.5267494,36.0576134],[129.5263649,36.0578466],[129.5262307,36.0580231],[129.5260517,36.0578964],[129.5255272,36.0578905],[129.5251122,36.0575951],[129.5249159,36.0572733],[129.5246881,36.0570997],[129.5244826,36.0571417],[129.5241905,36.0569905],[129.5242394,36.0566377],[129.5247208,36.0561262],[129.5246946,36.0558251],[129.524404,36.0555981],[129.5239072,36.0557001],[129.5235835,36.0553977],[129.5228837,36.055639],[129.5227048,36.0552976],[129.523176,36.0547495],[129.5231895,36.0542845],[129.5231231,36.0539811],[129.5228414,36.0533911],[129.5227291,36.0532471],[129.5226997,36.0531234],[129.5228321,36.0528196],[129.5228268,36.0523827],[129.5226815,36.0522252],[129.5226431,36.0521064],[129.5225361,36.0520214],[129.5224278,36.0519762],[129.5223332,36.0519057],[129.5223147,36.0518106],[129.5221477,36.0517453],[129.5218543,36.0515293],[129.5214656,36.0512889],[129.5212977,36.051247],[129.5210282,36.0511525],[129.5207494,36.0510161],[129.5206145,36.0509275],[129.5204663,36.0508903],[129.5201758,36.050771],[129.520107,36.0506902],[129.5200759,36.050536],[129.5200167,36.0503931],[129.5199171,36.0502583],[129.5199666,36.0501184],[129.5198818,36.0498192],[129.5197294,36.0496742],[129.5196027,36.0494827],[129.5193635,36.0489717],[129.5193317,36.0487597],[129.5191377,36.0485617],[129.5188422,36.0484234],[129.5184308,36.0480878],[129.5180177,36.0479579],[129.517763,36.0476417],[129.5178242,36.0475377],[129.5169345,36.0463275],[129.5167196,36.046281],[129.5162047,36.0459475],[129.5154123,36.0459802],[129.5153823,36.0459368],[129.5154985,36.0457999],[129.5155342,36.0456969],[129.5155658,36.0455267],[129.5158385,36.0455103],[129.5159119,36.0453727],[129.5160493,36.0454111],[129.5160689,36.0451522],[129.5160614,36.0446836],[129.5156499,36.0447933],[129.515617,36.0447144],[129.5158312,36.0446545],[129.5157697,36.0445241],[129.515988,36.0444459],[129.5158979,36.0442827],[129.5155358,36.0444323],[129.515449,36.0442743],[129.5154624,36.0441572],[129.5154921,36.0439921],[129.5155093,36.0438046],[129.5154946,36.0436538],[129.515422,36.0434519],[129.5153237,36.0432719],[129.5151792,36.0431293],[129.5148465,36.0428706],[129.514543,36.0426819],[129.5140485,36.0424684],[129.5136386,36.0423552],[129.5134722,36.0423536],[129.5133397,36.0421826],[129.513124,36.0420599],[129.5129637,36.0420237],[129.512915,36.041921],[129.512589,36.041801],[129.5125193,36.0415633],[129.5123587,36.041354],[129.512195,36.041222],[129.5116273,36.040963],[129.511256,36.0408484],[129.5110728,36.0407537],[129.5109105,36.0406168],[129.5107752,36.0404285],[129.5103011,36.0401057],[129.5101663,36.0400878],[129.5099705,36.0401019],[129.5098307,36.0401829],[129.5095548,36.0400457],[129.5093037,36.0399983],[129.5089707,36.0399107],[129.5085137,36.0396773],[129.5082038,36.0394745],[129.5078981,36.0392015],[129.5074248,36.038924],[129.5071866,36.0387382],[129.506611,36.0381736],[129.5064347,36.0380099],[129.5064081,36.0378199],[129.5059343,36.0375035],[129.5057556,36.0374279],[129.5051761,36.0373087],[129.5049859,36.0372095],[129.5048289,36.0370711],[129.5046961,36.0368584],[129.5043691,36.0359681],[129.5042821,36.0358317],[129.503954,36.0355441],[129.5038408,36.0353071],[129.5037346,36.0352308],[129.5036099,36.0349265],[129.5032487,36.0341964],[129.5033423,36.0338998],[129.5033743,36.0337938],[129.5036054,36.0336879],[129.5036862,36.0336537],[129.5036446,36.0336075],[129.5039696,36.0334334],[129.5040494,36.0334101],[129.5041498,36.0334672],[129.5041843,36.0334375],[129.504152,36.0333129],[129.5039594,36.0330862],[129.5040304,36.0325535],[129.5034584,36.0316103],[129.5032944,36.0314795],[129.5033063,36.031281],[129.5032097,36.0309708],[129.5031916,36.030856],[129.503197,36.0307189],[129.5034207,36.0296592],[129.5034431,36.0295626],[129.5035364,36.0293218],[129.5035673,36.0292001],[129.5036059,36.0288094],[129.5036076,36.0287314],[129.5035958,36.028647],[129.5035348,36.028391],[129.5034928,36.0282878],[129.5033502,36.0280591],[129.5033126,36.0279545],[129.5032643,36.0274464],[129.5031724,36.0273372],[129.5030267,36.0272379],[129.503103,36.0271154],[129.5033607,36.026794],[129.503518,36.0263243],[129.5034735,36.0262495],[129.5034073,36.0259133],[129.5032229,36.025643],[129.503043,36.025736],[129.502806,36.0258585],[129.5027198,36.0257596],[129.5025808,36.0254338],[129.5023597,36.0251899],[129.5021712,36.0249944],[129.5019898,36.0248327],[129.5015916,36.0245475],[129.5013064,36.0243546],[129.5010579,36.0242012],[129.5007884,36.0240654],[129.5005422,36.0239582],[129.5003828,36.0239142],[129.5001666,36.02389],[129.499978,36.023848],[129.4997798,36.0237706],[129.4994971,36.0237475],[129.4993057,36.0236682],[129.4990369,36.0235492],[129.4987349,36.0234507],[129.4984053,36.0233567],[129.4974252,36.0231444],[129.4971084,36.0231171],[129.4969087,36.0231331],[129.4967618,36.0231721],[129.4965981,36.0232502],[129.4964127,36.0232668],[129.4963846,36.023392],[129.4962285,36.0234823],[129.495978,36.0234818],[129.4959585,36.0233814],[129.4958123,36.0234359],[129.4953806,36.023315],[129.4953355,36.0231864],[129.4954281,36.023029],[129.4953899,36.022522],[129.4954225,36.0222178],[129.4955177,36.0221627],[129.4955602,36.0220427],[129.495752,36.0220662],[129.4957761,36.0218497],[129.4956703,36.0217256],[129.4955344,36.02118],[129.4954435,36.0210965],[129.4953249,36.0210217],[129.4949925,36.0208856],[129.4946525,36.0204146],[129.4945219,36.0202372],[129.4943913,36.0198504],[129.4942164,36.0196699],[129.4941099,36.0196156],[129.4938493,36.0195014],[129.4937964,36.0194026],[129.4933674,36.0191867],[129.4932158,36.0191104],[129.4930727,36.0190125],[129.4929918,36.0189311],[129.492901,36.0188064],[129.4928176,36.0187119],[129.492688,36.0186137],[129.4925502,36.0185288],[129.4923819,36.0184411],[129.492223,36.0183855],[129.4921091,36.0183658],[129.4919494,36.0183588],[129.4915874,36.0183036],[129.4915342,36.0183646],[129.4910274,36.018187],[129.491112,36.0180184],[129.4909606,36.0179666],[129.4906627,36.0178534],[129.4901825,36.0176186],[129.4896406,36.017212],[129.4892444,36.0169666],[129.4890961,36.0169659],[129.489024,36.0169722],[129.4889119,36.0169166],[129.4888255,36.0168013],[129.4884974,36.0166657],[129.4885011,36.0166009],[129.4886379,36.0164072],[129.4880833,36.0162015],[129.4879552,36.0162044],[129.4878131,36.016223],[129.4876513,36.0162882],[129.4874157,36.0162539],[129.4870941,36.0162703],[129.4868638,36.0164523],[129.4868037,36.0163498],[129.4864569,36.0162596],[129.4864425,36.016209],[129.4862744,36.0162124],[129.4857449,36.0161167],[129.4854233,36.0161004],[129.4850017,36.0161318],[129.4838744,36.0163276],[129.4835179,36.0163603],[129.4833287,36.0164083],[129.4832414,36.0164547],[129.4831789,36.016487],[129.4831146,36.0164987],[129.482958,36.0165033],[129.4828783,36.0165199],[129.4828216,36.0165722],[129.4827969,36.0166313],[129.4826366,36.0166331],[129.4825072,36.0166069],[129.4824886,36.0166541],[129.4823098,36.0166439],[129.4820266,36.0165681],[129.4819363,36.0165036],[129.4817833,36.0164565],[129.4812236,36.0164293],[129.481121,36.0164098],[129.481076,36.0163458],[129.4811339,36.0163376],[129.4812003,36.0162912],[129.4811669,36.0162284],[129.4813773,36.0161824],[129.4813961,36.0161088],[129.4815761,36.0160267],[129.4818647,36.0158144],[129.4818615,36.0156993],[129.48178,36.0155672],[129.4816864,36.0154831],[129.4810746,36.0152717],[129.4809975,36.0151617],[129.4808002,36.0151145],[129.4806617,36.0151197],[129.4802415,36.0152646]]},"properties":{"axis":"수변경관축","sub":"동해안 수변경관축","new":false,"lbl":"","note":"해안선(natural=coastline)","source":"2030 경주시 경관계획 재정비 (2025.04) §4.3 경관축 (T1) — 선형은 OSM (T4)"}},{"type":"Feature","geometry":{"type":"LineString","coordinates":[[129.3104166,35.7965932],[129.3103772,35.7965126],[129.3101153,35.7963346],[129.3100448,35.7962701],[129.3096269,35.7958925],[129.3091314,35.7952208],[129.3087208,35.7946983],[129.3086665,35.7945756],[129.3084872,35.7941701],[129.3081333,35.7928668],[129.3077228,35.7916438],[129.3075634,35.7912413],[129.3073476,35.7906964],[129.3068592,35.7893931],[129.3065194,35.788216],[129.3061018,35.7872801],[129.3061726,35.7869298],[129.3063425,35.7866025],[129.3067035,35.7860111],[129.3067247,35.7852015],[129.3066752,35.784491],[129.3066539,35.7841851],[129.3063779,35.7835477],[129.3060452,35.7833984],[129.3057904,35.7825543],[129.3054365,35.7815149],[129.3048985,35.7802229],[129.3047702,35.779696],[129.304672,35.7792926],[129.3044242,35.7777593],[129.3042968,35.7767199],[129.3043393,35.775089],[129.3044813,35.773615],[129.3039224,35.7730265],[129.3022815,35.7720424],[129.3016156,35.7718784],[129.3006167,35.7714442],[129.2997249,35.7712428],[129.2952992,35.7702952],[129.2889717,35.7678484],[129.2878924,35.7670929],[129.2863379,35.7663407],[129.2849835,35.7659801],[129.283153,35.7659372],[129.2821689,35.7661346],[129.2800104,35.7671048],[129.2787618,35.7681952],[129.2783703,35.7689507],[129.2772381,35.7714232],[129.2758414,35.7728912],[129.2740109,35.774282],[129.2731867,35.7752811]]},"properties":{"axis":"수변경관축","sub":"남천 수변경관축","new":true,"lbl":"","note":"OSM waterway 남천","source":"2030 경주시 경관계획 재정비 (2025.04) §4.3 경관축 (T1) — 선형은 OSM (T4)"}},{"type":"Feature","geometry":{"type":"LineString","coordinates":[[129.1298223,35.831443],[129.129886,35.8313657]]},"properties":{"axis":"수변경관축","sub":"대천 수변경관축","new":true,"lbl":"","note":"OSM waterway 대천","source":"2030 경주시 경관계획 재정비 (2025.04) §4.3 경관축 (T1) — 선형은 OSM (T4)"}},{"type":"Feature","geometry":{"type":"LineString","coordinates":[[129.3101417,35.7986556],[129.3100743,35.7986039],[129.3099576,35.7984183],[129.3099296,35.7982138],[129.3099903,35.7978653],[129.3102356,35.797701],[129.3104833,35.7974427],[129.3105541,35.7968743],[129.3104819,35.7967212]]},"properties":{"axis":"수변경관축","sub":"남천 수변경관축","new":true,"lbl":"","note":"OSM waterway 남천","source":"2030 경주시 경관계획 재정비 (2025.04) §4.3 경관축 (T1) — 선형은 OSM (T4)"}},{"type":"Feature","geometry":{"type":"LineString","coordinates":[[129.3104819,35.7967212],[129.3104166,35.7965932]]},"properties":{"axis":"수변경관축","sub":"남천 수변경관축","new":true,"lbl":"","note":"OSM waterway 남천","source":"2030 경주시 경관계획 재정비 (2025.04) §4.3 경관축 (T1) — 선형은 OSM (T4)"}},{"type":"Feature","geometry":{"type":"LineString","coordinates":[[129.4497873,35.6510651],[129.4497513,35.6512101],[129.4504552,35.6512606],[129.4505235,35.6513019],[129.4504892,35.6514787],[129.4503951,35.6514779],[129.4502949,35.6514094],[129.4498079,35.6513819],[129.4498134,35.6518584],[129.4502552,35.6524746],[129.4507513,35.652419],[129.451046,35.6516304],[129.4510779,35.6512845],[129.4509681,35.6512777],[129.4509934,35.6510685],[129.4512047,35.6510733],[129.4513681,35.6511955],[129.4513776,35.6514323],[129.4509449,35.6525668],[129.4506176,35.6526106],[129.4505901,35.6532401],[129.4506794,35.6537823],[129.4507394,35.654066],[129.4509819,35.6541216],[129.4512195,35.6543443],[129.4513935,35.6545746],[129.451421,35.6549209],[129.4514712,35.6552592],[129.4517135,35.6555109],[129.4516219,35.6556241],[129.4516311,35.6564737],[129.4519404,35.6570662],[129.4518321,35.6572499],[129.4519763,35.6582143],[129.4522642,35.6584532],[129.4521369,35.6585624],[129.4523856,35.6603715],[129.4526873,35.6619239],[129.4529576,35.662926],[129.4533473,35.6638811],[129.4537768,35.6644866],[129.454001,35.6648026],[129.4544791,35.6652862],[129.4549692,35.6656756],[129.456222,35.6662295],[129.4570813,35.6664563],[129.4581505,35.6665603],[129.4584402,35.6664519],[129.4585826,35.6662453],[129.4589835,35.6658963],[129.4594292,35.6655344],[129.4594873,35.6655857],[129.4592584,35.6657208],[129.4594335,35.6657283],[129.4597275,35.6659023],[129.4599969,35.6659961],[129.460288,35.6656989],[129.4602795,35.6656453],[129.4603246,35.6655936],[129.4604704,35.6655877],[129.4605864,35.6657099],[129.4605427,35.665756],[129.4604806,35.665762],[129.4601471,35.6660422],[129.4604488,35.6662511],[129.4608859,35.6664501],[129.4609299,35.6663932],[129.4609856,35.6664134],[129.461974,35.6662127],[129.4620091,35.6663013],[129.4624365,35.6660827],[129.4623649,35.6659675],[129.4623097,35.665804],[129.4621785,35.6658392],[129.4621339,35.665669],[129.4622434,35.6656316],[129.4618499,35.6647397],[129.4613843,35.664463],[129.4612527,35.6644749],[129.4611912,35.6643957],[129.461241,35.6643094],[129.4612812,35.6642622],[129.4614246,35.6642393],[129.4620627,35.6645999],[129.4625384,35.6655806],[129.4624302,35.6655939],[129.4625689,35.6659845],[129.4628643,35.666256],[129.4634798,35.6665174],[129.4644529,35.6667002],[129.464855,35.6668484],[129.4650825,35.66708],[129.465347,35.667516],[129.4652673,35.6678935],[129.4653304,35.6682786],[129.4656191,35.6686237],[129.4654493,35.6688627],[129.4646773,35.6700544],[129.4642518,35.672019],[129.4640179,35.6737794],[129.4641729,35.6753443],[129.4644728,35.6765925],[129.4649992,35.6772856],[129.4651317,35.6774394],[129.4652497,35.6775556],[129.4655946,35.6778294],[129.466143,35.6783593],[129.4667923,35.6787186],[129.4675096,35.6789785],[129.468073,35.6789172],[129.4679939,35.6783923],[129.46805,35.6783312],[129.4681803,35.6783326],[129.4682611,35.6783716],[129.468224,35.6784297],[129.4682925,35.6793612],[129.4686894,35.6792655],[129.4686461,35.6791099],[129.4687208,35.6790872],[129.4687797,35.6792753],[129.4693258,35.6791918],[129.4692393,35.6789212],[129.4693427,35.6788827],[129.4691571,35.6782508],[129.4684851,35.6778881],[129.468196,35.6779153],[129.4682403,35.6777326],[129.4684575,35.6776903],[129.4689304,35.6778934],[129.4693404,35.6781475],[129.4695748,35.6791175],[129.4700054,35.679208],[129.4703828,35.6793966],[129.470896,35.6793386],[129.4711031,35.6795207],[129.47089,35.67989],[129.4706103,35.6801737],[129.470949,35.6804051],[129.4715383,35.6802637],[129.4718565,35.6804051],[129.4722416,35.6805879],[129.4719519,35.6807779],[129.4717151,35.6811358],[129.4718853,35.6815176],[129.472487,35.6816662],[129.4724706,35.6818871],[129.4719851,35.682221],[129.4723515,35.6829979],[129.4727411,35.6836569],[129.4729373,35.6841962],[129.4731984,35.6845302],[129.4734587,35.6852445],[129.4739837,35.6857969],[129.474342,35.6858301],[129.4746745,35.6858178],[129.474966,35.685807],[129.475118,35.6862927],[129.4751074,35.6865895],[129.4746543,35.6868311],[129.4745141,35.6870933],[129.4747674,35.6874115],[129.4749028,35.6877711],[129.4751479,35.6881044],[129.4749324,35.6885664],[129.4750495,35.6888026],[129.4749955,35.6889737],[129.4749375,35.6892982],[129.4749933,35.6896245],[129.4752185,35.6898546],[129.4763169,35.6902423],[129.4762728,35.6903204],[129.4759186,35.6902476],[129.4758901,35.690329],[129.4757314,35.6904584],[129.4755128,35.6905517],[129.4758207,35.6909822],[129.475806,35.6910119],[129.4759183,35.6911476],[129.4758413,35.691182],[129.4754141,35.6906696],[129.4752419,35.6907693],[129.4751712,35.6906749],[129.4748234,35.690881],[129.4748878,35.6909725],[129.4742585,35.6913182],[129.4741621,35.6912947],[129.474224,35.6910213],[129.4739384,35.6909733],[129.4737627,35.6911526],[129.4737026,35.6913841],[129.4738645,35.6920408],[129.474129,35.6919947],[129.4740352,35.6916475],[129.4740963,35.6914238],[129.4741991,35.6914446],[129.4741568,35.6915665],[129.47557,35.6931301],[129.4767111,35.6919532],[129.4771564,35.6906422],[129.4772527,35.6902478],[129.4771701,35.6902031],[129.477281,35.689607],[129.4777806,35.6896919],[129.4776613,35.6902444],[129.4775883,35.690486],[129.4775496,35.6906071],[129.4774413,35.6908052],[129.4769008,35.6920249],[129.4757026,35.6934411],[129.4757354,35.6936846],[129.4757791,35.6939742],[129.4758818,35.6942929],[129.4757596,35.6944278],[129.4756373,35.6947445],[129.475572,35.6951405],[129.4755447,35.6956041],[129.4755884,35.6961192],[129.4757165,35.6964867],[129.4758107,35.6967264],[129.4760422,35.6970688],[129.4759498,35.6972667],[129.4759023,35.697531],[129.4763307,35.6979846],[129.4764919,35.6983584],[129.4764365,35.6987321],[129.4762533,35.6989663],[129.4758277,35.6993602],[129.4755375,35.6991894],[129.4757898,35.6989133],[129.4758978,35.6989586],[129.4760873,35.6987539],[129.4761821,35.6985343],[129.47616,35.698153],[129.4759935,35.6979037],[129.4757328,35.6977277],[129.4749945,35.6983952],[129.4754258,35.6986905],[129.4753243,35.6987668],[129.4750926,35.6986583],[129.474861,35.6987257],[129.4742801,35.6989259],[129.473807,35.6995351],[129.4736833,35.699801],[129.4732454,35.7015184],[129.4731683,35.7020166],[129.4730816,35.7034347],[129.4732595,35.7055741],[129.4736687,35.7063408],[129.4737816,35.7065525],[129.4746162,35.7074154],[129.4750723,35.7076411],[129.4763412,35.7071835],[129.4767456,35.7071016],[129.4771801,35.7071221],[129.4795894,35.707492],[129.4796924,35.7075602],[129.4797942,35.7076703],[129.4798044,35.7077933],[129.4796773,35.707926],[129.4793516,35.7079121],[129.4790974,35.707811],[129.4790639,35.707719],[129.4777909,35.7074706],[129.4773037,35.707383],[129.4770184,35.7073412],[129.4767151,35.7073581],[129.4763794,35.7074359],[129.4744857,35.7081064],[129.4746923,35.7083811],[129.4746642,35.708404],[129.4756318,35.7095253],[129.4757711,35.709454],[129.4758537,35.7095442],[129.4768281,35.7100334],[129.4768382,35.7100271],[129.4773305,35.709721],[129.4773405,35.7096417],[129.4779596,35.7092574],[129.4780975,35.7093219],[129.4783187,35.7091766],[129.4783832,35.7091342],[129.4785425,35.7089318],[129.4790609,35.7087165],[129.4794878,35.708748],[129.4797961,35.708861],[129.4799691,35.7090033],[129.479956,35.7091301],[129.4798774,35.7092406],[129.4797711,35.70931],[129.4795703,35.7092267],[129.4795966,35.7091613],[129.4793131,35.7090417],[129.4791408,35.7090226],[129.4790008,35.7090494],[129.4787374,35.7091967]]},"properties":{"axis":"수변경관축","sub":"동해안 수변경관축","new":false,"lbl":"","note":"해안선(natural=coastline)","source":"2030 경주시 경관계획 재정비 (2025.04) §4.3 경관축 (T1) — 선형은 OSM (T4)"}},{"type":"Feature","geometry":{"type":"LineString","coordinates":[[129.043884,35.8898573],[129.0438867,35.8899182]]},"properties":{"axis":"수변경관축","sub":"대천 수변경관축","new":true,"lbl":"","note":"OSM waterway 대천","source":"2030 경주시 경관계획 재정비 (2025.04) §4.3 경관축 (T1) — 선형은 OSM (T4)"}},{"type":"Feature","geometry":{"type":"LineString","coordinates":[[129.0353182,35.8581519],[129.0353519,35.8583026],[129.0353857,35.8586518],[129.0351661,35.8587476],[129.0350478,35.8588503],[129.0350056,35.8591242],[129.0348873,35.8594597],[129.0349042,35.8599595],[129.0347268,35.86061],[129.0347944,35.8612467],[129.0349126,35.861726],[129.0350563,35.8621436],[129.0350816,35.8624244],[129.0349464,35.8630269],[129.0350242,35.8634294],[129.0353751,35.864016],[129.036964,35.8647645],[129.0374367,35.8652094],[129.0378976,35.866382],[129.0379361,35.8668697],[129.0381794,35.8677518],[129.0385251,35.8685715],[129.0390501,35.8691734],[129.0394214,35.8698894],[129.0393958,35.8708648],[129.0392166,35.8711345],[129.0392934,35.8726287],[129.0392806,35.8729296],[129.0389349,35.8733447],[129.0382434,35.8737182],[129.0380257,35.8740191],[129.037744,35.8748285],[129.0371934,35.8757312],[129.0369757,35.8760943],[129.0370909,35.8766131],[129.0373018,35.876939]]},"properties":{"axis":"수변경관축","sub":"대천 수변경관축","new":true,"lbl":"","note":"OSM waterway 대천","source":"2030 경주시 경관계획 재정비 (2025.04) §4.3 경관축 (T1) — 선형은 OSM (T4)"}},{"type":"Feature","geometry":{"type":"LineString","coordinates":[[129.0374064,35.8770912],[129.0376159,35.877412],[129.0376672,35.8780138],[129.0376159,35.8785844],[129.037744,35.8797154],[129.0375647,35.8804624],[129.0375519,35.8809085],[129.0382434,35.8820186],[129.0387172,35.8825893],[129.0388196,35.8830146],[129.0384483,35.8837201],[129.0383586,35.884104],[129.0385635,35.8846953],[129.0388324,35.8849028],[129.0396135,35.8853282],[129.040369,35.885629],[129.0407916,35.8861685],[129.0409608,35.8867701],[129.0415215,35.8874305],[129.0418857,35.8878245],[129.0425843,35.8883264],[129.0429968,35.8884812],[129.0436118,35.8887684],[129.043852,35.8891667],[129.043884,35.8898573]]},"properties":{"axis":"수변경관축","sub":"대천 수변경관축","new":true,"lbl":"","note":"OSM waterway 대천","source":"2030 경주시 경관계획 재정비 (2025.04) §4.3 경관축 (T1) — 선형은 OSM (T4)"}},{"type":"Feature","geometry":{"type":"LineString","coordinates":[[129.0373018,35.876939],[129.0374064,35.8770912]]},"properties":{"axis":"수변경관축","sub":"대천 수변경관축","new":true,"lbl":"","note":"OSM waterway 대천","source":"2030 경주시 경관계획 재정비 (2025.04) §4.3 경관축 (T1) — 선형은 OSM (T4)"}},{"type":"Feature","geometry":{"type":"LineString","coordinates":[[129.4447201,35.6358739],[129.4447008,35.6358451],[129.4446911,35.6358042],[129.4446632,35.6357858],[129.4446375,35.6357309],[129.4446017,35.635631],[129.4446126,35.635615],[129.4446266,35.6356045],[129.4446293,35.6355908],[129.4446235,35.6355792],[129.4446307,35.6355682],[129.4446732,35.6355488],[129.4446922,35.6355583],[129.4447295,35.6356042],[129.4447478,35.6356069],[129.4447535,35.6355913],[129.4447876,35.635594],[129.444812,35.635604],[129.4448157,35.6355917],[129.4448303,35.6355889],[129.4448482,35.6355899],[129.4448521,35.6356071],[129.4449465,35.6356114],[129.4449569,35.6356195],[129.4449536,35.635656],[129.4449452,35.6356623],[129.44491,35.6356664],[129.4449722,35.6357422],[129.4449444,35.6357762],[129.4449887,35.6358112],[129.4449954,35.6358316],[129.4449787,35.6358539],[129.4449434,35.6358538],[129.4449142,35.6358377],[129.4448661,35.6358182],[129.4448405,35.635801],[129.4448138,35.6357707],[129.4447911,35.6357676],[129.4447813,35.6357806],[129.4447845,35.6358268],[129.4447813,35.6358713],[129.4447513,35.6358796],[129.4447201,35.6358739]]},"properties":{"axis":"수변경관축","sub":"동해안 수변경관축","new":false,"lbl":"","note":"해안선(natural=coastline)","source":"2030 경주시 경관계획 재정비 (2025.04) §4.3 경관축 (T1) — 선형은 OSM (T4)"}},{"type":"Feature","geometry":{"type":"LineString","coordinates":[[129.2693683,35.9831674],[129.2700389,35.9830531],[129.270403,35.9830218],[129.2706092,35.9830685],[129.2708144,35.9831575],[129.2709232,35.9832623],[129.2710205,35.9834055],[129.2710235,35.9834099],[129.2710726,35.9835664],[129.2711323,35.9838819],[129.2712414,35.9841812],[129.2714131,35.9844732],[129.2716994,35.9848202],[129.2718981,35.9850273],[129.2719788,35.9851114],[129.27216,35.98529]]},"properties":{"axis":"도로경관축","sub":"국도 28호선 경관축","new":false,"lbl":"","note":"OSM ref 28 trunk","source":"2030 경주시 경관계획 재정비 (2025.04) §4.3 경관축 (T1) — 선형은 OSM (T4)"}},{"type":"Feature","geometry":{"type":"LineString","coordinates":[[128.9483344,35.9386687],[128.9489385,35.9387194],[128.9508766,35.9390125],[128.9554831,35.9397332],[128.9565815,35.9399051],[128.9569947,35.9399543]]},"properties":{"axis":"도로경관축","sub":"국도 4호선 경관축","new":false,"lbl":"","note":"OSM ref 4;35 trunk","source":"2030 경주시 경관계획 재정비 (2025.04) §4.3 경관축 (T1) — 선형은 OSM (T4)"}},{"type":"Feature","geometry":{"type":"LineString","coordinates":[[129.2200876,35.8566843],[129.2214198,35.8566609],[129.2217497,35.8566553],[129.2221262,35.8566486],[129.2229775,35.8566448],[129.2236381,35.8566428],[129.2242255,35.8566435]]},"properties":{"axis":"도로경관축","sub":"국도 28호선 경관축","new":false,"lbl":"","note":"OSM ref 28 tertiary","source":"2030 경주시 경관계획 재정비 (2025.04) §4.3 경관축 (T1) — 선형은 OSM (T4)"}},{"type":"Feature","geometry":{"type":"LineString","coordinates":[[129.0082208,35.9120268],[129.0077403,35.9141701],[129.0075995,35.9148055],[129.007469,35.9153088],[129.0072418,35.9160446],[129.0071369,35.9163441],[129.0070015,35.9166864],[129.0068077,35.9171365],[129.006622,35.9175175],[129.0064773,35.9177908],[129.006315,35.9180659],[129.0061457,35.9183496],[129.0059612,35.9186474],[129.0057569,35.9189528],[129.005569,35.9192308],[129.0053728,35.919504],[129.0050856,35.9198718],[129.0047961,35.9202226],[129.004412,35.9206367],[129.0041738,35.9208892],[129.0038189,35.9212333],[129.0034663,35.9215481],[129.0031651,35.9218242],[129.0028744,35.9220672],[129.0025463,35.9223253],[129.0022451,35.9225428],[129.0018166,35.9228425],[129.0015202,35.9230421],[128.9986515,35.9248304],[128.9880033,35.9314679],[128.9875893,35.9317062],[128.9872192,35.9318928],[128.9869085,35.9320453],[128.9865521,35.9322123],[128.9862397,35.9323474],[128.9859485,35.9324554],[128.9855845,35.9325758],[128.9852327,35.9326789],[128.9848505,35.9327759],[128.984485,35.932857],[128.9841089,35.9329343],[128.9837116,35.9330043],[128.9833582,35.9330547],[128.9830094,35.9330927],[128.9826606,35.9331308],[128.9823315,35.9331578],[128.98201,35.933175],[128.9816672,35.9331848],[128.981373,35.9331861],[128.9809999,35.9331787],[128.9806648,35.9331701],[128.9803357,35.9331554],[128.9800551,35.9331345],[128.9797518,35.933105],[128.9794909,35.933067],[128.979224,35.9330203],[128.9788873,35.932954],[128.9786144,35.932895],[128.9783171,35.9328189],[128.9776892,35.932647],[128.9773677,35.9325524],[128.9770189,35.9324444],[128.9766974,35.9323338],[128.9764214,35.9322332],[128.9761651,35.9321288],[128.9758542,35.9319962],[128.9756222,35.9318893],[128.9753907,35.9317817],[128.9688517,35.9286987],[128.9683379,35.9284464],[128.9678412,35.92819],[128.9673274,35.9279184],[128.9669913,35.9277314],[128.9610165,35.9243725],[128.9604018,35.9240419],[128.9600659,35.9238626],[128.9596473,35.9236497],[128.9592288,35.9234531],[128.9588343,35.9232868],[128.9585164,35.9231641],[128.9581421,35.9230435],[128.9578309,35.9229566],[128.9574941,35.9228729],[128.95714,35.9228012],[128.9568049,35.9227405],[128.956526,35.9226978],[128.9562597,35.9226665],[128.955967,35.9226435],[128.9556972,35.9226274],[128.9553951,35.9226144],[128.955042,35.9225992]]},"properties":{"axis":"도로경관축","sub":"경부고속도로 경관축","new":false,"lbl":"경부고속도로 경관축","note":"OSM ref 1 motorway","source":"2030 경주시 경관계획 재정비 (2025.04) §4.3 경관축 (T1) — 선형은 OSM (T4)"}},{"type":"Feature","geometry":{"type":"LineString","coordinates":[[129.1913035,35.7126672],[129.191497,35.713386],[129.1920055,35.7150687]]},"properties":{"axis":"도로경관축","sub":"경부고속도로 경관축","new":false,"lbl":"","note":"OSM ref 1 motorway","source":"2030 경주시 경관계획 재정비 (2025.04) §4.3 경관축 (T1) — 선형은 OSM (T4)"}},{"type":"Feature","geometry":{"type":"LineString","coordinates":[[129.1869124,35.7032172],[129.1866341,35.7026485],[129.1864859,35.7023114],[129.1863241,35.7019023],[129.1861839,35.7014957],[129.1860545,35.7010541],[129.1859205,35.7004274],[129.1858042,35.6996979],[129.1856996,35.69877],[129.1853833,35.6955616],[129.1853406,35.6952231],[129.1852857,35.6948633],[129.1852218,35.6945736],[129.1851463,35.6942658],[129.1849865,35.6936067],[129.1848892,35.6932157],[129.1847812,35.6928205],[129.184645,35.6924023],[129.1845087,35.6919869],[129.1841596,35.6908882],[129.1839316,35.690185],[129.1836697,35.6894468],[129.182965,35.6875618],[129.1823527,35.68587],[129.1818766,35.6844358],[129.180895,35.681826],[129.1806327,35.6812399],[129.1802892,35.6805547],[129.1799619,35.6799454],[129.1795615,35.6792552],[129.1791915,35.6786707],[129.1787626,35.678035],[129.1779556,35.6769088],[129.1774394,35.6761845]]},"properties":{"axis":"도로경관축","sub":"경부고속도로 경관축","new":false,"lbl":"","note":"OSM ref 1 motorway","source":"2030 경주시 경관계획 재정비 (2025.04) §4.3 경관축 (T1) — 선형은 OSM (T4)"}},{"type":"Feature","geometry":{"type":"LineString","coordinates":[[129.3581453,36.0462741],[129.3581912,36.0458616],[129.3582169,36.0457698],[129.358252,36.0454909],[129.3582875,36.0452221],[129.3583465,36.0447993],[129.3584753,36.0439751],[129.3585112,36.0437619],[129.3586053,36.0432224],[129.3587118,36.042455],[129.3587691,36.0421405],[129.3589539,36.0411369],[129.3590838,36.0406771],[129.3591954,36.0402171]]},"properties":{"axis":"도로경관축","sub":"국도 7호선 경관축","new":false,"lbl":"","note":"OSM ref 7 primary","source":"2030 경주시 경관계획 재정비 (2025.04) §4.3 경관축 (T1) — 선형은 OSM (T4)"}},{"type":"Feature","geometry":{"type":"LineString","coordinates":[[129.2632244,35.98063],[129.26344,35.98065],[129.26376,35.98069],[129.26421,35.98076],[129.26466,35.98088],[129.26524,35.98105],[129.26547,35.98116],[129.26602,35.98143],[129.2667828,35.9819034],[129.2677254,35.9825478]]},"properties":{"axis":"도로경관축","sub":"국도 7호선 경관축","new":false,"lbl":"","note":"OSM ref 7 trunk","source":"2030 경주시 경관계획 재정비 (2025.04) §4.3 경관축 (T1) — 선형은 OSM (T4)"}},{"type":"Feature","geometry":{"type":"LineString","coordinates":[[129.2603524,35.9856755],[129.2611542,35.9853475],[129.2613806,35.9852688],[129.2639483,35.9843756],[129.2651026,35.9840158],[129.2659823,35.9837853],[129.2670596,35.9835674],[129.2681687,35.9833765]]},"properties":{"axis":"도로경관축","sub":"국도 28호선 경관축","new":false,"lbl":"","note":"OSM ref 28 trunk","source":"2030 경주시 경관계획 재정비 (2025.04) §4.3 경관축 (T1) — 선형은 OSM (T4)"}},{"type":"Feature","geometry":{"type":"LineString","coordinates":[[129.2734545,35.9861497],[129.2737646,35.9863557],[129.2751502,35.9872424]]},"properties":{"axis":"도로경관축","sub":"국도 7호선 경관축","new":false,"lbl":"","note":"OSM ref 7;28 trunk","source":"2030 경주시 경관계획 재정비 (2025.04) §4.3 경관축 (T1) — 선형은 OSM (T4)"}},{"type":"Feature","geometry":{"type":"LineString","coordinates":[[129.2751502,35.9872424],[129.2756411,35.9875391]]},"properties":{"axis":"도로경관축","sub":"국도 7호선 경관축","new":false,"lbl":"","note":"OSM ref 7;28 trunk","source":"2030 경주시 경관계획 재정비 (2025.04) §4.3 경관축 (T1) — 선형은 OSM (T4)"}},{"type":"Feature","geometry":{"type":"LineString","coordinates":[[129.2830171,35.9940497],[129.2830583,35.9949041],[129.2833702,35.999472],[129.283479,36.0014931]]},"properties":{"axis":"도로경관축","sub":"국도 28호선 경관축","new":false,"lbl":"","note":"OSM ref 28 primary","source":"2030 경주시 경관계획 재정비 (2025.04) §4.3 경관축 (T1) — 선형은 OSM (T4)"}},{"type":"Feature","geometry":{"type":"LineString","coordinates":[[128.9739297,35.9394165],[128.9766627,35.9384597],[128.9805304,35.9371183],[128.9817386,35.9367017],[128.9819418,35.9366475],[128.9823306,35.9365439],[128.9828666,35.9364363],[128.9839834,35.9362918]]},"properties":{"axis":"도로경관축","sub":"국도 4호선 경관축","new":false,"lbl":"","note":"OSM ref 4;35 trunk","source":"2030 경주시 경관계획 재정비 (2025.04) §4.3 경관축 (T1) — 선형은 OSM (T4)"}},{"type":"Feature","geometry":{"type":"LineString","coordinates":[[128.9737407,35.9394688],[128.9739297,35.9394165]]},"properties":{"axis":"도로경관축","sub":"국도 4호선 경관축","new":false,"lbl":"","note":"OSM ref 4;35 trunk","source":"2030 경주시 경관계획 재정비 (2025.04) §4.3 경관축 (T1) — 선형은 OSM (T4)"}},{"type":"Feature","geometry":{"type":"LineString","coordinates":[[129.0532232,36.0041943],[129.0536221,36.0041866],[129.0557789,36.0042098]]},"properties":{"axis":"도로경관축","sub":"국도 28호선 경관축","new":false,"lbl":"","note":"OSM ref 28 trunk","source":"2030 경주시 경관계획 재정비 (2025.04) §4.3 경관축 (T1) — 선형은 OSM (T4)"}},{"type":"Feature","geometry":{"type":"LineString","coordinates":[[128.9711518,35.9398531],[128.9719794,35.9398116]]},"properties":{"axis":"도로경관축","sub":"국도 4호선 경관축","new":false,"lbl":"","note":"OSM ref 4;35 trunk","source":"2030 경주시 경관계획 재정비 (2025.04) §4.3 경관축 (T1) — 선형은 OSM (T4)"}},{"type":"Feature","geometry":{"type":"LineString","coordinates":[[129.0557789,36.0042098],[129.0577114,36.004267]]},"properties":{"axis":"도로경관축","sub":"국도 28호선 경관축","new":false,"lbl":"","note":"OSM ref 28 trunk","source":"2030 경주시 경관계획 재정비 (2025.04) §4.3 경관축 (T1) — 선형은 OSM (T4)"}},{"type":"Feature","geometry":{"type":"LineString","coordinates":[[129.2277078,35.9985252],[129.2279255,35.9984688],[129.2282223,35.998381]]},"properties":{"axis":"도로경관축","sub":"국도 28호선 경관축","new":false,"lbl":"","note":"OSM ref 28 trunk","source":"2030 경주시 경관계획 재정비 (2025.04) §4.3 경관축 (T1) — 선형은 OSM (T4)"}},{"type":"Feature","geometry":{"type":"LineString","coordinates":[[129.1233035,35.9846237],[129.12411,35.98411],[129.12484,35.98357],[129.12546,35.98314],[129.1265,35.98239],[129.12713,35.98198],[129.12805,35.98139],[129.1290736,35.9808607],[129.1299512,35.9805346],[129.1312349,35.9802311],[129.1319151,35.9801411],[129.13252,35.98013],[129.13285,35.98013],[129.13415,35.98015],[129.13525,35.98019],[129.1365,35.98026],[129.1375925,35.9803174],[129.1377135,35.9803238]]},"properties":{"axis":"도로경관축","sub":"국도 28호선 경관축","new":false,"lbl":"","note":"OSM ref 28 trunk","source":"2030 경주시 경관계획 재정비 (2025.04) §4.3 경관축 (T1) — 선형은 OSM (T4)"}},{"type":"Feature","geometry":{"type":"LineString","coordinates":[[128.9709769,35.9398565],[128.9711518,35.9398531]]},"properties":{"axis":"도로경관축","sub":"국도 4호선 경관축","new":false,"lbl":"","note":"OSM ref 4;35 trunk","source":"2030 경주시 경관계획 재정비 (2025.04) §4.3 경관축 (T1) — 선형은 OSM (T4)"}},{"type":"Feature","geometry":{"type":"LineString","coordinates":[[128.9583116,35.9400717],[128.9589479,35.9401024],[128.9595307,35.9401037],[128.9608388,35.9400748],[128.9613905,35.9400788],[128.96289,35.94004],[128.9682715,35.9399012],[128.9687872,35.9398864],[128.9709769,35.9398565]]},"properties":{"axis":"도로경관축","sub":"국도 4호선 경관축","new":false,"lbl":"","note":"OSM ref 4;35 trunk","source":"2030 경주시 경관계획 재정비 (2025.04) §4.3 경관축 (T1) — 선형은 OSM (T4)"}},{"type":"Feature","geometry":{"type":"LineString","coordinates":[[129.0522858,36.0041796],[129.0528727,36.0041888],[129.0532232,36.0041943]]},"properties":{"axis":"도로경관축","sub":"국도 28호선 경관축","new":false,"lbl":"","note":"OSM ref 28 trunk","source":"2030 경주시 경관계획 재정비 (2025.04) §4.3 경관축 (T1) — 선형은 OSM (T4)"}},{"type":"Feature","geometry":{"type":"LineString","coordinates":[[129.0864847,35.9951842],[129.090607,35.991094],[129.091228,35.9904771],[129.0930117,35.9888031],[129.09391,35.98796],[129.09473,35.98726],[129.09511,35.98694],[129.09599,35.98645],[129.0961301,35.9863952],[129.0975341,35.9858458],[129.0976,35.98582],[129.09807,35.98564],[129.0985,35.98549],[129.10016,35.98486],[129.1005,35.98474],[129.1008801,35.9846089],[129.10108,35.98454],[129.1012622,35.9844744],[129.10133,35.98445],[129.10197,35.98421],[129.10269,35.98395],[129.103047,35.9838245],[129.1033609,35.9837192],[129.10371,35.9836],[129.1039609,35.983556]]},"properties":{"axis":"도로경관축","sub":"국도 28호선 경관축","new":false,"lbl":"","note":"OSM ref 28 trunk","source":"2030 경주시 경관계획 재정비 (2025.04) §4.3 경관축 (T1) — 선형은 OSM (T4)"}},{"type":"Feature","geometry":{"type":"LineString","coordinates":[[129.0914651,35.8694601],[129.0905087,35.870099],[129.0895908,35.8706891],[129.0889459,35.871058],[129.087939,35.8716738],[129.0865459,35.8725094],[129.0853724,35.8732415],[129.0845875,35.8737199],[129.0844301,35.8738158],[129.0841437,35.874008],[129.0838992,35.8741975],[129.083623,35.8744405],[129.0834146,35.8746506],[129.0832349,35.8748523],[129.0795165,35.8795644]]},"properties":{"axis":"도로경관축","sub":"국도 4호선 경관축","new":false,"lbl":"","note":"OSM ref 4;35 trunk","source":"2030 경주시 경관계획 재정비 (2025.04) §4.3 경관축 (T1) — 선형은 OSM (T4)"}},{"type":"Feature","geometry":{"type":"LineString","coordinates":[[128.9921339,35.9318922],[128.9929164,35.9313456],[128.993381,35.9310145],[128.99364,35.93087],[128.99417,35.93056],[128.994627,35.930289],[128.9957367,35.9296736],[128.998009,35.9285083],[128.9991869,35.9279061]]},"properties":{"axis":"도로경관축","sub":"국도 4호선 경관축","new":false,"lbl":"","note":"OSM ref 4;35 trunk","source":"2030 경주시 경관계획 재정비 (2025.04) §4.3 경관축 (T1) — 선형은 OSM (T4)"}},{"type":"Feature","geometry":{"type":"LineString","coordinates":[[129.0258815,35.9072648],[129.02564,35.9075918],[129.0246629,35.9089881],[129.0241383,35.9097106],[129.0234526,35.9107081],[129.0231634,35.9111774]]},"properties":{"axis":"도로경관축","sub":"국도 4호선 경관축","new":false,"lbl":"","note":"OSM ref 4;35 trunk","source":"2030 경주시 경관계획 재정비 (2025.04) §4.3 경관축 (T1) — 선형은 OSM (T4)"}},{"type":"Feature","geometry":{"type":"LineString","coordinates":[[129.0227788,35.911679],[129.0178047,35.9188245]]},"properties":{"axis":"도로경관축","sub":"국도 4호선 경관축","new":false,"lbl":"","note":"OSM ref 4;35 trunk","source":"2030 경주시 경관계획 재정비 (2025.04) §4.3 경관축 (T1) — 선형은 OSM (T4)"}},{"type":"Feature","geometry":{"type":"LineString","coordinates":[[129.0110353,35.9248147],[129.0112706,35.9247656],[129.0117677,35.9246619],[129.0120627,35.9245665],[129.0126214,35.9243406],[129.0127252,35.9242986],[129.0131562,35.9240878],[129.0135377,35.9238548],[129.013959,35.9235189],[129.0141558,35.9232992],[129.0144232,35.9230006],[129.0149501,35.9222701]]},"properties":{"axis":"도로경관축","sub":"국도 4호선 경관축","new":false,"lbl":"","note":"OSM ref 4;35 trunk","source":"2030 경주시 경관계획 재정비 (2025.04) §4.3 경관축 (T1) — 선형은 OSM (T4)"}},{"type":"Feature","geometry":{"type":"LineString","coordinates":[[129.0178047,35.9188245],[129.0168422,35.9202736]]},"properties":{"axis":"도로경관축","sub":"국도 4호선 경관축","new":false,"lbl":"","note":"OSM ref 4;35 trunk","source":"2030 경주시 경관계획 재정비 (2025.04) §4.3 경관축 (T1) — 선형은 OSM (T4)"}},{"type":"Feature","geometry":{"type":"LineString","coordinates":[[129.0256384,35.9071345],[129.0263135,35.9065446],[129.0267072,35.9062373]]},"properties":{"axis":"도로경관축","sub":"국도 4호선 경관축","new":false,"lbl":"","note":"OSM ref 4;35 trunk","source":"2030 경주시 경관계획 재정비 (2025.04) §4.3 경관축 (T1) — 선형은 OSM (T4)"}},{"type":"Feature","geometry":{"type":"LineString","coordinates":[[129.0268164,35.9062993],[129.0265153,35.9065882],[129.0261666,35.9069393],[129.0258815,35.9072648]]},"properties":{"axis":"도로경관축","sub":"국도 4호선 경관축","new":false,"lbl":"","note":"OSM ref 4;35 trunk","source":"2030 경주시 경관계획 재정비 (2025.04) §4.3 경관축 (T1) — 선형은 OSM (T4)"}},{"type":"Feature","geometry":{"type":"LineString","coordinates":[[129.0174279,35.9187175],[129.0224487,35.9114504]]},"properties":{"axis":"도로경관축","sub":"국도 4호선 경관축","new":false,"lbl":"","note":"OSM ref 4;35 trunk","source":"2030 경주시 경관계획 재정비 (2025.04) §4.3 경관축 (T1) — 선형은 OSM (T4)"}},{"type":"Feature","geometry":{"type":"LineString","coordinates":[[129.4697477,35.7838804],[129.4719759,35.783941],[129.4732707,35.7839741],[129.4738597,35.7839898],[129.474117,35.7840817],[129.474203,35.7841417],[129.4742687,35.7841852],[129.4743249,35.7842327],[129.4743824,35.784293],[129.4744363,35.7843575],[129.4744996,35.7844417],[129.4748825,35.7849828],[129.4749331,35.7850482],[129.4749916,35.7851112],[129.4750475,35.7851648],[129.4751136,35.7852209],[129.475188,35.7852736],[129.4752684,35.7853285],[129.475357,35.785385],[129.4754325,35.7854271],[129.4755103,35.7854619],[129.4755969,35.7854935],[129.4756886,35.7855205],[129.4757814,35.7855441],[129.4758833,35.7855651],[129.4759947,35.7855814],[129.4761231,35.7855937],[129.4762939,35.7856079],[129.4765171,35.7856221],[129.4769005,35.7856409],[129.4784211,35.7857282],[129.4801855,35.7858181],[129.4812088,35.7858732],[129.4814059,35.785888],[129.481599,35.7859067],[129.4817573,35.7859263],[129.4818994,35.7859482],[129.4820616,35.7859783],[129.4822466,35.7860178],[129.4824208,35.7860573],[129.4825922,35.786097],[129.4827849,35.7861439],[129.4837228,35.7863879],[129.4838415,35.7864209],[129.4841873,35.7865223],[129.4847745,35.7866835],[129.484868,35.7867036],[129.4849552,35.7867175],[129.4850618,35.786732],[129.485224,35.7867492],[129.4862739,35.7868538],[129.4864669,35.7868693],[129.4867642,35.7868889],[129.4868733,35.7868961],[129.4870046,35.7869062],[129.4871431,35.7869177],[129.4873016,35.7869335],[129.4874701,35.7869537],[129.4876088,35.7869696],[129.4877343,35.7869862],[129.4878469,35.7870046],[129.4879661,35.7870312],[129.4880789,35.7870611],[129.4881969,35.7870966],[129.4883145,35.7871419],[129.4884187,35.787188],[129.4885227,35.7872415],[129.488629,35.7873018],[129.4887308,35.7873658],[129.4888534,35.78745],[129.4893964,35.7878348],[129.4896814,35.7880417],[129.4900199,35.7882786],[129.4900648,35.7883099],[129.4905121,35.7886377],[129.4906895,35.788761]]},"properties":{"axis":"도로경관축","sub":"동해바다로(경감로) 자전거도로 경관축","new":false,"lbl":"","note":"자전거도로 경관축","source":"2030 경주시 경관계획 재정비 (2025.04) §4.3 경관축 (T1) — 선형은 OSM (T4)"}},{"type":"Feature","geometry":{"type":"LineString","coordinates":[[129.1400312,35.8193223],[129.1403977,35.81918],[129.1408169,35.8190487],[129.141183,35.8189594],[129.1415417,35.8188944],[129.1418754,35.8188536],[129.1423452,35.8188149]]},"properties":{"axis":"도로경관축","sub":"국도 4호선 경관축","new":false,"lbl":"","note":"OSM ref 4;35 trunk","source":"2030 경주시 경관계획 재정비 (2025.04) §4.3 경관축 (T1) — 선형은 OSM (T4)"}},{"type":"Feature","geometry":{"type":"LineString","coordinates":[[129.1398899,35.8193861],[129.1400312,35.8193223]]},"properties":{"axis":"도로경관축","sub":"국도 4호선 경관축","new":false,"lbl":"","note":"OSM ref 4;35 trunk","source":"2030 경주시 경관계획 재정비 (2025.04) §4.3 경관축 (T1) — 선형은 OSM (T4)"}},{"type":"Feature","geometry":{"type":"LineString","coordinates":[[128.9871222,36.0113764],[128.9875957,36.0116783],[128.99256,36.01472],[128.99295,36.01496],[128.99335,36.0152],[128.99386,36.01551],[128.99431,36.01577],[128.9951329,36.0161466],[128.9960929,36.0165466],[128.9965129,36.0166766],[128.9968329,36.0167366],[128.9971429,36.0168066],[128.9977029,36.0168666],[128.9983529,36.0169066],[128.9989329,36.0168966],[128.9994329,36.0168666],[128.9999029,36.0168266],[129.0003929,36.0167766],[129.000891,36.0167323],[129.001389,36.0166838],[129.0020203,36.0166423],[129.0025736,36.0165955],[129.0032302,36.0165399],[129.003635,36.0165055],[129.0041489,36.0164509],[129.0047017,36.0164155],[129.005215,36.0163653],[129.0058202,36.0163177],[129.0061,36.01631],[129.00649,36.01628],[129.00705,36.01624],[129.00747,36.01621],[129.00781,36.01617],[129.00833,36.01613],[129.00887,36.01608],[129.00948,36.01602],[129.00991,36.01599],[129.0111055,36.0158694],[129.0124588,36.0157022],[129.0133034,36.0156005],[129.0138536,36.0155179],[129.0164708,36.015107],[129.0176644,36.014885]]},"properties":{"axis":"도로경관축","sub":"국도 28호선 경관축","new":false,"lbl":"","note":"OSM ref 28 trunk","source":"2030 경주시 경관계획 재정비 (2025.04) §4.3 경관축 (T1) — 선형은 OSM (T4)"}},{"type":"Feature","geometry":{"type":"LineString","coordinates":[[129.2553567,35.9887662],[129.2549348,35.9888698],[129.2544733,35.9889364],[129.2540652,35.9889579],[129.2536572,35.988936],[129.24976,35.98868]]},"properties":{"axis":"도로경관축","sub":"국도 28호선 경관축","new":false,"lbl":"","note":"OSM ref 28 trunk","source":"2030 경주시 경관계획 재정비 (2025.04) §4.3 경관축 (T1) — 선형은 OSM (T4)"}},{"type":"Feature","geometry":{"type":"LineString","coordinates":[[129.0529339,35.9028791],[129.0531609,35.9028143],[129.0534907,35.9026953],[129.0538304,35.9025505],[129.0541869,35.9023813]]},"properties":{"axis":"도로경관축","sub":"국도 4호선 경관축","new":false,"lbl":"","note":"OSM ref 4;35 trunk","source":"2030 경주시 경관계획 재정비 (2025.04) §4.3 경관축 (T1) — 선형은 OSM (T4)"}},{"type":"Feature","geometry":{"type":"LineString","coordinates":[[129.24976,35.98868],[129.2490342,35.9886921],[129.2481637,35.9887621],[129.2460256,35.9890396],[129.2429441,35.9895197]]},"properties":{"axis":"도로경관축","sub":"국도 28호선 경관축","new":false,"lbl":"","note":"OSM ref 28 trunk","source":"2030 경주시 경관계획 재정비 (2025.04) §4.3 경관축 (T1) — 선형은 OSM (T4)"}},{"type":"Feature","geometry":{"type":"LineString","coordinates":[[128.9569947,35.9399543],[128.9577084,35.9400253],[128.9583116,35.9400717]]},"properties":{"axis":"도로경관축","sub":"국도 4호선 경관축","new":false,"lbl":"","note":"OSM ref 4;35 trunk","source":"2030 경주시 경관계획 재정비 (2025.04) §4.3 경관축 (T1) — 선형은 OSM (T4)"}},{"type":"Feature","geometry":{"type":"LineString","coordinates":[[128.9991869,35.9279061],[128.9993409,35.9278294]]},"properties":{"axis":"도로경관축","sub":"국도 4호선 경관축","new":false,"lbl":"","note":"OSM ref 4;35 trunk","source":"2030 경주시 경관계획 재정비 (2025.04) §4.3 경관축 (T1) — 선형은 OSM (T4)"}},{"type":"Feature","geometry":{"type":"LineString","coordinates":[[129.0310201,35.903699],[129.0324945,35.9028493],[129.0338482,35.9020977],[129.034177,35.9019457],[129.0346022,35.901804],[129.0350621,35.9016799],[129.0354552,35.9016012],[129.0358732,35.901549],[129.0363304,35.9015123],[129.0367932,35.9015062],[129.037005,35.9015202],[129.0371954,35.9015327],[129.0376726,35.9015947],[129.0387713,35.9017609],[129.0413,35.9020439],[129.0473562,35.9027412],[129.0487834,35.9029134],[129.0504193,35.9031082],[129.0506568,35.9031218],[129.0510605,35.9031336],[129.0517877,35.9031017],[129.051983,35.9030824],[129.0521685,35.9030544],[129.0525107,35.9029882],[129.0527393,35.902933]]},"properties":{"axis":"도로경관축","sub":"국도 4호선 경관축","new":false,"lbl":"","note":"OSM ref 4;35 trunk","source":"2030 경주시 경관계획 재정비 (2025.04) §4.3 경관축 (T1) — 선형은 OSM (T4)"}},{"type":"Feature","geometry":{"type":"LineString","coordinates":[[128.9993409,35.9278294],[129.0008295,35.9270625],[129.0016813,35.9266388]]},"properties":{"axis":"도로경관축","sub":"국도 4호선 경관축","new":false,"lbl":"","note":"OSM ref 4;35 trunk","source":"2030 경주시 경관계획 재정비 (2025.04) §4.3 경관축 (T1) — 선형은 OSM (T4)"}},{"type":"Feature","geometry":{"type":"LineString","coordinates":[[129.2875458,35.9955659],[129.28726,35.9953988]]},"properties":{"axis":"도로경관축","sub":"국도 7호선 경관축","new":false,"lbl":"","note":"OSM ref 7 trunk","source":"2030 경주시 경관계획 재정비 (2025.04) §4.3 경관축 (T1) — 선형은 OSM (T4)"}},{"type":"Feature","geometry":{"type":"LineString","coordinates":[[129.2927557,35.9982463],[129.2912344,35.997651]]},"properties":{"axis":"도로경관축","sub":"국도 7호선 경관축","new":false,"lbl":"","note":"OSM ref 7 trunk","source":"2030 경주시 경관계획 재정비 (2025.04) §4.3 경관축 (T1) — 선형은 OSM (T4)"}},{"type":"Feature","geometry":{"type":"LineString","coordinates":[[129.2876747,35.9954486],[129.288174,35.995781],[129.289527,35.996602],[129.2903727,35.997006],[129.2913552,35.9974295]]},"properties":{"axis":"도로경관축","sub":"국도 7호선 경관축","new":false,"lbl":"","note":"OSM ref 7 trunk","source":"2030 경주시 경관계획 재정비 (2025.04) §4.3 경관축 (T1) — 선형은 OSM (T4)"}},{"type":"Feature","geometry":{"type":"LineString","coordinates":[[129.3057865,35.9991571],[129.3049829,35.9991588],[129.3029857,35.9991632]]},"properties":{"axis":"도로경관축","sub":"국도 7호선 경관축","new":false,"lbl":"","note":"OSM ref 7 trunk","source":"2030 경주시 경관계획 재정비 (2025.04) §4.3 경관축 (T1) — 선형은 OSM (T4)"}},{"type":"Feature","geometry":{"type":"LineString","coordinates":[[129.3056679,35.9989136],[129.3065025,35.9989312],[129.3080266,35.9990117],[129.3088411,35.9991349],[129.3096016,35.9993106],[129.3105672,35.9996721]]},"properties":{"axis":"도로경관축","sub":"국도 7호선 경관축","new":false,"lbl":"","note":"OSM ref 7 trunk","source":"2030 경주시 경관계획 재정비 (2025.04) §4.3 경관축 (T1) — 선형은 OSM (T4)"}},{"type":"Feature","geometry":{"type":"LineString","coordinates":[[129.3029206,35.9989263],[129.3056679,35.9989136]]},"properties":{"axis":"도로경관축","sub":"국도 7호선 경관축","new":false,"lbl":"","note":"OSM ref 7 trunk","source":"2030 경주시 경관계획 재정비 (2025.04) §4.3 경관축 (T1) — 선형은 OSM (T4)"}},{"type":"Feature","geometry":{"type":"LineString","coordinates":[[129.3029857,35.9991632],[129.3000015,35.9988954],[129.2953686,35.9986545],[129.2937349,35.9984418],[129.2932362,35.9983618],[129.2927557,35.9982463]]},"properties":{"axis":"도로경관축","sub":"국도 7호선 경관축","new":false,"lbl":"","note":"OSM ref 7 trunk","source":"2030 경주시 경관계획 재정비 (2025.04) §4.3 경관축 (T1) — 선형은 OSM (T4)"}},{"type":"Feature","geometry":{"type":"LineString","coordinates":[[129.2913552,35.9974295],[129.2927969,35.9979442]]},"properties":{"axis":"도로경관축","sub":"국도 7호선 경관축","new":false,"lbl":"","note":"OSM ref 7 trunk","source":"2030 경주시 경관계획 재정비 (2025.04) §4.3 경관축 (T1) — 선형은 OSM (T4)"}},{"type":"Feature","geometry":{"type":"LineString","coordinates":[[129.2874008,35.9952662],[129.2876747,35.9954486]]},"properties":{"axis":"도로경관축","sub":"국도 7호선 경관축","new":false,"lbl":"","note":"OSM ref 7 trunk","source":"2030 경주시 경관계획 재정비 (2025.04) §4.3 경관축 (T1) — 선형은 OSM (T4)"}},{"type":"Feature","geometry":{"type":"LineString","coordinates":[[129.3105213,35.9997387],[129.3091449,35.9993647],[129.3080372,35.999202],[129.3057865,35.9991571]]},"properties":{"axis":"도로경관축","sub":"국도 7호선 경관축","new":false,"lbl":"","note":"OSM ref 7 trunk","source":"2030 경주시 경관계획 재정비 (2025.04) §4.3 경관축 (T1) — 선형은 OSM (T4)"}},{"type":"Feature","geometry":{"type":"LineString","coordinates":[[129.3131737,36.0007601],[129.3148662,36.0014653],[129.3173528,36.0024039],[129.3192573,36.0032126],[129.3203191,36.0036634],[129.3208274,36.0038749],[129.3222731,36.0044434],[129.3225236,36.0045149]]},"properties":{"axis":"도로경관축","sub":"국도 7호선 경관축","new":false,"lbl":"","note":"OSM ref 7 trunk","source":"2030 경주시 경관계획 재정비 (2025.04) §4.3 경관축 (T1) — 선형은 OSM (T4)"}},{"type":"Feature","geometry":{"type":"LineString","coordinates":[[129.2846013,35.9936709],[129.2833633,35.9927932],[129.2823264,35.9920655],[129.2816263,35.9915984],[129.2806343,35.990988]]},"properties":{"axis":"도로경관축","sub":"국도 7호선 경관축","new":false,"lbl":"","note":"OSM ref 7 trunk","source":"2030 경주시 경관계획 재정비 (2025.04) §4.3 경관축 (T1) — 선형은 OSM (T4)"}},{"type":"Feature","geometry":{"type":"LineString","coordinates":[[129.2912344,35.997651],[129.290276,35.9971754],[129.2894868,35.9967714],[129.2880451,35.9959113],[129.2875458,35.9955659]]},"properties":{"axis":"도로경관축","sub":"국도 7호선 경관축","new":false,"lbl":"","note":"OSM ref 7 trunk","source":"2030 경주시 경관계획 재정비 (2025.04) §4.3 경관축 (T1) — 선형은 OSM (T4)"}},{"type":"Feature","geometry":{"type":"LineString","coordinates":[[129.3212282,35.7854878],[129.3213316,35.7850677],[129.3214196,35.7847587],[129.3214673,35.7843966],[129.3215342,35.7838972],[129.3216128,35.7836905],[129.3217953,35.7834069],[129.3219975,35.7831996],[129.3223042,35.7829618],[129.3228718,35.7825217],[129.323747,35.7818705],[129.3247171,35.7811331]]},"properties":{"axis":"도로경관축","sub":"국도 4호선 경관축","new":false,"lbl":"","note":"OSM ref 4 primary","source":"2030 경주시 경관계획 재정비 (2025.04) §4.3 경관축 (T1) — 선형은 OSM (T4)"}},{"type":"Feature","geometry":{"type":"LineString","coordinates":[[128.9241677,35.9952009],[128.9278142,35.9966635],[128.93255,35.99853],[128.93596,35.99988],[128.93639,36.00005],[128.9368,36.00023],[128.93723,36.00039],[128.93766,36.00056],[128.93797,36.00069],[128.9384,36.00086],[128.93882,36.00102],[128.93924,36.00119],[128.94012,36.00154],[128.94056,36.00172],[128.9409671,36.001896],[128.9416353,36.0021296],[128.9422598,36.0022987],[128.9426664,36.002376],[128.9431064,36.0024434],[128.943709,36.0025676],[128.9440683,36.0026273],[128.9447018,36.0026759],[128.9452641,36.0026862],[128.9458722,36.0026836],[128.9465107,36.002655],[128.9477157,36.0026062],[128.9487395,36.0026036],[128.9497393,36.0025753],[128.9519555,36.002537],[128.953467,36.0024696],[128.9546311,36.002447],[128.9556166,36.0023879],[128.9565393,36.0023554],[128.957261,36.0023762],[128.9579378,36.0024241],[128.9585651,36.0024715],[128.9594205,36.0025763],[128.9602437,36.0026633],[128.9609206,36.0027564],[128.9616213,36.0028631],[128.9623328,36.0029853]]},"properties":{"axis":"도로경관축","sub":"국도 28호선 경관축","new":false,"lbl":"국도 28호선 경관축","note":"OSM ref 28 trunk","source":"2030 경주시 경관계획 재정비 (2025.04) §4.3 경관축 (T1) — 선형은 OSM (T4)"}},{"type":"Feature","geometry":{"type":"LineString","coordinates":[[129.0821032,35.9995091],[129.08263,35.99899]]},"properties":{"axis":"도로경관축","sub":"국도 28호선 경관축","new":false,"lbl":"","note":"OSM ref 28 trunk","source":"2030 경주시 경관계획 재정비 (2025.04) §4.3 경관축 (T1) — 선형은 OSM (T4)"}},{"type":"Feature","geometry":{"type":"LineString","coordinates":[[128.9622788,36.003072],[128.9603477,36.0027561],[128.9581676,36.0025096],[128.956953,36.0024297],[128.954833,36.0024992],[128.9488893,36.0026797],[128.945831,36.0027665],[128.9443531,36.0027144],[128.9437517,36.0026534],[128.9432287,36.0025756],[128.9424176,36.0024159],[128.9419756,36.0023013],[128.9416022,36.0021971],[128.9388986,36.0011556],[128.9358835,35.9999468],[128.9323866,35.9985715],[128.9285332,35.9970398],[128.9241567,35.995323]]},"properties":{"axis":"도로경관축","sub":"국도 28호선 경관축","new":false,"lbl":"","note":"OSM ref 28 trunk","source":"2030 경주시 경관계획 재정비 (2025.04) §4.3 경관축 (T1) — 선형은 OSM (T4)"}},{"type":"Feature","geometry":{"type":"LineString","coordinates":[[129.1882793,35.733067],[129.1882538,35.7328403]]},"properties":{"axis":"도로경관축","sub":"고속철도 경관축","new":true,"lbl":"","note":"OSM 경부고속선","source":"2030 경주시 경관계획 재정비 (2025.04) §4.3 경관축 (T1) — 선형은 OSM (T4)"}},{"type":"Feature","geometry":{"type":"LineString","coordinates":[[129.1848635,35.7064734],[129.1849708,35.7072488]]},"properties":{"axis":"도로경관축","sub":"고속철도 경관축","new":true,"lbl":"","note":"OSM 경부고속선","source":"2030 경주시 경관계획 재정비 (2025.04) §4.3 경관축 (T1) — 선형은 OSM (T4)"}},{"type":"Feature","geometry":{"type":"LineString","coordinates":[[129.1843346,35.7023147],[129.1844344,35.7030408]]},"properties":{"axis":"도로경관축","sub":"고속철도 경관축","new":true,"lbl":"","note":"OSM 경부고속선","source":"2030 경주시 경관계획 재정비 (2025.04) §4.3 경관축 (T1) — 선형은 OSM (T4)"}},{"type":"Feature","geometry":{"type":"LineString","coordinates":[[129.1752183,35.6531817],[129.1753578,35.6534607]]},"properties":{"axis":"도로경관축","sub":"고속철도 경관축","new":true,"lbl":"","note":"OSM 경부고속선","source":"2030 경주시 경관계획 재정비 (2025.04) §4.3 경관축 (T1) — 선형은 OSM (T4)"}},{"type":"Feature","geometry":{"type":"LineString","coordinates":[[129.1790378,35.6638865],[129.179122,35.6642101]]},"properties":{"axis":"도로경관축","sub":"고속철도 경관축","new":true,"lbl":"","note":"OSM 경부고속선","source":"2030 경주시 경관계획 재정비 (2025.04) §4.3 경관축 (T1) — 선형은 OSM (T4)"}},{"type":"Feature","geometry":{"type":"LineString","coordinates":[[129.1821159,35.7623507],[129.1813691,35.763696]]},"properties":{"axis":"도로경관축","sub":"고속철도 경관축","new":true,"lbl":"","note":"OSM 경부고속선","source":"2030 경주시 경관계획 재정비 (2025.04) §4.3 경관축 (T1) — 선형은 OSM (T4)"}},{"type":"Feature","geometry":{"type":"LineString","coordinates":[[129.1804325,35.6721931],[129.1842989,35.7020616]]},"properties":{"axis":"도로경관축","sub":"고속철도 경관축","new":true,"lbl":"","note":"OSM 경부고속선","source":"2030 경주시 경관계획 재정비 (2025.04) §4.3 경관축 (T1) — 선형은 OSM (T4)"}},{"type":"Feature","geometry":{"type":"LineString","coordinates":[[129.1411636,35.7969882],[129.1432572,35.7959701],[129.1442421,35.795438],[129.1450852,35.7949379],[129.1472457,35.7936798],[129.1475312,35.7935083]]},"properties":{"axis":"도로경관축","sub":"고속철도 경관축","new":true,"lbl":"","note":"OSM 경부고속선","source":"2030 경주시 경관계획 재정비 (2025.04) §4.3 경관축 (T1) — 선형은 OSM (T4)"}},{"type":"Feature","geometry":{"type":"LineString","coordinates":[[129.1724052,35.6480819],[129.1738128,35.6504879]]},"properties":{"axis":"도로경관축","sub":"고속철도 경관축","new":true,"lbl":"","note":"OSM 경부고속선","source":"2030 경주시 경관계획 재정비 (2025.04) §4.3 경관축 (T1) — 선형은 OSM (T4)"}},{"type":"Feature","geometry":{"type":"LineString","coordinates":[[129.1842989,35.7020616],[129.1843346,35.7023147]]},"properties":{"axis":"도로경관축","sub":"고속철도 경관축","new":true,"lbl":"","note":"OSM 경부고속선","source":"2030 경주시 경관계획 재정비 (2025.04) §4.3 경관축 (T1) — 선형은 OSM (T4)"}},{"type":"Feature","geometry":{"type":"LineString","coordinates":[[129.1770315,35.6574359],[129.1773319,35.6582379]]},"properties":{"axis":"도로경관축","sub":"고속철도 경관축","new":true,"lbl":"","note":"OSM 경부고속선","source":"2030 경주시 경관계획 재정비 (2025.04) §4.3 경관축 (T1) — 선형은 OSM (T4)"}},{"type":"Feature","geometry":{"type":"LineString","coordinates":[[129.1878461,35.7450496],[129.1877496,35.7455982]]},"properties":{"axis":"도로경관축","sub":"고속철도 경관축","new":true,"lbl":"","note":"OSM 경부고속선","source":"2030 경주시 경관계획 재정비 (2025.04) §4.3 경관축 (T1) — 선형은 OSM (T4)"}},{"type":"Feature","geometry":{"type":"LineString","coordinates":[[129.0975617,35.8218137],[129.0865187,35.8281824],[129.0792116,35.832093]]},"properties":{"axis":"도로경관축","sub":"고속철도 경관축","new":true,"lbl":"","note":"OSM 경부고속선","source":"2030 경주시 경관계획 재정비 (2025.04) §4.3 경관축 (T1) — 선형은 OSM (T4)"}},{"type":"Feature","geometry":{"type":"LineString","coordinates":[[129.1844344,35.7030408],[129.184606,35.7043215]]},"properties":{"axis":"도로경관축","sub":"고속철도 경관축","new":true,"lbl":"","note":"OSM 경부고속선","source":"2030 경주시 경관계획 재정비 (2025.04) §4.3 경관축 (T1) — 선형은 OSM (T4)"}},{"type":"Feature","geometry":{"type":"LineString","coordinates":[[129.1589426,35.6274339],[129.160668,35.6301786]]},"properties":{"axis":"도로경관축","sub":"고속철도 경관축","new":true,"lbl":"","note":"OSM 경부고속선","source":"2030 경주시 경관계획 재정비 (2025.04) §4.3 경관축 (T1) — 선형은 OSM (T4)"}},{"type":"Feature","geometry":{"type":"LineString","coordinates":[[129.1005563,35.820228],[129.0982696,35.8214599],[129.0975617,35.8218137]]},"properties":{"axis":"도로경관축","sub":"고속철도 경관축","new":true,"lbl":"","note":"OSM 경부고속선","source":"2030 경주시 경관계획 재정비 (2025.04) §4.3 경관축 (T1) — 선형은 OSM (T4)"}},{"type":"Feature","geometry":{"type":"LineString","coordinates":[[129.1847455,35.7054803],[129.1848635,35.7064734]]},"properties":{"axis":"도로경관축","sub":"고속철도 경관축","new":true,"lbl":"","note":"OSM 경부고속선","source":"2030 경주시 경관계획 재정비 (2025.04) §4.3 경관축 (T1) — 선형은 OSM (T4)"}},{"type":"Feature","geometry":{"type":"LineString","coordinates":[[129.1797459,35.667469],[129.1798532,35.668053]]},"properties":{"axis":"도로경관축","sub":"고속철도 경관축","new":true,"lbl":"","note":"OSM 경부고속선","source":"2030 경주시 경관계획 재정비 (2025.04) §4.3 경관축 (T1) — 선형은 OSM (T4)"}},{"type":"Feature","geometry":{"type":"LineString","coordinates":[[129.1773319,35.6582379],[129.178158,35.660731]]},"properties":{"axis":"도로경관축","sub":"고속철도 경관축","new":true,"lbl":"","note":"OSM 경부고속선","source":"2030 경주시 경관계획 재정비 (2025.04) §4.3 경관축 (T1) — 선형은 OSM (T4)"}},{"type":"Feature","geometry":{"type":"LineString","coordinates":[[129.1745638,35.6518915],[129.1746497,35.6520397]]},"properties":{"axis":"도로경관축","sub":"고속철도 경관축","new":true,"lbl":"","note":"OSM 경부고속선","source":"2030 경주시 경관계획 재정비 (2025.04) §4.3 경관축 (T1) — 선형은 OSM (T4)"}},{"type":"Feature","geometry":{"type":"LineString","coordinates":[[129.1877496,35.7455982],[129.1873633,35.7477141],[129.1868913,35.7498735]]},"properties":{"axis":"도로경관축","sub":"고속철도 경관축","new":true,"lbl":"","note":"OSM 경부고속선","source":"2030 경주시 경관계획 재정비 (2025.04) §4.3 경관축 (T1) — 선형은 OSM (T4)"}},{"type":"Feature","geometry":{"type":"LineString","coordinates":[[129.1660881,35.6383077],[129.1668377,35.6394596]]},"properties":{"axis":"도로경관축","sub":"고속철도 경관축","new":true,"lbl":"","note":"OSM 경부고속선","source":"2030 경주시 경관계획 재정비 (2025.04) §4.3 경관축 (T1) — 선형은 OSM (T4)"}},{"type":"Feature","geometry":{"type":"LineString","coordinates":[[129.1801106,35.6696131],[129.1804325,35.6721931]]},"properties":{"axis":"도로경관축","sub":"고속철도 경관축","new":true,"lbl":"","note":"OSM 경부고속선","source":"2030 경주시 경관계획 재정비 (2025.04) §4.3 경관축 (T1) — 선형은 OSM (T4)"}},{"type":"Feature","geometry":{"type":"LineString","coordinates":[[129.1793636,35.766986],[129.1777224,35.7694402],[129.1759144,35.7718006],[129.1741186,35.7738872]]},"properties":{"axis":"도로경관축","sub":"고속철도 경관축","new":true,"lbl":"","note":"OSM 경부고속선","source":"2030 경주시 경관계획 재정비 (2025.04) §4.3 경관축 (T1) — 선형은 OSM (T4)"}},{"type":"Feature","geometry":{"type":"LineString","coordinates":[[129.0788303,35.8322544],[129.0763331,35.8333941]]},"properties":{"axis":"도로경관축","sub":"고속철도 경관축","new":true,"lbl":"","note":"OSM 경부고속선","source":"2030 경주시 경관계획 재정비 (2025.04) §4.3 경관축 (T1) — 선형은 OSM (T4)"}},{"type":"Feature","geometry":{"type":"LineString","coordinates":[[129.0792116,35.832093],[129.0788303,35.8322544]]},"properties":{"axis":"도로경관축","sub":"고속철도 경관축","new":true,"lbl":"","note":"OSM 경부고속선","source":"2030 경주시 경관계획 재정비 (2025.04) §4.3 경관축 (T1) — 선형은 OSM (T4)"}},{"type":"Feature","geometry":{"type":"LineString","coordinates":[[129.1555094,35.6214862],[129.1566252,35.6236141],[129.1575586,35.6252101]]},"properties":{"axis":"도로경관축","sub":"고속철도 경관축","new":true,"lbl":"","note":"OSM 경부고속선","source":"2030 경주시 경관계획 재정비 (2025.04) §4.3 경관축 (T1) — 선형은 OSM (T4)"}},{"type":"Feature","geometry":{"type":"LineString","coordinates":[[129.1882793,35.733067],[129.1884504,35.7373228]]},"properties":{"axis":"도로경관축","sub":"고속철도 경관축","new":true,"lbl":"","note":"OSM 경부고속선","source":"2030 경주시 경관계획 재정비 (2025.04) §4.3 경관축 (T1) — 선형은 OSM (T4)"}},{"type":"Feature","geometry":{"type":"LineString","coordinates":[[129.182825,35.7609049],[129.1821159,35.7623507]]},"properties":{"axis":"도로경관축","sub":"고속철도 경관축","new":true,"lbl":"","note":"OSM 경부고속선","source":"2030 경주시 경관계획 재정비 (2025.04) §4.3 경관축 (T1) — 선형은 OSM (T4)"}},{"type":"Feature","geometry":{"type":"LineString","coordinates":[[129.1313095,35.8028736],[129.1332594,35.8015849],[129.1356846,35.800162],[129.1366326,35.7996058]]},"properties":{"axis":"도로경관축","sub":"고속철도 경관축","new":true,"lbl":"","note":"OSM 경부고속선","source":"2030 경주시 경관계획 재정비 (2025.04) §4.3 경관축 (T1) — 선형은 OSM (T4)"}},{"type":"Feature","geometry":{"type":"LineString","coordinates":[[129.1868913,35.7498735],[129.1863334,35.7519158]]},"properties":{"axis":"도로경관축","sub":"고속철도 경관축","new":true,"lbl":"","note":"OSM 경부고속선","source":"2030 경주시 경관계획 재정비 (2025.04) §4.3 경관축 (T1) — 선형은 OSM (T4)"}},{"type":"Feature","geometry":{"type":"LineString","coordinates":[[129.1740167,35.650854],[129.1745638,35.6518915]]},"properties":{"axis":"도로경관축","sub":"고속철도 경관축","new":true,"lbl":"","note":"OSM 경부고속선","source":"2030 경주시 경관계획 재정비 (2025.04) §4.3 경관축 (T1) — 선형은 OSM (T4)"}},{"type":"Feature","geometry":{"type":"LineString","coordinates":[[129.1706693,35.6453179],[129.1709053,35.6456405]]},"properties":{"axis":"도로경관축","sub":"고속철도 경관축","new":true,"lbl":"","note":"OSM 경부고속선","source":"2030 경주시 경관계획 재정비 (2025.04) §4.3 경관축 (T1) — 선형은 OSM (T4)"}},{"type":"Feature","geometry":{"type":"LineString","coordinates":[[129.1753578,35.6534607],[129.1767525,35.6567037]]},"properties":{"axis":"도로경관축","sub":"고속철도 경관축","new":true,"lbl":"","note":"OSM 경부고속선","source":"2030 경주시 경관계획 재정비 (2025.04) §4.3 경관축 (T1) — 선형은 OSM (T4)"}},{"type":"Feature","geometry":{"type":"LineString","coordinates":[[129.161601,35.6316029],[129.1619434,35.6320067]]},"properties":{"axis":"도로경관축","sub":"고속철도 경관축","new":true,"lbl":"","note":"OSM 경부고속선","source":"2030 경주시 경관계획 재정비 (2025.04) §4.3 경관축 (T1) — 선형은 OSM (T4)"}},{"type":"Feature","geometry":{"type":"LineString","coordinates":[[129.1798532,35.668053],[129.1801106,35.6696131]]},"properties":{"axis":"도로경관축","sub":"고속철도 경관축","new":true,"lbl":"","note":"OSM 경부고속선","source":"2030 경주시 경관계획 재정비 (2025.04) §4.3 경관축 (T1) — 선형은 OSM (T4)"}},{"type":"Feature","geometry":{"type":"LineString","coordinates":[[129.1706693,35.7774969],[129.1676223,35.7803518],[129.165337,35.782185]]},"properties":{"axis":"도로경관축","sub":"고속철도 경관축","new":true,"lbl":"","note":"OSM 경부고속선","source":"2030 경주시 경관계획 재정비 (2025.04) §4.3 경관축 (T1) — 선형은 OSM (T4)"}},{"type":"Feature","geometry":{"type":"LineString","coordinates":[[129.1863334,35.7519158],[129.1858613,35.7534521],[129.1851961,35.755385],[129.1845309,35.7570915],[129.1836833,35.7590853],[129.182825,35.7609049]]},"properties":{"axis":"도로경관축","sub":"고속철도 경관축","new":true,"lbl":"","note":"OSM 경부고속선","source":"2030 경주시 경관계획 재정비 (2025.04) §4.3 경관축 (T1) — 선형은 OSM (T4)"}},{"type":"Feature","geometry":{"type":"LineString","coordinates":[[129.165337,35.782185],[129.1617429,35.7848755],[129.1555652,35.7888599],[129.1475312,35.7935083]]},"properties":{"axis":"도로경관축","sub":"고속철도 경관축","new":true,"lbl":"","note":"OSM 경부고속선","source":"2030 경주시 경관계획 재정비 (2025.04) §4.3 경관축 (T1) — 선형은 OSM (T4)"}},{"type":"Feature","geometry":{"type":"LineString","coordinates":[[129.1813691,35.763696],[129.1793636,35.766986]]},"properties":{"axis":"도로경관축","sub":"고속철도 경관축","new":true,"lbl":"","note":"OSM 경부고속선","source":"2030 경주시 경관계획 재정비 (2025.04) §4.3 경관축 (T1) — 선형은 OSM (T4)"}},{"type":"Feature","geometry":{"type":"LineString","coordinates":[[129.1551017,35.6206751],[129.1555094,35.6214862]]},"properties":{"axis":"도로경관축","sub":"고속철도 경관축","new":true,"lbl":"","note":"OSM 경부고속선","source":"2030 경주시 경관계획 재정비 (2025.04) §4.3 경관축 (T1) — 선형은 OSM (T4)"}},{"type":"Feature","geometry":{"type":"LineString","coordinates":[[129.0071245,35.8547527],[129.0031758,35.8555242],[129.0024601,35.8556364]]},"properties":{"axis":"도로경관축","sub":"고속철도 경관축","new":true,"lbl":"","note":"OSM 경부고속선","source":"2030 경주시 경관계획 재정비 (2025.04) §4.3 경관축 (T1) — 선형은 OSM (T4)"}},{"type":"Feature","geometry":{"type":"LineString","coordinates":[[129.1741186,35.7738872],[129.1731092,35.7749884],[129.1725205,35.7756151]]},"properties":{"axis":"도로경관축","sub":"고속철도 경관축","new":true,"lbl":"","note":"OSM 경부고속선","source":"2030 경주시 경관계획 재정비 (2025.04) §4.3 경관축 (T1) — 선형은 OSM (T4)"}},{"type":"Feature","geometry":{"type":"LineString","coordinates":[[129.1849708,35.7072488],[129.1851317,35.7084685]]},"properties":{"axis":"도로경관축","sub":"고속철도 경관축","new":true,"lbl":"","note":"OSM 경부고속선","source":"2030 경주시 경관계획 재정비 (2025.04) §4.3 경관축 (T1) — 선형은 OSM (T4)"}},{"type":"Feature","geometry":{"type":"LineString","coordinates":[[129.0763331,35.8333941],[129.0745924,35.8342115]]},"properties":{"axis":"도로경관축","sub":"고속철도 경관축","new":true,"lbl":"","note":"OSM 경부고속선","source":"2030 경주시 경관계획 재정비 (2025.04) §4.3 경관축 (T1) — 선형은 OSM (T4)"}},{"type":"Feature","geometry":{"type":"LineString","coordinates":[[129.1851317,35.7084685],[129.1879671,35.7291203]]},"properties":{"axis":"도로경관축","sub":"고속철도 경관축","new":true,"lbl":"","note":"OSM 경부고속선","source":"2030 경주시 경관계획 재정비 (2025.04) §4.3 경관축 (T1) — 선형은 OSM (T4)"}},{"type":"Feature","geometry":{"type":"LineString","coordinates":[[129.1313095,35.8028736],[129.1305278,35.8033023],[129.1087102,35.815534]]},"properties":{"axis":"도로경관축","sub":"고속철도 경관축","new":true,"lbl":"","note":"OSM 경부고속선","source":"2030 경주시 경관계획 재정비 (2025.04) §4.3 경관축 (T1) — 선형은 OSM (T4)"}},{"type":"Feature","geometry":{"type":"LineString","coordinates":[[129.1767525,35.6567037],[129.1770315,35.6574359]]},"properties":{"axis":"도로경관축","sub":"고속철도 경관축","new":true,"lbl":"","note":"OSM 경부고속선","source":"2030 경주시 경관계획 재정비 (2025.04) §4.3 경관축 (T1) — 선형은 OSM (T4)"}},{"type":"Feature","geometry":{"type":"LineString","coordinates":[[129.179542,35.6662574],[129.1797459,35.667469]]},"properties":{"axis":"도로경관축","sub":"고속철도 경관축","new":true,"lbl":"","note":"OSM 경부고속선","source":"2030 경주시 경관계획 재정비 (2025.04) §4.3 경관축 (T1) — 선형은 OSM (T4)"}},{"type":"Feature","geometry":{"type":"LineString","coordinates":[[129.1709053,35.6456405],[129.1713774,35.6463728]]},"properties":{"axis":"도로경관축","sub":"고속철도 경관축","new":true,"lbl":"","note":"OSM 경부고속선","source":"2030 경주시 경관계획 재정비 (2025.04) §4.3 경관축 (T1) — 선형은 OSM (T4)"}},{"type":"Feature","geometry":{"type":"LineString","coordinates":[[129.1713774,35.6463728],[129.1724052,35.6480819]]},"properties":{"axis":"도로경관축","sub":"고속철도 경관축","new":true,"lbl":"","note":"OSM 경부고속선","source":"2030 경주시 경관계획 재정비 (2025.04) §4.3 경관축 (T1) — 선형은 OSM (T4)"}},{"type":"Feature","geometry":{"type":"LineString","coordinates":[[129.184606,35.7043215],[129.1847455,35.7054803]]},"properties":{"axis":"도로경관축","sub":"고속철도 경관축","new":true,"lbl":"","note":"OSM 경부고속선","source":"2030 경주시 경관계획 재정비 (2025.04) §4.3 경관축 (T1) — 선형은 OSM (T4)"}},{"type":"Feature","geometry":{"type":"LineString","coordinates":[[129.1746497,35.6520397],[129.1752183,35.6531817]]},"properties":{"axis":"도로경관축","sub":"고속철도 경관축","new":true,"lbl":"","note":"OSM 경부고속선","source":"2030 경주시 경관계획 재정비 (2025.04) §4.3 경관축 (T1) — 선형은 OSM (T4)"}},{"type":"Feature","geometry":{"type":"LineString","coordinates":[[129.1087102,35.815534],[129.1039552,35.8182836]]},"properties":{"axis":"도로경관축","sub":"고속철도 경관축","new":true,"lbl":"","note":"OSM 경부고속선","source":"2030 경주시 경관계획 재정비 (2025.04) §4.3 경관축 (T1) — 선형은 OSM (T4)"}},{"type":"Feature","geometry":{"type":"LineString","coordinates":[[129.1411636,35.7969882],[129.1407267,35.7972196],[129.1395633,35.7979001],[129.1381099,35.7987398],[129.1369978,35.7993917],[129.1366326,35.7996058]]},"properties":{"axis":"도로경관축","sub":"고속철도 경관축","new":true,"lbl":"","note":"OSM 경부고속선","source":"2030 경주시 경관계획 재정비 (2025.04) §4.3 경관축 (T1) — 선형은 OSM (T4)"}},{"type":"Feature","geometry":{"type":"LineString","coordinates":[[129.1884504,35.7373228],[129.1884351,35.738562]]},"properties":{"axis":"도로경관축","sub":"고속철도 경관축","new":true,"lbl":"","note":"OSM 경부고속선","source":"2030 경주시 경관계획 재정비 (2025.04) §4.3 경관축 (T1) — 선형은 OSM (T4)"}},{"type":"Feature","geometry":{"type":"LineString","coordinates":[[129.1738128,35.6504879],[129.1740167,35.650854]]},"properties":{"axis":"도로경관축","sub":"고속철도 경관축","new":true,"lbl":"","note":"OSM 경부고속선","source":"2030 경주시 경관계획 재정비 (2025.04) §4.3 경관축 (T1) — 선형은 OSM (T4)"}},{"type":"Feature","geometry":{"type":"LineString","coordinates":[[129.179122,35.6642101],[129.179542,35.6662574]]},"properties":{"axis":"도로경관축","sub":"고속철도 경관축","new":true,"lbl":"","note":"OSM 경부고속선","source":"2030 경주시 경관계획 재정비 (2025.04) §4.3 경관축 (T1) — 선형은 OSM (T4)"}},{"type":"Feature","geometry":{"type":"LineString","coordinates":[[129.1788554,35.6631456],[129.1790378,35.6638865]]},"properties":{"axis":"도로경관축","sub":"고속철도 경관축","new":true,"lbl":"","note":"OSM 경부고속선","source":"2030 경주시 경관계획 재정비 (2025.04) §4.3 경관축 (T1) — 선형은 OSM (T4)"}},{"type":"Feature","geometry":{"type":"LineString","coordinates":[[129.1039552,35.8182836],[129.1005563,35.820228]]},"properties":{"axis":"도로경관축","sub":"고속철도 경관축","new":true,"lbl":"","note":"OSM 경부고속선","source":"2030 경주시 경관계획 재정비 (2025.04) §4.3 경관축 (T1) — 선형은 OSM (T4)"}},{"type":"Feature","geometry":{"type":"LineString","coordinates":[[129.1884351,35.738562],[129.1880494,35.7432649],[129.1878461,35.7450496]]},"properties":{"axis":"도로경관축","sub":"고속철도 경관축","new":true,"lbl":"","note":"OSM 경부고속선","source":"2030 경주시 경관계획 재정비 (2025.04) §4.3 경관축 (T1) — 선형은 OSM (T4)"}},{"type":"Feature","geometry":{"type":"LineString","coordinates":[[128.9879789,35.8573222],[128.9837493,35.8574009],[128.9800659,35.8575788],[128.9772689,35.8575206],[128.9708781,35.8572308],[128.9611512,35.8563049],[128.9509971,35.8552575],[128.9388547,35.8538269],[128.9361109,35.8535857]]},"properties":{"axis":"도로경관축","sub":"고속철도 경관축","new":true,"lbl":"","note":"OSM 경부고속선","source":"2030 경주시 경관계획 재정비 (2025.04) §4.3 경관축 (T1) — 선형은 OSM (T4)"}},{"type":"Feature","geometry":{"type":"LineString","coordinates":[[129.18805,35.7308633],[129.1882538,35.7328403]]},"properties":{"axis":"도로경관축","sub":"고속철도 경관축","new":true,"lbl":"","note":"OSM 경부고속선","source":"2030 경주시 경관계획 재정비 (2025.04) §4.3 경관축 (T1) — 선형은 OSM (T4)"}},{"type":"Feature","geometry":{"type":"LineString","coordinates":[[129.1668377,35.6394596],[129.1706693,35.6453179]]},"properties":{"axis":"도로경관축","sub":"고속철도 경관축","new":true,"lbl":"","note":"OSM 경부고속선","source":"2030 경주시 경관계획 재정비 (2025.04) §4.3 경관축 (T1) — 선형은 OSM (T4)"}},{"type":"Feature","geometry":{"type":"LineString","coordinates":[[129.1540181,35.6183203],[129.1543185,35.6189657],[129.1551017,35.6206751]]},"properties":{"axis":"도로경관축","sub":"고속철도 경관축","new":true,"lbl":"","note":"OSM 경부고속선","source":"2030 경주시 경관계획 재정비 (2025.04) §4.3 경관축 (T1) — 선형은 OSM (T4)"}},{"type":"Feature","geometry":{"type":"LineString","coordinates":[[129.1879671,35.7291203],[129.18805,35.7308633]]},"properties":{"axis":"도로경관축","sub":"고속철도 경관축","new":true,"lbl":"","note":"OSM 경부고속선","source":"2030 경주시 경관계획 재정비 (2025.04) §4.3 경관축 (T1) — 선형은 OSM (T4)"}},{"type":"Feature","geometry":{"type":"LineString","coordinates":[[129.0745924,35.8342115],[129.0627264,35.839643],[129.045629,35.845557],[129.0276904,35.850274],[129.0071245,35.8547527]]},"properties":{"axis":"도로경관축","sub":"고속철도 경관축","new":true,"lbl":"","note":"OSM 경부고속선","source":"2030 경주시 경관계획 재정비 (2025.04) §4.3 경관축 (T1) — 선형은 OSM (T4)"}},{"type":"Feature","geometry":{"type":"LineString","coordinates":[[129.1619434,35.6320067],[129.1660881,35.6383077]]},"properties":{"axis":"도로경관축","sub":"고속철도 경관축","new":true,"lbl":"","note":"OSM 경부고속선","source":"2030 경주시 경관계획 재정비 (2025.04) §4.3 경관축 (T1) — 선형은 OSM (T4)"}},{"type":"Feature","geometry":{"type":"LineString","coordinates":[[129.160668,35.6301786],[129.161601,35.6316029]]},"properties":{"axis":"도로경관축","sub":"고속철도 경관축","new":true,"lbl":"","note":"OSM 경부고속선","source":"2030 경주시 경관계획 재정비 (2025.04) §4.3 경관축 (T1) — 선형은 OSM (T4)"}},{"type":"Feature","geometry":{"type":"LineString","coordinates":[[129.178158,35.660731],[129.1788554,35.6631456]]},"properties":{"axis":"도로경관축","sub":"고속철도 경관축","new":true,"lbl":"","note":"OSM 경부고속선","source":"2030 경주시 경관계획 재정비 (2025.04) §4.3 경관축 (T1) — 선형은 OSM (T4)"}},{"type":"Feature","geometry":{"type":"LineString","coordinates":[[129.1575586,35.6252101],[129.1589426,35.6274339]]},"properties":{"axis":"도로경관축","sub":"고속철도 경관축","new":true,"lbl":"","note":"OSM 경부고속선","source":"2030 경주시 경관계획 재정비 (2025.04) §4.3 경관축 (T1) — 선형은 OSM (T4)"}},{"type":"Feature","geometry":{"type":"LineString","coordinates":[[129.1725205,35.7756151],[129.1721845,35.7759728],[129.1720855,35.7760781],[129.1709631,35.7772025],[129.1706693,35.7774969]]},"properties":{"axis":"도로경관축","sub":"고속철도 경관축","new":true,"lbl":"","note":"OSM 경부고속선","source":"2030 경주시 경관계획 재정비 (2025.04) §4.3 경관축 (T1) — 선형은 OSM (T4)"}},{"type":"Feature","geometry":{"type":"LineString","coordinates":[[129.2389244,35.9864577],[129.2391109,35.9858412],[129.2392694,35.9852597],[129.2393558,35.9848],[129.2394577,35.9839622],[129.2395001,35.9832456],[129.2394952,35.9827294],[129.2394416,35.9817527],[129.2393745,35.9812287]]},"properties":{"axis":"도로경관축","sub":"상생로드(형산로) 자전거도로 경관축","new":false,"lbl":"","note":"자전거도로 경관축","source":"2030 경주시 경관계획 재정비 (2025.04) §4.3 경관축 (T1) — 선형은 OSM (T4)"}},{"type":"Feature","geometry":{"type":"LineString","coordinates":[[129.2218872,35.8907573],[129.2212205,35.890719],[129.2205499,35.8906096],[129.2199482,35.8904655],[129.2195282,35.890343],[129.2189983,35.8901415],[129.2183031,35.8898015],[129.2177223,35.8894549],[129.2164369,35.8886426],[129.2159516,35.8884021],[129.2155169,35.8882175]]},"properties":{"axis":"도로경관축","sub":"상생로드(형산로) 자전거도로 경관축","new":false,"lbl":"","note":"자전거도로 경관축","source":"2030 경주시 경관계획 재정비 (2025.04) §4.3 경관축 (T1) — 선형은 OSM (T4)"}},{"type":"Feature","geometry":{"type":"LineString","coordinates":[[129.225305,35.8910848],[129.2247952,35.8909577],[129.2242717,35.8908613],[129.2235438,35.8907641],[129.2218872,35.8907573]]},"properties":{"axis":"도로경관축","sub":"상생로드(형산로) 자전거도로 경관축","new":false,"lbl":"","note":"자전거도로 경관축","source":"2030 경주시 경관계획 재정비 (2025.04) §4.3 경관축 (T1) — 선형은 OSM (T4)"}},{"type":"Feature","geometry":{"type":"LineString","coordinates":[[128.9839834,35.9362918],[128.9848307,35.9361736]]},"properties":{"axis":"도로경관축","sub":"국도 4호선 경관축","new":false,"lbl":"","note":"OSM ref 4;35 trunk","source":"2030 경주시 경관계획 재정비 (2025.04) §4.3 경관축 (T1) — 선형은 OSM (T4)"}},{"type":"Feature","geometry":{"type":"LineString","coordinates":[[129.0651696,35.8907354],[129.0653948,35.8905382]]},"properties":{"axis":"도로경관축","sub":"국도 4호선 경관축","new":false,"lbl":"","note":"OSM ref 4;35 trunk","source":"2030 경주시 경관계획 재정비 (2025.04) §4.3 경관축 (T1) — 선형은 OSM (T4)"}},{"type":"Feature","geometry":{"type":"LineString","coordinates":[[129.0549579,35.9018773],[129.0552514,35.9016304],[129.0555187,35.9013585],[129.0570928,35.8992285],[129.0581737,35.8977473],[129.0585337,35.8972635],[129.0591277,35.896465],[129.0595144,35.8959838],[129.0597319,35.8957384],[129.0599698,35.8954698],[129.0605665,35.894856],[129.0615267,35.893956],[129.0651696,35.8907354]]},"properties":{"axis":"도로경관축","sub":"국도 4호선 경관축","new":false,"lbl":"","note":"OSM ref 4;35 trunk","source":"2030 경주시 경관계획 재정비 (2025.04) §4.3 경관축 (T1) — 선형은 OSM (T4)"}},{"type":"Feature","geometry":{"type":"LineString","coordinates":[[129.0016813,35.9266388],[129.0022697,35.9263879]]},"properties":{"axis":"도로경관축","sub":"국도 4호선 경관축","new":false,"lbl":"","note":"OSM ref 4;35 trunk","source":"2030 경주시 경관계획 재정비 (2025.04) §4.3 경관축 (T1) — 선형은 OSM (T4)"}},{"type":"Feature","geometry":{"type":"LineString","coordinates":[[129.0307372,35.9038532],[129.0310201,35.903699]]},"properties":{"axis":"도로경관축","sub":"국도 4호선 경관축","new":false,"lbl":"","note":"OSM ref 4;35 trunk","source":"2030 경주시 경관계획 재정비 (2025.04) §4.3 경관축 (T1) — 선형은 OSM (T4)"}},{"type":"Feature","geometry":{"type":"LineString","coordinates":[[129.0267072,35.9062373],[129.0270865,35.9059535],[129.0273852,35.9057547],[129.027926,35.9054353],[129.0294505,35.9045667],[129.0299051,35.9043156],[129.0307372,35.9038532]]},"properties":{"axis":"도로경관축","sub":"국도 4호선 경관축","new":false,"lbl":"","note":"OSM ref 4;35 trunk","source":"2030 경주시 경관계획 재정비 (2025.04) §4.3 경관축 (T1) — 선형은 OSM (T4)"}},{"type":"Feature","geometry":{"type":"LineString","coordinates":[[129.0727906,35.8855955],[129.0730005,35.885478]]},"properties":{"axis":"도로경관축","sub":"국도 4호선 경관축","new":false,"lbl":"","note":"OSM ref 4;35 trunk","source":"2030 경주시 경관계획 재정비 (2025.04) §4.3 경관축 (T1) — 선형은 OSM (T4)"}},{"type":"Feature","geometry":{"type":"LineString","coordinates":[[129.0064837,35.9253596],[129.0110353,35.9248147]]},"properties":{"axis":"도로경관축","sub":"국도 4호선 경관축","new":false,"lbl":"","note":"OSM ref 4;35 trunk","source":"2030 경주시 경관계획 재정비 (2025.04) §4.3 경관축 (T1) — 선형은 OSM (T4)"}},{"type":"Feature","geometry":{"type":"LineString","coordinates":[[129.0022697,35.9263879],[129.0027299,35.926187],[129.0034417,35.9259499],[129.0042351,35.925743],[129.0048782,35.9255966],[129.0057497,35.92546],[129.0064837,35.9253596]]},"properties":{"axis":"도로경관축","sub":"국도 4호선 경관축","new":false,"lbl":"","note":"OSM ref 4;35 trunk","source":"2030 경주시 경관계획 재정비 (2025.04) §4.3 경관축 (T1) — 선형은 OSM (T4)"}},{"type":"Feature","geometry":{"type":"LineString","coordinates":[[129.0653948,35.8905382],[129.06707,35.88905],[129.0679281,35.8884222],[129.0686405,35.8879461],[129.06981,35.88726],[129.0706813,35.8868014]]},"properties":{"axis":"도로경관축","sub":"국도 4호선 경관축","new":false,"lbl":"","note":"OSM ref 4;35 trunk","source":"2030 경주시 경관계획 재정비 (2025.04) §4.3 경관축 (T1) — 선형은 OSM (T4)"}},{"type":"Feature","geometry":{"type":"LineString","coordinates":[[129.0793639,35.8796207],[129.0794629,35.8794986]]},"properties":{"axis":"도로경관축","sub":"국도 4호선 경관축","new":false,"lbl":"","note":"OSM ref 4;35 trunk","source":"2030 경주시 경관계획 재정비 (2025.04) §4.3 경관축 (T1) — 선형은 OSM (T4)"}},{"type":"Feature","geometry":{"type":"LineString","coordinates":[[129.0730005,35.885478],[129.0735775,35.885129],[129.0740583,35.8847969],[129.0742472,35.8846398],[129.0744288,35.8844615],[129.074658,35.8842102],[129.0750699,35.8837323],[129.0753293,35.8834812],[129.0755857,35.8832643],[129.0759353,35.8830201],[129.0763684,35.8827622],[129.0767494,35.8825169],[129.0770032,35.8823371],[129.0773957,35.8820184],[129.0777653,35.8816404],[129.0793639,35.8796207]]},"properties":{"axis":"도로경관축","sub":"국도 4호선 경관축","new":false,"lbl":"","note":"OSM ref 4;35 trunk","source":"2030 경주시 경관계획 재정비 (2025.04) §4.3 경관축 (T1) — 선형은 OSM (T4)"}},{"type":"Feature","geometry":{"type":"LineString","coordinates":[[129.3341831,35.677471],[129.3337402,35.6778487],[129.33336,35.67835],[129.3319322,35.6822841]]},"properties":{"axis":"도로경관축","sub":"국도 7호선 경관축","new":false,"lbl":"","note":"OSM ref 7 primary","source":"2030 경주시 경관계획 재정비 (2025.04) §4.3 경관축 (T1) — 선형은 OSM (T4)"}},{"type":"Feature","geometry":{"type":"LineString","coordinates":[[129.3350146,35.6769449],[129.3341831,35.677471]]},"properties":{"axis":"도로경관축","sub":"국도 7호선 경관축","new":false,"lbl":"","note":"OSM ref 7 primary","source":"2030 경주시 경관계획 재정비 (2025.04) §4.3 경관축 (T1) — 선형은 OSM (T4)"}},{"type":"Feature","geometry":{"type":"LineString","coordinates":[[129.1014668,35.8577656],[129.1018038,35.857412],[129.1027011,35.856525],[129.1030782,35.8561524],[129.104636,35.8546047]]},"properties":{"axis":"도로경관축","sub":"국도 4호선 경관축","new":false,"lbl":"","note":"OSM ref 4;35 trunk","source":"2030 경주시 경관계획 재정비 (2025.04) §4.3 경관축 (T1) — 선형은 OSM (T4)"}},{"type":"Feature","geometry":{"type":"LineString","coordinates":[[129.1440195,35.8168075],[129.1441021,35.8157026],[129.1442072,35.8141518],[129.1442836,35.8126967],[129.1443383,35.8121064],[129.1444231,35.8114854],[129.1445409,35.8109287],[129.1446528,35.8104683],[129.1447891,35.8100473]]},"properties":{"axis":"도로경관축","sub":"국도 7호선 경관축","new":false,"lbl":"","note":"OSM ref 7 trunk","source":"2030 경주시 경관계획 재정비 (2025.04) §4.3 경관축 (T1) — 선형은 OSM (T4)"}},{"type":"Feature","geometry":{"type":"LineString","coordinates":[[129.1120431,35.8482477],[129.1122646,35.8480318],[129.1125032,35.8477722],[129.1130486,35.8471003],[129.1140853,35.8457824],[129.1144481,35.8453565],[129.1148819,35.844901],[129.1152425,35.8445664],[129.1170615,35.842948],[129.1219639,35.838581],[129.1222476,35.838307],[129.1224342,35.8381081],[129.12259,35.8379166],[129.1228775,35.8375038],[129.1244697,35.834828]]},"properties":{"axis":"도로경관축","sub":"국도 4호선 경관축","new":false,"lbl":"","note":"OSM ref 4;35 trunk","source":"2030 경주시 경관계획 재정비 (2025.04) §4.3 경관축 (T1) — 선형은 OSM (T4)"}},{"type":"Feature","geometry":{"type":"LineString","coordinates":[[129.1443985,35.8165321],[129.1442897,35.818254]]},"properties":{"axis":"도로경관축","sub":"국도 7호선 경관축","new":false,"lbl":"","note":"OSM ref 7 trunk","source":"2030 경주시 경관계획 재정비 (2025.04) §4.3 경관축 (T1) — 선형은 OSM (T4)"}},{"type":"Feature","geometry":{"type":"LineString","coordinates":[[129.1013582,35.8578843],[129.1014668,35.8577656]]},"properties":{"axis":"도로경관축","sub":"국도 4호선 경관축","new":false,"lbl":"","note":"OSM ref 4;35 trunk","source":"2030 경주시 경관계획 재정비 (2025.04) §4.3 경관축 (T1) — 선형은 OSM (T4)"}},{"type":"Feature","geometry":{"type":"LineString","coordinates":[[129.1052365,35.8540142],[129.1055248,35.8537307]]},"properties":{"axis":"도로경관축","sub":"국도 4호선 경관축","new":false,"lbl":"","note":"OSM ref 4;35 trunk","source":"2030 경주시 경관계획 재정비 (2025.04) §4.3 경관축 (T1) — 선형은 OSM (T4)"}},{"type":"Feature","geometry":{"type":"LineString","coordinates":[[129.1439843,35.8175023],[129.1440195,35.8168075]]},"properties":{"axis":"도로경관축","sub":"국도 7호선 경관축","new":false,"lbl":"","note":"OSM ref 7 trunk","source":"2030 경주시 경관계획 재정비 (2025.04) §4.3 경관축 (T1) — 선형은 OSM (T4)"}},{"type":"Feature","geometry":{"type":"LineString","coordinates":[[129.1449126,35.8101218],[129.1447877,35.8105064],[129.144685,35.8109114],[129.1445673,35.8114772],[129.144484,35.8121043],[129.1444327,35.8127239],[129.1443784,35.8136833],[129.1443783,35.8144286],[129.1444236,35.8154019],[129.1444257,35.8157258],[129.1443985,35.8165321]]},"properties":{"axis":"도로경관축","sub":"국도 7호선 경관축","new":false,"lbl":"","note":"OSM ref 7 trunk","source":"2030 경주시 경관계획 재정비 (2025.04) §4.3 경관축 (T1) — 선형은 OSM (T4)"}},{"type":"Feature","geometry":{"type":"LineString","coordinates":[[129.1785517,35.8150971],[129.178702,35.8151483],[129.1793945,35.8153844],[129.1794449,35.8154016],[129.1802965,35.8156844],[129.1811573,35.8159491],[129.1814865,35.8160518],[129.1816688,35.8160812],[129.1819703,35.816135],[129.1824685,35.8161844],[129.1828793,35.8162509],[129.1831333,35.8163404],[129.1834315,35.8164918],[129.1845326,35.8172203],[129.1848503,35.8175268],[129.1855016,35.8182248],[129.1857478,35.818508],[129.1859632,35.8187713],[129.1863147,35.8192391],[129.1865681,35.8196754],[129.1866115,35.819794],[129.1866445,35.8198842],[129.1866701,35.8201234],[129.1866915,35.820491],[129.1866969,35.8218427],[129.186713,35.8224908],[129.1867656,35.8227394],[129.1867909,35.8228098],[129.1868665,35.8230206],[129.1870909,35.8234071],[129.1872211,35.8235569],[129.1873081,35.8236569],[129.1875306,35.8238719],[129.1880696,35.8243041],[129.1887984,35.8249632],[129.1893426,35.8254761],[129.1895803,35.8257427],[129.1901425,35.8263202],[129.1903219,35.8265161],[129.1907814,35.8270181],[129.191271,35.8275598],[129.1920141,35.8283556],[129.1925012,35.8288742],[129.1927464,35.8291279],[129.1938869,35.8303611],[129.1950345,35.8316018],[129.196161,35.8328198],[129.1962031,35.8328653],[129.1972952,35.8340371],[129.1973055,35.8340482],[129.1978163,35.8345942],[129.1980634,35.8349482],[129.1982375,35.8353405],[129.1985928,35.8363789],[129.1987264,35.8367474],[129.1987316,35.8367643],[129.1987712,35.8368921]]},"properties":{"axis":"도로경관축","sub":"국도 4호선 경관축","new":false,"lbl":"","note":"OSM ref 4;35 primary","source":"2030 경주시 경관계획 재정비 (2025.04) §4.3 경관축 (T1) — 선형은 OSM (T4)"}},{"type":"Feature","geometry":{"type":"LineString","coordinates":[[129.1458026,35.8077892],[129.1455967,35.8083389],[129.1453523,35.8089202]]},"properties":{"axis":"도로경관축","sub":"국도 7호선 경관축","new":false,"lbl":"","note":"OSM ref 7 trunk","source":"2030 경주시 경관계획 재정비 (2025.04) §4.3 경관축 (T1) — 선형은 OSM (T4)"}},{"type":"Feature","geometry":{"type":"LineString","coordinates":[[129.1452376,35.8088323],[129.1454653,35.808285],[129.1456943,35.8076633]]},"properties":{"axis":"도로경관축","sub":"국도 7호선 경관축","new":false,"lbl":"","note":"OSM ref 7 trunk","source":"2030 경주시 경관계획 재정비 (2025.04) §4.3 경관축 (T1) — 선형은 OSM (T4)"}},{"type":"Feature","geometry":{"type":"LineString","coordinates":[[129.1453523,35.8089202],[129.1451631,35.8093948],[129.1450225,35.8097915],[129.1449126,35.8101218]]},"properties":{"axis":"도로경관축","sub":"국도 7호선 경관축","new":false,"lbl":"","note":"OSM ref 7 trunk","source":"2030 경주시 경관계획 재정비 (2025.04) §4.3 경관축 (T1) — 선형은 OSM (T4)"}},{"type":"Feature","geometry":{"type":"LineString","coordinates":[[129.1456943,35.8076633],[129.1461736,35.8064619]]},"properties":{"axis":"도로경관축","sub":"국도 7호선 경관축","new":false,"lbl":"","note":"OSM ref 7 trunk","source":"2030 경주시 경관계획 재정비 (2025.04) §4.3 경관축 (T1) — 선형은 OSM (T4)"}},{"type":"Feature","geometry":{"type":"LineString","coordinates":[[129.1478828,35.8025408],[129.1475701,35.8033158],[129.1470791,35.8045755]]},"properties":{"axis":"도로경관축","sub":"국도 7호선 경관축","new":false,"lbl":"","note":"OSM ref 7 trunk","source":"2030 경주시 경관계획 재정비 (2025.04) §4.3 경관축 (T1) — 선형은 OSM (T4)"}},{"type":"Feature","geometry":{"type":"LineString","coordinates":[[129.0974789,35.8628794],[129.096261,35.8644971]]},"properties":{"axis":"도로경관축","sub":"국도 4호선 경관축","new":false,"lbl":"","note":"OSM ref 4;35 trunk","source":"2030 경주시 경관계획 재정비 (2025.04) §4.3 경관축 (T1) — 선형은 OSM (T4)"}},{"type":"Feature","geometry":{"type":"LineString","coordinates":[[129.1462713,35.8065934],[129.1458026,35.8077892]]},"properties":{"axis":"도로경관축","sub":"국도 7호선 경관축","new":false,"lbl":"","note":"OSM ref 7 trunk","source":"2030 경주시 경관계획 재정비 (2025.04) §4.3 경관축 (T1) — 선형은 OSM (T4)"}},{"type":"Feature","geometry":{"type":"LineString","coordinates":[[129.1471206,35.8041756],[129.1474709,35.8033397],[129.1478078,35.8024853]]},"properties":{"axis":"도로경관축","sub":"국도 7호선 경관축","new":false,"lbl":"","note":"OSM ref 7 trunk","source":"2030 경주시 경관계획 재정비 (2025.04) §4.3 경관축 (T1) — 선형은 OSM (T4)"}},{"type":"Feature","geometry":{"type":"LineString","coordinates":[[129.1447891,35.8100473],[129.144894,35.8097296],[129.1450618,35.8092791],[129.1452376,35.8088323]]},"properties":{"axis":"도로경관축","sub":"국도 7호선 경관축","new":false,"lbl":"","note":"OSM ref 7 trunk","source":"2030 경주시 경관계획 재정비 (2025.04) §4.3 경관축 (T1) — 선형은 OSM (T4)"}},{"type":"Feature","geometry":{"type":"LineString","coordinates":[[129.4240101,35.8030943],[129.4242028,35.803179]]},"properties":{"axis":"도로경관축","sub":"동해바다로(경감로) 자전거도로 경관축","new":false,"lbl":"","note":"자전거도로 경관축","source":"2030 경주시 경관계획 재정비 (2025.04) §4.3 경관축 (T1) — 선형은 OSM (T4)"}},{"type":"Feature","geometry":{"type":"LineString","coordinates":[[129.2174308,35.8401721],[129.2174949,35.8399942],[129.2180788,35.8389229],[129.2182049,35.8387062],[129.2185515,35.8381307],[129.218666,35.8380002],[129.2189176,35.8377131],[129.2193644,35.8372972],[129.2194407,35.8372301],[129.2199659,35.8369037],[129.2200022,35.8368811],[129.2202172,35.8367474],[129.2207849,35.8363946],[129.2212297,35.8361454]]},"properties":{"axis":"도로경관축","sub":"국도 4호선 경관축","new":false,"lbl":"","note":"OSM ref 4 primary","source":"2030 경주시 경관계획 재정비 (2025.04) §4.3 경관축 (T1) — 선형은 OSM (T4)"}},{"type":"Feature","geometry":{"type":"LineString","coordinates":[[129.2225974,35.8404547],[129.2264029,35.8402556]]},"properties":{"axis":"도로경관축","sub":"국도 4호선 경관축","new":false,"lbl":"","note":"OSM ref 4 primary","source":"2030 경주시 경관계획 재정비 (2025.04) §4.3 경관축 (T1) — 선형은 OSM (T4)"}},{"type":"Feature","geometry":{"type":"LineString","coordinates":[[129.335619,35.6726831],[129.3356232,35.6729593],[129.3356285,35.6733032],[129.3356255,35.6737777],[129.3356128,35.675072],[129.335598,35.6757913],[129.3355217,35.6762274],[129.3352873,35.6766099],[129.3350146,35.6769449]]},"properties":{"axis":"도로경관축","sub":"국도 7호선 경관축","new":false,"lbl":"","note":"OSM ref 7 primary","source":"2030 경주시 경관계획 재정비 (2025.04) §4.3 경관축 (T1) — 선형은 OSM (T4)"}},{"type":"Feature","geometry":{"type":"LineString","coordinates":[[129.2912255,35.6273595],[129.2903188,35.6262374]]},"properties":{"axis":"도로경관축","sub":"울산-포항고속도로 경관축","new":false,"lbl":"","note":"OSM ref 65 motorway","source":"2030 경주시 경관계획 재정비 (2025.04) §4.3 경관축 (T1) — 선형은 OSM (T4)"}},{"type":"Feature","geometry":{"type":"LineString","coordinates":[[129.0421594,35.7576617],[129.0432237,35.7574872]]},"properties":{"axis":"도로경관축","sub":"국도 20호선 경관축","new":false,"lbl":"","note":"OSM ref 20 primary","source":"2030 경주시 경관계획 재정비 (2025.04) §4.3 경관축 (T1) — 선형은 OSM (T4)"}},{"type":"Feature","geometry":{"type":"LineString","coordinates":[[129.00833,35.76036],[129.0082249,35.7603361],[129.0073891,35.7601465],[129.00714,35.76009],[129.0067,35.76001],[129.00635,35.75995],[129.00615,35.75992],[129.0059999,35.7599294],[129.00567,35.75995],[129.00449,35.7601],[129.00363,35.76025],[129.00315,35.76037],[129.00194,35.76071],[129.00158,35.76078],[129.00117,35.76086],[129.00023,35.76097],[128.99909,35.76108],[128.99786,35.76121],[128.99735,35.7613],[128.99666,35.76147],[128.99642,35.76151],[128.99595,35.76152],[128.99526,35.76144],[128.9948072,35.7613897],[128.99472,35.76138],[128.994396,35.7613653],[128.99428,35.76136],[128.99413,35.76141],[128.99367,35.76156],[128.99277,35.76196],[128.99207,35.76225],[128.99167,35.76234],[128.99149,35.76237],[128.9905,35.76239],[128.9896149,35.7623836],[128.98912,35.76238],[128.98897,35.76234],[128.98861,35.76225],[128.98762,35.7618],[128.98701,35.76153],[128.98598,35.76127],[128.98491,35.76103],[128.98449,35.76094],[128.98387,35.7609],[128.9836291,35.7609009],[128.9824842,35.7609051],[128.9820685,35.7609137],[128.9817009,35.7609207],[128.9813196,35.7609987],[128.9810103,35.7611961],[128.9805061,35.7616969],[128.9799527,35.7622639],[128.9797118,35.7625466],[128.9795504,35.7628308],[128.9794269,35.7630573],[128.9793582,35.7633023],[128.9793131,35.7636517],[128.9792786,35.764075],[128.9794246,35.7646112],[128.9794474,35.7651163],[128.9794593,35.765379],[128.9792674,35.7661776],[128.979075,35.7669452],[128.9789357,35.7672571],[128.9789131,35.7673077],[128.978792,35.7674904],[128.9786889,35.7675839],[128.9785812,35.7676774],[128.9785218,35.7677404],[128.9784529,35.767792],[128.9783767,35.7678402],[128.9781895,35.7679238]]},"properties":{"axis":"도로경관축","sub":"국도 20호선 경관축","new":false,"lbl":"","note":"OSM ref 20 primary","source":"2030 경주시 경관계획 재정비 (2025.04) §4.3 경관축 (T1) — 선형은 OSM (T4)"}},{"type":"Feature","geometry":{"type":"LineString","coordinates":[[129.1366669,35.7996394],[129.1381344,35.7987657],[129.1396573,35.7978938],[129.1407781,35.7972526],[129.1412052,35.7970271]]},"properties":{"axis":"도로경관축","sub":"고속철도 경관축","new":true,"lbl":"","note":"OSM 경부고속선","source":"2030 경주시 경관계획 재정비 (2025.04) §4.3 경관축 (T1) — 선형은 OSM (T4)"}},{"type":"Feature","geometry":{"type":"LineString","coordinates":[[129.3216868,35.7790504],[129.3247171,35.7811331]]},"properties":{"axis":"도로경관축","sub":"국도 4호선 경관축","new":false,"lbl":"","note":"OSM ref 4 primary","source":"2030 경주시 경관계획 재정비 (2025.04) §4.3 경관축 (T1) — 선형은 OSM (T4)"}},{"type":"Feature","geometry":{"type":"LineString","coordinates":[[129.2348974,35.9723971],[129.2348008,35.9721063],[129.2346823,35.9717194],[129.2346321,35.9715578],[129.2345872,35.9713024],[129.2345636,35.971064],[129.2345454,35.9708879],[129.2345265,35.9706575],[129.2345264,35.9703631],[129.2345551,35.9696603],[129.2348014,35.968056]]},"properties":{"axis":"도로경관축","sub":"상생로드(형산로) 자전거도로 경관축","new":false,"lbl":"","note":"자전거도로 경관축","source":"2030 경주시 경관계획 재정비 (2025.04) §4.3 경관축 (T1) — 선형은 OSM (T4)"}},{"type":"Feature","geometry":{"type":"LineString","coordinates":[[129.2387821,35.9293135],[129.2387693,35.9290616]]},"properties":{"axis":"도로경관축","sub":"상생로드(형산로) 자전거도로 경관축","new":false,"lbl":"","note":"자전거도로 경관축","source":"2030 경주시 경관계획 재정비 (2025.04) §4.3 경관축 (T1) — 선형은 OSM (T4)"}},{"type":"Feature","geometry":{"type":"LineString","coordinates":[[129.238417,35.9351367],[129.2385441,35.9334019],[129.2386765,35.9313757],[129.2387154,35.930652],[129.2387601,35.9299434],[129.2387821,35.9293135]]},"properties":{"axis":"도로경관축","sub":"상생로드(형산로) 자전거도로 경관축","new":false,"lbl":"","note":"자전거도로 경관축","source":"2030 경주시 경관계획 재정비 (2025.04) §4.3 경관축 (T1) — 선형은 OSM (T4)"}},{"type":"Feature","geometry":{"type":"LineString","coordinates":[[129.2388783,35.979248],[129.2386407,35.9787223],[129.2384305,35.9782396],[129.2382573,35.9778756],[129.2379294,35.977214],[129.2368667,35.9755276],[129.2357241,35.9739474],[129.2355256,35.9736305],[129.2353056,35.9732484],[129.2350208,35.9727183]]},"properties":{"axis":"도로경관축","sub":"상생로드(형산로) 자전거도로 경관축","new":false,"lbl":"","note":"자전거도로 경관축","source":"2030 경주시 경관계획 재정비 (2025.04) §4.3 경관축 (T1) — 선형은 OSM (T4)"}},{"type":"Feature","geometry":{"type":"LineString","coordinates":[[129.2376667,35.9905108],[129.2373931,35.9906262],[129.2370323,35.9908131],[129.2366606,35.9910554],[129.2362997,35.9913737],[129.2358775,35.9917737],[129.2346454,35.9929797]]},"properties":{"axis":"도로경관축","sub":"국도 28호선 경관축","new":false,"lbl":"","note":"OSM ref 28 trunk","source":"2030 경주시 경관계획 재정비 (2025.04) §4.3 경관축 (T1) — 선형은 OSM (T4)"}},{"type":"Feature","geometry":{"type":"LineString","coordinates":[[129.2429029,35.9894407],[129.2465225,35.9888888],[129.2481031,35.9886903],[129.2490919,35.988626],[129.2497126,35.9886056],[129.2500627,35.9886289]]},"properties":{"axis":"도로경관축","sub":"국도 28호선 경관축","new":false,"lbl":"","note":"OSM ref 28 trunk","source":"2030 경주시 경관계획 재정비 (2025.04) §4.3 경관축 (T1) — 선형은 OSM (T4)"}},{"type":"Feature","geometry":{"type":"LineString","coordinates":[[129.2326996,35.9527375],[129.2334765,35.9510894],[129.2341969,35.9496003]]},"properties":{"axis":"도로경관축","sub":"상생로드(형산로) 자전거도로 경관축","new":false,"lbl":"","note":"자전거도로 경관축","source":"2030 경주시 경관계획 재정비 (2025.04) §4.3 경관축 (T1) — 선형은 OSM (T4)"}},{"type":"Feature","geometry":{"type":"LineString","coordinates":[[129.2387693,35.9290616],[129.2386375,35.9279346],[129.2384604,35.9270073],[129.238366,35.9265899],[129.2381002,35.9257571],[129.2368698,35.9225896],[129.2367062,35.9220491],[129.2365975,35.9212926],[129.2366029,35.9207129],[129.2365921,35.9203573],[129.2368084,35.9182527],[129.2368988,35.9178396],[129.2369285,35.9170052],[129.2369467,35.9164366],[129.2369273,35.9159706]]},"properties":{"axis":"도로경관축","sub":"상생로드(형산로) 자전거도로 경관축","new":false,"lbl":"","note":"자전거도로 경관축","source":"2030 경주시 경관계획 재정비 (2025.04) §4.3 경관축 (T1) — 선형은 OSM (T4)"}},{"type":"Feature","geometry":{"type":"LineString","coordinates":[[129.2342774,35.9494353],[129.2347356,35.948577],[129.2350875,35.947838],[129.2360115,35.9459015],[129.2369096,35.9439793],[129.2373143,35.9431838],[129.237502,35.9427712],[129.2376249,35.9424538],[129.2378072,35.9419239],[129.2379042,35.9415761],[129.2379852,35.9412595],[129.2380603,35.9408426],[129.2380979,35.940582],[129.2381354,35.9402345],[129.238305,35.9372122]]},"properties":{"axis":"도로경관축","sub":"상생로드(형산로) 자전거도로 경관축","new":false,"lbl":"","note":"자전거도로 경관축","source":"2030 경주시 경관계획 재정비 (2025.04) §4.3 경관축 (T1) — 선형은 OSM (T4)"}},{"type":"Feature","geometry":{"type":"LineString","coordinates":[[129.2348282,35.9678085],[129.2349087,35.9670574],[129.2349242,35.9667227],[129.2348974,35.9663189],[129.2348706,35.9659498],[129.2348068,35.9657071],[129.234678,35.9654163],[129.2345002,35.9649284],[129.234357,35.9646195],[129.2341967,35.9643136]]},"properties":{"axis":"도로경관축","sub":"상생로드(형산로) 자전거도로 경관축","new":false,"lbl":"","note":"자전거도로 경관축","source":"2030 경주시 경관계획 재정비 (2025.04) §4.3 경관축 (T1) — 선형은 OSM (T4)"}},{"type":"Feature","geometry":{"type":"LineString","coordinates":[[129.2368882,35.9155761],[129.2368052,35.9139371]]},"properties":{"axis":"도로경관축","sub":"상생로드(형산로) 자전거도로 경관축","new":false,"lbl":"","note":"자전거도로 경관축","source":"2030 경주시 경관계획 재정비 (2025.04) §4.3 경관축 (T1) — 선형은 OSM (T4)"}},{"type":"Feature","geometry":{"type":"LineString","coordinates":[[129.1980225,35.8771022],[129.1974696,35.8764353]]},"properties":{"axis":"도로경관축","sub":"상생로드(형산로) 자전거도로 경관축","new":false,"lbl":"","note":"자전거도로 경관축","source":"2030 경주시 경관계획 재정비 (2025.04) §4.3 경관축 (T1) — 선형은 OSM (T4)"}},{"type":"Feature","geometry":{"type":"LineString","coordinates":[[129.1974696,35.8764353],[129.1957451,35.8743034],[129.1946753,35.8729249],[129.1943749,35.8725509],[129.1942732,35.872386],[129.194112,35.8719685],[129.1940583,35.8717208],[129.1941147,35.8714951],[129.1942032,35.8713381],[129.1943268,35.8711993],[129.1944714,35.8710991],[129.1948257,35.871008]]},"properties":{"axis":"도로경관축","sub":"상생로드(형산로) 자전거도로 경관축","new":false,"lbl":"","note":"자전거도로 경관축","source":"2030 경주시 경관계획 재정비 (2025.04) §4.3 경관축 (T1) — 선형은 OSM (T4)"}},{"type":"Feature","geometry":{"type":"LineString","coordinates":[[129.2371666,35.9899215],[129.2375528,35.9893659],[129.2376265,35.9892383],[129.237961,35.9886588],[129.2382555,35.9881028],[129.2385028,35.987578],[129.2389244,35.9864577]]},"properties":{"axis":"도로경관축","sub":"상생로드(형산로) 자전거도로 경관축","new":false,"lbl":"","note":"자전거도로 경관축","source":"2030 경주시 경관계획 재정비 (2025.04) §4.3 경관축 (T1) — 선형은 OSM (T4)"}},{"type":"Feature","geometry":{"type":"LineString","coordinates":[[129.2348014,35.968056],[129.2348094,35.9679821],[129.2348282,35.9678085]]},"properties":{"axis":"도로경관축","sub":"상생로드(형산로) 자전거도로 경관축","new":false,"lbl":"","note":"자전거도로 경관축","source":"2030 경주시 경관계획 재정비 (2025.04) §4.3 경관축 (T1) — 선형은 OSM (T4)"}},{"type":"Feature","geometry":{"type":"LineString","coordinates":[[129.2332161,35.9629285],[129.2328862,35.962438],[129.2327763,35.9622179],[129.2326867,35.9620307],[129.2325851,35.9617637]]},"properties":{"axis":"도로경관축","sub":"상생로드(형산로) 자전거도로 경관축","new":false,"lbl":"","note":"자전거도로 경관축","source":"2030 경주시 경관계획 재정비 (2025.04) §4.3 경관축 (T1) — 선형은 OSM (T4)"}},{"type":"Feature","geometry":{"type":"LineString","coordinates":[[129.232369,35.9608833],[129.2323484,35.9606414],[129.2323417,35.960406],[129.2322987,35.9576511],[129.2322998,35.9549771],[129.2323492,35.9541023]]},"properties":{"axis":"도로경관축","sub":"상생로드(형산로) 자전거도로 경관축","new":false,"lbl":"","note":"자전거도로 경관축","source":"2030 경주시 경관계획 재정비 (2025.04) §4.3 경관축 (T1) — 선형은 OSM (T4)"}},{"type":"Feature","geometry":{"type":"LineString","coordinates":[[129.2341969,35.9496003],[129.2342774,35.9494353]]},"properties":{"axis":"도로경관축","sub":"상생로드(형산로) 자전거도로 경관축","new":false,"lbl":"","note":"자전거도로 경관축","source":"2030 경주시 경관계획 재정비 (2025.04) §4.3 경관축 (T1) — 선형은 OSM (T4)"}},{"type":"Feature","geometry":{"type":"LineString","coordinates":[[129.2369273,35.9159706],[129.2368882,35.9155761]]},"properties":{"axis":"도로경관축","sub":"상생로드(형산로) 자전거도로 경관축","new":false,"lbl":"","note":"자전거도로 경관축","source":"2030 경주시 경관계획 재정비 (2025.04) §4.3 경관축 (T1) — 선형은 OSM (T4)"}},{"type":"Feature","geometry":{"type":"LineString","coordinates":[[129.3942973,35.7944271],[129.3945974,35.7944303],[129.395053,35.794501],[129.3958952,35.7947249],[129.3960915,35.7947868],[129.3963123,35.7948729],[129.396781,35.7951162],[129.3970036,35.7952628],[129.397152,35.795342],[129.397301,35.7953982],[129.397596,35.795473],[129.397925,35.7954917],[129.3981123,35.7954871],[129.3982492,35.7954508],[129.3985287,35.7953198],[129.3987754,35.7951059],[129.399013,35.7948582],[129.39925,35.7945999],[129.399547,35.794395],[129.3998879,35.794267],[129.400211,35.794159],[129.400515,35.79403],[129.400789,35.7938549],[129.401033,35.793675],[129.401327,35.793545],[129.401681,35.793489],[129.4022299,35.7934639],[129.40278,35.7934369],[129.403146,35.793387],[129.4035089,35.7933],[129.40386,35.793211],[129.4041032,35.7931518],[129.4042966,35.7931168],[129.404449,35.7931196],[129.4049986,35.7932241],[129.4055066,35.7933392],[129.4058883,35.7934295],[129.406242,35.793528],[129.4066674,35.7936377],[129.4072245,35.7937599],[129.4081177,35.7939499],[129.4090857,35.7942024],[129.4101707,35.7944698],[129.4106414,35.7945969],[129.410954,35.7946859],[129.411388,35.794808],[129.411816,35.794981],[129.4122529,35.7951749],[129.4127142,35.795333],[129.413138,35.795456],[129.4136037,35.7955631],[129.4142442,35.7956862],[129.4147963,35.7957409],[129.4155174,35.7957329],[129.4158253,35.7957787],[129.4160042,35.7958699],[129.4161043,35.7959832],[129.4161952,35.7962153],[129.4162013,35.7967826],[129.4162155,35.7969784],[129.4162984,35.7971324],[129.416731,35.7974769],[129.417108,35.7977199],[129.417525,35.797917],[129.417988,35.798073],[129.418471,35.7981849],[129.41898,35.798208],[129.419316,35.7981893],[129.419482,35.79818],[129.419973,35.798102],[129.420391,35.798021],[129.42061,35.7980139],[129.420773,35.798018],[129.42115,35.79809],[129.4212475,35.7981328],[129.4213323,35.7981701],[129.421489,35.798263],[129.4216405,35.7983932],[129.4216917,35.7984456],[129.4217282,35.798486],[129.4217907,35.7985873],[129.4218043,35.7986127],[129.4218889,35.7987869],[129.4220039,35.7991179],[129.4226181,35.8012182],[129.4227359,35.8016209],[129.422857,35.8019489],[129.4229504,35.8021034],[129.4230379,35.802248],[129.4232709,35.802523],[129.423532,35.8027709],[129.4236841,35.8028834],[129.4239098,35.8030502]]},"properties":{"axis":"도로경관축","sub":"동해바다로(경감로) 자전거도로 경관축","new":false,"lbl":"","note":"자전거도로 경관축","source":"2030 경주시 경관계획 재정비 (2025.04) §4.3 경관축 (T1) — 선형은 OSM (T4)"}},{"type":"Feature","geometry":{"type":"LineString","coordinates":[[129.3643018,35.8122737],[129.3654191,35.8117992],[129.3677994,35.8107468],[129.3681669,35.810555],[129.3685118,35.8103357],[129.3687733,35.8101506]]},"properties":{"axis":"도로경관축","sub":"동해바다로(경감로) 자전거도로 경관축","new":false,"lbl":"","note":"자전거도로 경관축","source":"2030 경주시 경관계획 재정비 (2025.04) §4.3 경관축 (T1) — 선형은 OSM (T4)"}},{"type":"Feature","geometry":{"type":"LineString","coordinates":[[129.0176644,36.014885],[129.0221191,36.0142811]]},"properties":{"axis":"도로경관축","sub":"국도 28호선 경관축","new":false,"lbl":"","note":"OSM ref 28 trunk","source":"2030 경주시 경관계획 재정비 (2025.04) §4.3 경관축 (T1) — 선형은 OSM (T4)"}},{"type":"Feature","geometry":{"type":"LineString","coordinates":[[129.0344231,36.0080844],[129.0348423,36.0075289],[129.0359129,36.0062867],[129.0363516,36.0058839],[129.03663,36.00566],[129.03688,36.00547],[129.03713,36.0053],[129.0374,36.00512],[129.03768,36.00494],[129.03794,36.00477],[129.03837,36.00455],[129.03861,36.00442],[129.03893,36.00428],[129.03925,36.00414],[129.03957,36.004],[129.0399,36.00387],[129.04024,36.00375],[129.04058,36.00365],[129.04077,36.00359],[129.04105,36.00353],[129.04142,36.00343],[129.04183,36.00334],[129.04225,36.00327],[129.04267,36.00321],[129.04323,36.00315],[129.04378,36.00311],[129.04458,36.0031],[129.04535,36.00314],[129.04588,36.00317],[129.0463,36.00323],[129.0467,36.00326],[129.04708,36.00333],[129.04746,36.00338],[129.04786,36.00345],[129.04826,36.00352],[129.04863,36.00359],[129.04961,36.0037968],[129.0512674,36.0040805],[129.0522858,36.0041796]]},"properties":{"axis":"도로경관축","sub":"국도 28호선 경관축","new":false,"lbl":"","note":"OSM ref 28 trunk","source":"2030 경주시 경관계획 재정비 (2025.04) §4.3 경관축 (T1) — 선형은 OSM (T4)"}},{"type":"Feature","geometry":{"type":"LineString","coordinates":[[129.022559,35.9113039],[129.0227019,35.9111194],[129.0228885,35.910862]]},"properties":{"axis":"도로경관축","sub":"국도 4호선 경관축","new":false,"lbl":"","note":"OSM ref 4;35 trunk","source":"2030 경주시 경관계획 재정비 (2025.04) §4.3 경관축 (T1) — 선형은 OSM (T4)"}},{"type":"Feature","geometry":{"type":"LineString","coordinates":[[129.0168422,35.9202736],[129.0153399,35.9224246]]},"properties":{"axis":"도로경관축","sub":"국도 4호선 경관축","new":false,"lbl":"","note":"OSM ref 4;35 trunk","source":"2030 경주시 경관계획 재정비 (2025.04) §4.3 경관축 (T1) — 선형은 OSM (T4)"}},{"type":"Feature","geometry":{"type":"LineString","coordinates":[[129.0231634,35.9111774],[129.0230197,35.9113654],[129.02289,35.9115327]]},"properties":{"axis":"도로경관축","sub":"국도 4호선 경관축","new":false,"lbl":"","note":"OSM ref 4;35 trunk","source":"2030 경주시 경관계획 재정비 (2025.04) §4.3 경관축 (T1) — 선형은 OSM (T4)"}},{"type":"Feature","geometry":{"type":"LineString","coordinates":[[129.0149501,35.9222701],[129.0166678,35.9198303]]},"properties":{"axis":"도로경관축","sub":"국도 4호선 경관축","new":false,"lbl":"","note":"OSM ref 4;35 trunk","source":"2030 경주시 경관계획 재정비 (2025.04) §4.3 경관축 (T1) — 선형은 OSM (T4)"}},{"type":"Feature","geometry":{"type":"LineString","coordinates":[[129.0166678,35.9198303],[129.0174279,35.9187175]]},"properties":{"axis":"도로경관축","sub":"국도 4호선 경관축","new":false,"lbl":"","note":"OSM ref 4;35 trunk","source":"2030 경주시 경관계획 재정비 (2025.04) §4.3 경관축 (T1) — 선형은 OSM (T4)"}},{"type":"Feature","geometry":{"type":"LineString","coordinates":[[129.0153399,35.9224246],[129.0149992,35.9228679],[129.0147581,35.9231425],[129.0144297,35.9234625],[129.0141375,35.9237024],[129.0137655,35.9239448],[129.0133407,35.9241794],[129.0128832,35.9243727],[129.0121385,35.9246355],[129.0118578,35.9247206],[129.0109916,35.9249173]]},"properties":{"axis":"도로경관축","sub":"국도 4호선 경관축","new":false,"lbl":"","note":"OSM ref 4;35 trunk","source":"2030 경주시 경관계획 재정비 (2025.04) §4.3 경관축 (T1) — 선형은 OSM (T4)"}},{"type":"Feature","geometry":{"type":"LineString","coordinates":[[129.0228885,35.910862],[129.0231033,35.9105643],[129.0235969,35.9098171],[129.0247697,35.9081701],[129.0251009,35.9077356],[129.0253891,35.9074051],[129.0256384,35.9071345]]},"properties":{"axis":"도로경관축","sub":"국도 4호선 경관축","new":false,"lbl":"","note":"OSM ref 4;35 trunk","source":"2030 경주시 경관계획 재정비 (2025.04) §4.3 경관축 (T1) — 선형은 OSM (T4)"}},{"type":"Feature","geometry":{"type":"LineString","coordinates":[[129.3676475,35.9765448],[129.3673982,35.9765057],[129.3661072,35.9759339],[129.365375,35.9756325],[129.3644116,35.9751647],[129.3621571,35.9741719],[129.3619481,35.9740787],[129.3616714,35.9739517]]},"properties":{"axis":"도로경관축","sub":"국도 20호선 경관축","new":false,"lbl":"","note":"OSM ref 20 trunk","source":"2030 경주시 경관계획 재정비 (2025.04) §4.3 경관축 (T1) — 선형은 OSM (T4)"}},{"type":"Feature","geometry":{"type":"LineString","coordinates":[[129.1994033,35.8374071],[129.2024104,35.838283]]},"properties":{"axis":"도로경관축","sub":"국도 4호선 경관축","new":false,"lbl":"","note":"OSM ref 4;35 primary","source":"2030 경주시 경관계획 재정비 (2025.04) §4.3 경관축 (T1) — 선형은 OSM (T4)"}},{"type":"Feature","geometry":{"type":"LineString","coordinates":[[129.2135441,35.8404474],[129.2145152,35.8408423],[129.2148238,35.8409601],[129.2150061,35.8410184],[129.2152038,35.8410545],[129.2153762,35.8410706],[129.2155145,35.8410719],[129.2155996,35.8410741]]},"properties":{"axis":"도로경관축","sub":"국도 4호선 경관축","new":false,"lbl":"","note":"OSM ref 4 primary","source":"2030 경주시 경관계획 재정비 (2025.04) §4.3 경관축 (T1) — 선형은 OSM (T4)"}},{"type":"Feature","geometry":{"type":"LineString","coordinates":[[129.2030664,35.8384041],[129.2031329,35.8384149],[129.203291,35.8384404],[129.203623,35.8384941],[129.2037732,35.8385184],[129.2039447,35.8385461],[129.2046939,35.8386655],[129.2052241,35.8387462],[129.2056667,35.8388138],[129.206001,35.8388648],[129.2064194,35.8389338],[129.2065189,35.8389502],[129.2065322,35.8389524],[129.2066579,35.8389731]]},"properties":{"axis":"도로경관축","sub":"국도 4호선 경관축","new":false,"lbl":"","note":"OSM ref 4;35 primary","source":"2030 경주시 경관계획 재정비 (2025.04) §4.3 경관축 (T1) — 선형은 OSM (T4)"}},{"type":"Feature","geometry":{"type":"LineString","coordinates":[[129.3591954,36.0402171],[129.3595073,36.0390272],[129.3596441,36.0384522],[129.3597062,36.0381612],[129.3597487,36.0379837],[129.3597594,36.0377538],[129.359701,36.037486]]},"properties":{"axis":"도로경관축","sub":"국도 7호선 경관축","new":false,"lbl":"","note":"OSM ref 7 primary","source":"2030 경주시 경관계획 재정비 (2025.04) §4.3 경관축 (T1) — 선형은 OSM (T4)"}},{"type":"Feature","geometry":{"type":"LineString","coordinates":[[129.3574131,36.0325902],[129.3572941,36.0323526],[129.357138,36.0320309]]},"properties":{"axis":"도로경관축","sub":"국도 7호선 경관축","new":false,"lbl":"","note":"OSM ref 7 primary","source":"2030 경주시 경관계획 재정비 (2025.04) §4.3 경관축 (T1) — 선형은 OSM (T4)"}},{"type":"Feature","geometry":{"type":"LineString","coordinates":[[129.357138,36.0320309],[129.3570082,36.0317973],[129.3567483,36.0314414],[129.3561642,36.0307257],[129.3559989,36.0305277],[129.3558872,36.0304222],[129.3556456,36.0300648],[129.3555684,36.0299702],[129.355521,36.0298873]]},"properties":{"axis":"도로경관축","sub":"국도 7호선 경관축","new":false,"lbl":"","note":"OSM ref 7 primary","source":"2030 경주시 경관계획 재정비 (2025.04) §4.3 경관축 (T1) — 선형은 OSM (T4)"}},{"type":"Feature","geometry":{"type":"LineString","coordinates":[[129.355521,36.0298873],[129.3554662,36.0297715],[129.3554425,36.0295938],[129.3554051,36.029397],[129.355334,36.0290055],[129.355311,36.0288203],[129.3552782,36.0287082],[129.3552534,36.0286067],[129.3552134,36.0285055],[129.3551312,36.0283803],[129.3550352,36.0282312],[129.3548393,36.0279423]]},"properties":{"axis":"도로경관축","sub":"국도 7호선 경관축","new":false,"lbl":"","note":"OSM ref 7 primary","source":"2030 경주시 경관계획 재정비 (2025.04) §4.3 경관축 (T1) — 선형은 OSM (T4)"}},{"type":"Feature","geometry":{"type":"LineString","coordinates":[[129.3584026,36.0315529],[129.3584824,36.0316532],[129.3590056,36.0323107],[129.3590559,36.0323739],[129.3591434,36.032505],[129.3592309,36.0326361],[129.3594302,36.0329191],[129.3595988,36.0332347],[129.3596484,36.0332874],[129.3597232,36.0333667],[129.3600342,36.0337793],[129.3602999,36.0340849],[129.3604117,36.0342134],[129.3605708,36.0344029],[129.3609745,36.0348849],[129.3612036,36.0351532],[129.3613495,36.0354061],[129.3614492,36.0355791]]},"properties":{"axis":"도로경관축","sub":"국도 20호선 경관축","new":false,"lbl":"","note":"OSM ref 20 secondary","source":"2030 경주시 경관계획 재정비 (2025.04) §4.3 경관축 (T1) — 선형은 OSM (T4)"}},{"type":"Feature","geometry":{"type":"LineString","coordinates":[[129.2365318,35.8413766],[129.2372555,35.8411148],[129.2376225,35.840982],[129.2382616,35.8407426]]},"properties":{"axis":"도로경관축","sub":"동해바다로(경감로) 자전거도로 경관축","new":false,"lbl":"","note":"자전거도로 경관축","source":"2030 경주시 경관계획 재정비 (2025.04) §4.3 경관축 (T1) — 선형은 OSM (T4)"}},{"type":"Feature","geometry":{"type":"LineString","coordinates":[[129.0451554,35.8891423],[129.0454674,35.8890056],[129.0457916,35.8888557],[129.0460722,35.8887133],[129.046371,35.8885494],[129.0467582,35.8883197],[129.0470804,35.8880957],[129.047367,35.887889],[129.0477583,35.8875769],[129.0481323,35.8872681],[129.0529351,35.8828096],[129.0531599,35.8825845],[129.0534474,35.8822798],[129.0539536,35.8817049],[129.054347,35.8812164],[129.0545657,35.8809358],[129.0547973,35.8806329],[129.0550263,35.8803077],[129.0554015,35.8797377],[129.0578424,35.8760371],[129.0582522,35.8754477],[129.0585207,35.8750522],[129.0589011,35.8744622],[129.0592392,35.8739217],[129.0595119,35.8735073],[129.0597414,35.8731915],[129.0600056,35.8728427],[129.0603355,35.8724254],[129.0606757,35.8720373],[129.061107,35.8715754],[129.0614737,35.8711847]]},"properties":{"axis":"도로경관축","sub":"경부고속도로 경관축","new":false,"lbl":"","note":"OSM ref 1 motorway","source":"2030 경주시 경관계획 재정비 (2025.04) §4.3 경관축 (T1) — 선형은 OSM (T4)"}},{"type":"Feature","geometry":{"type":"LineString","coordinates":[[129.0800256,36.0010856],[129.08055,36.00082],[129.08126,36.00034],[129.0821032,35.9995091]]},"properties":{"axis":"도로경관축","sub":"국도 28호선 경관축","new":false,"lbl":"","note":"OSM ref 28 trunk","source":"2030 경주시 경관계획 재정비 (2025.04) §4.3 경관축 (T1) — 선형은 OSM (T4)"}},{"type":"Feature","geometry":{"type":"LineString","coordinates":[[129.0792123,36.001361],[129.0800256,36.0010856]]},"properties":{"axis":"도로경관축","sub":"국도 28호선 경관축","new":false,"lbl":"","note":"OSM ref 28 trunk","source":"2030 경주시 경관계획 재정비 (2025.04) §4.3 경관축 (T1) — 선형은 OSM (T4)"}},{"type":"Feature","geometry":{"type":"LineString","coordinates":[[129.0577114,36.004267],[129.05858,36.00427],[129.0595958,36.0042808],[129.060202,36.0042723],[129.0607989,36.0043068],[129.0627116,36.0042683],[129.0630802,36.0042526],[129.0635679,36.0042157],[129.06398,36.00416],[129.0649,36.00405],[129.06552,36.00396],[129.066325,36.0038787],[129.06651,36.00386],[129.06743,36.00375],[129.0677937,36.0037039],[129.06877,36.00358],[129.07063,36.0033],[129.0732809,36.0028488],[129.0750751,36.0024953],[129.0769479,36.0019575],[129.0779836,36.0016851],[129.0784733,36.0015564],[129.0792123,36.001361]]},"properties":{"axis":"도로경관축","sub":"국도 28호선 경관축","new":false,"lbl":"","note":"OSM ref 28 trunk","source":"2030 경주시 경관계획 재정비 (2025.04) §4.3 경관축 (T1) — 선형은 OSM (T4)"}},{"type":"Feature","geometry":{"type":"LineString","coordinates":[[128.9722715,35.9397821],[128.9726605,35.9397285],[128.9731913,35.9396164],[128.9737407,35.9394688]]},"properties":{"axis":"도로경관축","sub":"국도 4호선 경관축","new":false,"lbl":"","note":"OSM ref 4;35 trunk","source":"2030 경주시 경관계획 재정비 (2025.04) §4.3 경관축 (T1) — 선형은 OSM (T4)"}},{"type":"Feature","geometry":{"type":"LineString","coordinates":[[128.9719794,35.9398116],[128.9722715,35.9397821]]},"properties":{"axis":"도로경관축","sub":"국도 4호선 경관축","new":false,"lbl":"","note":"OSM ref 4;35 trunk","source":"2030 경주시 경관계획 재정비 (2025.04) §4.3 경관축 (T1) — 선형은 OSM (T4)"}},{"type":"Feature","geometry":{"type":"LineString","coordinates":[[129.338892,35.7688416],[129.3400617,35.7685191],[129.3408147,35.7683352],[129.3433797,35.7678857],[129.3465,35.7677339],[129.3523786,35.7676569],[129.3546433,35.7677848],[129.3563921,35.7680714],[129.3582857,35.7683625],[129.3600245,35.7686832],[129.3622633,35.7690414],[129.364267,35.7694574],[129.3656183,35.7696767],[129.3703226,35.7702836],[129.3734163,35.7709124],[129.3746076,35.7712135],[129.3766529,35.772134],[129.377794,35.7728426],[129.3786627,35.7733083],[129.3797743,35.7742399],[129.3808691,35.7753673],[129.3825793,35.7777382]]},"properties":{"axis":"도로경관축","sub":"국도 4호선 경관축","new":false,"lbl":"국도 4호선 경관축","note":"OSM ref 4 primary","source":"2030 경주시 경관계획 재정비 (2025.04) §4.3 경관축 (T1) — 선형은 OSM (T4)"}},{"type":"Feature","geometry":{"type":"LineString","coordinates":[[129.3211831,35.7787019],[129.3216488,35.7783063]]},"properties":{"axis":"도로경관축","sub":"국도 4호선 경관축","new":false,"lbl":"","note":"OSM ref 4 primary","source":"2030 경주시 경관계획 재정비 (2025.04) §4.3 경관축 (T1) — 선형은 OSM (T4)"}},{"type":"Feature","geometry":{"type":"LineString","coordinates":[[129.438225,35.7957284],[129.4390173,35.795155],[129.4397812,35.7946695],[129.4402819,35.7944113],[129.4406926,35.7942549],[129.4409663,35.7941338],[129.4412548,35.7940196],[129.4421879,35.7937231],[129.4434364,35.793446]]},"properties":{"axis":"도로경관축","sub":"국도 4호선 경관축","new":false,"lbl":"","note":"OSM ref 4 primary","source":"2030 경주시 경관계획 재정비 (2025.04) §4.3 경관축 (T1) — 선형은 OSM (T4)"}},{"type":"Feature","geometry":{"type":"LineString","coordinates":[[129.4378548,35.7959808],[129.438225,35.7957284]]},"properties":{"axis":"도로경관축","sub":"국도 4호선 경관축","new":false,"lbl":"","note":"OSM ref 4 primary","source":"2030 경주시 경관계획 재정비 (2025.04) §4.3 경관축 (T1) — 선형은 OSM (T4)"}},{"type":"Feature","geometry":{"type":"LineString","coordinates":[[129.4439005,35.7933379],[129.4459229,35.7928363],[129.447205,35.7925187],[129.4483585,35.7922085],[129.4492896,35.7919826],[129.4503456,35.7917218],[129.4511758,35.7915102],[129.451939,35.7913276],[129.453003,35.7910312]]},"properties":{"axis":"도로경관축","sub":"국도 4호선 경관축","new":false,"lbl":"","note":"OSM ref 4 primary","source":"2030 경주시 경관계획 재정비 (2025.04) §4.3 경관축 (T1) — 선형은 OSM (T4)"}},{"type":"Feature","geometry":{"type":"LineString","coordinates":[[129.4434364,35.793446],[129.4439005,35.7933379]]},"properties":{"axis":"도로경관축","sub":"국도 4호선 경관축","new":false,"lbl":"","note":"OSM ref 4 primary","source":"2030 경주시 경관계획 재정비 (2025.04) §4.3 경관축 (T1) — 선형은 OSM (T4)"}},{"type":"Feature","geometry":{"type":"LineString","coordinates":[[129.4630676,35.7867399],[129.46343,35.7865054]]},"properties":{"axis":"도로경관축","sub":"국도 4호선 경관축","new":false,"lbl":"","note":"OSM ref 4 primary","source":"2030 경주시 경관계획 재정비 (2025.04) §4.3 경관축 (T1) — 선형은 OSM (T4)"}},{"type":"Feature","geometry":{"type":"LineString","coordinates":[[129.46343,35.7865054],[129.4642263,35.7859654],[129.4648969,35.7854954],[129.4652352,35.7852628],[129.4655289,35.7850609],[129.4655996,35.7850123],[129.4657713,35.7848905]]},"properties":{"axis":"도로경관축","sub":"국도 4호선 경관축","new":false,"lbl":"","note":"OSM ref 4 primary","source":"2030 경주시 경관계획 재정비 (2025.04) §4.3 경관축 (T1) — 선형은 OSM (T4)"}},{"type":"Feature","geometry":{"type":"LineString","coordinates":[[129.3445632,35.8169088],[129.3447319,35.8167379],[129.34481,35.816624],[129.3448479,35.8165029],[129.344911,35.816284],[129.3450349,35.8160859],[129.345249,35.815924],[129.345516,35.8157979],[129.3456559,35.815761],[129.345947,35.8157729],[129.346226,35.8158729],[129.346686,35.8160279],[129.3470049,35.8161449],[129.347503,35.8163159],[129.347859,35.816379],[129.3484029,35.8163729],[129.348914,35.8162059],[129.349391,35.8160279],[129.349512,35.815979],[129.349663,35.8158439],[129.349736,35.815678],[129.3497679,35.8154549],[129.34982,35.8152099],[129.3498699,35.815104],[129.3499841,35.8149857],[129.3500633,35.8149468],[129.3501694,35.8148998],[129.3503228,35.8148778],[129.350708,35.8149484],[129.351219,35.8150556],[129.3518843,35.8152248],[129.3522443,35.8152846],[129.3523823,35.8152628],[129.3525685,35.8151833],[129.3526756,35.8151384],[129.352855,35.8150379],[129.353108,35.814941],[129.3532469,35.814914],[129.3533909,35.814901],[129.353538,35.8149099],[129.353833,35.8149789]]},"properties":{"axis":"도로경관축","sub":"동해바다로(경감로) 자전거도로 경관축","new":false,"lbl":"","note":"자전거도로 경관축","source":"2030 경주시 경관계획 재정비 (2025.04) §4.3 경관축 (T1) — 선형은 OSM (T4)"}},{"type":"Feature","geometry":{"type":"LineString","coordinates":[[129.2845654,35.8340833],[129.2848409,35.834103],[129.2850395,35.8341172]]},"properties":{"axis":"도로경관축","sub":"동해바다로(경감로) 자전거도로 경관축","new":false,"lbl":"","note":"자전거도로 경관축","source":"2030 경주시 경관계획 재정비 (2025.04) §4.3 경관축 (T1) — 선형은 OSM (T4)"}},{"type":"Feature","geometry":{"type":"LineString","coordinates":[[129.2902842,35.7174273],[129.2906541,35.7179191],[129.2909713,35.718322],[129.2912228,35.7186343],[129.291584,35.7190539],[129.2921053,35.7196353],[129.2928767,35.7204394],[129.2935744,35.7211341],[129.2942145,35.7217267],[129.294813,35.7222606],[129.2953555,35.7227231],[129.2958179,35.723088],[129.2963718,35.7235156],[129.2970094,35.7239954],[129.2975111,35.7243491],[129.2979336,35.7246352],[129.2983902,35.7249354],[129.2991031,35.7253801]]},"properties":{"axis":"도로경관축","sub":"울산-포항고속도로 경관축","new":false,"lbl":"","note":"OSM ref 65 motorway","source":"2030 경주시 경관계획 재정비 (2025.04) §4.3 경관축 (T1) — 선형은 OSM (T4)"}},{"type":"Feature","geometry":{"type":"LineString","coordinates":[[129.427308,35.7938994],[129.4272798,35.7944437],[129.4272181,35.7952851],[129.4271446,35.7960525]]},"properties":{"axis":"도로경관축","sub":"울산-포항고속도로 경관축","new":false,"lbl":"","note":"OSM ref 65 motorway","source":"2030 경주시 경관계획 재정비 (2025.04) §4.3 경관축 (T1) — 선형은 OSM (T4)"}},{"type":"Feature","geometry":{"type":"LineString","coordinates":[[129.4273036,35.7935527],[129.427308,35.7938994]]},"properties":{"axis":"도로경관축","sub":"울산-포항고속도로 경관축","new":false,"lbl":"","note":"OSM ref 65 motorway","source":"2030 경주시 경관계획 재정비 (2025.04) §4.3 경관축 (T1) — 선형은 OSM (T4)"}},{"type":"Feature","geometry":{"type":"LineString","coordinates":[[129.4265857,35.78777],[129.4267954,35.7886567],[129.4269633,35.7894725],[129.4271082,35.7904954],[129.4271926,35.7912261],[129.4272421,35.7917087],[129.4273036,35.7935527]]},"properties":{"axis":"도로경관축","sub":"울산-포항고속도로 경관축","new":false,"lbl":"","note":"OSM ref 65 motorway","source":"2030 경주시 경관계획 재정비 (2025.04) §4.3 경관축 (T1) — 선형은 OSM (T4)"}},{"type":"Feature","geometry":{"type":"LineString","coordinates":[[129.4271446,35.7960525],[129.4270633,35.7966507],[129.4269533,35.7974439]]},"properties":{"axis":"도로경관축","sub":"울산-포항고속도로 경관축","new":false,"lbl":"","note":"OSM ref 65 motorway","source":"2030 경주시 경관계획 재정비 (2025.04) §4.3 경관축 (T1) — 선형은 OSM (T4)"}},{"type":"Feature","geometry":{"type":"LineString","coordinates":[[129.4269533,35.7974439],[129.4268086,35.7981905],[129.426567,35.7991476],[129.42629,35.8000846],[129.4259224,35.8011703],[129.4255437,35.8021519],[129.4252712,35.8028093],[129.4246558,35.8041182]]},"properties":{"axis":"도로경관축","sub":"울산-포항고속도로 경관축","new":false,"lbl":"","note":"OSM ref 65 motorway","source":"2030 경주시 경관계획 재정비 (2025.04) §4.3 경관축 (T1) — 선형은 OSM (T4)"}},{"type":"Feature","geometry":{"type":"LineString","coordinates":[[129.4097686,35.8307476],[129.4094784,35.8331333]]},"properties":{"axis":"도로경관축","sub":"울산-포항고속도로 경관축","new":false,"lbl":"","note":"OSM ref 65 motorway","source":"2030 경주시 경관계획 재정비 (2025.04) §4.3 경관축 (T1) — 선형은 OSM (T4)"}},{"type":"Feature","geometry":{"type":"LineString","coordinates":[[129.409506,35.8306805],[129.4097041,35.8299342]]},"properties":{"axis":"도로경관축","sub":"울산-포항고속도로 경관축","new":false,"lbl":"","note":"OSM ref 65 motorway","source":"2030 경주시 경관계획 재정비 (2025.04) §4.3 경관축 (T1) — 선형은 OSM (T4)"}},{"type":"Feature","geometry":{"type":"LineString","coordinates":[[129.4097041,35.8299342],[129.4101711,35.8286676],[129.4119621,35.8238601],[129.4126961,35.8219337],[129.4135604,35.8196183],[129.4144224,35.8177349],[129.4147923,35.8170516],[129.4151053,35.8165265],[129.4155265,35.8159168],[129.4158946,35.8153855],[129.4166079,35.8144769],[129.4179135,35.81297],[129.4192653,35.8113856],[129.4207469,35.8097009],[129.4217653,35.8084086],[129.4224059,35.8075958],[129.4227646,35.8071156],[129.4231758,35.8065005],[129.4240333,35.8051026],[129.4245678,35.804121]]},"properties":{"axis":"도로경관축","sub":"울산-포항고속도로 경관축","new":false,"lbl":"","note":"OSM ref 65 motorway","source":"2030 경주시 경관계획 재정비 (2025.04) §4.3 경관축 (T1) — 선형은 OSM (T4)"}},{"type":"Feature","geometry":{"type":"LineString","coordinates":[[129.4099432,35.829998],[129.4097686,35.8307476]]},"properties":{"axis":"도로경관축","sub":"울산-포항고속도로 경관축","new":false,"lbl":"","note":"OSM ref 65 motorway","source":"2030 경주시 경관계획 재정비 (2025.04) §4.3 경관축 (T1) — 선형은 OSM (T4)"}},{"type":"Feature","geometry":{"type":"LineString","coordinates":[[129.4264657,35.787788],[129.4261377,35.786652],[129.4255851,35.7850795],[129.4253861,35.7845828],[129.4251687,35.7840511],[129.4248878,35.7834227],[129.4246616,35.7829362],[129.424434,35.782509],[129.4243538,35.7823566]]},"properties":{"axis":"도로경관축","sub":"울산-포항고속도로 경관축","new":false,"lbl":"","note":"OSM ref 65 motorway","source":"2030 경주시 경관계획 재정비 (2025.04) §4.3 경관축 (T1) — 선형은 OSM (T4)"}},{"type":"Feature","geometry":{"type":"LineString","coordinates":[[129.4271679,35.7938718],[129.4271788,35.7935822]]},"properties":{"axis":"도로경관축","sub":"울산-포항고속도로 경관축","new":false,"lbl":"","note":"OSM ref 65 motorway","source":"2030 경주시 경관계획 재정비 (2025.04) §4.3 경관축 (T1) — 선형은 OSM (T4)"}},{"type":"Feature","geometry":{"type":"LineString","coordinates":[[129.4270272,35.7960282],[129.4270815,35.7950158],[129.4271679,35.7938718]]},"properties":{"axis":"도로경관축","sub":"울산-포항고속도로 경관축","new":false,"lbl":"","note":"OSM ref 65 motorway","source":"2030 경주시 경관계획 재정비 (2025.04) §4.3 경관축 (T1) — 선형은 OSM (T4)"}},{"type":"Feature","geometry":{"type":"LineString","coordinates":[[129.4271788,35.7935822],[129.4271775,35.792857],[129.4271531,35.7921315],[129.4270987,35.7914168],[129.4270302,35.7908026],[129.4268966,35.7898781],[129.4267795,35.7891902],[129.4266302,35.7884893],[129.4264657,35.787788]]},"properties":{"axis":"도로경관축","sub":"울산-포항고속도로 경관축","new":false,"lbl":"","note":"OSM ref 65 motorway","source":"2030 경주시 경관계획 재정비 (2025.04) §4.3 경관축 (T1) — 선형은 OSM (T4)"}},{"type":"Feature","geometry":{"type":"LineString","coordinates":[[129.4268532,35.7973441],[129.4269662,35.7964537],[129.4270272,35.7960282]]},"properties":{"axis":"도로경관축","sub":"울산-포항고속도로 경관축","new":false,"lbl":"","note":"OSM ref 65 motorway","source":"2030 경주시 경관계획 재정비 (2025.04) §4.3 경관축 (T1) — 선형은 OSM (T4)"}},{"type":"Feature","geometry":{"type":"LineString","coordinates":[[129.4246558,35.8041182],[129.4241423,35.8051086],[129.4229131,35.8070834],[129.4226175,35.8074996],[129.4210566,35.8094716],[129.420765,35.8098314],[129.4185199,35.8123887],[129.4166912,35.8145004],[129.4161618,35.8151614],[129.4157811,35.8156721],[129.4151467,35.8166159],[129.4145637,35.8176789],[129.4142137,35.8184024],[129.413376,35.8204661],[129.4116064,35.8252642],[129.41121,35.8262973],[129.4102858,35.8287217],[129.4099432,35.829998]]},"properties":{"axis":"도로경관축","sub":"울산-포항고속도로 경관축","new":false,"lbl":"","note":"OSM ref 65 motorway","source":"2030 경주시 경관계획 재정비 (2025.04) §4.3 경관축 (T1) — 선형은 OSM (T4)"}},{"type":"Feature","geometry":{"type":"LineString","coordinates":[[129.4245678,35.804121],[129.4252746,35.8026129],[129.4258149,35.8012472],[129.4262136,35.8000514],[129.4265001,35.7990288],[129.4267342,35.7980386],[129.4268532,35.7973441]]},"properties":{"axis":"도로경관축","sub":"울산-포항고속도로 경관축","new":false,"lbl":"","note":"OSM ref 65 motorway","source":"2030 경주시 경관계획 재정비 (2025.04) §4.3 경관축 (T1) — 선형은 OSM (T4)"}},{"type":"Feature","geometry":{"type":"LineString","coordinates":[[129.4094784,35.8331333],[129.4091798,35.8371954]]},"properties":{"axis":"도로경관축","sub":"울산-포항고속도로 경관축","new":false,"lbl":"","note":"OSM ref 65 motorway","source":"2030 경주시 경관계획 재정비 (2025.04) §4.3 경관축 (T1) — 선형은 OSM (T4)"}},{"type":"Feature","geometry":{"type":"LineString","coordinates":[[129.4092239,35.8324749],[129.409506,35.8306805]]},"properties":{"axis":"도로경관축","sub":"울산-포항고속도로 경관축","new":false,"lbl":"","note":"OSM ref 65 motorway","source":"2030 경주시 경관계획 재정비 (2025.04) §4.3 경관축 (T1) — 선형은 OSM (T4)"}},{"type":"Feature","geometry":{"type":"LineString","coordinates":[[129.4088226,35.8371478],[129.4092239,35.8324749]]},"properties":{"axis":"도로경관축","sub":"울산-포항고속도로 경관축","new":false,"lbl":"","note":"OSM ref 65 motorway","source":"2030 경주시 경관계획 재정비 (2025.04) §4.3 경관축 (T1) — 선형은 OSM (T4)"}},{"type":"Feature","geometry":{"type":"LineString","coordinates":[[129.4091798,35.8371954],[129.4090828,35.8381391]]},"properties":{"axis":"도로경관축","sub":"울산-포항고속도로 경관축","new":false,"lbl":"","note":"OSM ref 65 motorway","source":"2030 경주시 경관계획 재정비 (2025.04) §4.3 경관축 (T1) — 선형은 OSM (T4)"}},{"type":"Feature","geometry":{"type":"LineString","coordinates":[[129.4090828,35.8381391],[129.4090166,35.8390419],[129.4089463,35.8400003]]},"properties":{"axis":"도로경관축","sub":"울산-포항고속도로 경관축","new":false,"lbl":"","note":"OSM ref 65 motorway","source":"2030 경주시 경관계획 재정비 (2025.04) §4.3 경관축 (T1) — 선형은 OSM (T4)"}},{"type":"Feature","geometry":{"type":"LineString","coordinates":[[129.4087614,35.8379522],[129.4088226,35.8371478]]},"properties":{"axis":"도로경관축","sub":"울산-포항고속도로 경관축","new":false,"lbl":"","note":"OSM ref 65 motorway","source":"2030 경주시 경관계획 재정비 (2025.04) §4.3 경관축 (T1) — 선형은 OSM (T4)"}},{"type":"Feature","geometry":{"type":"LineString","coordinates":[[129.4089463,35.8400003],[129.4086824,35.8418529]]},"properties":{"axis":"도로경관축","sub":"울산-포항고속도로 경관축","new":false,"lbl":"","note":"OSM ref 65 motorway","source":"2030 경주시 경관계획 재정비 (2025.04) §4.3 경관축 (T1) — 선형은 OSM (T4)"}},{"type":"Feature","geometry":{"type":"LineString","coordinates":[[129.4085176,35.8403251],[129.4087614,35.8379522]]},"properties":{"axis":"도로경관축","sub":"울산-포항고속도로 경관축","new":false,"lbl":"","note":"OSM ref 65 motorway","source":"2030 경주시 경관계획 재정비 (2025.04) §4.3 경관축 (T1) — 선형은 OSM (T4)"}},{"type":"Feature","geometry":{"type":"LineString","coordinates":[[129.4086824,35.8418529],[129.4085054,35.843341]]},"properties":{"axis":"도로경관축","sub":"울산-포항고속도로 경관축","new":false,"lbl":"","note":"OSM ref 65 motorway","source":"2030 경주시 경관계획 재정비 (2025.04) §4.3 경관축 (T1) — 선형은 OSM (T4)"}},{"type":"Feature","geometry":{"type":"LineString","coordinates":[[129.4083234,35.8419523],[129.4085176,35.8403251]]},"properties":{"axis":"도로경관축","sub":"울산-포항고속도로 경관축","new":false,"lbl":"","note":"OSM ref 65 motorway","source":"2030 경주시 경관계획 재정비 (2025.04) §4.3 경관축 (T1) — 선형은 OSM (T4)"}},{"type":"Feature","geometry":{"type":"LineString","coordinates":[[129.4080776,35.8436076],[129.4081056,35.8433199]]},"properties":{"axis":"도로경관축","sub":"울산-포항고속도로 경관축","new":false,"lbl":"","note":"OSM ref 65 motorway","source":"2030 경주시 경관계획 재정비 (2025.04) §4.3 경관축 (T1) — 선형은 OSM (T4)"}},{"type":"Feature","geometry":{"type":"LineString","coordinates":[[129.4084487,35.8440167],[129.4081236,35.847126],[129.4074687,35.8538552],[129.4070956,35.8561157],[129.4066589,35.8577994],[129.4059035,35.8599994],[129.4051394,35.8618037],[129.4040146,35.8638129],[129.4032682,35.8649554]]},"properties":{"axis":"도로경관축","sub":"울산-포항고속도로 경관축","new":false,"lbl":"","note":"OSM ref 65 motorway","source":"2030 경주시 경관계획 재정비 (2025.04) §4.3 경관축 (T1) — 선형은 OSM (T4)"}},{"type":"Feature","geometry":{"type":"LineString","coordinates":[[129.4081056,35.8433199],[129.4083234,35.8419523]]},"properties":{"axis":"도로경관축","sub":"울산-포항고속도로 경관축","new":false,"lbl":"","note":"OSM ref 65 motorway","source":"2030 경주시 경관계획 재정비 (2025.04) §4.3 경관축 (T1) — 선형은 OSM (T4)"}},{"type":"Feature","geometry":{"type":"LineString","coordinates":[[129.4085054,35.843341],[129.4084487,35.8440167]]},"properties":{"axis":"도로경관축","sub":"울산-포항고속도로 경관축","new":false,"lbl":"","note":"OSM ref 65 motorway","source":"2030 경주시 경관계획 재정비 (2025.04) §4.3 경관축 (T1) — 선형은 OSM (T4)"}},{"type":"Feature","geometry":{"type":"LineString","coordinates":[[129.4032682,35.8649554],[129.4030986,35.8651846]]},"properties":{"axis":"도로경관축","sub":"울산-포항고속도로 경관축","new":false,"lbl":"","note":"OSM ref 65 motorway","source":"2030 경주시 경관계획 재정비 (2025.04) §4.3 경관축 (T1) — 선형은 OSM (T4)"}},{"type":"Feature","geometry":{"type":"LineString","coordinates":[[129.4029414,35.864823],[129.4035577,35.8638616],[129.4042593,35.862774],[129.4053239,35.8605301],[129.4059647,35.8588319],[129.4068466,35.8555503],[129.4072879,35.851974],[129.4077762,35.8470953],[129.4080776,35.8436076]]},"properties":{"axis":"도로경관축","sub":"울산-포항고속도로 경관축","new":false,"lbl":"","note":"OSM ref 65 motorway","source":"2030 경주시 경관계획 재정비 (2025.04) §4.3 경관축 (T1) — 선형은 OSM (T4)"}},{"type":"Feature","geometry":{"type":"LineString","coordinates":[[129.4024264,35.8655272],[129.4025752,35.8653238]]},"properties":{"axis":"도로경관축","sub":"울산-포항고속도로 경관축","new":false,"lbl":"","note":"OSM ref 65 motorway","source":"2030 경주시 경관계획 재정비 (2025.04) §4.3 경관축 (T1) — 선형은 OSM (T4)"}},{"type":"Feature","geometry":{"type":"LineString","coordinates":[[129.4015977,35.8666826],[129.4024264,35.8655272]]},"properties":{"axis":"도로경관축","sub":"울산-포항고속도로 경관축","new":false,"lbl":"","note":"OSM ref 65 motorway","source":"2030 경주시 경관계획 재정비 (2025.04) §4.3 경관축 (T1) — 선형은 OSM (T4)"}},{"type":"Feature","geometry":{"type":"LineString","coordinates":[[129.3995296,35.8694658],[129.4009525,35.8675509]]},"properties":{"axis":"도로경관축","sub":"울산-포항고속도로 경관축","new":false,"lbl":"","note":"OSM ref 65 motorway","source":"2030 경주시 경관계획 재정비 (2025.04) §4.3 경관축 (T1) — 선형은 OSM (T4)"}},{"type":"Feature","geometry":{"type":"LineString","coordinates":[[129.3997656,35.8696918],[129.3973051,35.8730148]]},"properties":{"axis":"도로경관축","sub":"울산-포항고속도로 경관축","new":false,"lbl":"","note":"OSM ref 65 motorway","source":"2030 경주시 경관계획 재정비 (2025.04) §4.3 경관축 (T1) — 선형은 OSM (T4)"}},{"type":"Feature","geometry":{"type":"LineString","coordinates":[[129.3974283,35.8722259],[129.3995296,35.8694658]]},"properties":{"axis":"도로경관축","sub":"울산-포항고속도로 경관축","new":false,"lbl":"","note":"OSM ref 65 motorway","source":"2030 경주시 경관계획 재정비 (2025.04) §4.3 경관축 (T1) — 선형은 OSM (T4)"}},{"type":"Feature","geometry":{"type":"LineString","coordinates":[[129.3965348,35.8734392],[129.3970989,35.8726732],[129.3974283,35.8722259]]},"properties":{"axis":"도로경관축","sub":"울산-포항고속도로 경관축","new":false,"lbl":"","note":"OSM ref 65 motorway","source":"2030 경주시 경관계획 재정비 (2025.04) §4.3 경관축 (T1) — 선형은 OSM (T4)"}},{"type":"Feature","geometry":{"type":"LineString","coordinates":[[129.3966955,35.8738276],[129.3938971,35.8776443]]},"properties":{"axis":"도로경관축","sub":"울산-포항고속도로 경관축","new":false,"lbl":"","note":"OSM ref 65 motorway","source":"2030 경주시 경관계획 재정비 (2025.04) §4.3 경관축 (T1) — 선형은 OSM (T4)"}},{"type":"Feature","geometry":{"type":"LineString","coordinates":[[129.4027898,35.8656021],[129.4018287,35.8669328]]},"properties":{"axis":"도로경관축","sub":"울산-포항고속도로 경관축","new":false,"lbl":"","note":"OSM ref 65 motorway","source":"2030 경주시 경관계획 재정비 (2025.04) §4.3 경관축 (T1) — 선형은 OSM (T4)"}},{"type":"Feature","geometry":{"type":"LineString","coordinates":[[129.3973051,35.8730148],[129.3966955,35.8738276]]},"properties":{"axis":"도로경관축","sub":"울산-포항고속도로 경관축","new":false,"lbl":"","note":"OSM ref 65 motorway","source":"2030 경주시 경관계획 재정비 (2025.04) §4.3 경관축 (T1) — 선형은 OSM (T4)"}},{"type":"Feature","geometry":{"type":"LineString","coordinates":[[129.3933348,35.8784723],[129.3930237,35.8789303],[129.3922101,35.8802418]]},"properties":{"axis":"도로경관축","sub":"울산-포항고속도로 경관축","new":false,"lbl":"","note":"OSM ref 65 motorway","source":"2030 경주시 경관계획 재정비 (2025.04) §4.3 경관축 (T1) — 선형은 OSM (T4)"}},{"type":"Feature","geometry":{"type":"LineString","coordinates":[[129.39359,35.8775925],[129.3937543,35.8773007],[129.3965348,35.8734392]]},"properties":{"axis":"도로경관축","sub":"울산-포항고속도로 경관축","new":false,"lbl":"","note":"OSM ref 65 motorway","source":"2030 경주시 경관계획 재정비 (2025.04) §4.3 경관축 (T1) — 선형은 OSM (T4)"}},{"type":"Feature","geometry":{"type":"LineString","coordinates":[[129.3911588,35.8821463],[129.3906307,35.8833522],[129.3902339,35.8846785]]},"properties":{"axis":"도로경관축","sub":"울산-포항고속도로 경관축","new":false,"lbl":"","note":"OSM ref 65 motorway","source":"2030 경주시 경관계획 재정비 (2025.04) §4.3 경관축 (T1) — 선형은 OSM (T4)"}},{"type":"Feature","geometry":{"type":"LineString","coordinates":[[129.3907643,35.882063],[129.3920198,35.8800768]]},"properties":{"axis":"도로경관축","sub":"울산-포항고속도로 경관축","new":false,"lbl":"","note":"OSM ref 65 motorway","source":"2030 경주시 경관계획 재정비 (2025.04) §4.3 경관축 (T1) — 선형은 OSM (T4)"}},{"type":"Feature","geometry":{"type":"LineString","coordinates":[[129.3899181,35.8844638],[129.3902685,35.8833272],[129.3907643,35.882063]]},"properties":{"axis":"도로경관축","sub":"울산-포항고속도로 경관축","new":false,"lbl":"","note":"OSM ref 65 motorway","source":"2030 경주시 경관계획 재정비 (2025.04) §4.3 경관축 (T1) — 선형은 OSM (T4)"}},{"type":"Feature","geometry":{"type":"LineString","coordinates":[[129.3902339,35.8846785],[129.3901783,35.8849368]]},"properties":{"axis":"도로경관축","sub":"울산-포항고속도로 경관축","new":false,"lbl":"","note":"OSM ref 65 motorway","source":"2030 경주시 경관계획 재정비 (2025.04) §4.3 경관축 (T1) — 선형은 OSM (T4)"}},{"type":"Feature","geometry":{"type":"LineString","coordinates":[[129.3899539,35.8859804],[129.389787,35.8872548],[129.3897479,35.8889126],[129.3898288,35.8902864],[129.3902039,35.8923253],[129.3905974,35.8938727],[129.3911233,35.8957129],[129.3917062,35.8978684],[129.392282,35.9000428],[129.3938088,35.9054623]]},"properties":{"axis":"도로경관축","sub":"울산-포항고속도로 경관축","new":false,"lbl":"","note":"OSM ref 65 motorway","source":"2030 경주시 경관계획 재정비 (2025.04) §4.3 경관축 (T1) — 선형은 OSM (T4)"}},{"type":"Feature","geometry":{"type":"LineString","coordinates":[[129.3932675,35.9051142],[129.3919177,35.9001101],[129.3912918,35.8977791],[129.3907867,35.8958953],[129.3902761,35.894016],[129.389798,35.8922409],[129.3894692,35.8903649],[129.3893738,35.8886277],[129.389428,35.8872968],[129.3896107,35.8857994]]},"properties":{"axis":"도로경관축","sub":"울산-포항고속도로 경관축","new":false,"lbl":"","note":"OSM ref 65 motorway","source":"2030 경주시 경관계획 재정비 (2025.04) §4.3 경관축 (T1) — 선형은 OSM (T4)"}},{"type":"Feature","geometry":{"type":"LineString","coordinates":[[129.3938088,35.9054623],[129.3939485,35.9059787]]},"properties":{"axis":"도로경관축","sub":"울산-포항고속도로 경관축","new":false,"lbl":"","note":"OSM ref 65 motorway","source":"2030 경주시 경관계획 재정비 (2025.04) §4.3 경관축 (T1) — 선형은 OSM (T4)"}},{"type":"Feature","geometry":{"type":"LineString","coordinates":[[129.3896107,35.8857994],[129.3897014,35.8854055]]},"properties":{"axis":"도로경관축","sub":"울산-포항고속도로 경관축","new":false,"lbl":"","note":"OSM ref 65 motorway","source":"2030 경주시 경관계획 재정비 (2025.04) §4.3 경관축 (T1) — 선형은 OSM (T4)"}},{"type":"Feature","geometry":{"type":"LineString","coordinates":[[129.394258,35.9071202],[129.3947377,35.9088786]]},"properties":{"axis":"도로경관축","sub":"울산-포항고속도로 경관축","new":false,"lbl":"","note":"OSM ref 65 motorway","source":"2030 경주시 경관계획 재정비 (2025.04) §4.3 경관축 (T1) — 선형은 OSM (T4)"}},{"type":"Feature","geometry":{"type":"LineString","coordinates":[[129.3938272,35.9069282],[129.3937603,35.9067115]]},"properties":{"axis":"도로경관축","sub":"울산-포항고속도로 경관축","new":false,"lbl":"","note":"OSM ref 65 motorway","source":"2030 경주시 경관계획 재정비 (2025.04) §4.3 경관축 (T1) — 선형은 OSM (T4)"}},{"type":"Feature","geometry":{"type":"LineString","coordinates":[[129.3947377,35.9088786],[129.3948414,35.9093034],[129.3949802,35.9098721]]},"properties":{"axis":"도로경관축","sub":"울산-포항고속도로 경관축","new":false,"lbl":"","note":"OSM ref 65 motorway","source":"2030 경주시 경관계획 재정비 (2025.04) §4.3 경관축 (T1) — 선형은 OSM (T4)"}},{"type":"Feature","geometry":{"type":"LineString","coordinates":[[129.3949802,35.9098721],[129.3954184,35.9114192]]},"properties":{"axis":"도로경관축","sub":"울산-포항고속도로 경관축","new":false,"lbl":"","note":"OSM ref 65 motorway","source":"2030 경주시 경관계획 재정비 (2025.04) §4.3 경관축 (T1) — 선형은 OSM (T4)"}},{"type":"Feature","geometry":{"type":"LineString","coordinates":[[129.3946101,35.9098275],[129.3944856,35.909363],[129.3944029,35.9090545]]},"properties":{"axis":"도로경관축","sub":"울산-포항고속도로 경관축","new":false,"lbl":"","note":"OSM ref 65 motorway","source":"2030 경주시 경관계획 재정비 (2025.04) §4.3 경관축 (T1) — 선형은 OSM (T4)"}},{"type":"Feature","geometry":{"type":"LineString","coordinates":[[129.3944029,35.9090545],[129.3938272,35.9069282]]},"properties":{"axis":"도로경관축","sub":"울산-포항고속도로 경관축","new":false,"lbl":"","note":"OSM ref 65 motorway","source":"2030 경주시 경관계획 재정비 (2025.04) §4.3 경관축 (T1) — 선형은 OSM (T4)"}},{"type":"Feature","geometry":{"type":"LineString","coordinates":[[129.3950433,35.9114427],[129.3946101,35.9098275]]},"properties":{"axis":"도로경관축","sub":"울산-포항고속도로 경관축","new":false,"lbl":"","note":"OSM ref 65 motorway","source":"2030 경주시 경관계획 재정비 (2025.04) §4.3 경관축 (T1) — 선형은 OSM (T4)"}},{"type":"Feature","geometry":{"type":"LineString","coordinates":[[129.3954184,35.9114192],[129.3956796,35.9124338]]},"properties":{"axis":"도로경관축","sub":"울산-포항고속도로 경관축","new":false,"lbl":"","note":"OSM ref 65 motorway","source":"2030 경주시 경관계획 재정비 (2025.04) §4.3 경관축 (T1) — 선형은 OSM (T4)"}},{"type":"Feature","geometry":{"type":"LineString","coordinates":[[129.3956796,35.9124338],[129.3958143,35.9131653],[129.3959651,35.9140401],[129.3960591,35.9149642]]},"properties":{"axis":"도로경관축","sub":"울산-포항고속도로 경관축","new":false,"lbl":"","note":"OSM ref 65 motorway","source":"2030 경주시 경관계획 재정비 (2025.04) §4.3 경관축 (T1) — 선형은 OSM (T4)"}},{"type":"Feature","geometry":{"type":"LineString","coordinates":[[129.3951556,35.9118911],[129.3950433,35.9114427]]},"properties":{"axis":"도로경관축","sub":"울산-포항고속도로 경관축","new":false,"lbl":"","note":"OSM ref 65 motorway","source":"2030 경주시 경관계획 재정비 (2025.04) §4.3 경관축 (T1) — 선형은 OSM (T4)"}},{"type":"Feature","geometry":{"type":"LineString","coordinates":[[129.3955651,35.9209517],[129.3954316,35.9213686],[129.3952819,35.9218761],[129.3951332,35.9223225],[129.394996,35.9226551],[129.3947352,35.92326],[129.3944729,35.923814],[129.3943221,35.9241325],[129.3940768,35.9245961],[129.3938371,35.924997],[129.3935671,35.9254035]]},"properties":{"axis":"도로경관축","sub":"울산-포항고속도로 경관축","new":false,"lbl":"","note":"OSM ref 65 motorway","source":"2030 경주시 경관계획 재정비 (2025.04) §4.3 경관축 (T1) — 선형은 OSM (T4)"}},{"type":"Feature","geometry":{"type":"LineString","coordinates":[[129.3958217,35.9148637],[129.3956458,35.9138869],[129.3954088,35.9129187],[129.3951556,35.9118911]]},"properties":{"axis":"도로경관축","sub":"울산-포항고속도로 경관축","new":false,"lbl":"","note":"OSM ref 65 motorway","source":"2030 경주시 경관계획 재정비 (2025.04) §4.3 경관축 (T1) — 선형은 OSM (T4)"}},{"type":"Feature","geometry":{"type":"LineString","coordinates":[[129.3934791,35.9253711],[129.3937434,35.9249307],[129.3940928,35.9242877],[129.3943572,35.9237095],[129.3945945,35.9231937],[129.3949204,35.922465],[129.3951194,35.9219088],[129.3954275,35.9209707]]},"properties":{"axis":"도로경관축","sub":"울산-포항고속도로 경관축","new":false,"lbl":"","note":"OSM ref 65 motorway","source":"2030 경주시 경관계획 재정비 (2025.04) §4.3 경관축 (T1) — 선형은 OSM (T4)"}},{"type":"Feature","geometry":{"type":"LineString","coordinates":[[129.3863903,35.9326878],[129.3861533,35.9330491],[129.3860477,35.9332208],[129.3859154,35.9334533],[129.3857905,35.933718],[129.385663,35.9339982],[129.3855805,35.9342106],[129.3855106,35.9344258],[129.3854486,35.9346879],[129.3853683,35.9350329],[129.3853246,35.9353278],[129.3852901,35.935644],[129.3852737,35.9358734],[129.3852842,35.9361641],[129.385303,35.9364336],[129.3853267,35.9366333],[129.3853531,35.9368117]]},"properties":{"axis":"도로경관축","sub":"울산-포항고속도로 경관축","new":false,"lbl":"","note":"OSM ref 65 motorway","source":"2030 경주시 경관계획 재정비 (2025.04) §4.3 경관축 (T1) — 선형은 OSM (T4)"}},{"type":"Feature","geometry":{"type":"LineString","coordinates":[[129.3852465,35.9368132],[129.3851986,35.9365247],[129.3851783,35.9362678],[129.3851688,35.9360422],[129.3851731,35.9357827],[129.3851927,35.9355437],[129.3852166,35.9352974],[129.385273,35.9350042],[129.3853325,35.934747],[129.3853924,35.9345246],[129.3854615,35.9343148],[129.3855547,35.9340518],[129.3856807,35.9337534],[129.3858012,35.9334927],[129.3859254,35.9332518],[129.3860801,35.9329838],[129.3863294,35.9326225]]},"properties":{"axis":"도로경관축","sub":"울산-포항고속도로 경관축","new":false,"lbl":"","note":"OSM ref 65 motorway","source":"2030 경주시 경관계획 재정비 (2025.04) §4.3 경관축 (T1) — 선형은 OSM (T4)"}},{"type":"Feature","geometry":{"type":"LineString","coordinates":[[129.3861584,35.9390846],[129.3864764,35.9398255],[129.3867962,35.9405525],[129.3871056,35.9411796],[129.3874225,35.9417637],[129.387784,35.9423606],[129.3883925,35.9433925],[129.3888955,35.9442491],[129.3898048,35.9458196],[129.3898665,35.9459196]]},"properties":{"axis":"도로경관축","sub":"울산-포항고속도로 경관축","new":false,"lbl":"","note":"OSM ref 65 motorway","source":"2030 경주시 경관계획 재정비 (2025.04) §4.3 경관축 (T1) — 선형은 OSM (T4)"}},{"type":"Feature","geometry":{"type":"LineString","coordinates":[[129.3637256,35.9863624],[129.3638546,35.9862914],[129.3648157,35.9856289],[129.3655337,35.9851339],[129.3680444,35.9834031],[129.3702379,35.981891]]},"properties":{"axis":"도로경관축","sub":"국도 20호선 경관축","new":false,"lbl":"","note":"OSM ref 20 primary","source":"2030 경주시 경관계획 재정비 (2025.04) §4.3 경관축 (T1) — 선형은 OSM (T4)"}},{"type":"Feature","geometry":{"type":"LineString","coordinates":[[129.1610958,35.9883372],[129.1613662,35.9884178]]},"properties":{"axis":"도로경관축","sub":"국도 28호선 경관축","new":false,"lbl":"","note":"OSM ref 28 trunk","source":"2030 경주시 경관계획 재정비 (2025.04) §4.3 경관축 (T1) — 선형은 OSM (T4)"}},{"type":"Feature","geometry":{"type":"LineString","coordinates":[[129.0335054,36.0092809],[129.0344231,36.0080844]]},"properties":{"axis":"도로경관축","sub":"국도 28호선 경관축","new":false,"lbl":"","note":"OSM ref 28 trunk","source":"2030 경주시 경관계획 재정비 (2025.04) §4.3 경관축 (T1) — 선형은 OSM (T4)"}},{"type":"Feature","geometry":{"type":"LineString","coordinates":[[129.1999228,35.9969812],[129.2004472,35.9969808],[129.2008603,35.9970161],[129.2016929,35.997199],[129.2070055,35.9988345],[129.2079249,35.9990574],[129.2089171,35.9992508],[129.21351,35.99967],[129.2161633,35.999902],[129.2165855,35.9999088],[129.2172807,35.9998811],[129.2184238,35.9996777],[129.2201074,35.9991633],[129.2208244,35.9989797],[129.2215701,35.9988291],[129.2223104,35.9987219],[129.2228442,35.9986718],[129.2235199,35.9986647],[129.2241876,35.9986564],[129.2254875,35.998661],[129.2263337,35.9986716],[129.2267524,35.9986448],[129.2273204,35.9985991],[129.2277078,35.9985252]]},"properties":{"axis":"도로경관축","sub":"국도 28호선 경관축","new":false,"lbl":"","note":"OSM ref 28 trunk","source":"2030 경주시 경관계획 재정비 (2025.04) §4.3 경관축 (T1) — 선형은 OSM (T4)"}},{"type":"Feature","geometry":{"type":"LineString","coordinates":[[129.3437189,36.0766332],[129.3440623,36.0763044],[129.3443248,36.0760743],[129.3446286,36.0758522],[129.3446811,36.0758193],[129.3449154,36.0756723],[129.3452888,36.0754495],[129.3456385,36.0752672],[129.3460604,36.075042],[129.3467015,36.0747124],[129.3471945,36.0744293],[129.3474647,36.0742648],[129.3477297,36.0740945],[129.3479574,36.0739176],[129.3482409,36.0736526],[129.3484383,36.0734135],[129.3487451,36.0729925],[129.3488893,36.0727584],[129.349061,36.0723547],[129.3491247,36.0721312],[129.3491762,36.0719044],[129.3492002,36.0716591],[129.349251,36.0705282],[129.3492464,36.069494],[129.3493625,36.0690549],[129.3496031,36.0685601],[129.3500215,36.0680259],[129.3505904,36.0672887],[129.3508671,36.0668302],[129.3509609,36.0666316],[129.3511959,36.066134],[129.3515489,36.065156],[129.3516207,36.0649381],[129.3516597,36.0648199],[129.3517721,36.0645828],[129.3518047,36.064504],[129.3520266,36.0639677],[129.352452,36.0630996],[129.3525759,36.062695],[129.3526609,36.0625265],[129.3527988,36.0621597],[129.3532632,36.061062],[129.3533117,36.0609474],[129.3539293,36.0595775],[129.3548483,36.0577229],[129.3548656,36.057688],[129.3552795,36.0570654],[129.3555843,36.0566288],[129.3556333,36.0565675],[129.3557333,36.0564605],[129.3559801,36.0560811],[129.3569293,36.0550985],[129.3581089,36.0541224],[129.3582376,36.054016]]},"properties":{"axis":"도로경관축","sub":"국도 7호선 경관축","new":false,"lbl":"","note":"OSM ref 7 primary","source":"2030 경주시 경관계획 재정비 (2025.04) §4.3 경관축 (T1) — 선형은 OSM (T4)"}},{"type":"Feature","geometry":{"type":"LineString","coordinates":[[129.222474,35.83783],[129.2224849,35.8380607],[129.2225171,35.8387447],[129.2225317,35.839016],[129.2225629,35.8399877],[129.2225747,35.8401473],[129.2225974,35.8404547]]},"properties":{"axis":"도로경관축","sub":"국도 4호선 경관축","new":false,"lbl":"","note":"OSM ref 4 primary","source":"2030 경주시 경관계획 재정비 (2025.04) §4.3 경관축 (T1) — 선형은 OSM (T4)"}},{"type":"Feature","geometry":{"type":"LineString","coordinates":[[129.3481487,36.0190485],[129.3485884,36.01964],[129.3492088,36.0204226],[129.3495952,36.0208583],[129.3496337,36.0209061],[129.3497355,36.0210331],[129.3499048,36.021244],[129.3499823,36.0213406],[129.3505639,36.0220297],[129.3506858,36.0222126],[129.3509723,36.02256],[129.3510253,36.0226242]]},"properties":{"axis":"도로경관축","sub":"국도 7호선 경관축","new":false,"lbl":"","note":"OSM ref 7 primary","source":"2030 경주시 경관계획 재정비 (2025.04) §4.3 경관축 (T1) — 선형은 OSM (T4)"}},{"type":"Feature","geometry":{"type":"LineString","coordinates":[[129.3429596,36.0120329],[129.3430443,36.0121371],[129.3432708,36.0124489]]},"properties":{"axis":"도로경관축","sub":"국도 7호선 경관축","new":false,"lbl":"","note":"OSM ref 7 primary","source":"2030 경주시 경관계획 재정비 (2025.04) §4.3 경관축 (T1) — 선형은 OSM (T4)"}},{"type":"Feature","geometry":{"type":"LineString","coordinates":[[129.2681687,35.9833765],[129.2693683,35.9831674]]},"properties":{"axis":"도로경관축","sub":"국도 28호선 경관축","new":false,"lbl":"","note":"OSM ref 28 trunk","source":"2030 경주시 경관계획 재정비 (2025.04) §4.3 경관축 (T1) — 선형은 OSM (T4)"}},{"type":"Feature","geometry":{"type":"LineString","coordinates":[[129.1661321,35.6382887],[129.1620159,35.6319717]]},"properties":{"axis":"도로경관축","sub":"고속철도 경관축","new":true,"lbl":"","note":"OSM 경부고속선","source":"2030 경주시 경관계획 재정비 (2025.04) §4.3 경관축 (T1) — 선형은 OSM (T4)"}},{"type":"Feature","geometry":{"type":"LineString","coordinates":[[129.1005943,35.8202722],[129.1039936,35.8183276]]},"properties":{"axis":"도로경관축","sub":"고속철도 경관축","new":true,"lbl":"","note":"OSM 경부고속선","source":"2030 경주시 경관계획 재정비 (2025.04) §4.3 경관축 (T1) — 선형은 OSM (T4)"}},{"type":"Feature","geometry":{"type":"LineString","coordinates":[[129.1039936,35.8183276],[129.106661,35.8167851],[129.1087485,35.815578]]},"properties":{"axis":"도로경관축","sub":"고속철도 경관축","new":true,"lbl":"","note":"OSM 경부고속선","source":"2030 경주시 경관계획 재정비 (2025.04) §4.3 경관축 (T1) — 선형은 OSM (T4)"}},{"type":"Feature","geometry":{"type":"LineString","coordinates":[[129.1801601,35.6696084],[129.1799025,35.6680473]]},"properties":{"axis":"도로경관축","sub":"고속철도 경관축","new":true,"lbl":"","note":"OSM 경부고속선","source":"2030 경주시 경관계획 재정비 (2025.04) §4.3 경관축 (T1) — 선형은 OSM (T4)"}},{"type":"Feature","geometry":{"type":"LineString","coordinates":[[129.1773798,35.6582267],[129.1770791,35.657424]]},"properties":{"axis":"도로경관축","sub":"고속철도 경관축","new":true,"lbl":"","note":"OSM 경부고속선","source":"2030 경주시 경관계획 재정비 (2025.04) §4.3 경관축 (T1) — 선형은 OSM (T4)"}},{"type":"Feature","geometry":{"type":"LineString","coordinates":[[129.1863819,35.7519251],[129.1869402,35.7498814]]},"properties":{"axis":"도로경관축","sub":"고속철도 경관축","new":true,"lbl":"","note":"OSM 경부고속선","source":"2030 경주시 경관계획 재정비 (2025.04) §4.3 경관축 (T1) — 선형은 OSM (T4)"}},{"type":"Feature","geometry":{"type":"LineString","coordinates":[[129.1849131,35.7064692],[129.1847951,35.7054764]]},"properties":{"axis":"도로경관축","sub":"고속철도 경관축","new":true,"lbl":"","note":"OSM 경부고속선","source":"2030 경주시 경관계획 재정비 (2025.04) §4.3 경관축 (T1) — 선형은 OSM (T4)"}},{"type":"Feature","geometry":{"type":"LineString","coordinates":[[129.1844839,35.7030364],[129.1843841,35.7023102]]},"properties":{"axis":"도로경관축","sub":"고속철도 경관축","new":true,"lbl":"","note":"OSM 경부고속선","source":"2030 경주시 경관계획 재정비 (2025.04) §4.3 경관축 (T1) — 선형은 OSM (T4)"}},{"type":"Feature","geometry":{"type":"LineString","coordinates":[[129.131287,35.8028339],[129.1305278,35.8033023]]},"properties":{"axis":"도로경관축","sub":"고속철도 경관축","new":true,"lbl":"","note":"OSM 경부고속선","source":"2030 경주시 경관계획 재정비 (2025.04) §4.3 경관축 (T1) — 선형은 OSM (T4)"}},{"type":"Feature","geometry":{"type":"LineString","coordinates":[[129.0788621,35.8323017],[129.0792373,35.8321329]]},"properties":{"axis":"도로경관축","sub":"고속철도 경관축","new":true,"lbl":"","note":"OSM 경부고속선","source":"2030 경주시 경관계획 재정비 (2025.04) §4.3 경관축 (T1) — 선형은 OSM (T4)"}},{"type":"Feature","geometry":{"type":"LineString","coordinates":[[129.1752645,35.6531665],[129.1746954,35.6520235]]},"properties":{"axis":"도로경관축","sub":"고속철도 경관축","new":true,"lbl":"","note":"OSM 경부고속선","source":"2030 경주시 경관계획 재정비 (2025.04) §4.3 경관축 (T1) — 선형은 OSM (T4)"}},{"type":"Feature","geometry":{"type":"LineString","coordinates":[[129.1843484,35.7020572],[129.1804821,35.6721889]]},"properties":{"axis":"도로경관축","sub":"고속철도 경관축","new":true,"lbl":"","note":"OSM 경부고속선","source":"2030 경주시 경관계획 재정비 (2025.04) §4.3 경관축 (T1) — 선형은 OSM (T4)"}},{"type":"Feature","geometry":{"type":"LineString","coordinates":[[129.1814142,35.7637133],[129.1821618,35.7623665]]},"properties":{"axis":"도로경관축","sub":"고속철도 경관축","new":true,"lbl":"","note":"OSM 경부고속선","source":"2030 경주시 경관계획 재정비 (2025.04) §4.3 경관축 (T1) — 선형은 OSM (T4)"}},{"type":"Feature","geometry":{"type":"LineString","coordinates":[[129.1877989,35.745604],[129.1878956,35.7450543]]},"properties":{"axis":"도로경관축","sub":"고속철도 경관축","new":true,"lbl":"","note":"OSM 경부고속선","source":"2030 경주시 경관계획 재정비 (2025.04) §4.3 경관축 (T1) — 선형은 OSM (T4)"}},{"type":"Feature","geometry":{"type":"LineString","coordinates":[[129.1782063,35.6607211],[129.1773798,35.6582267]]},"properties":{"axis":"도로경관축","sub":"고속철도 경관축","new":true,"lbl":"","note":"OSM 경부고속선","source":"2030 경주시 경관계획 재정비 (2025.04) §4.3 경관축 (T1) — 선형은 OSM (T4)"}},{"type":"Feature","geometry":{"type":"LineString","coordinates":[[129.161685,35.6315895],[129.1607341,35.6301435]]},"properties":{"axis":"도로경관축","sub":"고속철도 경관축","new":true,"lbl":"","note":"OSM 경부고속선","source":"2030 경주시 경관계획 재정비 (2025.04) §4.3 경관축 (T1) — 선형은 OSM (T4)"}},{"type":"Feature","geometry":{"type":"LineString","coordinates":[[129.1883034,35.7328368],[129.1883291,35.7330645]]},"properties":{"axis":"도로경관축","sub":"고속철도 경관축","new":true,"lbl":"","note":"OSM 경부고속선","source":"2030 경주시 경관계획 재정비 (2025.04) §4.3 경관축 (T1) — 선형은 OSM (T4)"}},{"type":"Feature","geometry":{"type":"LineString","coordinates":[[129.0746254,35.8342583],[129.0763661,35.8334409]]},"properties":{"axis":"도로경관축","sub":"고속철도 경관축","new":true,"lbl":"","note":"OSM 경부고속선","source":"2030 경주시 경관계획 재정비 (2025.04) §4.3 경관축 (T1) — 선형은 OSM (T4)"}},{"type":"Feature","geometry":{"type":"LineString","coordinates":[[129.1770791,35.657424],[129.1767998,35.656691]]},"properties":{"axis":"도로경관축","sub":"고속철도 경관축","new":true,"lbl":"","note":"OSM 경부고속선","source":"2030 경주시 경관계획 재정비 (2025.04) §4.3 경관축 (T1) — 선형은 OSM (T4)"}},{"type":"Feature","geometry":{"type":"LineString","coordinates":[[129.0763661,35.8334409],[129.0788621,35.8323017]]},"properties":{"axis":"도로경관축","sub":"고속철도 경관축","new":true,"lbl":"","note":"OSM 경부고속선","source":"2030 경주시 경관계획 재정비 (2025.04) §4.3 경관축 (T1) — 선형은 OSM (T4)"}},{"type":"Feature","geometry":{"type":"LineString","coordinates":[[129.1668817,35.6394406],[129.1661321,35.6382887]]},"properties":{"axis":"도로경관축","sub":"고속철도 경관축","new":true,"lbl":"","note":"OSM 경부고속선","source":"2030 경주시 경관계획 재정비 (2025.04) §4.3 경관축 (T1) — 선형은 OSM (T4)"}},{"type":"Feature","geometry":{"type":"LineString","coordinates":[[129.1883034,35.7328368],[129.1880996,35.7308595]]},"properties":{"axis":"도로경관축","sub":"고속철도 경관축","new":true,"lbl":"","note":"OSM 경부고속선","source":"2030 경주시 경관계획 재정비 (2025.04) §4.3 경관축 (T1) — 선형은 OSM (T4)"}},{"type":"Feature","geometry":{"type":"LineString","coordinates":[[129.1707127,35.645298],[129.1668817,35.6394406]]},"properties":{"axis":"도로경관축","sub":"고속철도 경관축","new":true,"lbl":"","note":"OSM 경부고속선","source":"2030 경주시 경관계획 재정비 (2025.04) §4.3 경관축 (T1) — 선형은 OSM (T4)"}},{"type":"Feature","geometry":{"type":"LineString","coordinates":[[129.1724501,35.6480643],[129.1714219,35.6463545]]},"properties":{"axis":"도로경관축","sub":"고속철도 경관축","new":true,"lbl":"","note":"OSM 경부고속선","source":"2030 경주시 경관계획 재정비 (2025.04) §4.3 경관축 (T1) — 선형은 OSM (T4)"}},{"type":"Feature","geometry":{"type":"LineString","coordinates":[[129.1885002,35.7373223],[129.1883291,35.7330645]]},"properties":{"axis":"도로경관축","sub":"고속철도 경관축","new":true,"lbl":"","note":"OSM 경부고속선","source":"2030 경주시 경관계획 재정비 (2025.04) §4.3 경관축 (T1) — 선형은 OSM (T4)"}},{"type":"Feature","geometry":{"type":"LineString","coordinates":[[129.1305554,35.8033411],[129.1313721,35.8029516]]},"properties":{"axis":"도로경관축","sub":"고속철도 경관축","new":true,"lbl":"","note":"OSM 경부고속선","source":"2030 경주시 경관계획 재정비 (2025.04) §4.3 경관축 (T1) — 선형은 OSM (T4)"}},{"type":"Feature","geometry":{"type":"LineString","coordinates":[[129.1797952,35.6674633],[129.1795913,35.6662513]]},"properties":{"axis":"도로경관축","sub":"고속철도 경관축","new":true,"lbl":"","note":"OSM 경부고속선","source":"2030 경주시 경관계획 재정비 (2025.04) §4.3 경관축 (T1) — 선형은 OSM (T4)"}},{"type":"Feature","geometry":{"type":"LineString","coordinates":[[129.1707075,35.7775229],[129.1710018,35.7772279],[129.1721247,35.7761031],[129.1722454,35.77598],[129.1725948,35.7756027]]},"properties":{"axis":"도로경관축","sub":"고속철도 경관축","new":true,"lbl":"","note":"OSM 경부고속선","source":"2030 경주시 경관계획 재정비 (2025.04) §4.3 경관축 (T1) — 선형은 OSM (T4)"}},{"type":"Feature","geometry":{"type":"LineString","coordinates":[[129.1754044,35.6534464],[129.1752645,35.6531665]]},"properties":{"axis":"도로경관축","sub":"고속철도 경관축","new":true,"lbl":"","note":"OSM 경부고속선","source":"2030 경주시 경관계획 재정비 (2025.04) §4.3 경관축 (T1) — 선형은 OSM (T4)"}},{"type":"Feature","geometry":{"type":"LineString","coordinates":[[129.1313491,35.8029064],[129.1333021,35.8016338],[129.1340627,35.8011468],[129.1366669,35.7996394]]},"properties":{"axis":"도로경관축","sub":"고속철도 경관축","new":true,"lbl":"","note":"OSM 경부고속선","source":"2030 경주시 경관계획 재정비 (2025.04) §4.3 경관축 (T1) — 선형은 OSM (T4)"}},{"type":"Feature","geometry":{"type":"LineString","coordinates":[[129.1607341,35.6301435],[129.1589867,35.6274151]]},"properties":{"axis":"도로경관축","sub":"고속철도 경관축","new":true,"lbl":"","note":"OSM 경부고속선","source":"2030 경주시 경관계획 재정비 (2025.04) §4.3 경관축 (T1) — 선형은 OSM (T4)"}},{"type":"Feature","geometry":{"type":"LineString","coordinates":[[129.1880734,35.7291102],[129.1851813,35.7084642]]},"properties":{"axis":"도로경관축","sub":"고속철도 경관축","new":true,"lbl":"","note":"OSM 경부고속선","source":"2030 경주시 경관계획 재정비 (2025.04) §4.3 경관축 (T1) — 선형은 OSM (T4)"}},{"type":"Feature","geometry":{"type":"LineString","coordinates":[[129.1880996,35.7308595],[129.1880734,35.7291102]]},"properties":{"axis":"도로경관축","sub":"고속철도 경관축","new":true,"lbl":"","note":"OSM 경부고속선","source":"2030 경주시 경관계획 재정비 (2025.04) §4.3 경관축 (T1) — 선형은 OSM (T4)"}},{"type":"Feature","geometry":{"type":"LineString","coordinates":[[129.1850203,35.7072444],[129.1849131,35.7064692]]},"properties":{"axis":"도로경관축","sub":"고속철도 경관축","new":true,"lbl":"","note":"OSM 경부고속선","source":"2030 경주시 경관계획 재정비 (2025.04) §4.3 경관축 (T1) — 선형은 OSM (T4)"}},{"type":"Feature","geometry":{"type":"LineString","coordinates":[[129.1714219,35.6463545],[129.1709488,35.6456207]]},"properties":{"axis":"도로경관축","sub":"고속철도 경관축","new":true,"lbl":"","note":"OSM 경부고속선","source":"2030 경주시 경관계획 재정비 (2025.04) §4.3 경관축 (T1) — 선형은 OSM (T4)"}},{"type":"Feature","geometry":{"type":"LineString","coordinates":[[129.1589867,35.6274151],[129.1576033,35.6251923]]},"properties":{"axis":"도로경관축","sub":"고속철도 경관축","new":true,"lbl":"","note":"OSM 경부고속선","source":"2030 경주시 경관계획 재정비 (2025.04) §4.3 경관축 (T1) — 선형은 OSM (T4)"}},{"type":"Feature","geometry":{"type":"LineString","coordinates":[[129.179171,35.6642026],[129.1790866,35.6638783]]},"properties":{"axis":"도로경관축","sub":"고속철도 경관축","new":true,"lbl":"","note":"OSM 경부고속선","source":"2030 경주시 경관계획 재정비 (2025.04) §4.3 경관축 (T1) — 선형은 OSM (T4)"}},{"type":"Feature","geometry":{"type":"LineString","coordinates":[[129.1767998,35.656691],[129.1754044,35.6534464]]},"properties":{"axis":"도로경관축","sub":"고속철도 경관축","new":true,"lbl":"","note":"OSM 경부고속선","source":"2030 경주시 경관계획 재정비 (2025.04) §4.3 경관축 (T1) — 선형은 OSM (T4)"}},{"type":"Feature","geometry":{"type":"LineString","coordinates":[[129.1799025,35.6680473],[129.1797952,35.6674633]]},"properties":{"axis":"도로경관축","sub":"고속철도 경관축","new":true,"lbl":"","note":"OSM 경부고속선","source":"2030 경주시 경관계획 재정비 (2025.04) §4.3 경관축 (T1) — 선형은 OSM (T4)"}},{"type":"Feature","geometry":{"type":"LineString","coordinates":[[129.1884849,35.7385635],[129.1885002,35.7373223]]},"properties":{"axis":"도로경관축","sub":"고속철도 경관축","new":true,"lbl":"","note":"OSM 경부고속선","source":"2030 경주시 경관계획 재정비 (2025.04) §4.3 경관축 (T1) — 선형은 OSM (T4)"}},{"type":"Feature","geometry":{"type":"LineString","coordinates":[[129.1620159,35.6319717],[129.161685,35.6315895]]},"properties":{"axis":"도로경관축","sub":"고속철도 경관축","new":true,"lbl":"","note":"OSM 경부고속선","source":"2030 경주시 경관계획 재정비 (2025.04) §4.3 경관축 (T1) — 선형은 OSM (T4)"}},{"type":"Feature","geometry":{"type":"LineString","coordinates":[[129.1804821,35.6721889],[129.1801601,35.6696084]]},"properties":{"axis":"도로경관축","sub":"고속철도 경관축","new":true,"lbl":"","note":"OSM 경부고속선","source":"2030 경주시 경관계획 재정비 (2025.04) §4.3 경관축 (T1) — 선형은 OSM (T4)"}},{"type":"Feature","geometry":{"type":"LineString","coordinates":[[129.173858,35.6504709],[129.1724501,35.6480643]]},"properties":{"axis":"도로경관축","sub":"고속철도 경관축","new":true,"lbl":"","note":"OSM 경부고속선","source":"2030 경주시 경관계획 재정비 (2025.04) §4.3 경관축 (T1) — 선형은 OSM (T4)"}},{"type":"Feature","geometry":{"type":"LineString","coordinates":[[129.1789041,35.663137],[129.1782063,35.6607211]]},"properties":{"axis":"도로경관축","sub":"고속철도 경관축","new":true,"lbl":"","note":"OSM 경부고속선","source":"2030 경주시 경관계획 재정비 (2025.04) §4.3 경관축 (T1) — 선형은 OSM (T4)"}},{"type":"Feature","geometry":{"type":"LineString","coordinates":[[129.1746093,35.6518749],[129.1740623,35.6508377]]},"properties":{"axis":"도로경관축","sub":"고속철도 경관축","new":true,"lbl":"","note":"OSM 경부고속선","source":"2030 경주시 경관계획 재정비 (2025.04) §4.3 경관축 (T1) — 선형은 OSM (T4)"}},{"type":"Feature","geometry":{"type":"LineString","coordinates":[[129.1821618,35.7623665],[129.1828714,35.7609196]]},"properties":{"axis":"도로경관축","sub":"고속철도 경관축","new":true,"lbl":"","note":"OSM 경부고속선","source":"2030 경주시 경관계획 재정비 (2025.04) §4.3 경관축 (T1) — 선형은 OSM (T4)"}},{"type":"Feature","geometry":{"type":"LineString","coordinates":[[129.1740623,35.6508377],[129.173858,35.6504709]]},"properties":{"axis":"도로경관축","sub":"고속철도 경관축","new":true,"lbl":"","note":"OSM 경부고속선","source":"2030 경주시 경관계획 재정비 (2025.04) §4.3 경관축 (T1) — 선형은 OSM (T4)"}},{"type":"Feature","geometry":{"type":"LineString","coordinates":[[129.1847951,35.7054764],[129.1846556,35.7043173]]},"properties":{"axis":"도로경관축","sub":"고속철도 경관축","new":true,"lbl":"","note":"OSM 경부고속선","source":"2030 경주시 경관계획 재정비 (2025.04) §4.3 경관축 (T1) — 선형은 OSM (T4)"}},{"type":"Feature","geometry":{"type":"LineString","coordinates":[[129.1709488,35.6456207],[129.1707127,35.645298]]},"properties":{"axis":"도로경관축","sub":"고속철도 경관축","new":true,"lbl":"","note":"OSM 경부고속선","source":"2030 경주시 경관계획 재정비 (2025.04) §4.3 경관축 (T1) — 선형은 OSM (T4)"}},{"type":"Feature","geometry":{"type":"LineString","coordinates":[[129.1795913,35.6662513],[129.179171,35.6642026]]},"properties":{"axis":"도로경관축","sub":"고속철도 경관축","new":true,"lbl":"","note":"OSM 경부고속선","source":"2030 경주시 경관계획 재정비 (2025.04) §4.3 경관축 (T1) — 선형은 OSM (T4)"}},{"type":"Feature","geometry":{"type":"LineString","coordinates":[[129.1555554,35.6214706],[129.1551481,35.6206604]]},"properties":{"axis":"도로경관축","sub":"고속철도 경관축","new":true,"lbl":"","note":"OSM 경부고속선","source":"2030 경주시 경관계획 재정비 (2025.04) §4.3 경관축 (T1) — 선형은 OSM (T4)"}},{"type":"Feature","geometry":{"type":"LineString","coordinates":[[129.1790866,35.6638783],[129.1789041,35.663137]]},"properties":{"axis":"도로경관축","sub":"고속철도 경관축","new":true,"lbl":"","note":"OSM 경부고속선","source":"2030 경주시 경관계획 재정비 (2025.04) §4.3 경관축 (T1) — 선형은 OSM (T4)"}},{"type":"Feature","geometry":{"type":"LineString","coordinates":[[129.1846556,35.7043173],[129.1844839,35.7030364]]},"properties":{"axis":"도로경관축","sub":"고속철도 경관축","new":true,"lbl":"","note":"OSM 경부고속선","source":"2030 경주시 경관계획 재정비 (2025.04) §4.3 경관축 (T1) — 선형은 OSM (T4)"}},{"type":"Feature","geometry":{"type":"LineString","coordinates":[[129.0975766,35.8218656],[129.0983089,35.821496],[129.0994102,35.8208867],[129.1005943,35.8202722]]},"properties":{"axis":"도로경관축","sub":"고속철도 경관축","new":true,"lbl":"","note":"OSM 경부고속선","source":"2030 경주시 경관계획 재정비 (2025.04) §4.3 경관축 (T1) — 선형은 OSM (T4)"}},{"type":"Feature","geometry":{"type":"LineString","coordinates":[[129.1851813,35.7084642],[129.1850203,35.7072444]]},"properties":{"axis":"도로경관축","sub":"고속철도 경관축","new":true,"lbl":"","note":"OSM 경부고속선","source":"2030 경주시 경관계획 재정비 (2025.04) §4.3 경관축 (T1) — 선형은 OSM (T4)"}},{"type":"Feature","geometry":{"type":"LineString","coordinates":[[129.1843841,35.7023102],[129.1843484,35.7020572]]},"properties":{"axis":"도로경관축","sub":"고속철도 경관축","new":true,"lbl":"","note":"OSM 경부고속선","source":"2030 경주시 경관계획 재정비 (2025.04) §4.3 경관축 (T1) — 선형은 OSM (T4)"}},{"type":"Feature","geometry":{"type":"LineString","coordinates":[[129.179408,35.7670043],[129.1814142,35.7637133]]},"properties":{"axis":"도로경관축","sub":"고속철도 경관축","new":true,"lbl":"","note":"OSM 경부고속선","source":"2030 경주시 경관계획 재정비 (2025.04) §4.3 경관축 (T1) — 선형은 OSM (T4)"}},{"type":"Feature","geometry":{"type":"LineString","coordinates":[[129.1746954,35.6520235],[129.1746093,35.6518749]]},"properties":{"axis":"도로경관축","sub":"고속철도 경관축","new":true,"lbl":"","note":"OSM 경부고속선","source":"2030 경주시 경관계획 재정비 (2025.04) §4.3 경관축 (T1) — 선형은 OSM (T4)"}},{"type":"Feature","geometry":{"type":"LineString","coordinates":[[129.1087485,35.815578],[129.1305554,35.8033411],[129.1313491,35.8029064]]},"properties":{"axis":"도로경관축","sub":"고속철도 경관축","new":true,"lbl":"","note":"OSM 경부고속선","source":"2030 경주시 경관계획 재정비 (2025.04) §4.3 경관축 (T1) — 선형은 OSM (T4)"}},{"type":"Feature","geometry":{"type":"LineString","coordinates":[[129.1869402,35.7498814],[129.1874125,35.7477206],[129.1877989,35.745604]]},"properties":{"axis":"도로경관축","sub":"고속철도 경관축","new":true,"lbl":"","note":"OSM 경부고속선","source":"2030 경주시 경관계획 재정비 (2025.04) §4.3 경관축 (T1) — 선형은 OSM (T4)"}},{"type":"Feature","geometry":{"type":"LineString","coordinates":[[129.1878956,35.7450543],[129.1880991,35.7432681],[129.1884849,35.7385635]]},"properties":{"axis":"도로경관축","sub":"고속철도 경관축","new":true,"lbl":"","note":"OSM 경부고속선","source":"2030 경주시 경관계획 재정비 (2025.04) §4.3 경관축 (T1) — 선형은 OSM (T4)"}},{"type":"Feature","geometry":{"type":"LineString","coordinates":[[129.1576033,35.6251923],[129.1566706,35.6235975],[129.1555554,35.6214706]]},"properties":{"axis":"도로경관축","sub":"고속철도 경관축","new":true,"lbl":"","note":"OSM 경부고속선","source":"2030 경주시 경관계획 재정비 (2025.04) §4.3 경관축 (T1) — 선형은 OSM (T4)"}},{"type":"Feature","geometry":{"type":"LineString","coordinates":[[129.1653729,35.7822152],[129.1676592,35.780379],[129.1707075,35.7775229]]},"properties":{"axis":"도로경관축","sub":"고속철도 경관축","new":true,"lbl":"","note":"OSM 경부고속선","source":"2030 경주시 경관계획 재정비 (2025.04) §4.3 경관축 (T1) — 선형은 OSM (T4)"}},{"type":"Feature","geometry":{"type":"LineString","coordinates":[[129.1551481,35.6206604],[129.1543652,35.6189515],[129.1540652,35.618307]]},"properties":{"axis":"도로경관축","sub":"고속철도 경관축","new":true,"lbl":"","note":"OSM 경부고속선","source":"2030 경주시 경관계획 재정비 (2025.04) §4.3 경관축 (T1) — 선형은 OSM (T4)"}},{"type":"Feature","geometry":{"type":"LineString","coordinates":[[129.0792373,35.8321329],[129.086556,35.828227],[129.0975766,35.8218656]]},"properties":{"axis":"도로경관축","sub":"고속철도 경관축","new":true,"lbl":"","note":"OSM 경부고속선","source":"2030 경주시 경관계획 재정비 (2025.04) §4.3 경관축 (T1) — 선형은 OSM (T4)"}},{"type":"Feature","geometry":{"type":"LineString","coordinates":[[129.1475684,35.7935526],[129.1555951,35.7888922],[129.161775,35.7849065],[129.1653729,35.7822152]]},"properties":{"axis":"도로경관축","sub":"고속철도 경관축","new":true,"lbl":"","note":"OSM 경부고속선","source":"2030 경주시 경관계획 재정비 (2025.04) §4.3 경관축 (T1) — 선형은 OSM (T4)"}},{"type":"Feature","geometry":{"type":"LineString","coordinates":[[129.1741623,35.7739142],[129.1759558,35.7718481],[129.1777818,35.7694473],[129.179408,35.7670043]]},"properties":{"axis":"도로경관축","sub":"고속철도 경관축","new":true,"lbl":"","note":"OSM 경부고속선","source":"2030 경주시 경관계획 재정비 (2025.04) §4.3 경관축 (T1) — 선형은 OSM (T4)"}},{"type":"Feature","geometry":{"type":"LineString","coordinates":[[129.1313721,35.8029516],[129.1319356,35.8025812],[129.1325559,35.8021797],[129.1333468,35.8016859],[129.1341029,35.8012268]]},"properties":{"axis":"도로경관축","sub":"고속철도 경관축","new":true,"lbl":"","note":"OSM 경부고속선","source":"2030 경주시 경관계획 재정비 (2025.04) §4.3 경관축 (T1) — 선형은 OSM (T4)"}},{"type":"Feature","geometry":{"type":"LineString","coordinates":[[129.1412052,35.7970271],[129.1432925,35.7960085],[129.1435247,35.7958858],[129.1441346,35.7955634],[129.1451067,35.7949784],[129.1472833,35.793716],[129.1475684,35.7935526]]},"properties":{"axis":"도로경관축","sub":"고속철도 경관축","new":true,"lbl":"","note":"OSM 경부고속선","source":"2030 경주시 경관계획 재정비 (2025.04) §4.3 경관축 (T1) — 선형은 OSM (T4)"}},{"type":"Feature","geometry":{"type":"LineString","coordinates":[[129.0071409,35.8548049],[129.0277093,35.8503257],[129.0456523,35.8456075],[129.0627559,35.8396914],[129.0746254,35.8342583]]},"properties":{"axis":"도로경관축","sub":"고속철도 경관축","new":true,"lbl":"고속철도 경관축","note":"OSM 경부고속선","source":"2030 경주시 경관계획 재정비 (2025.04) §4.3 경관축 (T1) — 선형은 OSM (T4)"}},{"type":"Feature","geometry":{"type":"LineString","coordinates":[[128.9365547,35.8536816],[128.9388651,35.8538837],[128.9509745,35.8553109],[128.9611566,35.8563744],[128.9709102,35.8572807],[128.9772737,35.8575746],[128.9801325,35.857625],[128.983753,35.8574471],[128.9879824,35.857376]]},"properties":{"axis":"도로경관축","sub":"고속철도 경관축","new":true,"lbl":"","note":"OSM 경부고속선","source":"2030 경주시 경관계획 재정비 (2025.04) §4.3 경관축 (T1) — 선형은 OSM (T4)"}},{"type":"Feature","geometry":{"type":"LineString","coordinates":[[128.9879824,35.857376],[128.9886057,35.8573406]]},"properties":{"axis":"도로경관축","sub":"고속철도 경관축","new":true,"lbl":"","note":"OSM 경부고속선","source":"2030 경주시 경관계획 재정비 (2025.04) §4.3 경관축 (T1) — 선형은 OSM (T4)"}},{"type":"Feature","geometry":{"type":"LineString","coordinates":[[129.1828714,35.7609196],[129.1837301,35.7590991],[129.1845782,35.7571042],[129.1852439,35.7553965],[129.1859095,35.7534624],[129.1863819,35.7519251]]},"properties":{"axis":"도로경관축","sub":"고속철도 경관축","new":true,"lbl":"","note":"OSM 경부고속선","source":"2030 경주시 경관계획 재정비 (2025.04) §4.3 경관축 (T1) — 선형은 OSM (T4)"}},{"type":"Feature","geometry":{"type":"LineString","coordinates":[[129.313553,35.7963151],[129.3135488,35.7960737]]},"properties":{"axis":"도로경관축","sub":"국도 4호선 경관축","new":false,"lbl":"","note":"OSM ref 4 primary","source":"2030 경주시 경관계획 재정비 (2025.04) §4.3 경관축 (T1) — 선형은 OSM (T4)"}},{"type":"Feature","geometry":{"type":"LineString","coordinates":[[129.3177972,35.7872118],[129.3177307,35.7873059],[129.3174519,35.7876502],[129.3174221,35.787687],[129.3173548,35.7877702],[129.3171503,35.7880227],[129.3166429,35.7885503],[129.3165275,35.7886704],[129.3159225,35.7892896],[129.3150481,35.7901867],[129.3149089,35.7903281],[129.3143146,35.7909319],[129.3139742,35.7913759],[129.3137895,35.7917163]]},"properties":{"axis":"도로경관축","sub":"국도 4호선 경관축","new":false,"lbl":"","note":"OSM ref 4 primary","source":"2030 경주시 경관계획 재정비 (2025.04) §4.3 경관축 (T1) — 선형은 OSM (T4)"}},{"type":"Feature","geometry":{"type":"LineString","coordinates":[[129.3002708,35.8314225],[129.3004532,35.8314762],[129.3007224,35.8315554],[129.3010446,35.8316355],[129.3015585,35.831795],[129.3019768,35.83191],[129.30216,35.8319325],[129.3023585,35.8319175],[129.3031252,35.8318525],[129.3040866,35.8317026],[129.3049972,35.8317688],[129.30576,35.8319],[129.30629,35.83189],[129.30648,35.83181],[129.30691,35.8317],[129.30704,35.83169],[129.30717,35.8317],[129.30744,35.83181],[129.30769,35.83191],[129.30792,35.83199],[129.30821,35.83199],[129.30897,35.83192],[129.30937,35.83191],[129.30948,35.83196],[129.3096,35.83199],[129.30979,35.83211],[129.31003,35.83226],[129.31011,35.83232],[129.31041,35.83244],[129.31052,35.83248],[129.3109,35.83253],[129.31108,35.83254],[129.31113,35.83252],[129.31122,35.8325],[129.31143,35.83232],[129.31177,35.83186],[129.31205,35.83122],[129.31235,35.83059],[129.31251,35.83006],[129.31263,35.82923],[129.31267,35.82874],[129.31264,35.82851],[129.31246,35.82808],[129.3121,35.82769],[129.31194,35.82736],[129.31191,35.82717],[129.31192,35.82702],[129.312006,35.8268675],[129.31214,35.82663],[129.31238,35.82639],[129.31257,35.8263],[129.31272,35.82623],[129.31293,35.82626],[129.31308,35.82633],[129.31326,35.82648],[129.31336,35.82658],[129.31366,35.82715],[129.31403,35.82805],[129.31434,35.82871],[129.3147,35.82956],[129.31482,35.8297],[129.31504,35.82977],[129.3152,35.82975],[129.31547,35.82959],[129.31582,35.82935],[129.31601,35.82925],[129.31612,35.82922],[129.3163668,35.8292122],[129.3165407,35.8293265],[129.3167264,35.82949],[129.316872,35.8296043],[129.3170764,35.8296548],[129.3172578,35.8296648],[129.31759,35.82956],[129.31774,35.82944],[129.3182751,35.8290157],[129.3183727,35.8289005],[129.3184724,35.828722],[129.31851,35.8284878],[129.3184507,35.8280987],[129.3184403,35.8279652],[129.3184751,35.82786],[129.3186736,35.8276387],[129.3189612,35.8273483],[129.3190612,35.827277],[129.3191871,35.8272217],[129.3193029,35.8272365],[129.3194514,35.8272954],[129.3195641,35.8274474],[129.3196231,35.8277674],[129.31967,35.82808],[129.3197304,35.8282349],[129.31985,35.82836],[129.3199917,35.8284404],[129.32075,35.8285361],[129.3215646,35.8285626],[129.3218078,35.8285465],[129.3220378,35.8284952],[129.3222405,35.828406],[129.322418,35.8282535],[129.3225095,35.8280682],[129.3224487,35.8277517],[129.3224556,35.8274534],[129.3225319,35.8271448],[129.3227158,35.82694],[129.3228797,35.8268226],[129.32327,35.82664],[129.32363,35.82643],[129.3236795,35.8263976]]},"properties":{"axis":"도로경관축","sub":"동해바다로(경감로) 자전거도로 경관축","new":false,"lbl":"동해바다로(경감로) 자전거도로 경관축","note":"자전거도로 경관축","source":"2030 경주시 경관계획 재정비 (2025.04) §4.3 경관축 (T1) — 선형은 OSM (T4)"}},{"type":"Feature","geometry":{"type":"LineString","coordinates":[[129.3575212,36.0325548],[129.3576189,36.0327814],[129.3579218,36.0335437],[129.3582123,36.0342709],[129.3583296,36.0345381]]},"properties":{"axis":"도로경관축","sub":"국도 7호선 경관축","new":false,"lbl":"","note":"OSM ref 7 primary","source":"2030 경주시 경관계획 재정비 (2025.04) §4.3 경관축 (T1) — 선형은 OSM (T4)"}},{"type":"Feature","geometry":{"type":"LineString","coordinates":[[129.3583271,36.0347427],[129.3581083,36.0342955],[129.3578382,36.0335696],[129.357533,36.032801],[129.3574131,36.0325902]]},"properties":{"axis":"도로경관축","sub":"국도 7호선 경관축","new":false,"lbl":"","note":"OSM ref 7 primary","source":"2030 경주시 경관계획 재정비 (2025.04) §4.3 경관축 (T1) — 선형은 OSM (T4)"}},{"type":"Feature","geometry":{"type":"LineString","coordinates":[[129.355602,36.0298722],[129.3556357,36.0299423],[129.355699,36.030041],[129.3558983,36.0303145],[129.3560594,36.0305194],[129.3562529,36.0306713],[129.3564391,36.0309045],[129.3570559,36.0317657],[129.3572061,36.0320016]]},"properties":{"axis":"도로경관축","sub":"국도 7호선 경관축","new":false,"lbl":"","note":"OSM ref 7 primary","source":"2030 경주시 경관계획 재정비 (2025.04) §4.3 경관축 (T1) — 선형은 OSM (T4)"}},{"type":"Feature","geometry":{"type":"LineString","coordinates":[[129.3548393,36.0279423],[129.3541295,36.0268432],[129.3540869,36.0267774]]},"properties":{"axis":"도로경관축","sub":"국도 7호선 경관축","new":false,"lbl":"","note":"OSM ref 7 primary","source":"2030 경주시 경관계획 재정비 (2025.04) §4.3 경관축 (T1) — 선형은 OSM (T4)"}},{"type":"Feature","geometry":{"type":"LineString","coordinates":[[129.354931,36.0278993],[129.3551269,36.0282088],[129.3552159,36.0283689],[129.3552839,36.0284829],[129.3553269,36.0285886],[129.3553725,36.028678],[129.3554102,36.02881],[129.3554557,36.028996],[129.3555016,36.0293979],[129.3555171,36.029584],[129.3555561,36.029748],[129.355602,36.0298722]]},"properties":{"axis":"도로경관축","sub":"국도 7호선 경관축","new":false,"lbl":"","note":"OSM ref 7 primary","source":"2030 경주시 경관계획 재정비 (2025.04) §4.3 경관축 (T1) — 선형은 OSM (T4)"}},{"type":"Feature","geometry":{"type":"LineString","coordinates":[[129.3572061,36.0320016],[129.3574004,36.0323136],[129.3575212,36.0325548]]},"properties":{"axis":"도로경관축","sub":"국도 7호선 경관축","new":false,"lbl":"","note":"OSM ref 7 primary","source":"2030 경주시 경관계획 재정비 (2025.04) §4.3 경관축 (T1) — 선형은 OSM (T4)"}},{"type":"Feature","geometry":{"type":"LineString","coordinates":[[129.2865753,35.7126993],[129.2858859,35.7127253]]},"properties":{"axis":"도로경관축","sub":"국도 7호선 경관축","new":false,"lbl":"","note":"OSM ref 7 trunk","source":"2030 경주시 경관계획 재정비 (2025.04) §4.3 경관축 (T1) — 선형은 OSM (T4)"}},{"type":"Feature","geometry":{"type":"LineString","coordinates":[[129.2889386,35.6842542],[129.2881583,35.6872089],[129.2870905,35.6899817],[129.2858259,35.693589],[129.2850715,35.6970039],[129.2847044,35.7003447],[129.2850399,35.7048549],[129.2856364,35.7075825],[129.286918,35.7113703]]},"properties":{"axis":"도로경관축","sub":"울산-포항고속도로 경관축","new":false,"lbl":"","note":"OSM ref 65 motorway","source":"2030 경주시 경관계획 재정비 (2025.04) §4.3 경관축 (T1) — 선형은 OSM (T4)"}},{"type":"Feature","geometry":{"type":"LineString","coordinates":[[129.2886981,35.6838255],[129.2887403,35.6836328],[129.2888191,35.683172],[129.2888656,35.6825974]]},"properties":{"axis":"도로경관축","sub":"울산-포항고속도로 경관축","new":false,"lbl":"","note":"OSM ref 65 motorway","source":"2030 경주시 경관계획 재정비 (2025.04) §4.3 경관축 (T1) — 선형은 OSM (T4)"}},{"type":"Feature","geometry":{"type":"LineString","coordinates":[[129.048409,35.7599243],[129.0485933,35.7601497],[129.04868,35.76023],[129.04922,35.76086],[129.04971,35.7616],[129.05007,35.76207],[129.0504158,35.7625701],[129.0506916,35.7631139],[129.0509175,35.7637334],[129.0511789,35.7642054],[129.05136,35.76458],[129.05142,35.76492],[129.0514581,35.7653134],[129.0514359,35.7658078],[129.0515268,35.7659969],[129.0516426,35.7661203],[129.0525038,35.7676057],[129.05304,35.76855],[129.0530832,35.7687661],[129.053101,35.769532],[129.0531161,35.7698279],[129.0531764,35.7700991],[129.0534487,35.7705308],[129.0539,35.77121],[129.05487,35.77258],[129.05525,35.77324],[129.0554312,35.7739574],[129.0556426,35.7741356],[129.0559028,35.7743574],[129.0561164,35.7746175],[129.0561492,35.7746995],[129.0561678,35.7748222],[129.0561799,35.7754129],[129.0562463,35.7756013],[129.0563533,35.7757382],[129.05683,35.77643],[129.0572059,35.7770074],[129.0572655,35.7772856],[129.0572764,35.7774544],[129.0572264,35.7776844],[129.0571018,35.7778611],[129.056581,35.77821],[129.0562289,35.7784812],[129.05553,35.77899],[129.0549025,35.7793506],[129.0541479,35.7796388],[129.0532039,35.7800813],[129.0527326,35.7803777],[129.0522425,35.7807131],[129.0518823,35.7809043],[129.0514927,35.7810556],[129.0511227,35.7812156],[129.050321,35.7814382],[129.0498438,35.7815245],[129.0495185,35.7816208],[129.0495019,35.7816356],[129.0493711,35.781753],[129.0492477,35.7818774],[129.0491777,35.7819774],[129.0491577,35.7820974],[129.0491977,35.7822774],[129.049295,35.7825323],[129.0495907,35.7827805],[129.0498278,35.7828779],[129.0505049,35.783],[129.0509083,35.7830756],[129.05176,35.78316],[129.0520406,35.7831956],[129.0522259,35.7832674],[129.0523659,35.7833474],[129.0529415,35.7838075],[129.0542144,35.7850991],[129.0545169,35.7854596],[129.0547569,35.7856296],[129.05538,35.78586],[129.05565,35.78605],[129.0557185,35.7861567],[129.0557742,35.7862755]]},"properties":{"axis":"도로경관축","sub":"국도 20호선 경관축","new":false,"lbl":"","note":"OSM ref 20 primary","source":"2030 경주시 경관계획 재정비 (2025.04) §4.3 경관축 (T1) — 선형은 OSM (T4)"}},{"type":"Feature","geometry":{"type":"LineString","coordinates":[[129.391678,35.9491601],[129.3900458,35.9464419]]},"properties":{"axis":"도로경관축","sub":"울산-포항고속도로 경관축","new":false,"lbl":"","note":"OSM ref 65 motorway","source":"2030 경주시 경관계획 재정비 (2025.04) §4.3 경관축 (T1) — 선형은 OSM (T4)"}},{"type":"Feature","geometry":{"type":"LineString","coordinates":[[129.3897233,35.9459156],[129.3895022,35.9455459],[129.389137,35.9449118],[129.3887392,35.9442514],[129.3885509,35.9439221],[129.3883911,35.9436125],[129.3871872,35.941511],[129.3869454,35.9410749],[129.3865266,35.9401803],[129.386052,35.9390936]]},"properties":{"axis":"도로경관축","sub":"울산-포항고속도로 경관축","new":false,"lbl":"","note":"OSM ref 65 motorway","source":"2030 경주시 경관계획 재정비 (2025.04) §4.3 경관축 (T1) — 선형은 OSM (T4)"}},{"type":"Feature","geometry":{"type":"LineString","coordinates":[[129.3898665,35.9459196],[129.3901862,35.9464373]]},"properties":{"axis":"도로경관축","sub":"울산-포항고속도로 경관축","new":false,"lbl":"","note":"OSM ref 65 motorway","source":"2030 경주시 경관계획 재정비 (2025.04) §4.3 경관축 (T1) — 선형은 OSM (T4)"}},{"type":"Feature","geometry":{"type":"LineString","coordinates":[[129.3901862,35.9464373],[129.3903621,35.9467221],[129.3914771,35.9485509]]},"properties":{"axis":"도로경관축","sub":"울산-포항고속도로 경관축","new":false,"lbl":"","note":"OSM ref 65 motorway","source":"2030 경주시 경관계획 재정비 (2025.04) §4.3 경관축 (T1) — 선형은 OSM (T4)"}},{"type":"Feature","geometry":{"type":"LineString","coordinates":[[129.3900458,35.9464419],[129.389822,35.9460807],[129.3897233,35.9459156]]},"properties":{"axis":"도로경관축","sub":"울산-포항고속도로 경관축","new":false,"lbl":"","note":"OSM ref 65 motorway","source":"2030 경주시 경관계획 재정비 (2025.04) §4.3 경관축 (T1) — 선형은 OSM (T4)"}},{"type":"Feature","geometry":{"type":"LineString","coordinates":[[129.4243538,35.7823566],[129.4241096,35.7819295]]},"properties":{"axis":"도로경관축","sub":"울산-포항고속도로 경관축","new":false,"lbl":"","note":"OSM ref 65 motorway","source":"2030 경주시 경관계획 재정비 (2025.04) §4.3 경관축 (T1) — 선형은 OSM (T4)"}},{"type":"Feature","geometry":{"type":"LineString","coordinates":[[129.4244464,35.7823033],[129.4247062,35.7827998],[129.4249394,35.7832814],[129.4251091,35.7836659],[129.4256223,35.7848293],[129.4259298,35.7856203],[129.4261691,35.7863264],[129.4263986,35.7870622],[129.4265857,35.78777]]},"properties":{"axis":"도로경관축","sub":"울산-포항고속도로 경관축","new":false,"lbl":"","note":"OSM ref 65 motorway","source":"2030 경주시 경관계획 재정비 (2025.04) §4.3 경관축 (T1) — 선형은 OSM (T4)"}},{"type":"Feature","geometry":{"type":"LineString","coordinates":[[129.4241096,35.7819295],[129.4238071,35.7813825],[129.4230862,35.7802411],[129.4227361,35.779748],[129.422312,35.7791974],[129.4218995,35.7786645],[129.4215961,35.7783049],[129.4208266,35.7774904],[129.4201795,35.7768055],[129.4196277,35.7762643],[129.4189481,35.7756556],[129.4181978,35.7750641],[129.4170794,35.7742601],[129.4153368,35.773075],[129.4143965,35.7724788],[129.4136883,35.7721732]]},"properties":{"axis":"도로경관축","sub":"울산-포항고속도로 경관축","new":false,"lbl":"","note":"OSM ref 65 motorway","source":"2030 경주시 경관계획 재정비 (2025.04) §4.3 경관축 (T1) — 선형은 OSM (T4)"}},{"type":"Feature","geometry":{"type":"LineString","coordinates":[[129.4242061,35.7818774],[129.4244464,35.7823033]]},"properties":{"axis":"도로경관축","sub":"울산-포항고속도로 경관축","new":false,"lbl":"","note":"OSM ref 65 motorway","source":"2030 경주시 경관계획 재정비 (2025.04) §4.3 경관축 (T1) — 선형은 OSM (T4)"}},{"type":"Feature","geometry":{"type":"LineString","coordinates":[[129.4135062,35.7718406],[129.4147619,35.772426],[129.4161116,35.7732957],[129.4183163,35.7749618],[129.4190542,35.7755453],[129.41982,35.7762122],[129.4205514,35.7769667],[129.420965,35.7774041],[129.4217241,35.7782484],[129.4222057,35.7788452],[129.4226389,35.7794273],[129.4232063,35.780233],[129.4235922,35.7808352],[129.4238992,35.7813513],[129.4242061,35.7818774]]},"properties":{"axis":"도로경관축","sub":"울산-포항고속도로 경관축","new":false,"lbl":"","note":"OSM ref 65 motorway","source":"2030 경주시 경관계획 재정비 (2025.04) §4.3 경관축 (T1) — 선형은 OSM (T4)"}},{"type":"Feature","geometry":{"type":"LineString","coordinates":[[129.4078088,35.7698088],[129.4074867,35.7697056],[129.4012235,35.7676989],[129.4007643,35.7675518],[129.3957446,35.7661792],[129.391715,35.7654092],[129.3879055,35.7648736],[129.3845635,35.7643379],[129.3802452,35.7633224],[129.3776552,35.7626045],[129.3751841,35.7617824],[129.3725458,35.7607696],[129.3697105,35.7595727],[129.3656947,35.7574523],[129.3632604,35.7560907],[129.3571405,35.751671],[129.3551876,35.750354],[129.3531521,35.7491485],[129.3485587,35.7468269],[129.3340691,35.740713]]},"properties":{"axis":"도로경관축","sub":"울산-포항고속도로 경관축","new":false,"lbl":"","note":"OSM ref 65 motorway","source":"2030 경주시 경관계획 재정비 (2025.04) §4.3 경관축 (T1) — 선형은 OSM (T4)"}},{"type":"Feature","geometry":{"type":"LineString","coordinates":[[129.3341723,35.740508],[129.3490813,35.7467711],[129.3532622,35.7488137],[129.3556551,35.7502647],[129.3580206,35.7519166],[129.363453,35.7557447],[129.3659422,35.7571956],[129.369793,35.7592044],[129.373006,35.7606126],[129.3762238,35.7617957],[129.3786824,35.7625882],[129.380919,35.763222],[129.3852099,35.7641371],[129.3904772,35.7649517],[129.3953457,35.7657775],[129.4000767,35.7669827],[129.4079891,35.7695916]]},"properties":{"axis":"도로경관축","sub":"울산-포항고속도로 경관축","new":false,"lbl":"울산-포항고속도로 경관축","note":"OSM ref 65 motorway","source":"2030 경주시 경관계획 재정비 (2025.04) §4.3 경관축 (T1) — 선형은 OSM (T4)"}},{"type":"Feature","geometry":{"type":"LineString","coordinates":[[129.3340691,35.740713],[129.3324278,35.7399577],[129.3316578,35.7396337],[129.3310079,35.7393369],[129.330794,35.7392349],[129.325624,35.7370137]]},"properties":{"axis":"도로경관축","sub":"울산-포항고속도로 경관축","new":false,"lbl":"","note":"OSM ref 65 motorway","source":"2030 경주시 경관계획 재정비 (2025.04) §4.3 경관축 (T1) — 선형은 OSM (T4)"}},{"type":"Feature","geometry":{"type":"LineString","coordinates":[[129.3256505,35.7369135],[129.3316678,35.7394363],[129.3325088,35.7397781],[129.332831,35.7398848],[129.3341723,35.740508]]},"properties":{"axis":"도로경관축","sub":"울산-포항고속도로 경관축","new":false,"lbl":"","note":"OSM ref 65 motorway","source":"2030 경주시 경관계획 재정비 (2025.04) §4.3 경관축 (T1) — 선형은 OSM (T4)"}},{"type":"Feature","geometry":{"type":"LineString","coordinates":[[129.3224609,35.7356998],[129.3216859,35.7353731],[129.317806,35.7337374],[129.3169172,35.7333627]]},"properties":{"axis":"도로경관축","sub":"울산-포항고속도로 경관축","new":false,"lbl":"","note":"OSM ref 65 motorway","source":"2030 경주시 경관계획 재정비 (2025.04) §4.3 경관축 (T1) — 선형은 OSM (T4)"}},{"type":"Feature","geometry":{"type":"LineString","coordinates":[[129.3169733,35.733269],[129.3225253,35.7356099]]},"properties":{"axis":"도로경관축","sub":"울산-포항고속도로 경관축","new":false,"lbl":"","note":"OSM ref 65 motorway","source":"2030 경주시 경관계획 재정비 (2025.04) §4.3 경관축 (T1) — 선형은 OSM (T4)"}},{"type":"Feature","geometry":{"type":"LineString","coordinates":[[129.3169172,35.7333627],[129.3148893,35.7325465]]},"properties":{"axis":"도로경관축","sub":"울산-포항고속도로 경관축","new":false,"lbl":"","note":"OSM ref 65 motorway","source":"2030 경주시 경관계획 재정비 (2025.04) §4.3 경관축 (T1) — 선형은 OSM (T4)"}},{"type":"Feature","geometry":{"type":"LineString","coordinates":[[129.3144964,35.7322578],[129.3149177,35.732427]]},"properties":{"axis":"도로경관축","sub":"울산-포항고속도로 경관축","new":false,"lbl":"","note":"OSM ref 65 motorway","source":"2030 경주시 경관계획 재정비 (2025.04) §4.3 경관축 (T1) — 선형은 OSM (T4)"}},{"type":"Feature","geometry":{"type":"LineString","coordinates":[[129.3144674,35.7323766],[129.3119037,35.7312782]]},"properties":{"axis":"도로경관축","sub":"울산-포항고속도로 경관축","new":false,"lbl":"","note":"OSM ref 65 motorway","source":"2030 경주시 경관계획 재정비 (2025.04) §4.3 경관축 (T1) — 선형은 OSM (T4)"}},{"type":"Feature","geometry":{"type":"LineString","coordinates":[[129.3148893,35.7325465],[129.3144674,35.7323766]]},"properties":{"axis":"도로경관축","sub":"울산-포항고속도로 경관축","new":false,"lbl":"","note":"OSM ref 65 motorway","source":"2030 경주시 경관계획 재정비 (2025.04) §4.3 경관축 (T1) — 선형은 OSM (T4)"}},{"type":"Feature","geometry":{"type":"LineString","coordinates":[[129.3149177,35.732427],[129.3156419,35.7327276],[129.3160791,35.732909],[129.3169733,35.733269]]},"properties":{"axis":"도로경관축","sub":"울산-포항고속도로 경관축","new":false,"lbl":"","note":"OSM ref 65 motorway","source":"2030 경주시 경관계획 재정비 (2025.04) §4.3 경관축 (T1) — 선형은 OSM (T4)"}},{"type":"Feature","geometry":{"type":"LineString","coordinates":[[129.3107661,35.7306864],[129.3118428,35.7311143]]},"properties":{"axis":"도로경관축","sub":"울산-포항고속도로 경관축","new":false,"lbl":"","note":"OSM ref 65 motorway","source":"2030 경주시 경관계획 재정비 (2025.04) §4.3 경관축 (T1) — 선형은 OSM (T4)"}},{"type":"Feature","geometry":{"type":"LineString","coordinates":[[129.3108414,35.7308432],[129.3096192,35.7303252],[129.3092365,35.7301605],[129.3067611,35.7290955]]},"properties":{"axis":"도로경관축","sub":"울산-포항고속도로 경관축","new":false,"lbl":"","note":"OSM ref 65 motorway","source":"2030 경주시 경관계획 재정비 (2025.04) §4.3 경관축 (T1) — 선형은 OSM (T4)"}},{"type":"Feature","geometry":{"type":"LineString","coordinates":[[129.3119037,35.7312782],[129.3108414,35.7308432]]},"properties":{"axis":"도로경관축","sub":"울산-포항고속도로 경관축","new":false,"lbl":"","note":"OSM ref 65 motorway","source":"2030 경주시 경관계획 재정비 (2025.04) §4.3 경관축 (T1) — 선형은 OSM (T4)"}},{"type":"Feature","geometry":{"type":"LineString","coordinates":[[129.3118428,35.7311143],[129.3144964,35.7322578]]},"properties":{"axis":"도로경관축","sub":"울산-포항고속도로 경관축","new":false,"lbl":"","note":"OSM ref 65 motorway","source":"2030 경주시 경관계획 재정비 (2025.04) §4.3 경관축 (T1) — 선형은 OSM (T4)"}},{"type":"Feature","geometry":{"type":"LineString","coordinates":[[129.3067611,35.7290955],[129.3065068,35.7289912]]},"properties":{"axis":"도로경관축","sub":"울산-포항고속도로 경관축","new":false,"lbl":"","note":"OSM ref 65 motorway","source":"2030 경주시 경관계획 재정비 (2025.04) §4.3 경관축 (T1) — 선형은 OSM (T4)"}},{"type":"Feature","geometry":{"type":"LineString","coordinates":[[129.3065068,35.7289912],[129.3062402,35.7288818],[129.3044595,35.7281514],[129.3036139,35.7277959],[129.3027838,35.72743]]},"properties":{"axis":"도로경관축","sub":"울산-포항고속도로 경관축","new":false,"lbl":"","note":"OSM ref 65 motorway","source":"2030 경주시 경관계획 재정비 (2025.04) §4.3 경관축 (T1) — 선형은 OSM (T4)"}},{"type":"Feature","geometry":{"type":"LineString","coordinates":[[129.3068791,35.7290258],[129.3095127,35.7301486],[129.3096782,35.7302192],[129.3107661,35.7306864]]},"properties":{"axis":"도로경관축","sub":"울산-포항고속도로 경관축","new":false,"lbl":"","note":"OSM ref 65 motorway","source":"2030 경주시 경관계획 재정비 (2025.04) §4.3 경관축 (T1) — 선형은 OSM (T4)"}},{"type":"Feature","geometry":{"type":"LineString","coordinates":[[129.3066002,35.7289121],[129.3068791,35.7290258]]},"properties":{"axis":"도로경관축","sub":"울산-포항고속도로 경관축","new":false,"lbl":"","note":"OSM ref 65 motorway","source":"2030 경주시 경관계획 재정비 (2025.04) §4.3 경관축 (T1) — 선형은 OSM (T4)"}},{"type":"Feature","geometry":{"type":"LineString","coordinates":[[129.3027936,35.7273085],[129.3036934,35.727714],[129.3045082,35.7280592],[129.3066002,35.7289121]]},"properties":{"axis":"도로경관축","sub":"울산-포항고속도로 경관축","new":false,"lbl":"","note":"OSM ref 65 motorway","source":"2030 경주시 경관계획 재정비 (2025.04) §4.3 경관축 (T1) — 선형은 OSM (T4)"}},{"type":"Feature","geometry":{"type":"LineString","coordinates":[[129.3027838,35.72743],[129.3022947,35.7272129],[129.3016785,35.7269128],[129.3009637,35.7265626],[129.3001996,35.7261624],[129.2990226,35.7254621]]},"properties":{"axis":"도로경관축","sub":"울산-포항고속도로 경관축","new":false,"lbl":"","note":"OSM ref 65 motorway","source":"2030 경주시 경관계획 재정비 (2025.04) §4.3 경관축 (T1) — 선형은 OSM (T4)"}},{"type":"Feature","geometry":{"type":"LineString","coordinates":[[129.2990226,35.7254621],[129.2984446,35.7250971],[129.2977975,35.7246569],[129.2961157,35.7234297],[129.2956077,35.7230441],[129.2951319,35.7226651],[129.2945894,35.7222039],[129.2938095,35.7214881],[129.2934558,35.7211562],[129.2931514,35.7208505],[129.2927358,35.7204302],[129.2922334,35.7199068],[129.2917392,35.7193737],[129.2911071,35.7186472],[129.2901554,35.7174519]]},"properties":{"axis":"도로경관축","sub":"울산-포항고속도로 경관축","new":false,"lbl":"","note":"OSM ref 65 motorway","source":"2030 경주시 경관계획 재정비 (2025.04) §4.3 경관축 (T1) — 선형은 OSM (T4)"}},{"type":"Feature","geometry":{"type":"LineString","coordinates":[[129.2991031,35.7253801],[129.2995539,35.7256525],[129.3005878,35.7262274],[129.3012718,35.7265776],[129.3020297,35.7269628],[129.3027936,35.7273085]]},"properties":{"axis":"도로경관축","sub":"울산-포항고속도로 경관축","new":false,"lbl":"","note":"OSM ref 65 motorway","source":"2030 경주시 경관계획 재정비 (2025.04) §4.3 경관축 (T1) — 선형은 OSM (T4)"}},{"type":"Feature","geometry":{"type":"LineString","coordinates":[[129.1772186,35.8146675],[129.1785517,35.8150971]]},"properties":{"axis":"도로경관축","sub":"국도 4호선 경관축","new":false,"lbl":"","note":"OSM ref 4;35 primary","source":"2030 경주시 경관계획 재정비 (2025.04) §4.3 경관축 (T1) — 선형은 OSM (T4)"}},{"type":"Feature","geometry":{"type":"LineString","coordinates":[[129.1484082,35.8189125],[129.1497727,35.8189614],[129.150457,35.818986],[129.1515184,35.8190245],[129.1518765,35.8190369],[129.155356,35.8191581],[129.1569587,35.8192395],[129.1582348,35.8193499],[129.1593633,35.8194363],[129.1603017,35.8194261],[129.1606902,35.8193615],[129.1619701,35.8189291],[129.1625913,35.8187282],[129.163073,35.8186251],[129.1634588,35.8184815],[129.1644715,35.8180093],[129.1654548,35.817548],[129.1660334,35.817293],[129.1665369,35.8170999],[129.1669044,35.8169852],[129.1672802,35.8168679],[129.1694358,35.8162529],[129.1712549,35.815734],[129.1730223,35.8152176],[129.1731631,35.8151884],[129.1749314,35.814692],[129.1759174,35.8144152],[129.1763109,35.8144278]]},"properties":{"axis":"도로경관축","sub":"국도 4호선 경관축","new":false,"lbl":"","note":"OSM ref 4;35 primary","source":"2030 경주시 경관계획 재정비 (2025.04) §4.3 경관축 (T1) — 선형은 OSM (T4)"}},{"type":"Feature","geometry":{"type":"LineString","coordinates":[[129.2838348,35.6181737],[129.2841767,35.6187479],[129.2844888,35.6192096],[129.2847037,35.6195793],[129.2852926,35.6203437],[129.2863396,35.6215457],[129.2870801,35.6223135],[129.2877468,35.6229662]]},"properties":{"axis":"도로경관축","sub":"울산-포항고속도로 경관축","new":false,"lbl":"","note":"OSM ref 65 motorway","source":"2030 경주시 경관계획 재정비 (2025.04) §4.3 경관축 (T1) — 선형은 OSM (T4)"}},{"type":"Feature","geometry":{"type":"LineString","coordinates":[[129.2876196,35.62328],[129.2870138,35.6225729],[129.2864547,35.6218752],[129.2852065,35.6204699],[129.28463,35.6196639],[129.2843638,35.6192491],[129.2840635,35.6187912],[129.283725,35.6182253]]},"properties":{"axis":"도로경관축","sub":"울산-포항고속도로 경관축","new":false,"lbl":"","note":"OSM ref 65 motorway","source":"2030 경주시 경관계획 재정비 (2025.04) §4.3 경관축 (T1) — 선형은 OSM (T4)"}},{"type":"Feature","geometry":{"type":"LineString","coordinates":[[129.2877468,35.6229662],[129.2885828,35.623845]]},"properties":{"axis":"도로경관축","sub":"울산-포항고속도로 경관축","new":false,"lbl":"","note":"OSM ref 65 motorway","source":"2030 경주시 경관계획 재정비 (2025.04) §4.3 경관축 (T1) — 선형은 OSM (T4)"}},{"type":"Feature","geometry":{"type":"LineString","coordinates":[[129.2885586,35.6243072],[129.2884413,35.6241788]]},"properties":{"axis":"도로경관축","sub":"울산-포항고속도로 경관축","new":false,"lbl":"","note":"OSM ref 65 motorway","source":"2030 경주시 경관계획 재정비 (2025.04) §4.3 경관축 (T1) — 선형은 OSM (T4)"}},{"type":"Feature","geometry":{"type":"LineString","coordinates":[[129.2887032,35.6239716],[129.2887561,35.6240295],[129.2905425,35.625983]]},"properties":{"axis":"도로경관축","sub":"울산-포항고속도로 경관축","new":false,"lbl":"","note":"OSM ref 65 motorway","source":"2030 경주시 경관계획 재정비 (2025.04) §4.3 경관축 (T1) — 선형은 OSM (T4)"}},{"type":"Feature","geometry":{"type":"LineString","coordinates":[[129.2954406,35.6511472],[129.2950901,35.6519577],[129.294225,35.6538065]]},"properties":{"axis":"도로경관축","sub":"울산-포항고속도로 경관축","new":false,"lbl":"","note":"OSM ref 65 motorway","source":"2030 경주시 경관계획 재정비 (2025.04) §4.3 경관축 (T1) — 선형은 OSM (T4)"}},{"type":"Feature","geometry":{"type":"LineString","coordinates":[[129.2903188,35.6262374],[129.2885586,35.6243072]]},"properties":{"axis":"도로경관축","sub":"울산-포항고속도로 경관축","new":false,"lbl":"","note":"OSM ref 65 motorway","source":"2030 경주시 경관계획 재정비 (2025.04) §4.3 경관축 (T1) — 선형은 OSM (T4)"}},{"type":"Feature","geometry":{"type":"LineString","coordinates":[[129.2971547,36.0262276],[129.2977198,36.0264105]]},"properties":{"axis":"도로경관축","sub":"국도 28호선 경관축","new":false,"lbl":"","note":"OSM ref 28 primary","source":"2030 경주시 경관계획 재정비 (2025.04) §4.3 경관축 (T1) — 선형은 OSM (T4)"}},{"type":"Feature","geometry":{"type":"LineString","coordinates":[[129.3774823,36.0244234],[129.3777353,36.0247932],[129.378046,36.0252472],[129.3799884,36.0286582],[129.3801197,36.0288688],[129.3802544,36.0290752],[129.3803678,36.0292389],[129.3804679,36.0293781],[129.3805833,36.029524],[129.3807382,36.0297003],[129.3808813,36.0298687],[129.3810191,36.0300222],[129.3811836,36.0301924],[129.3813323,36.0303418],[129.3814677,36.0304678],[129.3816222,36.0305956],[129.3817602,36.0307087],[129.3820279,36.030915],[129.3821306,36.0309934],[129.3822264,36.0310763],[129.3823117,36.031165],[129.3823699,36.0312403],[129.3824099,36.0313009],[129.3824474,36.0313681],[129.3824801,36.0314463],[129.3825015,36.0315282],[129.3825155,36.0316204],[129.3825141,36.0317169],[129.3824992,36.0318278],[129.3824752,36.031924]]},"properties":{"axis":"도로경관축","sub":"국도 20호선 경관축","new":false,"lbl":"","note":"OSM ref 20 primary","source":"2030 경주시 경관계획 재정비 (2025.04) §4.3 경관축 (T1) — 선형은 OSM (T4)"}},{"type":"Feature","geometry":{"type":"LineString","coordinates":[[129.3776543,36.040107],[129.3773328,36.0408111],[129.3767029,36.0421908],[129.3766606,36.0422836],[129.3766026,36.0424233],[129.3765483,36.0425682],[129.3765013,36.0427136],[129.3764702,36.0428328],[129.3764477,36.0429461],[129.3764313,36.0430693],[129.3764179,36.0431838],[129.3762434,36.0458276],[129.3762419,36.0458429],[129.3762342,36.0459239],[129.3762192,36.0460174],[129.3761927,36.0461167],[129.3761793,36.0461826],[129.3758166,36.0476165]]},"properties":{"axis":"도로경관축","sub":"국도 20호선 경관축","new":false,"lbl":"","note":"OSM ref 20 primary","source":"2030 경주시 경관계획 재정비 (2025.04) §4.3 경관축 (T1) — 선형은 OSM (T4)"}},{"type":"Feature","geometry":{"type":"LineString","coordinates":[[129.3428057,36.012116],[129.3427065,36.0119781],[129.3426899,36.0119564],[129.3425796,36.0118079],[129.3425137,36.0117118],[129.3424554,36.0116397],[129.3423257,36.0114793],[129.3422856,36.0114433],[129.3420662,36.0111869]]},"properties":{"axis":"도로경관축","sub":"국도 7호선 경관축","new":false,"lbl":"","note":"OSM ref 7 primary","source":"2030 경주시 경관계획 재정비 (2025.04) §4.3 경관축 (T1) — 선형은 OSM (T4)"}},{"type":"Feature","geometry":{"type":"LineString","coordinates":[[129.3431128,36.0125618],[129.3430838,36.0124977],[129.3430487,36.0124517],[129.3429032,36.0122579],[129.3428801,36.0122271],[129.3428057,36.012116]]},"properties":{"axis":"도로경관축","sub":"국도 7호선 경관축","new":false,"lbl":"","note":"OSM ref 7 primary","source":"2030 경주시 경관계획 재정비 (2025.04) §4.3 경관축 (T1) — 선형은 OSM (T4)"}},{"type":"Feature","geometry":{"type":"LineString","coordinates":[[129.3583296,36.0345381],[129.3583655,36.0345923],[129.3584941,36.0348355],[129.3586547,36.0352158],[129.3587513,36.0354025],[129.3588864,36.0357072],[129.3591043,36.036111],[129.3591847,36.036225],[129.3592266,36.0362868],[129.3592587,36.036323],[129.3592948,36.0363887]]},"properties":{"axis":"도로경관축","sub":"국도 7호선 경관축","new":false,"lbl":"","note":"OSM ref 7 primary","source":"2030 경주시 경관계획 재정비 (2025.04) §4.3 경관축 (T1) — 선형은 OSM (T4)"}},{"type":"Feature","geometry":{"type":"LineString","coordinates":[[129.3558557,36.0565125],[129.3557577,36.0566272],[129.3554026,36.0570668],[129.3550229,36.0576901],[129.3540377,36.0596581],[129.3535633,36.0607829],[129.3534865,36.0609648],[129.3529194,36.062211],[129.3528316,36.0624092],[129.3527754,36.0625596],[129.3525558,36.0630708],[129.3524945,36.0631993],[129.3521484,36.0639809],[129.351883,36.0646051],[129.3518246,36.064726],[129.3517662,36.0648469],[129.3513819,36.0660712],[129.3510247,36.0667997],[129.35069,36.0673894],[129.3501642,36.0680431],[129.3497548,36.0686082],[129.3494779,36.0692896],[129.3493825,36.0697451],[129.3493743,36.0704986],[129.349348,36.0708635],[129.3493655,36.0713041],[129.349237,36.0720072],[129.3491318,36.0723799],[129.3489867,36.07278],[129.3489264,36.0728767],[129.3488127,36.0730591],[129.348497,36.0735029],[129.3482923,36.0737221],[129.3481179,36.0738671],[129.3479253,36.074014],[129.3477354,36.0741907],[129.3474406,36.0743788],[129.347115,36.0745708],[129.3467279,36.074787],[129.346311,36.0750021],[129.345668,36.0753362],[129.3453645,36.0754907],[129.3450881,36.07564],[129.3447499,36.0758392],[129.3445172,36.0760396],[129.3442178,36.0762922],[129.3440307,36.076498],[129.3439588,36.0765771],[129.343838,36.076709]]},"properties":{"axis":"도로경관축","sub":"국도 7호선 경관축","new":false,"lbl":"","note":"OSM ref 7 primary","source":"2030 경주시 경관계획 재정비 (2025.04) §4.3 경관축 (T1) — 선형은 OSM (T4)"}},{"type":"Feature","geometry":{"type":"LineString","coordinates":[[129.3666925,36.0406577],[129.3669375,36.0410669],[129.3671812,36.0416716],[129.3675923,36.0427183]]},"properties":{"axis":"도로경관축","sub":"국도 20호선 경관축","new":false,"lbl":"","note":"OSM ref 20 primary","source":"2030 경주시 경관계획 재정비 (2025.04) §4.3 경관축 (T1) — 선형은 OSM (T4)"}},{"type":"Feature","geometry":{"type":"LineString","coordinates":[[129.283479,36.0014931],[129.2835316,36.0023546]]},"properties":{"axis":"도로경관축","sub":"국도 28호선 경관축","new":false,"lbl":"","note":"OSM ref 28 primary","source":"2030 경주시 경관계획 재정비 (2025.04) §4.3 경관축 (T1) — 선형은 OSM (T4)"}},{"type":"Feature","geometry":{"type":"LineString","coordinates":[[129.2849715,36.0176768],[129.28497,36.017755],[129.2850048,36.0181497],[129.2850608,36.0184763],[129.2852025,36.0188701],[129.2853185,36.0192537],[129.2856008,36.0197282],[129.2860092,36.0202489],[129.2864102,36.0205223],[129.2866931,36.0207337],[129.2872151,36.0211126],[129.2880648,36.0217683],[129.2889525,36.0223669],[129.2896444,36.0227883],[129.2918908,36.0241388],[129.2930047,36.0247931],[129.2935168,36.0250422],[129.2944341,36.0253763],[129.2960166,36.0258665],[129.2971547,36.0262276]]},"properties":{"axis":"도로경관축","sub":"국도 28호선 경관축","new":false,"lbl":"","note":"OSM ref 28 primary","source":"2030 경주시 경관계획 재정비 (2025.04) §4.3 경관축 (T1) — 선형은 OSM (T4)"}},{"type":"Feature","geometry":{"type":"LineString","coordinates":[[129.2977198,36.0264105],[129.2980927,36.0265135],[129.2986802,36.0266738],[129.2992027,36.0268601],[129.2997653,36.0270535]]},"properties":{"axis":"도로경관축","sub":"국도 28호선 경관축","new":false,"lbl":"","note":"OSM ref 28 primary","source":"2030 경주시 경관계획 재정비 (2025.04) §4.3 경관축 (T1) — 선형은 OSM (T4)"}},{"type":"Feature","geometry":{"type":"LineString","coordinates":[[129.3017434,36.027776],[129.3031473,36.0283116],[129.3033172,36.0283941],[129.3040443,36.0286533],[129.304488,36.0288526],[129.3048823,36.0291217],[129.3052151,36.0293908],[129.3054924,36.0297048],[129.3057777,36.0302291],[129.3058693,36.0305385],[129.3059693,36.0308761],[129.3060525,36.0311134],[129.3068766,36.0334635],[129.3069244,36.033621],[129.3070141,36.0339165],[129.3071835,36.034276],[129.3074334,36.0346331],[129.3078217,36.0349521],[129.3083393,36.0353059],[129.3099661,36.0364071],[129.3103868,36.036708],[129.3106651,36.0369725],[129.3109415,36.037291],[129.3111829,36.0376594],[129.3122734,36.0394653],[129.3128059,36.0402996],[129.3129728,36.040622],[129.3132247,36.0411149],[129.3133967,36.0414452],[129.3135043,36.041822],[129.3135527,36.0423069],[129.3136298,36.0427514],[129.3136362,36.0432655],[129.3136686,36.0436422],[129.313729,36.0445122],[129.3137576,36.044832],[129.3138457,36.0451689],[129.3139143,36.0453235],[129.3140389,36.045586],[129.3141518,36.0457628]]},"properties":{"axis":"도로경관축","sub":"국도 28호선 경관축","new":false,"lbl":"","note":"OSM ref 28 primary","source":"2030 경주시 경관계획 재정비 (2025.04) §4.3 경관축 (T1) — 선형은 OSM (T4)"}},{"type":"Feature","geometry":{"type":"LineString","coordinates":[[129.3012603,36.0276001],[129.3013778,36.0276429],[129.3017434,36.027776]]},"properties":{"axis":"도로경관축","sub":"국도 28호선 경관축","new":false,"lbl":"","note":"OSM ref 28 primary","source":"2030 경주시 경관계획 재정비 (2025.04) §4.3 경관축 (T1) — 선형은 OSM (T4)"}},{"type":"Feature","geometry":{"type":"LineString","coordinates":[[129.319107,36.0552549],[129.3191203,36.055459],[129.3191566,36.0558041],[129.3192835,36.0562864],[129.3197707,36.0583987],[129.3200216,36.0593583],[129.3201977,36.0600784],[129.3203949,36.060573],[129.3206613,36.0610672],[129.3208626,36.0613509],[129.3213255,36.0618234],[129.3221473,36.0625173],[129.3228485,36.0632443],[129.3230048,36.0634099],[129.323369,36.063796],[129.3234872,36.0640017],[129.3236069,36.0642823],[129.3237114,36.0645636],[129.3238031,36.0648375],[129.3239077,36.0654426],[129.3240391,36.0660934],[129.3240979,36.066405],[129.3243622,36.0671897]]},"properties":{"axis":"도로경관축","sub":"국도 28호선 경관축","new":false,"lbl":"","note":"OSM ref 28 primary","source":"2030 경주시 경관계획 재정비 (2025.04) §4.3 경관축 (T1) — 선형은 OSM (T4)"}},{"type":"Feature","geometry":{"type":"LineString","coordinates":[[129.3141518,36.0457628],[129.3142948,36.0459311],[129.3144626,36.0461287]]},"properties":{"axis":"도로경관축","sub":"국도 28호선 경관축","new":false,"lbl":"","note":"OSM ref 28 primary","source":"2030 경주시 경관계획 재정비 (2025.04) §4.3 경관축 (T1) — 선형은 OSM (T4)"}},{"type":"Feature","geometry":{"type":"LineString","coordinates":[[129.1938141,35.7627592],[129.1941628,35.7625178]]},"properties":{"axis":"도로경관축","sub":"국도 7호선 경관축","new":false,"lbl":"","note":"OSM ref 7 trunk","source":"2030 경주시 경관계획 재정비 (2025.04) §4.3 경관축 (T1) — 선형은 OSM (T4)"}},{"type":"Feature","geometry":{"type":"LineString","coordinates":[[129.1971866,35.7604496],[129.1978964,35.7599221],[129.1985402,35.7593299],[129.1989641,35.7587489],[129.1996124,35.7577404],[129.2000782,35.7568865]]},"properties":{"axis":"도로경관축","sub":"국도 7호선 경관축","new":false,"lbl":"","note":"OSM ref 7 trunk","source":"2030 경주시 경관계획 재정비 (2025.04) §4.3 경관축 (T1) — 선형은 OSM (T4)"}},{"type":"Feature","geometry":{"type":"LineString","coordinates":[[129.1956977,35.7614364],[129.1971866,35.7604496]]},"properties":{"axis":"도로경관축","sub":"국도 7호선 경관축","new":false,"lbl":"","note":"OSM ref 7 trunk","source":"2030 경주시 경관계획 재정비 (2025.04) §4.3 경관축 (T1) — 선형은 OSM (T4)"}},{"type":"Feature","geometry":{"type":"LineString","coordinates":[[129.3190993,35.7855465],[129.3194854,35.7855363],[129.32035,35.7855189],[129.3212282,35.7854878]]},"properties":{"axis":"도로경관축","sub":"국도 4호선 경관축","new":false,"lbl":"","note":"OSM ref 4 primary","source":"2030 경주시 경관계획 재정비 (2025.04) §4.3 경관축 (T1) — 선형은 OSM (T4)"}},{"type":"Feature","geometry":{"type":"LineString","coordinates":[[129.0890756,35.8414367],[129.0890889,35.8415682],[129.0890782,35.8416748],[129.0890889,35.8417813],[129.0891105,35.8419099],[129.0911444,35.8494078],[129.0912022,35.8496911],[129.0912428,35.8499877],[129.0912631,35.8503205],[129.091251,35.8506171],[129.0912062,35.8509466],[129.0911331,35.8512761],[129.0909624,35.8518572]]},"properties":{"axis":"도로경관축","sub":"국도 20호선 경관축","new":false,"lbl":"","note":"OSM ref 20 trunk","source":"2030 경주시 경관계획 재정비 (2025.04) §4.3 경관축 (T1) — 선형은 OSM (T4)"}},{"type":"Feature","geometry":{"type":"LineString","coordinates":[[129.0909624,35.8518572],[129.0909135,35.852034]]},"properties":{"axis":"도로경관축","sub":"국도 20호선 경관축","new":false,"lbl":"","note":"OSM ref 20 trunk","source":"2030 경주시 경관계획 재정비 (2025.04) §4.3 경관축 (T1) — 선형은 OSM (T4)"}},{"type":"Feature","geometry":{"type":"LineString","coordinates":[[129.0909135,35.852034],[129.0897955,35.8559783],[129.0897427,35.8562452],[129.0897218,35.8564096]]},"properties":{"axis":"도로경관축","sub":"국도 20호선 경관축","new":false,"lbl":"","note":"OSM ref 20 trunk","source":"2030 경주시 경관계획 재정비 (2025.04) §4.3 경관축 (T1) — 선형은 OSM (T4)"}},{"type":"Feature","geometry":{"type":"LineString","coordinates":[[129.0908726,35.8518295],[129.0910321,35.8512668],[129.0911115,35.8509483],[129.0911588,35.8506243],[129.0911756,35.8503213],[129.0911649,35.8500123],[129.0911191,35.8497078],[129.0910524,35.849421],[129.0895036,35.843718],[129.0890087,35.8419787],[129.0889908,35.8417362],[129.0889961,35.8416384],[129.0890149,35.8415514],[129.0890756,35.8414367]]},"properties":{"axis":"도로경관축","sub":"국도 20호선 경관축","new":false,"lbl":"","note":"OSM ref 20 trunk","source":"2030 경주시 경관계획 재정비 (2025.04) §4.3 경관축 (T1) — 선형은 OSM (T4)"}},{"type":"Feature","geometry":{"type":"LineString","coordinates":[[129.0908187,35.852017],[129.0908726,35.8518295]]},"properties":{"axis":"도로경관축","sub":"국도 20호선 경관축","new":false,"lbl":"","note":"OSM ref 20 trunk","source":"2030 경주시 경관계획 재정비 (2025.04) §4.3 경관축 (T1) — 선형은 OSM (T4)"}},{"type":"Feature","geometry":{"type":"LineString","coordinates":[[129.0895946,35.8565667],[129.0896068,35.8564513],[129.0896195,35.8563806]]},"properties":{"axis":"도로경관축","sub":"국도 20호선 경관축","new":false,"lbl":"","note":"OSM ref 20 trunk","source":"2030 경주시 경관계획 재정비 (2025.04) §4.3 경관축 (T1) — 선형은 OSM (T4)"}},{"type":"Feature","geometry":{"type":"LineString","coordinates":[[129.0896195,35.8563806],[129.0896434,35.856247],[129.0897044,35.8559703],[129.0908187,35.852017]]},"properties":{"axis":"도로경관축","sub":"국도 20호선 경관축","new":false,"lbl":"","note":"OSM ref 20 trunk","source":"2030 경주시 경관계획 재정비 (2025.04) §4.3 경관축 (T1) — 선형은 OSM (T4)"}},{"type":"Feature","geometry":{"type":"LineString","coordinates":[[129.0897032,35.8565895],[129.0896898,35.8567361],[129.0896979,35.8569964],[129.0897467,35.8572337],[129.0898199,35.8574841],[129.0899256,35.8577246],[129.0900354,35.8579289],[129.0902102,35.8581793],[129.0903728,35.8583704],[129.0908645,35.8587887]]},"properties":{"axis":"도로경관축","sub":"국도 20호선 경관축","new":false,"lbl":"","note":"OSM ref 20 trunk","source":"2030 경주시 경관계획 재정비 (2025.04) §4.3 경관축 (T1) — 선형은 OSM (T4)"}},{"type":"Feature","geometry":{"type":"LineString","coordinates":[[129.0897218,35.8564096],[129.0897032,35.8565895]]},"properties":{"axis":"도로경관축","sub":"국도 20호선 경관축","new":false,"lbl":"","note":"OSM ref 20 trunk","source":"2030 경주시 경관계획 재정비 (2025.04) §4.3 경관축 (T1) — 선형은 OSM (T4)"}},{"type":"Feature","geometry":{"type":"LineString","coordinates":[[129.090787,35.8588298],[129.090446,35.8585575],[129.0902451,35.8583558],[129.0900825,35.8581515],[129.0899361,35.8579242],[129.0897979,35.8576771],[129.0897084,35.8574431],[129.0896353,35.8572059],[129.0895905,35.8569423],[129.0895824,35.856682],[129.0895946,35.8565667]]},"properties":{"axis":"도로경관축","sub":"국도 20호선 경관축","new":false,"lbl":"","note":"OSM ref 20 trunk","source":"2030 경주시 경관계획 재정비 (2025.04) §4.3 경관축 (T1) — 선형은 OSM (T4)"}},{"type":"Feature","geometry":{"type":"LineString","coordinates":[[129.0908645,35.8587887],[129.0926927,35.8603793]]},"properties":{"axis":"도로경관축","sub":"국도 20호선 경관축","new":false,"lbl":"","note":"OSM ref 20 trunk","source":"2030 경주시 경관계획 재정비 (2025.04) §4.3 경관축 (T1) — 선형은 OSM (T4)"}},{"type":"Feature","geometry":{"type":"LineString","coordinates":[[129.0926927,35.8603793],[129.0939241,35.8614208],[129.0941299,35.8615818],[129.0944011,35.8617728],[129.0948682,35.8620925],[129.0954545,35.862441],[129.0959546,35.8627052],[129.0964375,35.8629349]]},"properties":{"axis":"도로경관축","sub":"국도 20호선 경관축","new":false,"lbl":"","note":"OSM ref 20 trunk","source":"2030 경주시 경관계획 재정비 (2025.04) §4.3 경관축 (T1) — 선형은 OSM (T4)"}},{"type":"Feature","geometry":{"type":"LineString","coordinates":[[129.0926205,35.8604338],[129.090787,35.8588298]]},"properties":{"axis":"도로경관축","sub":"국도 20호선 경관축","new":false,"lbl":"","note":"OSM ref 20 trunk","source":"2030 경주시 경관계획 재정비 (2025.04) §4.3 경관축 (T1) — 선형은 OSM (T4)"}},{"type":"Feature","geometry":{"type":"LineString","coordinates":[[129.0963887,35.8630041],[129.0957051,35.8626761],[129.0948866,35.8621958],[129.0943253,35.8618263],[129.0940553,35.8616287],[129.0938564,35.8614803],[129.0926205,35.8604338]]},"properties":{"axis":"도로경관축","sub":"국도 20호선 경관축","new":false,"lbl":"","note":"OSM ref 20 trunk","source":"2030 경주시 경관계획 재정비 (2025.04) §4.3 경관축 (T1) — 선형은 OSM (T4)"}},{"type":"Feature","geometry":{"type":"LineString","coordinates":[[129.0964375,35.8629349],[129.0968584,35.8631144],[129.0976655,35.8633964],[129.0983659,35.8636049]]},"properties":{"axis":"도로경관축","sub":"국도 20호선 경관축","new":false,"lbl":"","note":"OSM ref 20 trunk","source":"2030 경주시 경관계획 재정비 (2025.04) §4.3 경관축 (T1) — 선형은 OSM (T4)"}},{"type":"Feature","geometry":{"type":"LineString","coordinates":[[129.0983659,35.8636049],[129.0989675,35.8637351],[129.0995627,35.863847],[129.1002395,35.8639344],[129.1004831,35.8639591]]},"properties":{"axis":"도로경관축","sub":"국도 20호선 경관축","new":false,"lbl":"","note":"OSM ref 20 trunk","source":"2030 경주시 경관계획 재정비 (2025.04) §4.3 경관축 (T1) — 선형은 OSM (T4)"}},{"type":"Feature","geometry":{"type":"LineString","coordinates":[[129.0983387,35.8636829],[129.0977188,35.8634976],[129.0963887,35.8630041]]},"properties":{"axis":"도로경관축","sub":"국도 20호선 경관축","new":false,"lbl":"","note":"OSM ref 20 trunk","source":"2030 경주시 경관계획 재정비 (2025.04) §4.3 경관축 (T1) — 선형은 OSM (T4)"}},{"type":"Feature","geometry":{"type":"LineString","coordinates":[[129.1017294,35.8640108],[129.1033934,35.8638651],[129.1049783,35.8635542],[129.1066967,35.8630289],[129.1080527,35.8623978]]},"properties":{"axis":"도로경관축","sub":"국도 20호선 경관축","new":false,"lbl":"","note":"OSM ref 20 trunk","source":"2030 경주시 경관계획 재정비 (2025.04) §4.3 경관축 (T1) — 선형은 OSM (T4)"}},{"type":"Feature","geometry":{"type":"LineString","coordinates":[[129.1080527,35.8623978],[129.1089,35.861991],[129.1110201,35.8609732],[129.1138199,35.8595881],[129.1147865,35.859111],[129.1152451,35.8589201],[129.1156665,35.8587948],[129.1161002,35.8586994],[129.1165346,35.8586027],[129.1170307,35.8585424],[129.1175163,35.8585148],[129.1181807,35.858529],[129.1186949,35.8585783],[129.1192863,35.8586672],[129.1200909,35.8588021]]},"properties":{"axis":"도로경관축","sub":"국도 20호선 경관축","new":false,"lbl":"","note":"OSM ref 20 trunk","source":"2030 경주시 경관계획 재정비 (2025.04) §4.3 경관축 (T1) — 선형은 OSM (T4)"}},{"type":"Feature","geometry":{"type":"LineString","coordinates":[[129.1017442,35.8641771],[129.101193,35.8641336],[129.100949,35.8641139],[129.1006673,35.8640912],[129.1002097,35.8640332],[129.0995333,35.8639265],[129.098923,35.8638151],[129.0983387,35.8636829]]},"properties":{"axis":"도로경관축","sub":"국도 20호선 경관축","new":false,"lbl":"","note":"OSM ref 20 trunk","source":"2030 경주시 경관계획 재정비 (2025.04) §4.3 경관축 (T1) — 선형은 OSM (T4)"}},{"type":"Feature","geometry":{"type":"LineString","coordinates":[[129.1082355,35.8626437],[129.1067928,35.8632296],[129.1050065,35.86376],[129.1033864,35.8640643],[129.1017442,35.8641771]]},"properties":{"axis":"도로경관축","sub":"국도 20호선 경관축","new":false,"lbl":"","note":"OSM ref 20 trunk","source":"2030 경주시 경관계획 재정비 (2025.04) §4.3 경관축 (T1) — 선형은 OSM (T4)"}},{"type":"Feature","geometry":{"type":"LineString","coordinates":[[129.1200757,35.8588773],[129.1194166,35.858769],[129.1187248,35.8586641],[129.1182277,35.8586123],[129.1178596,35.8585917],[129.117457,35.8585891],[129.1169905,35.8586234],[129.1165158,35.8586889],[129.115921,35.8588195],[129.1154624,35.858945],[129.1148241,35.8591861],[129.1110844,35.8610515],[129.1103978,35.8614123],[129.1095445,35.8619502],[129.109065,35.8622172],[129.1088132,35.8623574],[129.1082355,35.8626437]]},"properties":{"axis":"도로경관축","sub":"국도 20호선 경관축","new":false,"lbl":"","note":"OSM ref 20 trunk","source":"2030 경주시 경관계획 재정비 (2025.04) §4.3 경관축 (T1) — 선형은 OSM (T4)"}},{"type":"Feature","geometry":{"type":"LineString","coordinates":[[129.1200909,35.8588021],[129.1210106,35.8589645]]},"properties":{"axis":"도로경관축","sub":"국도 20호선 경관축","new":false,"lbl":"","note":"OSM ref 20 trunk","source":"2030 경주시 경관계획 재정비 (2025.04) §4.3 경관축 (T1) — 선형은 OSM (T4)"}},{"type":"Feature","geometry":{"type":"LineString","coordinates":[[129.1209789,35.8590372],[129.1200757,35.8588773]]},"properties":{"axis":"도로경관축","sub":"국도 20호선 경관축","new":false,"lbl":"","note":"OSM ref 20 trunk","source":"2030 경주시 경관계획 재정비 (2025.04) §4.3 경관축 (T1) — 선형은 OSM (T4)"}},{"type":"Feature","geometry":{"type":"LineString","coordinates":[[129.1210106,35.8589645],[129.1223537,35.8591773],[129.1241316,35.8594919],[129.1246652,35.8595862],[129.1253203,35.8596843],[129.1258874,35.8597742],[129.126639,35.8598602],[129.1269964,35.8599056],[129.1272501,35.8599377],[129.1279583,35.8600464]]},"properties":{"axis":"도로경관축","sub":"국도 20호선 경관축","new":false,"lbl":"","note":"OSM ref 20 trunk","source":"2030 경주시 경관계획 재정비 (2025.04) §4.3 경관축 (T1) — 선형은 OSM (T4)"}},{"type":"Feature","geometry":{"type":"LineString","coordinates":[[129.1505139,35.8639215],[129.1514763,35.8641288],[129.1532419,35.8645091],[129.1533628,35.8645348]]},"properties":{"axis":"도로경관축","sub":"국도 20호선 경관축","new":false,"lbl":"","note":"OSM ref 20 trunk","source":"2030 경주시 경관계획 재정비 (2025.04) §4.3 경관축 (T1) — 선형은 OSM (T4)"}},{"type":"Feature","geometry":{"type":"LineString","coordinates":[[129.1279583,35.8600464],[129.1505139,35.8639215]]},"properties":{"axis":"도로경관축","sub":"국도 20호선 경관축","new":false,"lbl":"","note":"OSM ref 20 trunk","source":"2030 경주시 경관계획 재정비 (2025.04) §4.3 경관축 (T1) — 선형은 OSM (T4)"}},{"type":"Feature","geometry":{"type":"LineString","coordinates":[[129.1502369,35.8641502],[129.1279321,35.8603327]]},"properties":{"axis":"도로경관축","sub":"국도 20호선 경관축","new":false,"lbl":"","note":"OSM ref 20 trunk","source":"2030 경주시 경관계획 재정비 (2025.04) §4.3 경관축 (T1) — 선형은 OSM (T4)"}},{"type":"Feature","geometry":{"type":"LineString","coordinates":[[129.1279321,35.8603327],[129.1270219,35.8601479],[129.1269662,35.8601361],[129.125725,35.8598718],[129.1248024,35.8596932],[129.1241813,35.8595934],[129.1223254,35.8592574],[129.1209789,35.8590372]]},"properties":{"axis":"도로경관축","sub":"국도 20호선 경관축","new":false,"lbl":"","note":"OSM ref 20 trunk","source":"2030 경주시 경관계획 재정비 (2025.04) §4.3 경관축 (T1) — 선형은 OSM (T4)"}},{"type":"Feature","geometry":{"type":"LineString","coordinates":[[129.1534549,35.8646122],[129.1533459,35.8645936],[129.1529519,35.8645234],[129.1523919,35.8644417],[129.1516103,35.86434],[129.1514106,35.8643128],[129.15093,35.8642474],[129.1502369,35.8641502]]},"properties":{"axis":"도로경관축","sub":"국도 20호선 경관축","new":false,"lbl":"","note":"OSM ref 20 trunk","source":"2030 경주시 경관계획 재정비 (2025.04) §4.3 경관축 (T1) — 선형은 OSM (T4)"}},{"type":"Feature","geometry":{"type":"LineString","coordinates":[[129.1608993,35.8680493],[129.1618356,35.8699034],[129.1628273,35.8719559],[129.1634297,35.8732796],[129.1642664,35.8750877],[129.1650145,35.8766919],[129.1652977,35.877254],[129.1656233,35.8778332],[129.1660055,35.8784555],[129.1679188,35.8812539],[129.1684674,35.8820453],[129.1686939,35.882421],[129.1688567,35.882768],[129.1690159,35.8831866],[129.1691433,35.8836339],[129.1694004,35.8847703]]},"properties":{"axis":"도로경관축","sub":"국도 7호선 경관축","new":false,"lbl":"","note":"OSM ref 7;20 trunk","source":"2030 경주시 경관계획 재정비 (2025.04) §4.3 경관축 (T1) — 선형은 OSM (T4)"}},{"type":"Feature","geometry":{"type":"LineString","coordinates":[[129.1694004,35.8847703],[129.1697216,35.8863725]]},"properties":{"axis":"도로경관축","sub":"국도 7호선 경관축","new":false,"lbl":"","note":"OSM ref 7;20 trunk","source":"2030 경주시 경관계획 재정비 (2025.04) §4.3 경관축 (T1) — 선형은 OSM (T4)"}},{"type":"Feature","geometry":{"type":"LineString","coordinates":[[129.1696228,35.8863856],[129.1695497,35.8860147],[129.1693081,35.8847888]]},"properties":{"axis":"도로경관축","sub":"국도 7호선 경관축","new":false,"lbl":"","note":"OSM ref 7;20 trunk","source":"2030 경주시 경관계획 재정비 (2025.04) §4.3 경관축 (T1) — 선형은 OSM (T4)"}},{"type":"Feature","geometry":{"type":"LineString","coordinates":[[129.1697216,35.8863725],[129.169935,35.88761],[129.1700265,35.8881413],[129.170364,35.8897354],[129.1705022,35.8903612],[129.1706567,35.8908519]]},"properties":{"axis":"도로경관축","sub":"국도 7호선 경관축","new":false,"lbl":"","note":"OSM ref 7;20 trunk","source":"2030 경주시 경관계획 재정비 (2025.04) §4.3 경관축 (T1) — 선형은 OSM (T4)"}},{"type":"Feature","geometry":{"type":"LineString","coordinates":[[129.1693081,35.8847888],[129.1690548,35.8836499],[129.168926,35.8832196],[129.1687651,35.8827936],[129.1686015,35.8824503],[129.1683842,35.8820721],[129.167821,35.8812702],[129.1658875,35.8785122],[129.1655227,35.8779037],[129.1651553,35.8772886],[129.1648763,35.8767627],[129.1641482,35.8751494],[129.1633213,35.8733199],[129.1627135,35.8719869],[129.1617221,35.8699279],[129.1609117,35.8683511]]},"properties":{"axis":"도로경관축","sub":"국도 7호선 경관축","new":false,"lbl":"","note":"OSM ref 7;20 trunk","source":"2030 경주시 경관계획 재정비 (2025.04) §4.3 경관축 (T1) — 선형은 OSM (T4)"}},{"type":"Feature","geometry":{"type":"LineString","coordinates":[[129.1706567,35.8908519],[129.1708018,35.8912404]]},"properties":{"axis":"도로경관축","sub":"국도 7호선 경관축","new":false,"lbl":"","note":"OSM ref 7;20 trunk","source":"2030 경주시 경관계획 재정비 (2025.04) §4.3 경관축 (T1) — 선형은 OSM (T4)"}},{"type":"Feature","geometry":{"type":"LineString","coordinates":[[129.1708018,35.8912404],[129.1709482,35.8915599],[129.171123,35.8918893],[129.1713344,35.8922252],[129.1715743,35.8925546],[129.1718467,35.8928839],[129.1719808,35.8930464],[129.1722491,35.8933714]]},"properties":{"axis":"도로경관축","sub":"국도 7호선 경관축","new":false,"lbl":"","note":"OSM ref 7;20 trunk","source":"2030 경주시 경관계획 재정비 (2025.04) §4.3 경관축 (T1) — 선형은 OSM (T4)"}},{"type":"Feature","geometry":{"type":"LineString","coordinates":[[129.1705579,35.8908716],[129.1704115,35.8903874],[129.1702693,35.889755],[129.1699278,35.8881675],[129.1698828,35.887905],[129.1696228,35.8863856]]},"properties":{"axis":"도로경관축","sub":"국도 7호선 경관축","new":false,"lbl":"","note":"OSM ref 7;20 trunk","source":"2030 경주시 경관계획 재정비 (2025.04) §4.3 경관축 (T1) — 선형은 OSM (T4)"}},{"type":"Feature","geometry":{"type":"LineString","coordinates":[[129.1707165,35.8912701],[129.1705579,35.8908716]]},"properties":{"axis":"도로경관축","sub":"국도 7호선 경관축","new":false,"lbl":"","note":"OSM ref 7;20 trunk","source":"2030 경주시 경관계획 재정비 (2025.04) §4.3 경관축 (T1) — 선형은 OSM (T4)"}},{"type":"Feature","geometry":{"type":"LineString","coordinates":[[129.1721678,35.8934076],[129.1718705,35.893059],[129.1717857,35.8929597],[129.171436,35.8925249],[129.1712206,35.8922285],[129.1710254,35.8919057],[129.1708628,35.8915929],[129.1707165,35.8912701]]},"properties":{"axis":"도로경관축","sub":"국도 7호선 경관축","new":false,"lbl":"","note":"OSM ref 7;20 trunk","source":"2030 경주시 경관계획 재정비 (2025.04) §4.3 경관축 (T1) — 선형은 OSM (T4)"}},{"type":"Feature","geometry":{"type":"LineString","coordinates":[[129.1722491,35.8933714],[129.172798,35.8940498]]},"properties":{"axis":"도로경관축","sub":"국도 7호선 경관축","new":false,"lbl":"","note":"OSM ref 7;20 trunk","source":"2030 경주시 경관계획 재정비 (2025.04) §4.3 경관축 (T1) — 선형은 OSM (T4)"}},{"type":"Feature","geometry":{"type":"LineString","coordinates":[[129.174103,35.8957393],[129.1727289,35.8940893]]},"properties":{"axis":"도로경관축","sub":"국도 7호선 경관축","new":false,"lbl":"","note":"OSM ref 7;20 trunk","source":"2030 경주시 경관계획 재정비 (2025.04) §4.3 경관축 (T1) — 선형은 OSM (T4)"}},{"type":"Feature","geometry":{"type":"LineString","coordinates":[[129.174168,35.8956965],[129.1749161,35.8966022]]},"properties":{"axis":"도로경관축","sub":"국도 7호선 경관축","new":false,"lbl":"","note":"OSM ref 7;20 trunk","source":"2030 경주시 경관계획 재정비 (2025.04) §4.3 경관축 (T1) — 선형은 OSM (T4)"}},{"type":"Feature","geometry":{"type":"LineString","coordinates":[[129.1727289,35.8940893],[129.1721678,35.8934076]]},"properties":{"axis":"도로경관축","sub":"국도 7호선 경관축","new":false,"lbl":"","note":"OSM ref 7;20 trunk","source":"2030 경주시 경관계획 재정비 (2025.04) §4.3 경관축 (T1) — 선형은 OSM (T4)"}},{"type":"Feature","geometry":{"type":"LineString","coordinates":[[129.172798,35.8940498],[129.174168,35.8956965]]},"properties":{"axis":"도로경관축","sub":"국도 7호선 경관축","new":false,"lbl":"","note":"OSM ref 7;20 trunk","source":"2030 경주시 경관계획 재정비 (2025.04) §4.3 경관축 (T1) — 선형은 OSM (T4)"}},{"type":"Feature","geometry":{"type":"LineString","coordinates":[[129.1749161,35.8966022],[129.1758064,35.8977351],[129.1762536,35.8982719],[129.1766886,35.8987494],[129.1777416,35.899767],[129.1787864,35.9008241],[129.1802378,35.9023126],[129.1810671,35.9031754],[129.1822624,35.9044037],[129.1832345,35.9054147],[129.1838346,35.9060425],[129.1845187,35.9066627],[129.1856818,35.9077022],[129.1871491,35.909106],[129.1886127,35.9105252],[129.1899787,35.9116546],[129.1906942,35.9123494]]},"properties":{"axis":"도로경관축","sub":"국도 7호선 경관축","new":false,"lbl":"","note":"OSM ref 7;20 trunk","source":"2030 경주시 경관계획 재정비 (2025.04) §4.3 경관축 (T1) — 선형은 OSM (T4)"}},{"type":"Feature","geometry":{"type":"LineString","coordinates":[[129.1748348,35.8966384],[129.174103,35.8957393]]},"properties":{"axis":"도로경관축","sub":"국도 7호선 경관축","new":false,"lbl":"","note":"OSM ref 7;20 trunk","source":"2030 경주시 경관계획 재정비 (2025.04) §4.3 경관축 (T1) — 선형은 OSM (T4)"}},{"type":"Feature","geometry":{"type":"LineString","coordinates":[[129.1906942,35.9123494],[129.1941025,35.91558]]},"properties":{"axis":"도로경관축","sub":"국도 7호선 경관축","new":false,"lbl":"","note":"OSM ref 7;20 trunk","source":"2030 경주시 경관계획 재정비 (2025.04) §4.3 경관축 (T1) — 선형은 OSM (T4)"}},{"type":"Feature","geometry":{"type":"LineString","coordinates":[[129.1938427,35.9157689],[129.1906261,35.9127121]]},"properties":{"axis":"도로경관축","sub":"국도 7호선 경관축","new":false,"lbl":"","note":"OSM ref 7;20 trunk","source":"2030 경주시 경관계획 재정비 (2025.04) §4.3 경관축 (T1) — 선형은 OSM (T4)"}},{"type":"Feature","geometry":{"type":"LineString","coordinates":[[129.1941025,35.91558],[129.1944423,35.9158609],[129.1955748,35.917059],[129.1993585,35.9205594],[129.2009603,35.9220835],[129.2022539,35.9232823],[129.2023535,35.9233739],[129.2033513,35.9242921],[129.2034434,35.9243821],[129.2034724,35.9244103],[129.2040752,35.9249992],[129.2044721,35.9253887],[129.205266,35.9260921],[129.2059137,35.9266996],[129.2060926,35.9268674],[129.2066717,35.9274686],[129.2072601,35.9280056],[129.208988,35.9295523],[129.2095858,35.9300741],[129.210375,35.930717],[129.2111175,35.931235],[129.2121076,35.9317946],[129.2130883,35.9322749],[129.2143912,35.9327627],[129.2153672,35.9330576],[129.2160677,35.9332202],[129.217366,35.9334471],[129.2186222,35.9335832],[129.2203034,35.933708],[129.2219566,35.9338177],[129.2230307,35.9339349],[129.2238517,35.9340482],[129.2242355,35.9341013],[129.2269955,35.9345815],[129.2283721,35.9348279],[129.229375,35.9350059],[129.230651,35.9352325]]},"properties":{"axis":"도로경관축","sub":"국도 7호선 경관축","new":false,"lbl":"","note":"OSM ref 7;20 trunk","source":"2030 경주시 경관계획 재정비 (2025.04) §4.3 경관축 (T1) — 선형은 OSM (T4)"}},{"type":"Feature","geometry":{"type":"LineString","coordinates":[[129.230651,35.9352325],[129.2328226,35.9356182]]},"properties":{"axis":"도로경관축","sub":"국도 7호선 경관축","new":false,"lbl":"","note":"OSM ref 7;20 trunk","source":"2030 경주시 경관계획 재정비 (2025.04) §4.3 경관축 (T1) — 선형은 OSM (T4)"}},{"type":"Feature","geometry":{"type":"LineString","coordinates":[[129.2327899,35.9356976],[129.2306184,35.9353081]]},"properties":{"axis":"도로경관축","sub":"국도 7호선 경관축","new":false,"lbl":"","note":"OSM ref 7;20 trunk","source":"2030 경주시 경관계획 재정비 (2025.04) §4.3 경관축 (T1) — 선형은 OSM (T4)"}},{"type":"Feature","geometry":{"type":"LineString","coordinates":[[129.2328226,35.9356182],[129.2386181,35.9366542]]},"properties":{"axis":"도로경관축","sub":"국도 7호선 경관축","new":false,"lbl":"","note":"OSM ref 7;20 trunk","source":"2030 경주시 경관계획 재정비 (2025.04) §4.3 경관축 (T1) — 선형은 OSM (T4)"}},{"type":"Feature","geometry":{"type":"LineString","coordinates":[[129.2306184,35.9353081],[129.2293514,35.9350843],[129.2283487,35.9349073],[129.2269524,35.9346615],[129.2242205,35.9341813],[129.2237871,35.9341333],[129.2230156,35.9340111],[129.2219368,35.9338977],[129.2202743,35.9337918],[129.2186258,35.9336633],[129.2173369,35.9335196],[129.2160526,35.9333002],[129.2153288,35.9331263],[129.2143621,35.9328351],[129.2130311,35.9323398],[129.2120364,35.9318596],[129.2110417,35.9312961],[129.2102805,35.9307554],[129.209496,35.9301277],[129.2088842,35.929602],[129.2071937,35.928063],[129.2065819,35.9274995],[129.2060168,35.9269096],[129.2058494,35.9267566],[129.2051809,35.9261457],[129.2043823,35.9254423],[129.2041777,35.9252381],[129.2039807,35.9250415],[129.2032568,35.9243381],[129.2025946,35.9237199],[129.2021874,35.9233397],[129.2008705,35.9221333],[129.1992687,35.920613],[129.1954778,35.9171275],[129.1945788,35.9163708],[129.1938427,35.9157689]]},"properties":{"axis":"도로경관축","sub":"국도 7호선 경관축","new":false,"lbl":"국도 7호선 경관축","note":"OSM ref 7;20 trunk","source":"2030 경주시 경관계획 재정비 (2025.04) §4.3 경관축 (T1) — 선형은 OSM (T4)"}},{"type":"Feature","geometry":{"type":"LineString","coordinates":[[129.2386181,35.9366542],[129.2424008,35.937331]]},"properties":{"axis":"도로경관축","sub":"국도 7호선 경관축","new":false,"lbl":"","note":"OSM ref 7;20 trunk","source":"2030 경주시 경관계획 재정비 (2025.04) §4.3 경관축 (T1) — 선형은 OSM (T4)"}},{"type":"Feature","geometry":{"type":"LineString","coordinates":[[129.2424003,35.937418],[129.2385947,35.9367412]]},"properties":{"axis":"도로경관축","sub":"국도 7호선 경관축","new":false,"lbl":"","note":"OSM ref 7;20 trunk","source":"2030 경주시 경관계획 재정비 (2025.04) §4.3 경관축 (T1) — 선형은 OSM (T4)"}},{"type":"Feature","geometry":{"type":"LineString","coordinates":[[129.2424008,35.937331],[129.2440325,35.9376275]]},"properties":{"axis":"도로경관축","sub":"국도 7호선 경관축","new":false,"lbl":"","note":"OSM ref 7;20 trunk","source":"2030 경주시 경관계획 재정비 (2025.04) §4.3 경관축 (T1) — 선형은 OSM (T4)"}},{"type":"Feature","geometry":{"type":"LineString","coordinates":[[129.2385947,35.9367412],[129.2327899,35.9356976]]},"properties":{"axis":"도로경관축","sub":"국도 7호선 경관축","new":false,"lbl":"","note":"OSM ref 7;20 trunk","source":"2030 경주시 경관계획 재정비 (2025.04) §4.3 경관축 (T1) — 선형은 OSM (T4)"}},{"type":"Feature","geometry":{"type":"LineString","coordinates":[[129.2456801,35.9380008],[129.2442564,35.9377351],[129.2441183,35.9377115]]},"properties":{"axis":"도로경관축","sub":"국도 20호선 경관축","new":false,"lbl":"","note":"OSM ref 20 trunk","source":"2030 경주시 경관계획 재정비 (2025.04) §4.3 경관축 (T1) — 선형은 OSM (T4)"}},{"type":"Feature","geometry":{"type":"LineString","coordinates":[[129.2460384,35.9380673],[129.2457415,35.9380123]]},"properties":{"axis":"도로경관축","sub":"국도 20호선 경관축","new":false,"lbl":"","note":"OSM ref 20 trunk","source":"2030 경주시 경관계획 재정비 (2025.04) §4.3 경관축 (T1) — 선형은 OSM (T4)"}},{"type":"Feature","geometry":{"type":"LineString","coordinates":[[129.2457447,35.9379621],[129.2460826,35.9380232]]},"properties":{"axis":"도로경관축","sub":"국도 20호선 경관축","new":false,"lbl":"","note":"OSM ref 20 trunk","source":"2030 경주시 경관계획 재정비 (2025.04) §4.3 경관축 (T1) — 선형은 OSM (T4)"}},{"type":"Feature","geometry":{"type":"LineString","coordinates":[[129.2460826,35.9380232],[129.2474507,35.938273]]},"properties":{"axis":"도로경관축","sub":"국도 20호선 경관축","new":false,"lbl":"","note":"OSM ref 20 trunk","source":"2030 경주시 경관계획 재정비 (2025.04) §4.3 경관축 (T1) — 선형은 OSM (T4)"}},{"type":"Feature","geometry":{"type":"LineString","coordinates":[[129.2474486,35.9383509],[129.2466908,35.9381985],[129.2460384,35.9380673]]},"properties":{"axis":"도로경관축","sub":"국도 20호선 경관축","new":false,"lbl":"","note":"OSM ref 20 trunk","source":"2030 경주시 경관계획 재정비 (2025.04) §4.3 경관축 (T1) — 선형은 OSM (T4)"}},{"type":"Feature","geometry":{"type":"LineString","coordinates":[[129.2490408,35.9386618],[129.2474486,35.9383509]]},"properties":{"axis":"도로경관축","sub":"국도 20호선 경관축","new":false,"lbl":"","note":"OSM ref 20 trunk","source":"2030 경주시 경관계획 재정비 (2025.04) §4.3 경관축 (T1) — 선형은 OSM (T4)"}},{"type":"Feature","geometry":{"type":"LineString","coordinates":[[129.2474507,35.938273],[129.2490664,35.9385893]]},"properties":{"axis":"도로경관축","sub":"국도 20호선 경관축","new":false,"lbl":"","note":"OSM ref 20 trunk","source":"2030 경주시 경관계획 재정비 (2025.04) §4.3 경관축 (T1) — 선형은 OSM (T4)"}},{"type":"Feature","geometry":{"type":"LineString","coordinates":[[129.2490664,35.9385893],[129.2496924,35.9386913],[129.2503307,35.938767],[129.2509121,35.9388197],[129.2531318,35.9389217],[129.2539937,35.9390106],[129.254697,35.9391159],[129.2555101,35.9392673],[129.2561931,35.9394122],[129.2570957,35.9396623],[129.2606855,35.9407518],[129.2612628,35.9409197],[129.2620067,35.9410876],[129.2643607,35.9416142],[129.2651575,35.9417886],[129.2665641,35.9420454],[129.2673732,35.9422626],[129.2692799,35.9427958],[129.2697962,35.9429933],[129.2703433,35.943275],[129.2709888,35.9435399],[129.2725299,35.9441723],[129.2729432,35.944313],[129.2742741,35.9447659]]},"properties":{"axis":"도로경관축","sub":"국도 20호선 경관축","new":false,"lbl":"","note":"OSM ref 20 trunk","source":"2030 경주시 경관계획 재정비 (2025.04) §4.3 경관축 (T1) — 선형은 OSM (T4)"}},{"type":"Feature","geometry":{"type":"LineString","coordinates":[[129.274376,35.9449578],[129.2724711,35.9442468],[129.2703005,35.9433548],[129.2697448,35.9430901],[129.2692358,35.9428935],[129.267341,35.9423574],[129.2670892,35.9422917],[129.2665042,35.9421391],[129.2651485,35.9418747],[129.2643228,35.9417151],[129.2619566,35.9411763],[129.2612479,35.9409967],[129.2606564,35.940842],[129.2570516,35.9397394],[129.256158,35.93949],[129.2554741,35.9393453],[129.2546483,35.9391857],[129.2539767,35.9390859],[129.2531263,35.9390011],[129.2509018,35.9388813],[129.2503349,35.9388414],[129.2496509,35.9387516],[129.2490408,35.9386618]]},"properties":{"axis":"도로경관축","sub":"국도 20호선 경관축","new":false,"lbl":"","note":"OSM ref 20 trunk","source":"2030 경주시 경관계획 재정비 (2025.04) §4.3 경관축 (T1) — 선형은 OSM (T4)"}},{"type":"Feature","geometry":{"type":"LineString","coordinates":[[129.2757285,35.9453751],[129.274376,35.9449578]]},"properties":{"axis":"도로경관축","sub":"국도 20호선 경관축","new":false,"lbl":"","note":"OSM ref 20 trunk","source":"2030 경주시 경관계획 재정비 (2025.04) §4.3 경관축 (T1) — 선형은 OSM (T4)"}},{"type":"Feature","geometry":{"type":"LineString","coordinates":[[129.2742741,35.9447659],[129.2756545,35.9451157]]},"properties":{"axis":"도로경관축","sub":"국도 20호선 경관축","new":false,"lbl":"","note":"OSM ref 20 trunk","source":"2030 경주시 경관계획 재정비 (2025.04) §4.3 경관축 (T1) — 선형은 OSM (T4)"}},{"type":"Feature","geometry":{"type":"LineString","coordinates":[[129.2756545,35.9451157],[129.2765481,35.9453152]]},"properties":{"axis":"도로경관축","sub":"국도 20호선 경관축","new":false,"lbl":"","note":"OSM ref 20 trunk","source":"2030 경주시 경관계획 재정비 (2025.04) §4.3 경관축 (T1) — 선형은 OSM (T4)"}},{"type":"Feature","geometry":{"type":"LineString","coordinates":[[129.2896461,35.9481886],[129.2900437,35.948269]]},"properties":{"axis":"도로경관축","sub":"국도 20호선 경관축","new":false,"lbl":"","note":"OSM ref 20 trunk","source":"2030 경주시 경관계획 재정비 (2025.04) §4.3 경관축 (T1) — 선형은 OSM (T4)"}},{"type":"Feature","geometry":{"type":"LineString","coordinates":[[129.2765481,35.9453152],[129.2896461,35.9481886]]},"properties":{"axis":"도로경관축","sub":"국도 20호선 경관축","new":false,"lbl":"","note":"OSM ref 20 trunk","source":"2030 경주시 경관계획 재정비 (2025.04) §4.3 경관축 (T1) — 선형은 OSM (T4)"}},{"type":"Feature","geometry":{"type":"LineString","coordinates":[[129.2898913,35.9485],[129.2765481,35.9456195]]},"properties":{"axis":"도로경관축","sub":"국도 20호선 경관축","new":false,"lbl":"","note":"OSM ref 20 trunk","source":"2030 경주시 경관계획 재정비 (2025.04) §4.3 경관축 (T1) — 선형은 OSM (T4)"}},{"type":"Feature","geometry":{"type":"LineString","coordinates":[[129.2765481,35.9456195],[129.2757285,35.9453751]]},"properties":{"axis":"도로경관축","sub":"국도 20호선 경관축","new":false,"lbl":"","note":"OSM ref 20 trunk","source":"2030 경주시 경관계획 재정비 (2025.04) §4.3 경관축 (T1) — 선형은 OSM (T4)"}},{"type":"Feature","geometry":{"type":"LineString","coordinates":[[129.2974123,35.9499178],[129.2961698,35.9497935],[129.295476,35.9496752],[129.2945505,35.9495043],[129.2941322,35.9494178],[129.2939192,35.9493741]]},"properties":{"axis":"도로경관축","sub":"국도 20호선 경관축","new":false,"lbl":"","note":"OSM ref 20 trunk","source":"2030 경주시 경관계획 재정비 (2025.04) §4.3 경관축 (T1) — 선형은 OSM (T4)"}},{"type":"Feature","geometry":{"type":"LineString","coordinates":[[129.2980057,35.9499675],[129.2974123,35.9499178]]},"properties":{"axis":"도로경관축","sub":"국도 20호선 경관축","new":false,"lbl":"","note":"OSM ref 20 trunk","source":"2030 경주시 경관계획 재정비 (2025.04) §4.3 경관축 (T1) — 선형은 OSM (T4)"}},{"type":"Feature","geometry":{"type":"LineString","coordinates":[[129.2975116,35.9498011],[129.2981193,35.9498743]]},"properties":{"axis":"도로경관축","sub":"국도 20호선 경관축","new":false,"lbl":"","note":"OSM ref 20 trunk","source":"2030 경주시 경관계획 재정비 (2025.04) §4.3 경관축 (T1) — 선형은 OSM (T4)"}},{"type":"Feature","geometry":{"type":"LineString","coordinates":[[129.2981193,35.9498743],[129.2989329,35.9499586],[129.2994579,35.95002],[129.3001113,35.9501102],[129.3006284,35.950207],[129.3011165,35.9503246],[129.3016128,35.9504625],[129.3020771,35.9506105],[129.3024744,35.9507486],[129.3032308,35.9510635],[129.3035889,35.9512223],[129.3043274,35.9515808],[129.3048265,35.9518558],[129.3059307,35.9523543],[129.3067518,35.9526838],[129.3075658,35.9529617],[129.3099158,35.9537324],[129.3117112,35.9544096],[129.3130831,35.9549363],[129.314372,35.9553975],[129.3163071,35.9560921],[129.3174483,35.9565383],[129.317764,35.9566609],[129.3197084,35.9575248],[129.3200344,35.9577625],[129.3208275,35.9583239],[129.3216539,35.9589689],[129.3221814,35.9593421],[129.3231221,35.9599751],[129.3236717,35.9603155],[129.324262,35.9606291],[129.3249555,35.9609247],[129.325804,35.9612561],[129.3267041,35.9615159],[129.32763,35.9618055],[129.3296763,35.9623222],[129.3318586,35.9629636],[129.3326553,35.9631797],[129.3342444,35.963629],[129.3360411,35.9641949],[129.3368716,35.9645379],[129.3380364,35.9650303],[129.3394456,35.9656573],[129.3405198,35.9661046],[129.3411794,35.9663736],[129.3415183,35.9665182],[129.3418202,35.9666416],[129.3425517,35.966983],[129.3441808,35.9675851],[129.3449775,35.967853]]},"properties":{"axis":"도로경관축","sub":"국도 20호선 경관축","new":false,"lbl":"","note":"OSM ref 20 trunk","source":"2030 경주시 경관계획 재정비 (2025.04) §4.3 경관축 (T1) — 선형은 OSM (T4)"}},{"type":"Feature","geometry":{"type":"LineString","coordinates":[[129.3489596,35.9690238],[129.3497647,35.969269],[129.3506818,35.9695444],[129.3519325,35.9699114],[129.3526432,35.9701197],[129.3534425,35.9703642],[129.3538512,35.9704979],[129.3542458,35.9706366],[129.3566243,35.9715382],[129.3578803,35.9720348],[129.35813,35.9721396],[129.3603985,35.9732115],[129.360924,35.9734598]]},"properties":{"axis":"도로경관축","sub":"국도 20호선 경관축","new":false,"lbl":"","note":"OSM ref 20 trunk","source":"2030 경주시 경관계획 재정비 (2025.04) §4.3 경관축 (T1) — 선형은 OSM (T4)"}},{"type":"Feature","geometry":{"type":"LineString","coordinates":[[129.3477878,35.9686712],[129.3489596,35.9690238]]},"properties":{"axis":"도로경관축","sub":"국도 20호선 경관축","new":false,"lbl":"","note":"OSM ref 20 trunk","source":"2030 경주시 경관계획 재정비 (2025.04) §4.3 경관축 (T1) — 선형은 OSM (T4)"}},{"type":"Feature","geometry":{"type":"LineString","coordinates":[[129.3476962,35.9687562],[129.3460101,35.9682651],[129.3449347,35.9679364],[129.3445223,35.9677991],[129.3443036,35.9677263],[129.3426139,35.9670688],[129.3422197,35.9669086],[129.3410894,35.9664169],[129.3402405,35.9660672],[129.3391772,35.9656217],[129.337959,35.965118],[129.3367904,35.9646201],[129.336002,35.9642852],[129.3342183,35.9637331],[129.3318196,35.9630316],[129.3296222,35.9624071],[129.3275813,35.9619093],[129.3266364,35.9616015],[129.3257697,35.96133],[129.324903,35.9610041],[129.3241929,35.9606918],[129.3236114,35.9603705],[129.3230411,35.960022],[129.3220905,35.9593929],[129.3215817,35.9590354],[129.3207542,35.9583927],[129.3199714,35.9578405],[129.3193173,35.9574765],[129.3189078,35.957313],[129.3161959,35.9562096],[129.3152456,35.9558302],[129.3142973,35.9554731],[129.3129897,35.9550119],[129.3116214,35.9544886],[129.3098521,35.9538155],[129.3075269,35.9530276],[129.3067305,35.9527726],[129.3058422,35.952403],[129.3047804,35.9519074],[129.3042686,35.9516333],[129.3035831,35.9513107],[129.302894,35.9510078],[129.3024318,35.9508255],[129.30204,35.9506905],[129.3009951,35.9503921],[129.3005326,35.9502862],[129.3001779,35.9502191],[129.2998055,35.9501595],[129.2994401,35.9501142],[129.2988759,35.9500512],[129.2980057,35.9499675]]},"properties":{"axis":"도로경관축","sub":"국도 20호선 경관축","new":false,"lbl":"","note":"OSM ref 20 trunk","source":"2030 경주시 경관계획 재정비 (2025.04) §4.3 경관축 (T1) — 선형은 OSM (T4)"}},{"type":"Feature","geometry":{"type":"LineString","coordinates":[[129.3488309,35.9691041],[129.3476962,35.9687562]]},"properties":{"axis":"도로경관축","sub":"국도 20호선 경관축","new":false,"lbl":"","note":"OSM ref 20 trunk","source":"2030 경주시 경관계획 재정비 (2025.04) §4.3 경관축 (T1) — 선형은 OSM (T4)"}},{"type":"Feature","geometry":{"type":"LineString","coordinates":[[129.3627141,35.9742625],[129.364463,35.9750919],[129.36542,35.9755493],[129.3661586,35.9758664],[129.3669197,35.9761731],[129.3674859,35.9764013],[129.3676475,35.9765448]]},"properties":{"axis":"도로경관축","sub":"국도 20호선 경관축","new":false,"lbl":"","note":"OSM ref 20 trunk","source":"2030 경주시 경관계획 재정비 (2025.04) §4.3 경관축 (T1) — 선형은 OSM (T4)"}},{"type":"Feature","geometry":{"type":"LineString","coordinates":[[129.3615312,35.9738927],[129.3609111,35.9736157]]},"properties":{"axis":"도로경관축","sub":"국도 20호선 경관축","new":false,"lbl":"","note":"OSM ref 20 trunk","source":"2030 경주시 경관계획 재정비 (2025.04) §4.3 경관축 (T1) — 선형은 OSM (T4)"}},{"type":"Feature","geometry":{"type":"LineString","coordinates":[[129.3609111,35.9736157],[129.3580786,35.9722278],[129.3578324,35.9721234],[129.3568647,35.9717132],[129.3542166,35.9707099],[129.3538709,35.9705902],[129.3535088,35.9704742],[129.3530462,35.9703349],[129.3526325,35.9702123],[129.3519759,35.9700159],[129.3507421,35.9696548],[129.3495133,35.9693011],[129.3488309,35.9691041]]},"properties":{"axis":"도로경관축","sub":"국도 20호선 경관축","new":false,"lbl":"","note":"OSM ref 20 trunk","source":"2030 경주시 경관계획 재정비 (2025.04) §4.3 경관축 (T1) — 선형은 OSM (T4)"}},{"type":"Feature","geometry":{"type":"LineString","coordinates":[[129.360924,35.9734598],[129.3613783,35.9736865],[129.3615508,35.9737726]]},"properties":{"axis":"도로경관축","sub":"국도 20호선 경관축","new":false,"lbl":"","note":"OSM ref 20 trunk","source":"2030 경주시 경관계획 재정비 (2025.04) §4.3 경관축 (T1) — 선형은 OSM (T4)"}},{"type":"Feature","geometry":{"type":"LineString","coordinates":[[129.3702379,35.981891],[129.369985,35.9815529],[129.3691452,35.9804299],[129.3689971,35.9801942],[129.368915,35.9800267],[129.3688048,35.9797126],[129.3686828,35.9792397],[129.3686187,35.9787647],[129.3685993,35.9786212],[129.36858,35.9780754],[129.3685415,35.9777947],[129.3684875,35.9775805],[129.3684281,35.9774576],[129.3683295,35.9773113],[129.3679743,35.9768238],[129.3678352,35.9766697],[129.3676475,35.9765448]]},"properties":{"axis":"도로경관축","sub":"국도 20호선 경관축","new":false,"lbl":"","note":"OSM ref 20 primary","source":"2030 경주시 경관계획 재정비 (2025.04) §4.3 경관축 (T1) — 선형은 OSM (T4)"}},{"type":"Feature","geometry":{"type":"LineString","coordinates":[[129.37347,35.99611],[129.3736793,35.9963071]]},"properties":{"axis":"도로경관축","sub":"국도 20호선 경관축","new":false,"lbl":"","note":"OSM ref 20 primary","source":"2030 경주시 경관계획 재정비 (2025.04) §4.3 경관축 (T1) — 선형은 OSM (T4)"}},{"type":"Feature","geometry":{"type":"LineString","coordinates":[[129.1906261,35.9127121],[129.1897762,35.911861],[129.1890804,35.9111273],[129.1884639,35.9105448],[129.1870723,35.9091982],[129.1856245,35.9077722],[129.1844244,35.9067094],[129.1837519,35.9060966],[129.1831308,35.905446],[129.1809592,35.9031877],[129.180142,35.9023517],[129.1787036,35.9008878],[129.1776576,35.8998323],[129.1766021,35.898792],[129.1761538,35.898304],[129.1757195,35.8977744],[129.1748348,35.8966384]]},"properties":{"axis":"도로경관축","sub":"국도 7호선 경관축","new":false,"lbl":"","note":"OSM ref 7;20 trunk","source":"2030 경주시 경관계획 재정비 (2025.04) §4.3 경관축 (T1) — 선형은 OSM (T4)"}},{"type":"Feature","geometry":{"type":"LineString","coordinates":[[129.2901554,35.7174519],[129.2896646,35.7167786]]},"properties":{"axis":"도로경관축","sub":"울산-포항고속도로 경관축","new":false,"lbl":"","note":"OSM ref 65 motorway","source":"2030 경주시 경관계획 재정비 (2025.04) §4.3 경관축 (T1) — 선형은 OSM (T4)"}},{"type":"Feature","geometry":{"type":"LineString","coordinates":[[129.2896646,35.7167786],[129.2891964,35.716115]]},"properties":{"axis":"도로경관축","sub":"울산-포항고속도로 경관축","new":false,"lbl":"","note":"OSM ref 65 motorway","source":"2030 경주시 경관계획 재정비 (2025.04) §4.3 경관축 (T1) — 선형은 OSM (T4)"}},{"type":"Feature","geometry":{"type":"LineString","coordinates":[[129.2898097,35.7167652],[129.2899353,35.7169438],[129.2901118,35.7171922],[129.2902842,35.7174273]]},"properties":{"axis":"도로경관축","sub":"울산-포항고속도로 경관축","new":false,"lbl":"","note":"OSM ref 65 motorway","source":"2030 경주시 경관계획 재정비 (2025.04) §4.3 경관축 (T1) — 선형은 OSM (T4)"}},{"type":"Feature","geometry":{"type":"LineString","coordinates":[[129.1205474,35.9866414],[129.1233035,35.9846237]]},"properties":{"axis":"도로경관축","sub":"국도 28호선 경관축","new":false,"lbl":"","note":"OSM ref 28 trunk","source":"2030 경주시 경관계획 재정비 (2025.04) §4.3 경관축 (T1) — 선형은 OSM (T4)"}},{"type":"Feature","geometry":{"type":"LineString","coordinates":[[129.2339235,35.8421993],[129.2342362,35.8420835],[129.2350296,35.8418557]]},"properties":{"axis":"도로경관축","sub":"국도 4호선 경관축","new":false,"lbl":"","note":"OSM ref 4 primary","source":"2030 경주시 경관계획 재정비 (2025.04) §4.3 경관축 (T1) — 선형은 OSM (T4)"}},{"type":"Feature","geometry":{"type":"LineString","coordinates":[[128.9761825,35.7680651],[128.975945,35.7680402],[128.9731339,35.7682466],[128.9726647,35.7682872],[128.9721762,35.7684162],[128.9717781,35.7685919],[128.97153,35.76874],[128.9712649,35.7688726],[128.97119,35.76891],[128.97107,35.76896],[128.9704,35.76915],[128.9700768,35.7692379]]},"properties":{"axis":"도로경관축","sub":"국도 20호선 경관축","new":false,"lbl":"","note":"OSM ref 20 primary","source":"2030 경주시 경관계획 재정비 (2025.04) §4.3 경관축 (T1) — 선형은 OSM (T4)"}},{"type":"Feature","geometry":{"type":"LineString","coordinates":[[128.9781895,35.7679238],[128.9761825,35.7680651]]},"properties":{"axis":"도로경관축","sub":"국도 20호선 경관축","new":false,"lbl":"","note":"OSM ref 20 primary","source":"2030 경주시 경관계획 재정비 (2025.04) §4.3 경관축 (T1) — 선형은 OSM (T4)"}},{"type":"Feature","geometry":{"type":"LineString","coordinates":[[128.967702,35.7697268],[128.9676606,35.7696528],[128.9674199,35.769557],[128.966848,35.7690751],[128.9663123,35.76866],[128.9658,35.7682],[128.96517,35.76769],[128.96492,35.76748],[128.96483,35.76735],[128.96474,35.76705],[128.96465,35.76671],[128.96455,35.76642],[128.96436,35.7661],[128.96416,35.76584],[128.96406,35.76575],[128.96364,35.76555],[128.9634,35.76539],[128.96308,35.76516],[128.96263,35.76484],[128.96168,35.76413],[128.96132,35.76384],[128.961,35.76351],[128.96025,35.76272],[128.95972,35.76215],[128.95954,35.76189],[128.95945,35.7617],[128.95932,35.76112],[128.95918,35.76057],[128.95887,35.75975],[128.95874,35.75938],[128.95873,35.75907],[128.95877,35.75854],[128.95885,35.75805],[128.95887,35.75781],[128.95883,35.75753],[128.95871,35.75733],[128.95862,35.75724],[128.95839,35.75713],[128.95811,35.75697],[128.95804,35.75691],[128.95785,35.75665],[128.9577,35.75647],[128.95761,35.75641],[128.95717,35.75619],[128.9567117,35.7560715],[128.9561985,35.7560638],[128.9558093,35.7561605],[128.9555517,35.7562871],[128.9553028,35.756397],[128.95511,35.75647],[128.95475,35.75671],[128.95432,35.75714],[128.9542578,35.757223],[128.9542,35.7573],[128.954,35.75768],[128.9538978,35.7579094],[128.953713,35.7581626],[128.9534978,35.7583781],[128.9533044,35.7585317],[128.9529346,35.7587653],[128.9527646,35.7588553],[128.9526646,35.7589253],[128.9521946,35.7593453],[128.95184,35.75964],[128.95136,35.76011],[128.95096,35.76054],[128.9507075,35.760774],[128.9504828,35.7608995],[128.9501103,35.7609974],[128.9497032,35.7610508],[128.9493612,35.7610067],[128.94903,35.76091],[128.94874,35.76076],[128.94852,35.76071],[128.94827,35.76068],[128.94787,35.76069],[128.94743,35.76073],[128.947119,35.7607495],[128.9468373,35.7607804],[128.9465439,35.7608508],[128.9462739,35.7609608],[128.94606,35.76112],[128.94591,35.76116],[128.94554,35.76118],[128.945322,35.76116],[128.945172,35.76104],[128.945052,35.76091],[128.944972,35.76083],[128.944852,35.76072],[128.944722,35.76066],[128.944612,35.76062],[128.944272,35.76062],[128.943952,35.76059],[128.943752,35.76051],[128.943692,35.76046],[128.943592,35.76031],[128.943542,35.76011],[128.943532,35.76004],[128.943662,35.75987],[128.943782,35.75975],[128.944062,35.75963],[128.944472,35.75951],[128.944832,35.75943],[128.945222,35.7593],[128.9455403,35.75916],[128.9456103,35.75908],[128.9457603,35.75887],[128.9459103,35.7586],[128.9459865,35.7584861],[128.9461958,35.7583884],[128.9464982,35.75835],[128.9467058,35.7582962],[128.9468462,35.7581915],[128.9469103,35.75811],[128.9469903,35.75793],[128.9470503,35.75772],[128.9471003,35.7576],[128.9471503,35.75753],[128.9472403,35.75746],[128.9474703,35.75733],[128.9476903,35.75728],[128.9481303,35.75713],[128.9482803,35.75705],[128.9483703,35.75692],[128.9484164,35.7567632],[128.94841,35.75652],[128.9484105,35.7562826],[128.9484427,35.7561336],[128.9485512,35.7556021],[128.9486855,35.7551989],[128.9490172,35.754505],[128.9492569,35.7540377],[128.9493196,35.7538413],[128.9493533,35.7536794],[128.9493053,35.7535386],[128.9491863,35.75339],[128.9489803,35.7532867],[128.9486493,35.7532415],[128.9483773,35.7532321],[128.9481987,35.7532321],[128.9476936,35.7531919],[128.9474387,35.7531759],[128.947316,35.7531807],[128.9471207,35.753209],[128.9469821,35.7532718],[128.9468779,35.7533708],[128.9467419,35.7535833],[128.9466924,35.7538609],[128.946582,35.7542603],[128.9464351,35.7545879],[128.9463093,35.7546923],[128.9461646,35.7547926],[128.9459866,35.754856],[128.9457721,35.7548893],[128.9455397,35.7548407],[128.94531,35.7548],[128.94495,35.7548071],[128.9444499,35.7547922],[128.9442712,35.7547493],[128.9441119,35.7547093],[128.94396,35.75461],[128.9438336,35.7544659],[128.9437513,35.75437],[128.9435896,35.7542496],[128.9433913,35.7541731],[128.9431328,35.7541946],[128.9429025,35.7542765],[128.9426506,35.7544016],[128.9424849,35.7545341],[128.9423241,35.7548138],[128.9421855,35.7551153],[128.9420821,35.7552403],[128.9419489,35.7553196],[128.9418399,35.7553774],[128.9416595,35.7554299],[128.9414722,35.7554423],[128.9412516,35.7554252],[128.9409241,35.7552855],[128.94063,35.75514],[128.9404225,35.7549796],[128.94015,35.75469],[128.94002,35.75458],[128.93995,35.75455],[128.93977,35.7545],[128.93948,35.7544],[128.9394,35.75436],[128.9393,35.75426],[128.93927,35.75419],[128.93921,35.75407],[128.93921,35.75395],[128.93925,35.753825],[128.93926,35.75378],[128.93935,35.75362],[128.93944,35.75343],[128.93952,35.75324],[128.93958,35.75302],[128.93957,35.75294],[128.93952,35.75279],[128.93949,35.75272],[128.93944,35.75269],[128.9394,35.75263],[128.93935,35.75254],[128.93919,35.75238],[128.93913,35.75232],[128.93908,35.75227],[128.93897,35.75218],[128.93881,35.75209],[128.93866,35.75203],[128.93856,35.75199],[128.93838,35.75196],[128.93808,35.75195],[128.93684,35.75202],[128.93613,35.75209],[128.9348002,35.752118],[128.9344924,35.7520114],[128.9343722,35.7518855],[128.9343063,35.7517548],[128.9343134,35.7515854],[128.9343473,35.7513954],[128.9344302,35.75119],[128.9345224,35.7510148],[128.9346153,35.7508195],[128.9347712,35.75057],[128.9351083,35.75022],[128.9355702,35.7497459],[128.9360657,35.7492293],[128.9362093,35.749007],[128.9362557,35.7488014],[128.9362493,35.7486282],[128.936154,35.7484421],[128.9360403,35.7482411],[128.9359684,35.7481296],[128.9359293,35.7480241],[128.9359557,35.7478918],[128.9360128,35.7477643],[128.936149,35.7476264],[128.9363474,35.7474287],[128.9364657,35.7472432],[128.9364821,35.7470748],[128.9364821,35.7469559],[128.9364231,35.7467201],[128.9363084,35.746488],[128.9361855,35.7463018],[128.9361362,35.7459828],[128.9362338,35.7457112],[128.9363193,35.7454035],[128.9362966,35.7446934],[128.9362674,35.7442911],[128.9361774,35.7437952],[128.9361157,35.7435574],[128.9359988,35.743236],[128.9358599,35.7430512],[128.9356739,35.7429209],[128.935449,35.7428441],[128.9348135,35.7427535],[128.9344123,35.7426344],[128.9341193,35.7424973],[128.9337859,35.7423111],[128.9334616,35.7421975],[128.9331226,35.7421589],[128.9328583,35.7421641],[128.93263,35.74222],[128.93253,35.74225],[128.93242,35.74229],[128.93227,35.74236],[128.9320691,35.7424504],[128.9319,35.74251],[128.93173,35.74256],[128.93151,35.74262],[128.93139,35.74264],[128.93115,35.74264],[128.93079,35.74258],[128.93047,35.7425],[128.93031,35.74246],[128.92996,35.74235],[128.92939,35.74217],[128.92883,35.74201],[128.92854,35.74192],[128.92844,35.74188],[128.92833,35.74183],[128.92818,35.74175],[128.92802,35.74164],[128.92795,35.7416],[128.92783,35.74146],[128.92772,35.74133],[128.92752,35.74102],[128.92733,35.74065],[128.9271105,35.7402704],[128.92685,35.73982],[128.92646,35.73913],[128.92612,35.73856],[128.926,35.73833],[128.92593,35.73828],[128.92588,35.73817],[128.92581,35.73807],[128.92571,35.73792],[128.92563,35.73779],[128.92557,35.73766],[128.92551,35.73755],[128.92545,35.73735],[128.9254,35.73716],[128.92534,35.73702],[128.92531,35.73688],[128.92525,35.73673],[128.92519,35.73662],[128.92508,35.73644],[128.92487,35.73617],[128.92452,35.7357],[128.92425,35.73541],[128.92417,35.73532],[128.92408,35.73523],[128.92406,35.73521],[128.92395,35.73515],[128.92381,35.73506],[128.9237,35.73499],[128.9235,35.7349],[128.92338,35.73485],[128.92324,35.73484],[128.9229,35.73479],[128.92228,35.73483],[128.92203,35.73489],[128.92165,35.73505],[128.9213416,35.7351876],[128.9211219,35.7352476],[128.9207925,35.7352942],[128.9204425,35.7352608],[128.9202331,35.7352338],[128.9198788,35.7350886],[128.9196053,35.7349592],[128.91904,35.73489],[128.9182611,35.73495],[128.91803,35.73488],[128.91753,35.73472],[128.91735,35.73459],[128.91698,35.73425],[128.91649,35.73369],[128.916,35.73306],[128.91566,35.7327],[128.9151,35.73237],[128.9147,35.73213],[128.91454,35.73198],[128.9141,35.7313],[128.91291,35.72933],[128.91222,35.72817],[128.91195,35.72772],[128.91176,35.72741],[128.91169,35.72723],[128.91158,35.72696],[128.91152,35.72661],[128.91154,35.72598],[128.91161,35.72582],[128.91186,35.72551],[128.91215,35.72527],[128.91235,35.72518],[128.91299,35.72501],[128.91366,35.72485],[128.91409,35.72464],[128.91426,35.72451],[128.91458,35.72403],[128.91491,35.72339],[128.91514,35.72288],[128.91543,35.72234],[128.9156856,35.7216526],[128.9157315,35.7214344],[128.9157798,35.721041],[128.9157427,35.7208427],[128.91561,35.72039],[128.91557,35.72028],[128.91553,35.71986],[128.91555,35.71943],[128.91561,35.7184],[128.9156093,35.7178428],[128.9155457,35.7174817],[128.9155178,35.7173249],[128.9153994,35.7170442],[128.9152209,35.7166669]]},"properties":{"axis":"도로경관축","sub":"국도 20호선 경관축","new":false,"lbl":"국도 20호선 경관축","note":"OSM ref 20 primary","source":"2030 경주시 경관계획 재정비 (2025.04) §4.3 경관축 (T1) — 선형은 OSM (T4)"}},{"type":"Feature","geometry":{"type":"LineString","coordinates":[[128.9700768,35.7692379],[128.96963,35.76937],[128.96961,35.76937],[128.96901,35.76954],[128.9685378,35.7696513]]},"properties":{"axis":"도로경관축","sub":"국도 20호선 경관축","new":false,"lbl":"","note":"OSM ref 20 primary","source":"2030 경주시 경관계획 재정비 (2025.04) §4.3 경관축 (T1) — 선형은 OSM (T4)"}},{"type":"Feature","geometry":{"type":"LineString","coordinates":[[129.3009078,35.831004],[129.301278,35.8308257],[129.3014906,35.8307013],[129.301614,35.8306076],[129.3017304,35.8304966],[129.3018308,35.8303687],[129.3019099,35.8302407],[129.3020014,35.8300236],[129.302042,35.8299179],[129.3020685,35.8298064],[129.3020869,35.8296792],[129.3021336,35.8291503],[129.3022055,35.8284905],[129.3022423,35.8280943],[129.3022789,35.8278314],[129.3023357,35.827575],[129.3024713,35.8271472],[129.3026333,35.8266947],[129.3028926,35.8259487],[129.3030622,35.825472],[129.3032161,35.8250274],[129.303273,35.8247574],[129.3033298,35.8245005],[129.3034316,35.8239976],[129.3034965,35.8237217],[129.3035573,35.8234887],[129.30365,35.823221],[129.3037549,35.8229797],[129.3042758,35.8218002],[129.3044522,35.821447],[129.3046471,35.8210937],[129.3048266,35.8208073],[129.3050185,35.8205059],[129.3053561,35.8199844],[129.305454,35.8198051],[129.3055272,35.8196208],[129.3056111,35.8193653],[129.3056889,35.8190999],[129.3058931,35.8183085],[129.3059953,35.8178854],[129.3060389,35.8176921],[129.306233,35.8169709],[129.3064179,35.8162773],[129.3064676,35.8160878],[129.3065172,35.8158033],[129.3065383,35.8154115],[129.3065408,35.8150968],[129.3065148,35.8148464],[129.3064606,35.814523],[129.3063583,35.8141492],[129.3063192,35.8139476],[129.3062924,35.813736],[129.3063053,35.8135073],[129.3063429,35.8132836],[129.3064952,35.8126973],[129.3066238,35.8122602],[129.3067289,35.8117807],[129.3067591,35.8113222],[129.3067739,35.8109042],[129.3067831,35.8106451],[129.3068036,35.8101392],[129.3068604,35.809781],[129.3068974,35.8096599],[129.3069575,35.8094636],[129.3070546,35.8092261],[129.3073517,35.8085355],[129.3074676,35.808255],[129.3074779,35.80823],[129.3076139,35.8079006],[129.3078575,35.8072982],[129.3080148,35.8069801],[129.3081782,35.8067069],[129.3082501,35.806601],[129.3083323,35.8064801],[129.3084531,35.8063268],[129.308511,35.8062533],[129.3088127,35.8059215],[129.3091328,35.8055947],[129.309684,35.8050566],[129.3100811,35.8046883],[129.3107567,35.8040163],[129.3108216,35.8039518],[129.3108459,35.803928],[129.3108866,35.8038882],[129.3115745,35.8032152],[129.3116703,35.803119],[129.3117868,35.803002],[129.312155,35.8026324],[129.312427,35.8023618],[129.3126345,35.8021554],[129.312902,35.8018977],[129.312971,35.8018312],[129.3131278,35.8016641],[129.3131598,35.8016188],[129.3132477,35.8014946],[129.3133359,35.8013282],[129.3133902,35.8011993],[129.3134539,35.8010438],[129.3135114,35.8008746],[129.3135562,35.8007075],[129.3135856,35.800548],[129.3136046,35.8003709],[129.313612,35.8002396],[129.3136144,35.8001963],[129.313618,35.7999799],[129.3136186,35.7999439],[129.3136186,35.7998471],[129.3136186,35.7995001],[129.3136062,35.7988341],[129.3136079,35.7987212],[129.3135918,35.7980729],[129.3135799,35.7975328],[129.3135794,35.7975091],[129.3135791,35.7974942],[129.313565,35.7968547],[129.3135596,35.796685],[129.313553,35.7963151]]},"properties":{"axis":"도로경관축","sub":"국도 4호선 경관축","new":false,"lbl":"","note":"OSM ref 4 primary","source":"2030 경주시 경관계획 재정비 (2025.04) §4.3 경관축 (T1) — 선형은 OSM (T4)"}},{"type":"Feature","geometry":{"type":"LineString","coordinates":[[129.3350266,35.7708762],[129.3351322,35.7708102],[129.3359322,35.7703763],[129.3363708,35.7701022],[129.3369748,35.7697692],[129.3373739,35.7695538],[129.337728,35.7693971],[129.3381839,35.7692056],[129.3383455,35.7691225],[129.338892,35.7688416]]},"properties":{"axis":"도로경관축","sub":"국도 4호선 경관축","new":false,"lbl":"","note":"OSM ref 4 primary","source":"2030 경주시 경관계획 재정비 (2025.04) §4.3 경관축 (T1) — 선형은 OSM (T4)"}},{"type":"Feature","geometry":{"type":"LineString","coordinates":[[129.3347057,35.7710679],[129.3350266,35.7708762]]},"properties":{"axis":"도로경관축","sub":"국도 4호선 경관축","new":false,"lbl":"","note":"OSM ref 4 primary","source":"2030 경주시 경관계획 재정비 (2025.04) §4.3 경관축 (T1) — 선형은 OSM (T4)"}},{"type":"Feature","geometry":{"type":"LineString","coordinates":[[129.4004763,35.7923579],[129.4014613,35.7926044]]},"properties":{"axis":"도로경관축","sub":"국도 4호선 경관축","new":false,"lbl":"","note":"OSM ref 4 primary","source":"2030 경주시 경관계획 재정비 (2025.04) §4.3 경관축 (T1) — 선형은 OSM (T4)"}},{"type":"Feature","geometry":{"type":"LineString","coordinates":[[129.4000408,35.7922525],[129.4004763,35.7923579]]},"properties":{"axis":"도로경관축","sub":"국도 4호선 경관축","new":false,"lbl":"","note":"OSM ref 4 primary","source":"2030 경주시 경관계획 재정비 (2025.04) §4.3 경관축 (T1) — 선형은 OSM (T4)"}},{"type":"Feature","geometry":{"type":"LineString","coordinates":[[129.4014613,35.7926044],[129.4035161,35.793079],[129.4042689,35.7932433]]},"properties":{"axis":"도로경관축","sub":"국도 4호선 경관축","new":false,"lbl":"","note":"OSM ref 4 primary","source":"2030 경주시 경관계획 재정비 (2025.04) §4.3 경관축 (T1) — 선형은 OSM (T4)"}},{"type":"Feature","geometry":{"type":"LineString","coordinates":[[129.4042689,35.7932433],[129.4049012,35.7934062],[129.4056522,35.7935802],[129.4066487,35.7938174],[129.407578,35.7940358],[129.408406,35.7942342],[129.4090353,35.7944109],[129.4097249,35.7945964],[129.4111527,35.7949914],[129.4118506,35.79519],[129.4132075,35.7956208],[129.4138942,35.7958028],[129.4148058,35.796119],[129.4160026,35.7964558]]},"properties":{"axis":"도로경관축","sub":"국도 4호선 경관축","new":false,"lbl":"","note":"OSM ref 4 primary","source":"2030 경주시 경관계획 재정비 (2025.04) §4.3 경관축 (T1) — 선형은 OSM (T4)"}},{"type":"Feature","geometry":{"type":"LineString","coordinates":[[129.4212359,35.7976037],[129.4239058,35.7981179]]},"properties":{"axis":"도로경관축","sub":"국도 4호선 경관축","new":false,"lbl":"","note":"OSM ref 4 primary","source":"2030 경주시 경관계획 재정비 (2025.04) §4.3 경관축 (T1) — 선형은 OSM (T4)"}},{"type":"Feature","geometry":{"type":"LineString","coordinates":[[129.4239058,35.7981179],[129.4250821,35.7983347],[129.425919,35.7985218],[129.4266378,35.7986799],[129.4270402,35.7987524],[129.4274318,35.7988133],[129.4278073,35.7988627],[129.4281774,35.7988872],[129.4285636,35.7989018],[129.4288855,35.7989018],[129.4292235,35.7988844],[129.4296204,35.798854],[129.4299852,35.7988148],[129.4303929,35.798748],[129.4307845,35.7986625],[129.4311976,35.7985581],[129.4321524,35.7982666],[129.432882,35.7980388]]},"properties":{"axis":"도로경관축","sub":"국도 4호선 경관축","new":false,"lbl":"","note":"OSM ref 4 primary","source":"2030 경주시 경관계획 재정비 (2025.04) §4.3 경관축 (T1) — 선형은 OSM (T4)"}},{"type":"Feature","geometry":{"type":"LineString","coordinates":[[129.432882,35.7980388],[129.4352688,35.797232]]},"properties":{"axis":"도로경관축","sub":"국도 4호선 경관축","new":false,"lbl":"","note":"OSM ref 4 primary","source":"2030 경주시 경관계획 재정비 (2025.04) §4.3 경관축 (T1) — 선형은 OSM (T4)"}},{"type":"Feature","geometry":{"type":"LineString","coordinates":[[129.4352688,35.797232],[129.4361908,35.7969039],[129.4364768,35.7967897],[129.4367543,35.796652],[129.4370611,35.7964834],[129.437436,35.7962479],[129.4378548,35.7959808]]},"properties":{"axis":"도로경관축","sub":"국도 4호선 경관축","new":false,"lbl":"","note":"OSM ref 4 primary","source":"2030 경주시 경관계획 재정비 (2025.04) §4.3 경관축 (T1) — 선형은 OSM (T4)"}},{"type":"Feature","geometry":{"type":"LineString","coordinates":[[129.4660288,35.7847121],[129.4662594,35.7845685],[129.4666564,35.7843465],[129.4671767,35.7840724],[129.467858,35.7837721],[129.4683033,35.7836111],[129.4688504,35.7834588],[129.4695725,35.7832658]]},"properties":{"axis":"도로경관축","sub":"국도 4호선 경관축","new":false,"lbl":"","note":"OSM ref 4 primary","source":"2030 경주시 경관계획 재정비 (2025.04) §4.3 경관축 (T1) — 선형은 OSM (T4)"}},{"type":"Feature","geometry":{"type":"LineString","coordinates":[[129.4657713,35.7848905],[129.4660288,35.7847121]]},"properties":{"axis":"도로경관축","sub":"국도 4호선 경관축","new":false,"lbl":"","note":"OSM ref 4 primary","source":"2030 경주시 경관계획 재정비 (2025.04) §4.3 경관축 (T1) — 선형은 OSM (T4)"}},{"type":"Feature","geometry":{"type":"LineString","coordinates":[[129.47429,35.7830747],[129.4844956,35.78291],[129.4848878,35.7829152],[129.4852681,35.7829277],[129.4856905,35.7829517],[129.4860868,35.7829833],[129.4864331,35.7830188],[129.4868027,35.7830628],[129.4886118,35.7833108]]},"properties":{"axis":"도로경관축","sub":"국도 4호선 경관축","new":false,"lbl":"","note":"OSM ref 4 primary","source":"2030 경주시 경관계획 재정비 (2025.04) §4.3 경관축 (T1) — 선형은 OSM (T4)"}},{"type":"Feature","geometry":{"type":"LineString","coordinates":[[129.4734438,35.7830867],[129.47429,35.7830747]]},"properties":{"axis":"도로경관축","sub":"국도 4호선 경관축","new":false,"lbl":"","note":"OSM ref 4 primary","source":"2030 경주시 경관계획 재정비 (2025.04) §4.3 경관축 (T1) — 선형은 OSM (T4)"}},{"type":"Feature","geometry":{"type":"LineString","coordinates":[[129.432,35.80017],[129.432879,35.7995509]]},"properties":{"axis":"도로경관축","sub":"동해바다로(경감로) 자전거도로 경관축","new":false,"lbl":"","note":"자전거도로 경관축","source":"2030 경주시 경관계획 재정비 (2025.04) §4.3 경관축 (T1) — 선형은 OSM (T4)"}},{"type":"Feature","geometry":{"type":"LineString","coordinates":[[129.435879,35.797842],[129.4363325,35.7975455],[129.4368838,35.7972692],[129.4373236,35.7970667],[129.4376979,35.7968665],[129.4378707,35.7967273],[129.4379721,35.7965938],[129.438036,35.7965304],[129.4380729,35.7964473],[129.4381034,35.7962323],[129.4380975,35.7958608]]},"properties":{"axis":"도로경관축","sub":"동해바다로(경감로) 자전거도로 경관축","new":false,"lbl":"","note":"자전거도로 경관축","source":"2030 경주시 경관계획 재정비 (2025.04) §4.3 경관축 (T1) — 선형은 OSM (T4)"}},{"type":"Feature","geometry":{"type":"LineString","coordinates":[[129.3245054,36.0049647],[129.3252069,36.0051459],[129.3264634,36.0054616],[129.3267638,36.0055343],[129.3280034,36.0058279],[129.3286112,36.0059872],[129.3294588,36.0061847],[129.330132,36.0063431],[129.3309286,36.0065492],[129.3311217,36.0065948],[129.3330851,36.0070678],[129.3333855,36.0071307],[129.3344041,36.0073671],[129.334517,36.0073933],[129.3360056,36.0077832],[129.3362328,36.0078359],[129.3387575,36.0085226],[129.3390276,36.0086265],[129.3391961,36.008691]]},"properties":{"axis":"도로경관축","sub":"국도 7호선 경관축","new":false,"lbl":"","note":"OSM ref 7 primary","source":"2030 경주시 경관계획 재정비 (2025.04) §4.3 경관축 (T1) — 선형은 OSM (T4)"}},{"type":"Feature","geometry":{"type":"LineString","coordinates":[[129.322265,36.0045385],[129.3222084,36.0045164],[129.3219213,36.0044132],[129.3203458,36.0037839],[129.3198861,36.0035872],[129.3175364,36.0025931],[129.3171472,36.0024541],[129.3146493,36.0015179],[129.3142657,36.0013554],[129.3129551,36.0008002]]},"properties":{"axis":"도로경관축","sub":"국도 7호선 경관축","new":false,"lbl":"","note":"OSM ref 7 trunk","source":"2030 경주시 경관계획 재정비 (2025.04) §4.3 경관축 (T1) — 선형은 OSM (T4)"}},{"type":"Feature","geometry":{"type":"LineString","coordinates":[[129.2467898,35.9469212],[129.2467722,35.9481309]]},"properties":{"axis":"도로경관축","sub":"국도 7호선 경관축","new":false,"lbl":"","note":"OSM ref 7 primary","source":"2030 경주시 경관계획 재정비 (2025.04) §4.3 경관축 (T1) — 선형은 OSM (T4)"}},{"type":"Feature","geometry":{"type":"LineString","coordinates":[[129.2467722,35.9481309],[129.2467331,35.9497737],[129.2466908,35.9501205]]},"properties":{"axis":"도로경관축","sub":"국도 7호선 경관축","new":false,"lbl":"","note":"OSM ref 7 primary","source":"2030 경주시 경관계획 재정비 (2025.04) §4.3 경관축 (T1) — 선형은 OSM (T4)"}},{"type":"Feature","geometry":{"type":"LineString","coordinates":[[129.2466393,35.9505436],[129.2465658,35.9508144]]},"properties":{"axis":"도로경관축","sub":"국도 7호선 경관축","new":false,"lbl":"","note":"OSM ref 7 primary","source":"2030 경주시 경관계획 재정비 (2025.04) §4.3 경관축 (T1) — 선형은 OSM (T4)"}},{"type":"Feature","geometry":{"type":"LineString","coordinates":[[129.2465658,35.9508144],[129.246527,35.9509158],[129.2463557,35.9513764],[129.2463105,35.9514695],[129.2461638,35.9517717],[129.24599,35.95209],[129.24577,35.95244],[129.24553,35.9528],[129.2454636,35.9529431],[129.2453797,35.9530867],[129.2453456,35.9531674],[129.2452805,35.953443],[129.2452451,35.9536152],[129.2452068,35.9538495],[129.2451469,35.9542158],[129.2451362,35.9545185],[129.2453659,35.9560288],[129.2456649,35.9574365],[129.2457246,35.9578248],[129.2458476,35.9586248],[129.2459631,35.9597191],[129.246313,35.9615406],[129.2464454,35.9623948],[129.2466069,35.9633608],[129.2466634,35.9636987],[129.2468956,35.9650582],[129.2469076,35.9651333],[129.2470995,35.9663422],[129.2472034,35.9669559],[129.2473242,35.96767],[129.2475278,35.968786],[129.2475661,35.9689957],[129.2477261,35.9700713],[129.2478068,35.9704613]]},"properties":{"axis":"도로경관축","sub":"국도 7호선 경관축","new":false,"lbl":"","note":"OSM ref 7 primary","source":"2030 경주시 경관계획 재정비 (2025.04) §4.3 경관축 (T1) — 선형은 OSM (T4)"}},{"type":"Feature","geometry":{"type":"LineString","coordinates":[[129.1331576,35.8275838],[129.1341483,35.8267215],[129.1343984,35.8264799],[129.134566,35.8262913],[129.1347521,35.8260644],[129.1349147,35.8258426]]},"properties":{"axis":"도로경관축","sub":"국도 4호선 경관축","new":false,"lbl":"","note":"OSM ref 4;35 trunk","source":"2030 경주시 경관계획 재정비 (2025.04) §4.3 경관축 (T1) — 선형은 OSM (T4)"}},{"type":"Feature","geometry":{"type":"LineString","coordinates":[[129.1296788,35.8306021],[129.1331576,35.8275838]]},"properties":{"axis":"도로경관축","sub":"국도 4호선 경관축","new":false,"lbl":"","note":"OSM ref 4;35 trunk","source":"2030 경주시 경관계획 재정비 (2025.04) §4.3 경관축 (T1) — 선형은 OSM (T4)"}},{"type":"Feature","geometry":{"type":"LineString","coordinates":[[129.1367202,35.8228991],[129.137644,35.8214011],[129.1378906,35.8210215],[129.1381842,35.8206208]]},"properties":{"axis":"도로경관축","sub":"국도 4호선 경관축","new":false,"lbl":"","note":"OSM ref 4;35 trunk","source":"2030 경주시 경관계획 재정비 (2025.04) §4.3 경관축 (T1) — 선형은 OSM (T4)"}},{"type":"Feature","geometry":{"type":"LineString","coordinates":[[129.1357705,35.8244681],[129.1367202,35.8228991]]},"properties":{"axis":"도로경관축","sub":"국도 4호선 경관축","new":false,"lbl":"","note":"OSM ref 4;35 trunk","source":"2030 경주시 경관계획 재정비 (2025.04) §4.3 경관축 (T1) — 선형은 OSM (T4)"}},{"type":"Feature","geometry":{"type":"LineString","coordinates":[[129.3379427,35.6518078],[129.3370135,35.6517868],[129.3361804,35.6517961],[129.3354215,35.6518197],[129.3349303,35.6518435],[129.3344147,35.6518812]]},"properties":{"axis":"도로경관축","sub":"국도 7호선 경관축","new":false,"lbl":"","note":"OSM ref 7 trunk","source":"2030 경주시 경관계획 재정비 (2025.04) §4.3 경관축 (T1) — 선형은 OSM (T4)"}},{"type":"Feature","geometry":{"type":"LineString","coordinates":[[129.3344147,35.6518812],[129.3341563,35.6518976],[129.3336814,35.6519421],[129.3327705,35.6520474],[129.3319936,35.6521616],[129.3310794,35.6523111],[129.3302969,35.6524668],[129.3296723,35.6526022],[129.3292391,35.6526953],[129.3289242,35.6527567],[129.3286193,35.6527972],[129.3283194,35.6528292]]},"properties":{"axis":"도로경관축","sub":"국도 7호선 경관축","new":false,"lbl":"","note":"OSM ref 7 trunk","source":"2030 경주시 경관계획 재정비 (2025.04) §4.3 경관축 (T1) — 선형은 OSM (T4)"}},{"type":"Feature","geometry":{"type":"LineString","coordinates":[[129.2905425,35.625983],[129.2912044,35.6267795]]},"properties":{"axis":"도로경관축","sub":"울산-포항고속도로 경관축","new":false,"lbl":"","note":"OSM ref 65 motorway","source":"2030 경주시 경관계획 재정비 (2025.04) §4.3 경관축 (T1) — 선형은 OSM (T4)"}},{"type":"Feature","geometry":{"type":"LineString","coordinates":[[129.2952501,35.6506902],[129.2958588,35.6488997],[129.2964721,35.6462718],[129.2966332,35.6446511],[129.2967274,35.6428756],[129.2966986,35.6420501],[129.2966908,35.6417988],[129.2965948,35.6398329],[129.2963681,35.6384006],[129.2960015,35.6366845],[129.2952937,35.6345153],[129.2944178,35.6324237],[129.2934061,35.6304665],[129.2923575,35.6288898],[129.2912255,35.6273595]]},"properties":{"axis":"도로경관축","sub":"울산-포항고속도로 경관축","new":false,"lbl":"","note":"OSM ref 65 motorway","source":"2030 경주시 경관계획 재정비 (2025.04) §4.3 경관축 (T1) — 선형은 OSM (T4)"}},{"type":"Feature","geometry":{"type":"LineString","coordinates":[[129.2912044,35.6267795],[129.2925114,35.6285501],[129.2937262,35.630378],[129.2946817,35.6321257],[129.2956403,35.6344103],[129.2963534,35.6366308],[129.296698,35.6381801],[129.2969486,35.6397105],[129.2971013,35.6425538],[129.2970006,35.6449356],[129.2968134,35.6462379],[129.2964906,35.6478531],[129.2961052,35.6492647],[129.2954406,35.6511472]]},"properties":{"axis":"도로경관축","sub":"울산-포항고속도로 경관축","new":false,"lbl":"","note":"OSM ref 65 motorway","source":"2030 경주시 경관계획 재정비 (2025.04) §4.3 경관축 (T1) — 선형은 OSM (T4)"}},{"type":"Feature","geometry":{"type":"LineString","coordinates":[[129.2588293,35.9819546],[129.258953,35.98185],[129.2591,35.98174],[129.25937,35.98156],[129.25969,35.98137],[129.26,35.98121],[129.26044,35.98104],[129.26076,35.98094],[129.26137,35.98078],[129.2617957,35.980713],[129.26259,35.98063],[129.2632244,35.98063]]},"properties":{"axis":"도로경관축","sub":"국도 7호선 경관축","new":false,"lbl":"","note":"OSM ref 7 trunk","source":"2030 경주시 경관계획 재정비 (2025.04) §4.3 경관축 (T1) — 선형은 OSM (T4)"}},{"type":"Feature","geometry":{"type":"LineString","coordinates":[[129.215171,35.8880976],[129.2147243,35.8879628],[129.2142216,35.8878523],[129.2137295,35.8877668],[129.213626,35.8877596],[129.2126564,35.8876921],[129.2121061,35.8876976],[129.2115736,35.8877429],[129.2108664,35.8877729]]},"properties":{"axis":"도로경관축","sub":"상생로드(형산로) 자전거도로 경관축","new":false,"lbl":"","note":"자전거도로 경관축","source":"2030 경주시 경관계획 재정비 (2025.04) §4.3 경관축 (T1) — 선형은 OSM (T4)"}},{"type":"Feature","geometry":{"type":"LineString","coordinates":[[129.2155169,35.8882175],[129.215171,35.8880976]]},"properties":{"axis":"도로경관축","sub":"상생로드(형산로) 자전거도로 경관축","new":false,"lbl":"","note":"자전거도로 경관축","source":"2030 경주시 경관계획 재정비 (2025.04) §4.3 경관축 (T1) — 선형은 OSM (T4)"}},{"type":"Feature","geometry":{"type":"LineString","coordinates":[[129.2108664,35.8877729],[129.2104321,35.8877673],[129.2100367,35.8877404],[129.2096558,35.8876861],[129.2092339,35.8875961]]},"properties":{"axis":"도로경관축","sub":"상생로드(형산로) 자전거도로 경관축","new":false,"lbl":"","note":"자전거도로 경관축","source":"2030 경주시 경관계획 재정비 (2025.04) §4.3 경관축 (T1) — 선형은 OSM (T4)"}},{"type":"Feature","geometry":{"type":"LineString","coordinates":[[129.2053978,35.8853465],[129.2016901,35.8812889],[129.1995137,35.8787821],[129.1980225,35.8771022]]},"properties":{"axis":"도로경관축","sub":"상생로드(형산로) 자전거도로 경관축","new":false,"lbl":"","note":"자전거도로 경관축","source":"2030 경주시 경관계획 재정비 (2025.04) §4.3 경관축 (T1) — 선형은 OSM (T4)"}},{"type":"Feature","geometry":{"type":"LineString","coordinates":[[129.2368052,35.9139371],[129.2367543,35.9133829]]},"properties":{"axis":"도로경관축","sub":"상생로드(형산로) 자전거도로 경관축","new":false,"lbl":"","note":"자전거도로 경관축","source":"2030 경주시 경관계획 재정비 (2025.04) §4.3 경관축 (T1) — 선형은 OSM (T4)"}},{"type":"Feature","geometry":{"type":"LineString","coordinates":[[129.2367543,35.9133829],[129.2367019,35.9130777],[129.236632,35.912167],[129.2365435,35.9113394],[129.2362642,35.9076116],[129.236049,35.9067665],[129.2348548,35.9038699],[129.2325593,35.8986344],[129.231872,35.8972798],[129.2312824,35.896534],[129.2293131,35.8943281],[129.2282483,35.8931504],[129.2273503,35.8922223],[129.2270118,35.8919477],[129.2266352,35.8916838],[129.2261505,35.8914299],[129.2257332,35.8912356],[129.225305,35.8910848]]},"properties":{"axis":"도로경관축","sub":"상생로드(형산로) 자전거도로 경관축","new":false,"lbl":"","note":"자전거도로 경관축","source":"2030 경주시 경관계획 재정비 (2025.04) §4.3 경관축 (T1) — 선형은 OSM (T4)"}},{"type":"Feature","geometry":{"type":"LineString","coordinates":[[129.3123933,35.6215501],[129.3121448,35.6209185],[129.3120414,35.6205726],[129.3116461,35.6193817],[129.3111375,35.6169144],[129.3110918,35.6163537],[129.3110267,35.6156525],[129.3109996,35.614527],[129.3109998,35.6137429],[129.3110493,35.6130644],[129.3111908,35.6104747],[129.3112656,35.6088965],[129.3114088,35.6078348],[129.3115318,35.607188],[129.3118079,35.6063838],[129.3119946,35.6059123],[129.3121657,35.6055354],[129.3123624,35.6050992],[129.3125478,35.6047642]]},"properties":{"axis":"도로경관축","sub":"국도 7호선 경관축","new":false,"lbl":"","note":"OSM ref 7 trunk","source":"2030 경주시 경관계획 재정비 (2025.04) §4.3 경관축 (T1) — 선형은 OSM (T4)"}},{"type":"Feature","geometry":{"type":"LineString","coordinates":[[129.3175849,35.6303749],[129.3159366,35.6277758],[129.3144046,35.6253668],[129.3137619,35.6243826],[129.3133493,35.6236776],[129.3130873,35.6231292],[129.312679,35.6222186],[129.3125769,35.6219672],[129.3125216,35.6218311]]},"properties":{"axis":"도로경관축","sub":"국도 7호선 경관축","new":false,"lbl":"","note":"OSM ref 7 trunk","source":"2030 경주시 경관계획 재정비 (2025.04) §4.3 경관축 (T1) — 선형은 OSM (T4)"}},{"type":"Feature","geometry":{"type":"LineString","coordinates":[[129.3125216,35.6218311],[129.3123933,35.6215501]]},"properties":{"axis":"도로경관축","sub":"국도 7호선 경관축","new":false,"lbl":"","note":"OSM ref 7 trunk","source":"2030 경주시 경관계획 재정비 (2025.04) §4.3 경관축 (T1) — 선형은 OSM (T4)"}},{"type":"Feature","geometry":{"type":"LineString","coordinates":[[129.3182863,35.6314419],[129.3175849,35.6303749]]},"properties":{"axis":"도로경관축","sub":"국도 7호선 경관축","new":false,"lbl":"","note":"OSM ref 7 trunk","source":"2030 경주시 경관계획 재정비 (2025.04) §4.3 경관축 (T1) — 선형은 OSM (T4)"}},{"type":"Feature","geometry":{"type":"LineString","coordinates":[[129.3203198,35.6384288],[129.3203297,35.6381182]]},"properties":{"axis":"도로경관축","sub":"국도 7호선 경관축","new":false,"lbl":"","note":"OSM ref 7 trunk","source":"2030 경주시 경관계획 재정비 (2025.04) §4.3 경관축 (T1) — 선형은 OSM (T4)"}},{"type":"Feature","geometry":{"type":"LineString","coordinates":[[129.3203297,35.6381182],[129.3203644,35.6375656],[129.3203096,35.6363894],[129.3202651,35.6360948],[129.3202373,35.6359112],[129.3200768,35.6352716],[129.3198432,35.6345269],[129.3196143,35.6338947],[129.3193033,35.6331581],[129.3190916,35.6327576],[129.3182863,35.6314419]]},"properties":{"axis":"도로경관축","sub":"국도 7호선 경관축","new":false,"lbl":"","note":"OSM ref 7 trunk","source":"2030 경주시 경관계획 재정비 (2025.04) §4.3 경관축 (T1) — 선형은 OSM (T4)"}},{"type":"Feature","geometry":{"type":"LineString","coordinates":[[129.3209184,35.64468],[129.3208647,35.6442801],[129.3208138,35.6439471],[129.3207227,35.643419],[129.3205629,35.6423715],[129.3205144,35.6419562],[129.320453,35.6414155],[129.3204421,35.6413056],[129.3204168,35.6410509],[129.3203463,35.6406748],[129.3202747,35.6400362],[129.3202637,35.6394606],[129.3203005,35.6388506],[129.3203198,35.6384288]]},"properties":{"axis":"도로경관축","sub":"국도 7호선 경관축","new":false,"lbl":"","note":"OSM ref 7 trunk","source":"2030 경주시 경관계획 재정비 (2025.04) §4.3 경관축 (T1) — 선형은 OSM (T4)"}},{"type":"Feature","geometry":{"type":"LineString","coordinates":[[129.3209396,35.644837],[129.3209184,35.64468]]},"properties":{"axis":"도로경관축","sub":"국도 7호선 경관축","new":false,"lbl":"","note":"OSM ref 7 trunk","source":"2030 경주시 경관계획 재정비 (2025.04) §4.3 경관축 (T1) — 선형은 OSM (T4)"}},{"type":"Feature","geometry":{"type":"LineString","coordinates":[[129.321094,35.6459465],[129.3210164,35.6454179],[129.3209396,35.644837]]},"properties":{"axis":"도로경관축","sub":"국도 7호선 경관축","new":false,"lbl":"","note":"OSM ref 7 trunk","source":"2030 경주시 경관계획 재정비 (2025.04) §4.3 경관축 (T1) — 선형은 OSM (T4)"}},{"type":"Feature","geometry":{"type":"LineString","coordinates":[[129.3211708,35.6465816],[129.3211561,35.6463853],[129.321094,35.6459465]]},"properties":{"axis":"도로경관축","sub":"국도 7호선 경관축","new":false,"lbl":"","note":"OSM ref 7 trunk","source":"2030 경주시 경관계획 재정비 (2025.04) §4.3 경관축 (T1) — 선형은 OSM (T4)"}},{"type":"Feature","geometry":{"type":"LineString","coordinates":[[129.3283194,35.6528292],[129.3280106,35.6528538],[129.3277349,35.6528645],[129.3274676,35.6528715],[129.3271635,35.6528677]]},"properties":{"axis":"도로경관축","sub":"국도 7호선 경관축","new":false,"lbl":"","note":"OSM ref 7 trunk","source":"2030 경주시 경관계획 재정비 (2025.04) §4.3 경관축 (T1) — 선형은 OSM (T4)"}},{"type":"Feature","geometry":{"type":"LineString","coordinates":[[129.3271635,35.6528677],[129.326746,35.6528531],[129.326324,35.6528178],[129.3258254,35.6527333],[129.3254678,35.6526459],[129.3250789,35.6525256],[129.3248469,35.6524402],[129.3245426,35.6523182],[129.3241646,35.6521378],[129.3237976,35.6519219],[129.3235199,35.6517465],[129.3233028,35.6515861],[129.3230621,35.6513599],[129.3226865,35.6509791],[129.3222951,35.6506526],[129.3219051,35.6503145]]},"properties":{"axis":"도로경관축","sub":"국도 7호선 경관축","new":false,"lbl":"","note":"OSM ref 7 trunk","source":"2030 경주시 경관계획 재정비 (2025.04) §4.3 경관축 (T1) — 선형은 OSM (T4)"}},{"type":"Feature","geometry":{"type":"LineString","coordinates":[[129.286918,35.7113703],[129.2879835,35.7136493],[129.2879993,35.7136831],[129.2884603,35.7145738],[129.2887852,35.71514],[129.2890769,35.7156291]]},"properties":{"axis":"도로경관축","sub":"울산-포항고속도로 경관축","new":false,"lbl":"","note":"OSM ref 65 motorway","source":"2030 경주시 경관계획 재정비 (2025.04) §4.3 경관축 (T1) — 선형은 OSM (T4)"}},{"type":"Feature","geometry":{"type":"LineString","coordinates":[[129.2865104,35.7112991],[129.2852795,35.7077393],[129.2847453,35.7052302],[129.2843542,35.7013428],[129.284603,35.6978874],[129.2853481,35.6938455],[129.2868011,35.6898577],[129.287849,35.6869935],[129.2886507,35.6840415]]},"properties":{"axis":"도로경관축","sub":"울산-포항고속도로 경관축","new":false,"lbl":"","note":"OSM ref 65 motorway","source":"2030 경주시 경관계획 재정비 (2025.04) §4.3 경관축 (T1) — 선형은 OSM (T4)"}},{"type":"Feature","geometry":{"type":"LineString","coordinates":[[129.2892549,35.6826289],[129.2892143,35.6830116],[129.2891463,35.6834326],[129.2891434,35.6834506],[129.289051,35.6838895]]},"properties":{"axis":"도로경관축","sub":"울산-포항고속도로 경관축","new":false,"lbl":"","note":"OSM ref 65 motorway","source":"2030 경주시 경관계획 재정비 (2025.04) §4.3 경관축 (T1) — 선형은 OSM (T4)"}},{"type":"Feature","geometry":{"type":"LineString","coordinates":[[129.2888656,35.6825974],[129.2888875,35.6817793],[129.2889646,35.6804136],[129.2889212,35.6795618],[129.2888294,35.6787275],[129.2887214,35.6779438],[129.2884831,35.6771161],[129.2881918,35.6761672],[129.2877542,35.6750995],[129.2873018,35.6741645],[129.2868814,35.6731417],[129.2867504,35.6727991],[129.2862057,35.6715507],[129.2859651,35.6708089],[129.2858384,35.6700539],[129.2857683,35.6691772],[129.28576,35.6681463],[129.2859916,35.6669961]]},"properties":{"axis":"도로경관축","sub":"울산-포항고속도로 경관축","new":false,"lbl":"","note":"OSM ref 65 motorway","source":"2030 경주시 경관계획 재정비 (2025.04) §4.3 경관축 (T1) — 선형은 OSM (T4)"}},{"type":"Feature","geometry":{"type":"LineString","coordinates":[[129.2859916,35.6669961],[129.2861451,35.6664455],[129.2865677,35.6655772],[129.2867445,35.665214],[129.2870397,35.6645869]]},"properties":{"axis":"도로경관축","sub":"울산-포항고속도로 경관축","new":false,"lbl":"","note":"OSM ref 65 motorway","source":"2030 경주시 경관계획 재정비 (2025.04) §4.3 경관축 (T1) — 선형은 OSM (T4)"}},{"type":"Feature","geometry":{"type":"LineString","coordinates":[[129.2870397,35.6645869],[129.2872862,35.6641084]]},"properties":{"axis":"도로경관축","sub":"울산-포항고속도로 경관축","new":false,"lbl":"","note":"OSM ref 65 motorway","source":"2030 경주시 경관계획 재정비 (2025.04) §4.3 경관축 (T1) — 선형은 OSM (T4)"}},{"type":"Feature","geometry":{"type":"LineString","coordinates":[[129.2862926,35.6670346],[129.2860902,35.66814],[129.2861364,35.6691265],[129.2862067,35.6702869],[129.2866748,35.6718617],[129.2876211,35.6740479],[129.2883641,35.6757673],[129.2887219,35.6767041],[129.2890207,35.677784],[129.2892386,35.6791183],[129.2893588,35.6806838],[129.2892549,35.6826289]]},"properties":{"axis":"도로경관축","sub":"울산-포항고속도로 경관축","new":false,"lbl":"","note":"OSM ref 65 motorway","source":"2030 경주시 경관계획 재정비 (2025.04) §4.3 경관축 (T1) — 선형은 OSM (T4)"}},{"type":"Feature","geometry":{"type":"LineString","coordinates":[[129.2874911,35.6645803],[129.2871434,35.6651752],[129.2866859,35.6661215],[129.2862926,35.6670346]]},"properties":{"axis":"도로경관축","sub":"울산-포항고속도로 경관축","new":false,"lbl":"","note":"OSM ref 65 motorway","source":"2030 경주시 경관계획 재정비 (2025.04) §4.3 경관축 (T1) — 선형은 OSM (T4)"}},{"type":"Feature","geometry":{"type":"LineString","coordinates":[[129.2872862,35.6641084],[129.2876197,35.6634858],[129.2876936,35.6633479],[129.2885099,35.6621249],[129.2901077,35.6598698]]},"properties":{"axis":"도로경관축","sub":"울산-포항고속도로 경관축","new":false,"lbl":"","note":"OSM ref 65 motorway","source":"2030 경주시 경관계획 재정비 (2025.04) §4.3 경관축 (T1) — 선형은 OSM (T4)"}},{"type":"Feature","geometry":{"type":"LineString","coordinates":[[129.2878221,35.6639627],[129.2876356,35.6643106],[129.2874911,35.6645803]]},"properties":{"axis":"도로경관축","sub":"울산-포항고속도로 경관축","new":false,"lbl":"","note":"OSM ref 65 motorway","source":"2030 경주시 경관계획 재정비 (2025.04) §4.3 경관축 (T1) — 선형은 OSM (T4)"}},{"type":"Feature","geometry":{"type":"LineString","coordinates":[[129.2895458,35.661376],[129.2886839,35.6626099],[129.2878221,35.6639627]]},"properties":{"axis":"도로경관축","sub":"울산-포항고속도로 경관축","new":false,"lbl":"","note":"OSM ref 65 motorway","source":"2030 경주시 경관계획 재정비 (2025.04) §4.3 경관축 (T1) — 선형은 OSM (T4)"}},{"type":"Feature","geometry":{"type":"LineString","coordinates":[[129.2901077,35.6598698],[129.2912786,35.6580578],[129.2918467,35.6571784],[129.2932583,35.654811]]},"properties":{"axis":"도로경관축","sub":"울산-포항고속도로 경관축","new":false,"lbl":"","note":"OSM ref 65 motorway","source":"2030 경주시 경관계획 재정비 (2025.04) §4.3 경관축 (T1) — 선형은 OSM (T4)"}},{"type":"Feature","geometry":{"type":"LineString","coordinates":[[129.2932583,35.654811],[129.2940089,35.653491]]},"properties":{"axis":"도로경관축","sub":"울산-포항고속도로 경관축","new":false,"lbl":"","note":"OSM ref 65 motorway","source":"2030 경주시 경관계획 재정비 (2025.04) §4.3 경관축 (T1) — 선형은 OSM (T4)"}},{"type":"Feature","geometry":{"type":"LineString","coordinates":[[129.2940089,35.653491],[129.2946238,35.6521786],[129.2952501,35.6506902]]},"properties":{"axis":"도로경관축","sub":"울산-포항고속도로 경관축","new":false,"lbl":"","note":"OSM ref 65 motorway","source":"2030 경주시 경관계획 재정비 (2025.04) §4.3 경관축 (T1) — 선형은 OSM (T4)"}},{"type":"Feature","geometry":{"type":"LineString","coordinates":[[129.294225,35.6538065],[129.2934218,35.655216]]},"properties":{"axis":"도로경관축","sub":"울산-포항고속도로 경관축","new":false,"lbl":"","note":"OSM ref 65 motorway","source":"2030 경주시 경관계획 재정비 (2025.04) §4.3 경관축 (T1) — 선형은 OSM (T4)"}},{"type":"Feature","geometry":{"type":"LineString","coordinates":[[129.2934218,35.655216],[129.292234,35.6572495],[129.2895458,35.661376]]},"properties":{"axis":"도로경관축","sub":"울산-포항고속도로 경관축","new":false,"lbl":"","note":"OSM ref 65 motorway","source":"2030 경주시 경관계획 재정비 (2025.04) §4.3 경관축 (T1) — 선형은 OSM (T4)"}},{"type":"Feature","geometry":{"type":"LineString","coordinates":[[129.1432228,35.8188078],[129.1436519,35.8188092]]},"properties":{"axis":"도로경관축","sub":"국도 4호선 경관축","new":false,"lbl":"","note":"OSM ref 4;35 trunk","source":"2030 경주시 경관계획 재정비 (2025.04) §4.3 경관축 (T1) — 선형은 OSM (T4)"}},{"type":"Feature","geometry":{"type":"LineString","coordinates":[[129.1436519,35.8188092],[129.1446234,35.8188341],[129.1465071,35.8188503],[129.1472968,35.8188915]]},"properties":{"axis":"도로경관축","sub":"국도 4호선 경관축","new":false,"lbl":"","note":"OSM ref 4;35 trunk","source":"2030 경주시 경관계획 재정비 (2025.04) §4.3 경관축 (T1) — 선형은 OSM (T4)"}},{"type":"Feature","geometry":{"type":"LineString","coordinates":[[129.4245581,35.8033644],[129.424784,35.8034749],[129.4252866,35.8037025],[129.4256655,35.8037811],[129.4261466,35.8037723],[129.4265903,35.8036582],[129.4269264,35.8034562],[129.4271683,35.8031933],[129.4273403,35.8028743],[129.4275024,35.8025413],[129.4276713,35.8021963],[129.4278151,35.8019217],[129.4280532,35.8016017],[129.4283379,35.8013388],[129.4286861,35.8011496],[129.4291279,35.8009935],[129.4294707,35.8009745],[129.4299881,35.8009876],[129.4304211,35.8009637],[129.4304963,35.8009487],[129.430842,35.8008797],[129.431226,35.8006719],[129.431776,35.80032],[129.432,35.80017]]},"properties":{"axis":"도로경관축","sub":"동해바다로(경감로) 자전거도로 경관축","new":false,"lbl":"","note":"자전거도로 경관축","source":"2030 경주시 경관계획 재정비 (2025.04) §4.3 경관축 (T1) — 선형은 OSM (T4)"}},{"type":"Feature","geometry":{"type":"LineString","coordinates":[[128.9823768,36.0084809],[128.9827538,36.0087006],[128.9831614,36.0089501],[128.9839449,36.0094396]]},"properties":{"axis":"도로경관축","sub":"국도 28호선 경관축","new":false,"lbl":"","note":"OSM ref 28 trunk","source":"2030 경주시 경관계획 재정비 (2025.04) §4.3 경관축 (T1) — 선형은 OSM (T4)"}},{"type":"Feature","geometry":{"type":"LineString","coordinates":[[128.9775595,36.0057807],[128.9779488,36.005946],[128.9783261,36.0061195],[128.9787524,36.0063222],[128.97906,36.0065],[128.9794924,36.0067322],[128.979988,36.0070375],[128.980358,36.0072558],[128.9807207,36.0074671],[128.9811188,36.0077101],[128.9815149,36.0079509],[128.9823768,36.0084809]]},"properties":{"axis":"도로경관축","sub":"국도 28호선 경관축","new":false,"lbl":"","note":"OSM ref 28 trunk","source":"2030 경주시 경관계획 재정비 (2025.04) §4.3 경관축 (T1) — 선형은 OSM (T4)"}},{"type":"Feature","geometry":{"type":"LineString","coordinates":[[129.4903811,35.7852762],[129.4903825,35.7853292],[129.4903914,35.7854511],[129.4904001,35.7855814],[129.4904034,35.7857014],[129.4904029,35.7857747],[129.4904002,35.7858511],[129.4903876,35.785958],[129.4903713,35.7860597],[129.4903459,35.786195],[129.490305,35.7864125],[129.4902955,35.7865038],[129.4902922,35.7865908],[129.4902962,35.7866915],[129.4903112,35.7868226],[129.4903307,35.7869528],[129.4903536,35.7870912],[129.4903765,35.787223],[129.4904176,35.7874279],[129.4906298,35.7884844],[129.4906669,35.7886565],[129.4906895,35.788761],[129.4907056,35.788802],[129.4907446,35.788884],[129.4907979,35.7889819],[129.4908461,35.7890702],[129.4908648,35.7891045],[129.4908929,35.7891561],[129.491052,35.7894214],[129.4911524,35.7895857],[129.4911681,35.7896112],[129.4912623,35.7897653],[129.4914143,35.790017],[129.4915962,35.7903182],[129.4916256,35.7903695],[129.4916478,35.7904215],[129.4916647,35.7904736],[129.4916736,35.7905189],[129.4916774,35.7905679],[129.4916761,35.790617],[129.4916646,35.7906707],[129.4916385,35.7907603],[129.4916173,35.7908328],[129.4916043,35.7908953],[129.4915973,35.7909503],[129.4915958,35.7910057],[129.4916024,35.7910636],[129.4916136,35.7911216],[129.4916279,35.7911799],[129.4916462,35.7912258],[129.4916732,35.7912778]]},"properties":{"axis":"도로경관축","sub":"국도 4호선 경관축","new":false,"lbl":"","note":"OSM ref 4 tertiary","source":"2030 경주시 경관계획 재정비 (2025.04) §4.3 경관축 (T1) — 선형은 OSM (T4)"}},{"type":"Feature","geometry":{"type":"LineString","coordinates":[[129.109072,35.8502886],[129.1094784,35.8499977],[129.1103631,35.8494056]]},"properties":{"axis":"도로경관축","sub":"국도 4호선 경관축","new":false,"lbl":"","note":"OSM ref 4;35 trunk","source":"2030 경주시 경관계획 재정비 (2025.04) §4.3 경관축 (T1) — 선형은 OSM (T4)"}},{"type":"Feature","geometry":{"type":"LineString","coordinates":[[129.105879,35.85338],[129.1062484,35.8530244],[129.1076627,35.851634],[129.1086572,35.8506457],[129.109072,35.8502886]]},"properties":{"axis":"도로경관축","sub":"국도 4호선 경관축","new":false,"lbl":"","note":"OSM ref 4;35 trunk","source":"2030 경주시 경관계획 재정비 (2025.04) §4.3 경관축 (T1) — 선형은 OSM (T4)"}},{"type":"Feature","geometry":{"type":"LineString","coordinates":[[129.1247849,35.8343449],[129.124898,35.8342003],[129.1250566,35.834022],[129.1252716,35.8338008],[129.1255316,35.8335738],[129.125856,35.8333301],[129.1266391,35.832804]]},"properties":{"axis":"도로경관축","sub":"국도 4호선 경관축","new":false,"lbl":"","note":"OSM ref 4;35 trunk","source":"2030 경주시 경관계획 재정비 (2025.04) §4.3 경관축 (T1) — 선형은 OSM (T4)"}},{"type":"Feature","geometry":{"type":"LineString","coordinates":[[129.1244697,35.834828],[129.1246112,35.8345968],[129.1247849,35.8343449]]},"properties":{"axis":"도로경관축","sub":"국도 4호선 경관축","new":false,"lbl":"","note":"OSM ref 4;35 trunk","source":"2030 경주시 경관계획 재정비 (2025.04) §4.3 경관축 (T1) — 선형은 OSM (T4)"}},{"type":"Feature","geometry":{"type":"LineString","coordinates":[[129.1272456,35.8324053],[129.1280948,35.8318269],[129.1288286,35.8312928],[129.1292604,35.8309483],[129.1296788,35.8306021]]},"properties":{"axis":"도로경관축","sub":"국도 4호선 경관축","new":false,"lbl":"","note":"OSM ref 4;35 trunk","source":"2030 경주시 경관계획 재정비 (2025.04) §4.3 경관축 (T1) — 선형은 OSM (T4)"}},{"type":"Feature","geometry":{"type":"LineString","coordinates":[[129.1266391,35.832804],[129.1272456,35.8324053]]},"properties":{"axis":"도로경관축","sub":"국도 4호선 경관축","new":false,"lbl":"","note":"OSM ref 4;35 trunk","source":"2030 경주시 경관계획 재정비 (2025.04) §4.3 경관축 (T1) — 선형은 OSM (T4)"}},{"type":"Feature","geometry":{"type":"LineString","coordinates":[[128.9754088,36.0050012],[128.9762624,36.0052841],[128.9771112,36.0055987],[128.9775595,36.0057807]]},"properties":{"axis":"도로경관축","sub":"국도 28호선 경관축","new":false,"lbl":"","note":"OSM ref 28 trunk","source":"2030 경주시 경관계획 재정비 (2025.04) §4.3 경관축 (T1) — 선형은 OSM (T4)"}},{"type":"Feature","geometry":{"type":"LineString","coordinates":[[128.9709052,36.0041585],[128.9722046,36.0043545],[128.9728644,36.004437],[128.9735746,36.0045564],[128.9742487,36.0047003],[128.9747688,36.0048297],[128.9748759,36.0048564],[128.9754088,36.0050012]]},"properties":{"axis":"도로경관축","sub":"국도 28호선 경관축","new":false,"lbl":"","note":"OSM ref 28 trunk","source":"2030 경주시 경관계획 재정비 (2025.04) §4.3 경관축 (T1) — 선형은 OSM (T4)"}},{"type":"Feature","geometry":{"type":"LineString","coordinates":[[129.3217369,35.778241],[129.3219729,35.7780539]]},"properties":{"axis":"도로경관축","sub":"국도 4호선 경관축","new":false,"lbl":"","note":"OSM ref 4 primary","source":"2030 경주시 경관계획 재정비 (2025.04) §4.3 경관축 (T1) — 선형은 OSM (T4)"}},{"type":"Feature","geometry":{"type":"LineString","coordinates":[[129.3219729,35.7780539],[129.3223136,35.7778104],[129.322665,35.7776056],[129.324392,35.7767482],[129.3256963,35.7760789],[129.3263704,35.7757551],[129.3268523,35.77554],[129.3283429,35.774768],[129.3287881,35.7745591],[129.3292281,35.7743458],[129.3298516,35.7740477]]},"properties":{"axis":"도로경관축","sub":"국도 4호선 경관축","new":false,"lbl":"","note":"OSM ref 4 primary","source":"2030 경주시 경관계획 재정비 (2025.04) §4.3 경관축 (T1) — 선형은 OSM (T4)"}},{"type":"Feature","geometry":{"type":"LineString","coordinates":[[129.3298516,35.7740477],[129.3299902,35.7739751],[129.3306383,35.7736359]]},"properties":{"axis":"도로경관축","sub":"국도 4호선 경관축","new":false,"lbl":"","note":"OSM ref 4 primary","source":"2030 경주시 경관계획 재정비 (2025.04) §4.3 경관축 (T1) — 선형은 OSM (T4)"}},{"type":"Feature","geometry":{"type":"LineString","coordinates":[[129.3306383,35.7736359],[129.3309812,35.7734419],[129.3314234,35.7731946],[129.3318955,35.7729171],[129.3324293,35.7725776],[129.3331685,35.7720763],[129.3333181,35.7719714],[129.3338576,35.771593],[129.3342024,35.7713829],[129.3347057,35.7710679]]},"properties":{"axis":"도로경관축","sub":"국도 4호선 경관축","new":false,"lbl":"","note":"OSM ref 4 primary","source":"2030 경주시 경관계획 재정비 (2025.04) §4.3 경관축 (T1) — 선형은 OSM (T4)"}},{"type":"Feature","geometry":{"type":"LineString","coordinates":[[129.3939429,35.7907183],[129.3949459,35.790963],[129.3954991,35.791094],[129.3966473,35.7913486],[129.3974959,35.791572],[129.4000408,35.7922525]]},"properties":{"axis":"도로경관축","sub":"국도 4호선 경관축","new":false,"lbl":"","note":"OSM ref 4 primary","source":"2030 경주시 경관계획 재정비 (2025.04) §4.3 경관축 (T1) — 선형은 OSM (T4)"}},{"type":"Feature","geometry":{"type":"LineString","coordinates":[[129.3936802,35.7906718],[129.3939429,35.7907183]]},"properties":{"axis":"도로경관축","sub":"국도 4호선 경관축","new":false,"lbl":"","note":"OSM ref 4 primary","source":"2030 경주시 경관계획 재정비 (2025.04) §4.3 경관축 (T1) — 선형은 OSM (T4)"}},{"type":"Feature","geometry":{"type":"LineString","coordinates":[[128.9886057,35.8573406],[128.989669,35.8572803],[128.9929225,35.8570105]]},"properties":{"axis":"도로경관축","sub":"고속철도 경관축","new":true,"lbl":"","note":"OSM 경부고속선","source":"2030 경주시 경관계획 재정비 (2025.04) §4.3 경관축 (T1) — 선형은 OSM (T4)"}},{"type":"Feature","geometry":{"type":"LineString","coordinates":[[128.9886083,35.8572865],[128.9879789,35.8573222]]},"properties":{"axis":"도로경관축","sub":"고속철도 경관축","new":true,"lbl":"","note":"OSM 경부고속선","source":"2030 경주시 경관계획 재정비 (2025.04) §4.3 경관축 (T1) — 선형은 OSM (T4)"}},{"type":"Feature","geometry":{"type":"LineString","coordinates":[[128.9929225,35.8570105],[128.9978446,35.8564145],[129.0014185,35.8558545]]},"properties":{"axis":"도로경관축","sub":"고속철도 경관축","new":true,"lbl":"","note":"OSM 경부고속선","source":"2030 경주시 경관계획 재정비 (2025.04) §4.3 경관축 (T1) — 선형은 OSM (T4)"}},{"type":"Feature","geometry":{"type":"LineString","coordinates":[[128.9929142,35.856957],[128.9896633,35.8572266],[128.9886083,35.8572865]]},"properties":{"axis":"도로경관축","sub":"고속철도 경관축","new":true,"lbl":"","note":"OSM 경부고속선","source":"2030 경주시 경관계획 재정비 (2025.04) §4.3 경관축 (T1) — 선형은 OSM (T4)"}},{"type":"Feature","geometry":{"type":"LineString","coordinates":[[129.0014185,35.8558545],[129.0024754,35.8556889]]},"properties":{"axis":"도로경관축","sub":"고속철도 경관축","new":true,"lbl":"","note":"OSM 경부고속선","source":"2030 경주시 경관계획 재정비 (2025.04) §4.3 경관축 (T1) — 선형은 OSM (T4)"}},{"type":"Feature","geometry":{"type":"LineString","coordinates":[[129.0013944,35.8558034],[128.9978334,35.8563614],[128.9929142,35.856957]]},"properties":{"axis":"도로경관축","sub":"고속철도 경관축","new":true,"lbl":"","note":"OSM 경부고속선","source":"2030 경주시 경관계획 재정비 (2025.04) §4.3 경관축 (T1) — 선형은 OSM (T4)"}},{"type":"Feature","geometry":{"type":"LineString","coordinates":[[129.0024754,35.8556889],[129.0031899,35.8555769],[129.0071409,35.8548049]]},"properties":{"axis":"도로경관축","sub":"고속철도 경관축","new":true,"lbl":"","note":"OSM 경부고속선","source":"2030 경주시 경관계획 재정비 (2025.04) §4.3 경관축 (T1) — 선형은 OSM (T4)"}},{"type":"Feature","geometry":{"type":"LineString","coordinates":[[129.0024601,35.8556364],[129.0013944,35.8558034]]},"properties":{"axis":"도로경관축","sub":"고속철도 경관축","new":true,"lbl":"","note":"OSM 경부고속선","source":"2030 경주시 경관계획 재정비 (2025.04) §4.3 경관축 (T1) — 선형은 OSM (T4)"}},{"type":"Feature","geometry":{"type":"LineString","coordinates":[[129.2927969,35.9979442],[129.2931525,35.9980453],[129.2937103,35.9981323],[129.2953232,35.9983564],[129.3000015,35.9986095],[129.3029206,35.9989263]]},"properties":{"axis":"도로경관축","sub":"국도 7호선 경관축","new":false,"lbl":"","note":"OSM ref 7 trunk","source":"2030 경주시 경관계획 재정비 (2025.04) §4.3 경관축 (T1) — 선형은 OSM (T4)"}},{"type":"Feature","geometry":{"type":"LineString","coordinates":[[129.1736973,35.9921707],[129.1742372,35.9924189]]},"properties":{"axis":"도로경관축","sub":"국도 28호선 경관축","new":false,"lbl":"","note":"OSM ref 28 trunk","source":"2030 경주시 경관계획 재정비 (2025.04) §4.3 경관축 (T1) — 선형은 OSM (T4)"}},{"type":"Feature","geometry":{"type":"LineString","coordinates":[[129.1623498,35.9886925],[129.1635981,35.9890203],[129.1647471,35.989368],[129.1659371,35.9897018],[129.16713,35.99009],[129.1675941,35.9902261],[129.16907,35.99067],[129.169789,35.9908536]]},"properties":{"axis":"도로경관축","sub":"국도 28호선 경관축","new":false,"lbl":"","note":"OSM ref 28 trunk","source":"2030 경주시 경관계획 재정비 (2025.04) §4.3 경관축 (T1) — 선형은 OSM (T4)"}},{"type":"Feature","geometry":{"type":"LineString","coordinates":[[128.9623328,36.0029853],[128.9626759,36.0030328],[128.9631405,36.0030874]]},"properties":{"axis":"도로경관축","sub":"국도 28호선 경관축","new":false,"lbl":"","note":"OSM ref 28 trunk","source":"2030 경주시 경관계획 재정비 (2025.04) §4.3 경관축 (T1) — 선형은 OSM (T4)"}},{"type":"Feature","geometry":{"type":"LineString","coordinates":[[128.9631405,36.0030874],[128.9643208,36.0032303],[128.9653003,36.0033592],[128.9659587,36.0034459],[128.9671031,36.0036124],[128.9683798,36.0038229],[128.9704612,36.0040962]]},"properties":{"axis":"도로경관축","sub":"국도 28호선 경관축","new":false,"lbl":"","note":"OSM ref 28 trunk","source":"2030 경주시 경관계획 재정비 (2025.04) §4.3 경관축 (T1) — 선형은 OSM (T4)"}},{"type":"Feature","geometry":{"type":"LineString","coordinates":[[129.0096363,35.760683],[129.00932,35.76058],[129.00876,35.76046],[129.00833,35.76036]]},"properties":{"axis":"도로경관축","sub":"국도 20호선 경관축","new":false,"lbl":"","note":"OSM ref 20 primary","source":"2030 경주시 경관계획 재정비 (2025.04) §4.3 경관축 (T1) — 선형은 OSM (T4)"}},{"type":"Feature","geometry":{"type":"LineString","coordinates":[[129.0421594,35.7576617],[129.0421261,35.7576665],[129.0418859,35.7577009],[129.0417088,35.7577227],[129.04154,35.75772],[129.0399875,35.7576819],[129.03828,35.75764],[129.0357879,35.7575764],[129.03548,35.75759],[129.03477,35.75764],[129.034186,35.7577042],[129.03377,35.75775],[129.03272,35.75785],[129.0319346,35.7579409],[129.03177,35.75796],[129.03083,35.75806],[129.0305799,35.7580887],[129.02996,35.75816],[129.02893,35.75828],[129.0285474,35.7583229],[129.02795,35.75839],[129.02727,35.75847],[129.02665,35.75859],[129.0258,35.75881],[129.02485,35.75907],[129.02409,35.75928],[129.0236466,35.7594485],[129.02359,35.75947],[129.023463,35.7595241]]},"properties":{"axis":"도로경관축","sub":"국도 20호선 경관축","new":false,"lbl":"","note":"OSM ref 20 primary","source":"2030 경주시 경관계획 재정비 (2025.04) §4.3 경관축 (T1) — 선형은 OSM (T4)"}},{"type":"Feature","geometry":{"type":"LineString","coordinates":[[129.4163149,35.7965337],[129.4172005,35.7967207],[129.4176211,35.7968017],[129.4186137,35.7970254],[129.4200664,35.7973529],[129.4212359,35.7976037]]},"properties":{"axis":"도로경관축","sub":"국도 4호선 경관축","new":false,"lbl":"","note":"OSM ref 4 primary","source":"2030 경주시 경관계획 재정비 (2025.04) §4.3 경관축 (T1) — 선형은 OSM (T4)"}},{"type":"Feature","geometry":{"type":"LineString","coordinates":[[129.3825793,35.7777382],[129.3832756,35.7793408],[129.3837278,35.7801499],[129.3841323,35.7808958],[129.3845073,35.7816365],[129.3849187,35.7824912],[129.385305,35.7833181],[129.3859487,35.7848673],[129.3862974,35.7856432],[129.3865281,35.7861031],[129.3867858,35.7864388],[129.3871167,35.7868445],[129.387571,35.7873436],[129.3879756,35.7877622],[129.3885156,35.7882247],[129.3890333,35.7886458],[129.3896984,35.7890809],[129.3904065,35.7894725],[129.3910717,35.7897946],[129.3918869,35.7901161]]},"properties":{"axis":"도로경관축","sub":"국도 4호선 경관축","new":false,"lbl":"","note":"OSM ref 4 primary","source":"2030 경주시 경관계획 재정비 (2025.04) §4.3 경관축 (T1) — 선형은 OSM (T4)"}},{"type":"Feature","geometry":{"type":"LineString","coordinates":[[128.9867855,36.0111652],[128.9871222,36.0113764]]},"properties":{"axis":"도로경관축","sub":"국도 28호선 경관축","new":false,"lbl":"","note":"OSM ref 28 trunk","source":"2030 경주시 경관계획 재정비 (2025.04) §4.3 경관축 (T1) — 선형은 OSM (T4)"}},{"type":"Feature","geometry":{"type":"LineString","coordinates":[[128.9839449,36.0094396],[128.9867855,36.0111652]]},"properties":{"axis":"도로경관축","sub":"국도 28호선 경관축","new":false,"lbl":"","note":"OSM ref 28 trunk","source":"2030 경주시 경관계획 재정비 (2025.04) §4.3 경관축 (T1) — 선형은 OSM (T4)"}},{"type":"Feature","geometry":{"type":"LineString","coordinates":[[129.3593285,36.0400679],[129.3591372,36.0409807],[129.3589954,36.0416578],[129.3588837,36.0422334],[129.3588571,36.0424239],[129.3587792,36.0431678],[129.358717,36.0436799],[129.3585672,36.0444307],[129.3584965,36.0448545],[129.3584432,36.0451726],[129.3584055,36.0456044],[129.3583857,36.0457848]]},"properties":{"axis":"도로경관축","sub":"국도 7호선 경관축","new":false,"lbl":"","note":"OSM ref 7 primary","source":"2030 경주시 경관계획 재정비 (2025.04) §4.3 경관축 (T1) — 선형은 OSM (T4)"}},{"type":"Feature","geometry":{"type":"LineString","coordinates":[[129.3597762,36.0374745],[129.3598238,36.0376499],[129.3598533,36.0378819],[129.3598051,36.0381487],[129.3596353,36.0388598],[129.3596107,36.0389968],[129.3593285,36.0400679]]},"properties":{"axis":"도로경관축","sub":"국도 7호선 경관축","new":false,"lbl":"","note":"OSM ref 7 primary","source":"2030 경주시 경관계획 재정비 (2025.04) §4.3 경관축 (T1) — 선형은 OSM (T4)"}},{"type":"Feature","geometry":{"type":"LineString","coordinates":[[129.359701,36.037486],[129.359674,36.0374256],[129.3596308,36.0373473],[129.3594508,36.0369733],[129.3593483,36.0368201]]},"properties":{"axis":"도로경관축","sub":"국도 7호선 경관축","new":false,"lbl":"","note":"OSM ref 7 primary","source":"2030 경주시 경관계획 재정비 (2025.04) §4.3 경관축 (T1) — 선형은 OSM (T4)"}},{"type":"Feature","geometry":{"type":"LineString","coordinates":[[129.3302861,35.6914015],[129.3306697,35.6913132]]},"properties":{"axis":"도로경관축","sub":"국도 7호선 경관축","new":false,"lbl":"","note":"OSM ref 7 trunk","source":"2030 경주시 경관계획 재정비 (2025.04) §4.3 경관축 (T1) — 선형은 OSM (T4)"}},{"type":"Feature","geometry":{"type":"LineString","coordinates":[[129.3270257,35.6921809],[129.3289813,35.6917046],[129.3302861,35.6914015]]},"properties":{"axis":"도로경관축","sub":"국도 7호선 경관축","new":false,"lbl":"","note":"OSM ref 7 trunk","source":"2030 경주시 경관계획 재정비 (2025.04) §4.3 경관축 (T1) — 선형은 OSM (T4)"}},{"type":"Feature","geometry":{"type":"LineString","coordinates":[[129.3265667,35.6922811],[129.3270257,35.6921809]]},"properties":{"axis":"도로경관축","sub":"국도 7호선 경관축","new":false,"lbl":"","note":"OSM ref 7 trunk","source":"2030 경주시 경관계획 재정비 (2025.04) §4.3 경관축 (T1) — 선형은 OSM (T4)"}},{"type":"Feature","geometry":{"type":"LineString","coordinates":[[129.3269103,35.6925726],[129.3253271,35.6929785],[129.3240506,35.6932498]]},"properties":{"axis":"도로경관축","sub":"국도 7호선 경관축","new":false,"lbl":"","note":"OSM ref 7 trunk","source":"2030 경주시 경관계획 재정비 (2025.04) §4.3 경관축 (T1) — 선형은 OSM (T4)"}},{"type":"Feature","geometry":{"type":"LineString","coordinates":[[129.3271,35.6925296],[129.3269103,35.6925726]]},"properties":{"axis":"도로경관축","sub":"국도 7호선 경관축","new":false,"lbl":"","note":"OSM ref 7 trunk","source":"2030 경주시 경관계획 재정비 (2025.04) §4.3 경관축 (T1) — 선형은 OSM (T4)"}},{"type":"Feature","geometry":{"type":"LineString","coordinates":[[129.328724,35.6921267],[129.3271,35.6925296]]},"properties":{"axis":"도로경관축","sub":"국도 7호선 경관축","new":false,"lbl":"","note":"OSM ref 7 trunk","source":"2030 경주시 경관계획 재정비 (2025.04) §4.3 경관축 (T1) — 선형은 OSM (T4)"}},{"type":"Feature","geometry":{"type":"LineString","coordinates":[[129.3173022,35.6944304],[129.3188131,35.694184]]},"properties":{"axis":"도로경관축","sub":"국도 7호선 경관축","new":false,"lbl":"","note":"OSM ref 7 trunk","source":"2030 경주시 경관계획 재정비 (2025.04) §4.3 경관축 (T1) — 선형은 OSM (T4)"}},{"type":"Feature","geometry":{"type":"LineString","coordinates":[[129.3188131,35.694184],[129.3203781,35.6938259],[129.320956,35.6936632],[129.3215339,35.6934743]]},"properties":{"axis":"도로경관축","sub":"국도 7호선 경관축","new":false,"lbl":"","note":"OSM ref 7 trunk","source":"2030 경주시 경관계획 재정비 (2025.04) §4.3 경관축 (T1) — 선형은 OSM (T4)"}},{"type":"Feature","geometry":{"type":"LineString","coordinates":[[129.3215339,35.6934743],[129.3220846,35.6933038]]},"properties":{"axis":"도로경관축","sub":"국도 7호선 경관축","new":false,"lbl":"","note":"OSM ref 7 trunk","source":"2030 경주시 경관계획 재정비 (2025.04) §4.3 경관축 (T1) — 선형은 OSM (T4)"}},{"type":"Feature","geometry":{"type":"LineString","coordinates":[[129.3220846,35.6933038],[129.3237518,35.6929144]]},"properties":{"axis":"도로경관축","sub":"국도 7호선 경관축","new":false,"lbl":"","note":"OSM ref 7 trunk","source":"2030 경주시 경관계획 재정비 (2025.04) §4.3 경관축 (T1) — 선형은 OSM (T4)"}},{"type":"Feature","geometry":{"type":"LineString","coordinates":[[129.3237518,35.6929144],[129.3265667,35.6922811]]},"properties":{"axis":"도로경관축","sub":"국도 7호선 경관축","new":false,"lbl":"","note":"OSM ref 7 trunk","source":"2030 경주시 경관계획 재정비 (2025.04) §4.3 경관축 (T1) — 선형은 OSM (T4)"}},{"type":"Feature","geometry":{"type":"LineString","coordinates":[[129.3240506,35.6932498],[129.3224949,35.6935678],[129.3223031,35.6936027]]},"properties":{"axis":"도로경관축","sub":"국도 7호선 경관축","new":false,"lbl":"","note":"OSM ref 7 trunk","source":"2030 경주시 경관계획 재정비 (2025.04) §4.3 경관축 (T1) — 선형은 OSM (T4)"}},{"type":"Feature","geometry":{"type":"LineString","coordinates":[[129.3218127,35.6936918],[129.3216795,35.6937159],[129.3188765,35.6942577]]},"properties":{"axis":"도로경관축","sub":"국도 7호선 경관축","new":false,"lbl":"","note":"OSM ref 7 trunk","source":"2030 경주시 경관계획 재정비 (2025.04) §4.3 경관축 (T1) — 선형은 OSM (T4)"}},{"type":"Feature","geometry":{"type":"LineString","coordinates":[[129.3223031,35.6936027],[129.3218127,35.6936918]]},"properties":{"axis":"도로경관축","sub":"국도 7호선 경관축","new":false,"lbl":"","note":"OSM ref 7 trunk","source":"2030 경주시 경관계획 재정비 (2025.04) §4.3 경관축 (T1) — 선형은 OSM (T4)"}},{"type":"Feature","geometry":{"type":"LineString","coordinates":[[129.3155395,35.6947617],[129.3159328,35.6946847]]},"properties":{"axis":"도로경관축","sub":"국도 7호선 경관축","new":false,"lbl":"","note":"OSM ref 7 trunk","source":"2030 경주시 경관계획 재정비 (2025.04) §4.3 경관축 (T1) — 선형은 OSM (T4)"}},{"type":"Feature","geometry":{"type":"LineString","coordinates":[[129.3159328,35.6946847],[129.3173022,35.6944304]]},"properties":{"axis":"도로경관축","sub":"국도 7호선 경관축","new":false,"lbl":"","note":"OSM ref 7 trunk","source":"2030 경주시 경관계획 재정비 (2025.04) §4.3 경관축 (T1) — 선형은 OSM (T4)"}},{"type":"Feature","geometry":{"type":"LineString","coordinates":[[129.3159554,35.6947519],[129.3159179,35.6947584],[129.3155715,35.6948262]]},"properties":{"axis":"도로경관축","sub":"국도 7호선 경관축","new":false,"lbl":"","note":"OSM ref 7 trunk","source":"2030 경주시 경관계획 재정비 (2025.04) §4.3 경관축 (T1) — 선형은 OSM (T4)"}},{"type":"Feature","geometry":{"type":"LineString","coordinates":[[129.3155715,35.6948262],[129.3153948,35.6948608],[129.3136072,35.6951439],[129.3124162,35.6953853],[129.3113983,35.6955402],[129.3101591,35.6958151]]},"properties":{"axis":"도로경관축","sub":"국도 7호선 경관축","new":false,"lbl":"","note":"OSM ref 7 trunk","source":"2030 경주시 경관계획 재정비 (2025.04) §4.3 경관축 (T1) — 선형은 OSM (T4)"}},{"type":"Feature","geometry":{"type":"LineString","coordinates":[[129.3175566,35.6944766],[129.3173666,35.6945089],[129.3159554,35.6947519]]},"properties":{"axis":"도로경관축","sub":"국도 7호선 경관축","new":false,"lbl":"","note":"OSM ref 7 trunk","source":"2030 경주시 경관계획 재정비 (2025.04) §4.3 경관축 (T1) — 선형은 OSM (T4)"}},{"type":"Feature","geometry":{"type":"LineString","coordinates":[[129.3188765,35.6942577],[129.3175566,35.6944766]]},"properties":{"axis":"도로경관축","sub":"국도 7호선 경관축","new":false,"lbl":"","note":"OSM ref 7 trunk","source":"2030 경주시 경관계획 재정비 (2025.04) §4.3 경관축 (T1) — 선형은 OSM (T4)"}},{"type":"Feature","geometry":{"type":"LineString","coordinates":[[129.3096469,35.6958571],[129.3101498,35.6957245]]},"properties":{"axis":"도로경관축","sub":"국도 7호선 경관축","new":false,"lbl":"","note":"OSM ref 7 trunk","source":"2030 경주시 경관계획 재정비 (2025.04) §4.3 경관축 (T1) — 선형은 OSM (T4)"}},{"type":"Feature","geometry":{"type":"LineString","coordinates":[[129.3101498,35.6957245],[129.311288,35.6954745],[129.3128713,35.6951756],[129.3155395,35.6947617]]},"properties":{"axis":"도로경관축","sub":"국도 7호선 경관축","new":false,"lbl":"","note":"OSM ref 7 trunk","source":"2030 경주시 경관계획 재정비 (2025.04) §4.3 경관축 (T1) — 선형은 OSM (T4)"}},{"type":"Feature","geometry":{"type":"LineString","coordinates":[[129.3096776,35.695947],[129.3092572,35.6960723],[129.3089338,35.6961705],[129.3084128,35.6963754],[129.3079177,35.696603],[129.3074475,35.6968559],[129.306901,35.6970587],[129.3068819,35.6970714],[129.306218,35.6975128],[129.3056588,35.6978778],[129.3053933,35.698056],[129.3048588,35.6985375],[129.3038885,35.6993927],[129.3034379,35.6999329],[129.3026922,35.7011614]]},"properties":{"axis":"도로경관축","sub":"국도 7호선 경관축","new":false,"lbl":"","note":"OSM ref 7 trunk","source":"2030 경주시 경관계획 재정비 (2025.04) §4.3 경관축 (T1) — 선형은 OSM (T4)"}},{"type":"Feature","geometry":{"type":"LineString","coordinates":[[129.3101591,35.6958151],[129.3096776,35.695947]]},"properties":{"axis":"도로경관축","sub":"국도 7호선 경관축","new":false,"lbl":"","note":"OSM ref 7 trunk","source":"2030 경주시 경관계획 재정비 (2025.04) §4.3 경관축 (T1) — 선형은 OSM (T4)"}},{"type":"Feature","geometry":{"type":"LineString","coordinates":[[129.3026086,35.7011242],[129.3030631,35.7003137],[129.3035458,35.6996532],[129.3043551,35.6988556],[129.3052692,35.6980374],[129.3055666,35.6975766],[129.3062197,35.6967512],[129.3063671,35.6966224],[129.3064536,35.6965575],[129.3066156,35.6964444],[129.30673,35.6963822],[129.3072733,35.6962848],[129.3074494,35.6962656],[129.3076677,35.6962456],[129.3089063,35.6960732],[129.3093076,35.6959702],[129.3096469,35.6958571]]},"properties":{"axis":"도로경관축","sub":"국도 7호선 경관축","new":false,"lbl":"","note":"OSM ref 7 trunk","source":"2030 경주시 경관계획 재정비 (2025.04) §4.3 경관축 (T1) — 선형은 OSM (T4)"}},{"type":"Feature","geometry":{"type":"LineString","coordinates":[[129.2865649,35.7124378],[129.2880504,35.7124889],[129.2885654,35.7124976],[129.288969,35.7124941],[129.2895357,35.7124648],[129.2902144,35.7124086],[129.2913151,35.7122752]]},"properties":{"axis":"도로경관축","sub":"국도 7호선 경관축","new":false,"lbl":"","note":"OSM ref 7 trunk","source":"2030 경주시 경관계획 재정비 (2025.04) §4.3 경관축 (T1) — 선형은 OSM (T4)"}},{"type":"Feature","geometry":{"type":"LineString","coordinates":[[129.2913391,35.7123592],[129.2894518,35.7125704],[129.288475,35.7126222],[129.2865753,35.7126993]]},"properties":{"axis":"도로경관축","sub":"국도 7호선 경관축","new":false,"lbl":"","note":"OSM ref 7 trunk","source":"2030 경주시 경관계획 재정비 (2025.04) §4.3 경관축 (T1) — 선형은 OSM (T4)"}},{"type":"Feature","geometry":{"type":"LineString","coordinates":[[129.286888,35.7121455],[129.2865104,35.7112991]]},"properties":{"axis":"도로경관축","sub":"울산-포항고속도로 경관축","new":false,"lbl":"","note":"OSM ref 65 motorway","source":"2030 경주시 경관계획 재정비 (2025.04) §4.3 경관축 (T1) — 선형은 OSM (T4)"}},{"type":"Feature","geometry":{"type":"LineString","coordinates":[[129.2870692,35.7125459],[129.286888,35.7121455]]},"properties":{"axis":"도로경관축","sub":"울산-포항고속도로 경관축","new":false,"lbl":"","note":"OSM ref 65 motorway","source":"2030 경주시 경관계획 재정비 (2025.04) §4.3 경관축 (T1) — 선형은 OSM (T4)"}},{"type":"Feature","geometry":{"type":"LineString","coordinates":[[129.2913151,35.7122752],[129.2927704,35.7120495],[129.2932304,35.7119267],[129.2934048,35.7118801],[129.2942056,35.7116671],[129.2956036,35.7111112]]},"properties":{"axis":"도로경관축","sub":"국도 7호선 경관축","new":false,"lbl":"","note":"OSM ref 7 trunk","source":"2030 경주시 경관계획 재정비 (2025.04) §4.3 경관축 (T1) — 선형은 OSM (T4)"}},{"type":"Feature","geometry":{"type":"LineString","coordinates":[[129.2961055,35.7109669],[129.2956312,35.7111968]]},"properties":{"axis":"도로경관축","sub":"국도 7호선 경관축","new":false,"lbl":"","note":"OSM ref 7 trunk","source":"2030 경주시 경관계획 재정비 (2025.04) §4.3 경관축 (T1) — 선형은 OSM (T4)"}},{"type":"Feature","geometry":{"type":"LineString","coordinates":[[129.2956312,35.7111968],[129.294292,35.7117278],[129.2932638,35.7120208],[129.2930708,35.7120758],[129.292154,35.7122523],[129.2913391,35.7123592]]},"properties":{"axis":"도로경관축","sub":"국도 7호선 경관축","new":false,"lbl":"","note":"OSM ref 7 trunk","source":"2030 경주시 경관계획 재정비 (2025.04) §4.3 경관축 (T1) — 선형은 OSM (T4)"}},{"type":"Feature","geometry":{"type":"LineString","coordinates":[[129.2956036,35.7111112],[129.2960507,35.710904]]},"properties":{"axis":"도로경관축","sub":"국도 7호선 경관축","new":false,"lbl":"","note":"OSM ref 7 trunk","source":"2030 경주시 경관계획 재정비 (2025.04) §4.3 경관축 (T1) — 선형은 OSM (T4)"}},{"type":"Feature","geometry":{"type":"LineString","coordinates":[[129.2960507,35.710904],[129.2968466,35.7104265],[129.2976516,35.7098521]]},"properties":{"axis":"도로경관축","sub":"국도 7호선 경관축","new":false,"lbl":"","note":"OSM ref 7 trunk","source":"2030 경주시 경관계획 재정비 (2025.04) §4.3 경관축 (T1) — 선형은 OSM (T4)"}},{"type":"Feature","geometry":{"type":"LineString","coordinates":[[129.2977194,35.7099411],[129.2967708,35.7106106],[129.2961055,35.7109669]]},"properties":{"axis":"도로경관축","sub":"국도 7호선 경관축","new":false,"lbl":"","note":"OSM ref 7 trunk","source":"2030 경주시 경관계획 재정비 (2025.04) §4.3 경관축 (T1) — 선형은 OSM (T4)"}},{"type":"Feature","geometry":{"type":"LineString","coordinates":[[129.2985688,35.7092714],[129.2977194,35.7099411]]},"properties":{"axis":"도로경관축","sub":"국도 7호선 경관축","new":false,"lbl":"","note":"OSM ref 7 trunk","source":"2030 경주시 경관계획 재정비 (2025.04) §4.3 경관축 (T1) — 선형은 OSM (T4)"}},{"type":"Feature","geometry":{"type":"LineString","coordinates":[[129.298469,35.7091886],[129.2990598,35.7086428],[129.2995119,35.7080501],[129.3001837,35.7070325],[129.300454,35.7064523],[129.3006706,35.7058547],[129.3014874,35.7037474]]},"properties":{"axis":"도로경관축","sub":"국도 7호선 경관축","new":false,"lbl":"","note":"OSM ref 7 trunk","source":"2030 경주시 경관계획 재정비 (2025.04) §4.3 경관축 (T1) — 선형은 OSM (T4)"}},{"type":"Feature","geometry":{"type":"LineString","coordinates":[[129.2976516,35.7098521],[129.298469,35.7091886]]},"properties":{"axis":"도로경관축","sub":"국도 7호선 경관축","new":false,"lbl":"","note":"OSM ref 7 trunk","source":"2030 경주시 경관계획 재정비 (2025.04) §4.3 경관축 (T1) — 선형은 OSM (T4)"}},{"type":"Feature","geometry":{"type":"LineString","coordinates":[[129.3017091,35.7033627],[129.3015436,35.7037936]]},"properties":{"axis":"도로경관축","sub":"국도 7호선 경관축","new":false,"lbl":"","note":"OSM ref 7 trunk","source":"2030 경주시 경관계획 재정비 (2025.04) §4.3 경관축 (T1) — 선형은 OSM (T4)"}},{"type":"Feature","geometry":{"type":"LineString","coordinates":[[129.3015436,35.7037936],[129.3005722,35.7064322],[129.3002676,35.7071045],[129.299949,35.7075873],[129.299312,35.7085185],[129.2989439,35.708938],[129.2985688,35.7092714]]},"properties":{"axis":"도로경관축","sub":"국도 7호선 경관축","new":false,"lbl":"","note":"OSM ref 7 trunk","source":"2030 경주시 경관계획 재정비 (2025.04) §4.3 경관축 (T1) — 선형은 OSM (T4)"}},{"type":"Feature","geometry":{"type":"LineString","coordinates":[[129.3016515,35.7033242],[129.3021074,35.7021056],[129.3024726,35.7013952]]},"properties":{"axis":"도로경관축","sub":"국도 7호선 경관축","new":false,"lbl":"","note":"OSM ref 7 trunk","source":"2030 경주시 경관계획 재정비 (2025.04) §4.3 경관축 (T1) — 선형은 OSM (T4)"}},{"type":"Feature","geometry":{"type":"LineString","coordinates":[[129.3014874,35.7037474],[129.3016515,35.7033242]]},"properties":{"axis":"도로경관축","sub":"국도 7호선 경관축","new":false,"lbl":"","note":"OSM ref 7 trunk","source":"2030 경주시 경관계획 재정비 (2025.04) §4.3 경관축 (T1) — 선형은 OSM (T4)"}},{"type":"Feature","geometry":{"type":"LineString","coordinates":[[129.3024726,35.7013952],[129.3026086,35.7011242]]},"properties":{"axis":"도로경관축","sub":"국도 7호선 경관축","new":false,"lbl":"","note":"OSM ref 7 trunk","source":"2030 경주시 경관계획 재정비 (2025.04) §4.3 경관축 (T1) — 선형은 OSM (T4)"}},{"type":"Feature","geometry":{"type":"LineString","coordinates":[[129.3026922,35.7011614],[129.3025541,35.7014233]]},"properties":{"axis":"도로경관축","sub":"국도 7호선 경관축","new":false,"lbl":"","note":"OSM ref 7 trunk","source":"2030 경주시 경관계획 재정비 (2025.04) §4.3 경관축 (T1) — 선형은 OSM (T4)"}},{"type":"Feature","geometry":{"type":"LineString","coordinates":[[129.3025541,35.7014233],[129.3023048,35.7018937],[129.3020806,35.7022995],[129.3017091,35.7033627]]},"properties":{"axis":"도로경관축","sub":"국도 7호선 경관축","new":false,"lbl":"","note":"OSM ref 7 trunk","source":"2030 경주시 경관계획 재정비 (2025.04) §4.3 경관축 (T1) — 선형은 OSM (T4)"}},{"type":"Feature","geometry":{"type":"LineString","coordinates":[[129.2891964,35.716115],[129.2890882,35.7159621],[129.2889378,35.7157495]]},"properties":{"axis":"도로경관축","sub":"울산-포항고속도로 경관축","new":false,"lbl":"","note":"OSM ref 65 motorway","source":"2030 경주시 경관계획 재정비 (2025.04) §4.3 경관축 (T1) — 선형은 OSM (T4)"}},{"type":"Feature","geometry":{"type":"LineString","coordinates":[[129.2889378,35.7157495],[129.2886025,35.7152298],[129.288285,35.7147543],[129.2879817,35.7142624],[129.287684,35.7137164],[129.2875347,35.7134424],[129.2870692,35.7125459]]},"properties":{"axis":"도로경관축","sub":"울산-포항고속도로 경관축","new":false,"lbl":"","note":"OSM ref 65 motorway","source":"2030 경주시 경관계획 재정비 (2025.04) §4.3 경관축 (T1) — 선형은 OSM (T4)"}},{"type":"Feature","geometry":{"type":"LineString","coordinates":[[129.2890769,35.7156291],[129.2893072,35.716]]},"properties":{"axis":"도로경관축","sub":"울산-포항고속도로 경관축","new":false,"lbl":"","note":"OSM ref 65 motorway","source":"2030 경주시 경관계획 재정비 (2025.04) §4.3 경관축 (T1) — 선형은 OSM (T4)"}},{"type":"Feature","geometry":{"type":"LineString","coordinates":[[129.2893072,35.716],[129.2895941,35.7164344],[129.2898097,35.7167652]]},"properties":{"axis":"도로경관축","sub":"울산-포항고속도로 경관축","new":false,"lbl":"","note":"OSM ref 65 motorway","source":"2030 경주시 경관계획 재정비 (2025.04) §4.3 경관축 (T1) — 선형은 OSM (T4)"}},{"type":"Feature","geometry":{"type":"LineString","coordinates":[[129.2858859,35.7127253],[129.275858,35.7133976]]},"properties":{"axis":"도로경관축","sub":"국도 7호선 경관축","new":false,"lbl":"","note":"OSM ref 7 trunk","source":"2030 경주시 경관계획 재정비 (2025.04) §4.3 경관축 (T1) — 선형은 OSM (T4)"}},{"type":"Feature","geometry":{"type":"LineString","coordinates":[[129.285728,35.7124576],[129.2865649,35.7124378]]},"properties":{"axis":"도로경관축","sub":"국도 7호선 경관축","new":false,"lbl":"","note":"OSM ref 7 trunk","source":"2030 경주시 경관계획 재정비 (2025.04) §4.3 경관축 (T1) — 선형은 OSM (T4)"}},{"type":"Feature","geometry":{"type":"LineString","coordinates":[[129.2753416,35.7131644],[129.285728,35.7124576]]},"properties":{"axis":"도로경관축","sub":"국도 7호선 경관축","new":false,"lbl":"","note":"OSM ref 7 trunk","source":"2030 경주시 경관계획 재정비 (2025.04) §4.3 경관축 (T1) — 선형은 OSM (T4)"}},{"type":"Feature","geometry":{"type":"LineString","coordinates":[[129.275858,35.7133976],[129.2741724,35.7135003],[129.2735339,35.7135368]]},"properties":{"axis":"도로경관축","sub":"국도 7호선 경관축","new":false,"lbl":"","note":"OSM ref 7 trunk","source":"2030 경주시 경관계획 재정비 (2025.04) §4.3 경관축 (T1) — 선형은 OSM (T4)"}},{"type":"Feature","geometry":{"type":"LineString","coordinates":[[129.2735448,35.7132976],[129.2753416,35.7131644]]},"properties":{"axis":"도로경관축","sub":"국도 7호선 경관축","new":false,"lbl":"","note":"OSM ref 7 trunk","source":"2030 경주시 경관계획 재정비 (2025.04) §4.3 경관축 (T1) — 선형은 OSM (T4)"}},{"type":"Feature","geometry":{"type":"LineString","coordinates":[[129.273075,35.7133332],[129.2735448,35.7132976]]},"properties":{"axis":"도로경관축","sub":"국도 7호선 경관축","new":false,"lbl":"","note":"OSM ref 7 trunk","source":"2030 경주시 경관계획 재정비 (2025.04) §4.3 경관축 (T1) — 선형은 OSM (T4)"}},{"type":"Feature","geometry":{"type":"LineString","coordinates":[[129.2699152,35.7135079],[129.2714619,35.7134443],[129.273075,35.7133332]]},"properties":{"axis":"도로경관축","sub":"국도 7호선 경관축","new":false,"lbl":"","note":"OSM ref 7 trunk","source":"2030 경주시 경관계획 재정비 (2025.04) §4.3 경관축 (T1) — 선형은 OSM (T4)"}},{"type":"Feature","geometry":{"type":"LineString","coordinates":[[129.2688462,35.7135198],[129.2693685,35.7135172],[129.2699152,35.7135079]]},"properties":{"axis":"도로경관축","sub":"국도 7호선 경관축","new":false,"lbl":"","note":"OSM ref 7 trunk","source":"2030 경주시 경관계획 재정비 (2025.04) §4.3 경관축 (T1) — 선형은 OSM (T4)"}},{"type":"Feature","geometry":{"type":"LineString","coordinates":[[129.2688546,35.7136088],[129.2669352,35.7136278],[129.2665462,35.7136309]]},"properties":{"axis":"도로경관축","sub":"국도 7호선 경관축","new":false,"lbl":"","note":"OSM ref 7 trunk","source":"2030 경주시 경관계획 재정비 (2025.04) §4.3 경관축 (T1) — 선형은 OSM (T4)"}},{"type":"Feature","geometry":{"type":"LineString","coordinates":[[129.2698446,35.713605],[129.2688546,35.7136088]]},"properties":{"axis":"도로경관축","sub":"국도 7호선 경관축","new":false,"lbl":"","note":"OSM ref 7 trunk","source":"2030 경주시 경관계획 재정비 (2025.04) §4.3 경관축 (T1) — 선형은 OSM (T4)"}},{"type":"Feature","geometry":{"type":"LineString","coordinates":[[129.273063,35.7135558],[129.2708347,35.7135785],[129.2698446,35.713605]]},"properties":{"axis":"도로경관축","sub":"국도 7호선 경관축","new":false,"lbl":"","note":"OSM ref 7 trunk","source":"2030 경주시 경관계획 재정비 (2025.04) §4.3 경관축 (T1) — 선형은 OSM (T4)"}},{"type":"Feature","geometry":{"type":"LineString","coordinates":[[129.2735339,35.7135368],[129.273063,35.7135558]]},"properties":{"axis":"도로경관축","sub":"국도 7호선 경관축","new":false,"lbl":"","note":"OSM ref 7 trunk","source":"2030 경주시 경관계획 재정비 (2025.04) §4.3 경관축 (T1) — 선형은 OSM (T4)"}},{"type":"Feature","geometry":{"type":"LineString","coordinates":[[129.2560337,35.7135505],[129.2554568,35.7134688]]},"properties":{"axis":"도로경관축","sub":"국도 7호선 경관축","new":false,"lbl":"","note":"OSM ref 7 trunk","source":"2030 경주시 경관계획 재정비 (2025.04) §4.3 경관축 (T1) — 선형은 OSM (T4)"}},{"type":"Feature","geometry":{"type":"LineString","coordinates":[[129.256663,35.713617],[129.2560337,35.7135505]]},"properties":{"axis":"도로경관축","sub":"국도 7호선 경관축","new":false,"lbl":"","note":"OSM ref 7 trunk","source":"2030 경주시 경관계획 재정비 (2025.04) §4.3 경관축 (T1) — 선형은 OSM (T4)"}},{"type":"Feature","geometry":{"type":"LineString","coordinates":[[129.255464,35.7131598],[129.2560893,35.7133072]]},"properties":{"axis":"도로경관축","sub":"국도 7호선 경관축","new":false,"lbl":"","note":"OSM ref 7 trunk","source":"2030 경주시 경관계획 재정비 (2025.04) §4.3 경관축 (T1) — 선형은 OSM (T4)"}},{"type":"Feature","geometry":{"type":"LineString","coordinates":[[129.2560893,35.7133072],[129.2566807,35.7133775]]},"properties":{"axis":"도로경관축","sub":"국도 7호선 경관축","new":false,"lbl":"","note":"OSM ref 7 trunk","source":"2030 경주시 경관계획 재정비 (2025.04) §4.3 경관축 (T1) — 선형은 OSM (T4)"}},{"type":"Feature","geometry":{"type":"LineString","coordinates":[[129.2566807,35.7133775],[129.2573821,35.7134716],[129.2579961,35.7135416],[129.2581909,35.7135567]]},"properties":{"axis":"도로경관축","sub":"국도 7호선 경관축","new":false,"lbl":"","note":"OSM ref 7 trunk","source":"2030 경주시 경관계획 재정비 (2025.04) §4.3 경관축 (T1) — 선형은 OSM (T4)"}},{"type":"Feature","geometry":{"type":"LineString","coordinates":[[129.2581909,35.7135567],[129.2586854,35.7135952]]},"properties":{"axis":"도로경관축","sub":"국도 7호선 경관축","new":false,"lbl":"","note":"OSM ref 7 trunk","source":"2030 경주시 경관계획 재정비 (2025.04) §4.3 경관축 (T1) — 선형은 OSM (T4)"}},{"type":"Feature","geometry":{"type":"LineString","coordinates":[[129.2586854,35.7135952],[129.258797,35.7136039],[129.2600307,35.7136279],[129.2623385,35.7135987],[129.2627817,35.7135934]]},"properties":{"axis":"도로경관축","sub":"국도 7호선 경관축","new":false,"lbl":"","note":"OSM ref 7 trunk","source":"2030 경주시 경관계획 재정비 (2025.04) §4.3 경관축 (T1) — 선형은 OSM (T4)"}},{"type":"Feature","geometry":{"type":"LineString","coordinates":[[129.2582531,35.713727],[129.2574802,35.7136815],[129.256663,35.713617]]},"properties":{"axis":"도로경관축","sub":"국도 7호선 경관축","new":false,"lbl":"","note":"OSM ref 7 trunk","source":"2030 경주시 경관계획 재정비 (2025.04) §4.3 경관축 (T1) — 선형은 OSM (T4)"}},{"type":"Feature","geometry":{"type":"LineString","coordinates":[[129.2587922,35.7137439],[129.2582531,35.713727]]},"properties":{"axis":"도로경관축","sub":"국도 7호선 경관축","new":false,"lbl":"","note":"OSM ref 7 trunk","source":"2030 경주시 경관계획 재정비 (2025.04) §4.3 경관축 (T1) — 선형은 OSM (T4)"}},{"type":"Feature","geometry":{"type":"LineString","coordinates":[[129.2626554,35.7136863],[129.2624351,35.7136891],[129.2588579,35.713746],[129.2587922,35.7137439]]},"properties":{"axis":"도로경관축","sub":"국도 7호선 경관축","new":false,"lbl":"","note":"OSM ref 7 trunk","source":"2030 경주시 경관계획 재정비 (2025.04) §4.3 경관축 (T1) — 선형은 OSM (T4)"}},{"type":"Feature","geometry":{"type":"LineString","coordinates":[[129.2636353,35.7136739],[129.2626554,35.7136863]]},"properties":{"axis":"도로경관축","sub":"국도 7호선 경관축","new":false,"lbl":"","note":"OSM ref 7 trunk","source":"2030 경주시 경관계획 재정비 (2025.04) §4.3 경관축 (T1) — 선형은 OSM (T4)"}},{"type":"Feature","geometry":{"type":"LineString","coordinates":[[129.2627817,35.7135934],[129.2636434,35.7135829]]},"properties":{"axis":"도로경관축","sub":"국도 7호선 경관축","new":false,"lbl":"","note":"OSM ref 7 trunk","source":"2030 경주시 경관계획 재정비 (2025.04) §4.3 경관축 (T1) — 선형은 OSM (T4)"}},{"type":"Feature","geometry":{"type":"LineString","coordinates":[[129.2636434,35.7135829],[129.2659934,35.7135544]]},"properties":{"axis":"도로경관축","sub":"국도 7호선 경관축","new":false,"lbl":"","note":"OSM ref 7 trunk","source":"2030 경주시 경관계획 재정비 (2025.04) §4.3 경관축 (T1) — 선형은 OSM (T4)"}},{"type":"Feature","geometry":{"type":"LineString","coordinates":[[129.2665462,35.7136309],[129.2659648,35.7136356]]},"properties":{"axis":"도로경관축","sub":"국도 7호선 경관축","new":false,"lbl":"","note":"OSM ref 7 trunk","source":"2030 경주시 경관계획 재정비 (2025.04) §4.3 경관축 (T1) — 선형은 OSM (T4)"}},{"type":"Feature","geometry":{"type":"LineString","coordinates":[[129.2659648,35.7136356],[129.2659189,35.713636],[129.2636353,35.7136739]]},"properties":{"axis":"도로경관축","sub":"국도 7호선 경관축","new":false,"lbl":"","note":"OSM ref 7 trunk","source":"2030 경주시 경관계획 재정비 (2025.04) §4.3 경관축 (T1) — 선형은 OSM (T4)"}},{"type":"Feature","geometry":{"type":"LineString","coordinates":[[129.2659934,35.7135544],[129.2665582,35.7135476]]},"properties":{"axis":"도로경관축","sub":"국도 7호선 경관축","new":false,"lbl":"","note":"OSM ref 7 trunk","source":"2030 경주시 경관계획 재정비 (2025.04) §4.3 경관축 (T1) — 선형은 OSM (T4)"}},{"type":"Feature","geometry":{"type":"LineString","coordinates":[[129.2665582,35.7135476],[129.2688462,35.7135198]]},"properties":{"axis":"도로경관축","sub":"국도 7호선 경관축","new":false,"lbl":"","note":"OSM ref 7 trunk","source":"2030 경주시 경관계획 재정비 (2025.04) §4.3 경관축 (T1) — 선형은 OSM (T4)"}},{"type":"Feature","geometry":{"type":"LineString","coordinates":[[129.235767,35.7270783],[129.2360868,35.7256969],[129.2361469,35.7253852],[129.2369529,35.7212063],[129.2372319,35.7202334],[129.2374253,35.7192504],[129.2377576,35.7184186],[129.2381884,35.7176368],[129.2386175,35.7170922],[129.2390712,35.7165276],[129.2395125,35.716108],[129.2400155,35.7156785],[129.2417682,35.7144982],[129.2425449,35.7141027],[129.2434336,35.7136921],[129.244257,35.7133952],[129.244987,35.7131742]]},"properties":{"axis":"도로경관축","sub":"국도 7호선 경관축","new":false,"lbl":"","note":"OSM ref 7 trunk","source":"2030 경주시 경관계획 재정비 (2025.04) §4.3 경관축 (T1) — 선형은 OSM (T4)"}},{"type":"Feature","geometry":{"type":"LineString","coordinates":[[129.244987,35.7131742],[129.2458331,35.7130026],[129.2470045,35.7128442],[129.249048,35.7127054],[129.2510423,35.7127067],[129.2526312,35.7127989],[129.2541338,35.7129512],[129.2547908,35.7130423],[129.255464,35.7131598]]},"properties":{"axis":"도로경관축","sub":"국도 7호선 경관축","new":false,"lbl":"","note":"OSM ref 7 trunk","source":"2030 경주시 경관계획 재정비 (2025.04) §4.3 경관축 (T1) — 선형은 OSM (T4)"}},{"type":"Feature","geometry":{"type":"LineString","coordinates":[[129.2554568,35.7134688],[129.2540528,35.7132323],[129.2527649,35.7131022],[129.2510479,35.7129861],[129.2487613,35.7129731],[129.2470255,35.7130944],[129.2456415,35.7132823],[129.2450808,35.7134074]]},"properties":{"axis":"도로경관축","sub":"국도 7호선 경관축","new":false,"lbl":"","note":"OSM ref 7 trunk","source":"2030 경주시 경관계획 재정비 (2025.04) §4.3 경관축 (T1) — 선형은 OSM (T4)"}},{"type":"Feature","geometry":{"type":"LineString","coordinates":[[129.2450808,35.7134074],[129.2437867,35.7138427],[129.2423386,35.7144481],[129.2412233,35.7150184],[129.2404351,35.715514],[129.2398343,35.7159714],[129.2393407,35.7163851],[129.2388526,35.7169252],[129.2382625,35.7177614],[129.2378012,35.718602],[129.2375329,35.719521],[129.2373023,35.7205619],[129.2370501,35.7215244],[129.2365174,35.7240949],[129.2364815,35.7242681],[129.2361382,35.7260711],[129.2358861,35.7270901]]},"properties":{"axis":"도로경관축","sub":"국도 7호선 경관축","new":false,"lbl":"","note":"OSM ref 7 trunk","source":"2030 경주시 경관계획 재정비 (2025.04) §4.3 경관축 (T1) — 선형은 OSM (T4)"}},{"type":"Feature","geometry":{"type":"LineString","coordinates":[[129.2342503,35.7337745],[129.2344164,35.733365],[129.2345825,35.7328355],[129.2348963,35.7317064],[129.235002,35.7311742],[129.2350789,35.7306927],[129.2352777,35.7294498]]},"properties":{"axis":"도로경관축","sub":"국도 7호선 경관축","new":false,"lbl":"","note":"OSM ref 7 trunk","source":"2030 경주시 경관계획 재정비 (2025.04) §4.3 경관축 (T1) — 선형은 OSM (T4)"}},{"type":"Feature","geometry":{"type":"LineString","coordinates":[[129.2275137,35.7392586],[129.2259635,35.7395804],[129.2256151,35.7396239],[129.2249846,35.7396694],[129.2233828,35.7398248],[129.2222807,35.7399764],[129.2217997,35.7400598]]},"properties":{"axis":"도로경관축","sub":"국도 7호선 경관축","new":false,"lbl":"","note":"OSM ref 7 trunk","source":"2030 경주시 경관계획 재정비 (2025.04) §4.3 경관축 (T1) — 선형은 OSM (T4)"}},{"type":"Feature","geometry":{"type":"LineString","coordinates":[[129.2285282,35.7389922],[129.2275137,35.7392586]]},"properties":{"axis":"도로경관축","sub":"국도 7호선 경관축","new":false,"lbl":"","note":"OSM ref 7 trunk","source":"2030 경주시 경관계획 재정비 (2025.04) §4.3 경관축 (T1) — 선형은 OSM (T4)"}},{"type":"Feature","geometry":{"type":"LineString","coordinates":[[129.2274816,35.7390805],[129.2284291,35.7387968]]},"properties":{"axis":"도로경관축","sub":"국도 7호선 경관축","new":false,"lbl":"","note":"OSM ref 7 trunk","source":"2030 경주시 경관계획 재정비 (2025.04) §4.3 경관축 (T1) — 선형은 OSM (T4)"}},{"type":"Feature","geometry":{"type":"LineString","coordinates":[[129.2284291,35.7387968],[129.2288154,35.7386811]]},"properties":{"axis":"도로경관축","sub":"국도 7호선 경관축","new":false,"lbl":"","note":"OSM ref 7 trunk","source":"2030 경주시 경관계획 재정비 (2025.04) §4.3 경관축 (T1) — 선형은 OSM (T4)"}},{"type":"Feature","geometry":{"type":"LineString","coordinates":[[129.228717,35.7389426],[129.2285282,35.7389922]]},"properties":{"axis":"도로경관축","sub":"국도 7호선 경관축","new":false,"lbl":"","note":"OSM ref 7 trunk","source":"2030 경주시 경관계획 재정비 (2025.04) §4.3 경관축 (T1) — 선형은 OSM (T4)"}},{"type":"Feature","geometry":{"type":"LineString","coordinates":[[129.2297009,35.7385519],[129.2292171,35.7387638],[129.228717,35.7389426]]},"properties":{"axis":"도로경관축","sub":"국도 7호선 경관축","new":false,"lbl":"","note":"OSM ref 7 trunk","source":"2030 경주시 경관계획 재정비 (2025.04) §4.3 경관축 (T1) — 선형은 OSM (T4)"}},{"type":"Feature","geometry":{"type":"LineString","coordinates":[[129.2288154,35.7386811],[129.2291793,35.7385273],[129.2295026,35.7383736]]},"properties":{"axis":"도로경관축","sub":"국도 7호선 경관축","new":false,"lbl":"","note":"OSM ref 7 trunk","source":"2030 경주시 경관계획 재정비 (2025.04) §4.3 경관축 (T1) — 선형은 OSM (T4)"}},{"type":"Feature","geometry":{"type":"LineString","coordinates":[[129.2295026,35.7383736],[129.2302897,35.7379903]]},"properties":{"axis":"도로경관축","sub":"국도 7호선 경관축","new":false,"lbl":"","note":"OSM ref 7 trunk","source":"2030 경주시 경관계획 재정비 (2025.04) §4.3 경관축 (T1) — 선형은 OSM (T4)"}},{"type":"Feature","geometry":{"type":"LineString","coordinates":[[129.2302897,35.7379903],[129.2314266,35.7373423],[129.2324291,35.7365622],[129.2331087,35.7358132],[129.233774,35.734728],[129.2342503,35.7337745]]},"properties":{"axis":"도로경관축","sub":"국도 7호선 경관축","new":false,"lbl":"","note":"OSM ref 7 trunk","source":"2030 경주시 경관계획 재정비 (2025.04) §4.3 경관축 (T1) — 선형은 OSM (T4)"}},{"type":"Feature","geometry":{"type":"LineString","coordinates":[[129.2304224,35.7382037],[129.2302814,35.7382819],[129.2297009,35.7385519]]},"properties":{"axis":"도로경관축","sub":"국도 7호선 경관축","new":false,"lbl":"","note":"OSM ref 7 trunk","source":"2030 경주시 경관계획 재정비 (2025.04) §4.3 경관축 (T1) — 선형은 OSM (T4)"}},{"type":"Feature","geometry":{"type":"LineString","coordinates":[[129.2344535,35.733815],[129.2339338,35.7349954],[129.2332967,35.7360698],[129.2322704,35.7370409],[129.2313077,35.7377131],[129.2304224,35.7382037]]},"properties":{"axis":"도로경관축","sub":"국도 7호선 경관축","new":false,"lbl":"","note":"OSM ref 7 trunk","source":"2030 경주시 경관계획 재정비 (2025.04) §4.3 경관축 (T1) — 선형은 OSM (T4)"}},{"type":"Feature","geometry":{"type":"LineString","coordinates":[[129.2358861,35.7270901],[129.2355618,35.7283531],[129.2353898,35.7294586]]},"properties":{"axis":"도로경관축","sub":"국도 7호선 경관축","new":false,"lbl":"","note":"OSM ref 7 trunk","source":"2030 경주시 경관계획 재정비 (2025.04) §4.3 경관축 (T1) — 선형은 OSM (T4)"}},{"type":"Feature","geometry":{"type":"LineString","coordinates":[[129.2353898,35.7294586],[129.2353141,35.7299448],[129.2351803,35.7306998],[129.2350239,35.7315824],[129.234762,35.7328695],[129.2344535,35.733815]]},"properties":{"axis":"도로경관축","sub":"국도 7호선 경관축","new":false,"lbl":"","note":"OSM ref 7 trunk","source":"2030 경주시 경관계획 재정비 (2025.04) §4.3 경관축 (T1) — 선형은 OSM (T4)"}},{"type":"Feature","geometry":{"type":"LineString","coordinates":[[129.2352777,35.7294498],[129.235461,35.7283392],[129.235767,35.7270783]]},"properties":{"axis":"도로경관축","sub":"국도 7호선 경관축","new":false,"lbl":"","note":"OSM ref 7 trunk","source":"2030 경주시 경관계획 재정비 (2025.04) §4.3 경관축 (T1) — 선형은 OSM (T4)"}},{"type":"Feature","geometry":{"type":"LineString","coordinates":[[129.2213,35.740075],[129.2218483,35.7399696]]},"properties":{"axis":"도로경관축","sub":"국도 7호선 경관축","new":false,"lbl":"","note":"OSM ref 7 trunk","source":"2030 경주시 경관계획 재정비 (2025.04) §4.3 경관축 (T1) — 선형은 OSM (T4)"}},{"type":"Feature","geometry":{"type":"LineString","coordinates":[[129.2218483,35.7399696],[129.2228585,35.7398247],[129.2240462,35.7396874],[129.2253341,35.7395688],[129.2256979,35.7395209],[129.226043,35.7394655],[129.2267705,35.7392928],[129.2274816,35.7390805]]},"properties":{"axis":"도로경관축","sub":"국도 7호선 경관축","new":false,"lbl":"","note":"OSM ref 7 trunk","source":"2030 경주시 경관계획 재정비 (2025.04) §4.3 경관축 (T1) — 선형은 OSM (T4)"}},{"type":"Feature","geometry":{"type":"LineString","coordinates":[[129.2217997,35.7400598],[129.221314,35.7401584]]},"properties":{"axis":"도로경관축","sub":"국도 7호선 경관축","new":false,"lbl":"","note":"OSM ref 7 trunk","source":"2030 경주시 경관계획 재정비 (2025.04) §4.3 경관축 (T1) — 선형은 OSM (T4)"}},{"type":"Feature","geometry":{"type":"LineString","coordinates":[[129.221314,35.7401584],[129.2204034,35.7403782],[129.2194385,35.7406759]]},"properties":{"axis":"도로경관축","sub":"국도 7호선 경관축","new":false,"lbl":"","note":"OSM ref 7 trunk","source":"2030 경주시 경관계획 재정비 (2025.04) §4.3 경관축 (T1) — 선형은 OSM (T4)"}},{"type":"Feature","geometry":{"type":"LineString","coordinates":[[129.2122852,35.7431503],[129.2138774,35.7426142]]},"properties":{"axis":"도로경관축","sub":"국도 7호선 경관축","new":false,"lbl":"","note":"OSM ref 7 trunk","source":"2030 경주시 경관계획 재정비 (2025.04) §4.3 경관축 (T1) — 선형은 OSM (T4)"}},{"type":"Feature","geometry":{"type":"LineString","coordinates":[[129.211853,35.7433081],[129.2122852,35.7431503]]},"properties":{"axis":"도로경관축","sub":"국도 7호선 경관축","new":false,"lbl":"","note":"OSM ref 7 trunk","source":"2030 경주시 경관계획 재정비 (2025.04) §4.3 경관축 (T1) — 선형은 OSM (T4)"}},{"type":"Feature","geometry":{"type":"LineString","coordinates":[[129.2138774,35.7426142],[129.2158088,35.7418714]]},"properties":{"axis":"도로경관축","sub":"국도 7호선 경관축","new":false,"lbl":"","note":"OSM ref 7 trunk","source":"2030 경주시 경관계획 재정비 (2025.04) §4.3 경관축 (T1) — 선형은 OSM (T4)"}},{"type":"Feature","geometry":{"type":"LineString","coordinates":[[129.2158088,35.7418714],[129.2167104,35.7415267],[129.2177196,35.741168]]},"properties":{"axis":"도로경관축","sub":"국도 7호선 경관축","new":false,"lbl":"","note":"OSM ref 7 trunk","source":"2030 경주시 경관계획 재정비 (2025.04) §4.3 경관축 (T1) — 선형은 OSM (T4)"}},{"type":"Feature","geometry":{"type":"LineString","coordinates":[[129.2137957,35.7427251],[129.2127793,35.7430782],[129.2123321,35.7432366]]},"properties":{"axis":"도로경관축","sub":"국도 7호선 경관축","new":false,"lbl":"","note":"OSM ref 7 trunk","source":"2030 경주시 경관계획 재정비 (2025.04) §4.3 경관축 (T1) — 선형은 OSM (T4)"}},{"type":"Feature","geometry":{"type":"LineString","coordinates":[[129.2157064,35.7420091],[129.2144624,35.7424776],[129.2137957,35.7427251]]},"properties":{"axis":"도로경관축","sub":"국도 7호선 경관축","new":false,"lbl":"","note":"OSM ref 7 trunk","source":"2030 경주시 경관계획 재정비 (2025.04) §4.3 경관축 (T1) — 선형은 OSM (T4)"}},{"type":"Feature","geometry":{"type":"LineString","coordinates":[[129.2177196,35.741168],[129.2183497,35.7409475],[129.2192889,35.7406335]]},"properties":{"axis":"도로경관축","sub":"국도 7호선 경관축","new":false,"lbl":"","note":"OSM ref 7 trunk","source":"2030 경주시 경관계획 재정비 (2025.04) §4.3 경관축 (T1) — 선형은 OSM (T4)"}},{"type":"Feature","geometry":{"type":"LineString","coordinates":[[129.2192889,35.7406335],[129.2204557,35.74028],[129.2213,35.740075]]},"properties":{"axis":"도로경관축","sub":"국도 7호선 경관축","new":false,"lbl":"","note":"OSM ref 7 trunk","source":"2030 경주시 경관계획 재정비 (2025.04) §4.3 경관축 (T1) — 선형은 OSM (T4)"}},{"type":"Feature","geometry":{"type":"LineString","coordinates":[[129.2194385,35.7406759],[129.2186498,35.7409317],[129.2178571,35.7412039]]},"properties":{"axis":"도로경관축","sub":"국도 7호선 경관축","new":false,"lbl":"","note":"OSM ref 7 trunk","source":"2030 경주시 경관계획 재정비 (2025.04) §4.3 경관축 (T1) — 선형은 OSM (T4)"}},{"type":"Feature","geometry":{"type":"LineString","coordinates":[[129.2178571,35.7412039],[129.2157064,35.7420091]]},"properties":{"axis":"도로경관축","sub":"국도 7호선 경관축","new":false,"lbl":"","note":"OSM ref 7 trunk","source":"2030 경주시 경관계획 재정비 (2025.04) §4.3 경관축 (T1) — 선형은 OSM (T4)"}},{"type":"Feature","geometry":{"type":"LineString","coordinates":[[129.2081526,35.7451064],[129.2087443,35.7447402],[129.2095714,35.7442641],[129.2102519,35.7439848],[129.2109172,35.7437056],[129.211853,35.7433081]]},"properties":{"axis":"도로경관축","sub":"국도 7호선 경관축","new":false,"lbl":"","note":"OSM ref 7 trunk","source":"2030 경주시 경관계획 재정비 (2025.04) §4.3 경관축 (T1) — 선형은 OSM (T4)"}},{"type":"Feature","geometry":{"type":"LineString","coordinates":[[129.2066785,35.7461845],[129.2070367,35.7458705]]},"properties":{"axis":"도로경관축","sub":"국도 7호선 경관축","new":false,"lbl":"","note":"OSM ref 7 trunk","source":"2030 경주시 경관계획 재정비 (2025.04) §4.3 경관축 (T1) — 선형은 OSM (T4)"}},{"type":"Feature","geometry":{"type":"LineString","coordinates":[[129.2118893,35.7433854],[129.2108112,35.7438353],[129.2096924,35.7442976],[129.2088025,35.74483],[129.2078108,35.7454533],[129.2071802,35.7459114]]},"properties":{"axis":"도로경관축","sub":"국도 7호선 경관축","new":false,"lbl":"","note":"OSM ref 7 trunk","source":"2030 경주시 경관계획 재정비 (2025.04) §4.3 경관축 (T1) — 선형은 OSM (T4)"}},{"type":"Feature","geometry":{"type":"LineString","coordinates":[[129.2123321,35.7432366],[129.2118893,35.7433854]]},"properties":{"axis":"도로경관축","sub":"국도 7호선 경관축","new":false,"lbl":"","note":"OSM ref 7 trunk","source":"2030 경주시 경관계획 재정비 (2025.04) §4.3 경관축 (T1) — 선형은 OSM (T4)"}},{"type":"Feature","geometry":{"type":"LineString","coordinates":[[129.2051881,35.7476824],[129.2054887,35.747328],[129.2059616,35.7468285],[129.2066785,35.7461845]]},"properties":{"axis":"도로경관축","sub":"국도 7호선 경관축","new":false,"lbl":"","note":"OSM ref 7 trunk","source":"2030 경주시 경관계획 재정비 (2025.04) §4.3 경관축 (T1) — 선형은 OSM (T4)"}},{"type":"Feature","geometry":{"type":"LineString","coordinates":[[129.2068,35.7462035],[129.2060512,35.746869],[129.2055528,35.7474097],[129.205358,35.7476501]]},"properties":{"axis":"도로경관축","sub":"국도 7호선 경관축","new":false,"lbl":"","note":"OSM ref 7 trunk","source":"2030 경주시 경관계획 재정비 (2025.04) §4.3 경관축 (T1) — 선형은 OSM (T4)"}},{"type":"Feature","geometry":{"type":"LineString","coordinates":[[129.2071802,35.7459114],[129.2068,35.7462035]]},"properties":{"axis":"도로경관축","sub":"국도 7호선 경관축","new":false,"lbl":"","note":"OSM ref 7 trunk","source":"2030 경주시 경관계획 재정비 (2025.04) §4.3 경관축 (T1) — 선형은 OSM (T4)"}},{"type":"Feature","geometry":{"type":"LineString","coordinates":[[129.2018206,35.7535878],[129.2031494,35.7510352],[129.2036483,35.7500864],[129.2042278,35.7490832],[129.2051176,35.7477655]]},"properties":{"axis":"도로경관축","sub":"국도 7호선 경관축","new":false,"lbl":"","note":"OSM ref 7 trunk","source":"2030 경주시 경관계획 재정비 (2025.04) §4.3 경관축 (T1) — 선형은 OSM (T4)"}},{"type":"Feature","geometry":{"type":"LineString","coordinates":[[129.2018033,35.7538206],[129.2016351,35.7541548]]},"properties":{"axis":"도로경관축","sub":"국도 7호선 경관축","new":false,"lbl":"","note":"OSM ref 7 trunk","source":"2030 경주시 경관계획 재정비 (2025.04) §4.3 경관축 (T1) — 선형은 OSM (T4)"}},{"type":"Feature","geometry":{"type":"LineString","coordinates":[[129.2052986,35.7477234],[129.2049167,35.7482659],[129.2045083,35.7488804],[129.2037513,35.7501595],[129.2028481,35.7518302],[129.2019804,35.7534542],[129.2018033,35.7538206]]},"properties":{"axis":"도로경관축","sub":"국도 7호선 경관축","new":false,"lbl":"","note":"OSM ref 7 trunk","source":"2030 경주시 경관계획 재정비 (2025.04) §4.3 경관축 (T1) — 선형은 OSM (T4)"}},{"type":"Feature","geometry":{"type":"LineString","coordinates":[[129.2000782,35.7568865],[129.2015341,35.7541239]]},"properties":{"axis":"도로경관축","sub":"국도 7호선 경관축","new":false,"lbl":"","note":"OSM ref 7 trunk","source":"2030 경주시 경관계획 재정비 (2025.04) §4.3 경관축 (T1) — 선형은 OSM (T4)"}},{"type":"Feature","geometry":{"type":"LineString","coordinates":[[129.2001982,35.7569187],[129.1998358,35.7575939],[129.1994694,35.7581864],[129.1989917,35.7588648],[129.1986247,35.7593702],[129.1979897,35.759957],[129.1972385,35.7605558]]},"properties":{"axis":"도로경관축","sub":"국도 7호선 경관축","new":false,"lbl":"","note":"OSM ref 7 trunk","source":"2030 경주시 경관계획 재정비 (2025.04) §4.3 경관축 (T1) — 선형은 OSM (T4)"}},{"type":"Feature","geometry":{"type":"LineString","coordinates":[[129.2016351,35.7541548],[129.2001982,35.7569187]]},"properties":{"axis":"도로경관축","sub":"국도 7호선 경관축","new":false,"lbl":"","note":"OSM ref 7 trunk","source":"2030 경주시 경관계획 재정비 (2025.04) §4.3 경관축 (T1) — 선형은 OSM (T4)"}},{"type":"Feature","geometry":{"type":"LineString","coordinates":[[129.1957405,35.7615234],[129.1949257,35.7620943],[129.1942173,35.7626504]]},"properties":{"axis":"도로경관축","sub":"국도 7호선 경관축","new":false,"lbl":"","note":"OSM ref 7 trunk","source":"2030 경주시 경관계획 재정비 (2025.04) §4.3 경관축 (T1) — 선형은 OSM (T4)"}},{"type":"Feature","geometry":{"type":"LineString","coordinates":[[129.1972385,35.7605558],[129.1957405,35.7615234]]},"properties":{"axis":"도로경관축","sub":"국도 7호선 경관축","new":false,"lbl":"","note":"OSM ref 7 trunk","source":"2030 경주시 경관계획 재정비 (2025.04) §4.3 경관축 (T1) — 선형은 OSM (T4)"}},{"type":"Feature","geometry":{"type":"LineString","coordinates":[[129.1941628,35.7625178],[129.19495,35.7619564],[129.1956977,35.7614364]]},"properties":{"axis":"도로경관축","sub":"국도 7호선 경관축","new":false,"lbl":"","note":"OSM ref 7 trunk","source":"2030 경주시 경관계획 재정비 (2025.04) §4.3 경관축 (T1) — 선형은 OSM (T4)"}},{"type":"Feature","geometry":{"type":"LineString","coordinates":[[129.1938624,35.762914],[129.1932482,35.7633391],[129.1928539,35.7635752],[129.1922906,35.7640464],[129.1916324,35.7645164],[129.1913263,35.7647937],[129.1908968,35.7652356],[129.1904585,35.7656738],[129.1889698,35.7672148],[129.1877346,35.7685116],[129.1865082,35.7696683],[129.1857157,35.7703437],[129.1846665,35.7708825],[129.1833411,35.7711877],[129.1828092,35.7713355],[129.1824319,35.7714471],[129.1799746,35.772087],[129.1782554,35.7726138],[129.1776873,35.7728387],[129.1771285,35.7730974],[129.1766936,35.7733294],[129.1762673,35.7735715],[129.1758883,35.7738345],[129.1754678,35.7741324],[129.1750565,35.7744481],[129.1744583,35.7750349],[129.1742085,35.775289],[129.17398,35.7755624]]},"properties":{"axis":"도로경관축","sub":"국도 7호선 경관축","new":false,"lbl":"","note":"OSM ref 7 trunk","source":"2030 경주시 경관계획 재정비 (2025.04) §4.3 경관축 (T1) — 선형은 OSM (T4)"}},{"type":"Feature","geometry":{"type":"LineString","coordinates":[[129.1942173,35.7626504],[129.1938624,35.762914]]},"properties":{"axis":"도로경관축","sub":"국도 7호선 경관축","new":false,"lbl":"","note":"OSM ref 7 trunk","source":"2030 경주시 경관계획 재정비 (2025.04) §4.3 경관축 (T1) — 선형은 OSM (T4)"}},{"type":"Feature","geometry":{"type":"LineString","coordinates":[[129.1732954,35.7764089],[129.173436,35.7761921],[129.1735889,35.7759701],[129.1739195,35.7755229]]},"properties":{"axis":"도로경관축","sub":"국도 7호선 경관축","new":false,"lbl":"","note":"OSM ref 7 trunk","source":"2030 경주시 경관계획 재정비 (2025.04) §4.3 경관축 (T1) — 선형은 OSM (T4)"}},{"type":"Feature","geometry":{"type":"LineString","coordinates":[[129.1739195,35.7755229],[129.1741763,35.7752194],[129.1744308,35.774928],[129.1748978,35.7744886],[129.1754418,35.7740546],[129.1760484,35.7736261],[129.1764367,35.7733791],[129.1772649,35.7729464],[129.1779177,35.7726646],[129.1788624,35.7723337],[129.1797046,35.7720872],[129.1823749,35.7713686],[129.1830879,35.7711706],[129.1837824,35.7709822],[129.1845233,35.7707853],[129.1851483,35.7705077],[129.1856336,35.7702059],[129.1862866,35.7697541],[129.1867521,35.7693467],[129.1876066,35.7685285],[129.190964,35.7649951],[129.1916983,35.7642977],[129.1920981,35.7639427],[129.1921417,35.763904],[129.1926647,35.7634887],[129.1936245,35.7629264],[129.1938141,35.7627592]]},"properties":{"axis":"도로경관축","sub":"국도 7호선 경관축","new":false,"lbl":"","note":"OSM ref 7 trunk","source":"2030 경주시 경관계획 재정비 (2025.04) §4.3 경관축 (T1) — 선형은 OSM (T4)"}},{"type":"Feature","geometry":{"type":"LineString","coordinates":[[129.1733672,35.7764452],[129.1731128,35.77692],[129.1729948,35.7771594],[129.1728773,35.7774204],[129.1715084,35.7807402],[129.1713343,35.7811515],[129.1709805,35.7820206],[129.170664,35.7826929],[129.1704467,35.7831238],[129.1701969,35.7835826],[129.1699263,35.7840224],[129.1696297,35.7844794],[129.1692129,35.7850385],[129.1686267,35.7857277]]},"properties":{"axis":"도로경관축","sub":"국도 7호선 경관축","new":false,"lbl":"","note":"OSM ref 7 trunk","source":"2030 경주시 경관계획 재정비 (2025.04) §4.3 경관축 (T1) — 선형은 OSM (T4)"}},{"type":"Feature","geometry":{"type":"LineString","coordinates":[[129.17398,35.7755624],[129.1736613,35.7759941],[129.1735165,35.7762073],[129.1733672,35.7764452]]},"properties":{"axis":"도로경관축","sub":"국도 7호선 경관축","new":false,"lbl":"","note":"OSM ref 7 trunk","source":"2030 경주시 경관계획 재정비 (2025.04) §4.3 경관축 (T1) — 선형은 OSM (T4)"}},{"type":"Feature","geometry":{"type":"LineString","coordinates":[[129.1675294,35.7865232],[129.1679425,35.7861485],[129.1681836,35.7859028],[129.1684424,35.7856485]]},"properties":{"axis":"도로경관축","sub":"국도 7호선 경관축","new":false,"lbl":"","note":"OSM ref 7 trunk","source":"2030 경주시 경관계획 재정비 (2025.04) §4.3 경관축 (T1) — 선형은 OSM (T4)"}},{"type":"Feature","geometry":{"type":"LineString","coordinates":[[129.1684424,35.7856485],[129.169742,35.7840651],[129.1700625,35.7835536],[129.1704333,35.7829083],[129.1707954,35.7821925],[129.1713694,35.7808347],[129.1715108,35.7804834],[129.17193,35.779442],[129.172488,35.7780555],[129.1728553,35.777229],[129.1730659,35.7768264],[129.1731758,35.7766208],[129.1732954,35.7764089]]},"properties":{"axis":"도로경관축","sub":"국도 7호선 경관축","new":false,"lbl":"","note":"OSM ref 7 trunk","source":"2030 경주시 경관계획 재정비 (2025.04) §4.3 경관축 (T1) — 선형은 OSM (T4)"}},{"type":"Feature","geometry":{"type":"LineString","coordinates":[[129.164212,35.7888559],[129.1653527,35.7881488],[129.1660869,35.7876461],[129.1666473,35.7872602],[129.1670912,35.7868967],[129.1675294,35.7865232]]},"properties":{"axis":"도로경관축","sub":"국도 7호선 경관축","new":false,"lbl":"","note":"OSM ref 7 trunk","source":"2030 경주시 경관계획 재정비 (2025.04) §4.3 경관축 (T1) — 선형은 OSM (T4)"}},{"type":"Feature","geometry":{"type":"LineString","coordinates":[[129.1641705,35.7892402],[129.1545158,35.7954119]]},"properties":{"axis":"도로경관축","sub":"국도 7호선 경관축","new":false,"lbl":"","note":"OSM ref 7 trunk","source":"2030 경주시 경관계획 재정비 (2025.04) §4.3 경관축 (T1) — 선형은 OSM (T4)"}},{"type":"Feature","geometry":{"type":"LineString","coordinates":[[129.1686267,35.7857277],[129.1683809,35.7860033],[129.1680374,35.7863459],[129.1676028,35.7867501]]},"properties":{"axis":"도로경관축","sub":"국도 7호선 경관축","new":false,"lbl":"","note":"OSM ref 7 trunk","source":"2030 경주시 경관계획 재정비 (2025.04) §4.3 경관축 (T1) — 선형은 OSM (T4)"}},{"type":"Feature","geometry":{"type":"LineString","coordinates":[[129.1676028,35.7867501],[129.1670537,35.7872339],[129.1663797,35.7877478],[129.1655114,35.7883792],[129.1647888,35.788844],[129.1641705,35.7892402]]},"properties":{"axis":"도로경관축","sub":"국도 7호선 경관축","new":false,"lbl":"","note":"OSM ref 7 trunk","source":"2030 경주시 경관계획 재정비 (2025.04) §4.3 경관축 (T1) — 선형은 OSM (T4)"}},{"type":"Feature","geometry":{"type":"LineString","coordinates":[[129.1543177,35.7952067],[129.164212,35.7888559]]},"properties":{"axis":"도로경관축","sub":"국도 7호선 경관축","new":false,"lbl":"","note":"OSM ref 7 trunk","source":"2030 경주시 경관계획 재정비 (2025.04) §4.3 경관축 (T1) — 선형은 OSM (T4)"}},{"type":"Feature","geometry":{"type":"LineString","coordinates":[[129.1545158,35.7954119],[129.1532884,35.7962487],[129.1527633,35.7965909],[129.1522902,35.796914],[129.1519908,35.7971134],[129.1509807,35.7978268],[129.1502376,35.7984881],[129.1496957,35.7990774],[129.1494147,35.7994434],[129.1491937,35.7997461],[129.1489695,35.8000944],[129.1486733,35.8006497],[129.1484532,35.8011094],[129.1479934,35.802256]]},"properties":{"axis":"도로경관축","sub":"국도 7호선 경관축","new":false,"lbl":"","note":"OSM ref 7 trunk","source":"2030 경주시 경관계획 재정비 (2025.04) §4.3 경관축 (T1) — 선형은 OSM (T4)"}},{"type":"Feature","geometry":{"type":"LineString","coordinates":[[129.1479934,35.802256],[129.1478921,35.8025112]]},"properties":{"axis":"도로경관축","sub":"국도 7호선 경관축","new":false,"lbl":"","note":"OSM ref 7 trunk","source":"2030 경주시 경관계획 재정비 (2025.04) §4.3 경관축 (T1) — 선형은 OSM (T4)"}},{"type":"Feature","geometry":{"type":"LineString","coordinates":[[129.1488374,35.8000438],[129.149222,35.7994279],[129.1495444,35.7989813],[129.1500683,35.7983508],[129.1506898,35.7977605],[129.1514677,35.7971097],[129.1521127,35.7966784],[129.1531581,35.7959939],[129.1543177,35.7952067]]},"properties":{"axis":"도로경관축","sub":"국도 7호선 경관축","new":false,"lbl":"","note":"OSM ref 7 trunk","source":"2030 경주시 경관계획 재정비 (2025.04) §4.3 경관축 (T1) — 선형은 OSM (T4)"}},{"type":"Feature","geometry":{"type":"LineString","coordinates":[[129.1478078,35.8024853],[129.1478997,35.802229]]},"properties":{"axis":"도로경관축","sub":"국도 7호선 경관축","new":false,"lbl":"","note":"OSM ref 7 trunk","source":"2030 경주시 경관계획 재정비 (2025.04) §4.3 경관축 (T1) — 선형은 OSM (T4)"}},{"type":"Feature","geometry":{"type":"LineString","coordinates":[[129.4160026,35.7964558],[129.4163149,35.7965337]]},"properties":{"axis":"도로경관축","sub":"국도 4호선 경관축","new":false,"lbl":"","note":"OSM ref 4 primary","source":"2030 경주시 경관계획 재정비 (2025.04) §4.3 경관축 (T1) — 선형은 OSM (T4)"}},{"type":"Feature","geometry":{"type":"LineString","coordinates":[[129.3592948,36.0363887],[129.359338,36.0364673]]},"properties":{"axis":"도로경관축","sub":"국도 7호선 경관축","new":false,"lbl":"","note":"OSM ref 7 primary","source":"2030 경주시 경관계획 재정비 (2025.04) §4.3 경관축 (T1) — 선형은 OSM (T4)"}},{"type":"Feature","geometry":{"type":"LineString","coordinates":[[129.3591698,36.0365041],[129.35908,36.0363527],[129.3590437,36.0362785]]},"properties":{"axis":"도로경관축","sub":"국도 7호선 경관축","new":false,"lbl":"","note":"OSM ref 7 primary","source":"2030 경주시 경관계획 재정비 (2025.04) §4.3 경관축 (T1) — 선형은 OSM (T4)"}},{"type":"Feature","geometry":{"type":"LineString","coordinates":[[129.359338,36.0364673],[129.3593579,36.036511],[129.359482,36.0367826],[129.3595662,36.0369782],[129.3596099,36.0370798],[129.3597466,36.0373889],[129.3597762,36.0374745]]},"properties":{"axis":"도로경관축","sub":"국도 7호선 경관축","new":false,"lbl":"","note":"OSM ref 7 primary","source":"2030 경주시 경관계획 재정비 (2025.04) §4.3 경관축 (T1) — 선형은 OSM (T4)"}},{"type":"Feature","geometry":{"type":"LineString","coordinates":[[129.3412572,36.0100984],[129.3416919,36.0105018],[129.3419181,36.0107378],[129.3422018,36.0111018]]},"properties":{"axis":"도로경관축","sub":"국도 7호선 경관축","new":false,"lbl":"","note":"OSM ref 7 primary","source":"2030 경주시 경관계획 재정비 (2025.04) §4.3 경관축 (T1) — 선형은 OSM (T4)"}},{"type":"Feature","geometry":{"type":"LineString","coordinates":[[129.342542,36.0115017],[129.3425686,36.011533],[129.342778,36.0117959],[129.3428439,36.011892],[129.3429596,36.0120329]]},"properties":{"axis":"도로경관축","sub":"국도 7호선 경관축","new":false,"lbl":"","note":"OSM ref 7 primary","source":"2030 경주시 경관계획 재정비 (2025.04) §4.3 경관축 (T1) — 선형은 OSM (T4)"}},{"type":"Feature","geometry":{"type":"LineString","coordinates":[[129.3420662,36.0111869],[129.3416941,36.0107405],[129.341084,36.0101447]]},"properties":{"axis":"도로경관축","sub":"국도 7호선 경관축","new":false,"lbl":"","note":"OSM ref 7 primary","source":"2030 경주시 경관계획 재정비 (2025.04) §4.3 경관축 (T1) — 선형은 OSM (T4)"}},{"type":"Feature","geometry":{"type":"LineString","coordinates":[[129.3396522,36.0090964],[129.3395787,36.0090436],[129.3394759,36.0089829],[129.339369,36.0089197],[129.3392276,36.008848],[129.3389037,36.0087013],[129.3388257,36.0086653],[129.3387251,36.0086262],[129.3384717,36.0085644],[129.3362729,36.0079888],[129.3360965,36.0079458],[129.3357097,36.0078489],[129.334673,36.0075663],[129.3344678,36.0075104],[129.3333024,36.0072186],[129.3331371,36.0071827],[129.3330489,36.0071611],[129.3322536,36.0069647],[129.331504,36.006777],[129.3309474,36.0066534],[129.3308263,36.0066234],[129.3300784,36.0064386],[129.3286823,36.0060968],[129.3282518,36.0059872],[129.3269321,36.005677],[129.3250637,36.0052069],[129.3248299,36.0051562],[129.3246451,36.0051213],[129.3244604,36.0050863]]},"properties":{"axis":"도로경관축","sub":"국도 7호선 경관축","new":false,"lbl":"","note":"OSM ref 7 primary","source":"2030 경주시 경관계획 재정비 (2025.04) §4.3 경관축 (T1) — 선형은 OSM (T4)"}},{"type":"Feature","geometry":{"type":"LineString","coordinates":[[129.3674605,36.0427386],[129.3673604,36.0424646],[129.3670613,36.0416464],[129.3668411,36.0410845],[129.3667977,36.0409549],[129.3666925,36.0406577]]},"properties":{"axis":"도로경관축","sub":"국도 20호선 경관축","new":false,"lbl":"","note":"OSM ref 20 primary","source":"2030 경주시 경관계획 재정비 (2025.04) §4.3 경관축 (T1) — 선형은 OSM (T4)"}},{"type":"Feature","geometry":{"type":"LineString","coordinates":[[129.2902226,35.9485752],[129.2898913,35.9485]]},"properties":{"axis":"도로경관축","sub":"국도 20호선 경관축","new":false,"lbl":"","note":"OSM ref 20 trunk","source":"2030 경주시 경관계획 재정비 (2025.04) §4.3 경관축 (T1) — 선형은 OSM (T4)"}},{"type":"Feature","geometry":{"type":"LineString","coordinates":[[129.2939192,35.9493741],[129.2902226,35.9485752]]},"properties":{"axis":"도로경관축","sub":"국도 20호선 경관축","new":false,"lbl":"","note":"OSM ref 20 trunk","source":"2030 경주시 경관계획 재정비 (2025.04) §4.3 경관축 (T1) — 선형은 OSM (T4)"}},{"type":"Feature","geometry":{"type":"LineString","coordinates":[[129.2938958,35.9490788],[129.2954619,35.9494229],[129.2960894,35.9495575],[129.2966857,35.9496694],[129.297246,35.9497632],[129.2975116,35.9498011]]},"properties":{"axis":"도로경관축","sub":"국도 20호선 경관축","new":false,"lbl":"","note":"OSM ref 20 trunk","source":"2030 경주시 경관계획 재정비 (2025.04) §4.3 경관축 (T1) — 선형은 OSM (T4)"}},{"type":"Feature","geometry":{"type":"LineString","coordinates":[[129.2900437,35.948269],[129.2924668,35.9487711],[129.2938958,35.9490788]]},"properties":{"axis":"도로경관축","sub":"국도 20호선 경관축","new":false,"lbl":"","note":"OSM ref 20 trunk","source":"2030 경주시 경관계획 재정비 (2025.04) §4.3 경관축 (T1) — 선형은 OSM (T4)"}},{"type":"Feature","geometry":{"type":"LineString","coordinates":[[129.3310371,35.684769],[129.3309342,35.6852089],[129.3308953,35.685381],[129.3308868,35.6856053],[129.3308978,35.6859133],[129.3309738,35.6867292],[129.3310122,35.686996],[129.3311767,35.6883954],[129.331317,35.6896066],[129.3313773,35.6900522]]},"properties":{"axis":"도로경관축","sub":"국도 7호선 경관축","new":false,"lbl":"","note":"OSM ref 7;14 primary","source":"2030 경주시 경관계획 재정비 (2025.04) §4.3 경관축 (T1) — 선형은 OSM (T4)"}},{"type":"Feature","geometry":{"type":"LineString","coordinates":[[129.0177117,36.0151724],[129.0153801,36.0154958],[129.0131171,36.0157518],[129.006499,36.0163593],[128.9991724,36.0169558],[128.9982027,36.0169681],[128.9973402,36.0168938],[128.9966921,36.0167989],[128.9961358,36.016642],[128.9954162,36.0163655],[128.9944394,36.01593],[128.9910966,36.0139197],[128.9876718,36.0118182],[128.9870483,36.011445]]},"properties":{"axis":"도로경관축","sub":"국도 28호선 경관축","new":false,"lbl":"","note":"OSM ref 28 trunk","source":"2030 경주시 경관계획 재정비 (2025.04) §4.3 경관축 (T1) — 선형은 OSM (T4)"}},{"type":"Feature","geometry":{"type":"LineString","coordinates":[[129.0221191,36.0142811],[129.0234636,36.0141247],[129.0241617,36.0140249],[129.02492,36.0139088],[129.025801,36.0137046],[129.0267472,36.0134679],[129.028545,36.0130033],[129.02918,36.012807],[129.02959,36.0127],[129.02999,36.01255],[129.03036,36.01237],[129.0305899,36.0122597],[129.0308623,36.0121106],[129.0311765,36.0118987],[129.0314246,36.0117027],[129.0316616,36.0115014],[129.0319559,36.0112226],[129.0321475,36.0109987],[129.0326387,36.0104054],[129.0335054,36.0092809]]},"properties":{"axis":"도로경관축","sub":"국도 28호선 경관축","new":false,"lbl":"","note":"OSM ref 28 trunk","source":"2030 경주시 경관계획 재정비 (2025.04) §4.3 경관축 (T1) — 선형은 OSM (T4)"}},{"type":"Feature","geometry":{"type":"LineString","coordinates":[[129.2677254,35.9825478],[129.2697911,35.9837989],[129.271676,35.9849854],[129.27216,35.98529]]},"properties":{"axis":"도로경관축","sub":"국도 7호선 경관축","new":false,"lbl":"","note":"OSM ref 7 trunk","source":"2030 경주시 경관계획 재정비 (2025.04) §4.3 경관축 (T1) — 선형은 OSM (T4)"}},{"type":"Feature","geometry":{"type":"LineString","coordinates":[[129.2756411,35.9875391],[129.27675,35.98827],[129.2776775,35.9888603]]},"properties":{"axis":"도로경관축","sub":"국도 7호선 경관축","new":false,"lbl":"","note":"OSM ref 7;28 trunk","source":"2030 경주시 경관계획 재정비 (2025.04) §4.3 경관축 (T1) — 선형은 OSM (T4)"}},{"type":"Feature","geometry":{"type":"LineString","coordinates":[[129.2822643,35.9919038],[129.2830457,35.992459],[129.2845126,35.9935011],[129.2847675,35.9936822],[129.2862655,35.9946211]]},"properties":{"axis":"도로경관축","sub":"국도 7호선 경관축","new":false,"lbl":"","note":"OSM ref 7 trunk","source":"2030 경주시 경관계획 재정비 (2025.04) §4.3 경관축 (T1) — 선형은 OSM (T4)"}},{"type":"Feature","geometry":{"type":"LineString","coordinates":[[129.3540869,36.0267774],[129.3540606,36.0267462]]},"properties":{"axis":"도로경관축","sub":"국도 7호선 경관축","new":false,"lbl":"","note":"OSM ref 7 primary","source":"2030 경주시 경관계획 재정비 (2025.04) §4.3 경관축 (T1) — 선형은 OSM (T4)"}},{"type":"Feature","geometry":{"type":"LineString","coordinates":[[129.3654121,36.0436728],[129.3654737,36.0437311]]},"properties":{"axis":"도로경관축","sub":"국도 20호선 경관축","new":false,"lbl":"","note":"OSM ref 20 tertiary","source":"2030 경주시 경관계획 재정비 (2025.04) §4.3 경관축 (T1) — 선형은 OSM (T4)"}},{"type":"Feature","geometry":{"type":"LineString","coordinates":[[129.2477657,35.9353735],[129.2477905,35.9363086],[129.2478246,35.9378584],[129.2478386,35.9386389],[129.2478319,35.9390829],[129.2478027,35.9394012]]},"properties":{"axis":"도로경관축","sub":"국도 7호선 경관축","new":false,"lbl":"","note":"OSM ref 7 primary","source":"2030 경주시 경관계획 재정비 (2025.04) §4.3 경관축 (T1) — 선형은 OSM (T4)"}},{"type":"Feature","geometry":{"type":"LineString","coordinates":[[129.2441183,35.9377115],[129.2424003,35.937418]]},"properties":{"axis":"도로경관축","sub":"국도 7호선 경관축","new":false,"lbl":"","note":"OSM ref 7;20 trunk","source":"2030 경주시 경관계획 재정비 (2025.04) §4.3 경관축 (T1) — 선형은 OSM (T4)"}},{"type":"Feature","geometry":{"type":"LineString","coordinates":[[129.2440325,35.9376275],[129.2457447,35.9379621]]},"properties":{"axis":"도로경관축","sub":"국도 20호선 경관축","new":false,"lbl":"","note":"OSM ref 20 trunk","source":"2030 경주시 경관계획 재정비 (2025.04) §4.3 경관축 (T1) — 선형은 OSM (T4)"}},{"type":"Feature","geometry":{"type":"LineString","coordinates":[[129.1004831,35.8639591],[129.1007021,35.8639782],[129.1009708,35.8639917],[129.1012211,35.8640043],[129.1017294,35.8640108]]},"properties":{"axis":"도로경관축","sub":"국도 20호선 경관축","new":false,"lbl":"","note":"OSM ref 20 trunk","source":"2030 경주시 경관계획 재정비 (2025.04) §4.3 경관축 (T1) — 선형은 OSM (T4)"}},{"type":"Feature","geometry":{"type":"LineString","coordinates":[[129.0794629,35.8794986],[129.08146,35.87696],[129.0831615,35.8748024],[129.08343,35.87452],[129.0837153,35.8742492],[129.0840293,35.8739973],[129.0843827,35.8737506],[129.08507,35.87333],[129.0854926,35.8730738],[129.08944,35.87068],[129.0913941,35.8694108]]},"properties":{"axis":"도로경관축","sub":"국도 4호선 경관축","new":false,"lbl":"","note":"OSM ref 4;35 trunk","source":"2030 경주시 경관계획 재정비 (2025.04) §4.3 경관축 (T1) — 선형은 OSM (T4)"}},{"type":"Feature","geometry":{"type":"LineString","coordinates":[[129.1381842,35.8206208],[129.1385089,35.8203023],[129.1387374,35.8201036],[129.1389975,35.8199033],[129.139259,35.8197258],[129.139543,35.8195588],[129.1398899,35.8193861]]},"properties":{"axis":"도로경관축","sub":"국도 4호선 경관축","new":false,"lbl":"","note":"OSM ref 4;35 trunk","source":"2030 경주시 경관계획 재정비 (2025.04) §4.3 경관축 (T1) — 선형은 OSM (T4)"}},{"type":"Feature","geometry":{"type":"LineString","coordinates":[[129.3306697,35.6913132],[129.3314566,35.6910671],[129.3316593,35.6910142]]},"properties":{"axis":"도로경관축","sub":"국도 7호선 경관축","new":false,"lbl":"","note":"OSM ref 7 trunk","source":"2030 경주시 경관계획 재정비 (2025.04) §4.3 경관축 (T1) — 선형은 OSM (T4)"}},{"type":"Feature","geometry":{"type":"LineString","coordinates":[[129.1988845,35.8372582],[129.1990519,35.8373063],[129.1991439,35.8373327],[129.19926,35.837366]]},"properties":{"axis":"도로경관축","sub":"국도 4호선 경관축","new":false,"lbl":"","note":"OSM ref 4;35 primary","source":"2030 경주시 경관계획 재정비 (2025.04) §4.3 경관축 (T1) — 선형은 OSM (T4)"}},{"type":"Feature","geometry":{"type":"LineString","coordinates":[[129.4886118,35.7833108],[129.4896786,35.7834757],[129.4901023,35.7835547],[129.490203,35.7835735]]},"properties":{"axis":"도로경관축","sub":"국도 4호선 경관축","new":false,"lbl":"","note":"OSM ref 4;31 primary","source":"2030 경주시 경관계획 재정비 (2025.04) §4.3 경관축 (T1) — 선형은 OSM (T4)"}},{"type":"Feature","geometry":{"type":"LineString","coordinates":[[129.0023148,35.9264551],[129.0017278,35.9267112]]},"properties":{"axis":"도로경관축","sub":"국도 4호선 경관축","new":false,"lbl":"","note":"OSM ref 4;35 trunk","source":"2030 경주시 경관계획 재정비 (2025.04) §4.3 경관축 (T1) — 선형은 OSM (T4)"}},{"type":"Feature","geometry":{"type":"LineString","coordinates":[[129.0109916,35.9249173],[129.0098868,35.925056],[129.0064443,35.9254449]]},"properties":{"axis":"도로경관축","sub":"국도 4호선 경관축","new":false,"lbl":"","note":"OSM ref 4;35 trunk","source":"2030 경주시 경관계획 재정비 (2025.04) §4.3 경관축 (T1) — 선형은 OSM (T4)"}},{"type":"Feature","geometry":{"type":"LineString","coordinates":[[129.03083,35.9038864],[129.0299496,35.904361],[129.0279696,35.9054834],[129.0274195,35.9058164],[129.0272038,35.9059674],[129.0268164,35.9062993]]},"properties":{"axis":"도로경관축","sub":"국도 4호선 경관축","new":false,"lbl":"","note":"OSM ref 4;35 trunk","source":"2030 경주시 경관계획 재정비 (2025.04) §4.3 경관축 (T1) — 선형은 OSM (T4)"}},{"type":"Feature","geometry":{"type":"LineString","coordinates":[[129.0527726,35.9030111],[129.052221,35.9031328],[129.0519639,35.9031718],[129.0517585,35.9031896],[129.0510049,35.9032119],[129.050587,35.9032053],[129.0487689,35.9029983],[129.0473379,35.9028097],[129.0407932,35.9020616],[129.0404005,35.902033],[129.0396548,35.901942],[129.0374488,35.9016382],[129.036948,35.901596],[129.0365754,35.9015925],[129.0359382,35.9016171],[129.0354147,35.9016724],[129.0350074,35.9017598],[129.0346212,35.9018711],[129.0342241,35.9020086],[129.0338896,35.9021601],[129.0333068,35.9024842],[129.03274,35.9027984],[129.0311282,35.9037341]]},"properties":{"axis":"도로경관축","sub":"국도 4호선 경관축","new":false,"lbl":"","note":"OSM ref 4;35 trunk","source":"2030 경주시 경관계획 재정비 (2025.04) §4.3 경관축 (T1) — 선형은 OSM (T4)"}},{"type":"Feature","geometry":{"type":"LineString","coordinates":[[129.0542522,35.9024489],[129.0537781,35.9026634],[129.053492,35.9027804],[129.0531983,35.9028855],[129.0529654,35.9029561]]},"properties":{"axis":"도로경관축","sub":"국도 4호선 경관축","new":false,"lbl":"","note":"OSM ref 4;35 trunk","source":"2030 경주시 경관계획 재정비 (2025.04) §4.3 경관축 (T1) — 선형은 OSM (T4)"}},{"type":"Feature","geometry":{"type":"LineString","coordinates":[[129.0652391,35.8907872],[129.0615702,35.8940261],[129.0606412,35.8949134],[129.0600443,35.8955097],[129.0595985,35.8960174],[129.059231,35.8964649],[129.058625,35.8972774],[129.0582511,35.8977886],[129.0582183,35.8978356],[129.0571725,35.8992622],[129.0557165,35.901237],[129.0555676,35.9014293],[129.055316,35.9016861],[129.0550196,35.9019408]]},"properties":{"axis":"도로경관축","sub":"국도 4호선 경관축","new":false,"lbl":"","note":"OSM ref 4;35 trunk","source":"2030 경주시 경관계획 재정비 (2025.04) §4.3 경관축 (T1) — 선형은 OSM (T4)"}},{"type":"Feature","geometry":{"type":"LineString","coordinates":[[129.0654654,35.8905893],[129.0652391,35.8907872]]},"properties":{"axis":"도로경관축","sub":"국도 4호선 경관축","new":false,"lbl":"","note":"OSM ref 4;35 trunk","source":"2030 경주시 경관계획 재정비 (2025.04) §4.3 경관축 (T1) — 선형은 OSM (T4)"}},{"type":"Feature","geometry":{"type":"LineString","coordinates":[[129.0707254,35.8868628],[129.0692094,35.8877373],[129.0684306,35.8882233],[129.0682652,35.8883265],[129.0672235,35.8890886],[129.0654654,35.8905893]]},"properties":{"axis":"도로경관축","sub":"국도 4호선 경관축","new":false,"lbl":"","note":"OSM ref 4;35 trunk","source":"2030 경주시 경관계획 재정비 (2025.04) §4.3 경관축 (T1) — 선형은 OSM (T4)"}},{"type":"Feature","geometry":{"type":"LineString","coordinates":[[129.0728371,35.8856754],[129.0724735,35.8858636]]},"properties":{"axis":"도로경관축","sub":"국도 4호선 경관축","new":false,"lbl":"","note":"OSM ref 4;35 trunk","source":"2030 경주시 경관계획 재정비 (2025.04) §4.3 경관축 (T1) — 선형은 OSM (T4)"}},{"type":"Feature","geometry":{"type":"LineString","coordinates":[[129.0794229,35.8796871],[129.0778284,35.881678],[129.0776748,35.8818582],[129.0774086,35.8821214],[129.0769969,35.8824558],[129.0764654,35.882801],[129.0759581,35.8830929],[129.0756726,35.883293],[129.0755124,35.8834198],[129.0752967,35.8836051],[129.075127,35.8837771],[129.074746,35.8842423],[129.0745008,35.8845073],[129.0742705,35.8847256],[129.0739653,35.8849565],[129.0736274,35.8851817],[129.0730271,35.8855565]]},"properties":{"axis":"도로경관축","sub":"국도 4호선 경관축","new":false,"lbl":"","note":"OSM ref 4;35 trunk","source":"2030 경주시 경관계획 재정비 (2025.04) §4.3 경관축 (T1) — 선형은 OSM (T4)"}},{"type":"Feature","geometry":{"type":"LineString","coordinates":[[129.0795165,35.8795644],[129.0794229,35.8796871]]},"properties":{"axis":"도로경관축","sub":"국도 4호선 경관축","new":false,"lbl":"","note":"OSM ref 4;35 trunk","source":"2030 경주시 경관계획 재정비 (2025.04) §4.3 경관축 (T1) — 선형은 OSM (T4)"}},{"type":"Feature","geometry":{"type":"LineString","coordinates":[[129.0985864,35.8614313],[129.0976476,35.8626545],[129.0974789,35.8628794]]},"properties":{"axis":"도로경관축","sub":"국도 4호선 경관축","new":false,"lbl":"","note":"OSM ref 4;35 trunk","source":"2030 경주시 경관계획 재정비 (2025.04) §4.3 경관축 (T1) — 선형은 OSM (T4)"}},{"type":"Feature","geometry":{"type":"LineString","coordinates":[[129.4898603,35.7835883],[129.4891288,35.7834911],[129.4885976,35.7833997]]},"properties":{"axis":"도로경관축","sub":"국도 4호선 경관축","new":false,"lbl":"","note":"OSM ref 4;31 primary","source":"2030 경주시 경관계획 재정비 (2025.04) §4.3 경관축 (T1) — 선형은 OSM (T4)"}},{"type":"Feature","geometry":{"type":"LineString","coordinates":[[129.3299142,35.7741153],[129.3292884,35.7744157],[129.3290375,35.7745382],[129.3287218,35.7746788],[129.3275737,35.7752855],[129.3268931,35.7756266],[129.3263648,35.7758557],[129.3259889,35.7760898],[129.3240461,35.7770256],[129.3226394,35.7777031],[129.3220238,35.7781171]]},"properties":{"axis":"도로경관축","sub":"국도 4호선 경관축","new":false,"lbl":"","note":"OSM ref 4 primary","source":"2030 경주시 경관계획 재정비 (2025.04) §4.3 경관축 (T1) — 선형은 OSM (T4)"}},{"type":"Feature","geometry":{"type":"LineString","coordinates":[[129.3306741,35.7737123],[129.3299142,35.7741153]]},"properties":{"axis":"도로경관축","sub":"국도 4호선 경관축","new":false,"lbl":"","note":"OSM ref 4 primary","source":"2030 경주시 경관계획 재정비 (2025.04) §4.3 경관축 (T1) — 선형은 OSM (T4)"}},{"type":"Feature","geometry":{"type":"LineString","coordinates":[[129.3347623,35.771158],[129.3343558,35.7714268],[129.3336064,35.7719281],[129.3334386,35.7720364],[129.3324054,35.7727302],[129.3306741,35.7737123]]},"properties":{"axis":"도로경관축","sub":"국도 4호선 경관축","new":false,"lbl":"","note":"OSM ref 4 primary","source":"2030 경주시 경관계획 재정비 (2025.04) §4.3 경관축 (T1) — 선형은 OSM (T4)"}},{"type":"Feature","geometry":{"type":"LineString","coordinates":[[129.3351232,35.7709457],[129.3347623,35.771158]]},"properties":{"axis":"도로경관축","sub":"국도 4호선 경관축","new":false,"lbl":"","note":"OSM ref 4 primary","source":"2030 경주시 경관계획 재정비 (2025.04) §4.3 경관축 (T1) — 선형은 OSM (T4)"}},{"type":"Feature","geometry":{"type":"LineString","coordinates":[[129.3822698,35.777965],[129.3817312,35.777097],[129.3812625,35.7763708],[129.3788059,35.7739383],[129.3775879,35.7731001],[129.3766012,35.7724956],[129.375679,35.7720776],[129.3749328,35.771684],[129.3742521,35.7714853],[129.3702069,35.7705967],[129.365661,35.7699306],[129.364139,35.7696651],[129.361524,35.7691657],[129.3584788,35.768655],[129.3564403,35.7683172],[129.3546352,35.7680576],[129.3530076,35.7678978],[129.3476001,35.7679249],[129.3450559,35.768041],[129.3433165,35.7681537],[129.3404526,35.7686713],[129.3390043,35.7691101]]},"properties":{"axis":"도로경관축","sub":"국도 4호선 경관축","new":false,"lbl":"","note":"OSM ref 4 primary","source":"2030 경주시 경관계획 재정비 (2025.04) §4.3 경관축 (T1) — 선형은 OSM (T4)"}},{"type":"Feature","geometry":{"type":"LineString","coordinates":[[129.3390043,35.7691101],[129.337736,35.7696302],[129.3363029,35.7703151],[129.3351232,35.7709457]]},"properties":{"axis":"도로경관축","sub":"국도 4호선 경관축","new":false,"lbl":"","note":"OSM ref 4 primary","source":"2030 경주시 경관계획 재정비 (2025.04) §4.3 경관축 (T1) — 선형은 OSM (T4)"}},{"type":"Feature","geometry":{"type":"LineString","coordinates":[[129.3914107,35.7900584],[129.3905783,35.7896415],[129.3895679,35.7891],[129.3887649,35.7885584],[129.3880432,35.7879949],[129.3872763,35.7872045],[129.3865117,35.7862863],[129.3854876,35.7840769],[129.3845924,35.7820398],[129.3835897,35.7800686],[129.3822698,35.777965]]},"properties":{"axis":"도로경관축","sub":"국도 4호선 경관축","new":false,"lbl":"","note":"OSM ref 4 primary","source":"2030 경주시 경관계획 재정비 (2025.04) §4.3 경관축 (T1) — 선형은 OSM (T4)"}},{"type":"Feature","geometry":{"type":"LineString","coordinates":[[129.393916,35.7907987],[129.3936183,35.7907475]]},"properties":{"axis":"도로경관축","sub":"국도 4호선 경관축","new":false,"lbl":"","note":"OSM ref 4 primary","source":"2030 경주시 경관계획 재정비 (2025.04) §4.3 경관축 (T1) — 선형은 OSM (T4)"}},{"type":"Feature","geometry":{"type":"LineString","coordinates":[[129.4014229,35.7926871],[129.3959602,35.7912859],[129.3954062,35.791164],[129.393916,35.7907987]]},"properties":{"axis":"도로경관축","sub":"국도 4호선 경관축","new":false,"lbl":"","note":"OSM ref 4 primary","source":"2030 경주시 경관계획 재정비 (2025.04) §4.3 경관축 (T1) — 선형은 OSM (T4)"}},{"type":"Feature","geometry":{"type":"LineString","coordinates":[[129.404249,35.7933236],[129.4014229,35.7926871]]},"properties":{"axis":"도로경관축","sub":"국도 4호선 경관축","new":false,"lbl":"","note":"OSM ref 4 primary","source":"2030 경주시 경관계획 재정비 (2025.04) §4.3 경관축 (T1) — 선형은 OSM (T4)"}},{"type":"Feature","geometry":{"type":"LineString","coordinates":[[129.4159184,35.7965168],[129.4137859,35.7958833],[129.4069284,35.7939756],[129.404249,35.7933236]]},"properties":{"axis":"도로경관축","sub":"국도 4호선 경관축","new":false,"lbl":"","note":"OSM ref 4 primary","source":"2030 경주시 경관계획 재정비 (2025.04) §4.3 경관축 (T1) — 선형은 OSM (T4)"}},{"type":"Feature","geometry":{"type":"LineString","coordinates":[[129.4163244,35.796612],[129.416112,35.7965622],[129.4159184,35.7965168]]},"properties":{"axis":"도로경관축","sub":"국도 4호선 경관축","new":false,"lbl":"","note":"OSM ref 4 primary","source":"2030 경주시 경관계획 재정비 (2025.04) §4.3 경관축 (T1) — 선형은 OSM (T4)"}},{"type":"Feature","geometry":{"type":"LineString","coordinates":[[129.4212594,35.7976803],[129.4182978,35.7970505],[129.4163244,35.796612]]},"properties":{"axis":"도로경관축","sub":"국도 4호선 경관축","new":false,"lbl":"","note":"OSM ref 4 primary","source":"2030 경주시 경관계획 재정비 (2025.04) §4.3 경관축 (T1) — 선형은 OSM (T4)"}},{"type":"Feature","geometry":{"type":"LineString","coordinates":[[129.4238863,35.7981966],[129.4212594,35.7976803]]},"properties":{"axis":"도로경관축","sub":"국도 4호선 경관축","new":false,"lbl":"","note":"OSM ref 4 primary","source":"2030 경주시 경관계획 재정비 (2025.04) §4.3 경관축 (T1) — 선형은 OSM (T4)"}},{"type":"Feature","geometry":{"type":"LineString","coordinates":[[129.4329066,35.7981105],[129.4314576,35.7985597],[129.4305776,35.7987873],[129.4300314,35.7988796],[129.4292575,35.7989658],[129.4283851,35.7989719],[129.4275885,35.7989165],[129.4238863,35.7981966]]},"properties":{"axis":"도로경관축","sub":"국도 4호선 경관축","new":false,"lbl":"","note":"OSM ref 4 primary","source":"2030 경주시 경관계획 재정비 (2025.04) §4.3 경관축 (T1) — 선형은 OSM (T4)"}},{"type":"Feature","geometry":{"type":"LineString","coordinates":[[129.4352736,35.7973352],[129.4329066,35.7981105]]},"properties":{"axis":"도로경관축","sub":"국도 4호선 경관축","new":false,"lbl":"","note":"OSM ref 4 primary","source":"2030 경주시 경관계획 재정비 (2025.04) §4.3 경관축 (T1) — 선형은 OSM (T4)"}},{"type":"Feature","geometry":{"type":"LineString","coordinates":[[129.4379088,35.7960225],[129.4376405,35.7962214],[129.4365329,35.7968429],[129.4352736,35.7973352]]},"properties":{"axis":"도로경관축","sub":"국도 4호선 경관축","new":false,"lbl":"","note":"OSM ref 4 primary","source":"2030 경주시 경관계획 재정비 (2025.04) §4.3 경관축 (T1) — 선형은 OSM (T4)"}},{"type":"Feature","geometry":{"type":"LineString","coordinates":[[129.4382633,35.7957684],[129.4379088,35.7960225]]},"properties":{"axis":"도로경관축","sub":"국도 4호선 경관축","new":false,"lbl":"","note":"OSM ref 4 primary","source":"2030 경주시 경관계획 재정비 (2025.04) §4.3 경관축 (T1) — 선형은 OSM (T4)"}},{"type":"Feature","geometry":{"type":"LineString","coordinates":[[129.4434626,35.7935205],[129.4421676,35.7938051],[129.4412729,35.7941074],[129.4402474,35.7945243],[129.4397944,35.7947468],[129.4390933,35.7952159],[129.4382633,35.7957684]]},"properties":{"axis":"도로경관축","sub":"국도 4호선 경관축","new":false,"lbl":"","note":"OSM ref 4 primary","source":"2030 경주시 경관계획 재정비 (2025.04) §4.3 경관축 (T1) — 선형은 OSM (T4)"}},{"type":"Feature","geometry":{"type":"LineString","coordinates":[[129.4439231,35.7934032],[129.4434626,35.7935205]]},"properties":{"axis":"도로경관축","sub":"국도 4호선 경관축","new":false,"lbl":"","note":"OSM ref 4 primary","source":"2030 경주시 경관계획 재정비 (2025.04) §4.3 경관축 (T1) — 선형은 OSM (T4)"}},{"type":"Feature","geometry":{"type":"LineString","coordinates":[[129.4630772,35.7868054],[129.4626763,35.7870338],[129.4615155,35.78768],[129.4608631,35.7879877],[129.4597555,35.788437],[129.4565237,35.7898277],[129.454407,35.7906647],[129.4530562,35.7911375]]},"properties":{"axis":"도로경관축","sub":"국도 4호선 경관축","new":false,"lbl":"","note":"OSM ref 4 primary","source":"2030 경주시 경관계획 재정비 (2025.04) §4.3 경관축 (T1) — 선형은 OSM (T4)"}},{"type":"Feature","geometry":{"type":"LineString","coordinates":[[129.4634914,35.7865531],[129.4630772,35.7868054]]},"properties":{"axis":"도로경관축","sub":"국도 4호선 경관축","new":false,"lbl":"","note":"OSM ref 4 primary","source":"2030 경주시 경관계획 재정비 (2025.04) §4.3 경관축 (T1) — 선형은 OSM (T4)"}},{"type":"Feature","geometry":{"type":"LineString","coordinates":[[129.4658853,35.7849168],[129.4638749,35.7863015],[129.4634914,35.7865531]]},"properties":{"axis":"도로경관축","sub":"국도 4호선 경관축","new":false,"lbl":"","note":"OSM ref 4 primary","source":"2030 경주시 경관계획 재정비 (2025.04) §4.3 경관축 (T1) — 선형은 OSM (T4)"}},{"type":"Feature","geometry":{"type":"LineString","coordinates":[[129.466183,35.7847139],[129.4658853,35.7849168]]},"properties":{"axis":"도로경관축","sub":"국도 4호선 경관축","new":false,"lbl":"","note":"OSM ref 4 primary","source":"2030 경주시 경관계획 재정비 (2025.04) §4.3 경관축 (T1) — 선형은 OSM (T4)"}},{"type":"Feature","geometry":{"type":"LineString","coordinates":[[129.4735761,35.7831708],[129.4711796,35.7832455],[129.4701792,35.7832982],[129.46962,35.7833897]]},"properties":{"axis":"도로경관축","sub":"국도 4호선 경관축","new":false,"lbl":"","note":"OSM ref 4 primary","source":"2030 경주시 경관계획 재정비 (2025.04) §4.3 경관축 (T1) — 선형은 OSM (T4)"}},{"type":"Feature","geometry":{"type":"LineString","coordinates":[[129.4744256,35.7831538],[129.4735761,35.7831708]]},"properties":{"axis":"도로경관축","sub":"국도 4호선 경관축","new":false,"lbl":"","note":"OSM ref 4 primary","source":"2030 경주시 경관계획 재정비 (2025.04) §4.3 경관축 (T1) — 선형은 OSM (T4)"}},{"type":"Feature","geometry":{"type":"LineString","coordinates":[[129.4885976,35.7833997],[129.4881441,35.7833367],[129.4867897,35.7831465],[129.4864355,35.7831017],[129.4860623,35.7830613],[129.4856891,35.7830332],[129.4853323,35.7830153],[129.4849434,35.783002],[129.4846006,35.7829954],[129.4842532,35.7829963],[129.4744256,35.7831538]]},"properties":{"axis":"도로경관축","sub":"국도 4호선 경관축","new":false,"lbl":"","note":"OSM ref 4 primary","source":"2030 경주시 경관계획 재정비 (2025.04) §4.3 경관축 (T1) — 선형은 OSM (T4)"}},{"type":"Feature","geometry":{"type":"LineString","coordinates":[[129.1911828,35.7122317],[129.1913035,35.7126672]]},"properties":{"axis":"도로경관축","sub":"경부고속도로 경관축","new":false,"lbl":"","note":"OSM ref 1 motorway","source":"2030 경주시 경관계획 재정비 (2025.04) §4.3 경관축 (T1) — 선형은 OSM (T4)"}},{"type":"Feature","geometry":{"type":"LineString","coordinates":[[129.1725948,35.7756027],[129.1731488,35.775013],[129.1741623,35.7739142]]},"properties":{"axis":"도로경관축","sub":"고속철도 경관축","new":true,"lbl":"","note":"OSM 경부고속선","source":"2030 경주시 경관계획 재정비 (2025.04) §4.3 경관축 (T1) — 선형은 OSM (T4)"}},{"type":"Feature","geometry":{"type":"LineString","coordinates":[[129.3126382,35.6047992],[129.3124552,35.6051332],[129.3120825,35.605931],[129.31196,35.6062539],[129.3118443,35.6065814],[129.3116047,35.6073434],[129.3114265,35.6081796],[129.3113455,35.6089928],[129.311216,35.6121038],[129.311135,35.6132396],[129.3110864,35.6139803],[129.3111066,35.615274],[129.3111512,35.6161661],[129.3112362,35.6167916],[129.3113982,35.6178153],[129.3115845,35.6187568],[129.3120663,35.6204257],[129.3123255,35.62114],[129.3124816,35.6215118]]},"properties":{"axis":"도로경관축","sub":"국도 7호선 경관축","new":false,"lbl":"","note":"OSM ref 7 trunk","source":"2030 경주시 경관계획 재정비 (2025.04) §4.3 경관축 (T1) — 선형은 OSM (T4)"}},{"type":"Feature","geometry":{"type":"LineString","coordinates":[[129.3183469,35.6313896],[129.3186951,35.6319227],[129.3193916,35.6331569],[129.3195059,35.6333812],[129.3196062,35.6335782],[129.32008,35.634819],[129.3202906,35.6356121],[129.3204015,35.6363389],[129.3204201,35.6364612],[129.320446,35.6373144],[129.3204429,35.6375651],[129.3204271,35.6381138]]},"properties":{"axis":"도로경관축","sub":"국도 7호선 경관축","new":false,"lbl":"","note":"OSM ref 7 trunk","source":"2030 경주시 경관계획 재정비 (2025.04) §4.3 경관축 (T1) — 선형은 OSM (T4)"}},{"type":"Feature","geometry":{"type":"LineString","coordinates":[[129.3177395,35.6304351],[129.3183469,35.6313896]]},"properties":{"axis":"도로경관축","sub":"국도 7호선 경관축","new":false,"lbl":"","note":"OSM ref 7 trunk","source":"2030 경주시 경관계획 재정비 (2025.04) §4.3 경관축 (T1) — 선형은 OSM (T4)"}},{"type":"Feature","geometry":{"type":"LineString","coordinates":[[129.3204175,35.6384278],[129.3203959,35.6388208],[129.3203432,35.639558],[129.3203513,35.6401438],[129.3204282,35.6405848],[129.32057,35.641447],[129.3206498,35.6421001],[129.3208916,35.6438384],[129.3210011,35.6446104],[129.3210165,35.6447255]]},"properties":{"axis":"도로경관축","sub":"국도 7호선 경관축","new":false,"lbl":"","note":"OSM ref 7 trunk","source":"2030 경주시 경관계획 재정비 (2025.04) §4.3 경관축 (T1) — 선형은 OSM (T4)"}},{"type":"Feature","geometry":{"type":"LineString","coordinates":[[129.3204271,35.6381138],[129.3204175,35.6384278]]},"properties":{"axis":"도로경관축","sub":"국도 7호선 경관축","new":false,"lbl":"","note":"OSM ref 7 trunk","source":"2030 경주시 경관계획 재정비 (2025.04) §4.3 경관축 (T1) — 선형은 OSM (T4)"}},{"type":"Feature","geometry":{"type":"LineString","coordinates":[[129.3210363,35.6448663],[129.3211155,35.6454428],[129.3211846,35.6459202]]},"properties":{"axis":"도로경관축","sub":"국도 7호선 경관축","new":false,"lbl":"","note":"OSM ref 7 trunk","source":"2030 경주시 경관계획 재정비 (2025.04) §4.3 경관축 (T1) — 선형은 OSM (T4)"}},{"type":"Feature","geometry":{"type":"LineString","coordinates":[[129.3210165,35.6447255],[129.3210363,35.6448663]]},"properties":{"axis":"도로경관축","sub":"국도 7호선 경관축","new":false,"lbl":"","note":"OSM ref 7 trunk","source":"2030 경주시 경관계획 재정비 (2025.04) §4.3 경관축 (T1) — 선형은 OSM (T4)"}},{"type":"Feature","geometry":{"type":"LineString","coordinates":[[129.3125872,35.6217626],[129.3127345,35.6221143],[129.31286,35.6223908],[129.3133419,35.6234606],[129.3137468,35.6242012],[129.3142813,35.6250076],[129.31499,35.6261464],[129.3157026,35.627226],[129.3158007,35.6273804],[129.3167393,35.6288586],[129.3175087,35.6301224],[129.3177395,35.6304351]]},"properties":{"axis":"도로경관축","sub":"국도 7호선 경관축","new":false,"lbl":"","note":"OSM ref 7 trunk","source":"2030 경주시 경관계획 재정비 (2025.04) §4.3 경관축 (T1) — 선형은 OSM (T4)"}},{"type":"Feature","geometry":{"type":"LineString","coordinates":[[129.3124816,35.6215118],[129.3125872,35.6217626]]},"properties":{"axis":"도로경관축","sub":"국도 7호선 경관축","new":false,"lbl":"","note":"OSM ref 7 trunk","source":"2030 경주시 경관계획 재정비 (2025.04) §4.3 경관축 (T1) — 선형은 OSM (T4)"}},{"type":"Feature","geometry":{"type":"LineString","coordinates":[[129.322301,35.6504155],[129.3227408,35.6509143],[129.3231451,35.6513274],[129.3233657,35.6515328],[129.3235721,35.651683],[129.3238596,35.6518554],[129.3242082,35.6520675],[129.3245576,35.6522342],[129.325055,35.6524278],[129.3254831,35.6525625],[129.3258674,35.6526584],[129.3263325,35.652737],[129.3267785,35.6527707],[129.3271728,35.6527845]]},"properties":{"axis":"도로경관축","sub":"국도 7호선 경관축","new":false,"lbl":"","note":"OSM ref 7 trunk","source":"2030 경주시 경관계획 재정비 (2025.04) §4.3 경관축 (T1) — 선형은 OSM (T4)"}},{"type":"Feature","geometry":{"type":"LineString","coordinates":[[129.3271728,35.6527845],[129.32745,35.6527885],[129.3277171,35.6527834],[129.3279996,35.6527706],[129.3282921,35.6527483]]},"properties":{"axis":"도로경관축","sub":"국도 7호선 경관축","new":false,"lbl":"","note":"OSM ref 7 trunk","source":"2030 경주시 경관계획 재정비 (2025.04) §4.3 경관축 (T1) — 선형은 OSM (T4)"}},{"type":"Feature","geometry":{"type":"LineString","coordinates":[[129.3282921,35.6527483],[129.3286161,35.6527164],[129.3289063,35.6526754],[129.3292302,35.6526136],[129.3296548,35.6525279],[129.330282,35.6523873],[129.3310479,35.6522339],[129.3319822,35.6520819],[129.3327429,35.6519659],[129.3336705,35.6518582],[129.3344438,35.6517907]]},"properties":{"axis":"도로경관축","sub":"국도 7호선 경관축","new":false,"lbl":"","note":"OSM ref 7 trunk","source":"2030 경주시 경관계획 재정비 (2025.04) §4.3 경관축 (T1) — 선형은 OSM (T4)"}},{"type":"Feature","geometry":{"type":"LineString","coordinates":[[129.3379538,35.6517143],[129.3397279,35.6517349]]},"properties":{"axis":"도로경관축","sub":"국도 7호선 경관축","new":false,"lbl":"","note":"OSM ref 7 trunk","source":"2030 경주시 경관계획 재정비 (2025.04) §4.3 경관축 (T1) — 선형은 OSM (T4)"}},{"type":"Feature","geometry":{"type":"LineString","coordinates":[[129.3344438,35.6517907],[129.3349337,35.6517598],[129.3354387,35.6517309],[129.3361871,35.6517096],[129.3370278,35.6516982],[129.3379538,35.6517143]]},"properties":{"axis":"도로경관축","sub":"국도 7호선 경관축","new":false,"lbl":"","note":"OSM ref 7 trunk","source":"2030 경주시 경관계획 재정비 (2025.04) §4.3 경관축 (T1) — 선형은 OSM (T4)"}},{"type":"Feature","geometry":{"type":"LineString","coordinates":[[129.3211831,35.7787019],[129.3212599,35.7787552]]},"properties":{"axis":"도로경관축","sub":"국도 4호선 경관축","new":false,"lbl":"","note":"OSM ref 4 primary","source":"2030 경주시 경관계획 재정비 (2025.04) §4.3 경관축 (T1) — 선형은 OSM (T4)"}},{"type":"Feature","geometry":{"type":"LineString","coordinates":[[129.3958063,35.9191813],[129.3958471,35.9189157],[129.3958879,35.9184699],[129.3959548,35.9178561],[129.3960047,35.9169465],[129.3959845,35.9165009],[129.3959525,35.9159914],[129.3958942,35.9153774],[129.3958217,35.9148637]]},"properties":{"axis":"도로경관축","sub":"울산-포항고속도로 경관축","new":false,"lbl":"","note":"OSM ref 65 motorway","source":"2030 경주시 경관계획 재정비 (2025.04) §4.3 경관축 (T1) — 선형은 OSM (T4)"}},{"type":"Feature","geometry":{"type":"LineString","coordinates":[[129.3960591,35.9149642],[129.3960895,35.9159007],[129.3961151,35.916477],[129.3961173,35.9169397],[129.3960716,35.9176961],[129.3960305,35.9183156],[129.3959642,35.9190045],[129.3959349,35.9192131]]},"properties":{"axis":"도로경관축","sub":"울산-포항고속도로 경관축","new":false,"lbl":"","note":"OSM ref 65 motorway","source":"2030 경주시 경관계획 재정비 (2025.04) §4.3 경관축 (T1) — 선형은 OSM (T4)"}},{"type":"Feature","geometry":{"type":"LineString","coordinates":[[129.3959349,35.9192131],[129.395848,35.9196956],[129.395679,35.920508],[129.3955651,35.9209517]]},"properties":{"axis":"도로경관축","sub":"울산-포항고속도로 경관축","new":false,"lbl":"","note":"OSM ref 65 motorway","source":"2030 경주시 경관계획 재정비 (2025.04) §4.3 경관축 (T1) — 선형은 OSM (T4)"}},{"type":"Feature","geometry":{"type":"LineString","coordinates":[[129.3954275,35.9209707],[129.3955137,35.9206477],[129.3955838,35.920342],[129.3956677,35.91995],[129.3957325,35.9196313],[129.3958063,35.9191813]]},"properties":{"axis":"도로경관축","sub":"울산-포항고속도로 경관축","new":false,"lbl":"","note":"OSM ref 65 motorway","source":"2030 경주시 경관계획 재정비 (2025.04) §4.3 경관축 (T1) — 선형은 OSM (T4)"}},{"type":"Feature","geometry":{"type":"LineString","coordinates":[[129.1567681,35.8611586],[129.156671,35.8609651],[129.1559336,35.8594519],[129.1557894,35.859138],[129.1554587,35.8581868],[129.1552934,35.8573987],[129.1551731,35.8565674],[129.1552062,35.8547898],[129.155525,35.8532146],[129.155781,35.8524573],[129.1558813,35.8521473],[129.1564213,35.8510562],[129.1573197,35.8486287],[129.1590516,35.8449363],[129.1598848,35.8435486],[129.1608704,35.8417681],[129.1612535,35.8408802],[129.1614347,35.8400986],[129.1615136,35.8393419],[129.1615193,35.8386471],[129.1613878,35.8378983],[129.1608202,35.8368809],[129.1607265,35.8367722],[129.1604058,35.8359999],[129.1601134,35.8356789],[129.1595548,35.8351853]]},"properties":{"axis":"도로경관축","sub":"국도 7호선 경관축","new":false,"lbl":"","note":"OSM ref 7 trunk","source":"2030 경주시 경관계획 재정비 (2025.04) §4.3 경관축 (T1) — 선형은 OSM (T4)"}},{"type":"Feature","geometry":{"type":"LineString","coordinates":[[129.1596398,35.8351198],[129.1601739,35.8356146],[129.1605036,35.8359703],[129.1613365,35.8374018],[129.1615292,35.8378554],[129.1616231,35.8381888],[129.1616893,35.8386726],[129.1617014,35.8393025],[129.1616259,35.840121],[129.1614001,35.8408612],[129.1610153,35.8417883],[129.1592036,35.844979],[129.1584161,35.8465843],[129.1575174,35.8485084],[129.156523,35.8510994],[129.1559912,35.8521874],[129.1555973,35.8533777],[129.1553245,35.8547911],[129.1552855,35.8565731],[129.1553926,35.8573658],[129.155561,35.8580912],[129.1558274,35.8588051],[129.1558975,35.8589928],[129.1562149,35.8597718],[129.1564369,35.8602056],[129.1568087,35.8609607],[129.1568925,35.861121]]},"properties":{"axis":"도로경관축","sub":"국도 7호선 경관축","new":false,"lbl":"","note":"OSM ref 7 trunk","source":"2030 경주시 경관계획 재정비 (2025.04) §4.3 경관축 (T1) — 선형은 OSM (T4)"}},{"type":"Feature","geometry":{"type":"LineString","coordinates":[[129.1512072,35.8286785],[129.1472764,35.8255691],[129.1467976,35.8251903]]},"properties":{"axis":"도로경관축","sub":"국도 7호선 경관축","new":false,"lbl":"","note":"OSM ref 7 trunk","source":"2030 경주시 경관계획 재정비 (2025.04) §4.3 경관축 (T1) — 선형은 OSM (T4)"}},{"type":"Feature","geometry":{"type":"LineString","coordinates":[[129.1469533,35.8250451],[129.1514754,35.8285132]]},"properties":{"axis":"도로경관축","sub":"국도 7호선 경관축","new":false,"lbl":"","note":"OSM ref 7 trunk","source":"2030 경주시 경관계획 재정비 (2025.04) §4.3 경관축 (T1) — 선형은 OSM (T4)"}},{"type":"Feature","geometry":{"type":"LineString","coordinates":[[129.1457656,35.8242691],[129.1455426,35.8240818],[129.145247,35.823783],[129.1450448,35.8234974],[129.144773,35.8230062],[129.1445392,35.8225107],[129.1443288,35.8219683],[129.1441947,35.8215454],[129.1440512,35.8209996],[129.1439652,35.8205014],[129.1439155,35.8200139],[129.1439009,35.8195574],[129.143905,35.8191064],[129.1439843,35.8175023]]},"properties":{"axis":"도로경관축","sub":"국도 7호선 경관축","new":false,"lbl":"","note":"OSM ref 7 trunk","source":"2030 경주시 경관계획 재정비 (2025.04) §4.3 경관축 (T1) — 선형은 OSM (T4)"}},{"type":"Feature","geometry":{"type":"LineString","coordinates":[[129.1442897,35.818254],[129.1442367,35.8191148],[129.1442494,35.8199742],[129.1442949,35.8204598],[129.1443898,35.8210057],[129.1445029,35.8214626],[129.1447063,35.8220875],[129.1448827,35.82251],[129.1451067,35.8229767],[129.1454187,35.8234909],[129.1455862,35.8237321],[129.1458359,35.8239853],[129.1460926,35.8242095]]},"properties":{"axis":"도로경관축","sub":"국도 7호선 경관축","new":false,"lbl":"","note":"OSM ref 7 trunk","source":"2030 경주시 경관계획 재정비 (2025.04) §4.3 경관축 (T1) — 선형은 OSM (T4)"}},{"type":"Feature","geometry":{"type":"LineString","coordinates":[[129.4530562,35.7911375],[129.4528474,35.7911907]]},"properties":{"axis":"도로경관축","sub":"국도 4호선 경관축","new":false,"lbl":"","note":"OSM ref 4 primary","source":"2030 경주시 경관계획 재정비 (2025.04) §4.3 경관축 (T1) — 선형은 OSM (T4)"}},{"type":"Feature","geometry":{"type":"LineString","coordinates":[[129.453003,35.7910312],[129.4531226,35.7909939],[129.4538277,35.7907742],[129.4545641,35.7904755],[129.4559007,35.78995],[129.4579722,35.7890836],[129.4589868,35.7886621],[129.4595892,35.7884085],[129.4604743,35.7880556],[129.4612491,35.7877321],[129.4620966,35.7872969],[129.4630676,35.7867399]]},"properties":{"axis":"도로경관축","sub":"국도 4호선 경관축","new":false,"lbl":"","note":"OSM ref 4;31 primary","source":"2030 경주시 경관계획 재정비 (2025.04) §4.3 경관축 (T1) — 선형은 OSM (T4)"}},{"type":"Feature","geometry":{"type":"LineString","coordinates":[[129.4528474,35.7911907],[129.4515318,35.7915262],[129.4460749,35.7928524],[129.4439231,35.7934032]]},"properties":{"axis":"도로경관축","sub":"국도 4호선 경관축","new":false,"lbl":"","note":"OSM ref 4 primary","source":"2030 경주시 경관계획 재정비 (2025.04) §4.3 경관축 (T1) — 선형은 OSM (T4)"}},{"type":"Feature","geometry":{"type":"LineString","coordinates":[[129.2806343,35.990988],[129.2798467,35.9904839],[129.27971,35.9903983],[129.2781727,35.9893647],[129.2775444,35.9889347]]},"properties":{"axis":"도로경관축","sub":"국도 7호선 경관축","new":false,"lbl":"","note":"OSM ref 7;28 trunk","source":"2030 경주시 경관계획 재정비 (2025.04) §4.3 경관축 (T1) — 선형은 OSM (T4)"}},{"type":"Feature","geometry":{"type":"LineString","coordinates":[[129.2750962,35.9873542],[129.2732401,35.9861637]]},"properties":{"axis":"도로경관축","sub":"국도 7호선 경관축","new":false,"lbl":"","note":"OSM ref 7;28 trunk","source":"2030 경주시 경관계획 재정비 (2025.04) §4.3 경관축 (T1) — 선형은 OSM (T4)"}},{"type":"Feature","geometry":{"type":"LineString","coordinates":[[129.275559,35.987652],[129.2750962,35.9873542]]},"properties":{"axis":"도로경관축","sub":"국도 7호선 경관축","new":false,"lbl":"","note":"OSM ref 7;28 trunk","source":"2030 경주시 경관계획 재정비 (2025.04) §4.3 경관축 (T1) — 선형은 OSM (T4)"}},{"type":"Feature","geometry":{"type":"LineString","coordinates":[[129.2724117,35.98565],[129.2694703,35.9837615],[129.2677498,35.9826568],[129.2676572,35.9825856]]},"properties":{"axis":"도로경관축","sub":"국도 7호선 경관축","new":false,"lbl":"","note":"OSM ref 7 trunk","source":"2030 경주시 경관계획 재정비 (2025.04) §4.3 경관축 (T1) — 선형은 OSM (T4)"}},{"type":"Feature","geometry":{"type":"LineString","coordinates":[[129.2632121,35.9807498],[129.2630905,35.9807527],[129.2624554,35.9807596],[129.2620048,35.9808117],[129.2618683,35.9808325],[129.2615027,35.9808881],[129.2608332,35.9810652],[129.2602581,35.9812701],[129.2596959,35.9815167],[129.2588293,35.9819546]]},"properties":{"axis":"도로경관축","sub":"국도 7호선 경관축","new":false,"lbl":"","note":"OSM ref 7 trunk","source":"2030 경주시 경관계획 재정비 (2025.04) §4.3 경관축 (T1) — 선형은 OSM (T4)"}},{"type":"Feature","geometry":{"type":"LineString","coordinates":[[129.2676572,35.9825856],[129.2664015,35.9817842],[129.265578,35.9813075],[129.2650136,35.9810713],[129.26442,35.9809115],[129.2637837,35.9808044],[129.2632121,35.9807498]]},"properties":{"axis":"도로경관축","sub":"국도 7호선 경관축","new":false,"lbl":"","note":"OSM ref 7 trunk","source":"2030 경주시 경관계획 재정비 (2025.04) §4.3 경관축 (T1) — 선형은 OSM (T4)"}},{"type":"Feature","geometry":{"type":"LineString","coordinates":[[129.2659498,35.9838536],[129.2649627,35.9841419],[129.2639929,35.9844509],[129.2616859,35.9852893],[129.261455,35.9853788],[129.260445,35.9857703]]},"properties":{"axis":"도로경관축","sub":"국도 28호선 경관축","new":false,"lbl":"","note":"OSM ref 28 trunk","source":"2030 경주시 경관계획 재정비 (2025.04) §4.3 경관축 (T1) — 선형은 OSM (T4)"}},{"type":"Feature","geometry":{"type":"LineString","coordinates":[[129.2560309,35.9883297],[129.2562877,35.9881262],[129.2584545,35.9866506],[129.2598148,35.9858954],[129.2603524,35.9856755]]},"properties":{"axis":"도로경관축","sub":"국도 28호선 경관축","new":false,"lbl":"","note":"OSM ref 28 trunk","source":"2030 경주시 경관계획 재정비 (2025.04) §4.3 경관축 (T1) — 선형은 OSM (T4)"}},{"type":"Feature","geometry":{"type":"LineString","coordinates":[[129.2556669,35.9885538],[129.2560309,35.9883297]]},"properties":{"axis":"도로경관축","sub":"국도 28호선 경관축","new":false,"lbl":"","note":"OSM ref 28 trunk","source":"2030 경주시 경관계획 재정비 (2025.04) §4.3 경관축 (T1) — 선형은 OSM (T4)"}},{"type":"Feature","geometry":{"type":"LineString","coordinates":[[129.2500627,35.9886289],[129.254147,35.9888608],[129.2548493,35.9888069],[129.2552917,35.9887049]]},"properties":{"axis":"도로경관축","sub":"국도 28호선 경관축","new":false,"lbl":"","note":"OSM ref 28 trunk","source":"2030 경주시 경관계획 재정비 (2025.04) §4.3 경관축 (T1) — 선형은 OSM (T4)"}},{"type":"Feature","geometry":{"type":"LineString","coordinates":[[129.2303186,35.9971535],[129.2318764,35.9956191],[129.233037,35.9944707]]},"properties":{"axis":"도로경관축","sub":"국도 28호선 경관축","new":false,"lbl":"","note":"OSM ref 28 trunk","source":"2030 경주시 경관계획 재정비 (2025.04) §4.3 경관축 (T1) — 선형은 OSM (T4)"}},{"type":"Feature","geometry":{"type":"LineString","coordinates":[[129.233037,35.9944707],[129.2333963,35.9940987],[129.2334777,35.9940144]]},"properties":{"axis":"도로경관축","sub":"국도 28호선 경관축","new":false,"lbl":"","note":"OSM ref 28 trunk","source":"2030 경주시 경관계획 재정비 (2025.04) §4.3 경관축 (T1) — 선형은 OSM (T4)"}},{"type":"Feature","geometry":{"type":"LineString","coordinates":[[129.2348513,35.9926354],[129.2351003,35.9923854],[129.2360183,35.9915086],[129.2363082,35.9912323],[129.2365818,35.9910196],[129.2372372,35.9906072],[129.2375115,35.9904699],[129.2376556,35.9904128]]},"properties":{"axis":"도로경관축","sub":"국도 28호선 경관축","new":false,"lbl":"","note":"OSM ref 28 trunk","source":"2030 경주시 경관계획 재정비 (2025.04) §4.3 경관축 (T1) — 선형은 OSM (T4)"}},{"type":"Feature","geometry":{"type":"LineString","coordinates":[[129.2376556,35.9904128],[129.2383551,35.9901803],[129.2389622,35.990029]]},"properties":{"axis":"도로경관축","sub":"국도 28호선 경관축","new":false,"lbl":"","note":"OSM ref 28 trunk","source":"2030 경주시 경관계획 재정비 (2025.04) §4.3 경관축 (T1) — 선형은 OSM (T4)"}},{"type":"Feature","geometry":{"type":"LineString","coordinates":[[129.2390297,35.9900844],[129.2385887,35.9901933],[129.2379854,35.9903836],[129.2376667,35.9905108]]},"properties":{"axis":"도로경관축","sub":"국도 28호선 경관축","new":false,"lbl":"","note":"OSM ref 28 trunk","source":"2030 경주시 경관계획 재정비 (2025.04) §4.3 경관축 (T1) — 선형은 OSM (T4)"}},{"type":"Feature","geometry":{"type":"LineString","coordinates":[[129.2331194,35.9945011],[129.2329905,35.9946351],[129.2302644,35.9972868],[129.2301552,35.997393]]},"properties":{"axis":"도로경관축","sub":"국도 28호선 경관축","new":false,"lbl":"","note":"OSM ref 28 trunk","source":"2030 경주시 경관계획 재정비 (2025.04) §4.3 경관축 (T1) — 선형은 OSM (T4)"}},{"type":"Feature","geometry":{"type":"LineString","coordinates":[[129.2335617,35.9940553],[129.2331194,35.9945011]]},"properties":{"axis":"도로경관축","sub":"국도 28호선 경관축","new":false,"lbl":"","note":"OSM ref 28 trunk","source":"2030 경주시 경관계획 재정비 (2025.04) §4.3 경관축 (T1) — 선형은 OSM (T4)"}},{"type":"Feature","geometry":{"type":"LineString","coordinates":[[129.1954899,35.9977258],[129.1941962,35.9978982],[129.1920406,35.9981855],[129.1909308,35.9982311],[129.1902329,35.9981919],[129.188559,35.9980103],[129.1867081,35.9977747],[129.1862212,35.9977156],[129.1854777,35.9975781],[129.1845673,35.9972982],[129.1842728,35.9971545]]},"properties":{"axis":"도로경관축","sub":"국도 28호선 경관축","new":false,"lbl":"","note":"OSM ref 28 trunk","source":"2030 경주시 경관계획 재정비 (2025.04) §4.3 경관축 (T1) — 선형은 OSM (T4)"}},{"type":"Feature","geometry":{"type":"LineString","coordinates":[[129.2282318,35.9984644],[129.2277159,35.9985896]]},"properties":{"axis":"도로경관축","sub":"국도 28호선 경관축","new":false,"lbl":"","note":"OSM ref 28 trunk","source":"2030 경주시 경관계획 재정비 (2025.04) §4.3 경관축 (T1) — 선형은 OSM (T4)"}},{"type":"Feature","geometry":{"type":"LineString","coordinates":[[129.1697509,35.9909415],[129.1677686,35.9903512],[129.1658754,35.9898032],[129.1656079,35.9897246],[129.1625452,35.9888253]]},"properties":{"axis":"도로경관축","sub":"국도 28호선 경관축","new":false,"lbl":"","note":"OSM ref 28 trunk","source":"2030 경주시 경관계획 재정비 (2025.04) §4.3 경관축 (T1) — 선형은 OSM (T4)"}},{"type":"Feature","geometry":{"type":"LineString","coordinates":[[129.1741928,35.9924962],[129.1736281,35.9922491]]},"properties":{"axis":"도로경관축","sub":"국도 28호선 경관축","new":false,"lbl":"","note":"OSM ref 28 trunk","source":"2030 경주시 경관계획 재정비 (2025.04) §4.3 경관축 (T1) — 선형은 OSM (T4)"}},{"type":"Feature","geometry":{"type":"LineString","coordinates":[[129.1375256,35.9804094],[129.1367688,35.9803541],[129.1332091,35.9802116],[129.1325048,35.9801992],[129.1319077,35.9802343],[129.1311957,35.9803272],[129.1307007,35.9804491],[129.1300347,35.9806122],[129.1295397,35.9807857],[129.1289323,35.9810603],[129.1280009,35.9815538],[129.1249112,35.9836613],[129.1233648,35.9847252]]},"properties":{"axis":"도로경관축","sub":"국도 28호선 경관축","new":false,"lbl":"","note":"OSM ref 28 trunk","source":"2030 경주시 경관계획 재정비 (2025.04) §4.3 경관축 (T1) — 선형은 OSM (T4)"}},{"type":"Feature","geometry":{"type":"LineString","coordinates":[[129.161342,35.988488],[129.1610444,35.98841]]},"properties":{"axis":"도로경관축","sub":"국도 28호선 경관축","new":false,"lbl":"","note":"OSM ref 28 trunk","source":"2030 경주시 경관계획 재정비 (2025.04) §4.3 경관축 (T1) — 선형은 OSM (T4)"}},{"type":"Feature","geometry":{"type":"LineString","coordinates":[[129.1039667,35.9836414],[129.1036413,35.9837294],[129.1026664,35.9840456],[129.1010148,35.9846735],[129.1007102,35.984798],[129.0969212,35.9861812],[129.0963628,35.9863974],[129.0953766,35.9869595],[129.0947333,35.9874604],[129.0933647,35.9886194],[129.0865757,35.9952274]]},"properties":{"axis":"도로경관축","sub":"국도 28호선 경관축","new":false,"lbl":"","note":"OSM ref 28 trunk","source":"2030 경주시 경관계획 재정비 (2025.04) §4.3 경관축 (T1) — 선형은 OSM (T4)"}},{"type":"Feature","geometry":{"type":"LineString","coordinates":[[129.1233648,35.9847252],[129.1206785,35.986679]]},"properties":{"axis":"도로경관축","sub":"국도 28호선 경관축","new":false,"lbl":"","note":"OSM ref 28 trunk","source":"2030 경주시 경관계획 재정비 (2025.04) §4.3 경관축 (T1) — 선형은 OSM (T4)"}},{"type":"Feature","geometry":{"type":"LineString","coordinates":[[128.9704643,36.0041787],[128.9672656,36.0037178],[128.9659824,36.0035303],[128.9652525,36.0034375],[128.9631029,36.0031641]]},"properties":{"axis":"도로경관축","sub":"국도 28호선 경관축","new":false,"lbl":"","note":"OSM ref 28 trunk","source":"2030 경주시 경관계획 재정비 (2025.04) §4.3 경관축 (T1) — 선형은 OSM (T4)"}},{"type":"Feature","geometry":{"type":"LineString","coordinates":[[128.9631029,36.0031641],[128.9622788,36.003072]]},"properties":{"axis":"도로경관축","sub":"국도 28호선 경관축","new":false,"lbl":"","note":"OSM ref 28 trunk","source":"2030 경주시 경관계획 재정비 (2025.04) §4.3 경관축 (T1) — 선형은 OSM (T4)"}},{"type":"Feature","geometry":{"type":"LineString","coordinates":[[128.9753637,36.0050822],[128.9751406,36.0050058],[128.9745674,36.0048556],[128.9742394,36.0047697],[128.973248,36.0045753],[128.9711838,36.0042871],[128.9709599,36.0042523]]},"properties":{"axis":"도로경관축","sub":"국도 28호선 경관축","new":false,"lbl":"","note":"OSM ref 28 trunk","source":"2030 경주시 경관계획 재정비 (2025.04) §4.3 경관축 (T1) — 선형은 OSM (T4)"}},{"type":"Feature","geometry":{"type":"LineString","coordinates":[[128.9709599,36.0042523],[128.9704643,36.0041787]]},"properties":{"axis":"도로경관축","sub":"국도 28호선 경관축","new":false,"lbl":"","note":"OSM ref 28 trunk","source":"2030 경주시 경관계획 재정비 (2025.04) §4.3 경관축 (T1) — 선형은 OSM (T4)"}},{"type":"Feature","geometry":{"type":"LineString","coordinates":[[128.9823339,36.0085846],[128.9812174,36.0079046],[128.9789128,36.006509],[128.9775052,36.0058494]]},"properties":{"axis":"도로경관축","sub":"국도 28호선 경관축","new":false,"lbl":"","note":"OSM ref 28 trunk","source":"2030 경주시 경관계획 재정비 (2025.04) §4.3 경관축 (T1) — 선형은 OSM (T4)"}},{"type":"Feature","geometry":{"type":"LineString","coordinates":[[128.9775052,36.0058494],[128.9765557,36.0054798],[128.9753637,36.0050822]]},"properties":{"axis":"도로경관축","sub":"국도 28호선 경관축","new":false,"lbl":"","note":"OSM ref 28 trunk","source":"2030 경주시 경관계획 재정비 (2025.04) §4.3 경관축 (T1) — 선형은 OSM (T4)"}},{"type":"Feature","geometry":{"type":"LineString","coordinates":[[128.9867164,36.0112356],[128.983922,36.0095483]]},"properties":{"axis":"도로경관축","sub":"국도 28호선 경관축","new":false,"lbl":"","note":"OSM ref 28 trunk","source":"2030 경주시 경관계획 재정비 (2025.04) §4.3 경관축 (T1) — 선형은 OSM (T4)"}},{"type":"Feature","geometry":{"type":"LineString","coordinates":[[128.983922,36.0095483],[128.9823339,36.0085846]]},"properties":{"axis":"도로경관축","sub":"국도 28호선 경관축","new":false,"lbl":"","note":"OSM ref 28 trunk","source":"2030 경주시 경관계획 재정비 (2025.04) §4.3 경관축 (T1) — 선형은 OSM (T4)"}},{"type":"Feature","geometry":{"type":"LineString","coordinates":[[128.9870483,36.011445],[128.9867164,36.0112356]]},"properties":{"axis":"도로경관축","sub":"국도 28호선 경관축","new":false,"lbl":"","note":"OSM ref 28 trunk","source":"2030 경주시 경관계획 재정비 (2025.04) §4.3 경관축 (T1) — 선형은 OSM (T4)"}},{"type":"Feature","geometry":{"type":"LineString","coordinates":[[129.2282223,35.998381],[129.2286071,35.998248],[129.2290345,35.998056],[129.2293512,35.9978944],[129.2295775,35.9977551],[129.2297667,35.9976176],[129.2299169,35.9975024]]},"properties":{"axis":"도로경관축","sub":"국도 28호선 경관축","new":false,"lbl":"","note":"OSM ref 28 trunk","source":"2030 경주시 경관계획 재정비 (2025.04) §4.3 경관축 (T1) — 선형은 OSM (T4)"}},{"type":"Feature","geometry":{"type":"LineString","coordinates":[[129.2299169,35.9975024],[129.2300562,35.9973893]]},"properties":{"axis":"도로경관축","sub":"국도 28호선 경관축","new":false,"lbl":"","note":"OSM ref 28 trunk","source":"2030 경주시 경관계획 재정비 (2025.04) §4.3 경관축 (T1) — 선형은 OSM (T4)"}},{"type":"Feature","geometry":{"type":"LineString","coordinates":[[129.2300823,35.9974639],[129.2299801,35.9975633],[129.229564,35.9978653],[129.2290997,35.9981305],[129.2286627,35.9983244],[129.2282318,35.9984644]]},"properties":{"axis":"도로경관축","sub":"국도 28호선 경관축","new":false,"lbl":"","note":"OSM ref 28 trunk","source":"2030 경주시 경관계획 재정비 (2025.04) §4.3 경관축 (T1) — 선형은 OSM (T4)"}},{"type":"Feature","geometry":{"type":"LineString","coordinates":[[129.2301552,35.997393],[129.2300823,35.9974639]]},"properties":{"axis":"도로경관축","sub":"국도 28호선 경관축","new":false,"lbl":"","note":"OSM ref 28 trunk","source":"2030 경주시 경관계획 재정비 (2025.04) §4.3 경관축 (T1) — 선형은 OSM (T4)"}},{"type":"Feature","geometry":{"type":"LineString","coordinates":[[129.3593483,36.0368201],[129.3592598,36.0366462],[129.3592336,36.0366006],[129.3591983,36.0365382],[129.3591698,36.0365041]]},"properties":{"axis":"도로경관축","sub":"국도 7호선 경관축","new":false,"lbl":"","note":"OSM ref 7 primary","source":"2030 경주시 경관계획 재정비 (2025.04) §4.3 경관축 (T1) — 선형은 OSM (T4)"}},{"type":"Feature","geometry":{"type":"LineString","coordinates":[[129.3590437,36.0362785],[129.3588519,36.035949],[129.3586364,36.0355055],[129.3584101,36.0349445],[129.3583271,36.0347427]]},"properties":{"axis":"도로경관축","sub":"국도 7호선 경관축","new":false,"lbl":"","note":"OSM ref 7 primary","source":"2030 경주시 경관계획 재정비 (2025.04) §4.3 경관축 (T1) — 선형은 OSM (T4)"}},{"type":"Feature","geometry":{"type":"LineString","coordinates":[[129.3758269,36.0535869],[129.375913,36.0536816],[129.3759959,36.0537957],[129.3760766,36.0539332],[129.3761174,36.0540027],[129.3762048,36.0541634],[129.3763272,36.0544325],[129.3765066,36.0549424],[129.376681,36.0554204],[129.3771285,36.056616],[129.3773704,36.0572323],[129.3774459,36.0574224],[129.377512,36.057585],[129.3775876,36.0577443],[129.3776754,36.0579016],[129.3777792,36.0580793],[129.3778646,36.0582303],[129.3781638,36.0587578],[129.3784636,36.0592554]]},"properties":{"axis":"도로경관축","sub":"국도 20호선 경관축","new":false,"lbl":"","note":"OSM ref 20 primary","source":"2030 경주시 경관계획 재정비 (2025.04) §4.3 경관축 (T1) — 선형은 OSM (T4)"}},{"type":"Feature","geometry":{"type":"LineString","coordinates":[[129.4050955,35.792378],[129.4051028,35.792254],[129.4050795,35.7920684],[129.4049674,35.7917237],[129.4049908,35.7915229],[129.4049084,35.7913679],[129.4047544,35.7912918],[129.4046836,35.7912258],[129.4046482,35.7911741],[129.4046217,35.7911426],[129.4046323,35.7910679],[129.4045987,35.7910306],[129.4045138,35.7909215],[129.4044731,35.7908698],[129.4044624,35.7908253],[129.4045545,35.7907708],[129.4046571,35.7907421]]},"properties":{"axis":"도로경관축","sub":"동해바다로(경감로) 자전거도로 경관축","new":false,"lbl":"","note":"자전거도로 경관축","source":"2030 경주시 경관계획 재정비 (2025.04) §4.3 경관축 (T1) — 선형은 OSM (T4)"}},{"type":"Feature","geometry":{"type":"LineString","coordinates":[[129.4050544,35.7929909],[129.4050955,35.792378]]},"properties":{"axis":"도로경관축","sub":"동해바다로(경감로) 자전거도로 경관축","new":false,"lbl":"","note":"자전거도로 경관축","source":"2030 경주시 경관계획 재정비 (2025.04) §4.3 경관축 (T1) — 선형은 OSM (T4)"}},{"type":"Feature","geometry":{"type":"LineString","coordinates":[[129.4049986,35.7932241],[129.4050544,35.7929909]]},"properties":{"axis":"도로경관축","sub":"동해바다로(경감로) 자전거도로 경관축","new":false,"lbl":"","note":"자전거도로 경관축","source":"2030 경주시 경관계획 재정비 (2025.04) §4.3 경관축 (T1) — 선형은 OSM (T4)"}},{"type":"Feature","geometry":{"type":"LineString","coordinates":[[129.3480292,36.0191097],[129.3477858,36.0188083],[129.3476445,36.0185995],[129.3475545,36.0184798],[129.347472,36.0183931],[129.3468994,36.0176019],[129.3467307,36.0173629],[129.3464506,36.0169664],[129.3462835,36.0167297],[129.3462586,36.0166945],[129.3455239,36.0157705],[129.3451387,36.0152787],[129.3450747,36.015197]]},"properties":{"axis":"도로경관축","sub":"국도 7호선 경관축","new":false,"lbl":"","note":"OSM ref 7 primary","source":"2030 경주시 경관계획 재정비 (2025.04) §4.3 경관축 (T1) — 선형은 OSM (T4)"}},{"type":"Feature","geometry":{"type":"LineString","coordinates":[[129.3541683,36.0266942],[129.354931,36.0278993]]},"properties":{"axis":"도로경관축","sub":"국도 7호선 경관축","new":false,"lbl":"","note":"OSM ref 7 primary","source":"2030 경주시 경관계획 재정비 (2025.04) §4.3 경관축 (T1) — 선형은 OSM (T4)"}},{"type":"Feature","geometry":{"type":"LineString","coordinates":[[129.341084,36.0101447],[129.3409876,36.0100441],[129.3407489,36.0098488],[129.3405289,36.0096666],[129.3403546,36.0095538],[129.3403178,36.009529],[129.3402097,36.0094561],[129.340022,36.0093368],[129.3399639,36.0092924],[129.3398837,36.0092312],[129.3397501,36.0091534],[129.3396522,36.0090964]]},"properties":{"axis":"도로경관축","sub":"국도 7호선 경관축","new":false,"lbl":"","note":"OSM ref 7 primary","source":"2030 경주시 경관계획 재정비 (2025.04) §4.3 경관축 (T1) — 선형은 OSM (T4)"}},{"type":"Feature","geometry":{"type":"LineString","coordinates":[[129.3225236,36.0045149],[129.3227603,36.0045655],[129.3242908,36.0049156],[129.3243545,36.0049302],[129.3245054,36.0049647]]},"properties":{"axis":"도로경관축","sub":"국도 7호선 경관축","new":false,"lbl":"","note":"OSM ref 7 trunk","source":"2030 경주시 경관계획 재정비 (2025.04) §4.3 경관축 (T1) — 선형은 OSM (T4)"}},{"type":"Feature","geometry":{"type":"LineString","coordinates":[[129.3244604,36.0050863],[129.3226667,36.0046642],[129.322265,36.0045385]]},"properties":{"axis":"도로경관축","sub":"국도 7호선 경관축","new":false,"lbl":"","note":"OSM ref 7 trunk","source":"2030 경주시 경관계획 재정비 (2025.04) §4.3 경관축 (T1) — 선형은 OSM (T4)"}},{"type":"Feature","geometry":{"type":"LineString","coordinates":[[129.3391961,36.008691],[129.3393669,36.0087874],[129.3393847,36.0087952],[129.3396582,36.0089147],[129.3397752,36.0089788],[129.3399201,36.0090742],[129.3401293,36.0092025],[129.3403345,36.0093564],[129.3404498,36.0094497],[129.3406268,36.009569],[129.3408226,36.0097079],[129.341005,36.0098597],[129.3412572,36.0100984]]},"properties":{"axis":"도로경관축","sub":"국도 7호선 경관축","new":false,"lbl":"","note":"OSM ref 7 primary","source":"2030 경주시 경관계획 재정비 (2025.04) §4.3 경관축 (T1) — 선형은 OSM (T4)"}},{"type":"Feature","geometry":{"type":"LineString","coordinates":[[129.3523417,36.0243509],[129.352946,36.0250944],[129.353048,36.02522],[129.3532812,36.0255078],[129.3536047,36.0259329]]},"properties":{"axis":"도로경관축","sub":"국도 7호선 경관축","new":false,"lbl":"","note":"OSM ref 7 primary","source":"2030 경주시 경관계획 재정비 (2025.04) §4.3 경관축 (T1) — 선형은 OSM (T4)"}},{"type":"Feature","geometry":{"type":"LineString","coordinates":[[129.3536047,36.0259329],[129.3537338,36.0261202],[129.354074,36.0265712],[129.3541683,36.0266942]]},"properties":{"axis":"도로경관축","sub":"국도 7호선 경관축","new":false,"lbl":"","note":"OSM ref 7 primary","source":"2030 경주시 경관계획 재정비 (2025.04) §4.3 경관축 (T1) — 선형은 OSM (T4)"}},{"type":"Feature","geometry":{"type":"LineString","coordinates":[[129.3540606,36.0267462],[129.3536048,36.0261902],[129.3534142,36.0259339],[129.3531777,36.0256434],[129.3531113,36.0255619],[129.3527953,36.0251721],[129.3522708,36.0245226],[129.3521974,36.0244316]]},"properties":{"axis":"도로경관축","sub":"국도 7호선 경관축","new":false,"lbl":"","note":"OSM ref 7 primary","source":"2030 경주시 경관계획 재정비 (2025.04) §4.3 경관축 (T1) — 선형은 OSM (T4)"}},{"type":"Feature","geometry":{"type":"LineString","coordinates":[[129.3427682,35.648551],[129.3427285,35.6488025],[129.3427189,35.6489356],[129.3427176,35.6493025],[129.3427644,35.6497495],[129.3428547,35.6502366],[129.343047,35.6508382],[129.3432305,35.6514229],[129.3432876,35.6516832],[129.3433302,35.6520107],[129.3433278,35.6524174],[129.343278,35.6530851],[129.3431751,35.6536531],[129.3429889,35.6542849]]},"properties":{"axis":"도로경관축","sub":"국도 7호선 경관축","new":false,"lbl":"","note":"OSM ref 7 secondary","source":"2030 경주시 경관계획 재정비 (2025.04) §4.3 경관축 (T1) — 선형은 OSM (T4)"}},{"type":"Feature","geometry":{"type":"LineString","coordinates":[[129.3394367,35.6626071],[129.3393878,35.6623125],[129.3392963,35.6619282],[129.3391687,35.661469],[129.3391041,35.6611713],[129.3390735,35.6610301],[129.3390391,35.660663],[129.3390455,35.6602132],[129.3390867,35.6599143],[129.3391009,35.6598116],[129.3392294,35.6593909],[129.3392407,35.6593537],[129.3394195,35.6589686],[129.3397254,35.6585027],[129.3400934,35.6580275],[129.3402847,35.6578082],[129.3405262,35.6575313],[129.3411368,35.6568114],[129.3416461,35.6561964],[129.3418755,35.6559019],[129.342026,35.6557088],[129.3423782,35.6551958],[129.3426232,35.6547595]]},"properties":{"axis":"도로경관축","sub":"국도 7호선 경관축","new":false,"lbl":"","note":"OSM ref 7 primary","source":"2030 경주시 경관계획 재정비 (2025.04) §4.3 경관축 (T1) — 선형은 OSM (T4)"}},{"type":"Feature","geometry":{"type":"LineString","coordinates":[[129.3429661,35.6543599],[129.342781,35.6548103],[129.3425388,35.655255],[129.3421826,35.6557818],[129.3418032,35.6562787],[129.341286,35.6568897],[129.3406575,35.6576127],[129.3402318,35.6580859],[129.3398412,35.6585666],[129.339543,35.6590042],[129.3393691,35.6593739],[129.3392383,35.6598184],[129.3391802,35.6602121],[129.3391698,35.6606562],[129.3392123,35.6610175],[129.3393166,35.661437],[129.3395022,35.6620726],[129.3395916,35.6625197]]},"properties":{"axis":"도로경관축","sub":"국도 7호선 경관축","new":false,"lbl":"","note":"OSM ref 7 primary","source":"2030 경주시 경관계획 재정비 (2025.04) §4.3 경관축 (T1) — 선형은 OSM (T4)"}},{"type":"Feature","geometry":{"type":"LineString","coordinates":[[129.3374896,35.668926],[129.3378502,35.6685294],[129.3382068,35.6680701],[129.3385113,35.6676035],[129.3387246,35.6672128],[129.3389568,35.6667086],[129.339092,35.6663114],[129.3391974,35.6657938],[129.339221,35.6656606],[129.3393851,35.664706],[129.3394284,35.664384],[129.3394731,35.6640514],[129.3395073,35.6634742],[129.3394829,35.6630345]]},"properties":{"axis":"도로경관축","sub":"국도 7호선 경관축","new":false,"lbl":"","note":"OSM ref 7 primary","source":"2030 경주시 경관계획 재정비 (2025.04) §4.3 경관축 (T1) — 선형은 OSM (T4)"}},{"type":"Feature","geometry":{"type":"LineString","coordinates":[[129.3394829,35.6630345],[129.3394367,35.6626071]]},"properties":{"axis":"도로경관축","sub":"국도 7호선 경관축","new":false,"lbl":"","note":"OSM ref 7 primary","source":"2030 경주시 경관계획 재정비 (2025.04) §4.3 경관축 (T1) — 선형은 OSM (T4)"}},{"type":"Feature","geometry":{"type":"LineString","coordinates":[[129.3396438,35.662953],[129.3396717,35.6634673],[129.3396273,35.6640764],[129.3395278,35.6647008],[129.3393544,35.6656743],[129.3393168,35.6658546],[129.3392071,35.6663284],[129.3390633,35.666738],[129.3388311,35.6672501],[129.3386088,35.6676414],[129.3383107,35.6681049],[129.3379409,35.66858],[129.3375863,35.6689789]]},"properties":{"axis":"도로경관축","sub":"국도 7호선 경관축","new":false,"lbl":"","note":"OSM ref 7 primary","source":"2030 경주시 경관계획 재정비 (2025.04) §4.3 경관축 (T1) — 선형은 OSM (T4)"}},{"type":"Feature","geometry":{"type":"LineString","coordinates":[[129.3395916,35.6625197],[129.3396438,35.662953]]},"properties":{"axis":"도로경관축","sub":"국도 7호선 경관축","new":false,"lbl":"","note":"OSM ref 7 primary","source":"2030 경주시 경관계획 재정비 (2025.04) §4.3 경관축 (T1) — 선형은 OSM (T4)"}},{"type":"Feature","geometry":{"type":"LineString","coordinates":[[129.3375863,35.6689789],[129.3372077,35.6693166],[129.3369576,35.6695225],[129.3366839,35.6697418],[129.3363951,35.6699312]]},"properties":{"axis":"도로경관축","sub":"국도 7호선 경관축","new":false,"lbl":"","note":"OSM ref 7 primary","source":"2030 경주시 경관계획 재정비 (2025.04) §4.3 경관축 (T1) — 선형은 OSM (T4)"}},{"type":"Feature","geometry":{"type":"LineString","coordinates":[[129.3363951,35.6699312],[129.3371127,35.6692954],[129.3374896,35.668926]]},"properties":{"axis":"도로경관축","sub":"국도 7호선 경관축","new":false,"lbl":"","note":"OSM ref 7 primary","source":"2030 경주시 경관계획 재정비 (2025.04) §4.3 경관축 (T1) — 선형은 OSM (T4)"}},{"type":"Feature","geometry":{"type":"LineString","coordinates":[[129.3211846,35.6459202],[129.3212525,35.6463886]]},"properties":{"axis":"도로경관축","sub":"국도 7호선 경관축","new":false,"lbl":"","note":"OSM ref 7 trunk","source":"2030 경주시 경관계획 재정비 (2025.04) §4.3 경관축 (T1) — 선형은 OSM (T4)"}},{"type":"Feature","geometry":{"type":"LineString","coordinates":[[129.2334777,35.9940144],[129.2348513,35.9926354]]},"properties":{"axis":"도로경관축","sub":"국도 28호선 경관축","new":false,"lbl":"","note":"OSM ref 28 trunk","source":"2030 경주시 경관계획 재정비 (2025.04) §4.3 경관축 (T1) — 선형은 OSM (T4)"}},{"type":"Feature","geometry":{"type":"LineString","coordinates":[[129.2346454,35.9929797],[129.2335617,35.9940553]]},"properties":{"axis":"도로경관축","sub":"국도 28호선 경관축","new":false,"lbl":"","note":"OSM ref 28 trunk","source":"2030 경주시 경관계획 재정비 (2025.04) §4.3 경관축 (T1) — 선형은 OSM (T4)"}},{"type":"Feature","geometry":{"type":"LineString","coordinates":[[129.2394666,35.9812448],[129.2396104,35.9827648],[129.2395673,35.9837571],[129.2394379,35.9849438],[129.2391236,35.9861754],[129.2386257,35.9877208]]},"properties":{"axis":"도로경관축","sub":"상생로드(형산로) 자전거도로 경관축","new":false,"lbl":"","note":"자전거도로 경관축","source":"2030 경주시 경관계획 재정비 (2025.04) §4.3 경관축 (T1) — 선형은 OSM (T4)"}},{"type":"Feature","geometry":{"type":"LineString","coordinates":[[129.2351087,35.9726986],[129.2353739,35.9732158],[129.235905,35.9740623],[129.2368974,35.9754168],[129.238217,35.9774745],[129.2388155,35.9788155],[129.2389881,35.9792643]]},"properties":{"axis":"도로경관축","sub":"상생로드(형산로) 자전거도로 경관축","new":false,"lbl":"","note":"자전거도로 경관축","source":"2030 경주시 경관계획 재정비 (2025.04) §4.3 경관축 (T1) — 선형은 OSM (T4)"}},{"type":"Feature","geometry":{"type":"LineString","coordinates":[[129.234211,35.964182],[129.2344296,35.9645551],[129.2346045,35.9649096],[129.2348803,35.9655832],[129.2349745,35.9659639],[129.2350147,35.9665099],[129.2350039,35.9671438],[129.2349448,35.9678228]]},"properties":{"axis":"도로경관축","sub":"상생로드(형산로) 자전거도로 경관축","new":false,"lbl":"","note":"자전거도로 경관축","source":"2030 경주시 경관계획 재정비 (2025.04) §4.3 경관축 (T1) — 선형은 OSM (T4)"}},{"type":"Feature","geometry":{"type":"LineString","coordinates":[[129.232442,35.9542107],[129.2324076,35.954971],[129.2324146,35.9576562],[129.2324299,35.9604106],[129.2324422,35.9606402],[129.2324696,35.9608841]]},"properties":{"axis":"도로경관축","sub":"상생로드(형산로) 자전거도로 경관축","new":false,"lbl":"","note":"자전거도로 경관축","source":"2030 경주시 경관계획 재정비 (2025.04) §4.3 경관축 (T1) — 선형은 OSM (T4)"}},{"type":"Feature","geometry":{"type":"LineString","coordinates":[[129.2349132,35.9680548],[129.2346801,35.9696584],[129.2346533,35.9703744],[129.2346624,35.9707843],[129.2347141,35.9712838],[129.2347838,35.971718],[129.2349394,35.9722216],[129.2350029,35.9724165]]},"properties":{"axis":"도로경관축","sub":"상생로드(형산로) 자전거도로 경관축","new":false,"lbl":"","note":"자전거도로 경관축","source":"2030 경주시 경관계획 재정비 (2025.04) §4.3 경관축 (T1) — 선형은 OSM (T4)"}},{"type":"Feature","geometry":{"type":"LineString","coordinates":[[129.2349448,35.9678228],[129.2349132,35.9680548]]},"properties":{"axis":"도로경관축","sub":"상생로드(형산로) 자전거도로 경관축","new":false,"lbl":"","note":"자전거도로 경관축","source":"2030 경주시 경관계획 재정비 (2025.04) §4.3 경관축 (T1) — 선형은 OSM (T4)"}},{"type":"Feature","geometry":{"type":"LineString","coordinates":[[129.2326843,35.9617443],[129.2327785,35.9619863],[129.2328713,35.9621918],[129.2329906,35.9624251],[129.2332987,35.9629151]]},"properties":{"axis":"도로경관축","sub":"상생로드(형산로) 자전거도로 경관축","new":false,"lbl":"","note":"자전거도로 경관축","source":"2030 경주시 경관계획 재정비 (2025.04) §4.3 경관축 (T1) — 선형은 OSM (T4)"}},{"type":"Feature","geometry":{"type":"LineString","coordinates":[[129.2342978,35.9496217],[129.2335829,35.9511163],[129.2327863,35.9527583]]},"properties":{"axis":"도로경관축","sub":"상생로드(형산로) 자전거도로 경관축","new":false,"lbl":"","note":"자전거도로 경관축","source":"2030 경주시 경관계획 재정비 (2025.04) §4.3 경관축 (T1) — 선형은 OSM (T4)"}},{"type":"Feature","geometry":{"type":"LineString","coordinates":[[129.2384161,35.9372223],[129.238202,35.9406574],[129.2380936,35.9412655],[129.2379279,35.9419272],[129.2377172,35.9425346],[129.2374179,35.9432007],[129.2365948,35.9449439],[129.2352071,35.9477959],[129.2343734,35.9494567]]},"properties":{"axis":"도로경관축","sub":"상생로드(형산로) 자전거도로 경관축","new":false,"lbl":"","note":"자전거도로 경관축","source":"2030 경주시 경관계획 재정비 (2025.04) §4.3 경관축 (T1) — 선형은 OSM (T4)"}},{"type":"Feature","geometry":{"type":"LineString","coordinates":[[129.2343734,35.9494567],[129.2342978,35.9496217]]},"properties":{"axis":"도로경관축","sub":"상생로드(형산로) 자전거도로 경관축","new":false,"lbl":"","note":"자전거도로 경관축","source":"2030 경주시 경관계획 재정비 (2025.04) §4.3 경관축 (T1) — 선형은 OSM (T4)"}},{"type":"Feature","geometry":{"type":"LineString","coordinates":[[129.2388628,35.9293106],[129.2388535,35.9299128],[129.2388152,35.9308241],[129.2385211,35.9351405]]},"properties":{"axis":"도로경관축","sub":"상생로드(형산로) 자전거도로 경관축","new":false,"lbl":"","note":"자전거도로 경관축","source":"2030 경주시 경관계획 재정비 (2025.04) §4.3 경관축 (T1) — 선형은 OSM (T4)"}},{"type":"Feature","geometry":{"type":"LineString","coordinates":[[129.237028,35.9159702],[129.2370422,35.9164988],[129.2370261,35.9173286],[129.2369262,35.9182759],[129.2368168,35.919314],[129.2366935,35.9205261],[129.2366983,35.9213141],[129.2368064,35.9219339],[129.2369545,35.9225708],[129.2382339,35.9259069],[129.2385406,35.9269062],[129.2386906,35.9276602],[129.2387415,35.9282363],[129.2388383,35.9290426]]},"properties":{"axis":"도로경관축","sub":"상생로드(형산로) 자전거도로 경관축","new":false,"lbl":"","note":"자전거도로 경관축","source":"2030 경주시 경관계획 재정비 (2025.04) §4.3 경관축 (T1) — 선형은 OSM (T4)"}},{"type":"Feature","geometry":{"type":"LineString","coordinates":[[129.2388383,35.9290426],[129.2388628,35.9293106]]},"properties":{"axis":"도로경관축","sub":"상생로드(형산로) 자전거도로 경관축","new":false,"lbl":"","note":"자전거도로 경관축","source":"2030 경주시 경관계획 재정비 (2025.04) §4.3 경관축 (T1) — 선형은 OSM (T4)"}},{"type":"Feature","geometry":{"type":"LineString","coordinates":[[129.2368747,35.9139407],[129.2369278,35.9145699],[129.2370046,35.9153302],[129.2369989,35.9155749]]},"properties":{"axis":"도로경관축","sub":"상생로드(형산로) 자전거도로 경관축","new":false,"lbl":"","note":"자전거도로 경관축","source":"2030 경주시 경관계획 재정비 (2025.04) §4.3 경관축 (T1) — 선형은 OSM (T4)"}},{"type":"Feature","geometry":{"type":"LineString","coordinates":[[129.2369989,35.9155749],[129.237028,35.9159702]]},"properties":{"axis":"도로경관축","sub":"상생로드(형산로) 자전거도로 경관축","new":false,"lbl":"","note":"자전거도로 경관축","source":"2030 경주시 경관계획 재정비 (2025.04) §4.3 경관축 (T1) — 선형은 OSM (T4)"}},{"type":"Feature","geometry":{"type":"LineString","coordinates":[[129.2252741,35.8909845],[129.2256722,35.8911141],[129.226193,35.8913535],[129.2267225,35.8916536],[129.2271037,35.891919],[129.2274158,35.8921741],[129.2278808,35.8926398],[129.228311,35.893096],[129.2295791,35.8945181],[129.2316433,35.8968561],[129.2319202,35.8972438],[129.2321663,35.8976505],[129.2326753,35.8986871],[129.2351037,35.9040852],[129.2358042,35.9057836],[129.2362479,35.9070205],[129.2363927,35.90769],[129.2366192,35.910811],[129.2368137,35.9130819],[129.2368244,35.9133953]]},"properties":{"axis":"도로경관축","sub":"상생로드(형산로) 자전거도로 경관축","new":false,"lbl":"상생로드(형산로) 자전거도로 경관축","note":"자전거도로 경관축","source":"2030 경주시 경관계획 재정비 (2025.04) §4.3 경관축 (T1) — 선형은 OSM (T4)"}},{"type":"Feature","geometry":{"type":"LineString","coordinates":[[129.2368244,35.9133953],[129.2368747,35.9139407]]},"properties":{"axis":"도로경관축","sub":"상생로드(형산로) 자전거도로 경관축","new":false,"lbl":"","note":"자전거도로 경관축","source":"2030 경주시 경관계획 재정비 (2025.04) §4.3 경관축 (T1) — 선형은 OSM (T4)"}},{"type":"Feature","geometry":{"type":"LineString","coordinates":[[129.2155288,35.8881366],[129.216021,35.8883112],[129.2165693,35.8886217],[129.2175154,35.8892118],[129.2181433,35.8896035],[129.2188616,35.8899895],[129.2195392,35.8902571],[129.2200525,35.8904138],[129.2205985,35.8905429],[129.2211266,35.8906239],[129.2217282,35.8906577]]},"properties":{"axis":"도로경관축","sub":"상생로드(형산로) 자전거도로 경관축","new":false,"lbl":"","note":"자전거도로 경관축","source":"2030 경주시 경관계획 재정비 (2025.04) §4.3 경관축 (T1) — 선형은 OSM (T4)"}},{"type":"Feature","geometry":{"type":"LineString","coordinates":[[129.2217282,35.8906577],[129.2222973,35.8906652],[129.2235514,35.890686],[129.2243328,35.8907707],[129.2247922,35.8908816],[129.2252741,35.8909845]]},"properties":{"axis":"도로경관축","sub":"상생로드(형산로) 자전거도로 경관축","new":false,"lbl":"","note":"자전거도로 경관축","source":"2030 경주시 경관계획 재정비 (2025.04) §4.3 경관축 (T1) — 선형은 OSM (T4)"}},{"type":"Feature","geometry":{"type":"LineString","coordinates":[[129.2108816,35.8876795],[129.2115663,35.8876618],[129.2121227,35.8876144],[129.2126031,35.8876078],[129.2130908,35.8876258],[129.2132053,35.8876383],[129.2137157,35.8876943],[129.2142409,35.8877764],[129.2147737,35.8878942],[129.2151795,35.88801]]},"properties":{"axis":"도로경관축","sub":"상생로드(형산로) 자전거도로 경관축","new":false,"lbl":"","note":"자전거도로 경관축","source":"2030 경주시 경관계획 재정비 (2025.04) §4.3 경관축 (T1) — 선형은 OSM (T4)"}},{"type":"Feature","geometry":{"type":"LineString","coordinates":[[129.2151795,35.88801],[129.2155288,35.8881366]]},"properties":{"axis":"도로경관축","sub":"상생로드(형산로) 자전거도로 경관축","new":false,"lbl":"","note":"자전거도로 경관축","source":"2030 경주시 경관계획 재정비 (2025.04) §4.3 경관축 (T1) — 선형은 OSM (T4)"}},{"type":"Feature","geometry":{"type":"LineString","coordinates":[[129.1980973,35.8770607],[129.1997805,35.8789569],[129.2013898,35.8807284],[129.2019152,35.881319],[129.2041947,35.8838634],[129.2054762,35.885298]]},"properties":{"axis":"도로경관축","sub":"상생로드(형산로) 자전거도로 경관축","new":false,"lbl":"","note":"자전거도로 경관축","source":"2030 경주시 경관계획 재정비 (2025.04) §4.3 경관축 (T1) — 선형은 OSM (T4)"}},{"type":"Feature","geometry":{"type":"LineString","coordinates":[[129.2092354,35.8875119],[129.209687,35.8876053],[129.2100562,35.8876564],[129.2104316,35.8876804],[129.2108816,35.8876795]]},"properties":{"axis":"도로경관축","sub":"상생로드(형산로) 자전거도로 경관축","new":false,"lbl":"","note":"자전거도로 경관축","source":"2030 경주시 경관계획 재정비 (2025.04) §4.3 경관축 (T1) — 선형은 OSM (T4)"}},{"type":"Feature","geometry":{"type":"LineString","coordinates":[[129.194756,35.8711167],[129.194554,35.8711981],[129.1943394,35.8713416],[129.1941946,35.8716067],[129.1942268,35.8719849],[129.1944038,35.8723718],[129.1947525,35.872863],[129.1954661,35.8737869],[129.1958546,35.8742779]]},"properties":{"axis":"도로경관축","sub":"상생로드(형산로) 자전거도로 경관축","new":false,"lbl":"","note":"자전거도로 경관축","source":"2030 경주시 경관계획 재정비 (2025.04) §4.3 경관축 (T1) — 선형은 OSM (T4)"}},{"type":"Feature","geometry":{"type":"LineString","coordinates":[[129.1975499,35.8763931],[129.1980973,35.8770607]]},"properties":{"axis":"도로경관축","sub":"상생로드(형산로) 자전거도로 경관축","new":false,"lbl":"","note":"자전거도로 경관축","source":"2030 경주시 경관계획 재정비 (2025.04) §4.3 경관축 (T1) — 선형은 OSM (T4)"}},{"type":"Feature","geometry":{"type":"LineString","coordinates":[[129.1958546,35.8742779],[129.1975499,35.8763931]]},"properties":{"axis":"도로경관축","sub":"상생로드(형산로) 자전거도로 경관축","new":false,"lbl":"","note":"자전거도로 경관축","source":"2030 경주시 경관계획 재정비 (2025.04) §4.3 경관축 (T1) — 선형은 OSM (T4)"}},{"type":"Feature","geometry":{"type":"LineString","coordinates":[[128.9848307,35.9361736],[128.9853545,35.9360953],[128.9858485,35.9360094]]},"properties":{"axis":"도로경관축","sub":"국도 4호선 경관축","new":false,"lbl":"","note":"OSM ref 4;35 trunk","source":"2030 경주시 경관계획 재정비 (2025.04) §4.3 경관축 (T1) — 선형은 OSM (T4)"}},{"type":"Feature","geometry":{"type":"LineString","coordinates":[[128.9860862,35.9359489],[128.9862911,35.9358872],[128.9866429,35.9357278],[128.9869717,35.935541],[128.9917882,35.9321417]]},"properties":{"axis":"도로경관축","sub":"국도 4호선 경관축","new":false,"lbl":"","note":"OSM ref 4;35 trunk","source":"2030 경주시 경관계획 재정비 (2025.04) §4.3 경관축 (T1) — 선형은 OSM (T4)"}},{"type":"Feature","geometry":{"type":"LineString","coordinates":[[128.9917882,35.9321417],[128.9921339,35.9318922]]},"properties":{"axis":"도로경관축","sub":"국도 4호선 경관축","new":false,"lbl":"","note":"OSM ref 4;35 trunk","source":"2030 경주시 경관계획 재정비 (2025.04) §4.3 경관축 (T1) — 선형은 OSM (T4)"}},{"type":"Feature","geometry":{"type":"LineString","coordinates":[[128.9858485,35.9360094],[128.9859976,35.9359715]]},"properties":{"axis":"도로경관축","sub":"국도 4호선 경관축","new":false,"lbl":"","note":"OSM ref 4;35 trunk","source":"2030 경주시 경관계획 재정비 (2025.04) §4.3 경관축 (T1) — 선형은 OSM (T4)"}},{"type":"Feature","geometry":{"type":"LineString","coordinates":[[128.9859976,35.9359715],[128.9860862,35.9359489]]},"properties":{"axis":"도로경관축","sub":"국도 4호선 경관축","new":false,"lbl":"","note":"OSM ref 4;35 trunk","source":"2030 경주시 경관계획 재정비 (2025.04) §4.3 경관축 (T1) — 선형은 OSM (T4)"}},{"type":"Feature","geometry":{"type":"LineString","coordinates":[[129.0915088,35.8693322],[129.0919381,35.8689949],[129.0925193,35.8685322],[129.0930769,35.8680497],[129.0935807,35.8675779],[129.09398,35.8671587],[129.0943172,35.8667932],[129.0949592,35.8660526],[129.0954333,35.8653937],[129.0960948,35.8645348]]},"properties":{"axis":"도로경관축","sub":"국도 4호선 경관축","new":false,"lbl":"","note":"OSM ref 4;35 trunk","source":"2030 경주시 경관계획 재정비 (2025.04) §4.3 경관축 (T1) — 선형은 OSM (T4)"}},{"type":"Feature","geometry":{"type":"LineString","coordinates":[[129.0913941,35.8694108],[129.0915088,35.8693322]]},"properties":{"axis":"도로경관축","sub":"국도 4호선 경관축","new":false,"lbl":"","note":"OSM ref 4;35 trunk","source":"2030 경주시 경관계획 재정비 (2025.04) §4.3 경관축 (T1) — 선형은 OSM (T4)"}},{"type":"Feature","geometry":{"type":"LineString","coordinates":[[129.096261,35.8644971],[129.0959277,35.8649273],[129.0950288,35.8661071],[129.0943882,35.8668473],[129.0940561,35.867209],[129.093646,35.8676285],[129.0931371,35.868117],[129.0926022,35.8685781],[129.0921929,35.8689248],[129.0915802,35.8693775]]},"properties":{"axis":"도로경관축","sub":"국도 4호선 경관축","new":false,"lbl":"","note":"OSM ref 4;35 trunk","source":"2030 경주시 경관계획 재정비 (2025.04) §4.3 경관축 (T1) — 선형은 OSM (T4)"}},{"type":"Feature","geometry":{"type":"LineString","coordinates":[[129.0915802,35.8693775],[129.0914651,35.8694601]]},"properties":{"axis":"도로경관축","sub":"국도 4호선 경관축","new":false,"lbl":"","note":"OSM ref 4;35 trunk","source":"2030 경주시 경관계획 재정비 (2025.04) §4.3 경관축 (T1) — 선형은 OSM (T4)"}},{"type":"Feature","geometry":{"type":"LineString","coordinates":[[129.3144626,36.0461287],[129.3145392,36.0462192],[129.3147918,36.0464563],[129.3149856,36.0466254],[129.3153329,36.0468441],[129.316162,36.0472408],[129.3167084,36.0474743],[129.317339,36.0477918],[129.3177811,36.0481121],[129.3181991,36.0484979],[129.3185715,36.0489632],[129.3187431,36.0492339],[129.3188641,36.0495337],[129.3189698,36.0499795],[129.3190026,36.050772],[129.3190102,36.0513251],[129.3190475,36.054021],[129.3190631,36.0544744],[129.3190644,36.0545117]]},"properties":{"axis":"도로경관축","sub":"국도 28호선 경관축","new":false,"lbl":"","note":"OSM ref 28 primary","source":"2030 경주시 경관계획 재정비 (2025.04) §4.3 경관축 (T1) — 선형은 OSM (T4)"}},{"type":"Feature","geometry":{"type":"LineString","coordinates":[[129.3190739,36.0547865],[129.319107,36.0552549]]},"properties":{"axis":"도로경관축","sub":"국도 28호선 경관축","new":false,"lbl":"","note":"OSM ref 28 primary","source":"2030 경주시 경관계획 재정비 (2025.04) §4.3 경관축 (T1) — 선형은 OSM (T4)"}},{"type":"Feature","geometry":{"type":"LineString","coordinates":[[129.3225253,35.7356099],[129.3227777,35.7357156],[129.3255413,35.7368677]]},"properties":{"axis":"도로경관축","sub":"울산-포항고속도로 경관축","new":false,"lbl":"","note":"OSM ref 65 motorway","source":"2030 경주시 경관계획 재정비 (2025.04) §4.3 경관축 (T1) — 선형은 OSM (T4)"}},{"type":"Feature","geometry":{"type":"LineString","coordinates":[[129.3255413,35.7368677],[129.3256505,35.7369135]]},"properties":{"axis":"도로경관축","sub":"울산-포항고속도로 경관축","new":false,"lbl":"","note":"OSM ref 65 motorway","source":"2030 경주시 경관계획 재정비 (2025.04) §4.3 경관축 (T1) — 선형은 OSM (T4)"}},{"type":"Feature","geometry":{"type":"LineString","coordinates":[[129.3254884,35.7369571],[129.3227174,35.7358067],[129.3224609,35.7356998]]},"properties":{"axis":"도로경관축","sub":"울산-포항고속도로 경관축","new":false,"lbl":"","note":"OSM ref 65 motorway","source":"2030 경주시 경관계획 재정비 (2025.04) §4.3 경관축 (T1) — 선형은 OSM (T4)"}},{"type":"Feature","geometry":{"type":"LineString","coordinates":[[129.325624,35.7370137],[129.3255588,35.7369834],[129.3254884,35.7369571]]},"properties":{"axis":"도로경관축","sub":"울산-포항고속도로 경관축","new":false,"lbl":"","note":"OSM ref 65 motorway","source":"2030 경주시 경관계획 재정비 (2025.04) §4.3 경관축 (T1) — 선형은 OSM (T4)"}},{"type":"Feature","geometry":{"type":"LineString","coordinates":[[129.2099179,35.8395246],[129.2108,35.8397501],[129.211302,35.8398752],[129.2116501,35.8399606],[129.2125422,35.8401933],[129.2135441,35.8404474]]},"properties":{"axis":"도로경관축","sub":"국도 4호선 경관축","new":false,"lbl":"","note":"OSM ref 4 primary","source":"2030 경주시 경관계획 재정비 (2025.04) §4.3 경관축 (T1) — 선형은 OSM (T4)"}},{"type":"Feature","geometry":{"type":"LineString","coordinates":[[129.216822,35.8409515],[129.2166293,35.8409763],[129.2159385,35.8410641],[129.2156655,35.8410881],[129.2155996,35.8410741]]},"properties":{"axis":"도로경관축","sub":"국도 4호선 경관축","new":false,"lbl":"","note":"OSM ref 4 primary","source":"2030 경주시 경관계획 재정비 (2025.04) §4.3 경관축 (T1) — 선형은 OSM (T4)"}},{"type":"Feature","geometry":{"type":"LineString","coordinates":[[129.2155996,35.8410741],[129.2156795,35.8410376],[129.2159526,35.8410136],[129.2166434,35.8409257],[129.2168122,35.840904]]},"properties":{"axis":"도로경관축","sub":"국도 4호선 경관축","new":false,"lbl":"","note":"OSM ref 4 primary","source":"2030 경주시 경관계획 재정비 (2025.04) §4.3 경관축 (T1) — 선형은 OSM (T4)"}},{"type":"Feature","geometry":{"type":"LineString","coordinates":[[129.2172358,35.8408641],[129.217341,35.8408734]]},"properties":{"axis":"도로경관축","sub":"국도 4호선 경관축","new":false,"lbl":"","note":"OSM ref 4 primary","source":"2030 경주시 경관계획 재정비 (2025.04) §4.3 경관축 (T1) — 선형은 OSM (T4)"}},{"type":"Feature","geometry":{"type":"LineString","coordinates":[[129.2172247,35.8409093],[129.2172358,35.8408641]]},"properties":{"axis":"도로경관축","sub":"국도 4호선 경관축","new":false,"lbl":"","note":"OSM ref 4 primary","source":"2030 경주시 경관계획 재정비 (2025.04) §4.3 경관축 (T1) — 선형은 OSM (T4)"}},{"type":"Feature","geometry":{"type":"LineString","coordinates":[[129.2173322,35.8409157],[129.2172247,35.8409093]]},"properties":{"axis":"도로경관축","sub":"국도 4호선 경관축","new":false,"lbl":"","note":"OSM ref 4 primary","source":"2030 경주시 경관계획 재정비 (2025.04) §4.3 경관축 (T1) — 선형은 OSM (T4)"}},{"type":"Feature","geometry":{"type":"LineString","coordinates":[[129.2075673,35.8391269],[129.2078472,35.8391754],[129.2079843,35.8392012],[129.2084927,35.8392892],[129.2086687,35.8393177],[129.2088006,35.8393387],[129.2099179,35.8395246]]},"properties":{"axis":"도로경관축","sub":"국도 4호선 경관축","new":false,"lbl":"","note":"OSM ref 4;35 primary","source":"2030 경주시 경관계획 재정비 (2025.04) §4.3 경관축 (T1) — 선형은 OSM (T4)"}},{"type":"Feature","geometry":{"type":"LineString","coordinates":[[129.2024104,35.838283],[129.2025383,35.8383096]]},"properties":{"axis":"도로경관축","sub":"국도 4호선 경관축","new":false,"lbl":"","note":"OSM ref 4;35 primary","source":"2030 경주시 경관계획 재정비 (2025.04) §4.3 경관축 (T1) — 선형은 OSM (T4)"}},{"type":"Feature","geometry":{"type":"LineString","coordinates":[[129.2025383,35.8383096],[129.202658,35.838338]]},"properties":{"axis":"도로경관축","sub":"국도 4호선 경관축","new":false,"lbl":"","note":"OSM ref 4;35 primary","source":"2030 경주시 경관계획 재정비 (2025.04) §4.3 경관축 (T1) — 선형은 OSM (T4)"}},{"type":"Feature","geometry":{"type":"LineString","coordinates":[[129.3137477,35.7917933],[129.3137159,35.7918519],[129.3135478,35.7923171],[129.3134791,35.7927253],[129.3134574,35.793276],[129.3134892,35.7943527],[129.3135026,35.7949002],[129.3135256,35.79541],[129.3135444,35.7958267],[129.3135488,35.7960737]]},"properties":{"axis":"도로경관축","sub":"국도 4호선 경관축","new":false,"lbl":"","note":"OSM ref 4 primary","source":"2030 경주시 경관계획 재정비 (2025.04) §4.3 경관축 (T1) — 선형은 OSM (T4)"}},{"type":"Feature","geometry":{"type":"LineString","coordinates":[[129.3137895,35.7917163],[129.3137477,35.7917933]]},"properties":{"axis":"도로경관축","sub":"국도 4호선 경관축","new":false,"lbl":"","note":"OSM ref 4 primary","source":"2030 경주시 경관계획 재정비 (2025.04) §4.3 경관축 (T1) — 선형은 OSM (T4)"}},{"type":"Feature","geometry":{"type":"LineString","coordinates":[[129.3183981,35.7862735],[129.3182696,35.7864855],[129.3181795,35.7866299],[129.318115,35.7867331],[129.317964,35.7869582]]},"properties":{"axis":"도로경관축","sub":"국도 4호선 경관축","new":false,"lbl":"","note":"OSM ref 4 primary","source":"2030 경주시 경관계획 재정비 (2025.04) §4.3 경관축 (T1) — 선형은 OSM (T4)"}},{"type":"Feature","geometry":{"type":"LineString","coordinates":[[129.317964,35.7869582],[129.3177972,35.7872118]]},"properties":{"axis":"도로경관축","sub":"국도 4호선 경관축","new":false,"lbl":"","note":"OSM ref 4 primary","source":"2030 경주시 경관계획 재정비 (2025.04) §4.3 경관축 (T1) — 선형은 OSM (T4)"}},{"type":"Feature","geometry":{"type":"LineString","coordinates":[[129.1988709,35.8372142],[129.1988845,35.8372582]]},"properties":{"axis":"도로경관축","sub":"국도 4호선 경관축","new":false,"lbl":"","note":"OSM ref 4;35 primary","source":"2030 경주시 경관계획 재정비 (2025.04) §4.3 경관축 (T1) — 선형은 OSM (T4)"}},{"type":"Feature","geometry":{"type":"LineString","coordinates":[[129.2466735,35.8407448],[129.2469376,35.8408835],[129.2478267,35.8413507],[129.2489505,35.8419217],[129.2530833,35.8440196],[129.2551416,35.8450555],[129.2564533,35.8457055],[129.2572321,35.8460914]]},"properties":{"axis":"도로경관축","sub":"동해바다로(경감로) 자전거도로 경관축","new":false,"lbl":"","note":"자전거도로 경관축","source":"2030 경주시 경관계획 재정비 (2025.04) §4.3 경관축 (T1) — 선형은 OSM (T4)"}},{"type":"Feature","geometry":{"type":"LineString","coordinates":[[129.2382616,35.8407426],[129.2401009,35.8400383],[129.2406749,35.8398296],[129.2412113,35.8396948],[129.2417048,35.8395991],[129.2421769,35.8395469],[129.2427134,35.8395252],[129.2432391,35.8395512],[129.2436736,35.8395947],[129.2440223,35.83966],[129.2444139,35.8397513]]},"properties":{"axis":"도로경관축","sub":"동해바다로(경감로) 자전거도로 경관축","new":false,"lbl":"","note":"자전거도로 경관축","source":"2030 경주시 경관계획 재정비 (2025.04) §4.3 경관축 (T1) — 선형은 OSM (T4)"}},{"type":"Feature","geometry":{"type":"LineString","coordinates":[[129.2350296,35.8418557],[129.2364842,35.8413918]]},"properties":{"axis":"도로경관축","sub":"국도 4호선 경관축","new":false,"lbl":"","note":"OSM ref 4 primary","source":"2030 경주시 경관계획 재정비 (2025.04) §4.3 경관축 (T1) — 선형은 OSM (T4)"}},{"type":"Feature","geometry":{"type":"LineString","coordinates":[[129.2299528,35.8400778],[129.2313736,35.8399998],[129.2317286,35.8400337],[129.2319689,35.8401303]]},"properties":{"axis":"도로경관축","sub":"국도 4호선 경관축","new":false,"lbl":"","note":"OSM ref 4 primary","source":"2030 경주시 경관계획 재정비 (2025.04) §4.3 경관축 (T1) — 선형은 OSM (T4)"}},{"type":"Feature","geometry":{"type":"LineString","coordinates":[[129.2319689,35.8401303],[129.2320183,35.8401502],[129.2321815,35.840295],[129.2323238,35.8404943],[129.2323603,35.8405454],[129.2324397,35.8406565],[129.2325867,35.8409352],[129.2327715,35.8412191],[129.2330846,35.8416999],[129.2332333,35.8419284],[129.2333337,35.8420849]]},"properties":{"axis":"도로경관축","sub":"국도 4호선 경관축","new":false,"lbl":"","note":"OSM ref 4 primary","source":"2030 경주시 경관계획 재정비 (2025.04) §4.3 경관축 (T1) — 선형은 OSM (T4)"}},{"type":"Feature","geometry":{"type":"LineString","coordinates":[[129.2222155,35.8360582],[129.2222797,35.8361101],[129.2223533,35.8362096],[129.2223945,35.8363159],[129.2224145,35.8364279],[129.2224558,35.8374005],[129.222474,35.83783]]},"properties":{"axis":"도로경관축","sub":"국도 4호선 경관축","new":false,"lbl":"","note":"OSM ref 4 primary","source":"2030 경주시 경관계획 재정비 (2025.04) §4.3 경관축 (T1) — 선형은 OSM (T4)"}},{"type":"Feature","geometry":{"type":"LineString","coordinates":[[128.9543199,35.9225681],[128.9537984,35.9225456],[128.9490626,35.9223416],[128.9475418,35.9222761],[128.9470812,35.9222611],[128.9467408,35.9222399],[128.9464327,35.9222137],[128.9459967,35.9221663],[128.9457179,35.9221264],[128.9454051,35.9220702],[128.9450292,35.9219891],[128.9447335,35.9219218],[128.9443776,35.9218345],[128.944031,35.9217384],[128.9438266,35.9216757]]},"properties":{"axis":"도로경관축","sub":"경부고속도로 경관축","new":false,"lbl":"","note":"OSM ref 1 motorway","source":"2030 경주시 경관계획 재정비 (2025.04) §4.3 경관축 (T1) — 선형은 OSM (T4)"}},{"type":"Feature","geometry":{"type":"LineString","coordinates":[[128.9438832,35.9215599],[128.9441006,35.9216296],[128.9443045,35.921688],[128.9445084,35.92174],[128.9447945,35.921809],[128.945084,35.9218733],[128.9455557,35.9219707],[128.9457768,35.9220096],[128.9460299,35.9220474],[128.9462952,35.9220787],[128.9465645,35.9221034],[128.946784,35.9221207],[128.9471225,35.9221348],[128.9508701,35.9222913],[128.9543157,35.9224352]]},"properties":{"axis":"도로경관축","sub":"경부고속도로 경관축","new":false,"lbl":"","note":"OSM ref 1 motorway","source":"2030 경주시 경관계획 재정비 (2025.04) §4.3 경관축 (T1) — 선형은 OSM (T4)"}},{"type":"Feature","geometry":{"type":"LineString","coordinates":[[128.955042,35.9225992],[128.954969,35.922596],[128.9543199,35.9225681]]},"properties":{"axis":"도로경관축","sub":"경부고속도로 경관축","new":false,"lbl":"","note":"OSM ref 1 motorway","source":"2030 경주시 경관계획 재정비 (2025.04) §4.3 경관축 (T1) — 선형은 OSM (T4)"}},{"type":"Feature","geometry":{"type":"LineString","coordinates":[[128.9543157,35.9224352],[128.9550524,35.9224659]]},"properties":{"axis":"도로경관축","sub":"경부고속도로 경관축","new":false,"lbl":"","note":"OSM ref 1 motorway","source":"2030 경주시 경관계획 재정비 (2025.04) §4.3 경관축 (T1) — 선형은 OSM (T4)"}},{"type":"Feature","geometry":{"type":"LineString","coordinates":[[128.9550524,35.9224659],[128.95569,35.9224925],[128.9559081,35.922506],[128.9561509,35.9225268],[128.9564113,35.9225552],[128.9566751,35.9225902],[128.9569437,35.9226356],[128.9573752,35.9227168],[128.9576679,35.9227781],[128.9579334,35.9228445],[128.9581377,35.9228989],[128.9583329,35.9229557],[128.9585434,35.9230265],[128.9587691,35.9231096],[128.9589958,35.9231994],[128.9592968,35.9233295],[128.9599267,35.9236282],[128.9604784,35.9239189],[128.9611174,35.9242676],[128.9617353,35.9246131],[128.9637686,35.9257827],[128.965875,35.9269724],[128.9669348,35.927559],[128.9679733,35.9281052],[128.9688233,35.9285416],[128.9698684,35.9290244],[128.9754511,35.9316663],[128.9757537,35.9318019],[128.9761575,35.9319725],[128.9764849,35.9321061],[128.9768525,35.9322342],[128.9772737,35.9323711],[128.9777097,35.9325036],[128.9782235,35.9326568],[128.9785562,35.9327459],[128.9788997,35.932823],[128.9792096,35.9328849],[128.9795624,35.9329414],[128.9799689,35.9329946],[128.9803029,35.933024],[128.9806692,35.9330446],[128.9811387,35.9330609],[128.9815989,35.9330609],[128.982059,35.9330479],[128.9824011,35.9330272],[128.9828036,35.9329979],[128.9832584,35.932949],[128.9837333,35.9328795],[128.9842243,35.9327893],[128.9846389,35.9327035],[128.9849239,35.9326408],[128.9851726,35.9325745],[128.985479,35.9324775],[128.9857307,35.9323878],[128.9859961,35.9322933],[128.986263,35.9321876],[128.9865375,35.9320673],[128.9867908,35.9319482],[128.9870152,35.9318401],[128.9872988,35.9317014],[128.9875809,35.931554],[128.9878691,35.9313919],[128.9963284,35.9261148],[129.0002649,35.9236589],[129.0012955,35.923016],[129.0015751,35.9228355],[129.0018927,35.9226205],[129.0021838,35.9224113],[129.0024528,35.9222128],[129.0026784,35.922033],[129.0029863,35.9217707],[129.0033447,35.9214425],[129.0038098,35.9210326],[129.0040236,35.920829],[129.0042368,35.920609],[129.0045669,35.9202364],[129.0049694,35.9197696],[129.005176,35.919503],[129.005406,35.919191],[129.0056629,35.9188289],[129.0058975,35.9184658],[129.0061439,35.9180432],[129.006496,35.9174063],[129.0066244,35.9171463],[129.0067622,35.9168437],[129.0068941,35.9165166],[129.0070378,35.9161208],[129.007196,35.9156467],[129.0073198,35.9152413],[129.0074365,35.914783],[129.0076202,35.9139716],[129.0080543,35.9120035]]},"properties":{"axis":"도로경관축","sub":"경부고속도로 경관축","new":false,"lbl":"","note":"OSM ref 1 motorway","source":"2030 경주시 경관계획 재정비 (2025.04) §4.3 경관축 (T1) — 선형은 OSM (T4)"}},{"type":"Feature","geometry":{"type":"LineString","coordinates":[[129.061868,35.8714342],[129.061395,35.8718334],[129.0610999,35.8720736],[129.0608786,35.8722692],[129.0606761,35.8724626],[129.0604599,35.8726977],[129.0602087,35.8729713],[129.059982,35.8732554],[129.0598778,35.8734004],[129.0597228,35.8736161],[129.0591902,35.8743625],[129.058836,35.8748666],[129.0586108,35.8751919],[129.0582937,35.8756375],[129.0581393,35.8758662],[129.0578938,35.8762237],[129.057659,35.8765851],[129.0573653,35.8770471],[129.0561978,35.878796],[129.0557042,35.8795707],[129.0553703,35.880076],[129.0550444,35.8805563],[129.0547199,35.8809953],[129.0543846,35.8814343],[129.0539098,35.8819852],[129.0535156,35.8824339],[129.0532379,35.8827317],[129.0529058,35.8830518],[129.0483647,35.8872606],[129.0479721,35.8876011],[129.0476311,35.887881],[129.0472972,35.8881345],[129.0469937,35.8883464],[129.0466002,35.8885838],[129.0463562,35.8887229],[129.0460982,35.8888591],[129.0457597,35.8890242],[129.045472,35.8891593],[129.0452368,35.88926]]},"properties":{"axis":"도로경관축","sub":"경부고속도로 경관축","new":false,"lbl":"","note":"OSM ref 1 motorway","source":"2030 경주시 경관계획 재정비 (2025.04) §4.3 경관축 (T1) — 선형은 OSM (T4)"}},{"type":"Feature","geometry":{"type":"LineString","coordinates":[[129.009276,35.9075751],[129.0095259,35.9068346]]},"properties":{"axis":"도로경관축","sub":"경부고속도로 경관축","new":false,"lbl":"","note":"OSM ref 1 motorway","source":"2030 경주시 경관계획 재정비 (2025.04) §4.3 경관축 (T1) — 선형은 OSM (T4)"}},{"type":"Feature","geometry":{"type":"LineString","coordinates":[[129.0097035,35.9068364],[129.0094528,35.9075767]]},"properties":{"axis":"도로경관축","sub":"경부고속도로 경관축","new":false,"lbl":"","note":"OSM ref 1 motorway","source":"2030 경주시 경관계획 재정비 (2025.04) §4.3 경관축 (T1) — 선형은 OSM (T4)"}},{"type":"Feature","geometry":{"type":"LineString","coordinates":[[129.0095259,35.9068346],[129.0098416,35.9058992],[129.0102532,35.9047021],[129.0104658,35.9040732],[129.0106075,35.9035778],[129.0107384,35.9030437],[129.0108925,35.9023462],[129.0110421,35.9017157],[129.0111122,35.9014367],[129.0111986,35.9011388],[129.0112382,35.9009996]]},"properties":{"axis":"도로경관축","sub":"경부고속도로 경관축","new":false,"lbl":"","note":"OSM ref 1 motorway","source":"2030 경주시 경관계획 재정비 (2025.04) §4.3 경관축 (T1) — 선형은 OSM (T4)"}},{"type":"Feature","geometry":{"type":"LineString","coordinates":[[129.0114023,35.9010301],[129.0112994,35.9014179],[129.0112033,35.9018029],[129.0110557,35.9024318],[129.0109042,35.903079],[129.0107594,35.9036474],[129.0106497,35.9040285],[129.0105458,35.9043491],[129.0097035,35.9068364]]},"properties":{"axis":"도로경관축","sub":"경부고속도로 경관축","new":false,"lbl":"","note":"OSM ref 1 motorway","source":"2030 경주시 경관계획 재정비 (2025.04) §4.3 경관축 (T1) — 선형은 OSM (T4)"}},{"type":"Feature","geometry":{"type":"LineString","coordinates":[[129.0112382,35.9009996],[129.0112966,35.9007946],[129.0113398,35.9006612],[129.011383,35.9005279],[129.0114753,35.9002678],[129.0115514,35.900066]]},"properties":{"axis":"도로경관축","sub":"경부고속도로 경관축","new":false,"lbl":"","note":"OSM ref 1 motorway","source":"2030 경주시 경관계획 재정비 (2025.04) §4.3 경관축 (T1) — 선형은 OSM (T4)"}},{"type":"Feature","geometry":{"type":"LineString","coordinates":[[129.0117064,35.9000915],[129.0116598,35.9002091],[129.0115428,35.9005543],[129.0114395,35.90089],[129.0114023,35.9010301]]},"properties":{"axis":"도로경관축","sub":"경부고속도로 경관축","new":false,"lbl":"","note":"OSM ref 1 motorway","source":"2030 경주시 경관계획 재정비 (2025.04) §4.3 경관축 (T1) — 선형은 OSM (T4)"}},{"type":"Feature","geometry":{"type":"LineString","coordinates":[[129.017857,35.8950569],[129.0167593,35.8955285],[129.0163265,35.8957125],[129.015989,35.8958632],[129.0156628,35.896018],[129.0153599,35.8961711],[129.0151068,35.8963111],[129.0148741,35.8964412],[129.014618,35.8966017],[129.0143923,35.8967507],[129.0141799,35.8969022],[129.0139451,35.8970834],[129.0137662,35.8972307],[129.0135823,35.8973913],[129.0134044,35.8975551],[129.0132286,35.8977313],[129.0130802,35.8978919],[129.0128911,35.8981043],[129.0127377,35.8982936],[129.0126025,35.89846],[129.0124328,35.8987004],[129.0123159,35.8988906],[129.012184,35.8991149],[129.0120813,35.8992965],[129.0119727,35.8994951],[129.0118734,35.8996909],[129.0118022,35.8998497],[129.0117064,35.9000915]]},"properties":{"axis":"도로경관축","sub":"경부고속도로 경관축","new":false,"lbl":"","note":"OSM ref 1 motorway","source":"2030 경주시 경관계획 재정비 (2025.04) §4.3 경관축 (T1) — 선형은 OSM (T4)"}},{"type":"Feature","geometry":{"type":"LineString","coordinates":[[129.0115514,35.900066],[129.011578,35.8999954],[129.0116574,35.899795],[129.0118022,35.899497],[129.0119516,35.8992039],[129.0120268,35.8990667],[129.0121112,35.8989286],[129.0123186,35.8986067],[129.0124705,35.8983875],[129.0126616,35.8981537],[129.0128629,35.8979157],[129.0130356,35.8977239],[129.013185,35.8975633],[129.0134025,35.8973592],[129.0136587,35.8971385],[129.0139046,35.8969286],[129.0141628,35.8967384],[129.0144209,35.8965556],[129.0146761,35.8963917],[129.0149982,35.8962048],[129.0153621,35.896013],[129.0157211,35.8958389],[129.0163829,35.8955379],[129.0177933,35.8949354]]},"properties":{"axis":"도로경관축","sub":"경부고속도로 경관축","new":false,"lbl":"","note":"OSM ref 1 motorway","source":"2030 경주시 경관계획 재정비 (2025.04) §4.3 경관축 (T1) — 선형은 OSM (T4)"}},{"type":"Feature","geometry":{"type":"LineString","coordinates":[[129.0219436,35.8933009],[129.0193834,35.8944011]]},"properties":{"axis":"도로경관축","sub":"경부고속도로 경관축","new":false,"lbl":"","note":"OSM ref 1 motorway","source":"2030 경주시 경관계획 재정비 (2025.04) §4.3 경관축 (T1) — 선형은 OSM (T4)"}},{"type":"Feature","geometry":{"type":"LineString","coordinates":[[129.0193006,35.8942917],[129.0218791,35.893193]]},"properties":{"axis":"도로경관축","sub":"경부고속도로 경관축","new":false,"lbl":"","note":"OSM ref 1 motorway","source":"2030 경주시 경관계획 재정비 (2025.04) §4.3 경관축 (T1) — 선형은 OSM (T4)"}},{"type":"Feature","geometry":{"type":"LineString","coordinates":[[129.0429398,35.8899614],[129.035807,35.8919252],[129.0353232,35.8920454],[129.0349746,35.8921237],[129.0346615,35.8921846],[129.0343444,35.8922398],[129.034071,35.8922768],[129.0338067,35.8923056],[129.0334144,35.8923361],[129.0329926,35.8923649],[129.0327121,35.8923723],[129.0324225,35.8923698],[129.0321216,35.8923641],[129.0318574,35.8923509],[129.031588,35.8923369],[129.0312863,35.8923099],[129.029347,35.8920175],[129.0289499,35.8919596],[129.0287024,35.8919341],[129.0283848,35.8919076],[129.0280353,35.8918926],[129.0276952,35.891876],[129.0274207,35.8918653],[129.0271412,35.8918603],[129.0268983,35.8918669],[129.0266422,35.891876],[129.0263668,35.8918965],[129.0260995,35.8919278],[129.0258657,35.8919641],[129.0255709,35.8920176],[129.0252782,35.892081],[129.0250282,35.8921436],[129.0246999,35.8922366],[129.0244052,35.8923263],[129.0241541,35.8924095],[129.0238472,35.8925166],[129.0235087,35.8926425],[129.0230143,35.8928412],[129.0219436,35.8933009]]},"properties":{"axis":"도로경관축","sub":"경부고속도로 경관축","new":false,"lbl":"","note":"OSM ref 1 motorway","source":"2030 경주시 경관계획 재정비 (2025.04) §4.3 경관축 (T1) — 선형은 OSM (T4)"}},{"type":"Feature","geometry":{"type":"LineString","coordinates":[[129.0218791,35.893193],[129.0233023,35.8925824],[129.0235632,35.892483],[129.0238756,35.8923678],[129.0242096,35.8922516],[129.0244979,35.8921592],[129.0248077,35.8920712],[129.0251014,35.891993],[129.0254139,35.8919245],[129.0257666,35.8918539],[129.0259235,35.8918279],[129.0260743,35.8918042],[129.0261978,35.8917867],[129.0263472,35.8917695],[129.0264926,35.891755],[129.026634,35.8917446],[129.0267529,35.8917386],[129.0269023,35.8917331],[129.0270964,35.8917314],[129.0274135,35.8917331],[129.0277353,35.8917405],[129.0280245,35.8917472],[129.0282625,35.8917572],[129.0284775,35.8917694],[129.0287279,35.8917952],[129.0289942,35.8918296],[129.0293304,35.8918834],[129.0311647,35.8921539],[129.0314142,35.8921862],[129.0316778,35.892212],[129.031976,35.8922306],[129.0322591,35.8922407],[129.0325733,35.8922457],[129.0328582,35.8922414],[129.0331227,35.8922299],[129.0334439,35.8922034],[129.0337553,35.8921754],[129.0340535,35.8921425],[129.0343659,35.8920973],[129.0346251,35.8920514],[129.0349366,35.8919927],[129.0352232,35.8919303],[129.0356347,35.8918299],[129.0360784,35.8917193],[129.042902,35.889847]]},"properties":{"axis":"도로경관축","sub":"경부고속도로 경관축","new":false,"lbl":"","note":"OSM ref 1 motorway","source":"2030 경주시 경관계획 재정비 (2025.04) §4.3 경관축 (T1) — 선형은 OSM (T4)"}},{"type":"Feature","geometry":{"type":"LineString","coordinates":[[129.0452368,35.88926],[129.0451702,35.8892885],[129.0448358,35.8894137],[129.0445319,35.8895199],[129.0441561,35.8896378],[129.0429398,35.8899614]]},"properties":{"axis":"도로경관축","sub":"경부고속도로 경관축","new":false,"lbl":"","note":"OSM ref 1 motorway","source":"2030 경주시 경관계획 재정비 (2025.04) §4.3 경관축 (T1) — 선형은 OSM (T4)"}},{"type":"Feature","geometry":{"type":"LineString","coordinates":[[129.042902,35.889847],[129.0439205,35.8895704],[129.0442031,35.8894856],[129.0445649,35.8893654],[129.0448678,35.8892559],[129.0451554,35.8891423]]},"properties":{"axis":"도로경관축","sub":"경부고속도로 경관축","new":false,"lbl":"","note":"OSM ref 1 motorway","source":"2030 경주시 경관계획 재정비 (2025.04) §4.3 경관축 (T1) — 선형은 OSM (T4)"}},{"type":"Feature","geometry":{"type":"LineString","coordinates":[[129.0180049,35.8948451],[129.0193006,35.8942917]]},"properties":{"axis":"도로경관축","sub":"경부고속도로 경관축","new":false,"lbl":"","note":"OSM ref 1 motorway","source":"2030 경주시 경관계획 재정비 (2025.04) §4.3 경관축 (T1) — 선형은 OSM (T4)"}},{"type":"Feature","geometry":{"type":"LineString","coordinates":[[129.0177933,35.8949354],[129.0180049,35.8948451]]},"properties":{"axis":"도로경관축","sub":"경부고속도로 경관축","new":false,"lbl":"","note":"OSM ref 1 motorway","source":"2030 경주시 경관계획 재정비 (2025.04) §4.3 경관축 (T1) — 선형은 OSM (T4)"}},{"type":"Feature","geometry":{"type":"LineString","coordinates":[[129.0193834,35.8944011],[129.0180668,35.8949668]]},"properties":{"axis":"도로경관축","sub":"경부고속도로 경관축","new":false,"lbl":"","note":"OSM ref 1 motorway","source":"2030 경주시 경관계획 재정비 (2025.04) §4.3 경관축 (T1) — 선형은 OSM (T4)"}},{"type":"Feature","geometry":{"type":"LineString","coordinates":[[129.0180668,35.8949668],[129.017857,35.8950569]]},"properties":{"axis":"도로경관축","sub":"경부고속도로 경관축","new":false,"lbl":"","note":"OSM ref 1 motorway","source":"2030 경주시 경관계획 재정비 (2025.04) §4.3 경관축 (T1) — 선형은 OSM (T4)"}},{"type":"Feature","geometry":{"type":"LineString","coordinates":[[129.0083524,35.9106566],[129.0084536,35.9102256],[129.008585,35.9097292],[129.0087701,35.9091024],[129.0089404,35.908556],[129.009108,35.9080727],[129.009276,35.9075751]]},"properties":{"axis":"도로경관축","sub":"경부고속도로 경관축","new":false,"lbl":"","note":"OSM ref 1 motorway","source":"2030 경주시 경관계획 재정비 (2025.04) §4.3 경관축 (T1) — 선형은 OSM (T4)"}},{"type":"Feature","geometry":{"type":"LineString","coordinates":[[129.0094528,35.9075767],[129.0093236,35.9079583],[129.0091868,35.908358],[129.0090258,35.9088262],[129.0089078,35.9091977],[129.00881,35.9095287],[129.0087068,35.9098893],[129.0086175,35.9102673],[129.0085281,35.9106479],[129.0085215,35.9106778]]},"properties":{"axis":"도로경관축","sub":"경부고속도로 경관축","new":false,"lbl":"","note":"OSM ref 1 motorway","source":"2030 경주시 경관계획 재정비 (2025.04) §4.3 경관축 (T1) — 선형은 OSM (T4)"}},{"type":"Feature","geometry":{"type":"LineString","coordinates":[[129.0080543,35.9120035],[129.0083331,35.9107389],[129.0083524,35.9106566]]},"properties":{"axis":"도로경관축","sub":"경부고속도로 경관축","new":false,"lbl":"","note":"OSM ref 1 motorway","source":"2030 경주시 경관계획 재정비 (2025.04) §4.3 경관축 (T1) — 선형은 OSM (T4)"}},{"type":"Feature","geometry":{"type":"LineString","coordinates":[[129.0085215,35.9106778],[129.0084342,35.9110747],[129.0082208,35.9120268]]},"properties":{"axis":"도로경관축","sub":"경부고속도로 경관축","new":false,"lbl":"","note":"OSM ref 1 motorway","source":"2030 경주시 경관계획 재정비 (2025.04) §4.3 경관축 (T1) — 선형은 OSM (T4)"}},{"type":"Feature","geometry":{"type":"LineString","coordinates":[[129.0875772,35.8409678],[129.0873887,35.8411691],[129.0869713,35.8416174],[129.086596,35.8420669],[129.0859998,35.8428227],[129.0858614,35.8430137],[129.0855139,35.8434932],[129.0850431,35.8441626],[129.0844508,35.8450779],[129.0841356,35.8455568],[129.0838577,35.8460186],[129.0836278,35.8464261],[129.0832944,35.8469814],[129.08302,35.8474955],[129.0827476,35.8480079],[129.0825281,35.8484577],[129.0823411,35.8488465],[129.0821602,35.8492585],[129.0819854,35.8496605],[129.0818146,35.8500708],[129.0816459,35.8504728],[129.0815138,35.8508072],[129.0813851,35.851138],[129.0812193,35.8515866],[129.0810815,35.8519991],[129.0809414,35.8524449],[129.0803714,35.8543678],[129.0800874,35.855387],[129.0799492,35.8558213],[129.079836,35.8561316],[129.0797202,35.8564079],[129.0796,35.8566689],[129.0794336,35.8569785],[129.0792657,35.8572719],[129.0790639,35.8575891],[129.078876,35.857845],[129.078668,35.8580985],[129.0785078,35.858277],[129.0782559,35.8585295],[129.0761259,35.8606042],[129.0756493,35.861059],[129.0754462,35.8612409],[129.0750925,35.861553],[129.0747096,35.8619112],[129.0737522,35.8628725],[129.0726368,35.8638812],[129.0721669,35.8642857],[129.0717907,35.8645818],[129.0716167,35.8647237],[129.071364,35.8649072],[129.0711021,35.8650832],[129.0708045,35.8652644],[129.0680084,35.8669105],[129.0675869,35.8671849],[129.067089,35.8675078],[129.0668502,35.8676788],[129.0666174,35.8678509],[129.0653365,35.8688508],[129.065136,35.8690073],[129.0638859,35.8699314],[129.0630895,35.8704836]]},"properties":{"axis":"도로경관축","sub":"경부고속도로 경관축","new":false,"lbl":"","note":"OSM ref 1 motorway","source":"2030 경주시 경관계획 재정비 (2025.04) §4.3 경관축 (T1) — 선형은 OSM (T4)"}},{"type":"Feature","geometry":{"type":"LineString","coordinates":[[129.0629504,35.8699398],[129.063104,35.8698328],[129.0634926,35.8695811],[129.0647024,35.8688343],[129.0689714,35.8662134],[129.0705972,35.8652373],[129.070762,35.8651405],[129.0709345,35.8650363],[129.0711225,35.8649168],[129.0712155,35.8648565],[129.0715248,35.8646286],[129.071681,35.8645044],[129.0719555,35.8642746],[129.0723283,35.863967],[129.0733084,35.8630911],[129.0739384,35.8624873],[129.0746327,35.8618097],[129.0749224,35.8615304],[129.0753099,35.8611782],[129.0764082,35.8601778],[129.0770579,35.859564],[129.0781088,35.8585294],[129.0784332,35.8581965],[129.0786489,35.8579268],[129.07892,35.8575734],[129.079091,35.8573337],[129.0791894,35.8571778],[129.0792851,35.8570078],[129.0794042,35.8567849],[129.0794977,35.8565908],[129.0796094,35.8563573],[129.0797026,35.8561288],[129.0798797,35.8556406],[129.0802519,35.8543507],[129.0806953,35.852822],[129.0807326,35.8526935],[129.0809745,35.8519422],[129.081194,35.8513177],[129.0813871,35.8507888],[129.0815681,35.8503259],[129.0817734,35.8498167],[129.0820903,35.8490564],[129.0824152,35.8483593],[129.082686,35.847787],[129.0828895,35.8474026],[129.0831142,35.8469852],[129.0835365,35.8462344],[129.0840568,35.8453944],[129.0842952,35.8450094],[129.0850123,35.8439389],[129.0859207,35.8426938],[129.0861916,35.8423656],[129.0864553,35.8420356],[129.0868004,35.8416211],[129.0871543,35.8412295],[129.0874552,35.8408997]]},"properties":{"axis":"도로경관축","sub":"경부고속도로 경관축","new":false,"lbl":"","note":"OSM ref 1 motorway","source":"2030 경주시 경관계획 재정비 (2025.04) §4.3 경관축 (T1) — 선형은 OSM (T4)"}},{"type":"Feature","geometry":{"type":"LineString","coordinates":[[129.0630895,35.8704836],[129.062523,35.8709081],[129.0621459,35.8711997],[129.061868,35.8714342]]},"properties":{"axis":"도로경관축","sub":"경부고속도로 경관축","new":false,"lbl":"","note":"OSM ref 1 motorway","source":"2030 경주시 경관계획 재정비 (2025.04) §4.3 경관축 (T1) — 선형은 OSM (T4)"}},{"type":"Feature","geometry":{"type":"LineString","coordinates":[[129.0614737,35.8711847],[129.0618,35.8708639],[129.0621675,35.8705465],[129.0624525,35.8703058],[129.0627672,35.8700675],[129.0629504,35.8699398]]},"properties":{"axis":"도로경관축","sub":"경부고속도로 경관축","new":false,"lbl":"","note":"OSM ref 1 motorway","source":"2030 경주시 경관계획 재정비 (2025.04) §4.3 경관축 (T1) — 선형은 OSM (T4)"}},{"type":"Feature","geometry":{"type":"LineString","coordinates":[[129.0888413,35.8394792],[129.0890997,35.8392547],[129.0900547,35.8384647],[129.0905567,35.8380329],[129.0909894,35.837673],[129.091423,35.8373229],[129.0917734,35.8370561],[129.0922423,35.8367304],[129.0927484,35.836379],[129.0932138,35.8360748],[129.0935653,35.8358508],[129.0939429,35.8356229],[129.0943173,35.8353983],[129.094856,35.8350864],[129.0953639,35.8348038],[129.0960735,35.8344422],[129.1007314,35.8320004],[129.101035,35.8318564],[129.101338,35.8317248],[129.1016773,35.83159],[129.1020327,35.8314661],[129.1024042,35.8313584],[129.1027529,35.831266],[129.1030453,35.8311899],[129.1035214,35.8310866],[129.1038429,35.831027],[129.1041823,35.8309712],[129.1045192,35.8309268],[129.1048328,35.8309024],[129.1051698,35.8308891],[129.1056368,35.8308757],[129.1076762,35.8308504],[129.1107325,35.8308125],[129.1114514,35.8307787],[129.1118294,35.8307536],[129.1122085,35.8307188],[129.1126139,35.8306772],[129.1129901,35.8306351],[129.113344,35.8305871],[129.113616,35.8305451],[129.1139824,35.8304845],[129.1143207,35.8304231],[129.1145979,35.8303692],[129.1149155,35.8303086],[129.1152154,35.830243],[129.1155631,35.8301613],[129.1160079,35.8300375],[129.1163727,35.829935],[129.1168194,35.8298024],[129.1168422,35.8297955]]},"properties":{"axis":"도로경관축","sub":"경부고속도로 경관축","new":false,"lbl":"","note":"OSM ref 1 motorway","source":"2030 경주시 경관계획 재정비 (2025.04) §4.3 경관축 (T1) — 선형은 OSM (T4)"}},{"type":"Feature","geometry":{"type":"LineString","coordinates":[[129.1169743,35.8298951],[129.1165244,35.8300314],[129.1160005,35.8301857],[129.1155364,35.8303069],[129.1151243,35.8303962],[129.1145532,35.8305123],[129.1140089,35.8306105],[129.113463,35.8306972],[129.112982,35.8307627],[129.112526,35.830816],[129.112163,35.8308571],[129.1117878,35.830887],[129.1113659,35.8309181],[129.1109523,35.8309392],[129.1105264,35.8309503],[129.1068256,35.8309844],[129.1056545,35.8309952],[129.1051925,35.8310109],[129.1048104,35.8310353],[129.1044105,35.8310742],[129.1039257,35.8311464],[129.1035869,35.8312119],[129.103192,35.8312987],[129.1029057,35.8313637],[129.1025643,35.8314556],[129.1022104,35.831555],[129.1018894,35.831666],[129.1015701,35.8317808],[129.1012774,35.8319045],[129.1009188,35.8320678],[129.1006293,35.8322094],[129.1003434,35.8323626],[129.0957256,35.8347792],[129.0952893,35.8350061],[129.0948016,35.8352739],[129.0943704,35.8355225],[129.0940171,35.8357368],[129.093661,35.8359567],[129.0932693,35.836202],[129.0929429,35.8364106],[129.0926537,35.836604],[129.0923266,35.8368369],[129.091873,35.8371417],[129.0916064,35.8373457],[129.0913677,35.8375442],[129.089083,35.8394667],[129.0889484,35.8395841]]},"properties":{"axis":"도로경관축","sub":"경부고속도로 경관축","new":false,"lbl":"","note":"OSM ref 1 motorway","source":"2030 경주시 경관계획 재정비 (2025.04) §4.3 경관축 (T1) — 선형은 OSM (T4)"}},{"type":"Feature","geometry":{"type":"LineString","coordinates":[[129.0874552,35.8408997],[129.0877163,35.8406136],[129.0878047,35.8405162],[129.0881888,35.8400929],[129.0885364,35.8397439],[129.0888413,35.8394792]]},"properties":{"axis":"도로경관축","sub":"경부고속도로 경관축","new":false,"lbl":"","note":"OSM ref 1 motorway","source":"2030 경주시 경관계획 재정비 (2025.04) §4.3 경관축 (T1) — 선형은 OSM (T4)"}},{"type":"Feature","geometry":{"type":"LineString","coordinates":[[129.0889484,35.8395841],[129.0887275,35.8397766],[129.0885073,35.8399871],[129.0879634,35.8405553],[129.0876295,35.840912],[129.0875772,35.8409678]]},"properties":{"axis":"도로경관축","sub":"경부고속도로 경관축","new":false,"lbl":"","note":"OSM ref 1 motorway","source":"2030 경주시 경관계획 재정비 (2025.04) §4.3 경관축 (T1) — 선형은 OSM (T4)"}},{"type":"Feature","geometry":{"type":"LineString","coordinates":[[129.1835717,35.8093005],[129.1830024,35.8098698],[129.1824998,35.8102696],[129.1820177,35.8106057],[129.1816503,35.810836],[129.1813156,35.8110134],[129.1809374,35.8111986],[129.1803743,35.8114514],[129.179926,35.8116317],[129.1794403,35.8117885],[129.1790484,35.8118964],[129.1786581,35.8119856],[129.1782654,35.8120493],[129.1778534,35.8121031],[129.177399,35.8121414],[129.1769677,35.8121717],[129.1765502,35.8121878],[129.1758447,35.8121986],[129.1752804,35.8122053],[129.1748958,35.8122142],[129.1744928,35.8122417],[129.1740789,35.8122855],[129.1736421,35.8123434],[129.1732364,35.812411],[129.1727676,35.8125098],[129.1724223,35.8125929],[129.1721412,35.8126717],[129.1720829,35.8126913]]},"properties":{"axis":"도로경관축","sub":"경부고속도로 경관축","new":false,"lbl":"","note":"OSM ref 1 motorway","source":"2030 경주시 경관계획 재정비 (2025.04) §4.3 경관축 (T1) — 선형은 OSM (T4)"}},{"type":"Feature","geometry":{"type":"LineString","coordinates":[[129.1721131,35.8125429],[129.1724909,35.8124356],[129.173008,35.8123146],[129.1733849,35.812245],[129.1738103,35.8121813],[129.1742175,35.8121353],[129.1745461,35.8121029],[129.1748966,35.8120794],[129.1752905,35.8120677],[129.1767134,35.8120565],[129.1770735,35.8120421],[129.1774691,35.8120162],[129.1778633,35.8119825],[129.1781301,35.8119498],[129.178359,35.8119134],[129.1785697,35.811877],[129.1789021,35.8118057],[129.1792103,35.8117266],[129.1795442,35.8116307],[129.1798718,35.8115218],[129.1802235,35.8113795],[129.1809002,35.8110706],[129.1812547,35.8108935],[129.1815911,35.810706],[129.1819592,35.8104784],[129.1823311,35.8102217],[129.1827656,35.8098796],[129.1831306,35.8095464],[129.1835456,35.8091231],[129.1838655,35.8087662],[129.1845128,35.8079632],[129.1854016,35.8068713],[129.186471,35.8055399],[129.1876983,35.8039922],[129.1888529,35.802442],[129.189024,35.8021806],[129.18922,35.80187],[129.1898245,35.8008904],[129.1899469,35.8006547],[129.1901057,35.8003442],[129.1902406,35.8000448],[129.19038,35.7996908],[129.1905492,35.7992793],[129.1907093,35.7989003],[129.1909141,35.7984286],[129.1910841,35.7980533],[129.1913028,35.7975824],[129.1915147,35.7971079],[129.1927159,35.7943722],[129.192829,35.7940913],[129.1929467,35.7937632],[129.1930575,35.7934267],[129.1931295,35.7931598],[129.1931854,35.7929329],[129.1932281,35.7927311],[129.1932788,35.7924764],[129.1933207,35.7922043],[129.1933542,35.7919547],[129.1933659,35.7918233],[129.1933757,35.7916447],[129.1933831,35.79145],[129.1933844,35.7912541],[129.1933726,35.7907431],[129.1933574,35.7904289],[129.1933154,35.7900573],[129.1932721,35.7897528],[129.1932012,35.7894067],[129.1931015,35.7889766],[129.1930109,35.7886252],[129.1928665,35.7881066],[129.1926624,35.7872694]]},"properties":{"axis":"도로경관축","sub":"경부고속도로 경관축","new":false,"lbl":"","note":"OSM ref 1 motorway","source":"2030 경주시 경관계획 재정비 (2025.04) §4.3 경관축 (T1) — 선형은 OSM (T4)"}},{"type":"Feature","geometry":{"type":"LineString","coordinates":[[129.1720829,35.8126913],[129.1718344,35.8127749]]},"properties":{"axis":"도로경관축","sub":"경부고속도로 경관축","new":false,"lbl":"","note":"OSM ref 1 motorway","source":"2030 경주시 경관계획 재정비 (2025.04) §4.3 경관축 (T1) — 선형은 OSM (T4)"}},{"type":"Feature","geometry":{"type":"LineString","coordinates":[[129.1718532,35.8126218],[129.172042,35.8125645],[129.1721131,35.8125429]]},"properties":{"axis":"도로경관축","sub":"경부고속도로 경관축","new":false,"lbl":"","note":"OSM ref 1 motorway","source":"2030 경주시 경관계획 재정비 (2025.04) §4.3 경관축 (T1) — 선형은 OSM (T4)"}},{"type":"Feature","geometry":{"type":"LineString","coordinates":[[129.1491881,35.8176855],[129.1497934,35.8177354],[129.1504671,35.8178161],[129.1571877,35.8186268],[129.1576601,35.8186738],[129.1582193,35.8187082],[129.15872,35.8187182],[129.1592881,35.8187082],[129.1595515,35.8186945],[129.1598314,35.8186752],[129.1600632,35.818653],[129.1603021,35.818625],[129.1605011,35.8185984],[129.1607038,35.8185647],[129.160932,35.8185209],[129.1611621,35.8184743],[129.1614315,35.8184145],[129.161693,35.818348],[129.1619412,35.8182783],[129.1621548,35.8182103],[129.1624238,35.8181177],[129.1627071,35.8180148],[129.1630562,35.8178761],[129.1634038,35.8177326],[129.1637418,35.8175736],[129.1640543,35.8174068],[129.1645338,35.8171325],[129.1661,35.816121],[129.169283,35.8138874],[129.1695397,35.813726],[129.1698634,35.8135346],[129.1701679,35.8133678],[129.1705027,35.8132023],[129.1708073,35.8130614],[129.171158,35.8129037],[129.1715024,35.8127537],[129.1718532,35.8126218]]},"properties":{"axis":"도로경관축","sub":"경부고속도로 경관축","new":false,"lbl":"","note":"OSM ref 1 motorway","source":"2030 경주시 경관계획 재정비 (2025.04) §4.3 경관축 (T1) — 선형은 OSM (T4)"}},{"type":"Feature","geometry":{"type":"LineString","coordinates":[[129.1483928,35.8176368],[129.1485233,35.817643],[129.1485676,35.8176451],[129.149041,35.8176734],[129.1491881,35.8176855]]},"properties":{"axis":"도로경관축","sub":"경부고속도로 경관축","new":false,"lbl":"","note":"OSM ref 1 motorway","source":"2030 경주시 경관계획 재정비 (2025.04) §4.3 경관축 (T1) — 선형은 OSM (T4)"}},{"type":"Feature","geometry":{"type":"LineString","coordinates":[[129.1718344,35.8127749],[129.1715084,35.8129034],[129.171176,35.8130519],[129.1708042,35.8132212],[129.1704828,35.8133779],[129.1701458,35.8135494],[129.1698619,35.8137083],[129.1695662,35.8138828],[129.1693262,35.8140358],[129.1690966,35.8141912],[129.1655279,35.8166358],[129.1642772,35.8174281],[129.1639669,35.8176065],[129.1635366,35.8178136],[129.1631369,35.8179881],[129.1627483,35.81814],[129.1622861,35.8183044],[129.1618474,35.818436],[129.1614116,35.8185463],[129.1609494,35.8186307],[129.1604664,35.8187028],[129.1601083,35.8187512],[129.1597196,35.8187928],[129.1593834,35.8188148],[129.15907,35.8188238],[129.1587607,35.8188255],[129.1584462,35.8188213],[129.1581391,35.8188136],[129.1577888,35.8187999],[129.1574995,35.8187786],[129.1571629,35.8187454],[129.1510548,35.8180278],[129.1503485,35.8179388],[129.1498724,35.8178849],[129.1494749,35.8178506],[129.1493271,35.8178385]]},"properties":{"axis":"도로경관축","sub":"경부고속도로 경관축","new":false,"lbl":"","note":"OSM ref 1 motorway","source":"2030 경주시 경관계획 재정비 (2025.04) §4.3 경관축 (T1) — 선형은 OSM (T4)"}},{"type":"Feature","geometry":{"type":"LineString","coordinates":[[129.1493271,35.8178385],[129.1489034,35.8178036],[129.1484804,35.8177742]]},"properties":{"axis":"도로경관축","sub":"경부고속도로 경관축","new":false,"lbl":"","note":"OSM ref 1 motorway","source":"2030 경주시 경관계획 재정비 (2025.04) §4.3 경관축 (T1) — 선형은 OSM (T4)"}},{"type":"Feature","geometry":{"type":"LineString","coordinates":[[129.1466667,35.8177409],[129.1462366,35.8177527],[129.1458309,35.817784],[129.1452448,35.8178218],[129.1446473,35.8178675]]},"properties":{"axis":"도로경관축","sub":"경부고속도로 경관축","new":false,"lbl":"","note":"OSM ref 1 motorway","source":"2030 경주시 경관계획 재정비 (2025.04) §4.3 경관축 (T1) — 선형은 OSM (T4)"}},{"type":"Feature","geometry":{"type":"LineString","coordinates":[[129.1447274,35.8177223],[129.1451474,35.8176901],[129.1457736,35.8176529],[129.1463198,35.8176344],[129.1466739,35.8176076]]},"properties":{"axis":"도로경관축","sub":"경부고속도로 경관축","new":false,"lbl":"","note":"OSM ref 1 motorway","source":"2030 경주시 경관계획 재정비 (2025.04) §4.3 경관축 (T1) — 선형은 OSM (T4)"}},{"type":"Feature","geometry":{"type":"LineString","coordinates":[[129.1446473,35.8178675],[129.1434968,35.8179842]]},"properties":{"axis":"도로경관축","sub":"경부고속도로 경관축","new":false,"lbl":"","note":"OSM ref 1 motorway","source":"2030 경주시 경관계획 재정비 (2025.04) §4.3 경관축 (T1) — 선형은 OSM (T4)"}},{"type":"Feature","geometry":{"type":"LineString","coordinates":[[129.1435638,35.8178413],[129.1447274,35.8177223]]},"properties":{"axis":"도로경관축","sub":"경부고속도로 경관축","new":false,"lbl":"","note":"OSM ref 1 motorway","source":"2030 경주시 경관계획 재정비 (2025.04) §4.3 경관축 (T1) — 선형은 OSM (T4)"}},{"type":"Feature","geometry":{"type":"LineString","coordinates":[[129.1291464,35.822927],[129.1313505,35.821524],[129.1334692,35.8201552],[129.1337737,35.8199712],[129.1340571,35.8198176],[129.1343575,35.8196752],[129.134738,35.8194978],[129.135117,35.8193379],[129.1354821,35.819198],[129.1358842,35.8190431],[129.1362099,35.8189275],[129.1364721,35.8188476],[129.1367557,35.8187685],[129.1370342,35.8187009],[129.1373899,35.8186316],[129.1376857,35.818588],[129.1382294,35.818513],[129.1435638,35.8178413]]},"properties":{"axis":"도로경관축","sub":"경부고속도로 경관축","new":false,"lbl":"","note":"OSM ref 1 motorway","source":"2030 경주시 경관계획 재정비 (2025.04) §4.3 경관축 (T1) — 선형은 OSM (T4)"}},{"type":"Feature","geometry":{"type":"LineString","coordinates":[[129.1434968,35.8179842],[129.1383234,35.8186177],[129.1379709,35.8186683],[129.1375697,35.8187325],[129.1372991,35.8187865],[129.1369646,35.8188642],[129.1366231,35.8189531],[129.1363094,35.819042],[129.1360082,35.8191433],[129.1356626,35.8192716],[129.1353628,35.8193841],[129.1350505,35.8195079],[129.134766,35.8196284],[129.1344232,35.8197937],[129.1341247,35.8199467],[129.1338573,35.8200952],[129.1335935,35.8202467],[129.133344,35.8203973],[129.1292396,35.8230138]]},"properties":{"axis":"도로경관축","sub":"경부고속도로 경관축","new":false,"lbl":"","note":"OSM ref 1 motorway","source":"2030 경주시 경관계획 재정비 (2025.04) §4.3 경관축 (T1) — 선형은 OSM (T4)"}},{"type":"Feature","geometry":{"type":"LineString","coordinates":[[129.1176314,35.8296835],[129.1169743,35.8298951]]},"properties":{"axis":"도로경관축","sub":"경부고속도로 경관축","new":false,"lbl":"","note":"OSM ref 1 motorway","source":"2030 경주시 경관계획 재정비 (2025.04) §4.3 경관축 (T1) — 선형은 OSM (T4)"}},{"type":"Feature","geometry":{"type":"LineString","coordinates":[[129.1168422,35.8297955],[129.1174777,35.8295957]]},"properties":{"axis":"도로경관축","sub":"경부고속도로 경관축","new":false,"lbl":"","note":"OSM ref 1 motorway","source":"2030 경주시 경관계획 재정비 (2025.04) §4.3 경관축 (T1) — 선형은 OSM (T4)"}},{"type":"Feature","geometry":{"type":"LineString","coordinates":[[129.1928057,35.7872351],[129.1931019,35.7884212],[129.1932723,35.7891026],[129.1933606,35.7895159],[129.1934223,35.7898481],[129.1934564,35.7901004],[129.1934813,35.7903549],[129.1934971,35.790586],[129.1935132,35.7912529],[129.1934994,35.7916462],[129.1934786,35.7919244],[129.1934501,35.7921765],[129.1934174,35.7924261],[129.1934104,35.7924679],[129.1933614,35.7927561],[129.1932917,35.7930749],[129.1931786,35.7934746],[129.1930625,35.793816],[129.1929604,35.7941152],[129.1928443,35.794406],[129.1922283,35.7959557],[129.1914836,35.797541],[129.1911609,35.7982809],[129.1908457,35.7989401],[129.1905843,35.7995697],[129.1904268,35.7999445],[129.1902824,35.8002756],[129.1901341,35.8005896],[129.1900054,35.8008526],[129.1898925,35.8010613],[129.1895171,35.8016777],[129.18921,35.8021834],[129.1889159,35.8026379],[129.1886823,35.8029722],[129.1869639,35.8051633],[129.186615,35.8055929],[129.1859484,35.8064663],[129.1852891,35.8072659],[129.1846063,35.8081281],[129.1839433,35.8089219],[129.1835717,35.8093005]]},"properties":{"axis":"도로경관축","sub":"경부고속도로 경관축","new":false,"lbl":"","note":"OSM ref 1 motorway","source":"2030 경주시 경관계획 재정비 (2025.04) §4.3 경관축 (T1) — 선형은 OSM (T4)"}},{"type":"Feature","geometry":{"type":"LineString","coordinates":[[129.1947306,35.7484939],[129.1950583,35.7459284],[129.1951163,35.7454286],[129.1951336,35.7450785],[129.1951475,35.7447988],[129.1952311,35.7426271],[129.1952371,35.742293],[129.195219,35.7419099],[129.1949032,35.7296083],[129.1948505,35.7275559],[129.1948248,35.7271327],[129.1947915,35.7267386],[129.1947407,35.7263203],[129.1946284,35.7255012],[129.1945539,35.7251119],[129.1944452,35.7247001],[129.1942358,35.7239254],[129.1931163,35.7199063],[129.1911065,35.7126936]]},"properties":{"axis":"도로경관축","sub":"경부고속도로 경관축","new":false,"lbl":"","note":"OSM ref 1 motorway","source":"2030 경주시 경관계획 재정비 (2025.04) §4.3 경관축 (T1) — 선형은 OSM (T4)"}},{"type":"Feature","geometry":{"type":"LineString","coordinates":[[129.1920055,35.7150687],[129.1945234,35.7244504],[129.1946408,35.7249113],[129.1947074,35.7252101],[129.194767,35.7254975],[129.1949307,35.726743],[129.1949719,35.727127],[129.1949808,35.7273932],[129.1950657,35.7310422],[129.1953739,35.7418472],[129.1953805,35.7420805],[129.1953822,35.7423106],[129.1952954,35.7448214],[129.1952781,35.7451869],[129.1952521,35.7454667],[129.1952088,35.7458777],[129.1948769,35.7484979]]},"properties":{"axis":"도로경관축","sub":"경부고속도로 경관축","new":false,"lbl":"","note":"OSM ref 1 motorway","source":"2030 경주시 경관계획 재정비 (2025.04) §4.3 경관축 (T1) — 선형은 OSM (T4)"}},{"type":"Feature","geometry":{"type":"LineString","coordinates":[[129.1945237,35.7501134],[129.1947306,35.7484939]]},"properties":{"axis":"도로경관축","sub":"경부고속도로 경관축","new":false,"lbl":"","note":"OSM ref 1 motorway","source":"2030 경주시 경관계획 재정비 (2025.04) §4.3 경관축 (T1) — 선형은 OSM (T4)"}},{"type":"Feature","geometry":{"type":"LineString","coordinates":[[129.1948769,35.7484979],[129.1946708,35.7501247]]},"properties":{"axis":"도로경관축","sub":"경부고속도로 경관축","new":false,"lbl":"","note":"OSM ref 1 motorway","source":"2030 경주시 경관계획 재정비 (2025.04) §4.3 경관축 (T1) — 선형은 OSM (T4)"}},{"type":"Feature","geometry":{"type":"LineString","coordinates":[[129.1967614,35.766705],[129.1969136,35.763626],[129.1969152,35.7633763],[129.1969092,35.7630881],[129.1968943,35.7628177],[129.1968575,35.7625343],[129.1968167,35.7623124],[129.196771,35.7621138],[129.1967063,35.7618869],[129.1966088,35.7615875],[129.1965083,35.7612969],[129.196389,35.7610119],[129.1962397,35.7606809],[129.1960604,35.7603123],[129.1959245,35.7600359],[129.1957691,35.7597624],[129.1954674,35.7592487],[129.1952237,35.7588042],[129.1950458,35.7584555],[129.1948829,35.7581239],[129.1947216,35.7577874],[129.1945964,35.7574864],[129.1944743,35.7571988],[129.1943597,35.7568819],[129.1942768,35.7566054],[129.1942104,35.7563191],[129.1940913,35.7557476],[129.19404,35.7554699],[129.1940159,35.755268],[129.1940069,35.7549939],[129.1939978,35.7545864],[129.1940023,35.7543111],[129.1940295,35.753955],[129.1940642,35.7536209],[129.1942295,35.7524171],[129.1945237,35.7501134]]},"properties":{"axis":"도로경관축","sub":"경부고속도로 경관축","new":false,"lbl":"","note":"OSM ref 1 motorway","source":"2030 경주시 경관계획 재정비 (2025.04) §4.3 경관축 (T1) — 선형은 OSM (T4)"}},{"type":"Feature","geometry":{"type":"LineString","coordinates":[[129.1946708,35.7501247],[129.1946297,35.7504489],[129.1945974,35.750704],[129.194474,35.7516971],[129.1944104,35.7521992],[129.1942989,35.7529954],[129.1942371,35.7534873],[129.1942242,35.7536166],[129.1942024,35.7538348],[129.1941783,35.7541971],[129.1941682,35.7544661],[129.1941689,35.754847],[129.1941795,35.755219],[129.1941939,35.7553824],[129.1942126,35.7555212],[129.194239,35.7556812],[129.194282,35.7558993],[129.1943162,35.7560763],[129.194374,35.7563374],[129.19444,35.756585],[129.1945308,35.7568696],[129.1946454,35.7571792],[129.1947947,35.7575365],[129.1949334,35.7578546],[129.1951068,35.7582217],[129.1957485,35.7594203],[129.1961694,35.760161],[129.1963992,35.7606725],[129.1965633,35.7610576],[129.1966588,35.7612763],[129.1967474,35.7615282],[129.1968409,35.7618406],[129.1969234,35.7621691],[129.1969732,35.7623758],[129.197004,35.7625421],[129.1970329,35.7627641],[129.1970468,35.7629473],[129.1970557,35.763112],[129.1970627,35.7632686],[129.1970657,35.763447],[129.1970631,35.7636292],[129.1969448,35.7661652],[129.1969192,35.7667368]]},"properties":{"axis":"도로경관축","sub":"경부고속도로 경관축","new":false,"lbl":"","note":"OSM ref 1 motorway","source":"2030 경주시 경관계획 재정비 (2025.04) §4.3 경관축 (T1) — 선형은 OSM (T4)"}},{"type":"Feature","geometry":{"type":"LineString","coordinates":[[129.1967419,35.7670989],[129.1967614,35.766705]]},"properties":{"axis":"도로경관축","sub":"경부고속도로 경관축","new":false,"lbl":"","note":"OSM ref 1 motorway","source":"2030 경주시 경관계획 재정비 (2025.04) §4.3 경관축 (T1) — 선형은 OSM (T4)"}},{"type":"Feature","geometry":{"type":"LineString","coordinates":[[129.1969192,35.7667368],[129.1969006,35.7671537]]},"properties":{"axis":"도로경관축","sub":"경부고속도로 경관축","new":false,"lbl":"","note":"OSM ref 1 motorway","source":"2030 경주시 경관계획 재정비 (2025.04) §4.3 경관축 (T1) — 선형은 OSM (T4)"}},{"type":"Feature","geometry":{"type":"LineString","coordinates":[[129.1909865,35.7122628],[129.1909755,35.7122234],[129.1905277,35.7105981],[129.1902774,35.7097556],[129.1901608,35.7094407],[129.1900912,35.7092673],[129.1900429,35.7091527],[129.1899862,35.709031],[129.1899163,35.7088873],[129.1897797,35.7085967],[129.1896158,35.7082829],[129.1875124,35.7043415]]},"properties":{"axis":"도로경관축","sub":"경부고속도로 경관축","new":false,"lbl":"","note":"OSM ref 1 motorway","source":"2030 경주시 경관계획 재정비 (2025.04) §4.3 경관축 (T1) — 선형은 OSM (T4)"}},{"type":"Feature","geometry":{"type":"LineString","coordinates":[[129.1911065,35.7126936],[129.1909865,35.7122628]]},"properties":{"axis":"도로경관축","sub":"경부고속도로 경관축","new":false,"lbl":"","note":"OSM ref 1 motorway","source":"2030 경주시 경관계획 재정비 (2025.04) §4.3 경관축 (T1) — 선형은 OSM (T4)"}},{"type":"Feature","geometry":{"type":"LineString","coordinates":[[129.1876793,35.7043451],[129.189513,35.7078098],[129.1898158,35.7084009],[129.1899915,35.7087283],[129.1901155,35.7089857],[129.19023,35.7092494],[129.1903445,35.7095335],[129.1904371,35.7098201],[129.1906736,35.7105701],[129.1911828,35.7122317]]},"properties":{"axis":"도로경관축","sub":"경부고속도로 경관축","new":false,"lbl":"","note":"OSM ref 1 motorway","source":"2030 경주시 경관계획 재정비 (2025.04) §4.3 경관축 (T1) — 선형은 OSM (T4)"}},{"type":"Feature","geometry":{"type":"LineString","coordinates":[[129.1875124,35.7043415],[129.1874912,35.7043018],[129.1873161,35.7039737],[129.1869124,35.7032172]]},"properties":{"axis":"도로경관축","sub":"경부고속도로 경관축","new":false,"lbl":"","note":"OSM ref 1 motorway","source":"2030 경주시 경관계획 재정비 (2025.04) §4.3 경관축 (T1) — 선형은 OSM (T4)"}},{"type":"Feature","geometry":{"type":"LineString","coordinates":[[129.1870854,35.7032228],[129.1876793,35.7043451]]},"properties":{"axis":"도로경관축","sub":"경부고속도로 경관축","new":false,"lbl":"","note":"OSM ref 1 motorway","source":"2030 경주시 경관계획 재정비 (2025.04) §4.3 경관축 (T1) — 선형은 OSM (T4)"}},{"type":"Feature","geometry":{"type":"LineString","coordinates":[[129.1776057,35.6761159],[129.1779611,35.6766202],[129.1788123,35.6778478],[129.1791149,35.6782942],[129.1794069,35.6787577],[129.179598,35.679056],[129.1797891,35.6793773],[129.1799634,35.6796633],[129.1801306,35.679958],[129.1803332,35.6803303],[129.1805394,35.680717],[129.1806889,35.6810109],[129.1808385,35.6813278],[129.1809791,35.681629],[129.1811305,35.6819699],[129.181499,35.6828945],[129.1817909,35.6836926],[129.1820377,35.6843853],[129.1830092,35.6872762],[129.1837825,35.6894716],[129.1840588,35.6902248],[129.1843823,35.6911832],[129.184729,35.6922874],[129.18492,35.692928],[129.1850921,35.6935488],[129.1852695,35.6943148],[129.1853607,35.6946862],[129.1854318,35.6951306],[129.1854734,35.6954203],[129.1859886,35.7001313],[129.1860966,35.7006989],[129.1861674,35.700995],[129.1862647,35.7013226],[129.1863797,35.7016689],[129.1864894,35.7019736],[129.1866133,35.7022811],[129.1867728,35.7026206],[129.1870854,35.7032228]]},"properties":{"axis":"도로경관축","sub":"경부고속도로 경관축","new":false,"lbl":"","note":"OSM ref 1 motorway","source":"2030 경주시 경관계획 재정비 (2025.04) §4.3 경관축 (T1) — 선형은 OSM (T4)"}},{"type":"Feature","geometry":{"type":"LineString","coordinates":[[129.1689065,35.6527675],[129.1650498,35.6463053],[129.1648977,35.6460192],[129.164736,35.6457],[129.1645388,35.6452881],[129.1643376,35.6448605],[129.1641818,35.6445024],[129.1639624,35.6439631],[129.1637677,35.6434382],[129.1635076,35.6427206],[129.1629232,35.6410889]]},"properties":{"axis":"도로경관축","sub":"경부고속도로 경관축","new":false,"lbl":"","note":"OSM ref 1 motorway","source":"2030 경주시 경관계획 재정비 (2025.04) §4.3 경관축 (T1) — 선형은 OSM (T4)"}},{"type":"Feature","geometry":{"type":"LineString","coordinates":[[129.1630583,35.6410148],[129.1630962,35.6411191],[129.1636588,35.6426687],[129.1638888,35.643313],[129.1640764,35.6438178],[129.1642718,35.6442923],[129.1644677,35.6447593],[129.164617,35.6450775],[129.1647683,35.6453924],[129.1649913,35.645844],[129.1652089,35.6462668],[129.1680971,35.6509955],[129.1691023,35.6527302]]},"properties":{"axis":"도로경관축","sub":"경부고속도로 경관축","new":false,"lbl":"","note":"OSM ref 1 motorway","source":"2030 경주시 경관계획 재정비 (2025.04) §4.3 경관축 (T1) — 선형은 OSM (T4)"}},{"type":"Feature","geometry":{"type":"LineString","coordinates":[[129.1692152,35.6532848],[129.1689065,35.6527675]]},"properties":{"axis":"도로경관축","sub":"경부고속도로 경관축","new":false,"lbl":"","note":"OSM ref 1 motorway","source":"2030 경주시 경관계획 재정비 (2025.04) §4.3 경관축 (T1) — 선형은 OSM (T4)"}},{"type":"Feature","geometry":{"type":"LineString","coordinates":[[129.1691023,35.6527302],[129.1693978,35.6532403]]},"properties":{"axis":"도로경관축","sub":"경부고속도로 경관축","new":false,"lbl":"","note":"OSM ref 1 motorway","source":"2030 경주시 경관계획 재정비 (2025.04) §4.3 경관축 (T1) — 선형은 OSM (T4)"}},{"type":"Feature","geometry":{"type":"LineString","coordinates":[[129.1756762,35.6694661],[129.1756497,35.6691989],[129.1756001,35.668818],[129.1755523,35.6685232],[129.1754869,35.6682185],[129.1754019,35.6678864],[129.1753028,35.6675212],[129.1751666,35.6671014],[129.1749701,35.6665911],[129.1746711,35.665865],[129.17104,35.6566326],[129.170833,35.6561509],[129.1706171,35.6557109],[129.1703643,35.6552071],[129.1701722,35.6548824],[129.1698579,35.6543616],[129.1692152,35.6532848]]},"properties":{"axis":"도로경관축","sub":"경부고속도로 경관축","new":false,"lbl":"","note":"OSM ref 1 motorway","source":"2030 경주시 경관계획 재정비 (2025.04) §4.3 경관축 (T1) — 선형은 OSM (T4)"}},{"type":"Feature","geometry":{"type":"LineString","coordinates":[[129.1693978,35.6532403],[129.1695088,35.6534319],[129.1697464,35.6538418],[129.1702455,35.6547018],[129.1705906,35.6553151],[129.1708833,35.6558897],[129.1710481,35.6562402],[129.1712018,35.6565791],[129.1751151,35.6665312],[129.1752991,35.6670105],[129.1753987,35.6673177],[129.1754942,35.6676265],[129.1755816,35.6679221],[129.1756518,35.6682169],[129.1757199,35.6685571],[129.1757666,35.6688403],[129.1758094,35.6691337],[129.1758472,35.6695327]]},"properties":{"axis":"도로경관축","sub":"경부고속도로 경관축","new":false,"lbl":"","note":"OSM ref 1 motorway","source":"2030 경주시 경관계획 재정비 (2025.04) §4.3 경관축 (T1) — 선형은 OSM (T4)"}},{"type":"Feature","geometry":{"type":"LineString","coordinates":[[129.1756993,35.6696982],[129.1756878,35.6695824],[129.1756762,35.6694661]]},"properties":{"axis":"도로경관축","sub":"경부고속도로 경관축","new":false,"lbl":"","note":"OSM ref 1 motorway","source":"2030 경주시 경관계획 재정비 (2025.04) §4.3 경관축 (T1) — 선형은 OSM (T4)"}},{"type":"Feature","geometry":{"type":"LineString","coordinates":[[129.1758472,35.6695327],[129.1758597,35.669665],[129.1758605,35.6696718],[129.17587,35.6697585]]},"properties":{"axis":"도로경관축","sub":"경부고속도로 경관축","new":false,"lbl":"","note":"OSM ref 1 motorway","source":"2030 경주시 경관계획 재정비 (2025.04) §4.3 경관축 (T1) — 선형은 OSM (T4)"}},{"type":"Feature","geometry":{"type":"LineString","coordinates":[[129.17587,35.6697585],[129.1760442,35.6713405],[129.1761232,35.6721244],[129.1761554,35.6724698],[129.1761889,35.6727781],[129.1762332,35.6730156],[129.1762976,35.6732858],[129.176429,35.6737444],[129.1765538,35.6741231]]},"properties":{"axis":"도로경관축","sub":"경부고속도로 경관축","new":false,"lbl":"","note":"OSM ref 1 motorway","source":"2030 경주시 경관계획 재정비 (2025.04) §4.3 경관축 (T1) — 선형은 OSM (T4)"}},{"type":"Feature","geometry":{"type":"LineString","coordinates":[[129.1763917,35.6741635],[129.1763647,35.6740914],[129.1762461,35.673731],[129.1761367,35.6733656],[129.1760427,35.6729651],[129.1759919,35.6726622],[129.1759518,35.6722392],[129.1756993,35.6696982]]},"properties":{"axis":"도로경관축","sub":"경부고속도로 경관축","new":false,"lbl":"","note":"OSM ref 1 motorway","source":"2030 경주시 경관계획 재정비 (2025.04) §4.3 경관축 (T1) — 선형은 OSM (T4)"}},{"type":"Feature","geometry":{"type":"LineString","coordinates":[[129.1774394,35.6761845],[129.1773737,35.6760924],[129.1771904,35.6758171],[129.1770317,35.6755456],[129.1768715,35.6752515],[129.1767113,35.6749148],[129.1764987,35.6744493],[129.1763917,35.6741635]]},"properties":{"axis":"도로경관축","sub":"경부고속도로 경관축","new":false,"lbl":"","note":"OSM ref 1 motorway","source":"2030 경주시 경관계획 재정비 (2025.04) §4.3 경관축 (T1) — 선형은 OSM (T4)"}},{"type":"Feature","geometry":{"type":"LineString","coordinates":[[129.1765538,35.6741231],[129.1767267,35.6745452],[129.1769332,35.6749744],[129.1770902,35.675274],[129.1772752,35.6756117],[129.1774955,35.6759596],[129.1776057,35.6761159]]},"properties":{"axis":"도로경관축","sub":"경부고속도로 경관축","new":false,"lbl":"","note":"OSM ref 1 motorway","source":"2030 경주시 경관계획 재정비 (2025.04) §4.3 경관축 (T1) — 선형은 OSM (T4)"}},{"type":"Feature","geometry":{"type":"LineString","coordinates":[[129.1597564,35.633106],[129.1595136,35.6326866],[129.1591393,35.6320806],[129.1586463,35.631283],[129.1567757,35.6281499],[129.1565155,35.62769],[129.1563355,35.6273398],[129.156118,35.626859],[129.1559492,35.6264541],[129.155811,35.6260493],[129.1555305,35.6252562],[129.1552606,35.6244601],[129.1547045,35.6228717],[129.1544734,35.6222405],[129.1541099,35.6212763],[129.1538452,35.6206222],[129.1536753,35.6202021],[129.1535285,35.6198612],[129.1533781,35.6195361],[129.1532471,35.6192685],[129.1530784,35.618983],[129.15283,35.6186116],[129.1525575,35.618229],[129.1522054,35.6177672]]},"properties":{"axis":"도로경관축","sub":"경부고속도로 경관축","new":false,"lbl":"","note":"OSM ref 1 motorway","source":"2030 경주시 경관계획 재정비 (2025.04) §4.3 경관축 (T1) — 선형은 OSM (T4)"}},{"type":"Feature","geometry":{"type":"LineString","coordinates":[[129.1523036,35.6177254],[129.1525176,35.6179989],[129.1527081,35.6182496],[129.1528864,35.6185004],[129.1530903,35.6188122],[129.1532646,35.6190989],[129.1534193,35.619373],[129.1535731,35.6196701],[129.1536597,35.6198599],[129.1545598,35.6220904],[129.1547223,35.6225106],[129.1549186,35.6230567],[129.1555319,35.6248012],[129.1557237,35.6253801],[129.1558725,35.6258118],[129.1560214,35.6262195],[129.156126,35.6264865],[129.1562467,35.6267667],[129.1563996,35.6270948],[129.1565672,35.6274382],[129.1567348,35.627763],[129.1569214,35.6281181],[129.1573634,35.6288918],[129.1587726,35.6312091],[129.1593947,35.6322307],[129.159792,35.6329094],[129.1598768,35.6330572]]},"properties":{"axis":"도로경관축","sub":"경부고속도로 경관축","new":false,"lbl":"","note":"OSM ref 1 motorway","source":"2030 경주시 경관계획 재정비 (2025.04) §4.3 경관축 (T1) — 선형은 OSM (T4)"}},{"type":"Feature","geometry":{"type":"LineString","coordinates":[[129.1600746,35.6336763],[129.1598202,35.6332162],[129.1597564,35.633106]]},"properties":{"axis":"도로경관축","sub":"경부고속도로 경관축","new":false,"lbl":"","note":"OSM ref 1 motorway","source":"2030 경주시 경관계획 재정비 (2025.04) §4.3 경관축 (T1) — 선형은 OSM (T4)"}},{"type":"Feature","geometry":{"type":"LineString","coordinates":[[129.1598768,35.6330572],[129.1601494,35.6335322],[129.1602015,35.6336359]]},"properties":{"axis":"도로경관축","sub":"경부고속도로 경관축","new":false,"lbl":"","note":"OSM ref 1 motorway","source":"2030 경주시 경관계획 재정비 (2025.04) §4.3 경관축 (T1) — 선형은 OSM (T4)"}},{"type":"Feature","geometry":{"type":"LineString","coordinates":[[129.1628377,35.6408501],[129.1610557,35.6358744],[129.1608323,35.635316],[129.1606444,35.6348727],[129.1603748,35.6342893],[129.1601144,35.6337484],[129.1600746,35.6336763]]},"properties":{"axis":"도로경관축","sub":"경부고속도로 경관축","new":false,"lbl":"","note":"OSM ref 1 motorway","source":"2030 경주시 경관계획 재정비 (2025.04) §4.3 경관축 (T1) — 선형은 OSM (T4)"}},{"type":"Feature","geometry":{"type":"LineString","coordinates":[[129.1602015,35.6336359],[129.1603689,35.6339694],[129.1606536,35.6345722],[129.1608708,35.6350594],[129.1610385,35.6354551],[129.1611498,35.6357581],[129.1629742,35.6407832]]},"properties":{"axis":"도로경관축","sub":"경부고속도로 경관축","new":false,"lbl":"","note":"OSM ref 1 motorway","source":"2030 경주시 경관계획 재정비 (2025.04) §4.3 경관축 (T1) — 선형은 OSM (T4)"}},{"type":"Feature","geometry":{"type":"LineString","coordinates":[[129.1629232,35.6410889],[129.1628377,35.6408501]]},"properties":{"axis":"도로경관축","sub":"경부고속도로 경관축","new":false,"lbl":"","note":"OSM ref 1 motorway","source":"2030 경주시 경관계획 재정비 (2025.04) §4.3 경관축 (T1) — 선형은 OSM (T4)"}},{"type":"Feature","geometry":{"type":"LineString","coordinates":[[129.1629742,35.6407832],[129.1630583,35.6410148]]},"properties":{"axis":"도로경관축","sub":"경부고속도로 경관축","new":false,"lbl":"","note":"OSM ref 1 motorway","source":"2030 경주시 경관계획 재정비 (2025.04) §4.3 경관축 (T1) — 선형은 OSM (T4)"}},{"type":"Feature","geometry":{"type":"LineString","coordinates":[[129.2752358,35.8365967],[129.2749796,35.8367734],[129.274844,35.8368609],[129.2743832,35.8371863],[129.2742509,35.8372811],[129.2741353,35.8373863],[129.2740506,35.8374772],[129.2739213,35.837631],[129.2738651,35.837707],[129.273808,35.8377988],[129.2737321,35.8379453],[129.2736975,35.8380233],[129.2736745,35.8380923],[129.2736186,35.8382748],[129.2735905,35.8384289],[129.2735473,35.8387225],[129.2735069,35.8390125],[129.2734353,35.8395359],[129.2733744,35.8399904],[129.2733164,35.8403484],[129.2732901,35.8404653],[129.2732579,35.840583],[129.2732265,35.8406942],[129.2731737,35.8408318],[129.2731031,35.840984],[129.2730209,35.8411461],[129.2728469,35.8414343],[129.2724624,35.8420253]]},"properties":{"axis":"도로경관축","sub":"동해바다로(경감로) 자전거도로 경관축","new":false,"lbl":"","note":"자전거도로 경관축","source":"2030 경주시 경관계획 재정비 (2025.04) §4.3 경관축 (T1) — 선형은 OSM (T4)"}},{"type":"Feature","geometry":{"type":"LineString","coordinates":[[129.2900523,35.8339947],[129.2904213,35.8339087],[129.2906945,35.833845],[129.2910877,35.8337451],[129.2914882,35.8336175],[129.292203,35.833335],[129.2926403,35.8331602],[129.2937335,35.8327097],[129.2941249,35.8325401],[129.2945892,35.83229],[129.2951112,35.8320276],[129.295346,35.8319288],[129.2955992,35.83184],[129.295868,35.8317588],[129.2961367,35.8316925],[129.2968599,35.8315975],[129.29774,35.831474],[129.2980322,35.8314307],[129.2982154,35.8314035],[129.2984315,35.8313964],[129.2987989,35.8313843],[129.2989591,35.8313796],[129.2994595,35.831365]]},"properties":{"axis":"도로경관축","sub":"동해바다로(경감로) 자전거도로 경관축","new":false,"lbl":"","note":"자전거도로 경관축","source":"2030 경주시 경관계획 재정비 (2025.04) §4.3 경관축 (T1) — 선형은 OSM (T4)"}},{"type":"Feature","geometry":{"type":"LineString","coordinates":[[129.2839779,35.8340638],[129.2844422,35.8340792],[129.2845654,35.8340833]]},"properties":{"axis":"도로경관축","sub":"동해바다로(경감로) 자전거도로 경관축","new":false,"lbl":"","note":"자전거도로 경관축","source":"2030 경주시 경관계획 재정비 (2025.04) §4.3 경관축 (T1) — 선형은 OSM (T4)"}},{"type":"Feature","geometry":{"type":"LineString","coordinates":[[129.2193618,35.856714],[129.2200876,35.8566843]]},"properties":{"axis":"도로경관축","sub":"국도 28호선 경관축","new":false,"lbl":"","note":"OSM ref 28 tertiary","source":"2030 경주시 경관계획 재정비 (2025.04) §4.3 경관축 (T1) — 선형은 OSM (T4)"}},{"type":"Feature","geometry":{"type":"LineString","coordinates":[[129.2886507,35.6840415],[129.2886981,35.6838255]]},"properties":{"axis":"도로경관축","sub":"울산-포항고속도로 경관축","new":false,"lbl":"","note":"OSM ref 65 motorway","source":"2030 경주시 경관계획 재정비 (2025.04) §4.3 경관축 (T1) — 선형은 OSM (T4)"}},{"type":"Feature","geometry":{"type":"LineString","coordinates":[[129.289051,35.6838895],[129.2889386,35.6842542]]},"properties":{"axis":"도로경관축","sub":"울산-포항고속도로 경관축","new":false,"lbl":"","note":"OSM ref 65 motorway","source":"2030 경주시 경관계획 재정비 (2025.04) §4.3 경관축 (T1) — 선형은 OSM (T4)"}},{"type":"Feature","geometry":{"type":"LineString","coordinates":[[129.2884413,35.6241788],[129.2876196,35.62328]]},"properties":{"axis":"도로경관축","sub":"울산-포항고속도로 경관축","new":false,"lbl":"","note":"OSM ref 65 motorway","source":"2030 경주시 경관계획 재정비 (2025.04) §4.3 경관축 (T1) — 선형은 OSM (T4)"}},{"type":"Feature","geometry":{"type":"LineString","coordinates":[[129.2885828,35.623845],[129.2887032,35.6239716]]},"properties":{"axis":"도로경관축","sub":"울산-포항고속도로 경관축","new":false,"lbl":"","note":"OSM ref 65 motorway","source":"2030 경주시 경관계획 재정비 (2025.04) §4.3 경관축 (T1) — 선형은 OSM (T4)"}},{"type":"Feature","geometry":{"type":"LineString","coordinates":[[129.4136883,35.7721732],[129.412787,35.771764],[129.4098665,35.770617]]},"properties":{"axis":"도로경관축","sub":"울산-포항고속도로 경관축","new":false,"lbl":"","note":"OSM ref 65 motorway","source":"2030 경주시 경관계획 재정비 (2025.04) §4.3 경관축 (T1) — 선형은 OSM (T4)"}},{"type":"Feature","geometry":{"type":"LineString","coordinates":[[129.4101085,35.7704507],[129.4122453,35.7713169],[129.4135062,35.7718406]]},"properties":{"axis":"도로경관축","sub":"울산-포항고속도로 경관축","new":false,"lbl":"","note":"OSM ref 65 motorway","source":"2030 경주시 경관계획 재정비 (2025.04) §4.3 경관축 (T1) — 선형은 OSM (T4)"}},{"type":"Feature","geometry":{"type":"LineString","coordinates":[[129.4098665,35.770617],[129.408264,35.7699876],[129.4078088,35.7698088]]},"properties":{"axis":"도로경관축","sub":"울산-포항고속도로 경관축","new":false,"lbl":"","note":"OSM ref 65 motorway","source":"2030 경주시 경관계획 재정비 (2025.04) §4.3 경관축 (T1) — 선형은 OSM (T4)"}},{"type":"Feature","geometry":{"type":"LineString","coordinates":[[129.4079891,35.7695916],[129.4083999,35.7697581],[129.4101085,35.7704507]]},"properties":{"axis":"도로경관축","sub":"울산-포항고속도로 경관축","new":false,"lbl":"","note":"OSM ref 65 motorway","source":"2030 경주시 경관계획 재정비 (2025.04) §4.3 경관축 (T1) — 선형은 OSM (T4)"}},{"type":"Feature","geometry":{"type":"LineString","coordinates":[[129.4025752,35.8653238],[129.4028354,35.864968]]},"properties":{"axis":"도로경관축","sub":"울산-포항고속도로 경관축","new":false,"lbl":"","note":"OSM ref 65 motorway","source":"2030 경주시 경관계획 재정비 (2025.04) §4.3 경관축 (T1) — 선형은 OSM (T4)"}},{"type":"Feature","geometry":{"type":"LineString","coordinates":[[129.4030986,35.8651846],[129.4027898,35.8656021]]},"properties":{"axis":"도로경관축","sub":"울산-포항고속도로 경관축","new":false,"lbl":"","note":"OSM ref 65 motorway","source":"2030 경주시 경관계획 재정비 (2025.04) §4.3 경관축 (T1) — 선형은 OSM (T4)"}},{"type":"Feature","geometry":{"type":"LineString","coordinates":[[129.4028354,35.864968],[129.4029414,35.864823]]},"properties":{"axis":"도로경관축","sub":"울산-포항고속도로 경관축","new":false,"lbl":"","note":"OSM ref 65 motorway","source":"2030 경주시 경관계획 재정비 (2025.04) §4.3 경관축 (T1) — 선형은 OSM (T4)"}},{"type":"Feature","geometry":{"type":"LineString","coordinates":[[129.4018287,35.8669328],[129.4011058,35.8679148]]},"properties":{"axis":"도로경관축","sub":"울산-포항고속도로 경관축","new":false,"lbl":"","note":"OSM ref 65 motorway","source":"2030 경주시 경관계획 재정비 (2025.04) §4.3 경관축 (T1) — 선형은 OSM (T4)"}},{"type":"Feature","geometry":{"type":"LineString","coordinates":[[129.4011058,35.8679148],[129.3997656,35.8696918]]},"properties":{"axis":"도로경관축","sub":"울산-포항고속도로 경관축","new":false,"lbl":"","note":"OSM ref 65 motorway","source":"2030 경주시 경관계획 재정비 (2025.04) §4.3 경관축 (T1) — 선형은 OSM (T4)"}},{"type":"Feature","geometry":{"type":"LineString","coordinates":[[129.3920198,35.8800768],[129.3931271,35.8783249]]},"properties":{"axis":"도로경관축","sub":"울산-포항고속도로 경관축","new":false,"lbl":"","note":"OSM ref 65 motorway","source":"2030 경주시 경관계획 재정비 (2025.04) §4.3 경관축 (T1) — 선형은 OSM (T4)"}},{"type":"Feature","geometry":{"type":"LineString","coordinates":[[129.3931271,35.8783249],[129.39359,35.8775925]]},"properties":{"axis":"도로경관축","sub":"울산-포항고속도로 경관축","new":false,"lbl":"","note":"OSM ref 65 motorway","source":"2030 경주시 경관계획 재정비 (2025.04) §4.3 경관축 (T1) — 선형은 OSM (T4)"}},{"type":"Feature","geometry":{"type":"LineString","coordinates":[[129.3938971,35.8776443],[129.3933348,35.8784723]]},"properties":{"axis":"도로경관축","sub":"울산-포항고속도로 경관축","new":false,"lbl":"","note":"OSM ref 65 motorway","source":"2030 경주시 경관계획 재정비 (2025.04) §4.3 경관축 (T1) — 선형은 OSM (T4)"}},{"type":"Feature","geometry":{"type":"LineString","coordinates":[[129.3922101,35.8802418],[129.3919835,35.8806524],[129.3911588,35.8821463]]},"properties":{"axis":"도로경관축","sub":"울산-포항고속도로 경관축","new":false,"lbl":"","note":"OSM ref 65 motorway","source":"2030 경주시 경관계획 재정비 (2025.04) §4.3 경관축 (T1) — 선형은 OSM (T4)"}},{"type":"Feature","geometry":{"type":"LineString","coordinates":[[129.401551,35.8667454],[129.4015977,35.8666826]]},"properties":{"axis":"도로경관축","sub":"울산-포항고속도로 경관축","new":false,"lbl":"","note":"OSM ref 65 motorway","source":"2030 경주시 경관계획 재정비 (2025.04) §4.3 경관축 (T1) — 선형은 OSM (T4)"}},{"type":"Feature","geometry":{"type":"LineString","coordinates":[[129.4009525,35.8675509],[129.401551,35.8667454]]},"properties":{"axis":"도로경관축","sub":"울산-포항고속도로 경관축","new":false,"lbl":"","note":"OSM ref 65 motorway","source":"2030 경주시 경관계획 재정비 (2025.04) §4.3 경관축 (T1) — 선형은 OSM (T4)"}},{"type":"Feature","geometry":{"type":"LineString","coordinates":[[129.3900215,35.8856662],[129.3899539,35.8859804]]},"properties":{"axis":"도로경관축","sub":"울산-포항고속도로 경관축","new":false,"lbl":"","note":"OSM ref 65 motorway","source":"2030 경주시 경관계획 재정비 (2025.04) §4.3 경관축 (T1) — 선형은 OSM (T4)"}},{"type":"Feature","geometry":{"type":"LineString","coordinates":[[129.3901783,35.8849368],[129.3900215,35.8856662]]},"properties":{"axis":"도로경관축","sub":"울산-포항고속도로 경관축","new":false,"lbl":"","note":"OSM ref 65 motorway","source":"2030 경주시 경관계획 재정비 (2025.04) §4.3 경관축 (T1) — 선형은 OSM (T4)"}},{"type":"Feature","geometry":{"type":"LineString","coordinates":[[129.3898733,35.8846584],[129.3899181,35.8844638]]},"properties":{"axis":"도로경관축","sub":"울산-포항고속도로 경관축","new":false,"lbl":"","note":"OSM ref 65 motorway","source":"2030 경주시 경관계획 재정비 (2025.04) §4.3 경관축 (T1) — 선형은 OSM (T4)"}},{"type":"Feature","geometry":{"type":"LineString","coordinates":[[129.3897014,35.8854055],[129.3898733,35.8846584]]},"properties":{"axis":"도로경관축","sub":"울산-포항고속도로 경관축","new":false,"lbl":"","note":"OSM ref 65 motorway","source":"2030 경주시 경관계획 재정비 (2025.04) §4.3 경관축 (T1) — 선형은 OSM (T4)"}},{"type":"Feature","geometry":{"type":"LineString","coordinates":[[129.3942067,35.9069039],[129.394258,35.9071202]]},"properties":{"axis":"도로경관축","sub":"울산-포항고속도로 경관축","new":false,"lbl":"","note":"OSM ref 65 motorway","source":"2030 경주시 경관계획 재정비 (2025.04) §4.3 경관축 (T1) — 선형은 OSM (T4)"}},{"type":"Feature","geometry":{"type":"LineString","coordinates":[[129.3939485,35.9059787],[129.3942067,35.9069039]]},"properties":{"axis":"도로경관축","sub":"울산-포항고속도로 경관축","new":false,"lbl":"","note":"OSM ref 65 motorway","source":"2030 경주시 경관계획 재정비 (2025.04) §4.3 경관축 (T1) — 선형은 OSM (T4)"}},{"type":"Feature","geometry":{"type":"LineString","coordinates":[[129.3933537,35.9053936],[129.3932675,35.9051142]]},"properties":{"axis":"도로경관축","sub":"울산-포항고속도로 경관축","new":false,"lbl":"","note":"OSM ref 65 motorway","source":"2030 경주시 경관계획 재정비 (2025.04) §4.3 경관축 (T1) — 선형은 OSM (T4)"}},{"type":"Feature","geometry":{"type":"LineString","coordinates":[[129.3937603,35.9067115],[129.3933537,35.9053936]]},"properties":{"axis":"도로경관축","sub":"울산-포항고속도로 경관축","new":false,"lbl":"","note":"OSM ref 65 motorway","source":"2030 경주시 경관계획 재정비 (2025.04) §4.3 경관축 (T1) — 선형은 OSM (T4)"}},{"type":"Feature","geometry":{"type":"LineString","coordinates":[[129.3903254,35.9291302],[129.3907596,35.9287125],[129.3910216,35.9284515],[129.3914862,35.9279532]]},"properties":{"axis":"도로경관축","sub":"울산-포항고속도로 경관축","new":false,"lbl":"","note":"OSM ref 65 motorway","source":"2030 경주시 경관계획 재정비 (2025.04) §4.3 경관축 (T1) — 선형은 OSM (T4)"}},{"type":"Feature","geometry":{"type":"LineString","coordinates":[[129.391595,35.9279836],[129.3913066,35.9282947],[129.3909341,35.9286741],[129.3906607,35.9289347],[129.3903934,35.9291754]]},"properties":{"axis":"도로경관축","sub":"울산-포항고속도로 경관축","new":false,"lbl":"","note":"OSM ref 65 motorway","source":"2030 경주시 경관계획 재정비 (2025.04) §4.3 경관축 (T1) — 선형은 OSM (T4)"}},{"type":"Feature","geometry":{"type":"LineString","coordinates":[[129.3863294,35.9326225],[129.386639,35.9322017],[129.3866744,35.9321578],[129.3873968,35.9314821],[129.3892917,35.9300247],[129.3899719,35.9294522],[129.3903254,35.9291302]]},"properties":{"axis":"도로경관축","sub":"울산-포항고속도로 경관축","new":false,"lbl":"","note":"OSM ref 65 motorway","source":"2030 경주시 경관계획 재정비 (2025.04) §4.3 경관축 (T1) — 선형은 OSM (T4)"}},{"type":"Feature","geometry":{"type":"LineString","coordinates":[[129.3903934,35.9291754],[129.3893794,35.93005],[129.3883288,35.9308554],[129.3876487,35.9313994],[129.3872503,35.9317476],[129.3868888,35.9321019],[129.3866094,35.9324117],[129.3863903,35.9326878]]},"properties":{"axis":"도로경관축","sub":"울산-포항고속도로 경관축","new":false,"lbl":"","note":"OSM ref 65 motorway","source":"2030 경주시 경관계획 재정비 (2025.04) §4.3 경관축 (T1) — 선형은 OSM (T4)"}},{"type":"Feature","geometry":{"type":"LineString","coordinates":[[129.386052,35.9390936],[129.3857246,35.9383225],[129.385473,35.9376462]]},"properties":{"axis":"도로경관축","sub":"울산-포항고속도로 경관축","new":false,"lbl":"","note":"OSM ref 65 motorway","source":"2030 경주시 경관계획 재정비 (2025.04) §4.3 경관축 (T1) — 선형은 OSM (T4)"}},{"type":"Feature","geometry":{"type":"LineString","coordinates":[[129.3855725,35.937624],[129.3857329,35.9380601],[129.3859492,35.9386021],[129.3861584,35.9390846]]},"properties":{"axis":"도로경관축","sub":"울산-포항고속도로 경관축","new":false,"lbl":"","note":"OSM ref 65 motorway","source":"2030 경주시 경관계획 재정비 (2025.04) §4.3 경관축 (T1) — 선형은 OSM (T4)"}},{"type":"Feature","geometry":{"type":"LineString","coordinates":[[129.385473,35.9376462],[129.3853674,35.9373192],[129.3852728,35.9369621],[129.3852465,35.9368132]]},"properties":{"axis":"도로경관축","sub":"울산-포항고속도로 경관축","new":false,"lbl":"","note":"OSM ref 65 motorway","source":"2030 경주시 경관계획 재정비 (2025.04) §4.3 경관축 (T1) — 선형은 OSM (T4)"}},{"type":"Feature","geometry":{"type":"LineString","coordinates":[[129.3853531,35.9368117],[129.3853744,35.9369048],[129.3854233,35.9371239],[129.3855214,35.9374633],[129.3855725,35.937624]]},"properties":{"axis":"도로경관축","sub":"울산-포항고속도로 경관축","new":false,"lbl":"","note":"OSM ref 65 motorway","source":"2030 경주시 경관계획 재정비 (2025.04) §4.3 경관축 (T1) — 선형은 OSM (T4)"}},{"type":"Feature","geometry":{"type":"LineString","coordinates":[[129.2724624,35.8420253],[129.272388,35.842145],[129.2722635,35.8423635],[129.27219,35.8425015],[129.2721154,35.8426835],[129.2720561,35.8428603],[129.2719781,35.8431802],[129.271936,35.8434188],[129.2719169,35.8435775],[129.2718918,35.8437802],[129.2718553,35.8439794],[129.2718396,35.8440523],[129.2718115,35.8441268],[129.2717735,35.8442137],[129.2716893,35.8443642],[129.271645,35.8444212],[129.2715879,35.8444846],[129.2715132,35.8445552],[129.2714336,35.8446163],[129.2713262,35.8446814],[129.2711885,35.8447535],[129.2710214,35.8448163],[129.2708627,35.8448551],[129.270694,35.8448827],[129.2705382,35.844893],[129.2703184,35.8449078],[129.2701657,35.8449172],[129.2699611,35.8449425],[129.2697564,35.84498],[129.2694885,35.8450409],[129.2693385,35.8450853],[129.2691656,35.8451431],[129.2688727,35.8452517],[129.2682529,35.8454936],[129.2680166,35.8455899],[129.2678177,35.845676],[129.2676978,35.8457371],[129.2676105,35.8457893],[129.2675065,35.8458677],[129.2674124,35.8459518],[129.2672791,35.8460966],[129.2671423,35.8462794],[129.2669445,35.8465338],[129.2667769,35.8467035],[129.2665942,35.8468427],[129.2664072,35.8469435],[129.2661828,35.8470275],[129.2660452,35.8470706],[129.2659122,35.847096],[129.2656638,35.847133],[129.2653934,35.8471538],[129.2651348,35.8471593],[129.2649503,35.8471459],[129.2647893,35.8471257],[129.2646206,35.8470802],[129.2644715,35.8470178],[129.2643223,35.8469427],[129.2641808,35.8468596],[129.263009,35.8459322],[129.2623427,35.8453839],[129.2617221,35.8448907],[129.2614705,35.8447524],[129.261242,35.8446707],[129.261006,35.8446231],[129.2607842,35.8446043],[129.260569,35.8446128],[129.2604358,35.8446361],[129.2602821,35.8446811]]},"properties":{"axis":"도로경관축","sub":"동해바다로(경감로) 자전거도로 경관축","new":false,"lbl":"","note":"자전거도로 경관축","source":"2030 경주시 경관계획 재정비 (2025.04) §4.3 경관축 (T1) — 선형은 OSM (T4)"}},{"type":"Feature","geometry":{"type":"LineString","coordinates":[[129.2591678,35.8453254],[129.2595958,35.8449284],[129.2597525,35.8448128],[129.2598649,35.8447462],[129.2599654,35.8446945],[129.2599958,35.8446815],[129.2602172,35.8445946],[129.2603469,35.844564],[129.2605091,35.8445333],[129.2606453,35.8445202],[129.2608604,35.844521],[129.2609728,35.8445333],[129.2610938,35.844557],[129.2612916,35.8446025],[129.2614235,35.8446472],[129.261551,35.8446954],[129.261711,35.8447786],[129.2618061,35.8448408],[129.2619898,35.8449793],[129.2626048,35.8454655],[129.263316,35.8460403],[129.2640672,35.8466422],[129.264318,35.8468331],[129.2644585,35.8469102],[129.2646379,35.8469856],[129.2648303,35.8470294],[129.265014,35.8470557],[129.2651956,35.8470627],[129.2657987,35.8470171],[129.2659954,35.8469856],[129.2661922,35.8469243],[129.26635,35.8468559],[129.266497,35.8467788],[129.2666504,35.8466667],[129.266819,35.846495],[129.2670426,35.8462113],[129.2671887,35.8460254],[129.2673638,35.8458414],[129.2675108,35.8457257],[129.2676556,35.8456399],[129.2678156,35.845561],[129.2692791,35.8450423],[129.2696703,35.8449442],[129.2698714,35.8448987],[129.2701589,35.8448566],[129.2703502,35.8448435],[129.2705674,35.8448373],[129.2707468,35.8448198],[129.2709457,35.8447777],[129.2710949,35.8447234],[129.2712462,35.8446551],[129.2713672,35.8445727],[129.2715186,35.8444325],[129.2716656,35.844238],[129.2717218,35.8441347],[129.2717693,35.8439612],[129.2718701,35.843254],[129.2719444,35.8429361],[129.271992,35.8427626],[129.2721217,35.8424507],[129.2722535,35.8422194],[129.2723443,35.8420706],[129.272755,35.8414326],[129.2730685,35.8408701],[129.2731766,35.8405949],[129.2732328,35.8403163],[129.273343,35.8396136],[129.273503,35.8384623],[129.2735376,35.8382608],[129.2735743,35.8381363],[129.2736586,35.8379138],[129.2737754,35.8377],[129.2738921,35.8375423],[129.2740456,35.8373775]]},"properties":{"axis":"도로경관축","sub":"동해바다로(경감로) 자전거도로 경관축","new":false,"lbl":"","note":"자전거도로 경관축","source":"2030 경주시 경관계획 재정비 (2025.04) §4.3 경관축 (T1) — 선형은 OSM (T4)"}},{"type":"Feature","geometry":{"type":"LineString","coordinates":[[129.2572321,35.8460914],[129.2575776,35.8462092],[129.2578806,35.8462694],[129.2581841,35.846326]]},"properties":{"axis":"도로경관축","sub":"동해바다로(경감로) 자전거도로 경관축","new":false,"lbl":"","note":"자전거도로 경관축","source":"2030 경주시 경관계획 재정비 (2025.04) §4.3 경관축 (T1) — 선형은 OSM (T4)"}},{"type":"Feature","geometry":{"type":"LineString","coordinates":[[129.104182,35.9835226],[129.1045021,35.9834662],[129.1049255,35.9834428],[129.10541,35.98345],[129.10577,35.9835],[129.1059859,35.9835201],[129.1069029,35.9837504],[129.10737,35.98392],[129.10768,35.98404],[129.10824,35.98436],[129.10868,35.9847],[129.1091928,35.9851011],[129.1096339,35.9855813],[129.1102749,35.9863122],[129.1109357,35.9869352],[129.1112707,35.9872383],[129.1116212,35.9874917],[129.111901,35.9876541],[129.11228,35.98786],[129.11256,35.98799],[129.11275,35.98807],[129.11302,35.98815],[129.1135,35.98828],[129.11383,35.98837],[129.1140723,35.988436],[129.114642,35.9885101],[129.1149993,35.9885206],[129.1154524,35.9885326],[129.1161332,35.988496],[129.11685,35.9883872],[129.1172506,35.9882872],[129.11784,35.98809],[129.118278,35.9879605],[129.11879,35.98775],[129.1191708,35.9875723],[129.1199197,35.9870683],[129.1205474,35.9866414]]},"properties":{"axis":"도로경관축","sub":"국도 28호선 경관축","new":false,"lbl":"","note":"OSM ref 28 trunk","source":"2030 경주시 경관계획 재정비 (2025.04) §4.3 경관축 (T1) — 선형은 OSM (T4)"}},{"type":"Feature","geometry":{"type":"LineString","coordinates":[[129.1039609,35.983556],[129.104182,35.9835226]]},"properties":{"axis":"도로경관축","sub":"국도 28호선 경관축","new":false,"lbl":"","note":"OSM ref 28 trunk","source":"2030 경주시 경관계획 재정비 (2025.04) §4.3 경관축 (T1) — 선형은 OSM (T4)"}},{"type":"Feature","geometry":{"type":"LineString","coordinates":[[129.1206785,35.986679],[129.1204047,35.9868741],[129.1198187,35.9872667],[129.1193611,35.987582],[129.1190013,35.9877867],[129.1183174,35.9880758],[129.1176284,35.9883071],[129.1167987,35.9885311],[129.116077,35.9886126],[129.1153421,35.9886457],[129.1147705,35.9886085],[129.1139692,35.9885094],[129.1129995,35.9882369],[129.1124228,35.9880469],[129.111887,35.9877661],[129.111385,35.9874635],[129.1110041,35.9871467],[129.1102947,35.9865025],[129.1095087,35.9855857],[129.1091668,35.9852223],[129.1086156,35.984735],[129.1081053,35.9844088],[129.1076817,35.9841403],[129.1069263,35.9838389],[129.1063888,35.983706],[129.1058903,35.9835828],[129.1054017,35.9835357],[129.1049746,35.9835505],[129.1044408,35.9835763],[129.1041861,35.9836031]]},"properties":{"axis":"도로경관축","sub":"국도 28호선 경관축","new":false,"lbl":"","note":"OSM ref 28 trunk","source":"2030 경주시 경관계획 재정비 (2025.04) §4.3 경관축 (T1) — 선형은 OSM (T4)"}},{"type":"Feature","geometry":{"type":"LineString","coordinates":[[129.1041861,35.9836031],[129.1039667,35.9836414]]},"properties":{"axis":"도로경관축","sub":"국도 28호선 경관축","new":false,"lbl":"","note":"OSM ref 28 trunk","source":"2030 경주시 경관계획 재정비 (2025.04) §4.3 경관축 (T1) — 선형은 OSM (T4)"}},{"type":"Feature","geometry":{"type":"LineString","coordinates":[[129.1467976,35.8251903],[129.145849,35.8243355]]},"properties":{"axis":"도로경관축","sub":"국도 7호선 경관축","new":false,"lbl":"","note":"OSM ref 7 trunk","source":"2030 경주시 경관계획 재정비 (2025.04) §4.3 경관축 (T1) — 선형은 OSM (T4)"}},{"type":"Feature","geometry":{"type":"LineString","coordinates":[[129.1461893,35.8242862],[129.1469533,35.8250451]]},"properties":{"axis":"도로경관축","sub":"국도 7호선 경관축","new":false,"lbl":"","note":"OSM ref 7 trunk","source":"2030 경주시 경관계획 재정비 (2025.04) §4.3 경관축 (T1) — 선형은 OSM (T4)"}},{"type":"Feature","geometry":{"type":"LineString","coordinates":[[129.0635289,35.7953543],[129.0637391,35.7956073],[129.0638214,35.7958791],[129.0638575,35.7962533],[129.0639131,35.7966654],[129.0640112,35.797169],[129.0642083,35.7980238],[129.0645639,35.7987215],[129.0647355,35.7990041],[129.06485,35.79928],[129.0648723,35.7993859],[129.0648884,35.7995251],[129.0649207,35.7998949],[129.0649621,35.8000494],[129.0650573,35.8002582],[129.065107,35.8004029],[129.0651208,35.800503],[129.0651646,35.8007956],[129.0652432,35.8009267],[129.0653671,35.8011023],[129.0654876,35.8012691],[129.0655745,35.8015089],[129.0656733,35.801902],[129.0657,35.80199],[129.0657846,35.802128],[129.0659183,35.8023368],[129.0660667,35.8025547],[129.0661858,35.8027745],[129.0662456,35.8029731],[129.0662485,35.8030678],[129.0662442,35.8032744],[129.0662154,35.8035526],[129.0662655,35.8037467],[129.0663837,35.8039988],[129.0665,35.80421],[129.0665251,35.80433],[129.0665238,35.804543],[129.0664843,35.8048853],[129.0664549,35.8050939],[129.0664199,35.8052964],[129.0663689,35.8054269],[129.0663179,35.8056926],[129.0663086,35.8058544],[129.0663742,35.8060274],[129.0664521,35.8061535],[129.0666127,35.8062906],[129.066786,35.8064591],[129.0668548,35.8065354],[129.0670145,35.8068806],[129.0671052,35.8070181],[129.067191,35.8071117],[129.0676236,35.8076252],[129.068282,35.8083954],[129.068563,35.8086332],[129.068863,35.8088947],[129.0690148,35.8091151],[129.0690699,35.8092749],[129.0691,35.80948],[129.0691477,35.8100395],[129.0691954,35.8102995],[129.069768,35.811578],[129.0702089,35.812497],[129.0703654,35.8127019],[129.0708827,35.8133192],[129.0710467,35.8135664],[129.0711638,35.8138422],[129.0711808,35.8139565],[129.0713559,35.8158285],[129.0714532,35.8161908],[129.071618,35.816506],[129.0717898,35.816772],[129.0722457,35.8174369],[129.0725217,35.8178726],[129.0726668,35.8182025],[129.0727698,35.8186187],[129.0728598,35.8189042],[129.073342,35.8197599],[129.0734848,35.8200033],[129.0735894,35.8202099],[129.0736978,35.8206213],[129.07375,35.82162],[129.0737744,35.8221965],[129.0737557,35.8227154],[129.073627,35.8231416],[129.0735288,35.8233655],[129.0734764,35.8234852],[129.0733183,35.8239665],[129.0732488,35.8242573],[129.0732675,35.8246465],[129.0732783,35.824814],[129.0732187,35.8250444],[129.0730664,35.8254121],[129.0729061,35.8257292],[129.0727687,35.8260297],[129.0727154,35.826263],[129.07282,35.82672],[129.0731151,35.8283309],[129.0733515,35.8291703],[129.0735371,35.8295682],[129.0736854,35.8297799],[129.0739195,35.8299582],[129.0753007,35.8306143],[129.0758702,35.8309417],[129.076034,35.8310925],[129.076159,35.8312076],[129.0762337,35.8312854],[129.0764036,35.8314622],[129.0769395,35.8321927],[129.0774234,35.8329178],[129.0782251,35.8343339],[129.0784388,35.8346803],[129.0785515,35.8348304],[129.0790866,35.8353753],[129.07935,35.83566],[129.0795949,35.835914],[129.0797639,35.8360894],[129.0801976,35.836443],[129.08165,35.8376],[129.0819763,35.8378373],[129.08286,35.83848],[129.0831437,35.8386524],[129.0832622,35.8387245],[129.0836295,35.838945],[129.0836907,35.8389758],[129.0849633,35.8396141],[129.0854529,35.8398279],[129.0859134,35.8400323],[129.0863191,35.8402213],[129.0873322,35.8406741],[129.0873624,35.8406876],[129.0879156,35.8409349],[129.088178,35.8410488],[129.0885204,35.8411955],[129.0890756,35.8414367]]},"properties":{"axis":"도로경관축","sub":"국도 20호선 경관축","new":false,"lbl":"","note":"OSM ref 20 primary","source":"2030 경주시 경관계획 재정비 (2025.04) §4.3 경관축 (T1) — 선형은 OSM (T4)"}},{"type":"Feature","geometry":{"type":"LineString","coordinates":[[129.0626612,35.7951338],[129.0631464,35.7951956],[129.0635289,35.7953543]]},"properties":{"axis":"도로경관축","sub":"국도 20호선 경관축","new":false,"lbl":"","note":"OSM ref 20 primary","source":"2030 경주시 경관계획 재정비 (2025.04) §4.3 경관축 (T1) — 선형은 OSM (T4)"}},{"type":"Feature","geometry":{"type":"LineString","coordinates":[[129.1469119,35.8176021],[129.1471071,35.8176016],[129.1475953,35.8176082],[129.1480177,35.817619],[129.1483928,35.8176368]]},"properties":{"axis":"도로경관축","sub":"경부고속도로 경관축","new":false,"lbl":"","note":"OSM ref 1 motorway","source":"2030 경주시 경관계획 재정비 (2025.04) §4.3 경관축 (T1) — 선형은 OSM (T4)"}},{"type":"Feature","geometry":{"type":"LineString","coordinates":[[129.1466739,35.8176076],[129.1469119,35.8176021]]},"properties":{"axis":"도로경관축","sub":"경부고속도로 경관축","new":false,"lbl":"","note":"OSM ref 1 motorway","source":"2030 경주시 경관계획 재정비 (2025.04) §4.3 경관축 (T1) — 선형은 OSM (T4)"}},{"type":"Feature","geometry":{"type":"LineString","coordinates":[[129.1484804,35.8177742],[129.1480467,35.8177566],[129.1476419,35.8177468],[129.1471537,35.8177389],[129.1469102,35.8177399]]},"properties":{"axis":"도로경관축","sub":"경부고속도로 경관축","new":false,"lbl":"","note":"OSM ref 1 motorway","source":"2030 경주시 경관계획 재정비 (2025.04) §4.3 경관축 (T1) — 선형은 OSM (T4)"}},{"type":"Feature","geometry":{"type":"LineString","coordinates":[[129.1469102,35.8177399],[129.1466667,35.8177409]]},"properties":{"axis":"도로경관축","sub":"경부고속도로 경관축","new":false,"lbl":"","note":"OSM ref 1 motorway","source":"2030 경주시 경관계획 재정비 (2025.04) §4.3 경관축 (T1) — 선형은 OSM (T4)"}},{"type":"Feature","geometry":{"type":"LineString","coordinates":[[129.2478027,35.9394012],[129.24779,35.9396],[129.2477378,35.9399215],[129.2474646,35.9410716],[129.2470921,35.942544],[129.2469843,35.9430169],[129.2468996,35.9434042],[129.2468317,35.9438719],[129.2468071,35.9441832],[129.2468006,35.9446784]]},"properties":{"axis":"도로경관축","sub":"국도 7호선 경관축","new":false,"lbl":"","note":"OSM ref 7 primary","source":"2030 경주시 경관계획 재정비 (2025.04) §4.3 경관축 (T1) — 선형은 OSM (T4)"}},{"type":"Feature","geometry":{"type":"LineString","coordinates":[[129.3217176,35.7783449],[129.3212599,35.7787552]]},"properties":{"axis":"도로경관축","sub":"국도 4호선 경관축","new":false,"lbl":"","note":"OSM ref 4 primary","source":"2030 경주시 경관계획 재정비 (2025.04) §4.3 경관축 (T1) — 선형은 OSM (T4)"}},{"type":"Feature","geometry":{"type":"LineString","coordinates":[[129.3220238,35.7781171],[129.3218333,35.7782614]]},"properties":{"axis":"도로경관축","sub":"국도 4호선 경관축","new":false,"lbl":"","note":"OSM ref 4 primary","source":"2030 경주시 경관계획 재정비 (2025.04) §4.3 경관축 (T1) — 선형은 OSM (T4)"}},{"type":"Feature","geometry":{"type":"LineString","coordinates":[[129.3601134,36.0521205],[129.3599944,36.0518918],[129.3589555,36.0508205],[129.3588696,36.0507147],[129.3587945,36.0506237]]},"properties":{"axis":"도로경관축","sub":"국도 7호선 경관축","new":false,"lbl":"","note":"OSM ref 7 primary","source":"2030 경주시 경관계획 재정비 (2025.04) §4.3 경관축 (T1) — 선형은 OSM (T4)"}},{"type":"Feature","geometry":{"type":"LineString","coordinates":[[129.3593519,36.0510527],[129.3598995,36.051666],[129.3600868,36.0518805],[129.3601935,36.0520346],[129.360277,36.0521794],[129.3603492,36.052313],[129.3603793,36.0523659],[129.3604255,36.0524469],[129.3604707,36.052534]]},"properties":{"axis":"도로경관축","sub":"국도 7호선 경관축","new":false,"lbl":"","note":"OSM ref 7 primary","source":"2030 경주시 경관계획 재정비 (2025.04) §4.3 경관축 (T1) — 선형은 OSM (T4)"}},{"type":"Feature","geometry":{"type":"LineString","coordinates":[[129.3641814,36.0410692],[129.3642333,36.0411491],[129.3643407,36.0413762],[129.3644012,36.0414997],[129.3644941,36.0417007],[129.3646818,36.0420979],[129.3647398,36.0422207],[129.3648533,36.0424608],[129.3650853,36.043]]},"properties":{"axis":"도로경관축","sub":"국도 20호선 경관축","new":false,"lbl":"","note":"OSM ref 20 tertiary","source":"2030 경주시 경관계획 재정비 (2025.04) §4.3 경관축 (T1) — 선형은 OSM (T4)"}},{"type":"Feature","geometry":{"type":"LineString","coordinates":[[129.28726,35.9953988],[129.2858316,35.994487]]},"properties":{"axis":"도로경관축","sub":"국도 7호선 경관축","new":false,"lbl":"","note":"OSM ref 7 trunk","source":"2030 경주시 경관계획 재정비 (2025.04) §4.3 경관축 (T1) — 선형은 OSM (T4)"}},{"type":"Feature","geometry":{"type":"LineString","coordinates":[[129.27902,35.98981],[129.2815196,35.9914544],[129.2822643,35.9919038]]},"properties":{"axis":"도로경관축","sub":"국도 7호선 경관축","new":false,"lbl":"","note":"OSM ref 7 trunk","source":"2030 경주시 경관계획 재정비 (2025.04) §4.3 경관축 (T1) — 선형은 OSM (T4)"}},{"type":"Feature","geometry":{"type":"LineString","coordinates":[[129.2830038,35.9928327],[129.2830171,35.9940497]]},"properties":{"axis":"도로경관축","sub":"국도 28호선 경관축","new":false,"lbl":"","note":"OSM ref 28 primary","source":"2030 경주시 경관계획 재정비 (2025.04) §4.3 경관축 (T1) — 선형은 OSM (T4)"}},{"type":"Feature","geometry":{"type":"LineString","coordinates":[[129.2842901,36.0057225],[129.2847007,36.0067735],[129.2849424,36.007363],[129.2854911,36.0086083],[129.2857263,36.0091954],[129.2859481,36.0097188],[129.2860406,36.009983],[129.2861207,36.0102821],[129.2861515,36.0105662],[129.2861884,36.0110148],[129.28617,36.0114285],[129.2860775,36.0118672],[129.2859642,36.0123859],[129.2856416,36.0134528]]},"properties":{"axis":"도로경관축","sub":"국도 28호선 경관축","new":false,"lbl":"","note":"OSM ref 28 primary","source":"2030 경주시 경관계획 재정비 (2025.04) §4.3 경관축 (T1) — 선형은 OSM (T4)"}},{"type":"Feature","geometry":{"type":"LineString","coordinates":[[129.3105672,35.9996721],[129.3131737,36.0007601]]},"properties":{"axis":"도로경관축","sub":"국도 7호선 경관축","new":false,"lbl":"","note":"OSM ref 7 trunk","source":"2030 경주시 경관계획 재정비 (2025.04) §4.3 경관축 (T1) — 선형은 OSM (T4)"}},{"type":"Feature","geometry":{"type":"LineString","coordinates":[[129.2856416,36.0134528],[129.2853793,36.0142875],[129.2851598,36.0150898],[129.2850765,36.015365],[129.2850504,36.0156048],[129.2850232,36.0160633],[129.2849983,36.0168055],[129.2849757,36.0174591],[129.2849715,36.0176768]]},"properties":{"axis":"도로경관축","sub":"국도 28호선 경관축","new":false,"lbl":"","note":"OSM ref 28 primary","source":"2030 경주시 경관계획 재정비 (2025.04) §4.3 경관축 (T1) — 선형은 OSM (T4)"}},{"type":"Feature","geometry":{"type":"LineString","coordinates":[[129.3784636,36.0592554],[129.3789484,36.0601147],[129.3790439,36.0602791],[129.379124,36.0604023],[129.379197,36.0605043],[129.3792717,36.0605983],[129.37936,36.0606983],[129.3794242,36.0607644],[129.3794807,36.0608225],[129.3796061,36.0609423],[129.3797442,36.0610726],[129.380292,36.0615571],[129.3806515,36.0618635]]},"properties":{"axis":"도로경관축","sub":"국도 20호선 경관축","new":false,"lbl":"","note":"OSM ref 20 primary","source":"2030 경주시 경관계획 재정비 (2025.04) §4.3 경관축 (T1) — 선형은 OSM (T4)"}},{"type":"Feature","geometry":{"type":"LineString","coordinates":[[129.3615365,36.0356879],[129.3615816,36.0357754],[129.362126,36.0368312],[129.3622099,36.0369939],[129.3622282,36.0370232],[129.3622464,36.0370525],[129.3625274,36.0376016],[129.3625626,36.0376858],[129.3627841,36.038108],[129.362931,36.0384508],[129.3629882,36.0385477],[129.3630699,36.0386863]]},"properties":{"axis":"도로경관축","sub":"국도 20호선 경관축","new":false,"lbl":"","note":"OSM ref 20 secondary","source":"2030 경주시 경관계획 재정비 (2025.04) §4.3 경관축 (T1) — 선형은 OSM (T4)"}},{"type":"Feature","geometry":{"type":"LineString","coordinates":[[129.3129551,36.0008002],[129.3105213,35.9997387]]},"properties":{"axis":"도로경관축","sub":"국도 7호선 경관축","new":false,"lbl":"","note":"OSM ref 7 trunk","source":"2030 경주시 경관계획 재정비 (2025.04) §4.3 경관축 (T1) — 선형은 OSM (T4)"}},{"type":"Feature","geometry":{"type":"LineString","coordinates":[[129.3422018,36.0111018],[129.342542,36.0115017]]},"properties":{"axis":"도로경관축","sub":"국도 7호선 경관축","new":false,"lbl":"","note":"OSM ref 7 primary","source":"2030 경주시 경관계획 재정비 (2025.04) §4.3 경관축 (T1) — 선형은 OSM (T4)"}},{"type":"Feature","geometry":{"type":"LineString","coordinates":[[129.2858316,35.994487],[129.2847042,35.9937439],[129.2846013,35.9936709]]},"properties":{"axis":"도로경관축","sub":"국도 7호선 경관축","new":false,"lbl":"","note":"OSM ref 7 trunk","source":"2030 경주시 경관계획 재정비 (2025.04) §4.3 경관축 (T1) — 선형은 OSM (T4)"}},{"type":"Feature","geometry":{"type":"LineString","coordinates":[[129.2862655,35.9946211],[129.2870639,35.9950837],[129.2874008,35.9952662]]},"properties":{"axis":"도로경관축","sub":"국도 7호선 경관축","new":false,"lbl":"","note":"OSM ref 7 trunk","source":"2030 경주시 경관계획 재정비 (2025.04) §4.3 경관축 (T1) — 선형은 OSM (T4)"}},{"type":"Feature","geometry":{"type":"LineString","coordinates":[[129.2775444,35.9889347],[129.2763256,35.9881007],[129.275559,35.987652]]},"properties":{"axis":"도로경관축","sub":"국도 7호선 경관축","new":false,"lbl":"","note":"OSM ref 7;28 trunk","source":"2030 경주시 경관계획 재정비 (2025.04) §4.3 경관축 (T1) — 선형은 OSM (T4)"}},{"type":"Feature","geometry":{"type":"LineString","coordinates":[[129.2776775,35.9888603],[129.27902,35.98981]]},"properties":{"axis":"도로경관축","sub":"국도 7호선 경관축","new":false,"lbl":"","note":"OSM ref 7;28 trunk","source":"2030 경주시 경관계획 재정비 (2025.04) §4.3 경관축 (T1) — 선형은 OSM (T4)"}},{"type":"Feature","geometry":{"type":"LineString","coordinates":[[129.27216,35.98529],[129.2728267,35.9857328],[129.2734545,35.9861497]]},"properties":{"axis":"도로경관축","sub":"국도 7호선 경관축","new":false,"lbl":"","note":"OSM ref 7;28 trunk","source":"2030 경주시 경관계획 재정비 (2025.04) §4.3 경관축 (T1) — 선형은 OSM (T4)"}},{"type":"Feature","geometry":{"type":"LineString","coordinates":[[129.2732401,35.9861637],[129.2724117,35.98565]]},"properties":{"axis":"도로경관축","sub":"국도 7호선 경관축","new":false,"lbl":"","note":"OSM ref 7;28 trunk","source":"2030 경주시 경관계획 재정비 (2025.04) §4.3 경관축 (T1) — 선형은 OSM (T4)"}},{"type":"Feature","geometry":{"type":"LineString","coordinates":[[129.2429441,35.9895197],[129.2422616,35.9896138],[129.2401483,35.9899169],[129.2390297,35.9900844]]},"properties":{"axis":"도로경관축","sub":"국도 28호선 경관축","new":false,"lbl":"","note":"OSM ref 28 trunk","source":"2030 경주시 경관계획 재정비 (2025.04) §4.3 경관축 (T1) — 선형은 OSM (T4)"}},{"type":"Feature","geometry":{"type":"LineString","coordinates":[[129.2389622,35.990029],[129.2429029,35.9894407]]},"properties":{"axis":"도로경관축","sub":"국도 28호선 경관축","new":false,"lbl":"","note":"OSM ref 28 trunk","source":"2030 경주시 경관계획 재정비 (2025.04) §4.3 경관축 (T1) — 선형은 OSM (T4)"}},{"type":"Feature","geometry":{"type":"LineString","coordinates":[[129.2277159,35.9985896],[129.2272638,35.9986804],[129.2268116,35.998732],[129.225443,35.9987393],[129.224214,35.9987357],[129.2229668,35.998732],[129.2223326,35.9987713],[129.2218956,35.9988302],[129.2211703,35.9989603],[129.2207728,35.9990462],[129.2203146,35.9991665],[129.2197016,35.999358],[129.2189915,35.9995888],[129.2185849,35.9997091],[129.2178991,35.999849],[129.2172739,35.9999521],[129.2166549,35.9999791],[129.2160631,35.999989],[129.2125491,35.99966],[129.2088712,35.9992868],[129.2079851,35.9991518],[129.2069655,35.9989038],[129.202274,35.9974897],[129.2016725,35.9972985],[129.2010177,35.9971141],[129.2008034,35.9970875]]},"properties":{"axis":"도로경관축","sub":"국도 28호선 경관축","new":false,"lbl":"","note":"OSM ref 28 trunk","source":"2030 경주시 경관계획 재정비 (2025.04) §4.3 경관축 (T1) — 선형은 OSM (T4)"}},{"type":"Feature","geometry":{"type":"LineString","coordinates":[[129.1843588,35.9970618],[129.18494,35.99733],[129.1856169,35.9974964],[129.18612,35.99762],[129.1867359,35.9977065],[129.1876106,35.9978293],[129.1879,35.99787],[129.1880784,35.9978897],[129.1886322,35.997936],[129.1894483,35.9980311],[129.1898,35.99808],[129.19045,35.99814],[129.192028,35.9981126],[129.1932052,35.9979407],[129.1954409,35.9976476]]},"properties":{"axis":"도로경관축","sub":"국도 28호선 경관축","new":false,"lbl":"","note":"OSM ref 28 trunk","source":"2030 경주시 경관계획 재정비 (2025.04) §4.3 경관축 (T1) — 선형은 OSM (T4)"}},{"type":"Feature","geometry":{"type":"LineString","coordinates":[[129.2008034,35.9970875],[129.2005625,35.9970576],[129.2001498,35.9970601],[129.1998434,35.997065],[129.1989694,35.9971705],[129.1978071,35.9973611],[129.1960438,35.9976493]]},"properties":{"axis":"도로경관축","sub":"국도 28호선 경관축","new":false,"lbl":"","note":"OSM ref 28 trunk","source":"2030 경주시 경관계획 재정비 (2025.04) §4.3 경관축 (T1) — 선형은 OSM (T4)"}},{"type":"Feature","geometry":{"type":"LineString","coordinates":[[129.1960438,35.9976493],[129.1954899,35.9977258]]},"properties":{"axis":"도로경관축","sub":"국도 28호선 경관축","new":false,"lbl":"","note":"OSM ref 28 trunk","source":"2030 경주시 경관계획 재정비 (2025.04) §4.3 경관축 (T1) — 선형은 OSM (T4)"}},{"type":"Feature","geometry":{"type":"LineString","coordinates":[[129.1954409,35.9976476],[129.1957281,35.9976091],[129.1960266,35.997569],[129.1977989,35.9972874],[129.1990339,35.9970822],[129.1999228,35.9969812]]},"properties":{"axis":"도로경관축","sub":"국도 28호선 경관축","new":false,"lbl":"","note":"OSM ref 28 trunk","source":"2030 경주시 경관계획 재정비 (2025.04) §4.3 경관축 (T1) — 선형은 OSM (T4)"}},{"type":"Feature","geometry":{"type":"LineString","coordinates":[[129.3650853,36.043],[129.3652884,36.0434238]]},"properties":{"axis":"도로경관축","sub":"국도 20호선 경관축","new":false,"lbl":"","note":"OSM ref 20 tertiary","source":"2030 경주시 경관계획 재정비 (2025.04) §4.3 경관축 (T1) — 선형은 OSM (T4)"}},{"type":"Feature","geometry":{"type":"LineString","coordinates":[[129.3604707,36.052534],[129.3603852,36.0526027]]},"properties":{"axis":"도로경관축","sub":"국도 7호선 경관축","new":false,"lbl":"","note":"OSM ref 7 primary","source":"2030 경주시 경관계획 재정비 (2025.04) §4.3 경관축 (T1) — 선형은 OSM (T4)"}},{"type":"Feature","geometry":{"type":"LineString","coordinates":[[129.360315,36.0525162],[129.3602606,36.0524338],[129.3601134,36.0521205]]},"properties":{"axis":"도로경관축","sub":"국도 7호선 경관축","new":false,"lbl":"","note":"OSM ref 7 primary","source":"2030 경주시 경관계획 재정비 (2025.04) §4.3 경관축 (T1) — 선형은 OSM (T4)"}},{"type":"Feature","geometry":{"type":"LineString","coordinates":[[129.3598505,36.0528537],[129.3601824,36.0526061],[129.3602025,36.052596],[129.360315,36.0525162]]},"properties":{"axis":"도로경관축","sub":"국도 7호선 경관축","new":false,"lbl":"","note":"OSM ref 7 primary","source":"2030 경주시 경관계획 재정비 (2025.04) §4.3 경관축 (T1) — 선형은 OSM (T4)"}},{"type":"Feature","geometry":{"type":"LineString","coordinates":[[129.3582376,36.054016],[129.3587036,36.0536675],[129.3596359,36.0530171],[129.3596908,36.0529704],[129.3598505,36.0528537]]},"properties":{"axis":"도로경관축","sub":"국도 7호선 경관축","new":false,"lbl":"","note":"OSM ref 7 primary","source":"2030 경주시 경관계획 재정비 (2025.04) §4.3 경관축 (T1) — 선형은 OSM (T4)"}},{"type":"Feature","geometry":{"type":"LineString","coordinates":[[129.3583591,36.0541376],[129.3582375,36.0542333],[129.3570639,36.055157],[129.3561007,36.0561947],[129.3559489,36.0563881],[129.3558557,36.0565125]]},"properties":{"axis":"도로경관축","sub":"국도 7호선 경관축","new":false,"lbl":"","note":"OSM ref 7 primary","source":"2030 경주시 경관계획 재정비 (2025.04) §4.3 경관축 (T1) — 선형은 OSM (T4)"}},{"type":"Feature","geometry":{"type":"LineString","coordinates":[[129.3603852,36.0526027],[129.3602722,36.0526873],[129.3601704,36.0527908],[129.3599474,36.0529689],[129.359692,36.053125],[129.3588239,36.0537636],[129.3583591,36.0541376]]},"properties":{"axis":"도로경관축","sub":"국도 7호선 경관축","new":false,"lbl":"","note":"OSM ref 7 primary","source":"2030 경주시 경관계획 재정비 (2025.04) §4.3 경관축 (T1) — 선형은 OSM (T4)"}},{"type":"Feature","geometry":{"type":"LineString","coordinates":[[129.3675923,36.0427183],[129.3683289,36.0439875]]},"properties":{"axis":"도로경관축","sub":"국도 20호선 경관축","new":false,"lbl":"","note":"OSM ref 20 primary","source":"2030 경주시 경관계획 재정비 (2025.04) §4.3 경관축 (T1) — 선형은 OSM (T4)"}},{"type":"Feature","geometry":{"type":"LineString","coordinates":[[129.3583857,36.0457848],[129.3581587,36.0471489],[129.3580782,36.0480511],[129.3581853,36.0488139],[129.3582862,36.049175],[129.3585732,36.0498516],[129.3587074,36.0501737]]},"properties":{"axis":"도로경관축","sub":"국도 7호선 경관축","new":false,"lbl":"","note":"OSM ref 7 primary","source":"2030 경주시 경관계획 재정비 (2025.04) §4.3 경관축 (T1) — 선형은 OSM (T4)"}},{"type":"Feature","geometry":{"type":"LineString","coordinates":[[129.3587945,36.0506237],[129.3585867,36.0502919],[129.3583023,36.049767],[129.3581467,36.049381],[129.3579939,36.0488475],[129.3579402,36.048056],[129.3579965,36.0472211],[129.3581453,36.0462741]]},"properties":{"axis":"도로경관축","sub":"국도 7호선 경관축","new":false,"lbl":"","note":"OSM ref 7 primary","source":"2030 경주시 경관계획 재정비 (2025.04) §4.3 경관축 (T1) — 선형은 OSM (T4)"}},{"type":"Feature","geometry":{"type":"LineString","coordinates":[[129.3510253,36.0226242],[129.3511528,36.0227788],[129.3512421,36.0228899],[129.3512893,36.0229486],[129.3516824,36.0234376],[129.3521015,36.0239973],[129.3522216,36.0241741],[129.3522539,36.0242216],[129.3523417,36.0243509]]},"properties":{"axis":"도로경관축","sub":"국도 7호선 경관축","new":false,"lbl":"","note":"OSM ref 7 primary","source":"2030 경주시 경관계획 재정비 (2025.04) §4.3 경관축 (T1) — 선형은 OSM (T4)"}},{"type":"Feature","geometry":{"type":"LineString","coordinates":[[129.3521974,36.0244316],[129.3520928,36.0242819],[129.3519316,36.0240514],[129.3518833,36.0239869],[129.3515125,36.0234917],[129.351161,36.0230544],[129.3511387,36.0230267],[129.3510919,36.0229685]]},"properties":{"axis":"도로경관축","sub":"국도 7호선 경관축","new":false,"lbl":"","note":"OSM ref 7 primary","source":"2030 경주시 경관계획 재정비 (2025.04) §4.3 경관축 (T1) — 선형은 OSM (T4)"}},{"type":"Feature","geometry":{"type":"LineString","coordinates":[[129.3450747,36.015197],[129.3440502,36.0138246],[129.3437522,36.0134255],[129.3432982,36.012799],[129.3432212,36.0126856],[129.3431128,36.0125618]]},"properties":{"axis":"도로경관축","sub":"국도 7호선 경관축","new":false,"lbl":"","note":"OSM ref 7 primary","source":"2030 경주시 경관계획 재정비 (2025.04) §4.3 경관축 (T1) — 선형은 OSM (T4)"}},{"type":"Feature","geometry":{"type":"LineString","coordinates":[[129.3432708,36.0124489],[129.3434099,36.0126402],[129.3434585,36.0127164],[129.3434795,36.0127495],[129.3439355,36.0133844],[129.3440667,36.0135599],[129.3447785,36.0145115],[129.3450986,36.0149396],[129.3452322,36.0151182],[129.3456938,36.0157164],[129.34631,36.0166001],[129.3463793,36.0166775]]},"properties":{"axis":"도로경관축","sub":"국도 7호선 경관축","new":false,"lbl":"","note":"OSM ref 7 primary","source":"2030 경주시 경관계획 재정비 (2025.04) §4.3 경관축 (T1) — 선형은 OSM (T4)"}},{"type":"Feature","geometry":{"type":"LineString","coordinates":[[129.3510919,36.0229685],[129.3509829,36.0228329],[129.3508596,36.0226834],[129.3503673,36.0220866],[129.3500225,36.0216567],[129.3498124,36.0213947],[129.3497589,36.021328],[129.349641,36.021181],[129.3495656,36.0210872],[129.3495363,36.0210506],[129.3494887,36.0209912],[129.3494671,36.0209643],[129.3490984,36.0205062],[129.3490619,36.0204608],[129.3484382,36.0196649],[129.3482488,36.0194078],[129.3480292,36.0191097]]},"properties":{"axis":"도로경관축","sub":"국도 7호선 경관축","new":false,"lbl":"","note":"OSM ref 7 primary","source":"2030 경주시 경관계획 재정비 (2025.04) §4.3 경관축 (T1) — 선형은 OSM (T4)"}},{"type":"Feature","geometry":{"type":"LineString","coordinates":[[129.3632907,35.9866018],[129.3637256,35.9863624]]},"properties":{"axis":"도로경관축","sub":"국도 20호선 경관축","new":false,"lbl":"","note":"OSM ref 20 primary","source":"2030 경주시 경관계획 재정비 (2025.04) §4.3 경관축 (T1) — 선형은 OSM (T4)"}},{"type":"Feature","geometry":{"type":"LineString","coordinates":[[129.3589575,36.050604],[129.3593519,36.0510527]]},"properties":{"axis":"도로경관축","sub":"국도 7호선 경관축","new":false,"lbl":"","note":"OSM ref 7 primary","source":"2030 경주시 경관계획 재정비 (2025.04) §4.3 경관축 (T1) — 선형은 OSM (T4)"}},{"type":"Feature","geometry":{"type":"LineString","coordinates":[[129.3463793,36.0166775],[129.3470767,36.0176344],[129.3477056,36.0184344],[129.3477914,36.0185587],[129.3479393,36.0187675],[129.3480176,36.0188805],[129.3481487,36.0190485]]},"properties":{"axis":"도로경관축","sub":"국도 7호선 경관축","new":false,"lbl":"","note":"OSM ref 7 primary","source":"2030 경주시 경관계획 재정비 (2025.04) §4.3 경관축 (T1) — 선형은 OSM (T4)"}},{"type":"Feature","geometry":{"type":"LineString","coordinates":[[129.3652884,36.0434238],[129.3654121,36.0436728]]},"properties":{"axis":"도로경관축","sub":"국도 20호선 경관축","new":false,"lbl":"","note":"OSM ref 20 tertiary","source":"2030 경주시 경관계획 재정비 (2025.04) §4.3 경관축 (T1) — 선형은 OSM (T4)"}},{"type":"Feature","geometry":{"type":"LineString","coordinates":[[129.3630699,36.0386863],[129.3631714,36.0388597],[129.3632729,36.039033],[129.3634434,36.0394584],[129.3637555,36.0401924],[129.3638841,36.040493],[129.36405,36.0408499],[129.3641386,36.0409868]]},"properties":{"axis":"도로경관축","sub":"국도 20호선 경관축","new":false,"lbl":"","note":"OSM ref 20 tertiary","source":"2030 경주시 경관계획 재정비 (2025.04) §4.3 경관축 (T1) — 선형은 OSM (T4)"}},{"type":"Feature","geometry":{"type":"LineString","coordinates":[[129.2172358,35.8408641],[129.2172514,35.8408005],[129.2173126,35.8405647],[129.2174308,35.8401721]]},"properties":{"axis":"도로경관축","sub":"국도 4호선 경관축","new":false,"lbl":"","note":"OSM ref 4 primary","source":"2030 경주시 경관계획 재정비 (2025.04) §4.3 경관축 (T1) — 선형은 OSM (T4)"}},{"type":"Feature","geometry":{"type":"LineString","coordinates":[[129.2168122,35.840904],[129.2169437,35.840887],[129.2171401,35.840863],[129.21715,35.8408618],[129.2172358,35.8408641]]},"properties":{"axis":"도로경관축","sub":"국도 4호선 경관축","new":false,"lbl":"","note":"OSM ref 4 primary","source":"2030 경주시 경관계획 재정비 (2025.04) §4.3 경관축 (T1) — 선형은 OSM (T4)"}},{"type":"Feature","geometry":{"type":"LineString","coordinates":[[129.202658,35.838338],[129.2028557,35.83837],[129.2030664,35.8384041]]},"properties":{"axis":"도로경관축","sub":"국도 4호선 경관축","new":false,"lbl":"","note":"OSM ref 4;35 primary","source":"2030 경주시 경관계획 재정비 (2025.04) §4.3 경관축 (T1) — 선형은 OSM (T4)"}},{"type":"Feature","geometry":{"type":"LineString","coordinates":[[129.2457415,35.9380123],[129.2456801,35.9380008]]},"properties":{"axis":"도로경관축","sub":"국도 20호선 경관축","new":false,"lbl":"","note":"OSM ref 20 trunk","source":"2030 경주시 경관계획 재정비 (2025.04) §4.3 경관축 (T1) — 선형은 OSM (T4)"}},{"type":"Feature","geometry":{"type":"LineString","coordinates":[[129.3449775,35.967853],[129.3451976,35.9679348],[129.3461855,35.9682158],[129.3477878,35.9686712]]},"properties":{"axis":"도로경관축","sub":"국도 20호선 경관축","new":false,"lbl":"","note":"OSM ref 20 trunk","source":"2030 경주시 경관계획 재정비 (2025.04) §4.3 경관축 (T1) — 선형은 OSM (T4)"}},{"type":"Feature","geometry":{"type":"LineString","coordinates":[[129.3616885,35.9738365],[129.3627141,35.9742625]]},"properties":{"axis":"도로경관축","sub":"국도 20호선 경관축","new":false,"lbl":"","note":"OSM ref 20 trunk","source":"2030 경주시 경관계획 재정비 (2025.04) §4.3 경관축 (T1) — 선형은 OSM (T4)"}},{"type":"Feature","geometry":{"type":"LineString","coordinates":[[129.3614492,36.0355791],[129.3615365,36.0356879]]},"properties":{"axis":"도로경관축","sub":"국도 20호선 경관축","new":false,"lbl":"","note":"OSM ref 20 secondary","source":"2030 경주시 경관계획 재정비 (2025.04) §4.3 경관축 (T1) — 선형은 OSM (T4)"}},{"type":"Feature","geometry":{"type":"LineString","coordinates":[[129.3641386,36.0409868],[129.3641814,36.0410692]]},"properties":{"axis":"도로경관축","sub":"국도 20호선 경관축","new":false,"lbl":"","note":"OSM ref 20 tertiary","source":"2030 경주시 경관계획 재정비 (2025.04) §4.3 경관축 (T1) — 선형은 OSM (T4)"}},{"type":"Feature","geometry":{"type":"LineString","coordinates":[[129.2997653,36.0270535],[129.3007857,36.0274198],[129.3012603,36.0276001]]},"properties":{"axis":"도로경관축","sub":"국도 28호선 경관축","new":false,"lbl":"","note":"OSM ref 28 primary","source":"2030 경주시 경관계획 재정비 (2025.04) §4.3 경관축 (T1) — 선형은 OSM (T4)"}},{"type":"Feature","geometry":{"type":"LineString","coordinates":[[129.3805325,36.0345708],[129.380452,36.0346983],[129.379856,36.0356404],[129.3794056,36.0363523],[129.3793025,36.0365279],[129.379253,36.0366184],[129.3792146,36.0366887],[129.3791458,36.036819],[129.3790686,36.0369771],[129.3784623,36.0383189],[129.3782593,36.038768],[129.3777033,36.0399986],[129.3776819,36.040046],[129.3776543,36.040107]]},"properties":{"axis":"도로경관축","sub":"국도 20호선 경관축","new":false,"lbl":"","note":"OSM ref 20 primary","source":"2030 경주시 경관계획 재정비 (2025.04) §4.3 경관축 (T1) — 선형은 OSM (T4)"}},{"type":"Feature","geometry":{"type":"LineString","coordinates":[[129.3557291,36.0289523],[129.3558573,36.029051],[129.3561262,36.0292785],[129.3563621,36.0294695],[129.3568166,36.0298557],[129.3568464,36.0298811],[129.3570081,36.0300481],[129.3570211,36.0300616],[129.357411,36.0303621],[129.3578571,36.0307816],[129.3579454,36.0309046],[129.3579885,36.0309729],[129.3580526,36.0311085],[129.3583134,36.0314396],[129.3584026,36.0315529]]},"properties":{"axis":"도로경관축","sub":"국도 20호선 경관축","new":false,"lbl":"","note":"OSM ref 20 secondary","source":"2030 경주시 경관계획 재정비 (2025.04) §4.3 경관축 (T1) — 선형은 OSM (T4)"}},{"type":"Feature","geometry":{"type":"LineString","coordinates":[[129.3587074,36.0501737],[129.3588403,36.0504442],[129.3589575,36.050604]]},"properties":{"axis":"도로경관축","sub":"국도 7호선 경관축","new":false,"lbl":"","note":"OSM ref 7 primary","source":"2030 경주시 경관계획 재정비 (2025.04) §4.3 경관축 (T1) — 선형은 OSM (T4)"}},{"type":"Feature","geometry":{"type":"LineString","coordinates":[[129.3190644,36.0545117],[129.3190739,36.0547865]]},"properties":{"axis":"도로경관축","sub":"국도 28호선 경관축","new":false,"lbl":"","note":"OSM ref 28 primary","source":"2030 경주시 경관계획 재정비 (2025.04) §4.3 경관축 (T1) — 선형은 OSM (T4)"}},{"type":"Feature","geometry":{"type":"LineString","coordinates":[[129.3429889,35.6542849],[129.3429661,35.6543599]]},"properties":{"axis":"도로경관축","sub":"국도 7호선 경관축","new":false,"lbl":"","note":"OSM ref 7 primary","source":"2030 경주시 경관계획 재정비 (2025.04) §4.3 경관축 (T1) — 선형은 OSM (T4)"}},{"type":"Feature","geometry":{"type":"LineString","coordinates":[[129.2217591,35.8358487],[129.2218783,35.835869],[129.2220551,35.8359416],[129.2221779,35.8360277],[129.2222155,35.8360582]]},"properties":{"axis":"도로경관축","sub":"국도 4호선 경관축","new":false,"lbl":"","note":"OSM ref 4 primary","source":"2030 경주시 경관계획 재정비 (2025.04) §4.3 경관축 (T1) — 선형은 OSM (T4)"}},{"type":"Feature","geometry":{"type":"LineString","coordinates":[[129.3185651,35.7855226],[129.3190993,35.7855465]]},"properties":{"axis":"도로경관축","sub":"국도 4호선 경관축","new":false,"lbl":"","note":"OSM ref 4 primary","source":"2030 경주시 경관계획 재정비 (2025.04) §4.3 경관축 (T1) — 선형은 OSM (T4)"}},{"type":"Feature","geometry":{"type":"LineString","coordinates":[[129.3185651,35.7855226],[129.318544,35.7857191],[129.3185167,35.7860071],[129.3183981,35.7862735]]},"properties":{"axis":"도로경관축","sub":"국도 4호선 경관축","new":false,"lbl":"","note":"OSM ref 4 primary","source":"2030 경주시 경관계획 재정비 (2025.04) §4.3 경관축 (T1) — 선형은 OSM (T4)"}},{"type":"Feature","geometry":{"type":"LineString","coordinates":[[129.2994595,35.831365],[129.3000038,35.83139],[129.3000727,35.8313984],[129.3002006,35.831414],[129.3002708,35.8314225]]},"properties":{"axis":"도로경관축","sub":"동해바다로(경감로) 자전거도로 경관축","new":false,"lbl":"","note":"자전거도로 경관축","source":"2030 경주시 경관계획 재정비 (2025.04) §4.3 경관축 (T1) — 선형은 OSM (T4)"}},{"type":"Feature","geometry":{"type":"LineString","coordinates":[[129.3002708,35.8314225],[129.3004206,35.8312986],[129.3004272,35.8312932],[129.3005689,35.8311917],[129.3007703,35.8310772],[129.3009078,35.831004]]},"properties":{"axis":"도로경관축","sub":"국도 4호선 경관축","new":false,"lbl":"","note":"OSM ref 4 primary","source":"2030 경주시 경관계획 재정비 (2025.04) §4.3 경관축 (T1) — 선형은 OSM (T4)"}},{"type":"Feature","geometry":{"type":"LineString","coordinates":[[129.2333337,35.8420849],[129.2335062,35.8423539]]},"properties":{"axis":"도로경관축","sub":"국도 4호선 경관축","new":false,"lbl":"","note":"OSM ref 4 primary","source":"2030 경주시 경관계획 재정비 (2025.04) §4.3 경관축 (T1) — 선형은 OSM (T4)"}},{"type":"Feature","geometry":{"type":"LineString","coordinates":[[129.2335062,35.8423539],[129.2339235,35.8421993]]},"properties":{"axis":"도로경관축","sub":"국도 4호선 경관축","new":false,"lbl":"","note":"OSM ref 4 primary","source":"2030 경주시 경관계획 재정비 (2025.04) §4.3 경관축 (T1) — 선형은 OSM (T4)"}},{"type":"Feature","geometry":{"type":"LineString","coordinates":[[129.2444139,35.8397513],[129.2449128,35.8399209],[129.2454063,35.8401209],[129.2463739,35.8405963],[129.2465305,35.8406732],[129.2466735,35.8407448]]},"properties":{"axis":"도로경관축","sub":"동해바다로(경감로) 자전거도로 경관축","new":false,"lbl":"","note":"자전거도로 경관축","source":"2030 경주시 경관계획 재정비 (2025.04) §4.3 경관축 (T1) — 선형은 OSM (T4)"}},{"type":"Feature","geometry":{"type":"LineString","coordinates":[[129.2364842,35.8413918],[129.2365318,35.8413766]]},"properties":{"axis":"도로경관축","sub":"국도 4호선 경관축","new":false,"lbl":"","note":"OSM ref 4 primary","source":"2030 경주시 경관계획 재정비 (2025.04) §4.3 경관축 (T1) — 선형은 OSM (T4)"}},{"type":"Feature","geometry":{"type":"LineString","coordinates":[[129.2066579,35.8389731],[129.2070605,35.8390395]]},"properties":{"axis":"도로경관축","sub":"국도 4호선 경관축","new":false,"lbl":"","note":"OSM ref 4;35 primary","source":"2030 경주시 경관계획 재정비 (2025.04) §4.3 경관축 (T1) — 선형은 OSM (T4)"}},{"type":"Feature","geometry":{"type":"LineString","coordinates":[[129.2214963,35.835996],[129.2217591,35.8358487]]},"properties":{"axis":"도로경관축","sub":"국도 4호선 경관축","new":false,"lbl":"","note":"OSM ref 4 primary","source":"2030 경주시 경관계획 재정비 (2025.04) §4.3 경관축 (T1) — 선형은 OSM (T4)"}},{"type":"Feature","geometry":{"type":"LineString","coordinates":[[129.3914862,35.9279532],[129.3917427,35.9276695],[129.3921224,35.9272321],[129.3924586,35.9268168],[129.3927686,35.9264114],[129.3931333,35.9259104],[129.3934791,35.9253711]]},"properties":{"axis":"도로경관축","sub":"울산-포항고속도로 경관축","new":false,"lbl":"","note":"OSM ref 65 motorway","source":"2030 경주시 경관계획 재정비 (2025.04) §4.3 경관축 (T1) — 선형은 OSM (T4)"}},{"type":"Feature","geometry":{"type":"LineString","coordinates":[[129.3935671,35.9254035],[129.3932315,35.925916],[129.3928481,35.9264597],[129.3924532,35.9269807],[129.3921384,35.9273607],[129.391595,35.9279836]]},"properties":{"axis":"도로경관축","sub":"울산-포항고속도로 경관축","new":false,"lbl":"","note":"OSM ref 65 motorway","source":"2030 경주시 경관계획 재정비 (2025.04) §4.3 경관축 (T1) — 선형은 OSM (T4)"}},{"type":"Feature","geometry":{"type":"LineString","coordinates":[[129.3824752,36.031924],[129.3824501,36.0320152],[129.382417,36.0320878],[129.382376,36.032165],[129.3823155,36.0322552],[129.380969,36.0339555],[129.3808404,36.0341227],[129.3807252,36.0342828],[129.380624,36.0344336],[129.3805325,36.0345708]]},"properties":{"axis":"도로경관축","sub":"국도 20호선 경관축","new":false,"lbl":"","note":"OSM ref 20 primary","source":"2030 경주시 경관계획 재정비 (2025.04) §4.3 경관축 (T1) — 선형은 OSM (T4)"}},{"type":"Feature","geometry":{"type":"LineString","coordinates":[[129.2479456,35.9717784],[129.2479577,35.9721026],[129.2479722,35.9723812]]},"properties":{"axis":"도로경관축","sub":"국도 7호선 경관축","new":false,"lbl":"","note":"OSM ref 7 primary","source":"2030 경주시 경관계획 재정비 (2025.04) §4.3 경관축 (T1) — 선형은 OSM (T4)"}},{"type":"Feature","geometry":{"type":"LineString","coordinates":[[129.2478068,35.9704613],[129.24789,35.97095],[129.2479312,35.9716535],[129.2479456,35.9717784]]},"properties":{"axis":"도로경관축","sub":"국도 7호선 경관축","new":false,"lbl":"","note":"OSM ref 7 primary","source":"2030 경주시 경관계획 재정비 (2025.04) §4.3 경관축 (T1) — 선형은 OSM (T4)"}},{"type":"Feature","geometry":{"type":"LineString","coordinates":[[129.2479722,35.9723812],[129.2479867,35.9724789],[129.2480383,35.9728722],[129.2481068,35.9733103],[129.2481183,35.973724],[129.2481479,35.9739689],[129.2481862,35.9744272],[129.2482341,35.9750732],[129.2482487,35.9754353],[129.2483445,35.9763974],[129.2484356,35.9767543],[129.2485156,35.97722],[129.2486456,35.9778513],[129.2487493,35.9783655],[129.2488734,35.9788188],[129.2489144,35.9790486],[129.2489734,35.97943],[129.2490434,35.97972],[129.2490934,35.97993],[129.2491434,35.98015],[129.2491934,35.98031],[129.2492934,35.98082],[129.2494434,35.98133],[129.2495234,35.981597],[129.2496234,35.981847],[129.2497634,35.982197],[129.2498434,35.982357],[129.2500434,35.982717],[129.2502734,35.983157],[129.2504034,35.983357],[129.2506034,35.983707],[129.2507122,35.9839875],[129.2510524,35.9844451],[129.2512924,35.9846951],[129.2514924,35.9848751],[129.2515284,35.9848984],[129.2518324,35.9850951],[129.2521024,35.9852151],[129.2524524,35.9853451],[129.2526524,35.9854051],[129.2528924,35.9854551],[129.2532924,35.9854951],[129.2538024,35.9854851],[129.2539724,35.9854751],[129.2542224,35.9854351],[129.2545124,35.9853251],[129.2547424,35.9852451],[129.2549224,35.9851451],[129.2550924,35.9850551],[129.25544,35.98477],[129.25574,35.98454],[129.25598,35.98434],[129.25617,35.98416],[129.25662,35.98378],[129.25699,35.98346],[129.25728,35.98323],[129.25768,35.98289],[129.25795,35.98268],[129.25807,35.98257],[129.25831,35.98239],[129.25848,35.98225],[129.2588293,35.9819546]]},"properties":{"axis":"도로경관축","sub":"국도 7호선 경관축","new":false,"lbl":"","note":"OSM ref 7 primary","source":"2030 경주시 경관계획 재정비 (2025.04) §4.3 경관축 (T1) — 선형은 OSM (T4)"}},{"type":"Feature","geometry":{"type":"LineString","coordinates":[[129.2070605,35.8390395],[129.2071277,35.8390506]]},"properties":{"axis":"도로경관축","sub":"국도 4호선 경관축","new":false,"lbl":"","note":"OSM ref 4;35 primary","source":"2030 경주시 경관계획 재정비 (2025.04) §4.3 경관축 (T1) — 선형은 OSM (T4)"}},{"type":"Feature","geometry":{"type":"LineString","coordinates":[[129.2468006,35.9446784],[129.246806,35.9453743],[129.2468053,35.9463972],[129.2467898,35.9469212]]},"properties":{"axis":"도로경관축","sub":"국도 7호선 경관축","new":false,"lbl":"","note":"OSM ref 7 primary","source":"2030 경주시 경관계획 재정비 (2025.04) §4.3 경관축 (T1) — 선형은 OSM (T4)"}},{"type":"Feature","geometry":{"type":"LineString","coordinates":[[129.2466908,35.9501205],[129.2466393,35.9505436]]},"properties":{"axis":"도로경관축","sub":"국도 7호선 경관축","new":false,"lbl":"","note":"OSM ref 7 primary","source":"2030 경주시 경관계획 재정비 (2025.04) §4.3 경관축 (T1) — 선형은 OSM (T4)"}},{"type":"Feature","geometry":{"type":"LineString","coordinates":[[129.177104,35.9938359],[129.1769596,35.9937704],[129.1767765,35.9936861],[129.1757927,35.993233],[129.1742246,35.9925108],[129.1741928,35.9924962]]},"properties":{"axis":"도로경관축","sub":"국도 28호선 경관축","new":false,"lbl":"","note":"OSM ref 28 trunk","source":"2030 경주시 경관계획 재정비 (2025.04) §4.3 경관축 (T1) — 선형은 OSM (T4)"}},{"type":"Feature","geometry":{"type":"LineString","coordinates":[[129.1742372,35.9924189],[129.1742873,35.9924413],[129.17527,35.99288],[129.1757926,35.9931249],[129.1761547,35.9932946],[129.1770206,35.9937003]]},"properties":{"axis":"도로경관축","sub":"국도 28호선 경관축","new":false,"lbl":"","note":"OSM ref 28 trunk","source":"2030 경주시 경관계획 재정비 (2025.04) §4.3 경관축 (T1) — 선형은 OSM (T4)"}},{"type":"Feature","geometry":{"type":"LineString","coordinates":[[129.1625452,35.9888253],[129.161342,35.988488]]},"properties":{"axis":"도로경관축","sub":"국도 28호선 경관축","new":false,"lbl":"","note":"OSM ref 28 trunk","source":"2030 경주시 경관계획 재정비 (2025.04) §4.3 경관축 (T1) — 선형은 OSM (T4)"}},{"type":"Feature","geometry":{"type":"LineString","coordinates":[[129.1613662,35.9884178],[129.1623498,35.9886925]]},"properties":{"axis":"도로경관축","sub":"국도 28호선 경관축","new":false,"lbl":"","note":"OSM ref 28 trunk","source":"2030 경주시 경관계획 재정비 (2025.04) §4.3 경관축 (T1) — 선형은 OSM (T4)"}},{"type":"Feature","geometry":{"type":"LineString","coordinates":[[129.1842728,35.9971545],[129.1831662,35.9966391],[129.1800428,35.9951843],[129.1784219,35.9944343],[129.177104,35.9938359]]},"properties":{"axis":"도로경관축","sub":"국도 28호선 경관축","new":false,"lbl":"","note":"OSM ref 28 trunk","source":"2030 경주시 경관계획 재정비 (2025.04) §4.3 경관축 (T1) — 선형은 OSM (T4)"}},{"type":"Feature","geometry":{"type":"LineString","coordinates":[[129.3771768,36.0239433],[129.3773434,36.0242083]]},"properties":{"axis":"도로경관축","sub":"국도 20호선 경관축","new":false,"lbl":"","note":"OSM ref 20 primary","source":"2030 경주시 경관계획 재정비 (2025.04) §4.3 경관축 (T1) — 선형은 OSM (T4)"}},{"type":"Feature","geometry":{"type":"LineString","coordinates":[[129.3773434,36.0242083],[129.3774823,36.0244234]]},"properties":{"axis":"도로경관축","sub":"국도 20호선 경관축","new":false,"lbl":"","note":"OSM ref 20 primary","source":"2030 경주시 경관계획 재정비 (2025.04) §4.3 경관축 (T1) — 선형은 OSM (T4)"}},{"type":"Feature","geometry":{"type":"LineString","coordinates":[[129.1770206,35.9937003],[129.1770763,35.9937264],[129.17734,35.99385],[129.1805077,35.9953027],[129.18072,35.9954],[129.1810463,35.9955488],[129.1832519,35.9965545],[129.1839,35.99685],[129.1843588,35.9970618]]},"properties":{"axis":"도로경관축","sub":"국도 28호선 경관축","new":false,"lbl":"","note":"OSM ref 28 trunk","source":"2030 경주시 경관계획 재정비 (2025.04) §4.3 경관축 (T1) — 선형은 OSM (T4)"}},{"type":"Feature","geometry":{"type":"LineString","coordinates":[[129.1055248,35.8537307],[129.105879,35.85338]]},"properties":{"axis":"도로경관축","sub":"국도 4호선 경관축","new":false,"lbl":"","note":"OSM ref 4;35 trunk","source":"2030 경주시 경관계획 재정비 (2025.04) §4.3 경관축 (T1) — 선형은 OSM (T4)"}},{"type":"Feature","geometry":{"type":"LineString","coordinates":[[129.104636,35.8546047],[129.1047875,35.8544551],[129.1052365,35.8540142]]},"properties":{"axis":"도로경관축","sub":"국도 4호선 경관축","new":false,"lbl":"","note":"OSM ref 4;35 trunk","source":"2030 경주시 경관계획 재정비 (2025.04) §4.3 경관축 (T1) — 선형은 OSM (T4)"}},{"type":"Feature","geometry":{"type":"LineString","coordinates":[[129.1547061,35.8648255],[129.1534549,35.8646122]]},"properties":{"axis":"도로경관축","sub":"국도 20호선 경관축","new":false,"lbl":"","note":"OSM ref 20 trunk","source":"2030 경주시 경관계획 재정비 (2025.04) §4.3 경관축 (T1) — 선형은 OSM (T4)"}},{"type":"Feature","geometry":{"type":"LineString","coordinates":[[129.1570377,35.8615981],[129.1567681,35.8611586]]},"properties":{"axis":"도로경관축","sub":"국도 7호선 경관축","new":false,"lbl":"","note":"OSM ref 7 trunk","source":"2030 경주시 경관계획 재정비 (2025.04) §4.3 경관축 (T1) — 선형은 OSM (T4)"}},{"type":"Feature","geometry":{"type":"LineString","coordinates":[[129.1571688,35.861557],[129.1577163,35.8624968],[129.15894,35.8645971]]},"properties":{"axis":"도로경관축","sub":"국도 7호선 경관축","new":false,"lbl":"","note":"OSM ref 7 trunk","source":"2030 경주시 경관계획 재정비 (2025.04) §4.3 경관축 (T1) — 선형은 OSM (T4)"}},{"type":"Feature","geometry":{"type":"LineString","coordinates":[[129.1568925,35.861121],[129.1571688,35.861557]]},"properties":{"axis":"도로경관축","sub":"국도 7호선 경관축","new":false,"lbl":"","note":"OSM ref 7 trunk","source":"2030 경주시 경관계획 재정비 (2025.04) §4.3 경관축 (T1) — 선형은 OSM (T4)"}},{"type":"Feature","geometry":{"type":"LineString","coordinates":[[129.1583528,35.834469],[129.1570729,35.833476],[129.1565732,35.8330904]]},"properties":{"axis":"도로경관축","sub":"국도 7호선 경관축","new":false,"lbl":"","note":"OSM ref 7 trunk","source":"2030 경주시 경관계획 재정비 (2025.04) §4.3 경관축 (T1) — 선형은 OSM (T4)"}},{"type":"Feature","geometry":{"type":"LineString","coordinates":[[129.1514754,35.8285132],[129.1532613,35.8302762],[129.1550999,35.8319124],[129.1560924,35.8326371],[129.1566588,35.8330172],[129.1572219,35.8334029],[129.1577603,35.8337286]]},"properties":{"axis":"도로경관축","sub":"국도 7호선 경관축","new":false,"lbl":"","note":"OSM ref 7 trunk","source":"2030 경주시 경관계획 재정비 (2025.04) §4.3 경관축 (T1) — 선형은 OSM (T4)"}},{"type":"Feature","geometry":{"type":"LineString","coordinates":[[129.159278,35.8348284],[129.1596398,35.8351198]]},"properties":{"axis":"도로경관축","sub":"국도 7호선 경관축","new":false,"lbl":"","note":"OSM ref 7 trunk","source":"2030 경주시 경관계획 재정비 (2025.04) §4.3 경관축 (T1) — 선형은 OSM (T4)"}},{"type":"Feature","geometry":{"type":"LineString","coordinates":[[129.1565732,35.8330904],[129.1559618,35.8326633],[129.1549665,35.8319276],[129.1540232,35.8311126],[129.1512072,35.8286785]]},"properties":{"axis":"도로경관축","sub":"국도 7호선 경관축","new":false,"lbl":"","note":"OSM ref 7 trunk","source":"2030 경주시 경관계획 재정비 (2025.04) §4.3 경관축 (T1) — 선형은 OSM (T4)"}},{"type":"Feature","geometry":{"type":"LineString","coordinates":[[129.1595548,35.8351853],[129.159201,35.8348967]]},"properties":{"axis":"도로경관축","sub":"국도 7호선 경관축","new":false,"lbl":"","note":"OSM ref 7 trunk","source":"2030 경주시 경관계획 재정비 (2025.04) §4.3 경관축 (T1) — 선형은 OSM (T4)"}},{"type":"Feature","geometry":{"type":"LineString","coordinates":[[129.1987712,35.8368921],[129.1988709,35.8372142]]},"properties":{"axis":"도로경관축","sub":"국도 4호선 경관축","new":false,"lbl":"","note":"OSM ref 4;35 primary","source":"2030 경주시 경관계획 재정비 (2025.04) §4.3 경관축 (T1) — 선형은 OSM (T4)"}},{"type":"Feature","geometry":{"type":"LineString","coordinates":[[129.432879,35.7995509],[129.4329785,35.7994809],[129.433347,35.799222],[129.4337653,35.7989814],[129.4342269,35.7987709],[129.4347269,35.7985716],[129.4351943,35.7983209]]},"properties":{"axis":"도로경관축","sub":"동해바다로(경감로) 자전거도로 경관축","new":false,"lbl":"","note":"자전거도로 경관축","source":"2030 경주시 경관계획 재정비 (2025.04) §4.3 경관축 (T1) — 선형은 OSM (T4)"}},{"type":"Feature","geometry":{"type":"LineString","coordinates":[[129.4351943,35.7983209],[129.4352973,35.7982134],[129.435879,35.797842]]},"properties":{"axis":"도로경관축","sub":"동해바다로(경감로) 자전거도로 경관축","new":false,"lbl":"","note":"자전거도로 경관축","source":"2030 경주시 경관계획 재정비 (2025.04) §4.3 경관축 (T1) — 선형은 OSM (T4)"}},{"type":"Feature","geometry":{"type":"LineString","coordinates":[[129.4382225,35.7964177],[129.4381754,35.7965515],[129.4381253,35.7966592],[129.4380683,35.7967285],[129.4380006,35.7967857],[129.4378908,35.7968698],[129.4377309,35.7969714],[129.4374585,35.7970967],[129.4371319,35.7972341],[129.4367322,35.7974177],[129.4363554,35.7976122],[129.4359939,35.7978394],[129.4353531,35.7982716],[129.4351943,35.7983209]]},"properties":{"axis":"도로경관축","sub":"동해바다로(경감로) 자전거도로 경관축","new":false,"lbl":"","note":"자전거도로 경관축","source":"2030 경주시 경관계획 재정비 (2025.04) §4.3 경관축 (T1) — 선형은 OSM (T4)"}},{"type":"Feature","geometry":{"type":"LineString","coordinates":[[129.4381553,35.7956691],[129.438194,35.7959049]]},"properties":{"axis":"도로경관축","sub":"동해바다로(경감로) 자전거도로 경관축","new":false,"lbl":"","note":"자전거도로 경관축","source":"2030 경주시 경관계획 재정비 (2025.04) §4.3 경관축 (T1) — 선형은 OSM (T4)"}},{"type":"Feature","geometry":{"type":"LineString","coordinates":[[129.4419314,35.7867279],[129.4419845,35.7869482],[129.4419105,35.7874298],[129.441816,35.7883179],[129.4417954,35.7887864],[129.4417934,35.7889194],[129.4417092,35.7891926],[129.4415468,35.7895344]]},"properties":{"axis":"도로경관축","sub":"동해바다로(경감로) 자전거도로 경관축","new":false,"lbl":"","note":"자전거도로 경관축","source":"2030 경주시 경관계획 재정비 (2025.04) §4.3 경관축 (T1) — 선형은 OSM (T4)"}},{"type":"Feature","geometry":{"type":"LineString","coordinates":[[129.4383118,35.7947983],[129.4381957,35.7949522],[129.4381232,35.7951336],[129.438105,35.7952294],[129.4381049,35.7954062],[129.4381553,35.7956691]]},"properties":{"axis":"도로경관축","sub":"동해바다로(경감로) 자전거도로 경관축","new":false,"lbl":"","note":"자전거도로 경관축","source":"2030 경주시 경관계획 재정비 (2025.04) §4.3 경관축 (T1) — 선형은 OSM (T4)"}},{"type":"Feature","geometry":{"type":"LineString","coordinates":[[129.4393515,35.7929416],[129.4391863,35.7932276],[129.4389433,35.7936815],[129.4388598,35.7938036],[129.4386935,35.7941049]]},"properties":{"axis":"도로경관축","sub":"동해바다로(경감로) 자전거도로 경관축","new":false,"lbl":"","note":"자전거도로 경관축","source":"2030 경주시 경관계획 재정비 (2025.04) §4.3 경관축 (T1) — 선형은 OSM (T4)"}},{"type":"Feature","geometry":{"type":"LineString","coordinates":[[129.4386935,35.7941049],[129.4386342,35.7942363],[129.4385516,35.794375]]},"properties":{"axis":"도로경관축","sub":"동해바다로(경감로) 자전거도로 경관축","new":false,"lbl":"","note":"자전거도로 경관축","source":"2030 경주시 경관계획 재정비 (2025.04) §4.3 경관축 (T1) — 선형은 OSM (T4)"}},{"type":"Feature","geometry":{"type":"LineString","coordinates":[[129.4385516,35.794375],[129.4384708,35.7944961],[129.4383118,35.7947983]]},"properties":{"axis":"도로경관축","sub":"동해바다로(경감로) 자전거도로 경관축","new":false,"lbl":"","note":"자전거도로 경관축","source":"2030 경주시 경관계획 재정비 (2025.04) §4.3 경관축 (T1) — 선형은 OSM (T4)"}},{"type":"Feature","geometry":{"type":"LineString","coordinates":[[129.438194,35.7959049],[129.4381991,35.7959967],[129.4382225,35.7964177]]},"properties":{"axis":"도로경관축","sub":"동해바다로(경감로) 자전거도로 경관축","new":false,"lbl":"","note":"자전거도로 경관축","source":"2030 경주시 경관계획 재정비 (2025.04) §4.3 경관축 (T1) — 선형은 OSM (T4)"}},{"type":"Feature","geometry":{"type":"LineString","coordinates":[[129.3314338,35.6835968],[129.3313147,35.683923],[129.331207,35.6842163]]},"properties":{"axis":"도로경관축","sub":"국도 7호선 경관축","new":false,"lbl":"","note":"OSM ref 7;14 primary","source":"2030 경주시 경관계획 재정비 (2025.04) §4.3 경관축 (T1) — 선형은 OSM (T4)"}},{"type":"Feature","geometry":{"type":"LineString","coordinates":[[129.331207,35.6842163],[129.3312129,35.6843512],[129.3310579,35.6847097],[129.3310371,35.684769]]},"properties":{"axis":"도로경관축","sub":"국도 7호선 경관축","new":false,"lbl":"","note":"OSM ref 7;14 primary","source":"2030 경주시 경관계획 재정비 (2025.04) §4.3 경관축 (T1) — 선형은 OSM (T4)"}},{"type":"Feature","geometry":{"type":"LineString","coordinates":[[129.3311345,35.6891699],[129.3311292,35.6890363],[129.3311151,35.6889205],[129.3311103,35.6888265],[129.3310824,35.6886819],[129.3309957,35.6879447],[129.3309554,35.6875197],[129.3309349,35.6873028],[129.3308973,35.6870189],[129.3308866,35.6869382],[129.3308588,35.6866576],[129.3308562,35.6866318],[129.330799,35.6861859],[129.3307775,35.6858286],[129.3307847,35.6854379],[129.3308348,35.6851329],[129.3309405,35.6847588],[129.3310973,35.6843423],[129.331207,35.6842163]]},"properties":{"axis":"도로경관축","sub":"국도 7호선 경관축","new":false,"lbl":"","note":"OSM ref 7;14 primary","source":"2030 경주시 경관계획 재정비 (2025.04) §4.3 경관축 (T1) — 선형은 OSM (T4)"}},{"type":"Feature","geometry":{"type":"LineString","coordinates":[[129.3317431,35.6917628],[129.3315572,35.691314],[129.3314846,35.6911357],[129.3314566,35.6910671],[129.3314105,35.6909539],[129.3313424,35.6907384],[129.3312907,35.6905029],[129.3311345,35.6891699]]},"properties":{"axis":"도로경관축","sub":"국도 7호선 경관축","new":false,"lbl":"","note":"OSM ref 7;14 primary","source":"2030 경주시 경관계획 재정비 (2025.04) §4.3 경관축 (T1) — 선형은 OSM (T4)"}},{"type":"Feature","geometry":{"type":"LineString","coordinates":[[129.1588541,35.8646334],[129.1577282,35.8627439],[129.1573104,35.8620429]]},"properties":{"axis":"도로경관축","sub":"국도 7호선 경관축","new":false,"lbl":"","note":"OSM ref 7 trunk","source":"2030 경주시 경관계획 재정비 (2025.04) §4.3 경관축 (T1) — 선형은 OSM (T4)"}},{"type":"Feature","geometry":{"type":"LineString","coordinates":[[129.1573104,35.8620429],[129.1570377,35.8615981]]},"properties":{"axis":"도로경관축","sub":"국도 7호선 경관축","new":false,"lbl":"","note":"OSM ref 7 trunk","source":"2030 경주시 경관계획 재정비 (2025.04) §4.3 경관축 (T1) — 선형은 OSM (T4)"}},{"type":"Feature","geometry":{"type":"LineString","coordinates":[[129.1533628,35.8645348],[129.1534875,35.8645581]]},"properties":{"axis":"도로경관축","sub":"국도 20호선 경관축","new":false,"lbl":"","note":"OSM ref 20 trunk","source":"2030 경주시 경관계획 재정비 (2025.04) §4.3 경관축 (T1) — 선형은 OSM (T4)"}},{"type":"Feature","geometry":{"type":"LineString","coordinates":[[129.1547107,35.8647676],[129.155034,35.8648273]]},"properties":{"axis":"도로경관축","sub":"국도 20호선 경관축","new":false,"lbl":"","note":"OSM ref 20 trunk","source":"2030 경주시 경관계획 재정비 (2025.04) §4.3 경관축 (T1) — 선형은 OSM (T4)"}},{"type":"Feature","geometry":{"type":"LineString","coordinates":[[129.1534875,35.8645581],[129.1547107,35.8647676]]},"properties":{"axis":"도로경관축","sub":"국도 20호선 경관축","new":false,"lbl":"","note":"OSM ref 20 trunk","source":"2030 경주시 경관계획 재정비 (2025.04) §4.3 경관축 (T1) — 선형은 OSM (T4)"}},{"type":"Feature","geometry":{"type":"LineString","coordinates":[[129.376043,36.0531561],[129.376047,36.0530413],[129.3760446,36.0529418],[129.3760396,36.0528234],[129.3760173,36.0526386],[129.3756376,36.0499278],[129.3756073,36.0496688],[129.3755894,36.0494645],[129.3755699,36.0491564]]},"properties":{"axis":"도로경관축","sub":"국도 20호선 경관축","new":false,"lbl":"","note":"OSM ref 20 primary","source":"2030 경주시 경관계획 재정비 (2025.04) §4.3 경관축 (T1) — 선형은 OSM (T4)"}},{"type":"Feature","geometry":{"type":"LineString","coordinates":[[129.4429106,35.7925172],[129.4432205,35.7931469],[129.4433782,35.7932954],[129.4435562,35.7933806],[129.4437305,35.793464],[129.4440209,35.7935178],[129.4442498,35.7934721],[129.444378,35.7934543],[129.4445317,35.7934324],[129.444716,35.7934303],[129.4448589,35.7934491],[129.4451692,35.7936142],[129.4452658,35.7936751],[129.4453436,35.7937065],[129.445408,35.7937349],[129.4455059,35.7937589],[129.4456306,35.7937578],[129.4457546,35.793732],[129.4458599,35.7936664],[129.4459248,35.7936058],[129.4461724,35.7933847],[129.4463422,35.7932439],[129.44684,35.79305],[129.4472289,35.7928984],[129.4475658,35.7927768],[129.4481013,35.7925573],[129.4492113,35.792307],[129.4498162,35.7921587],[129.4503105,35.7920119],[129.4506195,35.7919292],[129.4508634,35.7918948],[129.4510594,35.7918911],[129.4512874,35.7919423],[129.4517651,35.7920873],[129.4519418,35.7921511],[129.4522602,35.7922125],[129.452478,35.7922434],[129.4528154,35.7921436],[129.453037,35.7919671],[129.4531508,35.7917386],[129.4532237,35.7914718],[129.4534506,35.7912321],[129.4537664,35.7910624],[129.4541876,35.7910119],[129.4548508,35.790989],[129.4564813,35.7906094]]},"properties":{"axis":"도로경관축","sub":"동해바다로(경감로) 자전거도로 경관축","new":false,"lbl":"","note":"자전거도로 경관축","source":"2030 경주시 경관계획 재정비 (2025.04) §4.3 경관축 (T1) — 선형은 OSM (T4)"}},{"type":"Feature","geometry":{"type":"LineString","coordinates":[[129.4564813,35.7906094],[129.4565863,35.790585]]},"properties":{"axis":"도로경관축","sub":"동해바다로(경감로) 자전거도로 경관축","new":false,"lbl":"","note":"자전거도로 경관축","source":"2030 경주시 경관계획 재정비 (2025.04) §4.3 경관축 (T1) — 선형은 OSM (T4)"}},{"type":"Feature","geometry":{"type":"LineString","coordinates":[[129.4565863,35.790585],[129.457372,35.7904021],[129.4582343,35.7901342],[129.4591733,35.7897524],[129.4601816,35.7891334],[129.4605973,35.7888462],[129.4608039,35.7887352],[129.46105,35.78862],[129.4615683,35.7884632],[129.4616821,35.7884359]]},"properties":{"axis":"도로경관축","sub":"동해바다로(경감로) 자전거도로 경관축","new":false,"lbl":"","note":"자전거도로 경관축","source":"2030 경주시 경관계획 재정비 (2025.04) §4.3 경관축 (T1) — 선형은 OSM (T4)"}},{"type":"Feature","geometry":{"type":"LineString","coordinates":[[129.4616821,35.7884359],[129.4618439,35.7883927]]},"properties":{"axis":"도로경관축","sub":"동해바다로(경감로) 자전거도로 경관축","new":false,"lbl":"","note":"자전거도로 경관축","source":"2030 경주시 경관계획 재정비 (2025.04) §4.3 경관축 (T1) — 선형은 OSM (T4)"}},{"type":"Feature","geometry":{"type":"LineString","coordinates":[[129.2829939,35.834018],[129.2839779,35.8340638]]},"properties":{"axis":"도로경관축","sub":"동해바다로(경감로) 자전거도로 경관축","new":false,"lbl":"","note":"자전거도로 경관축","source":"2030 경주시 경관계획 재정비 (2025.04) §4.3 경관축 (T1) — 선형은 OSM (T4)"}},{"type":"Feature","geometry":{"type":"LineString","coordinates":[[129.1354197,35.8250481],[129.1357705,35.8244681]]},"properties":{"axis":"도로경관축","sub":"국도 4호선 경관축","new":false,"lbl":"","note":"OSM ref 4;35 trunk","source":"2030 경주시 경관계획 재정비 (2025.04) §4.3 경관축 (T1) — 선형은 OSM (T4)"}},{"type":"Feature","geometry":{"type":"LineString","coordinates":[[129.2552917,35.9887049],[129.2556669,35.9885538]]},"properties":{"axis":"도로경관축","sub":"국도 28호선 경관축","new":false,"lbl":"","note":"OSM ref 28 trunk","source":"2030 경주시 경관계획 재정비 (2025.04) §4.3 경관축 (T1) — 선형은 OSM (T4)"}},{"type":"Feature","geometry":{"type":"LineString","coordinates":[[129.2300562,35.9973893],[129.2303186,35.9971535]]},"properties":{"axis":"도로경관축","sub":"국도 28호선 경관축","new":false,"lbl":"","note":"OSM ref 28 trunk","source":"2030 경주시 경관계획 재정비 (2025.04) §4.3 경관축 (T1) — 선형은 OSM (T4)"}},{"type":"Feature","geometry":{"type":"LineString","coordinates":[[129.1470791,35.8045755],[129.1462713,35.8065934]]},"properties":{"axis":"도로경관축","sub":"국도 7호선 경관축","new":false,"lbl":"","note":"OSM ref 7 trunk","source":"2030 경주시 경관계획 재정비 (2025.04) §4.3 경관축 (T1) — 선형은 OSM (T4)"}},{"type":"Feature","geometry":{"type":"LineString","coordinates":[[129.1461736,35.8064619],[129.1471206,35.8041756]]},"properties":{"axis":"도로경관축","sub":"국도 7호선 경관축","new":false,"lbl":"","note":"OSM ref 7 trunk","source":"2030 경주시 경관계획 재정비 (2025.04) §4.3 경관축 (T1) — 선형은 OSM (T4)"}},{"type":"Feature","geometry":{"type":"LineString","coordinates":[[129.1925693,35.7869604],[129.1918312,35.7840615],[129.191786,35.783856],[129.1917426,35.7836345],[129.1917111,35.7834471],[129.191681,35.7832331],[129.19166,35.7830275],[129.1916438,35.7827603],[129.1916392,35.7824423],[129.1916449,35.7821688],[129.191662,35.781875],[129.1916929,35.7815783],[129.1917455,35.7812344],[129.1918072,35.7809433],[129.191886,35.780629],[129.192006,35.7802017],[129.192071,35.7799588],[129.1921216,35.7797874],[129.1921747,35.7796299],[129.1922279,35.7794917],[129.1923008,35.779311],[129.192373,35.7791561],[129.1924552,35.7789843],[129.1925453,35.7788174],[129.1926481,35.7786391],[129.1927278,35.7785096],[129.1929352,35.7781923],[129.1931505,35.7778888],[129.1933473,35.7776343],[129.1936453,35.7772701],[129.1939264,35.7769117],[129.1941342,35.7766055],[129.194989,35.7752832],[129.1951799,35.7749551],[129.1954498,35.7744841],[129.1956171,35.7741489],[129.1958328,35.7736999],[129.195967,35.7733464],[129.1961539,35.7727579],[129.1964768,35.7716806],[129.1965386,35.7714262],[129.1965868,35.7711533],[129.1966064,35.7709111],[129.196614,35.7704829],[129.196648,35.7687757],[129.1966649,35.7685351],[129.1966956,35.7680349],[129.1967419,35.7670989]]},"properties":{"axis":"도로경관축","sub":"경부고속도로 경관축","new":false,"lbl":"","note":"OSM ref 1 motorway","source":"2030 경주시 경관계획 재정비 (2025.04) §4.3 경관축 (T1) — 선형은 OSM (T4)"}},{"type":"Feature","geometry":{"type":"LineString","coordinates":[[129.1926624,35.7872694],[129.1925693,35.7869604]]},"properties":{"axis":"도로경관축","sub":"경부고속도로 경관축","new":false,"lbl":"","note":"OSM ref 1 motorway","source":"2030 경주시 경관계획 재정비 (2025.04) §4.3 경관축 (T1) — 선형은 OSM (T4)"}},{"type":"Feature","geometry":{"type":"LineString","coordinates":[[129.1969006,35.7671537],[129.1968689,35.7678617],[129.1968382,35.7683795],[129.196813,35.7688524],[129.1967691,35.7701893],[129.1967497,35.7707565],[129.1967377,35.7709736],[129.1967169,35.7712101],[129.196689,35.7713845],[129.1966307,35.7716475],[129.1964208,35.7724145],[129.1962597,35.7729696],[129.1961593,35.7732689],[129.1960346,35.7736174],[129.1958804,35.7739814],[129.1956985,35.7743509],[129.1954086,35.7748672],[129.1952216,35.7751926],[129.1950057,35.7755323],[129.194422,35.7764162],[129.1940617,35.7769375],[129.193733,35.7773679],[129.1934616,35.7777153],[129.1932837,35.777944],[129.1931012,35.778196],[129.1929173,35.7784908],[129.1927454,35.7787795],[129.1925991,35.7790438],[129.1924951,35.7792517],[129.1923925,35.7794841],[129.1923156,35.7796847],[129.1922312,35.7799612],[129.1921045,35.7804591],[129.1920276,35.7807722],[129.1919658,35.7810425],[129.191913,35.7813227],[129.1918603,35.7816884],[129.1918286,35.7819428],[129.1918135,35.7821642],[129.1918045,35.7823856],[129.191803,35.7825924],[129.1918075,35.7827624],[129.1918211,35.7829814],[129.1918437,35.7831832],[129.1918708,35.7833887],[129.1919115,35.783626],[129.1919538,35.7838486],[129.1920201,35.7841263],[129.1927291,35.7869392]]},"properties":{"axis":"도로경관축","sub":"경부고속도로 경관축","new":false,"lbl":"","note":"OSM ref 1 motorway","source":"2030 경주시 경관계획 재정비 (2025.04) §4.3 경관축 (T1) — 선형은 OSM (T4)"}},{"type":"Feature","geometry":{"type":"LineString","coordinates":[[129.1927291,35.7869392],[129.1928057,35.7872351]]},"properties":{"axis":"도로경관축","sub":"경부고속도로 경관축","new":false,"lbl":"","note":"OSM ref 1 motorway","source":"2030 경주시 경관계획 재정비 (2025.04) §4.3 경관축 (T1) — 선형은 OSM (T4)"}},{"type":"Feature","geometry":{"type":"LineString","coordinates":[[129.2172247,35.8409093],[129.2171359,35.8409123],[129.2169296,35.8409376],[129.216822,35.8409515]]},"properties":{"axis":"도로경관축","sub":"국도 4호선 경관축","new":false,"lbl":"","note":"OSM ref 4 primary","source":"2030 경주시 경관계획 재정비 (2025.04) §4.3 경관축 (T1) — 선형은 OSM (T4)"}},{"type":"Feature","geometry":{"type":"LineString","coordinates":[[129.2071277,35.8390506],[129.2075673,35.8391269]]},"properties":{"axis":"도로경관축","sub":"국도 4호선 경관축","new":false,"lbl":"","note":"OSM ref 4;35 primary","source":"2030 경주시 경관계획 재정비 (2025.04) §4.3 경관축 (T1) — 선형은 OSM (T4)"}},{"type":"Feature","geometry":{"type":"LineString","coordinates":[[129.2212297,35.8361454],[129.2214318,35.8360321],[129.2214963,35.835996]]},"properties":{"axis":"도로경관축","sub":"국도 4호선 경관축","new":false,"lbl":"","note":"OSM ref 4 primary","source":"2030 경주시 경관계획 재정비 (2025.04) §4.3 경관축 (T1) — 선형은 OSM (T4)"}},{"type":"Feature","geometry":{"type":"LineString","coordinates":[[129.3363951,35.6699312],[129.336146,35.6701478]]},"properties":{"axis":"도로경관축","sub":"국도 7호선 경관축","new":false,"lbl":"","note":"OSM ref 7 primary","source":"2030 경주시 경관계획 재정비 (2025.04) §4.3 경관축 (T1) — 선형은 OSM (T4)"}},{"type":"Feature","geometry":{"type":"LineString","coordinates":[[129.3319322,35.6822841],[129.3316513,35.6830251],[129.3315983,35.6831649],[129.3315458,35.6833028],[129.3314767,35.6834841],[129.3314338,35.6835968]]},"properties":{"axis":"도로경관축","sub":"국도 7호선 경관축","new":false,"lbl":"","note":"OSM ref 7 primary","source":"2030 경주시 경관계획 재정비 (2025.04) §4.3 경관축 (T1) — 선형은 OSM (T4)"}},{"type":"Feature","geometry":{"type":"LineString","coordinates":[[129.2291298,35.8401129],[129.2299528,35.8400778]]},"properties":{"axis":"도로경관축","sub":"국도 4호선 경관축","new":false,"lbl":"","note":"OSM ref 4 primary","source":"2030 경주시 경관계획 재정비 (2025.04) §4.3 경관축 (T1) — 선형은 OSM (T4)"}},{"type":"Feature","geometry":{"type":"LineString","coordinates":[[129.2266067,35.856634],[129.227698,35.8566249],[129.2282012,35.8566285],[129.228524,35.8566376],[129.228613,35.8566409]]},"properties":{"axis":"도로경관축","sub":"국도 28호선 경관축","new":false,"lbl":"","note":"OSM ref 28 tertiary","source":"2030 경주시 경관계획 재정비 (2025.04) §4.3 경관축 (T1) — 선형은 OSM (T4)"}},{"type":"Feature","geometry":{"type":"LineString","coordinates":[[129.4384862,35.7941799],[129.4385873,35.7939625],[129.4387055,35.7937688],[129.4387998,35.7936211]]},"properties":{"axis":"도로경관축","sub":"동해바다로(경감로) 자전거도로 경관축","new":false,"lbl":"","note":"자전거도로 경관축","source":"2030 경주시 경관계획 재정비 (2025.04) §4.3 경관축 (T1) — 선형은 OSM (T4)"}},{"type":"Feature","geometry":{"type":"LineString","coordinates":[[129.4618439,35.7883927],[129.461917,35.788374],[129.4622183,35.7883144],[129.46265,35.78825],[129.4629456,35.7881959],[129.4631229,35.7881635],[129.4632876,35.7880868],[129.463411,35.7879998],[129.4634933,35.787885],[129.46358,35.7875842],[129.4636068,35.7873476],[129.463588,35.787099],[129.46352,35.78685],[129.4632927,35.7862292],[129.4633144,35.7859654],[129.4634458,35.7857692],[129.4636416,35.7856608],[129.4638208,35.7855798],[129.4638936,35.7855593],[129.4643986,35.7854054],[129.4647671,35.7852614],[129.4650757,35.785066],[129.4652528,35.7848963],[129.4654566,35.7847962],[129.4656605,35.7847527],[129.4657678,35.7847571],[129.4661272,35.7848093],[129.4662827,35.7848093],[129.4664437,35.7847745],[129.4666624,35.7846495],[129.4674976,35.7840805],[129.4677822,35.7839718],[129.4683565,35.78389],[129.4684852,35.7838872],[129.4693278,35.7838692],[129.4694475,35.7838724],[129.4697477,35.7838804]]},"properties":{"axis":"도로경관축","sub":"동해바다로(경감로) 자전거도로 경관축","new":false,"lbl":"","note":"자전거도로 경관축","source":"2030 경주시 경관계획 재정비 (2025.04) §4.3 경관축 (T1) — 선형은 OSM (T4)"}},{"type":"Feature","geometry":{"type":"LineString","coordinates":[[129.4695725,35.7832658],[129.469797,35.7832314],[129.4701865,35.7831716],[129.4706899,35.783122],[129.4713077,35.7831161],[129.4734438,35.7830867]]},"properties":{"axis":"도로경관축","sub":"국도 4호선 경관축","new":false,"lbl":"","note":"OSM ref 4 primary","source":"2030 경주시 경관계획 재정비 (2025.04) §4.3 경관축 (T1) — 선형은 OSM (T4)"}},{"type":"Feature","geometry":{"type":"LineString","coordinates":[[129.4902142,35.7836403],[129.4901182,35.7836262],[129.4898603,35.7835883]]},"properties":{"axis":"도로경관축","sub":"국도 4호선 경관축","new":false,"lbl":"","note":"OSM ref 4;31 primary","source":"2030 경주시 경관계획 재정비 (2025.04) §4.3 경관축 (T1) — 선형은 OSM (T4)"}},{"type":"Feature","geometry":{"type":"LineString","coordinates":[[129.46962,35.7833897],[129.4692385,35.7834521],[129.4678578,35.7838829],[129.4669778,35.7842706],[129.466183,35.7847139]]},"properties":{"axis":"도로경관축","sub":"국도 4호선 경관축","new":false,"lbl":"","note":"OSM ref 4 primary","source":"2030 경주시 경관계획 재정비 (2025.04) §4.3 경관축 (T1) — 선형은 OSM (T4)"}},{"type":"Feature","geometry":{"type":"LineString","coordinates":[[129.4384862,35.7941799],[129.4386342,35.7942363],[129.4387416,35.7942839],[129.438812,35.7943214]]},"properties":{"axis":"도로경관축","sub":"동해바다로(경감로) 자전거도로 경관축","new":false,"lbl":"","note":"자전거도로 경관축","source":"2030 경주시 경관계획 재정비 (2025.04) §4.3 경관축 (T1) — 선형은 OSM (T4)"}},{"type":"Feature","geometry":{"type":"LineString","coordinates":[[129.438812,35.7943214],[129.4392164,35.7945365],[129.4393593,35.794559],[129.4394489,35.7945451],[129.439557,35.7945037],[129.4401152,35.7940931],[129.4403374,35.7939234]]},"properties":{"axis":"도로경관축","sub":"동해바다로(경감로) 자전거도로 경관축","new":false,"lbl":"","note":"자전거도로 경관축","source":"2030 경주시 경관계획 재정비 (2025.04) §4.3 경관축 (T1) — 선형은 OSM (T4)"}},{"type":"Feature","geometry":{"type":"LineString","coordinates":[[129.4239098,35.8030502],[129.4240101,35.8030943]]},"properties":{"axis":"도로경관축","sub":"동해바다로(경감로) 자전거도로 경관축","new":false,"lbl":"","note":"자전거도로 경관축","source":"2030 경주시 경관계획 재정비 (2025.04) §4.3 경관축 (T1) — 선형은 OSM (T4)"}},{"type":"Feature","geometry":{"type":"LineString","coordinates":[[129.4403762,35.7913596],[129.4402768,35.7915045],[129.440032,35.7918525],[129.4396823,35.7923911],[129.4393515,35.7929416]]},"properties":{"axis":"도로경관축","sub":"동해바다로(경감로) 자전거도로 경관축","new":false,"lbl":"","note":"자전거도로 경관축","source":"2030 경주시 경관계획 재정비 (2025.04) §4.3 경관축 (T1) — 선형은 OSM (T4)"}},{"type":"Feature","geometry":{"type":"LineString","coordinates":[[129.4403374,35.7939234],[129.4410757,35.7933593],[129.4414015,35.7931104]]},"properties":{"axis":"도로경관축","sub":"동해바다로(경감로) 자전거도로 경관축","new":false,"lbl":"","note":"자전거도로 경관축","source":"2030 경주시 경관계획 재정비 (2025.04) §4.3 경관축 (T1) — 선형은 OSM (T4)"}},{"type":"Feature","geometry":{"type":"LineString","coordinates":[[129.4414015,35.7931104],[129.4418632,35.7927577],[129.4420732,35.7926209],[129.4422726,35.7924938],[129.4424397,35.7924267],[129.4427196,35.7924197],[129.4429106,35.7925172]]},"properties":{"axis":"도로경관축","sub":"동해바다로(경감로) 자전거도로 경관축","new":false,"lbl":"","note":"자전거도로 경관축","source":"2030 경주시 경관계획 재정비 (2025.04) §4.3 경관축 (T1) — 선형은 OSM (T4)"}},{"type":"Feature","geometry":{"type":"LineString","coordinates":[[129.4415468,35.7895344],[129.4413045,35.7899156],[129.4411852,35.7900937],[129.4408965,35.7905442],[129.4408329,35.7906257],[129.4405916,35.7909951],[129.4403762,35.7913596]]},"properties":{"axis":"도로경관축","sub":"동해바다로(경감로) 자전거도로 경관축","new":false,"lbl":"","note":"자전거도로 경관축","source":"2030 경주시 경관계획 재정비 (2025.04) §4.3 경관축 (T1) — 선형은 OSM (T4)"}},{"type":"Feature","geometry":{"type":"LineString","coordinates":[[129.2264029,35.8402556],[129.2291298,35.8401129]]},"properties":{"axis":"도로경관축","sub":"국도 4호선 경관축","new":false,"lbl":"","note":"OSM ref 4 primary","source":"2030 경주시 경관계획 재정비 (2025.04) §4.3 경관축 (T1) — 선형은 OSM (T4)"}},{"type":"Feature","geometry":{"type":"LineString","coordinates":[[129.2850395,35.8341172],[129.2859158,35.8341654],[129.286053,35.8341741],[129.2868629,35.8342253],[129.2875003,35.8342642],[129.2883344,35.834315],[129.2885409,35.8343175],[129.2887659,35.8343],[129.2892398,35.8341981],[129.2893823,35.8341675],[129.2895148,35.8341323],[129.2898146,35.8340525],[129.2900523,35.8339947]]},"properties":{"axis":"도로경관축","sub":"동해바다로(경감로) 자전거도로 경관축","new":false,"lbl":"","note":"자전거도로 경관축","source":"2030 경주시 경관계획 재정비 (2025.04) §4.3 경관축 (T1) — 선형은 OSM (T4)"}},{"type":"Feature","geometry":{"type":"LineString","coordinates":[[128.9685378,35.7696513],[128.9682813,35.7696876],[128.9679275,35.7698064]]},"properties":{"axis":"도로경관축","sub":"국도 20호선 경관축","new":false,"lbl":"","note":"OSM ref 20 primary","source":"2030 경주시 경관계획 재정비 (2025.04) §4.3 경관축 (T1) — 선형은 OSM (T4)"}},{"type":"Feature","geometry":{"type":"LineString","coordinates":[[129.1736281,35.9922491],[129.1724172,35.9917431],[129.1721108,35.9916151],[129.171415,35.9914068],[129.1697509,35.9909415]]},"properties":{"axis":"도로경관축","sub":"국도 28호선 경관축","new":false,"lbl":"","note":"OSM ref 28 trunk","source":"2030 경주시 경관계획 재정비 (2025.04) §4.3 경관축 (T1) — 선형은 OSM (T4)"}},{"type":"Feature","geometry":{"type":"LineString","coordinates":[[129.169789,35.9908536],[129.1714526,35.9913408],[129.172215,35.9915686],[129.1736973,35.9921707]]},"properties":{"axis":"도로경관축","sub":"국도 28호선 경관축","new":false,"lbl":"","note":"OSM ref 28 trunk","source":"2030 경주시 경관계획 재정비 (2025.04) §4.3 경관축 (T1) — 선형은 OSM (T4)"}},{"type":"Feature","geometry":{"type":"LineString","coordinates":[[129.1610444,35.98841],[129.1606035,35.9882937],[129.1598047,35.9881126],[129.158617,35.9878432],[129.1569787,35.9874922],[129.15556,35.9871185],[129.1554978,35.9870977],[129.154672,35.9868212],[129.1539217,35.9864826],[129.1530409,35.9860346],[129.15285,35.9859375],[129.1518727,35.9853449],[129.1493362,35.9837137],[129.146944,35.9822372],[129.1465829,35.9820143],[129.1460496,35.9817107],[129.1455137,35.9814093],[129.1449115,35.9811429],[129.1445738,35.9810303]]},"properties":{"axis":"도로경관축","sub":"국도 28호선 경관축","new":false,"lbl":"","note":"OSM ref 28 trunk","source":"2030 경주시 경관계획 재정비 (2025.04) §4.3 경관축 (T1) — 선형은 OSM (T4)"}},{"type":"Feature","geometry":{"type":"LineString","coordinates":[[129.1446164,35.9809418],[129.14468,35.98096],[129.14497,35.98106],[129.1453204,35.9812066],[129.1455823,35.9813162],[129.1460841,35.98158],[129.1466215,35.9818924],[129.14717,35.98224],[129.14802,35.9828],[129.14909,35.98347],[129.1498544,35.9839654],[129.15017,35.98417],[129.15123,35.98483],[129.15181,35.98521],[129.15229,35.98552],[129.15252,35.98565],[129.15308,35.98596],[129.15375,35.98628],[129.1543384,35.9865724],[129.1550887,35.9868673],[129.15564,35.98704],[129.15662,35.9873],[129.15688,35.98735],[129.1578,35.98758],[129.15835,35.9877],[129.1590168,35.9878397],[129.1594,35.98792],[129.1597396,35.9880002],[129.16012,35.98809],[129.1610958,35.9883372]]},"properties":{"axis":"도로경관축","sub":"국도 28호선 경관축","new":false,"lbl":"","note":"OSM ref 28 trunk","source":"2030 경주시 경관계획 재정비 (2025.04) §4.3 경관축 (T1) — 선형은 OSM (T4)"}},{"type":"Feature","geometry":{"type":"LineString","coordinates":[[129.1404949,35.9804204],[129.14083,35.98042],[129.14171,35.98046],[129.14239,35.98051],[129.14319,35.98061],[129.1436654,35.9807098],[129.1437714,35.9807314]]},"properties":{"axis":"도로경관축","sub":"국도 28호선 경관축","new":false,"lbl":"","note":"OSM ref 28 trunk","source":"2030 경주시 경관계획 재정비 (2025.04) §4.3 경관축 (T1) — 선형은 OSM (T4)"}},{"type":"Feature","geometry":{"type":"LineString","coordinates":[[129.1437817,35.9808097],[129.1434085,35.9807299],[129.1426276,35.9806308],[129.1416529,35.9805461],[129.1405216,35.9804819]]},"properties":{"axis":"도로경관축","sub":"국도 28호선 경관축","new":false,"lbl":"","note":"OSM ref 28 trunk","source":"2030 경주시 경관계획 재정비 (2025.04) §4.3 경관축 (T1) — 선형은 OSM (T4)"}},{"type":"Feature","geometry":{"type":"LineString","coordinates":[[129.1405216,35.9804819],[129.1398233,35.9804718],[129.137644,35.9804181],[129.1375256,35.9804094]]},"properties":{"axis":"도로경관축","sub":"국도 28호선 경관축","new":false,"lbl":"","note":"OSM ref 28 trunk","source":"2030 경주시 경관계획 재정비 (2025.04) §4.3 경관축 (T1) — 선형은 OSM (T4)"}},{"type":"Feature","geometry":{"type":"LineString","coordinates":[[129.1377135,35.9803238],[129.1387511,35.9803547],[129.1395823,35.9803865],[129.1404949,35.9804204]]},"properties":{"axis":"도로경관축","sub":"국도 28호선 경관축","new":false,"lbl":"","note":"OSM ref 28 trunk","source":"2030 경주시 경관계획 재정비 (2025.04) §4.3 경관축 (T1) — 선형은 OSM (T4)"}},{"type":"Feature","geometry":{"type":"LineString","coordinates":[[129.2835316,36.0023546],[129.2835451,36.0025209],[129.2835858,36.0029834],[129.2835813,36.0032872],[129.2836464,36.0037155],[129.2837096,36.0040247],[129.2838054,36.0043982],[129.2839158,36.0047297],[129.2841143,36.0053434],[129.2842901,36.0057225]]},"properties":{"axis":"도로경관축","sub":"국도 28호선 경관축","new":false,"lbl":"","note":"OSM ref 28 primary","source":"2030 경주시 경관계획 재정비 (2025.04) §4.3 경관축 (T1) — 선형은 OSM (T4)"}},{"type":"Feature","geometry":{"type":"LineString","coordinates":[[129.2242255,35.8566435],[129.2252213,35.8566359],[129.2256365,35.8566293],[129.2266067,35.856634]]},"properties":{"axis":"도로경관축","sub":"국도 28호선 경관축","new":false,"lbl":"","note":"OSM ref 28 tertiary","source":"2030 경주시 경관계획 재정비 (2025.04) §4.3 경관축 (T1) — 선형은 OSM (T4)"}},{"type":"Feature","geometry":{"type":"LineString","coordinates":[[129.19926,35.837366],[129.1993496,35.8373917],[129.1994033,35.8374071]]},"properties":{"axis":"도로경관축","sub":"국도 4호선 경관축","new":false,"lbl":"","note":"OSM ref 4;35 primary","source":"2030 경주시 경관계획 재정비 (2025.04) §4.3 경관축 (T1) — 선형은 OSM (T4)"}},{"type":"Feature","geometry":{"type":"LineString","coordinates":[[129.1765678,35.8144642],[129.1770568,35.8146195],[129.1772186,35.8146675]]},"properties":{"axis":"도로경관축","sub":"국도 4호선 경관축","new":false,"lbl":"","note":"OSM ref 4;35 primary","source":"2030 경주시 경관계획 재정비 (2025.04) §4.3 경관축 (T1) — 선형은 OSM (T4)"}},{"type":"Feature","geometry":{"type":"LineString","coordinates":[[129.1763109,35.8144278],[129.1765678,35.8144642]]},"properties":{"axis":"도로경관축","sub":"국도 4호선 경관축","new":false,"lbl":"","note":"OSM ref 4;35 primary","source":"2030 경주시 경관계획 재정비 (2025.04) §4.3 경관축 (T1) — 선형은 OSM (T4)"}},{"type":"Feature","geometry":{"type":"LineString","coordinates":[[129.1472968,35.8188915],[129.1480158,35.8188886]]},"properties":{"axis":"도로경관축","sub":"국도 4호선 경관축","new":false,"lbl":"","note":"OSM ref 4;35 primary","source":"2030 경주시 경관계획 재정비 (2025.04) §4.3 경관축 (T1) — 선형은 OSM (T4)"}},{"type":"Feature","geometry":{"type":"LineString","coordinates":[[129.1480158,35.8188886],[129.1484082,35.8189125]]},"properties":{"axis":"도로경관축","sub":"국도 4호선 경관축","new":false,"lbl":"","note":"OSM ref 4;35 primary","source":"2030 경주시 경관계획 재정비 (2025.04) §4.3 경관축 (T1) — 선형은 OSM (T4)"}},{"type":"Feature","geometry":{"type":"LineString","coordinates":[[129.0476869,35.759581],[129.0478059,35.7596323],[129.0480815,35.7597512],[129.048409,35.7599243]]},"properties":{"axis":"도로경관축","sub":"국도 20호선 경관축","new":false,"lbl":"","note":"OSM ref 20 primary","source":"2030 경주시 경관계획 재정비 (2025.04) §4.3 경관축 (T1) — 선형은 OSM (T4)"}},{"type":"Feature","geometry":{"type":"LineString","coordinates":[[129.0121649,35.7611342],[129.01177,35.76122],[129.0113,35.76126],[129.01107,35.76123],[129.0107,35.76116],[129.01053,35.76111],[129.010391,35.7610417],[129.0101579,35.7609272],[129.00996,35.76083],[129.00975,35.76072],[129.0096363,35.760683]]},"properties":{"axis":"도로경관축","sub":"국도 20호선 경관축","new":false,"lbl":"","note":"OSM ref 20 primary","source":"2030 경주시 경관계획 재정비 (2025.04) §4.3 경관축 (T1) — 선형은 OSM (T4)"}},{"type":"Feature","geometry":{"type":"LineString","coordinates":[[129.023463,35.7595241],[129.0233135,35.7595878],[129.02305,35.7597],[129.02244,35.75997],[129.0220434,35.760101],[129.0219399,35.7601211],[129.0217457,35.7601589],[129.0214715,35.7601899],[129.0213062,35.7601958],[129.02119,35.7602],[129.0206679,35.7602],[129.02022,35.7602],[129.0194368,35.7601772],[129.01919,35.76017],[129.019,35.76018],[129.01862,35.76025],[129.01806,35.7604],[129.0176807,35.7605119],[129.01745,35.76058],[129.01688,35.76073],[129.01671,35.76078],[129.01632,35.76082],[129.01542,35.76086],[129.01446,35.76078],[129.01413,35.76081],[129.01306,35.76098],[129.0128859,35.7610094],[129.01223,35.76112],[129.0121649,35.7611342]]},"properties":{"axis":"도로경관축","sub":"국도 20호선 경관축","new":false,"lbl":"","note":"OSM ref 20 primary","source":"2030 경주시 경관계획 재정비 (2025.04) §4.3 경관축 (T1) — 선형은 OSM (T4)"}},{"type":"Feature","geometry":{"type":"LineString","coordinates":[[129.336146,35.6701478],[129.3360827,35.6702288],[129.3359664,35.6704272],[129.3358488,35.6706702],[129.3357577,35.6709357],[129.3357019,35.6712017],[129.3356373,35.6716996],[129.3356245,35.6721261],[129.3356241,35.6724086]]},"properties":{"axis":"도로경관축","sub":"국도 7호선 경관축","new":false,"lbl":"","note":"OSM ref 7 primary","source":"2030 경주시 경관계획 재정비 (2025.04) §4.3 경관축 (T1) — 선형은 OSM (T4)"}},{"type":"Feature","geometry":{"type":"LineString","coordinates":[[129.3918869,35.7901161],[129.3925067,35.7903234],[129.3930934,35.7905031],[129.3933955,35.7905957],[129.3936802,35.7906718]]},"properties":{"axis":"도로경관축","sub":"국도 4호선 경관축","new":false,"lbl":"","note":"OSM ref 4 primary","source":"2030 경주시 경관계획 재정비 (2025.04) §4.3 경관축 (T1) — 선형은 OSM (T4)"}},{"type":"Feature","geometry":{"type":"LineString","coordinates":[[129.3936183,35.7907475],[129.392527,35.7904116],[129.3914107,35.7900584]]},"properties":{"axis":"도로경관축","sub":"국도 4호선 경관축","new":false,"lbl":"","note":"OSM ref 4 primary","source":"2030 경주시 경관계획 재정비 (2025.04) §4.3 경관축 (T1) — 선형은 OSM (T4)"}},{"type":"Feature","geometry":{"type":"LineString","coordinates":[[129.3721338,35.8042558],[129.3724737,35.8035981],[129.3725914,35.8033788],[129.3727605,35.803135],[129.3729454,35.8029155],[129.3732378,35.8025979],[129.3737687,35.8020832],[129.3750539,35.8007702],[129.375169,35.800664],[129.3753312,35.8005564],[129.3756175,35.8004018],[129.37592,35.8002811],[129.3762578,35.8001996],[129.3774781,35.7998436],[129.3780282,35.7997133],[129.3784098,35.7995713],[129.3789022,35.7994112],[129.379676,35.7991418],[129.380064,35.799015],[129.3805739,35.798908],[129.3811356,35.7988453],[129.3816466,35.798732],[129.3820389,35.7986068],[129.3825919,35.7983934],[129.3831921,35.7981642],[129.383834,35.7979379],[129.3841296,35.7978853],[129.384734,35.7977779],[129.3863079,35.797533],[129.3868729,35.7974929],[129.388268,35.7974513],[129.388817,35.797368],[129.3891241,35.7972692],[129.3895909,35.7971189],[129.390315,35.7968299],[129.3904535,35.796755],[129.3907951,35.7965849],[129.3914297,35.7962061],[129.3920653,35.7957954],[129.3922345,35.7956853],[129.3924068,35.7955616],[129.3926964,35.7953072],[129.3930614,35.7949939],[129.393298,35.7948075],[129.3935559,35.7946449],[129.393851,35.794526],[129.3939883,35.7944946],[129.3941353,35.7944609],[129.3942973,35.7944271]]},"properties":{"axis":"도로경관축","sub":"동해바다로(경감로) 자전거도로 경관축","new":false,"lbl":"","note":"자전거도로 경관축","source":"2030 경주시 경관계획 재정비 (2025.04) §4.3 경관축 (T1) — 선형은 OSM (T4)"}},{"type":"Feature","geometry":{"type":"LineString","coordinates":[[129.3218333,35.7782614],[129.3217176,35.7783449]]},"properties":{"axis":"도로경관축","sub":"국도 4호선 경관축","new":false,"lbl":"","note":"OSM ref 4 primary","source":"2030 경주시 경관계획 재정비 (2025.04) §4.3 경관축 (T1) — 선형은 OSM (T4)"}},{"type":"Feature","geometry":{"type":"LineString","coordinates":[[129.4379502,35.7954269],[129.4379478,35.795295],[129.4379644,35.7952026],[129.4379984,35.7950685],[129.438092,35.7948986],[129.4383321,35.7944957],[129.4384862,35.7941799]]},"properties":{"axis":"도로경관축","sub":"동해바다로(경감로) 자전거도로 경관축","new":false,"lbl":"","note":"자전거도로 경관축","source":"2030 경주시 경관계획 재정비 (2025.04) §4.3 경관축 (T1) — 선형은 OSM (T4)"}},{"type":"Feature","geometry":{"type":"LineString","coordinates":[[129.3216488,35.7783063],[129.3217369,35.778241]]},"properties":{"axis":"도로경관축","sub":"국도 4호선 경관축","new":false,"lbl":"","note":"OSM ref 4 primary","source":"2030 경주시 경관계획 재정비 (2025.04) §4.3 경관축 (T1) — 선형은 OSM (T4)"}},{"type":"Feature","geometry":{"type":"LineString","coordinates":[[129.4380975,35.7958608],[129.4380072,35.7956163],[129.4379807,35.7955392],[129.4379502,35.7954269]]},"properties":{"axis":"도로경관축","sub":"동해바다로(경감로) 자전거도로 경관축","new":false,"lbl":"","note":"자전거도로 경관축","source":"2030 경주시 경관계획 재정비 (2025.04) §4.3 경관축 (T1) — 선형은 OSM (T4)"}},{"type":"Feature","geometry":{"type":"LineString","coordinates":[[129.3212599,35.7787552],[129.3213187,35.7787959],[129.3216868,35.7790504]]},"properties":{"axis":"도로경관축","sub":"국도 4호선 경관축","new":false,"lbl":"","note":"OSM ref 4 primary","source":"2030 경주시 경관계획 재정비 (2025.04) §4.3 경관축 (T1) — 선형은 OSM (T4)"}},{"type":"Feature","geometry":{"type":"LineString","coordinates":[[129.1577603,35.8337286],[129.159278,35.8348284]]},"properties":{"axis":"도로경관축","sub":"국도 7호선 경관축","new":false,"lbl":"","note":"OSM ref 7 trunk","source":"2030 경주시 경관계획 재정비 (2025.04) §4.3 경관축 (T1) — 선형은 OSM (T4)"}},{"type":"Feature","geometry":{"type":"LineString","coordinates":[[129.159201,35.8348967],[129.158721,35.8345619],[129.157729,35.8338632],[129.1565732,35.8330904]]},"properties":{"axis":"도로경관축","sub":"국도 7호선 경관축","new":false,"lbl":"","note":"OSM ref 7 trunk","source":"2030 경주시 경관계획 재정비 (2025.04) §4.3 경관축 (T1) — 선형은 OSM (T4)"}},{"type":"Feature","geometry":{"type":"LineString","coordinates":[[129.332134,35.693142],[129.3320578,35.6929958],[129.3320185,35.6927721],[129.3319059,35.6922653],[129.3317431,35.6917628]]},"properties":{"axis":"도로경관축","sub":"국도 7호선 경관축","new":false,"lbl":"","note":"OSM ref 7;14 primary","source":"2030 경주시 경관계획 재정비 (2025.04) §4.3 경관축 (T1) — 선형은 OSM (T4)"}},{"type":"Feature","geometry":{"type":"LineString","coordinates":[[129.205358,35.7476501],[129.2052986,35.7477234]]},"properties":{"axis":"도로경관축","sub":"국도 7호선 경관축","new":false,"lbl":"","note":"OSM ref 7 trunk","source":"2030 경주시 경관계획 재정비 (2025.04) §4.3 경관축 (T1) — 선형은 OSM (T4)"}},{"type":"Feature","geometry":{"type":"LineString","coordinates":[[129.1478921,35.8025112],[129.1478828,35.8025408]]},"properties":{"axis":"도로경관축","sub":"국도 7호선 경관축","new":false,"lbl":"","note":"OSM ref 7 trunk","source":"2030 경주시 경관계획 재정비 (2025.04) §4.3 경관축 (T1) — 선형은 OSM (T4)"}},{"type":"Feature","geometry":{"type":"LineString","coordinates":[[129.3356241,35.6724086],[129.3356238,35.6725686],[129.335619,35.6726831]]},"properties":{"axis":"도로경관축","sub":"국도 7호선 경관축","new":false,"lbl":"","note":"OSM ref 7 primary","source":"2030 경주시 경관계획 재정비 (2025.04) §4.3 경관축 (T1) — 선형은 OSM (T4)"}},{"type":"Feature","geometry":{"type":"LineString","coordinates":[[129.2070367,35.7458705],[129.2077343,35.7453653],[129.2081526,35.7451064]]},"properties":{"axis":"도로경관축","sub":"국도 7호선 경관축","new":false,"lbl":"","note":"OSM ref 7 trunk","source":"2030 경주시 경관계획 재정비 (2025.04) §4.3 경관축 (T1) — 선형은 OSM (T4)"}},{"type":"Feature","geometry":{"type":"LineString","coordinates":[[129.2051176,35.7477655],[129.2051881,35.7476824]]},"properties":{"axis":"도로경관축","sub":"국도 7호선 경관축","new":false,"lbl":"","note":"OSM ref 7 trunk","source":"2030 경주시 경관계획 재정비 (2025.04) §4.3 경관축 (T1) — 선형은 OSM (T4)"}},{"type":"Feature","geometry":{"type":"LineString","coordinates":[[129.1478997,35.802229],[129.1483523,35.8010867],[129.1485613,35.800601],[129.1488374,35.8000438]]},"properties":{"axis":"도로경관축","sub":"국도 7호선 경관축","new":false,"lbl":"","note":"OSM ref 7 trunk","source":"2030 경주시 경관계획 재정비 (2025.04) §4.3 경관축 (T1) — 선형은 OSM (T4)"}},{"type":"Feature","geometry":{"type":"LineString","coordinates":[[129.1291348,35.8230806],[129.1290852,35.8231123],[129.1232459,35.8268346],[129.1216346,35.8278358],[129.1208598,35.8283012],[129.120501,35.8284938],[129.1201263,35.8286722],[129.1195986,35.8289074],[129.1190214,35.8291556],[129.1185001,35.8293767],[129.11806,35.8295396],[129.1176314,35.8296835]]},"properties":{"axis":"도로경관축","sub":"경부고속도로 경관축","new":false,"lbl":"","note":"OSM ref 1 motorway","source":"2030 경주시 경관계획 재정비 (2025.04) §4.3 경관축 (T1) — 선형은 OSM (T4)"}},{"type":"Feature","geometry":{"type":"LineString","coordinates":[[129.1292396,35.8230138],[129.1291348,35.8230806]]},"properties":{"axis":"도로경관축","sub":"경부고속도로 경관축","new":false,"lbl":"","note":"OSM ref 1 motorway","source":"2030 경주시 경관계획 재정비 (2025.04) §4.3 경관축 (T1) — 선형은 OSM (T4)"}},{"type":"Feature","geometry":{"type":"LineString","coordinates":[[129.1174777,35.8295957],[129.1176044,35.8295533],[129.1178914,35.8294581],[129.1182851,35.8293186],[129.1187608,35.8291307],[129.1191897,35.8289494],[129.1196511,35.8287467],[129.1202339,35.8284769],[129.1206073,35.8282832],[129.1212898,35.8278963],[129.128965,35.8230425],[129.1290416,35.8229937]]},"properties":{"axis":"도로경관축","sub":"경부고속도로 경관축","new":false,"lbl":"","note":"OSM ref 1 motorway","source":"2030 경주시 경관계획 재정비 (2025.04) §4.3 경관축 (T1) — 선형은 OSM (T4)"}},{"type":"Feature","geometry":{"type":"LineString","coordinates":[[129.1290416,35.8229937],[129.1291464,35.822927]]},"properties":{"axis":"도로경관축","sub":"경부고속도로 경관축","new":false,"lbl":"","note":"OSM ref 1 motorway","source":"2030 경주시 경관계획 재정비 (2025.04) §4.3 경관축 (T1) — 선형은 OSM (T4)"}},{"type":"Feature","geometry":{"type":"LineString","coordinates":[[129.2056569,35.8854856],[129.2062664,35.8860696],[129.2068524,35.8865277],[129.2073099,35.8867977],[129.2079105,35.8870734],[129.2085281,35.887304],[129.2092354,35.8875119]]},"properties":{"axis":"도로경관축","sub":"상생로드(형산로) 자전거도로 경관축","new":false,"lbl":"","note":"자전거도로 경관축","source":"2030 경주시 경관계획 재정비 (2025.04) §4.3 경관축 (T1) — 선형은 OSM (T4)"}},{"type":"Feature","geometry":{"type":"LineString","coordinates":[[129.2054762,35.885298],[129.2056569,35.8854856]]},"properties":{"axis":"도로경관축","sub":"상생로드(형산로) 자전거도로 경관축","new":false,"lbl":"","note":"자전거도로 경관축","source":"2030 경주시 경관계획 재정비 (2025.04) §4.3 경관축 (T1) — 선형은 OSM (T4)"}},{"type":"Feature","geometry":{"type":"LineString","coordinates":[[129.2092339,35.8875961],[129.2085147,35.8873854],[129.2078792,35.8871547],[129.2072577,35.8868519],[129.2067735,35.8865739],[129.2061638,35.8860823],[129.2055676,35.8855323]]},"properties":{"axis":"도로경관축","sub":"상생로드(형산로) 자전거도로 경관축","new":false,"lbl":"","note":"자전거도로 경관축","source":"2030 경주시 경관계획 재정비 (2025.04) §4.3 경관축 (T1) — 선형은 OSM (T4)"}},{"type":"Feature","geometry":{"type":"LineString","coordinates":[[129.2055676,35.8855323],[129.2053978,35.8853465]]},"properties":{"axis":"도로경관축","sub":"상생로드(형산로) 자전거도로 경관축","new":false,"lbl":"","note":"자전거도로 경관축","source":"2030 경주시 경관계획 재정비 (2025.04) §4.3 경관축 (T1) — 선형은 OSM (T4)"}},{"type":"Feature","geometry":{"type":"LineString","coordinates":[[129.2587595,35.8458743],[129.2583787,35.8462041],[129.258299,35.8462238]]},"properties":{"axis":"도로경관축","sub":"동해바다로(경감로) 자전거도로 경관축","new":false,"lbl":"","note":"자전거도로 경관축","source":"2030 경주시 경관계획 재정비 (2025.04) §4.3 경관축 (T1) — 선형은 OSM (T4)"}},{"type":"Feature","geometry":{"type":"LineString","coordinates":[[129.2581841,35.846326],[129.258299,35.8462238]]},"properties":{"axis":"도로경관축","sub":"동해바다로(경감로) 자전거도로 경관축","new":false,"lbl":"","note":"자전거도로 경관축","source":"2030 경주시 경관계획 재정비 (2025.04) §4.3 경관축 (T1) — 선형은 OSM (T4)"}},{"type":"Feature","geometry":{"type":"LineString","coordinates":[[129.2776566,35.8337571],[129.2778004,35.8337236],[129.2779853,35.8336903],[129.2781831,35.8336675],[129.278264,35.8336861]]},"properties":{"axis":"도로경관축","sub":"동해바다로(경감로) 자전거도로 경관축","new":false,"lbl":"","note":"자전거도로 경관축","source":"2030 경주시 경관계획 재정비 (2025.04) §4.3 경관축 (T1) — 선형은 OSM (T4)"}},{"type":"Feature","geometry":{"type":"LineString","coordinates":[[129.2760711,35.8356549],[129.2762354,35.8352991],[129.2764126,35.834875],[129.2765856,35.8345087],[129.2766893,35.8343633],[129.276832,35.8342117],[129.2769671,35.8340986]]},"properties":{"axis":"도로경관축","sub":"동해바다로(경감로) 자전거도로 경관축","new":false,"lbl":"","note":"자전거도로 경관축","source":"2030 경주시 경관계획 재정비 (2025.04) §4.3 경관축 (T1) — 선형은 OSM (T4)"}},{"type":"Feature","geometry":{"type":"LineString","coordinates":[[129.2754766,35.8363208],[129.2756993,35.8361298],[129.275816,35.8360159],[129.2759781,35.8358178],[129.2760711,35.8356549]]},"properties":{"axis":"도로경관축","sub":"동해바다로(경감로) 자전거도로 경관축","new":false,"lbl":"","note":"자전거도로 경관축","source":"2030 경주시 경관계획 재정비 (2025.04) §4.3 경관축 (T1) — 선형은 OSM (T4)"}},{"type":"Feature","geometry":{"type":"LineString","coordinates":[[129.2751604,35.8365408],[129.2754766,35.8363208]]},"properties":{"axis":"도로경관축","sub":"동해바다로(경감로) 자전거도로 경관축","new":false,"lbl":"","note":"자전거도로 경관축","source":"2030 경주시 경관계획 재정비 (2025.04) §4.3 경관축 (T1) — 선형은 OSM (T4)"}},{"type":"Feature","geometry":{"type":"LineString","coordinates":[[129.2748634,35.8367482],[129.2751604,35.8365408]]},"properties":{"axis":"도로경관축","sub":"동해바다로(경감로) 자전거도로 경관축","new":false,"lbl":"","note":"자전거도로 경관축","source":"2030 경주시 경관계획 재정비 (2025.04) §4.3 경관축 (T1) — 선형은 OSM (T4)"}},{"type":"Feature","geometry":{"type":"LineString","coordinates":[[129.2740456,35.8373775],[129.2742661,35.8371813],[129.2748634,35.8367482]]},"properties":{"axis":"도로경관축","sub":"동해바다로(경감로) 자전거도로 경관축","new":false,"lbl":"","note":"자전거도로 경관축","source":"2030 경주시 경관계획 재정비 (2025.04) §4.3 경관축 (T1) — 선형은 OSM (T4)"}},{"type":"Feature","geometry":{"type":"LineString","coordinates":[[129.2769671,35.8340986],[129.2771076,35.8339979],[129.27726,35.8339146],[129.2774135,35.8338436],[129.2776566,35.8337571]]},"properties":{"axis":"도로경관축","sub":"동해바다로(경감로) 자전거도로 경관축","new":false,"lbl":"","note":"자전거도로 경관축","source":"2030 경주시 경관계획 재정비 (2025.04) §4.3 경관축 (T1) — 선형은 OSM (T4)"}},{"type":"Feature","geometry":{"type":"LineString","coordinates":[[129.2589355,35.8455586],[129.2591678,35.8453254]]},"properties":{"axis":"도로경관축","sub":"동해바다로(경감로) 자전거도로 경관축","new":false,"lbl":"","note":"자전거도로 경관축","source":"2030 경주시 경관계획 재정비 (2025.04) §4.3 경관축 (T1) — 선형은 OSM (T4)"}},{"type":"Feature","geometry":{"type":"LineString","coordinates":[[129.258641,35.8458528],[129.2589355,35.8455586]]},"properties":{"axis":"도로경관축","sub":"동해바다로(경감로) 자전거도로 경관축","new":false,"lbl":"","note":"자전거도로 경관축","source":"2030 경주시 경관계획 재정비 (2025.04) §4.3 경관축 (T1) — 선형은 OSM (T4)"}},{"type":"Feature","geometry":{"type":"LineString","coordinates":[[129.258299,35.8462238],[129.2583112,35.8461594],[129.258641,35.8458528]]},"properties":{"axis":"도로경관축","sub":"동해바다로(경감로) 자전거도로 경관축","new":false,"lbl":"","note":"자전거도로 경관축","source":"2030 경주시 경관계획 재정비 (2025.04) §4.3 경관축 (T1) — 선형은 OSM (T4)"}},{"type":"Feature","geometry":{"type":"LineString","coordinates":[[129.2594545,35.8451955],[129.2592681,35.8453697]]},"properties":{"axis":"도로경관축","sub":"동해바다로(경감로) 자전거도로 경관축","new":false,"lbl":"","note":"자전거도로 경관축","source":"2030 경주시 경관계획 재정비 (2025.04) §4.3 경관축 (T1) — 선형은 OSM (T4)"}},{"type":"Feature","geometry":{"type":"LineString","coordinates":[[129.2592681,35.8453697],[129.2587595,35.8458743]]},"properties":{"axis":"도로경관축","sub":"동해바다로(경감로) 자전거도로 경관축","new":false,"lbl":"","note":"자전거도로 경관축","source":"2030 경주시 경관계획 재정비 (2025.04) §4.3 경관축 (T1) — 선형은 OSM (T4)"}},{"type":"Feature","geometry":{"type":"LineString","coordinates":[[129.2602821,35.8446811],[129.2601046,35.8447357],[129.259988,35.8447952],[129.2598205,35.844895],[129.2596887,35.8449898],[129.2595623,35.845094],[129.2594545,35.8451955]]},"properties":{"axis":"도로경관축","sub":"동해바다로(경감로) 자전거도로 경관축","new":false,"lbl":"","note":"자전거도로 경관축","source":"2030 경주시 경관계획 재정비 (2025.04) §4.3 경관축 (T1) — 선형은 OSM (T4)"}},{"type":"Feature","geometry":{"type":"LineString","coordinates":[[129.2760623,35.8358928],[129.2759997,35.8359712],[129.2759104,35.8360798],[129.2757922,35.8361902],[129.2756588,35.8362954],[129.2752358,35.8365967]]},"properties":{"axis":"도로경관축","sub":"동해바다로(경감로) 자전거도로 경관축","new":false,"lbl":"","note":"자전거도로 경관축","source":"2030 경주시 경관계획 재정비 (2025.04) §4.3 경관축 (T1) — 선형은 OSM (T4)"}},{"type":"Feature","geometry":{"type":"LineString","coordinates":[[129.278264,35.8336861],[129.2781809,35.8337402],[129.2780121,35.8337626],[129.2777756,35.8338147],[129.2776534,35.8338524],[129.2774743,35.8339225],[129.277286,35.8340178],[129.2771487,35.83411],[129.2770178,35.8342079],[129.2769412,35.8342791],[129.2768719,35.8343537],[129.2767689,35.8344703],[129.2767207,35.8345429],[129.2766768,35.8346158],[129.2766028,35.8347758],[129.2764767,35.8350653],[129.2763061,35.8354539],[129.2762211,35.8356331],[129.2760623,35.8358928]]},"properties":{"axis":"도로경관축","sub":"동해바다로(경감로) 자전거도로 경관축","new":false,"lbl":"","note":"자전거도로 경관축","source":"2030 경주시 경관계획 재정비 (2025.04) §4.3 경관축 (T1) — 선형은 OSM (T4)"}},{"type":"Feature","geometry":{"type":"LineString","coordinates":[[129.3616714,35.9739517],[129.3615312,35.9738927]]},"properties":{"axis":"도로경관축","sub":"국도 20호선 경관축","new":false,"lbl":"","note":"OSM ref 20 trunk","source":"2030 경주시 경관계획 재정비 (2025.04) §4.3 경관축 (T1) — 선형은 OSM (T4)"}},{"type":"Feature","geometry":{"type":"LineString","coordinates":[[129.3615508,35.9737726],[129.3616885,35.9738365]]},"properties":{"axis":"도로경관축","sub":"국도 20호선 경관축","new":false,"lbl":"","note":"OSM ref 20 trunk","source":"2030 경주시 경관계획 재정비 (2025.04) §4.3 경관축 (T1) — 선형은 OSM (T4)"}},{"type":"Feature","geometry":{"type":"LineString","coordinates":[[129.3758269,36.0535869],[129.3759421,36.05349],[129.3759953,36.0533948],[129.3760359,36.0532698],[129.376043,36.0531561]]},"properties":{"axis":"도로경관축","sub":"국도 20호선 경관축","new":false,"lbl":"","note":"OSM ref 20 primary","source":"2030 경주시 경관계획 재정비 (2025.04) §4.3 경관축 (T1) — 선형은 OSM (T4)"}},{"type":"Feature","geometry":{"type":"LineString","coordinates":[[129.3756353,36.0483465],[129.3755828,36.0486545],[129.375566,36.0488799],[129.3755699,36.0491564]]},"properties":{"axis":"도로경관축","sub":"국도 20호선 경관축","new":false,"lbl":"","note":"OSM ref 20 primary","source":"2030 경주시 경관계획 재정비 (2025.04) §4.3 경관축 (T1) — 선형은 OSM (T4)"}},{"type":"Feature","geometry":{"type":"LineString","coordinates":[[129.3758166,36.0476165],[129.3756353,36.0483465]]},"properties":{"axis":"도로경관축","sub":"국도 20호선 경관축","new":false,"lbl":"","note":"OSM ref 20 primary","source":"2030 경주시 경관계획 재정비 (2025.04) §4.3 경관축 (T1) — 선형은 OSM (T4)"}},{"type":"Feature","geometry":{"type":"LineString","coordinates":[[129.0558265,35.7863897],[129.0558478,35.7865007],[129.0558507,35.7868549],[129.0557876,35.7870142],[129.05565,35.7873],[129.0553679,35.7876043],[129.0552539,35.7878105],[129.0551632,35.7881172],[129.0551762,35.788257],[129.0551896,35.7883354],[129.0553761,35.7886714],[129.0554231,35.788719],[129.05577,35.78907],[129.0558437,35.7891609],[129.05607,35.78944],[129.0563428,35.7898043],[129.0565779,35.7901343],[129.0568102,35.7904629],[129.0570543,35.7907657],[129.0572655,35.7909871],[129.0575051,35.7912497],[129.0577403,35.791618],[129.05799,35.79205],[129.05843,35.79269],[129.05878,35.79303],[129.05903,35.79317],[129.0595956,35.7933348],[129.0598404,35.7933999],[129.0600164,35.7934682],[129.0602481,35.7936066],[129.06045,35.79377],[129.0610045,35.7941918],[129.06149,35.79462],[129.06186,35.79497],[129.06207,35.79507],[129.0624654,35.7951295],[129.0625779,35.7951326],[129.0626612,35.7951338]]},"properties":{"axis":"도로경관축","sub":"국도 20호선 경관축","new":false,"lbl":"","note":"OSM ref 20 primary","source":"2030 경주시 경관계획 재정비 (2025.04) §4.3 경관축 (T1) — 선형은 OSM (T4)"}},{"type":"Feature","geometry":{"type":"LineString","coordinates":[[129.0557742,35.7862755],[129.0558265,35.7863897]]},"properties":{"axis":"도로경관축","sub":"국도 20호선 경관축","new":false,"lbl":"","note":"OSM ref 20 primary","source":"2030 경주시 경관계획 재정비 (2025.04) §4.3 경관축 (T1) — 선형은 OSM (T4)"}},{"type":"Feature","geometry":{"type":"LineString","coordinates":[[129.3411076,35.8231471],[129.3411157,35.8228763]]},"properties":{"axis":"도로경관축","sub":"동해바다로(경감로) 자전거도로 경관축","new":false,"lbl":"","note":"자전거도로 경관축","source":"2030 경주시 경관계획 재정비 (2025.04) §4.3 경관축 (T1) — 선형은 OSM (T4)"}},{"type":"Feature","geometry":{"type":"LineString","coordinates":[[129.3249366,35.8255753],[129.3249951,35.8255596],[129.3251478,35.8254491],[129.3254239,35.82544],[129.3256539,35.8254639],[129.3260711,35.8255948],[129.3264895,35.8258147],[129.3270344,35.8261265],[129.3274122,35.8262552],[129.3280022,35.826373],[129.328269,35.8264061],[129.3289615,35.8263009],[129.3302193,35.8259939],[129.3309573,35.8256917],[129.3312317,35.8256209],[129.3316844,35.825613],[129.332219,35.8255761],[129.3336,35.82503],[129.334,35.82484],[129.33503,35.82419],[129.33513,35.82408],[129.3353883,35.8238383],[129.3355368,35.8235774],[129.3356854,35.82324],[129.3357085,35.823177],[129.3358239,35.8230152],[129.3359778,35.8229487],[129.3361454,35.8229265],[129.3363494,35.8229633],[129.3365187,35.823086],[129.3369205,35.8234734],[129.3374515,35.823836],[129.3377432,35.8239852],[129.3384171,35.8241756],[129.3389144,35.82419],[129.3392224,35.82417],[129.3395624,35.8241078],[129.3402139,35.823813],[129.3407556,35.8235957],[129.34091,35.82351],[129.3410653,35.8233761],[129.3411021,35.8232122],[129.3411076,35.8231471]]},"properties":{"axis":"도로경관축","sub":"동해바다로(경감로) 자전거도로 경관축","new":false,"lbl":"","note":"자전거도로 경관축","source":"2030 경주시 경관계획 재정비 (2025.04) §4.3 경관축 (T1) — 선형은 OSM (T4)"}},{"type":"Feature","geometry":{"type":"LineString","coordinates":[[129.1592656,35.8653301],[129.1588541,35.8646334]]},"properties":{"axis":"도로경관축","sub":"국도 7호선 경관축","new":false,"lbl":"","note":"OSM ref 7 trunk","source":"2030 경주시 경관계획 재정비 (2025.04) §4.3 경관축 (T1) — 선형은 OSM (T4)"}},{"type":"Feature","geometry":{"type":"LineString","coordinates":[[129.15894,35.8645971],[129.1593705,35.8653186]]},"properties":{"axis":"도로경관축","sub":"국도 7호선 경관축","new":false,"lbl":"","note":"OSM ref 7 trunk","source":"2030 경주시 경관계획 재정비 (2025.04) §4.3 경관축 (T1) — 선형은 OSM (T4)"}},{"type":"Feature","geometry":{"type":"LineString","coordinates":[[129.1609117,35.8683511],[129.1592656,35.8653301]]},"properties":{"axis":"도로경관축","sub":"국도 7호선 경관축","new":false,"lbl":"","note":"OSM ref 7 trunk","source":"2030 경주시 경관계획 재정비 (2025.04) §4.3 경관축 (T1) — 선형은 OSM (T4)"}},{"type":"Feature","geometry":{"type":"LineString","coordinates":[[129.1593705,35.8653186],[129.1608993,35.8680493]]},"properties":{"axis":"도로경관축","sub":"국도 7호선 경관축","new":false,"lbl":"","note":"OSM ref 7 trunk","source":"2030 경주시 경관계획 재정비 (2025.04) §4.3 경관축 (T1) — 선형은 OSM (T4)"}},{"type":"Feature","geometry":{"type":"LineString","coordinates":[[129.246711,35.9448015],[129.2467214,35.9445247],[129.2467458,35.9440652],[129.2467576,35.9438647],[129.2467639,35.9437581],[129.2468052,35.9434927],[129.2468826,35.9431353],[129.2471115,35.9421696],[129.2474583,35.9407625],[129.2475836,35.9402495],[129.2476724,35.9398261],[129.247725,35.939503],[129.2477364,35.9394035],[129.2477477,35.939304],[129.2477545,35.9391894],[129.2477658,35.9390412],[129.247771,35.9386551],[129.2477679,35.9383624],[129.2477393,35.9374289]]},"properties":{"axis":"도로경관축","sub":"국도 7호선 경관축","new":false,"lbl":"","note":"OSM ref 7 primary","source":"2030 경주시 경관계획 재정비 (2025.04) §4.3 경관축 (T1) — 선형은 OSM (T4)"}},{"type":"Feature","geometry":{"type":"LineString","coordinates":[[129.2467048,35.9469162],[129.2467053,35.9466492],[129.2467098,35.9456233],[129.246711,35.9448015]]},"properties":{"axis":"도로경관축","sub":"국도 7호선 경관축","new":false,"lbl":"","note":"OSM ref 7 primary","source":"2030 경주시 경관계획 재정비 (2025.04) §4.3 경관축 (T1) — 선형은 OSM (T4)"}},{"type":"Feature","geometry":{"type":"LineString","coordinates":[[129.2466938,35.9481158],[129.2467048,35.9469162]]},"properties":{"axis":"도로경관축","sub":"국도 7호선 경관축","new":false,"lbl":"","note":"OSM ref 7 primary","source":"2030 경주시 경관계획 재정비 (2025.04) §4.3 경관축 (T1) — 선형은 OSM (T4)"}},{"type":"Feature","geometry":{"type":"LineString","coordinates":[[129.2466908,35.9501205],[129.2466659,35.9497737],[129.2466938,35.9481158]]},"properties":{"axis":"도로경관축","sub":"국도 7호선 경관축","new":false,"lbl":"","note":"OSM ref 7 primary","source":"2030 경주시 경관계획 재정비 (2025.04) §4.3 경관축 (T1) — 선형은 OSM (T4)"}},{"type":"Feature","geometry":{"type":"LineString","coordinates":[[129.08263,35.99899],[129.0827188,35.9989026],[129.0855108,35.9961548],[129.0857284,35.9959402],[129.0858434,35.9958192]]},"properties":{"axis":"도로경관축","sub":"국도 28호선 경관축","new":false,"lbl":"","note":"OSM ref 28 trunk","source":"2030 경주시 경관계획 재정비 (2025.04) §4.3 경관축 (T1) — 선형은 OSM (T4)"}},{"type":"Feature","geometry":{"type":"LineString","coordinates":[[129.0858434,35.9958192],[129.0864847,35.9951842]]},"properties":{"axis":"도로경관축","sub":"국도 28호선 경관축","new":false,"lbl":"","note":"OSM ref 28 trunk","source":"2030 경주시 경관계획 재정비 (2025.04) §4.3 경관축 (T1) — 선형은 OSM (T4)"}},{"type":"Feature","geometry":{"type":"LineString","coordinates":[[129.0859255,35.9958668],[129.0857954,35.9959887],[129.0855817,35.9962128],[129.0848592,35.9969109],[129.0845277,35.997234],[129.0835089,35.9982268],[129.0825799,35.9991553]]},"properties":{"axis":"도로경관축","sub":"국도 28호선 경관축","new":false,"lbl":"","note":"OSM ref 28 trunk","source":"2030 경주시 경관계획 재정비 (2025.04) §4.3 경관축 (T1) — 선형은 OSM (T4)"}},{"type":"Feature","geometry":{"type":"LineString","coordinates":[[129.0865757,35.9952274],[129.0859255,35.9958668]]},"properties":{"axis":"도로경관축","sub":"국도 28호선 경관축","new":false,"lbl":"","note":"OSM ref 28 trunk","source":"2030 경주시 경관계획 재정비 (2025.04) §4.3 경관축 (T1) — 선형은 OSM (T4)"}},{"type":"Feature","geometry":{"type":"LineString","coordinates":[[129.1445738,35.9810303],[129.1440673,35.9808772]]},"properties":{"axis":"도로경관축","sub":"국도 28호선 경관축","new":false,"lbl":"","note":"OSM ref 28 trunk","source":"2030 경주시 경관계획 재정비 (2025.04) §4.3 경관축 (T1) — 선형은 OSM (T4)"}},{"type":"Feature","geometry":{"type":"LineString","coordinates":[[129.1440673,35.9808772],[129.1437817,35.9808097]]},"properties":{"axis":"도로경관축","sub":"국도 28호선 경관축","new":false,"lbl":"","note":"OSM ref 28 trunk","source":"2030 경주시 경관계획 재정비 (2025.04) §4.3 경관축 (T1) — 선형은 OSM (T4)"}},{"type":"Feature","geometry":{"type":"LineString","coordinates":[[129.1440651,35.9807897],[129.1446164,35.9809418]]},"properties":{"axis":"도로경관축","sub":"국도 28호선 경관축","new":false,"lbl":"","note":"OSM ref 28 trunk","source":"2030 경주시 경관계획 재정비 (2025.04) §4.3 경관축 (T1) — 선형은 OSM (T4)"}},{"type":"Feature","geometry":{"type":"LineString","coordinates":[[129.1437714,35.9807314],[129.1440651,35.9807897]]},"properties":{"axis":"도로경관축","sub":"국도 28호선 경관축","new":false,"lbl":"","note":"OSM ref 28 trunk","source":"2030 경주시 경관계획 재정비 (2025.04) §4.3 경관축 (T1) — 선형은 OSM (T4)"}},{"type":"Feature","geometry":{"type":"LineString","coordinates":[[129.145849,35.8243355],[129.1457656,35.8242691]]},"properties":{"axis":"도로경관축","sub":"국도 7호선 경관축","new":false,"lbl":"","note":"OSM ref 7 trunk","source":"2030 경주시 경관계획 재정비 (2025.04) §4.3 경관축 (T1) — 선형은 OSM (T4)"}},{"type":"Feature","geometry":{"type":"LineString","coordinates":[[129.1460926,35.8242095],[129.1461893,35.8242862]]},"properties":{"axis":"도로경관축","sub":"국도 7호선 경관축","new":false,"lbl":"","note":"OSM ref 7 trunk","source":"2030 경주시 경관계획 재정비 (2025.04) §4.3 경관축 (T1) — 선형은 OSM (T4)"}},{"type":"Feature","geometry":{"type":"LineString","coordinates":[[129.1423452,35.8188149],[129.1432228,35.8188078]]},"properties":{"axis":"도로경관축","sub":"국도 4호선 경관축","new":false,"lbl":"","note":"OSM ref 4;35 trunk","source":"2030 경주시 경관계획 재정비 (2025.04) §4.3 경관축 (T1) — 선형은 OSM (T4)"}},{"type":"Feature","geometry":{"type":"LineString","coordinates":[[129.1349692,35.825766],[129.1350505,35.8256457],[129.1352391,35.825349],[129.1354197,35.8250481]]},"properties":{"axis":"도로경관축","sub":"국도 4호선 경관축","new":false,"lbl":"","note":"OSM ref 4;35 trunk","source":"2030 경주시 경관계획 재정비 (2025.04) §4.3 경관축 (T1) — 선형은 OSM (T4)"}},{"type":"Feature","geometry":{"type":"LineString","coordinates":[[129.1349147,35.8258426],[129.1349692,35.825766]]},"properties":{"axis":"도로경관축","sub":"국도 4호선 경관축","new":false,"lbl":"","note":"OSM ref 4;35 trunk","source":"2030 경주시 경관계획 재정비 (2025.04) §4.3 경관축 (T1) — 선형은 OSM (T4)"}},{"type":"Feature","geometry":{"type":"LineString","coordinates":[[129.1103631,35.8494056],[129.1106279,35.8492208],[129.111286,35.8487953],[129.1117426,35.8484866],[129.1119765,35.8483006]]},"properties":{"axis":"도로경관축","sub":"국도 4호선 경관축","new":false,"lbl":"","note":"OSM ref 4;35 trunk","source":"2030 경주시 경관계획 재정비 (2025.04) §4.3 경관축 (T1) — 선형은 OSM (T4)"}},{"type":"Feature","geometry":{"type":"LineString","coordinates":[[129.1119765,35.8483006],[129.1120431,35.8482477]]},"properties":{"axis":"도로경관축","sub":"국도 4호선 경관축","new":false,"lbl":"","note":"OSM ref 4;35 trunk","source":"2030 경주시 경관계획 재정비 (2025.04) §4.3 경관축 (T1) — 선형은 OSM (T4)"}},{"type":"Feature","geometry":{"type":"LineString","coordinates":[[129.0730271,35.8855565],[129.0728371,35.8856754]]},"properties":{"axis":"도로경관축","sub":"국도 4호선 경관축","new":false,"lbl":"","note":"OSM ref 4;35 trunk","source":"2030 경주시 경관계획 재정비 (2025.04) §4.3 경관축 (T1) — 선형은 OSM (T4)"}},{"type":"Feature","geometry":{"type":"LineString","coordinates":[[129.0724502,35.8857904],[129.0727906,35.8855955]]},"properties":{"axis":"도로경관축","sub":"국도 4호선 경관축","new":false,"lbl":"","note":"OSM ref 4;35 trunk","source":"2030 경주시 경관계획 재정비 (2025.04) §4.3 경관축 (T1) — 선형은 OSM (T4)"}},{"type":"Feature","geometry":{"type":"LineString","coordinates":[[129.0709531,35.8866371],[129.0724502,35.8857904]]},"properties":{"axis":"도로경관축","sub":"국도 4호선 경관축","new":false,"lbl":"","note":"OSM ref 4;35 trunk","source":"2030 경주시 경관계획 재정비 (2025.04) §4.3 경관축 (T1) — 선형은 OSM (T4)"}},{"type":"Feature","geometry":{"type":"LineString","coordinates":[[129.0706813,35.8868014],[129.0709531,35.8866371]]},"properties":{"axis":"도로경관축","sub":"국도 4호선 경관축","new":false,"lbl":"","note":"OSM ref 4;35 trunk","source":"2030 경주시 경관계획 재정비 (2025.04) §4.3 경관축 (T1) — 선형은 OSM (T4)"}},{"type":"Feature","geometry":{"type":"LineString","coordinates":[[129.0724735,35.8858636],[129.0710023,35.8867057]]},"properties":{"axis":"도로경관축","sub":"국도 4호선 경관축","new":false,"lbl":"","note":"OSM ref 4;35 trunk","source":"2030 경주시 경관계획 재정비 (2025.04) §4.3 경관축 (T1) — 선형은 OSM (T4)"}},{"type":"Feature","geometry":{"type":"LineString","coordinates":[[129.0710023,35.8867057],[129.0707254,35.8868628]]},"properties":{"axis":"도로경관축","sub":"국도 4호선 경관축","new":false,"lbl":"","note":"OSM ref 4;35 trunk","source":"2030 경주시 경관계획 재정비 (2025.04) §4.3 경관축 (T1) — 선형은 OSM (T4)"}},{"type":"Feature","geometry":{"type":"LineString","coordinates":[[129.0550196,35.9019408],[129.0546664,35.9021982],[129.0542522,35.9024489]]},"properties":{"axis":"도로경관축","sub":"국도 4호선 경관축","new":false,"lbl":"","note":"OSM ref 4;35 trunk","source":"2030 경주시 경관계획 재정비 (2025.04) §4.3 경관축 (T1) — 선형은 OSM (T4)"}},{"type":"Feature","geometry":{"type":"LineString","coordinates":[[129.0541869,35.9023813],[129.0546074,35.9021293],[129.0549579,35.9018773]]},"properties":{"axis":"도로경관축","sub":"국도 4호선 경관축","new":false,"lbl":"","note":"OSM ref 4;35 trunk","source":"2030 경주시 경관계획 재정비 (2025.04) §4.3 경관축 (T1) — 선형은 OSM (T4)"}},{"type":"Feature","geometry":{"type":"LineString","coordinates":[[129.0527393,35.902933],[129.0529339,35.9028791]]},"properties":{"axis":"도로경관축","sub":"국도 4호선 경관축","new":false,"lbl":"","note":"OSM ref 4;35 trunk","source":"2030 경주시 경관계획 재정비 (2025.04) §4.3 경관축 (T1) — 선형은 OSM (T4)"}},{"type":"Feature","geometry":{"type":"LineString","coordinates":[[129.0529654,35.9029561],[129.0527726,35.9030111]]},"properties":{"axis":"도로경관축","sub":"국도 4호선 경관축","new":false,"lbl":"","note":"OSM ref 4;35 trunk","source":"2030 경주시 경관계획 재정비 (2025.04) §4.3 경관축 (T1) — 선형은 OSM (T4)"}},{"type":"Feature","geometry":{"type":"LineString","coordinates":[[129.0224487,35.9114504],[129.022559,35.9113039]]},"properties":{"axis":"도로경관축","sub":"국도 4호선 경관축","new":false,"lbl":"","note":"OSM ref 4;35 trunk","source":"2030 경주시 경관계획 재정비 (2025.04) §4.3 경관축 (T1) — 선형은 OSM (T4)"}},{"type":"Feature","geometry":{"type":"LineString","coordinates":[[129.02289,35.9115327],[129.0227788,35.911679]]},"properties":{"axis":"도로경관축","sub":"국도 4호선 경관축","new":false,"lbl":"","note":"OSM ref 4;35 trunk","source":"2030 경주시 경관계획 재정비 (2025.04) §4.3 경관축 (T1) — 선형은 OSM (T4)"}},{"type":"Feature","geometry":{"type":"LineString","coordinates":[[129.278264,35.8336861],[129.2783414,35.833685],[129.2784181,35.8336869],[129.2797352,35.8337878],[129.2806893,35.8338538],[129.2812902,35.8339108],[129.2816805,35.8339321],[129.2819832,35.8339543],[129.2823699,35.8339851],[129.2829939,35.834018]]},"properties":{"axis":"도로경관축","sub":"동해바다로(경감로) 자전거도로 경관축","new":false,"lbl":"","note":"자전거도로 경관축","source":"2030 경주시 경관계획 재정비 (2025.04) §4.3 경관축 (T1) — 선형은 OSM (T4)"}},{"type":"Feature","geometry":{"type":"LineString","coordinates":[[129.343814,35.817115],[129.3439429,35.817099],[129.3442459,35.817031],[129.3443879,35.816987]]},"properties":{"axis":"도로경관축","sub":"동해바다로(경감로) 자전거도로 경관축","new":false,"lbl":"","note":"자전거도로 경관축","source":"2030 경주시 경관계획 재정비 (2025.04) §4.3 경관축 (T1) — 선형은 OSM (T4)"}},{"type":"Feature","geometry":{"type":"LineString","coordinates":[[129.343647,35.817163],[129.343814,35.817115]]},"properties":{"axis":"도로경관축","sub":"동해바다로(경감로) 자전거도로 경관축","new":false,"lbl":"","note":"자전거도로 경관축","source":"2030 경주시 경관계획 재정비 (2025.04) §4.3 경관축 (T1) — 선형은 OSM (T4)"}},{"type":"Feature","geometry":{"type":"LineString","coordinates":[[129.3443879,35.816987],[129.3445632,35.8169088]]},"properties":{"axis":"도로경관축","sub":"동해바다로(경감로) 자전거도로 경관축","new":false,"lbl":"","note":"자전거도로 경관축","source":"2030 경주시 경관계획 재정비 (2025.04) §4.3 경관축 (T1) — 선형은 OSM (T4)"}},{"type":"Feature","geometry":{"type":"LineString","coordinates":[[129.3411157,35.8228763],[129.3411241,35.8224996],[129.3411566,35.8217292],[129.3412341,35.8213182],[129.34142,35.82102],[129.341783,35.8206479],[129.3420449,35.8202709],[129.342284,35.81988],[129.3427929,35.819273],[129.343077,35.818909],[129.343176,35.8186629],[129.343204,35.818393],[129.343192,35.818119],[129.343187,35.817847],[129.343198,35.817608],[129.3433119,35.8173969],[129.34352,35.817226],[129.343647,35.817163]]},"properties":{"axis":"도로경관축","sub":"동해바다로(경감로) 자전거도로 경관축","new":false,"lbl":"","note":"자전거도로 경관축","source":"2030 경주시 경관계획 재정비 (2025.04) §4.3 경관축 (T1) — 선형은 OSM (T4)"}},{"type":"Feature","geometry":{"type":"LineString","coordinates":[[129.353954,35.8150292],[129.354117,35.8151099],[129.3543999,35.8152399],[129.354855,35.8153539],[129.355154,35.8153689],[129.3554134,35.8153516],[129.3555057,35.8153433],[129.3557656,35.8152764],[129.3562273,35.815058],[129.3571427,35.8145306],[129.3578846,35.8140899]]},"properties":{"axis":"도로경관축","sub":"동해바다로(경감로) 자전거도로 경관축","new":false,"lbl":"","note":"자전거도로 경관축","source":"2030 경주시 경관계획 재정비 (2025.04) §4.3 경관축 (T1) — 선형은 OSM (T4)"}},{"type":"Feature","geometry":{"type":"LineString","coordinates":[[129.353833,35.8149789],[129.353954,35.8150292]]},"properties":{"axis":"도로경관축","sub":"동해바다로(경감로) 자전거도로 경관축","new":false,"lbl":"","note":"자전거도로 경관축","source":"2030 경주시 경관계획 재정비 (2025.04) §4.3 경관축 (T1) — 선형은 OSM (T4)"}},{"type":"Feature","geometry":{"type":"LineString","coordinates":[[129.19944,35.8144149],[129.1993428,35.81437],[129.1963657,35.812996],[129.1927146,35.8113265]]},"properties":{"axis":"중심시가지 통경축","sub":"주통경축 (서라벌대로)","new":false,"lbl":"","note":"주요 경관자원으로의 통경축","source":"2030 경주시 경관계획 재정비 (2025.04) §4.3 경관축 (T1) — 선형은 OSM (T4)"}},{"type":"Feature","geometry":{"type":"LineString","coordinates":[[129.206116,35.8208466],[129.2060959,35.8217879],[129.2060539,35.8233127],[129.2060298,35.8242163],[129.2060214,35.8245287],[129.2060143,35.8246753]]},"properties":{"axis":"중심시가지 통경축","sub":"주통경축 (금성로)","new":false,"lbl":"","note":"주요 경관자원으로의 통경축","source":"2030 경주시 경관계획 재정비 (2025.04) §4.3 경관축 (T1) — 선형은 OSM (T4)"}},{"type":"Feature","geometry":{"type":"LineString","coordinates":[[129.2014328,35.8448092],[129.202979,35.8447731]]},"properties":{"axis":"중심시가지 통경축","sub":"주통경축 (화랑로)","new":false,"lbl":"","note":"주요 경관자원으로의 통경축","source":"2030 경주시 경관계획 재정비 (2025.04) §4.3 경관축 (T1) — 선형은 OSM (T4)"}},{"type":"Feature","geometry":{"type":"LineString","coordinates":[[129.2104689,35.8199852],[129.2105,35.82045],[129.2105016,35.8204812],[129.21052,35.82084],[129.2105268,35.8209901],[129.2105314,35.8210906],[129.2105631,35.8217841],[129.2105702,35.8218691],[129.2105744,35.8219382],[129.2106332,35.8229014],[129.2106422,35.8230407],[129.2106619,35.8233426],[129.2107062,35.8242875],[129.2107116,35.8244021],[129.2106709,35.8246598],[129.21058,35.82482],[129.210437,35.8250927],[129.2101666,35.8256083]]},"properties":{"axis":"중심시가지 통경축","sub":"주통경축 (포석로)","new":false,"lbl":"","note":"주요 경관자원으로의 통경축","source":"2030 경주시 경관계획 재정비 (2025.04) §4.3 경관축 (T1) — 선형은 OSM (T4)"}},{"type":"Feature","geometry":{"type":"LineString","coordinates":[[129.2233409,35.8494365],[129.2236316,35.849637],[129.2238777,35.8498415],[129.2240517,35.8500439],[129.2241751,35.8502879],[129.2241843,35.8504252],[129.224158,35.850794],[129.2241599,35.8510137],[129.2241651,35.8516166],[129.2241661,35.8517367],[129.2241701,35.8519565],[129.2241767,35.8521722],[129.2241884,35.8526183],[129.2241942,35.8528386],[129.2241964,35.8530656],[129.2242055,35.8541415],[129.224208,35.8551422],[129.2242119,35.855507],[129.22422,35.8561389],[129.2242201,35.8564065],[129.2242255,35.8566435]]},"properties":{"axis":"역사조망축","sub":"신라옛길 조망축 (양정로)","new":true,"lbl":"신라옛길 조망축 (양정로)","note":"신라왕경 360방 복원도 기반 통경축 → 역사조망축(신규)","source":"2030 경주시 경관계획 재정비 (2025.04) §4.3 경관축 (T1) — 선형은 OSM (T4)"}},{"type":"Feature","geometry":{"type":"LineString","coordinates":[[129.2135441,35.8404474],[129.2136396,35.8400985],[129.2136759,35.8395336],[129.2136946,35.8394097],[129.2136893,35.8389205],[129.213721,35.8383514],[129.2137336,35.8381259],[129.2137684,35.8379113],[129.2138749,35.8375983],[129.2141412,35.8371557],[129.2144075,35.8367023],[129.2146871,35.8364001],[129.2150116,35.8361198],[129.2152597,35.8359575],[129.2156458,35.8357632],[129.2156957,35.8357406],[129.2157677,35.8357079],[129.2159101,35.835561],[129.2160067,35.8354751],[129.216318,35.8351249]]},"properties":{"axis":"중심시가지 통경축","sub":"주통경축 (계림로)","new":false,"lbl":"주통경축 (계림로)","note":"주요 경관자원으로의 통경축","source":"2030 경주시 경관계획 재정비 (2025.04) §4.3 경관축 (T1) — 선형은 OSM (T4)"}},{"type":"Feature","geometry":{"type":"LineString","coordinates":[[129.2111183,35.8353897],[129.2101692,35.8354454],[129.2095194,35.8355149]]},"properties":{"axis":"중심시가지 통경축","sub":"주통경축 (포석로)","new":false,"lbl":"","note":"주요 경관자원으로의 통경축","source":"2030 경주시 경관계획 재정비 (2025.04) §4.3 경관축 (T1) — 선형은 OSM (T4)"}},{"type":"Feature","geometry":{"type":"LineString","coordinates":[[129.2101774,35.8346489],[129.2101692,35.8354454]]},"properties":{"axis":"중심시가지 통경축","sub":"주통경축 (포석로)","new":false,"lbl":"","note":"주요 경관자원으로의 통경축","source":"2030 경주시 경관계획 재정비 (2025.04) §4.3 경관축 (T1) — 선형은 OSM (T4)"}},{"type":"Feature","geometry":{"type":"LineString","coordinates":[[129.2056243,35.8339601],[129.2056364,35.8334751],[129.2056483,35.8329944]]},"properties":{"axis":"역사조망축","sub":"역사유적 조망축 (첨성로)","new":true,"lbl":"","note":"신라왕경 360방 복원도 기반 통경축 → 역사조망축(신규)","source":"2030 경주시 경관계획 재정비 (2025.04) §4.3 경관축 (T1) — 선형은 OSM (T4)"}},{"type":"Feature","geometry":{"type":"LineString","coordinates":[[129.2060316,35.8339651],[129.2060352,35.8334881],[129.2060387,35.8329944]]},"properties":{"axis":"역사조망축","sub":"역사유적 조망축 (첨성로)","new":true,"lbl":"","note":"신라왕경 360방 복원도 기반 통경축 → 역사조망축(신규)","source":"2030 경주시 경관계획 재정비 (2025.04) §4.3 경관축 (T1) — 선형은 OSM (T4)"}},{"type":"Feature","geometry":{"type":"LineString","coordinates":[[129.2046842,35.8391935],[129.2037725,35.8392048]]},"properties":{"axis":"중심시가지 통경축","sub":"주통경축 (태종로)","new":false,"lbl":"","note":"주요 경관자원으로의 통경축","source":"2030 경주시 경관계획 재정비 (2025.04) §4.3 경관축 (T1) — 선형은 OSM (T4)"}},{"type":"Feature","geometry":{"type":"LineString","coordinates":[[129.2022284,35.8411042],[129.2018753,35.8411059],[129.201399,35.8411082]]},"properties":{"axis":"중심시가지 통경축","sub":"주통경축 (강변로)","new":false,"lbl":"","note":"주요 경관자원으로의 통경축","source":"2030 경주시 경관계획 재정비 (2025.04) §4.3 경관축 (T1) — 선형은 OSM (T4)"}},{"type":"Feature","geometry":{"type":"LineString","coordinates":[[129.2028786,35.8400367],[129.2022063,35.8400506],[129.2019453,35.839982]]},"properties":{"axis":"중심시가지 통경축","sub":"주통경축 (강변로)","new":false,"lbl":"","note":"주요 경관자원으로의 통경축","source":"2030 경주시 경관계획 재정비 (2025.04) §4.3 경관축 (T1) — 선형은 OSM (T4)"}},{"type":"Feature","geometry":{"type":"LineString","coordinates":[[129.2022284,35.8411042],[129.2022191,35.8406619],[129.2022063,35.8400506]]},"properties":{"axis":"중심시가지 통경축","sub":"주통경축 (강변로)","new":false,"lbl":"","note":"주요 경관자원으로의 통경축","source":"2030 경주시 경관계획 재정비 (2025.04) §4.3 경관축 (T1) — 선형은 OSM (T4)"}},{"type":"Feature","geometry":{"type":"LineString","coordinates":[[129.2155996,35.8410741],[129.2156446,35.8411493],[129.2156875,35.841171],[129.2157432,35.8411887],[129.2158886,35.8412533],[129.216275,35.8413601],[129.2166909,35.8415331],[129.2168358,35.8416301],[129.2169033,35.8418437]]},"properties":{"axis":"중심시가지 통경축","sub":"주통경축 (태종로)","new":false,"lbl":"","note":"주요 경관자원으로의 통경축","source":"2030 경주시 경관계획 재정비 (2025.04) §4.3 경관축 (T1) — 선형은 OSM (T4)"}},{"type":"Feature","geometry":{"type":"LineString","coordinates":[[129.2108762,35.844536],[129.2108799,35.8445903],[129.2109437,35.845937]]},"properties":{"axis":"중심시가지 통경축","sub":"주통경축 (화랑로)","new":false,"lbl":"","note":"주요 경관자원으로의 통경축","source":"2030 경주시 경관계획 재정비 (2025.04) §4.3 경관축 (T1) — 선형은 OSM (T4)"}},{"type":"Feature","geometry":{"type":"LineString","coordinates":[[129.2053807,35.8500951],[129.2053684,35.8494321]]},"properties":{"axis":"중심시가지 통경축","sub":"주통경축 (북문로)","new":false,"lbl":"","note":"주요 경관자원으로의 통경축","source":"2030 경주시 경관계획 재정비 (2025.04) §4.3 경관축 (T1) — 선형은 OSM (T4)"}},{"type":"Feature","geometry":{"type":"LineString","coordinates":[[129.2225629,35.8399877],[129.2236027,35.8400165],[129.2236932,35.8400101],[129.2236853,35.8393216],[129.2236398,35.8392082],[129.2236097,35.8391896],[129.2235743,35.8391566],[129.2235584,35.8391193],[129.2235496,35.8390662],[129.2235554,35.8387527]]},"properties":{"axis":"역사조망축","sub":"신라옛길 조망축 (양정로)","new":true,"lbl":"","note":"신라왕경 360방 복원도 기반 통경축 → 역사조망축(신규)","source":"2030 경주시 경관계획 재정비 (2025.04) §4.3 경관축 (T1) — 선형은 OSM (T4)"}},{"type":"Feature","geometry":{"type":"LineString","coordinates":[[129.220611,35.8443613],[129.2206209,35.8448783],[129.2206296,35.8453453],[129.2206427,35.8456811],[129.2206692,35.8460034],[129.2207101,35.8467917],[129.2207184,35.8469361],[129.2207796,35.8489138]]},"properties":{"axis":"역사조망축","sub":"신라옛길 조망축 (양정로)","new":true,"lbl":"","note":"신라왕경 360방 복원도 기반 통경축 → 역사조망축(신규)","source":"2030 경주시 경관계획 재정비 (2025.04) §4.3 경관축 (T1) — 선형은 OSM (T4)"}},{"type":"Feature","geometry":{"type":"LineString","coordinates":[[129.2227217,35.84428],[129.2226854,35.8431636],[129.2226804,35.8430092],[129.2226513,35.8421125],[129.2226357,35.8416326]]},"properties":{"axis":"역사조망축","sub":"신라옛길 조망축 (양정로)","new":true,"lbl":"","note":"신라왕경 360방 복원도 기반 통경축 → 역사조망축(신규)","source":"2030 경주시 경관계획 재정비 (2025.04) §4.3 경관축 (T1) — 선형은 OSM (T4)"}},{"type":"Feature","geometry":{"type":"LineString","coordinates":[[129.2196359,35.8462768],[129.2199319,35.8460214],[129.2202753,35.8457013],[129.2206427,35.8456811]]},"properties":{"axis":"역사조망축","sub":"신라옛길 조망축 (양정로)","new":true,"lbl":"","note":"신라왕경 360방 복원도 기반 통경축 → 역사조망축(신규)","source":"2030 경주시 경관계획 재정비 (2025.04) §4.3 경관축 (T1) — 선형은 OSM (T4)"}},{"type":"Feature","geometry":{"type":"LineString","coordinates":[[129.2206209,35.8448783],[129.2216914,35.8448537]]},"properties":{"axis":"역사조망축","sub":"신라옛길 조망축 (양정로)","new":true,"lbl":"","note":"신라왕경 360방 복원도 기반 통경축 → 역사조망축(신규)","source":"2030 경주시 경관계획 재정비 (2025.04) §4.3 경관축 (T1) — 선형은 OSM (T4)"}},{"type":"Feature","geometry":{"type":"LineString","coordinates":[[129.225628,35.8554988],[129.2248391,35.8555034],[129.2242119,35.855507]]},"properties":{"axis":"역사조망축","sub":"신라옛길 조망축 (양정로)","new":true,"lbl":"","note":"신라왕경 360방 복원도 기반 통경축 → 역사조망축(신규)","source":"2030 경주시 경관계획 재정비 (2025.04) §4.3 경관축 (T1) — 선형은 OSM (T4)"}},{"type":"Feature","geometry":{"type":"LineString","coordinates":[[129.2236316,35.849637],[129.2241503,35.8492801],[129.2244142,35.8491307]]},"properties":{"axis":"역사조망축","sub":"신라옛길 조망축 (양정로)","new":true,"lbl":"","note":"신라왕경 360방 복원도 기반 통경축 → 역사조망축(신규)","source":"2030 경주시 경관계획 재정비 (2025.04) §4.3 경관축 (T1) — 선형은 OSM (T4)"}},{"type":"Feature","geometry":{"type":"LineString","coordinates":[[129.2256249,35.8256886],[129.2250359,35.825637],[129.2248347,35.8256386],[129.2243634,35.8256271],[129.2236163,35.8255852],[129.2232639,35.8255167],[129.2229746,35.8254431],[129.2227227,35.8253484],[129.2225801,35.8252711],[129.2224513,35.8251925],[129.2222874,35.825066],[129.2220933,35.8248689],[129.2219525,35.8246566],[129.221826,35.8244108],[129.2217111,35.8240705],[129.2215051,35.8234491],[129.2213685,35.8230771],[129.2212259,35.8228292],[129.2210616,35.8226436],[129.2208435,35.8224278],[129.2206176,35.822285],[129.2203316,35.8221514],[129.2201689,35.822091],[129.219998,35.8220371]]},"properties":{"axis":"중심시가지 통경축","sub":"주통경축 (서라벌대로)","new":false,"lbl":"주통경축 (서라벌대로)","note":"주요 경관자원으로의 통경축","source":"2030 경주시 경관계획 재정비 (2025.04) §4.3 경관축 (T1) — 선형은 OSM (T4)"}},{"type":"Feature","geometry":{"type":"LineString","coordinates":[[129.2038091,35.8397351],[129.2037725,35.8392048]]},"properties":{"axis":"중심시가지 통경축","sub":"주통경축 (태종로)","new":false,"lbl":"","note":"주요 경관자원으로의 통경축","source":"2030 경주시 경관계획 재정비 (2025.04) §4.3 경관축 (T1) — 선형은 OSM (T4)"}},{"type":"Feature","geometry":{"type":"LineString","coordinates":[[129.2062421,35.8174354],[129.2078527,35.8181772],[129.2091056,35.8187542],[129.2104442,35.819383]]},"properties":{"axis":"중심시가지 통경축","sub":"주통경축 (서라벌대로)","new":false,"lbl":"","note":"주요 경관자원으로의 통경축","source":"2030 경주시 경관계획 재정비 (2025.04) §4.3 경관축 (T1) — 선형은 OSM (T4)"}},{"type":"Feature","geometry":{"type":"LineString","coordinates":[[129.2353359,35.8273438],[129.2352194,35.8272323],[129.2347389,35.8268373],[129.2342748,35.8265173],[129.23384,35.8262917],[129.2337187,35.8262429],[129.233402,35.8261156],[129.233009,35.8260078],[129.2326228,35.8259265],[129.2323525,35.8258849],[129.2320541,35.8258546],[129.2309396,35.8258191],[129.2301578,35.8257941],[129.2281122,35.8257287]]},"properties":{"axis":"중심시가지 통경축","sub":"주통경축 (서라벌대로)","new":false,"lbl":"","note":"주요 경관자원으로의 통경축","source":"2030 경주시 경관계획 재정비 (2025.04) §4.3 경관축 (T1) — 선형은 OSM (T4)"}},{"type":"Feature","geometry":{"type":"LineString","coordinates":[[129.3643018,35.8122737],[129.3654191,35.8117992],[129.3677994,35.8107468],[129.3681669,35.810555],[129.3685118,35.8103357],[129.3687733,35.8101506]]},"properties":{"axis":"중심시가지 통경축","sub":"주통경축 (경감로)","new":false,"lbl":"","note":"주요 경관자원으로의 통경축","source":"2030 경주시 경관계획 재정비 (2025.04) §4.3 경관축 (T1) — 선형은 OSM (T4)"}},{"type":"Feature","geometry":{"type":"LineString","coordinates":[[129.2142073,35.8331868],[129.2144146,35.8331986],[129.2145248,35.8332048],[129.2147822,35.8332148],[129.214932,35.8332704],[129.2150367,35.8333432],[129.2151114,35.8334371],[129.2153079,35.8338265],[129.2154663,35.8341404],[129.2154819,35.8341713],[129.2157379,35.8346691],[129.2157473,35.8346865],[129.2158562,35.8347944],[129.215903,35.8348313],[129.2160291,35.834931],[129.216318,35.8351249],[129.2167606,35.8353676],[129.2171745,35.8355218],[129.2173921,35.8355823],[129.2178373,35.8356748],[129.2184649,35.8357239],[129.2189971,35.8357552],[129.2194859,35.8357558],[129.2198163,35.8357661],[129.2202935,35.8357864],[129.2211167,35.8358214]]},"properties":{"axis":"역사조망축","sub":"역사유적 조망축 (첨성로)","new":true,"lbl":"역사유적 조망축 (첨성로)","note":"신라왕경 360방 복원도 기반 통경축 → 역사조망축(신규)","source":"2030 경주시 경관계획 재정비 (2025.04) §4.3 경관축 (T1) — 선형은 OSM (T4)"}},{"type":"Feature","geometry":{"type":"LineString","coordinates":[[129.2097837,35.8263473],[129.2097536,35.8264124],[129.2097452,35.8264401],[129.2097303,35.8264897],[129.2097055,35.8267169],[129.20969,35.8271],[129.2096851,35.8272824],[129.20968,35.82747],[129.2096614,35.8283805],[129.20966,35.82845],[129.2096188,35.8294586],[129.2096,35.82992],[129.20958,35.8312],[129.20954,35.83211],[129.2095008,35.8330153]]},"properties":{"axis":"중심시가지 통경축","sub":"주통경축 (포석로)","new":false,"lbl":"","note":"주요 경관자원으로의 통경축","source":"2030 경주시 경관계획 재정비 (2025.04) §4.3 경관축 (T1) — 선형은 OSM (T4)"}},{"type":"Feature","geometry":{"type":"LineString","coordinates":[[129.1994033,35.8374071],[129.2024104,35.838283]]},"properties":{"axis":"중심시가지 통경축","sub":"주통경축 (태종로)","new":false,"lbl":"","note":"주요 경관자원으로의 통경축","source":"2030 경주시 경관계획 재정비 (2025.04) §4.3 경관축 (T1) — 선형은 OSM (T4)"}},{"type":"Feature","geometry":{"type":"LineString","coordinates":[[129.2135441,35.8404474],[129.2145152,35.8408423],[129.2148238,35.8409601],[129.2150061,35.8410184],[129.2152038,35.8410545],[129.2153762,35.8410706],[129.2155145,35.8410719],[129.2155996,35.8410741]]},"properties":{"axis":"중심시가지 통경축","sub":"주통경축 (태종로)","new":false,"lbl":"","note":"주요 경관자원으로의 통경축","source":"2030 경주시 경관계획 재정비 (2025.04) §4.3 경관축 (T1) — 선형은 OSM (T4)"}},{"type":"Feature","geometry":{"type":"LineString","coordinates":[[129.2030664,35.8384041],[129.2031329,35.8384149],[129.203291,35.8384404],[129.203623,35.8384941],[129.2037732,35.8385184],[129.2039447,35.8385461],[129.2046939,35.8386655],[129.2052241,35.8387462],[129.2056667,35.8388138],[129.206001,35.8388648],[129.2064194,35.8389338],[129.2065189,35.8389502],[129.2065322,35.8389524],[129.2066579,35.8389731]]},"properties":{"axis":"중심시가지 통경축","sub":"주통경축 (태종로)","new":false,"lbl":"","note":"주요 경관자원으로의 통경축","source":"2030 경주시 경관계획 재정비 (2025.04) §4.3 경관축 (T1) — 선형은 OSM (T4)"}},{"type":"Feature","geometry":{"type":"LineString","coordinates":[[129.1934844,35.8380191],[129.1953778,35.8372876],[129.1954933,35.8372502],[129.195713,35.8371789],[129.1960751,35.8370875],[129.1963273,35.8370397],[129.1965767,35.8370027],[129.196802,35.8369853],[129.1970193,35.8369788],[129.1974189,35.8369919],[129.1977032,35.8370179],[129.1980251,35.8370658],[129.1980714,35.8370745]]},"properties":{"axis":"중심시가지 통경축","sub":"주통경축 (태종로)","new":false,"lbl":"","note":"주요 경관자원으로의 통경축","source":"2030 경주시 경관계획 재정비 (2025.04) §4.3 경관축 (T1) — 선형은 OSM (T4)"}},{"type":"Feature","geometry":{"type":"LineString","coordinates":[[129.1565651,35.8238457],[129.1566724,35.8240933],[129.156894,35.8249444],[129.1570786,35.8257322],[129.1571202,35.8259],[129.1575129,35.8273877],[129.1575629,35.8275772],[129.1577775,35.828321],[129.1579116,35.828608],[129.1580578,35.8288424],[129.1581584,35.8290038],[129.1582405,35.8291121],[129.159308,35.8304958],[129.1597563,35.8310585],[129.1599246,35.8312595],[129.1607236,35.8323364],[129.1618019,35.8336585],[129.1619302,35.8338077],[129.1621985,35.8340905]]},"properties":{"axis":"중심시가지 통경축","sub":"주통경축 (태종로)","new":false,"lbl":"주통경축 (태종로)","note":"주요 경관자원으로의 통경축","source":"2030 경주시 경관계획 재정비 (2025.04) §4.3 경관축 (T1) — 선형은 OSM (T4)"}},{"type":"Feature","geometry":{"type":"LineString","coordinates":[[129.1905076,35.8392313],[129.1907027,35.8391336],[129.1919043,35.8386379],[129.1926204,35.8383552],[129.1934844,35.8380191]]},"properties":{"axis":"중심시가지 통경축","sub":"주통경축 (태종로)","new":false,"lbl":"","note":"주요 경관자원으로의 통경축","source":"2030 경주시 경관계획 재정비 (2025.04) §4.3 경관축 (T1) — 선형은 OSM (T4)"}},{"type":"Feature","geometry":{"type":"LineString","coordinates":[[129.2365318,35.8413766],[129.2372555,35.8411148],[129.2376225,35.840982],[129.2382616,35.8407426]]},"properties":{"axis":"중심시가지 통경축","sub":"주통경축 (경감로)","new":false,"lbl":"","note":"주요 경관자원으로의 통경축","source":"2030 경주시 경관계획 재정비 (2025.04) §4.3 경관축 (T1) — 선형은 OSM (T4)"}},{"type":"Feature","geometry":{"type":"LineString","coordinates":[[129.2069432,35.850158],[129.206864,35.8501544],[129.2053807,35.8500951],[129.204926,35.8500853],[129.2030039,35.8500674],[129.2025122,35.8500684]]},"properties":{"axis":"중심시가지 통경축","sub":"주통경축 (북문로)","new":false,"lbl":"주통경축 (북문로)","note":"주요 경관자원으로의 통경축","source":"2030 경주시 경관계획 재정비 (2025.04) §4.3 경관축 (T1) — 선형은 OSM (T4)"}},{"type":"Feature","geometry":{"type":"LineString","coordinates":[[129.204,35.8592545],[129.2039589,35.8591462],[129.2038791,35.8589947],[129.203646,35.8586579],[129.2026861,35.857406],[129.2026067,35.8572805]]},"properties":{"axis":"중심시가지 통경축","sub":"주통경축 (강변로)","new":false,"lbl":"","note":"주요 경관자원으로의 통경축","source":"2030 경주시 경관계획 재정비 (2025.04) §4.3 경관축 (T1) — 선형은 OSM (T4)"}},{"type":"Feature","geometry":{"type":"LineString","coordinates":[[129.2086687,35.8393177],[129.2088378,35.8389182],[129.2089726,35.8385996]]},"properties":{"axis":"중심시가지 통경축","sub":"주통경축 (태종로)","new":false,"lbl":"","note":"주요 경관자원으로의 통경축","source":"2030 경주시 경관계획 재정비 (2025.04) §4.3 경관축 (T1) — 선형은 OSM (T4)"}},{"type":"Feature","geometry":{"type":"LineString","coordinates":[[129.2059902,35.8254092],[129.2059899,35.8255286],[129.2059624,35.8261228],[129.2059909,35.8264993],[129.2061414,35.8273402],[129.2062416,35.8278658],[129.2072017,35.8329926]]},"properties":{"axis":"중심시가지 통경축","sub":"주통경축 (금성로)","new":false,"lbl":"","note":"주요 경관자원으로의 통경축","source":"2030 경주시 경관계획 재정비 (2025.04) §4.3 경관축 (T1) — 선형은 OSM (T4)"}},{"type":"Feature","geometry":{"type":"LineString","coordinates":[[129.3445632,35.8169088],[129.3447319,35.8167379],[129.34481,35.816624],[129.3448479,35.8165029],[129.344911,35.816284],[129.3450349,35.8160859],[129.345249,35.815924],[129.345516,35.8157979],[129.3456559,35.815761],[129.345947,35.8157729],[129.346226,35.8158729],[129.346686,35.8160279],[129.3470049,35.8161449],[129.347503,35.8163159],[129.347859,35.816379],[129.3484029,35.8163729],[129.348914,35.8162059],[129.349391,35.8160279],[129.349512,35.815979],[129.349663,35.8158439],[129.349736,35.815678],[129.3497679,35.8154549],[129.34982,35.8152099],[129.3498699,35.815104],[129.3499841,35.8149857],[129.3500633,35.8149468],[129.3501694,35.8148998],[129.3503228,35.8148778],[129.350708,35.8149484],[129.351219,35.8150556],[129.3518843,35.8152248],[129.3522443,35.8152846],[129.3523823,35.8152628],[129.3525685,35.8151833],[129.3526756,35.8151384],[129.352855,35.8150379],[129.353108,35.814941],[129.3532469,35.814914],[129.3533909,35.814901],[129.353538,35.8149099],[129.353833,35.8149789]]},"properties":{"axis":"중심시가지 통경축","sub":"주통경축 (경감로)","new":false,"lbl":"","note":"주요 경관자원으로의 통경축","source":"2030 경주시 경관계획 재정비 (2025.04) §4.3 경관축 (T1) — 선형은 OSM (T4)"}},{"type":"Feature","geometry":{"type":"LineString","coordinates":[[129.2845654,35.8340833],[129.2848409,35.834103],[129.2850395,35.8341172]]},"properties":{"axis":"중심시가지 통경축","sub":"주통경축 (경감로)","new":false,"lbl":"","note":"주요 경관자원으로의 통경축","source":"2030 경주시 경관계획 재정비 (2025.04) §4.3 경관축 (T1) — 선형은 OSM (T4)"}},{"type":"Feature","geometry":{"type":"LineString","coordinates":[[129.222474,35.83783],[129.2224849,35.8380607],[129.2225171,35.8387447],[129.2225317,35.839016],[129.2225629,35.8399877],[129.2225747,35.8401473],[129.2225974,35.8404547]]},"properties":{"axis":"역사조망축","sub":"신라옛길 조망축 (양정로)","new":true,"lbl":"","note":"신라왕경 360방 복원도 기반 통경축 → 역사조망축(신규)","source":"2030 경주시 경관계획 재정비 (2025.04) §4.3 경관축 (T1) — 선형은 OSM (T4)"}},{"type":"Feature","geometry":{"type":"LineString","coordinates":[[129.314461,35.7956667],[129.3145844,35.7956406],[129.3148901,35.795571],[129.3150725,35.7955449],[129.3151744,35.795571],[129.3152442,35.7955144],[129.3153461,35.7954535],[129.3154758,35.7954605],[129.315507,35.7954622],[129.3158128,35.7954709],[129.3160757,35.7954927],[129.3163818,35.7954723],[129.3164029,35.7954709],[129.3165209,35.795236],[129.3167891,35.7952577],[129.3170413,35.7952447],[129.3170901,35.7952447],[129.3173899,35.7952447],[129.3174436,35.7951707],[129.317465,35.7949966],[129.3175026,35.7948792],[129.3176367,35.7948095],[129.3176555,35.7947926],[129.317685,35.794766],[129.3179693,35.7945093],[129.318082,35.7945398],[129.3181678,35.7946529],[129.3185004,35.7948356],[129.3190261,35.7949966]]},"properties":{"axis":"중심시가지 통경축","sub":"주통경축 (보불로)","new":false,"lbl":"","note":"주요 경관자원으로의 통경축","source":"2030 경주시 경관계획 재정비 (2025.04) §4.3 경관축 (T1) — 선형은 OSM (T4)"}},{"type":"Feature","geometry":{"type":"LineString","coordinates":[[129.313553,35.7963151],[129.3135488,35.7960737]]},"properties":{"axis":"중심시가지 통경축","sub":"주통경축 (보불로)","new":false,"lbl":"","note":"주요 경관자원으로의 통경축","source":"2030 경주시 경관계획 재정비 (2025.04) §4.3 경관축 (T1) — 선형은 OSM (T4)"}},{"type":"Feature","geometry":{"type":"LineString","coordinates":[[129.3177972,35.7872118],[129.3177307,35.7873059],[129.3174519,35.7876502],[129.3174221,35.787687],[129.3173548,35.7877702],[129.3171503,35.7880227],[129.3166429,35.7885503],[129.3165275,35.7886704],[129.3159225,35.7892896],[129.3150481,35.7901867],[129.3149089,35.7903281],[129.3143146,35.7909319],[129.3139742,35.7913759],[129.3137895,35.7917163]]},"properties":{"axis":"중심시가지 통경축","sub":"주통경축 (보불로)","new":false,"lbl":"","note":"주요 경관자원으로의 통경축","source":"2030 경주시 경관계획 재정비 (2025.04) §4.3 경관축 (T1) — 선형은 OSM (T4)"}},{"type":"Feature","geometry":{"type":"LineString","coordinates":[[129.3002708,35.8314225],[129.3004532,35.8314762],[129.3007224,35.8315554],[129.3010446,35.8316355],[129.3015585,35.831795],[129.3019768,35.83191],[129.30216,35.8319325],[129.3023585,35.8319175],[129.3031252,35.8318525],[129.3040866,35.8317026],[129.3049972,35.8317688],[129.30576,35.8319],[129.30629,35.83189],[129.30648,35.83181],[129.30691,35.8317],[129.30704,35.83169],[129.30717,35.8317],[129.30744,35.83181],[129.30769,35.83191],[129.30792,35.83199],[129.30821,35.83199],[129.30897,35.83192],[129.30937,35.83191],[129.30948,35.83196],[129.3096,35.83199],[129.30979,35.83211],[129.31003,35.83226],[129.31011,35.83232],[129.31041,35.83244],[129.31052,35.83248],[129.3109,35.83253],[129.31108,35.83254],[129.31113,35.83252],[129.31122,35.8325],[129.31143,35.83232],[129.31177,35.83186],[129.31205,35.83122],[129.31235,35.83059],[129.31251,35.83006],[129.31263,35.82923],[129.31267,35.82874],[129.31264,35.82851],[129.31246,35.82808],[129.3121,35.82769],[129.31194,35.82736],[129.31191,35.82717],[129.31192,35.82702],[129.312006,35.8268675],[129.31214,35.82663],[129.31238,35.82639],[129.31257,35.8263],[129.31272,35.82623],[129.31293,35.82626],[129.31308,35.82633],[129.31326,35.82648],[129.31336,35.82658],[129.31366,35.82715],[129.31403,35.82805],[129.31434,35.82871],[129.3147,35.82956],[129.31482,35.8297],[129.31504,35.82977],[129.3152,35.82975],[129.31547,35.82959],[129.31582,35.82935],[129.31601,35.82925],[129.31612,35.82922],[129.3163668,35.8292122],[129.3165407,35.8293265],[129.3167264,35.82949],[129.316872,35.8296043],[129.3170764,35.8296548],[129.3172578,35.8296648],[129.31759,35.82956],[129.31774,35.82944],[129.3182751,35.8290157],[129.3183727,35.8289005],[129.3184724,35.828722],[129.31851,35.8284878],[129.3184507,35.8280987],[129.3184403,35.8279652],[129.3184751,35.82786],[129.3186736,35.8276387],[129.3189612,35.8273483],[129.3190612,35.827277],[129.3191871,35.8272217],[129.3193029,35.8272365],[129.3194514,35.8272954],[129.3195641,35.8274474],[129.3196231,35.8277674],[129.31967,35.82808],[129.3197304,35.8282349],[129.31985,35.82836],[129.3199917,35.8284404],[129.32075,35.8285361],[129.3215646,35.8285626],[129.3218078,35.8285465],[129.3220378,35.8284952],[129.3222405,35.828406],[129.322418,35.8282535],[129.3225095,35.8280682],[129.3224487,35.8277517],[129.3224556,35.8274534],[129.3225319,35.8271448],[129.3227158,35.82694],[129.3228797,35.8268226],[129.32327,35.82664],[129.32363,35.82643],[129.3236795,35.8263976]]},"properties":{"axis":"중심시가지 통경축","sub":"주통경축 (경감로)","new":false,"lbl":"주통경축 (경감로)","note":"주요 경관자원으로의 통경축","source":"2030 경주시 경관계획 재정비 (2025.04) §4.3 경관축 (T1) — 선형은 OSM (T4)"}},{"type":"Feature","geometry":{"type":"LineString","coordinates":[[129.2049208,35.7767717],[129.2049404,35.7776423],[129.20495,35.77807],[129.2049395,35.7787781],[129.20492,35.78009],[129.2047877,35.7812595],[129.20473,35.78177],[129.2046688,35.7824278],[129.204662,35.7827291],[129.20467,35.78293],[129.2047842,35.7833366],[129.2051,35.78417],[129.20518,35.7846137],[129.2051527,35.7849489],[129.2050177,35.7856739],[129.2048713,35.7866688],[129.20475,35.78745],[129.2046879,35.7881409],[129.20467,35.78834],[129.2046922,35.7886277],[129.2047833,35.788942],[129.2048253,35.7890696],[129.204976,35.789527],[129.2051285,35.78999],[129.20531,35.79111],[129.2053256,35.7914715],[129.2053345,35.7916766],[129.2053885,35.7924196],[129.2053861,35.7927456],[129.2054075,35.7929626],[129.2055756,35.7938202],[129.2056746,35.7942971],[129.2058111,35.7948091],[129.2058325,35.7948917],[129.2058949,35.7951335],[129.2059378,35.7952596],[129.20605,35.79576],[129.2062454,35.7965614],[129.2064139,35.7972528],[129.2064247,35.7972972],[129.20644,35.79736],[129.206632,35.7978275],[129.2068731,35.7984145],[129.2070853,35.7989581],[129.207106,35.7990112],[129.2075842,35.8002365],[129.2082516,35.8019468],[129.2086226,35.8028459],[129.2088318,35.8033527],[129.2089301,35.8036499],[129.2093597,35.8047861],[129.2095077,35.8051583],[129.2095774,35.8056629],[129.2097445,35.8069533],[129.2097804,35.8072636],[129.20981,35.80756],[129.20988,35.80817],[129.2098955,35.8082661],[129.20993,35.80848],[129.20996,35.80882],[129.21003,35.8094],[129.2100381,35.8098945],[129.21004,35.81001],[129.21007,35.81073],[129.2101254,35.811432],[129.21013,35.81149],[129.21015,35.81229],[129.21018,35.81288],[129.2101868,35.8129612],[129.21022,35.81336],[129.21024,35.8139],[129.210256,35.8144615],[129.21026,35.8146],[129.2102939,35.8148965]]},"properties":{"axis":"중심시가지 통경축","sub":"주통경축 (포석로)","new":false,"lbl":"주통경축 (포석로)","note":"주요 경관자원으로의 통경축","source":"2030 경주시 경관계획 재정비 (2025.04) §4.3 경관축 (T1) — 선형은 OSM (T4)"}},{"type":"Feature","geometry":{"type":"LineString","coordinates":[[129.2141973,35.8529542],[129.2141844,35.852606],[129.2141777,35.8524245],[129.2141704,35.852226],[129.2141671,35.8521372],[129.2141478,35.8516176],[129.2141294,35.8511215],[129.2141124,35.8506627],[129.2140826,35.8499405]]},"properties":{"axis":"중심시가지 통경축","sub":"주통경축 (동문로)","new":false,"lbl":"주통경축 (동문로)","note":"주요 경관자원으로의 통경축","source":"2030 경주시 경관계획 재정비 (2025.04) §4.3 경관축 (T1) — 선형은 OSM (T4)"}},{"type":"Feature","geometry":{"type":"LineString","coordinates":[[129.3009078,35.831004],[129.301278,35.8308257],[129.3014906,35.8307013],[129.301614,35.8306076],[129.3017304,35.8304966],[129.3018308,35.8303687],[129.3019099,35.8302407],[129.3020014,35.8300236],[129.302042,35.8299179],[129.3020685,35.8298064],[129.3020869,35.8296792],[129.3021336,35.8291503],[129.3022055,35.8284905],[129.3022423,35.8280943],[129.3022789,35.8278314],[129.3023357,35.827575],[129.3024713,35.8271472],[129.3026333,35.8266947],[129.3028926,35.8259487],[129.3030622,35.825472],[129.3032161,35.8250274],[129.303273,35.8247574],[129.3033298,35.8245005],[129.3034316,35.8239976],[129.3034965,35.8237217],[129.3035573,35.8234887],[129.30365,35.823221],[129.3037549,35.8229797],[129.3042758,35.8218002],[129.3044522,35.821447],[129.3046471,35.8210937],[129.3048266,35.8208073],[129.3050185,35.8205059],[129.3053561,35.8199844],[129.305454,35.8198051],[129.3055272,35.8196208],[129.3056111,35.8193653],[129.3056889,35.8190999],[129.3058931,35.8183085],[129.3059953,35.8178854],[129.3060389,35.8176921],[129.306233,35.8169709],[129.3064179,35.8162773],[129.3064676,35.8160878],[129.3065172,35.8158033],[129.3065383,35.8154115],[129.3065408,35.8150968],[129.3065148,35.8148464],[129.3064606,35.814523],[129.3063583,35.8141492],[129.3063192,35.8139476],[129.3062924,35.813736],[129.3063053,35.8135073],[129.3063429,35.8132836],[129.3064952,35.8126973],[129.3066238,35.8122602],[129.3067289,35.8117807],[129.3067591,35.8113222],[129.3067739,35.8109042],[129.3067831,35.8106451],[129.3068036,35.8101392],[129.3068604,35.809781],[129.3068974,35.8096599],[129.3069575,35.8094636],[129.3070546,35.8092261],[129.3073517,35.8085355],[129.3074676,35.808255],[129.3074779,35.80823],[129.3076139,35.8079006],[129.3078575,35.8072982],[129.3080148,35.8069801],[129.3081782,35.8067069],[129.3082501,35.806601],[129.3083323,35.8064801],[129.3084531,35.8063268],[129.308511,35.8062533],[129.3088127,35.8059215],[129.3091328,35.8055947],[129.309684,35.8050566],[129.3100811,35.8046883],[129.3107567,35.8040163],[129.3108216,35.8039518],[129.3108459,35.803928],[129.3108866,35.8038882],[129.3115745,35.8032152],[129.3116703,35.803119],[129.3117868,35.803002],[129.312155,35.8026324],[129.312427,35.8023618],[129.3126345,35.8021554],[129.312902,35.8018977],[129.312971,35.8018312],[129.3131278,35.8016641],[129.3131598,35.8016188],[129.3132477,35.8014946],[129.3133359,35.8013282],[129.3133902,35.8011993],[129.3134539,35.8010438],[129.3135114,35.8008746],[129.3135562,35.8007075],[129.3135856,35.800548],[129.3136046,35.8003709],[129.313612,35.8002396],[129.3136144,35.8001963],[129.313618,35.7999799],[129.3136186,35.7999439],[129.3136186,35.7998471],[129.3136186,35.7995001],[129.3136062,35.7988341],[129.3136079,35.7987212],[129.3135918,35.7980729],[129.3135799,35.7975328],[129.3135794,35.7975091],[129.3135791,35.7974942],[129.313565,35.7968547],[129.3135596,35.796685],[129.313553,35.7963151]]},"properties":{"axis":"중심시가지 통경축","sub":"주통경축 (보불로)","new":false,"lbl":"주통경축 (보불로)","note":"주요 경관자원으로의 통경축","source":"2030 경주시 경관계획 재정비 (2025.04) §4.3 경관축 (T1) — 선형은 OSM (T4)"}},{"type":"Feature","geometry":{"type":"LineString","coordinates":[[129.1817434,35.8429354],[129.1816482,35.8425014],[129.1816297,35.8424504],[129.1815963,35.8424188],[129.1815222,35.8423527],[129.1814758,35.8423061],[129.1814425,35.842246],[129.1811978,35.8420718]]},"properties":{"axis":"중심시가지 통경축","sub":"주통경축 (태종로)","new":false,"lbl":"","note":"주요 경관자원으로의 통경축","source":"2030 경주시 경관계획 재정비 (2025.04) §4.3 경관축 (T1) — 선형은 OSM (T4)"}},{"type":"Feature","geometry":{"type":"LineString","coordinates":[[129.2094735,35.8338029],[129.210394,35.8338097]]},"properties":{"axis":"중심시가지 통경축","sub":"주통경축 (포석로)","new":false,"lbl":"","note":"주요 경관자원으로의 통경축","source":"2030 경주시 경관계획 재정비 (2025.04) §4.3 경관축 (T1) — 선형은 OSM (T4)"}},{"type":"Feature","geometry":{"type":"LineString","coordinates":[[129.2068247,35.8552485],[129.2069166,35.8556372],[129.2071037,35.8564423],[129.2072043,35.8566358],[129.207303,35.8567607],[129.2073635,35.8568372],[129.2076818,35.8572092]]},"properties":{"axis":"중심시가지 통경축","sub":"주통경축 (금성로)","new":false,"lbl":"","note":"주요 경관자원으로의 통경축","source":"2030 경주시 경관계획 재정비 (2025.04) §4.3 경관축 (T1) — 선형은 OSM (T4)"}},{"type":"Feature","geometry":{"type":"LineString","coordinates":[[129.2225974,35.8404547],[129.2226357,35.8416326]]},"properties":{"axis":"역사조망축","sub":"신라옛길 조망축 (양정로)","new":true,"lbl":"","note":"신라왕경 360방 복원도 기반 통경축 → 역사조망축(신규)","source":"2030 경주시 경관계획 재정비 (2025.04) §4.3 경관축 (T1) — 선형은 OSM (T4)"}},{"type":"Feature","geometry":{"type":"LineString","coordinates":[[129.2056427,35.7513462],[129.2059764,35.7520104],[129.2059951,35.7521361],[129.2060032,35.7521901],[129.2059841,35.7524215],[129.2058284,35.7530724],[129.2057977,35.75332],[129.205829,35.7540156],[129.20593,35.75477],[129.20605,35.75532],[129.2062356,35.7558735],[129.20638,35.7564],[129.20658,35.75703],[129.20671,35.75755],[129.20672,35.75776],[129.20671,35.75819],[129.20662,35.7586],[129.20651,35.75891],[129.20621,35.75945],[129.20596,35.7599],[129.2058,35.76024],[129.2057007,35.7606178],[129.2056888,35.7609578],[129.20574,35.76152],[129.20582,35.76228],[129.20599,35.7635],[129.20608,35.76434],[129.20613,35.765],[129.2062,35.76558],[129.20626,35.76615],[129.2063288,35.7667256],[129.2064502,35.7674345],[129.2066371,35.7686055],[129.2066365,35.7689094],[129.2065769,35.7692133],[129.20641,35.76974],[129.20554,35.77258],[129.2053349,35.7732793],[129.2051291,35.773981],[129.20493,35.77466],[129.2049135,35.7751001]]},"properties":{"axis":"중심시가지 통경축","sub":"주통경축 (포석로)","new":false,"lbl":"","note":"주요 경관자원으로의 통경축","source":"2030 경주시 경관계획 재정비 (2025.04) §4.3 경관축 (T1) — 선형은 OSM (T4)"}},{"type":"Feature","geometry":{"type":"LineString","coordinates":[[129.2049135,35.7751001],[129.2049031,35.7752622]]},"properties":{"axis":"중심시가지 통경축","sub":"주통경축 (포석로)","new":false,"lbl":"","note":"주요 경관자원으로의 통경축","source":"2030 경주시 경관계획 재정비 (2025.04) §4.3 경관축 (T1) — 선형은 OSM (T4)"}},{"type":"Feature","geometry":{"type":"LineString","coordinates":[[129.2049031,35.7752622],[129.2049,35.77585],[129.2049186,35.7766731],[129.2049208,35.7767717]]},"properties":{"axis":"중심시가지 통경축","sub":"주통경축 (포석로)","new":false,"lbl":"","note":"주요 경관자원으로의 통경축","source":"2030 경주시 경관계획 재정비 (2025.04) §4.3 경관축 (T1) — 선형은 OSM (T4)"}},{"type":"Feature","geometry":{"type":"LineString","coordinates":[[129.1988845,35.8372582],[129.1990519,35.8373063],[129.1991439,35.8373327],[129.19926,35.837366]]},"properties":{"axis":"중심시가지 통경축","sub":"주통경축 (태종로)","new":false,"lbl":"","note":"주요 경관자원으로의 통경축","source":"2030 경주시 경관계획 재정비 (2025.04) §4.3 경관축 (T1) — 선형은 OSM (T4)"}},{"type":"Feature","geometry":{"type":"LineString","coordinates":[[129.2242055,35.8541415],[129.2235519,35.854165]]},"properties":{"axis":"역사조망축","sub":"신라옛길 조망축 (양정로)","new":true,"lbl":"","note":"신라왕경 360방 복원도 기반 통경축 → 역사조망축(신규)","source":"2030 경주시 경관계획 재정비 (2025.04) §4.3 경관축 (T1) — 선형은 OSM (T4)"}},{"type":"Feature","geometry":{"type":"LineString","coordinates":[[129.2248932,35.8511681],[129.2244373,35.8512002]]},"properties":{"axis":"역사조망축","sub":"신라옛길 조망축 (양정로)","new":true,"lbl":"","note":"신라왕경 360방 복원도 기반 통경축 → 역사조망축(신규)","source":"2030 경주시 경관계획 재정비 (2025.04) §4.3 경관축 (T1) — 선형은 OSM (T4)"}},{"type":"Feature","geometry":{"type":"LineString","coordinates":[[129.2241843,35.8504252],[129.2240112,35.850461],[129.2238375,35.8504761],[129.2237191,35.8505035],[129.2235792,35.85054],[129.2234048,35.8506029],[129.2231922,35.8506965],[129.2228999,35.8508115]]},"properties":{"axis":"역사조망축","sub":"신라옛길 조망축 (양정로)","new":true,"lbl":"","note":"신라왕경 360방 복원도 기반 통경축 → 역사조망축(신규)","source":"2030 경주시 경관계획 재정비 (2025.04) §4.3 경관축 (T1) — 선형은 OSM (T4)"}},{"type":"Feature","geometry":{"type":"LineString","coordinates":[[129.2071037,35.8564423],[129.2075785,35.8563614],[129.2078456,35.8563158]]},"properties":{"axis":"중심시가지 통경축","sub":"주통경축 (금성로)","new":false,"lbl":"","note":"주요 경관자원으로의 통경축","source":"2030 경주시 경관계획 재정비 (2025.04) §4.3 경관축 (T1) — 선형은 OSM (T4)"}},{"type":"Feature","geometry":{"type":"LineString","coordinates":[[129.2061414,35.8273402],[129.2064935,35.8273086],[129.206552,35.8272462],[129.2067461,35.8272187]]},"properties":{"axis":"중심시가지 통경축","sub":"주통경축 (금성로)","new":false,"lbl":"","note":"주요 경관자원으로의 통경축","source":"2030 경주시 경관계획 재정비 (2025.04) §4.3 경관축 (T1) — 선형은 OSM (T4)"}},{"type":"Feature","geometry":{"type":"LineString","coordinates":[[129.2052147,35.8339552],[129.2052183,35.833476],[129.205222,35.8329943]]},"properties":{"axis":"역사조망축","sub":"역사유적 조망축 (첨성로)","new":true,"lbl":"","note":"신라왕경 360방 복원도 기반 통경축 → 역사조망축(신규)","source":"2030 경주시 경관계획 재정비 (2025.04) §4.3 경관축 (T1) — 선형은 OSM (T4)"}},{"type":"Feature","geometry":{"type":"LineString","coordinates":[[129.2071349,35.8400385],[129.2078191,35.8400541]]},"properties":{"axis":"중심시가지 통경축","sub":"주통경축 (금성로)","new":false,"lbl":"","note":"주요 경관자원으로의 통경축","source":"2030 경주시 경관계획 재정비 (2025.04) §4.3 경관축 (T1) — 선형은 OSM (T4)"}},{"type":"Feature","geometry":{"type":"LineString","coordinates":[[129.2077948,35.8407738],[129.2071207,35.8407934]]},"properties":{"axis":"중심시가지 통경축","sub":"주통경축 (금성로)","new":false,"lbl":"","note":"주요 경관자원으로의 통경축","source":"2030 경주시 경관계획 재정비 (2025.04) §4.3 경관축 (T1) — 선형은 OSM (T4)"}},{"type":"Feature","geometry":{"type":"LineString","coordinates":[[129.202241,35.8417012],[129.2022394,35.8416256],[129.2022381,35.8415619],[129.2022352,35.8414284],[129.2022284,35.8411042]]},"properties":{"axis":"중심시가지 통경축","sub":"주통경축 (강변로)","new":false,"lbl":"","note":"주요 경관자원으로의 통경축","source":"2030 경주시 경관계획 재정비 (2025.04) §4.3 경관축 (T1) — 선형은 OSM (T4)"}},{"type":"Feature","geometry":{"type":"LineString","coordinates":[[129.206001,35.8388648],[129.2060788,35.8385903],[129.206126,35.8384202],[129.2062144,35.8381019]]},"properties":{"axis":"중심시가지 통경축","sub":"주통경축 (태종로)","new":false,"lbl":"","note":"주요 경관자원으로의 통경축","source":"2030 경주시 경관계획 재정비 (2025.04) §4.3 경관축 (T1) — 선형은 OSM (T4)"}},{"type":"Feature","geometry":{"type":"LineString","coordinates":[[129.2226935,35.8455043],[129.2227217,35.84428]]},"properties":{"axis":"역사조망축","sub":"신라옛길 조망축 (양정로)","new":true,"lbl":"","note":"신라왕경 360방 복원도 기반 통경축 → 역사조망축(신규)","source":"2030 경주시 경관계획 재정비 (2025.04) §4.3 경관축 (T1) — 선형은 OSM (T4)"}},{"type":"Feature","geometry":{"type":"LineString","coordinates":[[129.2227217,35.84428],[129.2219313,35.8443071],[129.221671,35.8443161],[129.221533,35.8443208],[129.220611,35.8443613]]},"properties":{"axis":"역사조망축","sub":"신라옛길 조망축 (양정로)","new":true,"lbl":"","note":"신라왕경 360방 복원도 기반 통경축 → 역사조망축(신규)","source":"2030 경주시 경관계획 재정비 (2025.04) §4.3 경관축 (T1) — 선형은 OSM (T4)"}},{"type":"Feature","geometry":{"type":"LineString","coordinates":[[129.2207184,35.8469361],[129.2223349,35.8469082]]},"properties":{"axis":"역사조망축","sub":"신라옛길 조망축 (양정로)","new":true,"lbl":"","note":"신라왕경 360방 복원도 기반 통경축 → 역사조망축(신규)","source":"2030 경주시 경관계획 재정비 (2025.04) §4.3 경관축 (T1) — 선형은 OSM (T4)"}},{"type":"Feature","geometry":{"type":"LineString","coordinates":[[129.2069432,35.850158],[129.2069292,35.8505161],[129.2069324,35.8507577],[129.2069318,35.8508422],[129.2068795,35.8520623],[129.2068636,35.8530511],[129.2068596,35.8531573],[129.2068262,35.8540358]]},"properties":{"axis":"중심시가지 통경축","sub":"주통경축 (금성로)","new":false,"lbl":"","note":"주요 경관자원으로의 통경축","source":"2030 경주시 경관계획 재정비 (2025.04) §4.3 경관축 (T1) — 선형은 OSM (T4)"}},{"type":"Feature","geometry":{"type":"LineString","coordinates":[[129.2116486,35.8445155],[129.212663,35.8444927],[129.2135476,35.8444811],[129.2138779,35.8444767]]},"properties":{"axis":"중심시가지 통경축","sub":"주통경축 (화랑로)","new":false,"lbl":"","note":"주요 경관자원으로의 통경축","source":"2030 경주시 경관계획 재정비 (2025.04) §4.3 경관축 (T1) — 선형은 OSM (T4)"}},{"type":"Feature","geometry":{"type":"LineString","coordinates":[[129.2140826,35.8499405],[129.2133404,35.8500364],[129.2127812,35.850061],[129.2126356,35.8500674],[129.2123165,35.8500746],[129.2119581,35.8500827]]},"properties":{"axis":"중심시가지 통경축","sub":"주통경축 (북문로)","new":false,"lbl":"","note":"주요 경관자원으로의 통경축","source":"2030 경주시 경관계획 재정비 (2025.04) §4.3 경관축 (T1) — 선형은 OSM (T4)"}},{"type":"Feature","geometry":{"type":"LineString","coordinates":[[129.2104862,35.8193999],[129.2124756,35.8203152],[129.213125,35.8206211],[129.2131771,35.8206531],[129.2132964,35.8207264]]},"properties":{"axis":"중심시가지 통경축","sub":"주통경축 (서라벌대로)","new":false,"lbl":"","note":"주요 경관자원으로의 통경축","source":"2030 경주시 경관계획 재정비 (2025.04) §4.3 경관축 (T1) — 선형은 OSM (T4)"}},{"type":"Feature","geometry":{"type":"LineString","coordinates":[[129.2152593,35.8212413],[129.2151644,35.8212302]]},"properties":{"axis":"중심시가지 통경축","sub":"주통경축 (서라벌대로)","new":false,"lbl":"","note":"주요 경관자원으로의 통경축","source":"2030 경주시 경관계획 재정비 (2025.04) §4.3 경관축 (T1) — 선형은 OSM (T4)"}},{"type":"Feature","geometry":{"type":"LineString","coordinates":[[129.2099179,35.8395246],[129.2098657,35.8389695],[129.2098328,35.8386237],[129.2097912,35.8382483],[129.2097823,35.8381678],[129.2097529,35.8379032],[129.2097007,35.8374326],[129.2096942,35.8373492],[129.2096412,35.8366711],[129.2096217,35.8364215],[129.2095194,35.8355149],[129.2095024,35.8352761],[129.2094621,35.8347113],[129.2094665,35.8343624],[129.2094735,35.8338029],[129.2094768,35.8337075],[129.2095008,35.8330153]]},"properties":{"axis":"중심시가지 통경축","sub":"주통경축 (포석로)","new":false,"lbl":"","note":"주요 경관자원으로의 통경축","source":"2030 경주시 경관계획 재정비 (2025.04) §4.3 경관축 (T1) — 선형은 OSM (T4)"}},{"type":"Feature","geometry":{"type":"LineString","coordinates":[[129.2280367,35.8257263],[129.2279904,35.8257248],[129.2271548,35.825708],[129.2264771,35.8257168]]},"properties":{"axis":"중심시가지 통경축","sub":"주통경축 (서라벌대로)","new":false,"lbl":"","note":"주요 경관자원으로의 통경축","source":"2030 경주시 경관계획 재정비 (2025.04) §4.3 경관축 (T1) — 선형은 OSM (T4)"}},{"type":"Feature","geometry":{"type":"LineString","coordinates":[[129.2281122,35.8257287],[129.2280367,35.8257263]]},"properties":{"axis":"중심시가지 통경축","sub":"주통경축 (서라벌대로)","new":false,"lbl":"","note":"주요 경관자원으로의 통경축","source":"2030 경주시 경관계획 재정비 (2025.04) §4.3 경관축 (T1) — 선형은 OSM (T4)"}},{"type":"Feature","geometry":{"type":"LineString","coordinates":[[129.2017015,35.815446],[129.2014386,35.8158373],[129.2013435,35.8160169],[129.2011192,35.8164408],[129.2005612,35.8181064],[129.1999043,35.8201368],[129.199637,35.821068],[129.1996045,35.8211942],[129.1993927,35.8220181],[129.1992737,35.8226991],[129.199188,35.823391],[129.1991459,35.8238795],[129.1991339,35.8243734],[129.1991843,35.8248522],[129.199248,35.8253257],[129.1993713,35.825713],[129.1994464,35.8259306],[129.1995013,35.8260894],[129.1997633,35.8265861],[129.2000987,35.8270774],[129.2004872,35.8275356],[129.2009532,35.8279897]]},"properties":{"axis":"중심시가지 통경축","sub":"주통경축 (강변로)","new":false,"lbl":"","note":"주요 경관자원으로의 통경축","source":"2030 경주시 경관계획 재정비 (2025.04) §4.3 경관축 (T1) — 선형은 OSM (T4)"}},{"type":"Feature","geometry":{"type":"LineString","coordinates":[[129.2139837,35.8471859],[129.2139723,35.846877],[129.213961,35.8465722],[129.2139352,35.8458774],[129.213902,35.8450614],[129.2138805,35.8445317]]},"properties":{"axis":"중심시가지 통경축","sub":"주통경축 (동문로)","new":false,"lbl":"","note":"주요 경관자원으로의 통경축","source":"2030 경주시 경관계획 재정비 (2025.04) §4.3 경관축 (T1) — 선형은 OSM (T4)"}},{"type":"Feature","geometry":{"type":"LineString","coordinates":[[129.317726,35.7875193],[129.3178441,35.7876669],[129.3180386,35.7878073],[129.3181935,35.7879046],[129.3183477,35.7879498],[129.3187487,35.788052],[129.3189345,35.78811]]},"properties":{"axis":"중심시가지 통경축","sub":"주통경축 (보불로)","new":false,"lbl":"","note":"주요 경관자원으로의 통경축","source":"2030 경주시 경관계획 재정비 (2025.04) §4.3 경관축 (T1) — 선형은 OSM (T4)"}},{"type":"Feature","geometry":{"type":"LineString","coordinates":[[129.2189946,35.8218107],[129.2183508,35.8217605],[129.2167641,35.8214742],[129.2152593,35.8212413]]},"properties":{"axis":"중심시가지 통경축","sub":"주통경축 (서라벌대로)","new":false,"lbl":"","note":"주요 경관자원으로의 통경축","source":"2030 경주시 경관계획 재정비 (2025.04) §4.3 경관축 (T1) — 선형은 OSM (T4)"}},{"type":"Feature","geometry":{"type":"LineString","coordinates":[[129.2153468,35.8444318],[129.2167583,35.8443965]]},"properties":{"axis":"중심시가지 통경축","sub":"주통경축 (화랑로)","new":false,"lbl":"","note":"주요 경관자원으로의 통경축","source":"2030 경주시 경관계획 재정비 (2025.04) §4.3 경관축 (T1) — 선형은 OSM (T4)"}},{"type":"Feature","geometry":{"type":"LineString","coordinates":[[129.2135476,35.8444811],[129.213547,35.8441908],[129.2135407,35.8431791],[129.2135316,35.8426557],[129.2135196,35.8419691]]},"properties":{"axis":"중심시가지 통경축","sub":"주통경축 (계림로)","new":false,"lbl":"","note":"주요 경관자원으로의 통경축","source":"2030 경주시 경관계획 재정비 (2025.04) §4.3 경관축 (T1) — 선형은 OSM (T4)"}},{"type":"Feature","geometry":{"type":"LineString","coordinates":[[129.2075436,35.8446677],[129.2075768,35.8446668],[129.2076965,35.8446618],[129.2083969,35.8446327],[129.2098163,35.8445703],[129.2100742,35.844559]]},"properties":{"axis":"중심시가지 통경축","sub":"주통경축 (화랑로)","new":false,"lbl":"주통경축 (화랑로)","note":"주요 경관자원으로의 통경축","source":"2030 경주시 경관계획 재정비 (2025.04) §4.3 경관축 (T1) — 선형은 OSM (T4)"}},{"type":"Feature","geometry":{"type":"LineString","coordinates":[[129.2070493,35.8434944],[129.2070383,35.8444054]]},"properties":{"axis":"중심시가지 통경축","sub":"주통경축 (금성로)","new":false,"lbl":"","note":"주요 경관자원으로의 통경축","source":"2030 경주시 경관계획 재정비 (2025.04) §4.3 경관축 (T1) — 선형은 OSM (T4)"}},{"type":"Feature","geometry":{"type":"LineString","coordinates":[[129.2100787,35.8446142],[129.2085648,35.8446826],[129.2083974,35.8446902]]},"properties":{"axis":"중심시가지 통경축","sub":"주통경축 (화랑로)","new":false,"lbl":"","note":"주요 경관자원으로의 통경축","source":"2030 경주시 경관계획 재정비 (2025.04) §4.3 경관축 (T1) — 선형은 OSM (T4)"}},{"type":"Feature","geometry":{"type":"LineString","coordinates":[[129.2138805,35.8445317],[129.2126937,35.8445457],[129.2126717,35.8445462],[129.2116496,35.8445693]]},"properties":{"axis":"중심시가지 통경축","sub":"주통경축 (화랑로)","new":false,"lbl":"","note":"주요 경관자원으로의 통경축","source":"2030 경주시 경관계획 재정비 (2025.04) §4.3 경관축 (T1) — 선형은 OSM (T4)"}},{"type":"Feature","geometry":{"type":"LineString","coordinates":[[129.216776,35.8444558],[129.215349,35.844491]]},"properties":{"axis":"중심시가지 통경축","sub":"주통경축 (화랑로)","new":false,"lbl":"","note":"주요 경관자원으로의 통경축","source":"2030 경주시 경관계획 재정비 (2025.04) §4.3 경관축 (T1) — 선형은 OSM (T4)"}},{"type":"Feature","geometry":{"type":"LineString","coordinates":[[129.2138779,35.8444767],[129.214084,35.8444704],[129.2153468,35.8444318]]},"properties":{"axis":"중심시가지 통경축","sub":"주통경축 (화랑로)","new":false,"lbl":"","note":"주요 경관자원으로의 통경축","source":"2030 경주시 경관계획 재정비 (2025.04) §4.3 경관축 (T1) — 선형은 OSM (T4)"}},{"type":"Feature","geometry":{"type":"LineString","coordinates":[[129.2138805,35.8445317],[129.2138779,35.8444767]]},"properties":{"axis":"중심시가지 통경축","sub":"주통경축 (동문로)","new":false,"lbl":"","note":"주요 경관자원으로의 통경축","source":"2030 경주시 경관계획 재정비 (2025.04) §4.3 경관축 (T1) — 선형은 OSM (T4)"}},{"type":"Feature","geometry":{"type":"LineString","coordinates":[[129.215349,35.844491],[129.214774,35.8445072],[129.2140034,35.8445288],[129.2139145,35.8445313],[129.2138805,35.8445317]]},"properties":{"axis":"중심시가지 통경축","sub":"주통경축 (화랑로)","new":false,"lbl":"","note":"주요 경관자원으로의 통경축","source":"2030 경주시 경관계획 재정비 (2025.04) §4.3 경관축 (T1) — 선형은 OSM (T4)"}},{"type":"Feature","geometry":{"type":"LineString","coordinates":[[129.2116496,35.8445693],[129.2109481,35.8445879],[129.2108799,35.8445903],[129.2107623,35.8445946],[129.2105012,35.844604],[129.2100787,35.8446142]]},"properties":{"axis":"중심시가지 통경축","sub":"주통경축 (화랑로)","new":false,"lbl":"","note":"주요 경관자원으로의 통경축","source":"2030 경주시 경관계획 재정비 (2025.04) §4.3 경관축 (T1) — 선형은 OSM (T4)"}},{"type":"Feature","geometry":{"type":"LineString","coordinates":[[129.2100742,35.844559],[129.2108762,35.844536],[129.2109174,35.8445349],[129.2116486,35.8445155]]},"properties":{"axis":"중심시가지 통경축","sub":"주통경축 (화랑로)","new":false,"lbl":"","note":"주요 경관자원으로의 통경축","source":"2030 경주시 경관계획 재정비 (2025.04) §4.3 경관축 (T1) — 선형은 OSM (T4)"}},{"type":"Feature","geometry":{"type":"LineString","coordinates":[[129.2029798,35.8448294],[129.2013405,35.8448756],[129.2007301,35.8448928]]},"properties":{"axis":"중심시가지 통경축","sub":"주통경축 (화랑로)","new":false,"lbl":"","note":"주요 경관자원으로의 통경축","source":"2030 경주시 경관계획 재정비 (2025.04) §4.3 경관축 (T1) — 선형은 OSM (T4)"}},{"type":"Feature","geometry":{"type":"LineString","coordinates":[[129.2070639,35.8422063],[129.2070493,35.8434944]]},"properties":{"axis":"중심시가지 통경축","sub":"주통경축 (금성로)","new":false,"lbl":"","note":"주요 경관자원으로의 통경축","source":"2030 경주시 경관계획 재정비 (2025.04) §4.3 경관축 (T1) — 선형은 OSM (T4)"}},{"type":"Feature","geometry":{"type":"LineString","coordinates":[[129.2069433,35.8460866],[129.2069553,35.8450315]]},"properties":{"axis":"중심시가지 통경축","sub":"주통경축 (금성로)","new":false,"lbl":"","note":"주요 경관자원으로의 통경축","source":"2030 경주시 경관계획 재정비 (2025.04) §4.3 경관축 (T1) — 선형은 OSM (T4)"}},{"type":"Feature","geometry":{"type":"LineString","coordinates":[[129.2070298,35.8446822],[129.2070284,35.8447404],[129.2070275,35.8448434],[129.2070259,35.845026],[129.2070253,35.8450772],[129.2070159,35.8459657]]},"properties":{"axis":"중심시가지 통경축","sub":"주통경축 (금성로)","new":false,"lbl":"","note":"주요 경관자원으로의 통경축","source":"2030 경주시 경관계획 재정비 (2025.04) §4.3 경관축 (T1) — 선형은 OSM (T4)"}},{"type":"Feature","geometry":{"type":"LineString","coordinates":[[129.2069607,35.8446831],[129.2070298,35.8446822]]},"properties":{"axis":"중심시가지 통경축","sub":"주통경축 (화랑로)","new":false,"lbl":"","note":"주요 경관자원으로의 통경축","source":"2030 경주시 경관계획 재정비 (2025.04) §4.3 경관축 (T1) — 선형은 OSM (T4)"}},{"type":"Feature","geometry":{"type":"LineString","coordinates":[[129.2069607,35.8446831],[129.2069626,35.8446384],[129.2069648,35.8445881],[129.2069677,35.8445204],[129.206969,35.844396],[129.2069725,35.844019],[129.206957,35.8434983]]},"properties":{"axis":"중심시가지 통경축","sub":"주통경축 (금성로)","new":false,"lbl":"","note":"주요 경관자원으로의 통경축","source":"2030 경주시 경관계획 재정비 (2025.04) §4.3 경관축 (T1) — 선형은 OSM (T4)"}},{"type":"Feature","geometry":{"type":"LineString","coordinates":[[129.2069596,35.844741],[129.2069607,35.8446831]]},"properties":{"axis":"중심시가지 통경축","sub":"주통경축 (금성로)","new":false,"lbl":"","note":"주요 경관자원으로의 통경축","source":"2030 경주시 경관계획 재정비 (2025.04) §4.3 경관축 (T1) — 선형은 OSM (T4)"}},{"type":"Feature","geometry":{"type":"LineString","coordinates":[[129.2083974,35.8446902],[129.207585,35.8447134],[129.2074944,35.8447164],[129.2071664,35.8447333],[129.2070284,35.8447404],[129.2069596,35.844741]]},"properties":{"axis":"중심시가지 통경축","sub":"주통경축 (화랑로)","new":false,"lbl":"","note":"주요 경관자원으로의 통경축","source":"2030 경주시 경관계획 재정비 (2025.04) §4.3 경관축 (T1) — 선형은 OSM (T4)"}},{"type":"Feature","geometry":{"type":"LineString","coordinates":[[129.2066027,35.844749],[129.2064996,35.8447513],[129.2062843,35.8447561],[129.2060364,35.8447619],[129.2055178,35.8447741],[129.2051726,35.8447823],[129.2047678,35.8447918]]},"properties":{"axis":"중심시가지 통경축","sub":"주통경축 (화랑로)","new":false,"lbl":"","note":"주요 경관자원으로의 통경축","source":"2030 경주시 경관계획 재정비 (2025.04) §4.3 경관축 (T1) — 선형은 OSM (T4)"}},{"type":"Feature","geometry":{"type":"LineString","coordinates":[[129.2047695,35.8447265],[129.2055617,35.844717],[129.2062809,35.8447033],[129.2065458,35.8446959],[129.2065687,35.8446953],[129.2068241,35.8446874],[129.2069607,35.8446831]]},"properties":{"axis":"중심시가지 통경축","sub":"주통경축 (화랑로)","new":false,"lbl":"","note":"주요 경관자원으로의 통경축","source":"2030 경주시 경관계획 재정비 (2025.04) §4.3 경관축 (T1) — 선형은 OSM (T4)"}},{"type":"Feature","geometry":{"type":"LineString","coordinates":[[129.2047678,35.8447918],[129.2036262,35.844815],[129.2029798,35.8448294]]},"properties":{"axis":"중심시가지 통경축","sub":"주통경축 (화랑로)","new":false,"lbl":"","note":"주요 경관자원으로의 통경축","source":"2030 경주시 경관계획 재정비 (2025.04) §4.3 경관축 (T1) — 선형은 OSM (T4)"}},{"type":"Feature","geometry":{"type":"LineString","coordinates":[[129.202979,35.8447731],[129.2036643,35.8447516],[129.2047695,35.8447265]]},"properties":{"axis":"중심시가지 통경축","sub":"주통경축 (화랑로)","new":false,"lbl":"","note":"주요 경관자원으로의 통경축","source":"2030 경주시 경관계획 재정비 (2025.04) §4.3 경관축 (T1) — 선형은 OSM (T4)"}},{"type":"Feature","geometry":{"type":"LineString","coordinates":[[129.2024728,35.8387789],[129.2023443,35.8390845],[129.2022942,35.8392037],[129.2022409,35.8392994],[129.2019453,35.839982],[129.2016271,35.8406467],[129.2015336,35.840842]]},"properties":{"axis":"중심시가지 통경축","sub":"주통경축 (강변로)","new":false,"lbl":"","note":"주요 경관자원으로의 통경축","source":"2030 경주시 경관계획 재정비 (2025.04) §4.3 경관축 (T1) — 선형은 OSM (T4)"}},{"type":"Feature","geometry":{"type":"LineString","coordinates":[[129.2004215,35.8437702],[129.2004321,35.844113],[129.2005594,35.8444894],[129.2007035,35.8448263],[129.2007301,35.8448928],[129.200921,35.8453328],[129.2010164,35.8455874],[129.2014365,35.8467623],[129.2017391,35.8476878]]},"properties":{"axis":"중심시가지 통경축","sub":"주통경축 (강변로)","new":false,"lbl":"","note":"주요 경관자원으로의 통경축","source":"2030 경주시 경관계획 재정비 (2025.04) §4.3 경관축 (T1) — 선형은 OSM (T4)"}},{"type":"Feature","geometry":{"type":"LineString","coordinates":[[129.2017391,35.8476878],[129.2016617,35.8475988],[129.2013649,35.8467609],[129.2008536,35.845361],[129.2006544,35.8448998]]},"properties":{"axis":"중심시가지 통경축","sub":"주통경축 (강변로)","new":false,"lbl":"","note":"주요 경관자원으로의 통경축","source":"2030 경주시 경관계획 재정비 (2025.04) §4.3 경관축 (T1) — 선형은 OSM (T4)"}},{"type":"Feature","geometry":{"type":"LineString","coordinates":[[129.2135196,35.8419691],[129.2134806,35.8406942],[129.2135441,35.8404474]]},"properties":{"axis":"중심시가지 통경축","sub":"주통경축 (계림로)","new":false,"lbl":"","note":"주요 경관자원으로의 통경축","source":"2030 경주시 경관계획 재정비 (2025.04) §4.3 경관축 (T1) — 선형은 OSM (T4)"}},{"type":"Feature","geometry":{"type":"LineString","coordinates":[[129.2099179,35.8395246],[129.2108,35.8397501],[129.211302,35.8398752],[129.2116501,35.8399606],[129.2125422,35.8401933],[129.2135441,35.8404474]]},"properties":{"axis":"중심시가지 통경축","sub":"주통경축 (태종로)","new":false,"lbl":"","note":"주요 경관자원으로의 통경축","source":"2030 경주시 경관계획 재정비 (2025.04) §4.3 경관축 (T1) — 선형은 OSM (T4)"}},{"type":"Feature","geometry":{"type":"LineString","coordinates":[[129.2173,35.8444497],[129.2172144,35.8444499]]},"properties":{"axis":"중심시가지 통경축","sub":"주통경축 (화랑로)","new":false,"lbl":"","note":"주요 경관자원으로의 통경축","source":"2030 경주시 경관계획 재정비 (2025.04) §4.3 경관축 (T1) — 선형은 OSM (T4)"}},{"type":"Feature","geometry":{"type":"LineString","coordinates":[[129.2172129,35.8443922],[129.2172373,35.8443923],[129.2172965,35.8443927]]},"properties":{"axis":"중심시가지 통경축","sub":"주통경축 (화랑로)","new":false,"lbl":"","note":"주요 경관자원으로의 통경축","source":"2030 경주시 경관계획 재정비 (2025.04) §4.3 경관축 (T1) — 선형은 OSM (T4)"}},{"type":"Feature","geometry":{"type":"LineString","coordinates":[[129.2169876,35.8497924],[129.2166856,35.8498006],[129.2163965,35.8498084],[129.2158704,35.8498488],[129.2155882,35.84984]]},"properties":{"axis":"중심시가지 통경축","sub":"주통경축 (북문로)","new":false,"lbl":"","note":"주요 경관자원으로의 통경축","source":"2030 경주시 경관계획 재정비 (2025.04) §4.3 경관축 (T1) — 선형은 OSM (T4)"}},{"type":"Feature","geometry":{"type":"LineString","coordinates":[[129.2155882,35.84984],[129.2158788,35.8497808],[129.2166652,35.8497471]]},"properties":{"axis":"중심시가지 통경축","sub":"주통경축 (북문로)","new":false,"lbl":"","note":"주요 경관자원으로의 통경축","source":"2030 경주시 경관계획 재정비 (2025.04) §4.3 경관축 (T1) — 선형은 OSM (T4)"}},{"type":"Feature","geometry":{"type":"LineString","coordinates":[[129.216822,35.8409515],[129.2166293,35.8409763],[129.2159385,35.8410641],[129.2156655,35.8410881],[129.2155996,35.8410741]]},"properties":{"axis":"중심시가지 통경축","sub":"주통경축 (태종로)","new":false,"lbl":"","note":"주요 경관자원으로의 통경축","source":"2030 경주시 경관계획 재정비 (2025.04) §4.3 경관축 (T1) — 선형은 OSM (T4)"}},{"type":"Feature","geometry":{"type":"LineString","coordinates":[[129.2155996,35.8410741],[129.2156795,35.8410376],[129.2159526,35.8410136],[129.2166434,35.8409257],[129.2168122,35.840904]]},"properties":{"axis":"중심시가지 통경축","sub":"주통경축 (태종로)","new":false,"lbl":"","note":"주요 경관자원으로의 통경축","source":"2030 경주시 경관계획 재정비 (2025.04) §4.3 경관축 (T1) — 선형은 OSM (T4)"}},{"type":"Feature","geometry":{"type":"LineString","coordinates":[[129.2172358,35.8408641],[129.217341,35.8408734]]},"properties":{"axis":"중심시가지 통경축","sub":"주통경축 (태종로)","new":false,"lbl":"","note":"주요 경관자원으로의 통경축","source":"2030 경주시 경관계획 재정비 (2025.04) §4.3 경관축 (T1) — 선형은 OSM (T4)"}},{"type":"Feature","geometry":{"type":"LineString","coordinates":[[129.2173322,35.8409157],[129.2172247,35.8409093]]},"properties":{"axis":"중심시가지 통경축","sub":"주통경축 (태종로)","new":false,"lbl":"","note":"주요 경관자원으로의 통경축","source":"2030 경주시 경관계획 재정비 (2025.04) §4.3 경관축 (T1) — 선형은 OSM (T4)"}},{"type":"Feature","geometry":{"type":"LineString","coordinates":[[129.2230349,35.8858573],[129.2223696,35.8855399],[129.2214692,35.885177],[129.2207614,35.8849136],[129.2201058,35.8845807],[129.219615,35.8842391],[129.2194465,35.8840911],[129.2190029,35.8835624],[129.2187326,35.8830955],[129.2181485,35.8820326],[129.2176682,35.8812634],[129.2171911,35.8804462],[129.2168043,35.8797837]]},"properties":{"axis":"중심시가지 통경축","sub":"주통경축 (강변로)","new":false,"lbl":"","note":"주요 경관자원으로의 통경축","source":"2030 경주시 경관계획 재정비 (2025.04) §4.3 경관축 (T1) — 선형은 OSM (T4)"}},{"type":"Feature","geometry":{"type":"LineString","coordinates":[[129.2140826,35.8499405],[129.2140324,35.8485001],[129.2140087,35.8478598],[129.2139837,35.8471859]]},"properties":{"axis":"중심시가지 통경축","sub":"주통경축 (동문로)","new":false,"lbl":"","note":"주요 경관자원으로의 통경축","source":"2030 경주시 경관계획 재정비 (2025.04) §4.3 경관축 (T1) — 선형은 OSM (T4)"}},{"type":"Feature","geometry":{"type":"LineString","coordinates":[[129.2155882,35.84984],[129.2140826,35.8499405]]},"properties":{"axis":"중심시가지 통경축","sub":"주통경축 (북문로)","new":false,"lbl":"","note":"주요 경관자원으로의 통경축","source":"2030 경주시 경관계획 재정비 (2025.04) §4.3 경관축 (T1) — 선형은 OSM (T4)"}},{"type":"Feature","geometry":{"type":"LineString","coordinates":[[129.2119581,35.8500827],[129.2108346,35.850115],[129.2099716,35.8501391]]},"properties":{"axis":"중심시가지 통경축","sub":"주통경축 (북문로)","new":false,"lbl":"","note":"주요 경관자원으로의 통경축","source":"2030 경주시 경관계획 재정비 (2025.04) §4.3 경관축 (T1) — 선형은 OSM (T4)"}},{"type":"Feature","geometry":{"type":"LineString","coordinates":[[129.2069767,35.8474586],[129.2069816,35.8481719],[129.2069856,35.8487459],[129.2069432,35.850158]]},"properties":{"axis":"중심시가지 통경축","sub":"주통경축 (금성로)","new":false,"lbl":"","note":"주요 경관자원으로의 통경축","source":"2030 경주시 경관계획 재정비 (2025.04) §4.3 경관축 (T1) — 선형은 OSM (T4)"}},{"type":"Feature","geometry":{"type":"LineString","coordinates":[[129.2099716,35.8501391],[129.2092376,35.8501499],[129.2085042,35.8501678],[129.2077229,35.8501745],[129.2069432,35.850158]]},"properties":{"axis":"중심시가지 통경축","sub":"주통경축 (북문로)","new":false,"lbl":"","note":"주요 경관자원으로의 통경축","source":"2030 경주시 경관계획 재정비 (2025.04) §4.3 경관축 (T1) — 선형은 OSM (T4)"}},{"type":"Feature","geometry":{"type":"LineString","coordinates":[[129.2068262,35.8540358],[129.2068178,35.8545197],[129.2068158,35.8547988],[129.2068247,35.8552485]]},"properties":{"axis":"중심시가지 통경축","sub":"주통경축 (금성로)","new":false,"lbl":"","note":"주요 경관자원으로의 통경축","source":"2030 경주시 경관계획 재정비 (2025.04) §4.3 경관축 (T1) — 선형은 OSM (T4)"}},{"type":"Feature","geometry":{"type":"LineString","coordinates":[[129.2075673,35.8391269],[129.2078472,35.8391754],[129.2079843,35.8392012],[129.2084927,35.8392892],[129.2086687,35.8393177],[129.2088006,35.8393387],[129.2099179,35.8395246]]},"properties":{"axis":"중심시가지 통경축","sub":"주통경축 (태종로)","new":false,"lbl":"","note":"주요 경관자원으로의 통경축","source":"2030 경주시 경관계획 재정비 (2025.04) §4.3 경관축 (T1) — 선형은 OSM (T4)"}},{"type":"Feature","geometry":{"type":"LineString","coordinates":[[129.2071277,35.8390506],[129.2071284,35.8391513],[129.2071338,35.8393743],[129.2071349,35.8400385],[129.2071207,35.8407934],[129.2070639,35.8422063]]},"properties":{"axis":"중심시가지 통경축","sub":"주통경축 (금성로)","new":false,"lbl":"","note":"주요 경관자원으로의 통경축","source":"2030 경주시 경관계획 재정비 (2025.04) §4.3 경관축 (T1) — 선형은 OSM (T4)"}},{"type":"Feature","geometry":{"type":"LineString","coordinates":[[129.2071508,35.8367866],[129.207125,35.8380299],[129.207123,35.8381283],[129.2071238,35.8382088],[129.2071241,35.838348],[129.2071244,35.8384731],[129.2071244,35.8384801],[129.2071249,35.8386766]]},"properties":{"axis":"중심시가지 통경축","sub":"주통경축 (금성로)","new":false,"lbl":"","note":"주요 경관자원으로의 통경축","source":"2030 경주시 경관계획 재정비 (2025.04) §4.3 경관축 (T1) — 선형은 OSM (T4)"}},{"type":"Feature","geometry":{"type":"LineString","coordinates":[[129.2071808,35.8349371],[129.2071784,35.8350834],[129.2071508,35.8367866]]},"properties":{"axis":"중심시가지 통경축","sub":"주통경축 (금성로)","new":false,"lbl":"","note":"주요 경관자원으로의 통경축","source":"2030 경주시 경관계획 재정비 (2025.04) §4.3 경관축 (T1) — 선형은 OSM (T4)"}},{"type":"Feature","geometry":{"type":"LineString","coordinates":[[129.2032944,35.832994],[129.205222,35.8329943],[129.2053574,35.8329943]]},"properties":{"axis":"역사조망축","sub":"역사유적 조망축 (첨성로)","new":true,"lbl":"","note":"신라왕경 360방 복원도 기반 통경축 → 역사조망축(신규)","source":"2030 경주시 경관계획 재정비 (2025.04) §4.3 경관축 (T1) — 선형은 OSM (T4)"}},{"type":"Feature","geometry":{"type":"LineString","coordinates":[[129.2072017,35.8329926],[129.2072036,35.8337051],[129.2072003,35.834354],[129.2071808,35.8349371]]},"properties":{"axis":"중심시가지 통경축","sub":"주통경축 (금성로)","new":false,"lbl":"","note":"주요 경관자원으로의 통경축","source":"2030 경주시 경관계획 재정비 (2025.04) §4.3 경관축 (T1) — 선형은 OSM (T4)"}},{"type":"Feature","geometry":{"type":"LineString","coordinates":[[129.2071315,35.8329946],[129.2062052,35.8281647],[129.2061526,35.8278903],[129.206044,35.8272848],[129.2059157,35.8264835],[129.2058866,35.8261267],[129.2058993,35.8255698],[129.2059025,35.8254306]]},"properties":{"axis":"중심시가지 통경축","sub":"주통경축 (금성로)","new":false,"lbl":"","note":"주요 경관자원으로의 통경축","source":"2030 경주시 경관계획 재정비 (2025.04) §4.3 경관축 (T1) — 선형은 OSM (T4)"}},{"type":"Feature","geometry":{"type":"LineString","coordinates":[[129.206957,35.8434983],[129.2070041,35.8422726],[129.2070056,35.842207]]},"properties":{"axis":"중심시가지 통경축","sub":"주통경축 (금성로)","new":false,"lbl":"","note":"주요 경관자원으로의 통경축","source":"2030 경주시 경관계획 재정비 (2025.04) §4.3 경관축 (T1) — 선형은 OSM (T4)"}},{"type":"Feature","geometry":{"type":"LineString","coordinates":[[129.2070056,35.842207],[129.207013,35.8418868],[129.2070483,35.8407912],[129.2070534,35.8406563],[129.2070577,35.8405532],[129.2070593,35.8397025],[129.2070599,35.8393723]]},"properties":{"axis":"중심시가지 통경축","sub":"주통경축 (금성로)","new":false,"lbl":"","note":"주요 경관자원으로의 통경축","source":"2030 경주시 경관계획 재정비 (2025.04) §4.3 경관축 (T1) — 선형은 OSM (T4)"}},{"type":"Feature","geometry":{"type":"LineString","coordinates":[[129.2070818,35.8367915],[129.2070905,35.8359049],[129.2071061,35.8349482],[129.2071143,35.8344455],[129.2071237,35.8339782],[129.2071343,35.8331018],[129.2071315,35.8329946]]},"properties":{"axis":"중심시가지 통경축","sub":"주통경축 (금성로)","new":false,"lbl":"","note":"주요 경관자원으로의 통경축","source":"2030 경주시 경관계획 재정비 (2025.04) §4.3 경관축 (T1) — 선형은 OSM (T4)"}},{"type":"Feature","geometry":{"type":"LineString","coordinates":[[129.2071315,35.8329946],[129.2072017,35.8329926]]},"properties":{"axis":"역사조망축","sub":"역사유적 조망축 (첨성로)","new":true,"lbl":"","note":"신라왕경 360방 복원도 기반 통경축 → 역사조망축(신규)","source":"2030 경주시 경관계획 재정비 (2025.04) §4.3 경관축 (T1) — 선형은 OSM (T4)"}},{"type":"Feature","geometry":{"type":"LineString","coordinates":[[129.2059277,35.8246893],[129.2059371,35.82451],[129.2059706,35.8233078],[129.2060131,35.8217802],[129.2060332,35.8208756],[129.2060339,35.820845]]},"properties":{"axis":"중심시가지 통경축","sub":"주통경축 (금성로)","new":false,"lbl":"","note":"주요 경관자원으로의 통경축","source":"2030 경주시 경관계획 재정비 (2025.04) §4.3 경관축 (T1) — 선형은 OSM (T4)"}},{"type":"Feature","geometry":{"type":"LineString","coordinates":[[129.2062363,35.8175439],[129.2061759,35.8186019],[129.206171,35.8186823],[129.2061319,35.8202364],[129.206116,35.8208466]]},"properties":{"axis":"중심시가지 통경축","sub":"주통경축 (금성로)","new":false,"lbl":"","note":"주요 경관자원으로의 통경축","source":"2030 경주시 경관계획 재정비 (2025.04) §4.3 경관축 (T1) — 선형은 OSM (T4)"}},{"type":"Feature","geometry":{"type":"LineString","coordinates":[[129.2060339,35.820845],[129.2060559,35.8202365],[129.2060796,35.8186841],[129.2060817,35.8186327],[129.2061286,35.8174919]]},"properties":{"axis":"중심시가지 통경축","sub":"주통경축 (금성로)","new":false,"lbl":"","note":"주요 경관자원으로의 통경축","source":"2030 경주시 경관계획 재정비 (2025.04) §4.3 경관축 (T1) — 선형은 OSM (T4)"}},{"type":"Feature","geometry":{"type":"LineString","coordinates":[[129.2061286,35.8174919],[129.2044911,35.8167306],[129.2030123,35.8160615],[129.2027676,35.8159507],[129.2026551,35.8158998],[129.2021341,35.815664],[129.2017015,35.815446]]},"properties":{"axis":"중심시가지 통경축","sub":"주통경축 (서라벌대로)","new":false,"lbl":"","note":"주요 경관자원으로의 통경축","source":"2030 경주시 경관계획 재정비 (2025.04) §4.3 경관축 (T1) — 선형은 OSM (T4)"}},{"type":"Feature","geometry":{"type":"LineString","coordinates":[[129.2151644,35.8212302],[129.2147749,35.8211718],[129.2143148,35.8210763],[129.2138606,35.8209416],[129.2132964,35.8207264]]},"properties":{"axis":"중심시가지 통경축","sub":"주통경축 (서라벌대로)","new":false,"lbl":"","note":"주요 경관자원으로의 통경축","source":"2030 경주시 경관계획 재정비 (2025.04) §4.3 경관축 (T1) — 선형은 OSM (T4)"}},{"type":"Feature","geometry":{"type":"LineString","coordinates":[[129.2132964,35.8207264],[129.2130851,35.8206745],[129.2127769,35.8205293],[129.2124357,35.8203685],[129.2110181,35.819771],[129.2104884,35.819541]]},"properties":{"axis":"중심시가지 통경축","sub":"주통경축 (서라벌대로)","new":false,"lbl":"","note":"주요 경관자원으로의 통경축","source":"2030 경주시 경관계획 재정비 (2025.04) §4.3 경관축 (T1) — 선형은 OSM (T4)"}},{"type":"Feature","geometry":{"type":"LineString","coordinates":[[129.2104884,35.819541],[129.2104882,35.8198726],[129.2104689,35.8199852]]},"properties":{"axis":"중심시가지 통경축","sub":"주통경축 (포석로)","new":false,"lbl":"","note":"주요 경관자원으로의 통경축","source":"2030 경주시 경관계획 재정비 (2025.04) §4.3 경관축 (T1) — 선형은 OSM (T4)"}},{"type":"Feature","geometry":{"type":"LineString","coordinates":[[129.2104442,35.819383],[129.210433,35.8188237],[129.2104312,35.8187307],[129.2104696,35.8186875]]},"properties":{"axis":"중심시가지 통경축","sub":"주통경축 (포석로)","new":false,"lbl":"","note":"주요 경관자원으로의 통경축","source":"2030 경주시 경관계획 재정비 (2025.04) §4.3 경관축 (T1) — 선형은 OSM (T4)"}},{"type":"Feature","geometry":{"type":"LineString","coordinates":[[129.2017654,35.8153516],[129.2023004,35.8156147],[129.2029194,35.8159156],[129.2061317,35.8173825]]},"properties":{"axis":"중심시가지 통경축","sub":"주통경축 (서라벌대로)","new":false,"lbl":"","note":"주요 경관자원으로의 통경축","source":"2030 경주시 경관계획 재정비 (2025.04) §4.3 경관축 (T1) — 선형은 OSM (T4)"}},{"type":"Feature","geometry":{"type":"LineString","coordinates":[[129.2062421,35.8174354],[129.2061317,35.8173825]]},"properties":{"axis":"중심시가지 통경축","sub":"주통경축 (서라벌대로)","new":false,"lbl":"","note":"주요 경관자원으로의 통경축","source":"2030 경주시 경관계획 재정비 (2025.04) §4.3 경관축 (T1) — 선형은 OSM (T4)"}},{"type":"Feature","geometry":{"type":"LineString","coordinates":[[129.2100145,35.8193245],[129.2089154,35.8188042],[129.2077511,35.8182516],[129.2062363,35.8175439]]},"properties":{"axis":"중심시가지 통경축","sub":"주통경축 (서라벌대로)","new":false,"lbl":"","note":"주요 경관자원으로의 통경축","source":"2030 경주시 경관계획 재정비 (2025.04) §4.3 경관축 (T1) — 선형은 OSM (T4)"}},{"type":"Feature","geometry":{"type":"LineString","coordinates":[[129.2061286,35.8174919],[129.2061317,35.8173825]]},"properties":{"axis":"중심시가지 통경축","sub":"주통경축 (금성로)","new":false,"lbl":"","note":"주요 경관자원으로의 통경축","source":"2030 경주시 경관계획 재정비 (2025.04) §4.3 경관축 (T1) — 선형은 OSM (T4)"}},{"type":"Feature","geometry":{"type":"LineString","coordinates":[[129.2062421,35.8174354],[129.2062363,35.8175439]]},"properties":{"axis":"중심시가지 통경축","sub":"주통경축 (금성로)","new":false,"lbl":"","note":"주요 경관자원으로의 통경축","source":"2030 경주시 경관계획 재정비 (2025.04) §4.3 경관축 (T1) — 선형은 OSM (T4)"}},{"type":"Feature","geometry":{"type":"LineString","coordinates":[[129.2062363,35.8175439],[129.2061286,35.8174919]]},"properties":{"axis":"중심시가지 통경축","sub":"주통경축 (서라벌대로)","new":false,"lbl":"","note":"주요 경관자원으로의 통경축","source":"2030 경주시 경관계획 재정비 (2025.04) §4.3 경관축 (T1) — 선형은 OSM (T4)"}},{"type":"Feature","geometry":{"type":"LineString","coordinates":[[129.1928001,35.811215],[129.194706,35.8120892],[129.1951471,35.8122935],[129.1988801,35.814023],[129.1994102,35.8142685],[129.1995086,35.8143141]]},"properties":{"axis":"중심시가지 통경축","sub":"주통경축 (서라벌대로)","new":false,"lbl":"","note":"주요 경관자원으로의 통경축","source":"2030 경주시 경관계획 재정비 (2025.04) §4.3 경관축 (T1) — 선형은 OSM (T4)"}},{"type":"Feature","geometry":{"type":"LineString","coordinates":[[129.2008573,35.8280647],[129.200654,35.8278897],[129.2002792,35.8275321],[129.199911,35.8270596],[129.1995907,35.8265765],[129.1993465,35.8260613],[129.1992165,35.8256848],[129.1990932,35.8252975],[129.1990295,35.8248241],[129.1989791,35.8243452],[129.1989911,35.8238513],[129.1990332,35.8233629],[129.1991188,35.822671],[129.1992379,35.8219899],[129.1994821,35.8210399],[129.1997495,35.8201086],[129.2004064,35.8180782],[129.2008716,35.8167085],[129.2009947,35.8164311],[129.2011506,35.8161171],[129.2011991,35.8160288],[129.2013167,35.8158277],[129.2016117,35.8154009]]},"properties":{"axis":"중심시가지 통경축","sub":"주통경축 (강변로)","new":false,"lbl":"주통경축 (강변로)","note":"주요 경관자원으로의 통경축","source":"2030 경주시 경관계획 재정비 (2025.04) §4.3 경관축 (T1) — 선형은 OSM (T4)"}},{"type":"Feature","geometry":{"type":"LineString","coordinates":[[129.2016773,35.8153093],[129.2017654,35.8153516]]},"properties":{"axis":"중심시가지 통경축","sub":"주통경축 (서라벌대로)","new":false,"lbl":"","note":"주요 경관자원으로의 통경축","source":"2030 경주시 경관계획 재정비 (2025.04) §4.3 경관축 (T1) — 선형은 OSM (T4)"}},{"type":"Feature","geometry":{"type":"LineString","coordinates":[[129.2104517,35.8198477],[129.2104472,35.8195266]]},"properties":{"axis":"중심시가지 통경축","sub":"주통경축 (포석로)","new":false,"lbl":"","note":"주요 경관자원으로의 통경축","source":"2030 경주시 경관계획 재정비 (2025.04) §4.3 경관축 (T1) — 선형은 OSM (T4)"}},{"type":"Feature","geometry":{"type":"LineString","coordinates":[[129.2104442,35.819383],[129.2104862,35.8193999]]},"properties":{"axis":"중심시가지 통경축","sub":"주통경축 (서라벌대로)","new":false,"lbl":"","note":"주요 경관자원으로의 통경축","source":"2030 경주시 경관계획 재정비 (2025.04) §4.3 경관축 (T1) — 선형은 OSM (T4)"}},{"type":"Feature","geometry":{"type":"LineString","coordinates":[[129.2104696,35.8186875],[129.2104782,35.8190534],[129.2104862,35.8193999]]},"properties":{"axis":"중심시가지 통경축","sub":"주통경축 (포석로)","new":false,"lbl":"","note":"주요 경관자원으로의 통경축","source":"2030 경주시 경관계획 재정비 (2025.04) §4.3 경관축 (T1) — 선형은 OSM (T4)"}},{"type":"Feature","geometry":{"type":"LineString","coordinates":[[129.2104884,35.819541],[129.2104472,35.8195266]]},"properties":{"axis":"중심시가지 통경축","sub":"주통경축 (서라벌대로)","new":false,"lbl":"","note":"주요 경관자원으로의 통경축","source":"2030 경주시 경관계획 재정비 (2025.04) §4.3 경관축 (T1) — 선형은 OSM (T4)"}},{"type":"Feature","geometry":{"type":"LineString","coordinates":[[129.2104472,35.8195266],[129.2104442,35.819383]]},"properties":{"axis":"중심시가지 통경축","sub":"주통경축 (포석로)","new":false,"lbl":"","note":"주요 경관자원으로의 통경축","source":"2030 경주시 경관계획 재정비 (2025.04) §4.3 경관축 (T1) — 선형은 OSM (T4)"}},{"type":"Feature","geometry":{"type":"LineString","coordinates":[[129.2104862,35.8193999],[129.2104884,35.819541]]},"properties":{"axis":"중심시가지 통경축","sub":"주통경축 (포석로)","new":false,"lbl":"","note":"주요 경관자원으로의 통경축","source":"2030 경주시 경관계획 재정비 (2025.04) §4.3 경관축 (T1) — 선형은 OSM (T4)"}},{"type":"Feature","geometry":{"type":"LineString","coordinates":[[129.2017314,35.8288549],[129.2019258,35.8291853],[129.2020635,35.8295564],[129.2021574,35.8299195],[129.2022013,35.8303286],[129.2023202,35.8314173],[129.2024277,35.8320351],[129.2025195,35.8325631],[129.202565,35.8328244],[129.2026015,35.8329939]]},"properties":{"axis":"중심시가지 통경축","sub":"주통경축 (강변로)","new":false,"lbl":"","note":"주요 경관자원으로의 통경축","source":"2030 경주시 경관계획 재정비 (2025.04) §4.3 경관축 (T1) — 선형은 OSM (T4)"}},{"type":"Feature","geometry":{"type":"LineString","coordinates":[[129.2024701,35.8330013],[129.202456,35.8329568],[129.2023424,35.8324313],[129.2022355,35.8318787],[129.202132,35.8307492],[129.2019783,35.8297225],[129.201858,35.8293758],[129.2016533,35.8289258]]},"properties":{"axis":"중심시가지 통경축","sub":"주통경축 (강변로)","new":false,"lbl":"","note":"주요 경관자원으로의 통경축","source":"2030 경주시 경관계획 재정비 (2025.04) §4.3 경관축 (T1) — 선형은 OSM (T4)"}},{"type":"Feature","geometry":{"type":"LineString","coordinates":[[129.2031519,35.8351616],[129.2029405,35.8344953],[129.2024701,35.8330013]]},"properties":{"axis":"중심시가지 통경축","sub":"주통경축 (강변로)","new":false,"lbl":"","note":"주요 경관자원으로의 통경축","source":"2030 경주시 경관계획 재정비 (2025.04) §4.3 경관축 (T1) — 선형은 OSM (T4)"}},{"type":"Feature","geometry":{"type":"LineString","coordinates":[[129.2027689,35.833534],[129.2027928,35.8336112],[129.2028779,35.8339156],[129.2030629,35.8344659],[129.2032841,35.8351444]]},"properties":{"axis":"중심시가지 통경축","sub":"주통경축 (강변로)","new":false,"lbl":"","note":"주요 경관자원으로의 통경축","source":"2030 경주시 경관계획 재정비 (2025.04) §4.3 경관축 (T1) — 선형은 OSM (T4)"}},{"type":"Feature","geometry":{"type":"LineString","coordinates":[[129.2032841,35.8351444],[129.2033672,35.8354783],[129.2033823,35.8357394],[129.2033773,35.8359979],[129.2033513,35.8363159]]},"properties":{"axis":"중심시가지 통경축","sub":"주통경축 (강변로)","new":false,"lbl":"","note":"주요 경관자원으로의 통경축","source":"2030 경주시 경관계획 재정비 (2025.04) §4.3 경관축 (T1) — 선형은 OSM (T4)"}},{"type":"Feature","geometry":{"type":"LineString","coordinates":[[129.2032312,35.8362974],[129.2032479,35.8360663],[129.2032412,35.8354948],[129.2031519,35.8351616]]},"properties":{"axis":"중심시가지 통경축","sub":"주통경축 (강변로)","new":false,"lbl":"","note":"주요 경관자원으로의 통경축","source":"2030 경주시 경관계획 재정비 (2025.04) §4.3 경관축 (T1) — 선형은 OSM (T4)"}},{"type":"Feature","geometry":{"type":"LineString","coordinates":[[129.2024104,35.838283],[129.2025383,35.8383096]]},"properties":{"axis":"중심시가지 통경축","sub":"주통경축 (태종로)","new":false,"lbl":"","note":"주요 경관자원으로의 통경축","source":"2030 경주시 경관계획 재정비 (2025.04) §4.3 경관축 (T1) — 선형은 OSM (T4)"}},{"type":"Feature","geometry":{"type":"LineString","coordinates":[[129.2033513,35.8363159],[129.2032287,35.8367951],[129.2031606,35.8370121],[129.2028749,35.8378132],[129.202658,35.838338]]},"properties":{"axis":"중심시가지 통경축","sub":"주통경축 (강변로)","new":false,"lbl":"","note":"주요 경관자원으로의 통경축","source":"2030 경주시 경관계획 재정비 (2025.04) §4.3 경관축 (T1) — 선형은 OSM (T4)"}},{"type":"Feature","geometry":{"type":"LineString","coordinates":[[129.2025383,35.8383096],[129.202658,35.838338]]},"properties":{"axis":"중심시가지 통경축","sub":"주통경축 (태종로)","new":false,"lbl":"","note":"주요 경관자원으로의 통경축","source":"2030 경주시 경관계획 재정비 (2025.04) §4.3 경관축 (T1) — 선형은 OSM (T4)"}},{"type":"Feature","geometry":{"type":"LineString","coordinates":[[129.2025383,35.8383096],[129.2027434,35.8377375],[129.2029138,35.8373069],[129.2031209,35.8367272],[129.2032312,35.8362974]]},"properties":{"axis":"중심시가지 통경축","sub":"주통경축 (강변로)","new":false,"lbl":"","note":"주요 경관자원으로의 통경축","source":"2030 경주시 경관계획 재정비 (2025.04) §4.3 경관축 (T1) — 선형은 OSM (T4)"}},{"type":"Feature","geometry":{"type":"LineString","coordinates":[[129.2007123,35.8423007],[129.200849,35.8419654],[129.2013268,35.8409904],[129.2018079,35.8399829],[129.2021248,35.8392691],[129.2024861,35.8384553],[129.2025383,35.8383096]]},"properties":{"axis":"중심시가지 통경축","sub":"주통경축 (강변로)","new":false,"lbl":"","note":"주요 경관자원으로의 통경축","source":"2030 경주시 경관계획 재정비 (2025.04) §4.3 경관축 (T1) — 선형은 OSM (T4)"}},{"type":"Feature","geometry":{"type":"LineString","coordinates":[[129.2008445,35.8423265],[129.2004585,35.843221],[129.2004239,35.8434102],[129.2004096,35.84362]]},"properties":{"axis":"중심시가지 통경축","sub":"주통경축 (강변로)","new":false,"lbl":"","note":"주요 경관자원으로의 통경축","source":"2030 경주시 경관계획 재정비 (2025.04) §4.3 경관축 (T1) — 선형은 OSM (T4)"}},{"type":"Feature","geometry":{"type":"LineString","coordinates":[[129.2003003,35.8436238],[129.2002972,35.8435834],[129.2003066,35.8434196],[129.2003311,35.8432763],[129.2004514,35.8429404],[129.2007123,35.8423007]]},"properties":{"axis":"중심시가지 통경축","sub":"주통경축 (강변로)","new":false,"lbl":"","note":"주요 경관자원으로의 통경축","source":"2030 경주시 경관계획 재정비 (2025.04) §4.3 경관축 (T1) — 선형은 OSM (T4)"}},{"type":"Feature","geometry":{"type":"LineString","coordinates":[[129.2169913,35.8497331],[129.2170807,35.8497332]]},"properties":{"axis":"중심시가지 통경축","sub":"주통경축 (북문로)","new":false,"lbl":"","note":"주요 경관자원으로의 통경축","source":"2030 경주시 경관계획 재정비 (2025.04) §4.3 경관축 (T1) — 선형은 OSM (T4)"}},{"type":"Feature","geometry":{"type":"LineString","coordinates":[[129.3137477,35.7917933],[129.3137159,35.7918519],[129.3135478,35.7923171],[129.3134791,35.7927253],[129.3134574,35.793276],[129.3134892,35.7943527],[129.3135026,35.7949002],[129.3135256,35.79541],[129.3135444,35.7958267],[129.3135488,35.7960737]]},"properties":{"axis":"중심시가지 통경축","sub":"주통경축 (보불로)","new":false,"lbl":"","note":"주요 경관자원으로의 통경축","source":"2030 경주시 경관계획 재정비 (2025.04) §4.3 경관축 (T1) — 선형은 OSM (T4)"}},{"type":"Feature","geometry":{"type":"LineString","coordinates":[[129.3137895,35.7917163],[129.3137477,35.7917933]]},"properties":{"axis":"중심시가지 통경축","sub":"주통경축 (보불로)","new":false,"lbl":"","note":"주요 경관자원으로의 통경축","source":"2030 경주시 경관계획 재정비 (2025.04) §4.3 경관축 (T1) — 선형은 OSM (T4)"}},{"type":"Feature","geometry":{"type":"LineString","coordinates":[[129.3183981,35.7862735],[129.3182696,35.7864855],[129.3181795,35.7866299],[129.318115,35.7867331],[129.317964,35.7869582]]},"properties":{"axis":"중심시가지 통경축","sub":"주통경축 (보불로)","new":false,"lbl":"","note":"주요 경관자원으로의 통경축","source":"2030 경주시 경관계획 재정비 (2025.04) §4.3 경관축 (T1) — 선형은 OSM (T4)"}},{"type":"Feature","geometry":{"type":"LineString","coordinates":[[129.317964,35.7869582],[129.3177972,35.7872118]]},"properties":{"axis":"중심시가지 통경축","sub":"주통경축 (보불로)","new":false,"lbl":"","note":"주요 경관자원으로의 통경축","source":"2030 경주시 경관계획 재정비 (2025.04) §4.3 경관축 (T1) — 선형은 OSM (T4)"}},{"type":"Feature","geometry":{"type":"LineString","coordinates":[[129.2067552,35.8552601],[129.2067515,35.8547988],[129.2067641,35.8540349],[129.206786,35.8530498],[129.206809,35.8520611],[129.2068471,35.85074],[129.206864,35.8501544],[129.2069115,35.848748],[129.2069011,35.8481789],[129.2068881,35.8474621],[129.2069278,35.846623],[129.2069416,35.8461438],[129.2069433,35.8460866]]},"properties":{"axis":"중심시가지 통경축","sub":"주통경축 (금성로)","new":false,"lbl":"주통경축 (금성로)","note":"주요 경관자원으로의 통경축","source":"2030 경주시 경관계획 재정비 (2025.04) §4.3 경관축 (T1) — 선형은 OSM (T4)"}},{"type":"Feature","geometry":{"type":"LineString","coordinates":[[129.2070159,35.8459657],[129.2070046,35.8461453],[129.2069767,35.8474586]]},"properties":{"axis":"중심시가지 통경축","sub":"주통경축 (금성로)","new":false,"lbl":"","note":"주요 경관자원으로의 통경축","source":"2030 경주시 경관계획 재정비 (2025.04) §4.3 경관축 (T1) — 선형은 OSM (T4)"}},{"type":"Feature","geometry":{"type":"LineString","coordinates":[[129.1983604,35.8371288],[129.1988271,35.837244]]},"properties":{"axis":"중심시가지 통경축","sub":"주통경축 (태종로)","new":false,"lbl":"","note":"주요 경관자원으로의 통경축","source":"2030 경주시 경관계획 재정비 (2025.04) §4.3 경관축 (T1) — 선형은 OSM (T4)"}},{"type":"Feature","geometry":{"type":"LineString","coordinates":[[129.1988271,35.837244],[129.1988845,35.8372582]]},"properties":{"axis":"중심시가지 통경축","sub":"주통경축 (태종로)","new":false,"lbl":"","note":"주요 경관자원으로의 통경축","source":"2030 경주시 경관계획 재정비 (2025.04) §4.3 경관축 (T1) — 선형은 OSM (T4)"}},{"type":"Feature","geometry":{"type":"LineString","coordinates":[[129.2141973,35.8529542],[129.2142012,35.8531968]]},"properties":{"axis":"중심시가지 통경축","sub":"주통경축 (동문로)","new":false,"lbl":"","note":"주요 경관자원으로의 통경축","source":"2030 경주시 경관계획 재정비 (2025.04) §4.3 경관축 (T1) — 선형은 OSM (T4)"}},{"type":"Feature","geometry":{"type":"LineString","coordinates":[[129.2142012,35.8531968],[129.2142464,35.8533098],[129.2143285,35.853398]]},"properties":{"axis":"중심시가지 통경축","sub":"주통경축 (동문로)","new":false,"lbl":"","note":"주요 경관자원으로의 통경축","source":"2030 경주시 경관계획 재정비 (2025.04) §4.3 경관축 (T1) — 선형은 OSM (T4)"}},{"type":"Feature","geometry":{"type":"LineString","coordinates":[[129.2466735,35.8407448],[129.2469376,35.8408835],[129.2478267,35.8413507],[129.2489505,35.8419217],[129.2530833,35.8440196],[129.2551416,35.8450555],[129.2564533,35.8457055],[129.2572321,35.8460914]]},"properties":{"axis":"중심시가지 통경축","sub":"주통경축 (경감로)","new":false,"lbl":"","note":"주요 경관자원으로의 통경축","source":"2030 경주시 경관계획 재정비 (2025.04) §4.3 경관축 (T1) — 선형은 OSM (T4)"}},{"type":"Feature","geometry":{"type":"LineString","coordinates":[[129.2382616,35.8407426],[129.2401009,35.8400383],[129.2406749,35.8398296],[129.2412113,35.8396948],[129.2417048,35.8395991],[129.2421769,35.8395469],[129.2427134,35.8395252],[129.2432391,35.8395512],[129.2436736,35.8395947],[129.2440223,35.83966],[129.2444139,35.8397513]]},"properties":{"axis":"중심시가지 통경축","sub":"주통경축 (경감로)","new":false,"lbl":"","note":"주요 경관자원으로의 통경축","source":"2030 경주시 경관계획 재정비 (2025.04) §4.3 경관축 (T1) — 선형은 OSM (T4)"}},{"type":"Feature","geometry":{"type":"LineString","coordinates":[[129.2222155,35.8360582],[129.2222797,35.8361101],[129.2223533,35.8362096],[129.2223945,35.8363159],[129.2224145,35.8364279],[129.2224558,35.8374005],[129.222474,35.83783]]},"properties":{"axis":"역사조망축","sub":"신라옛길 조망축 (양정로)","new":true,"lbl":"","note":"신라왕경 360방 복원도 기반 통경축 → 역사조망축(신규)","source":"2030 경주시 경관계획 재정비 (2025.04) §4.3 경관축 (T1) — 선형은 OSM (T4)"}},{"type":"Feature","geometry":{"type":"LineString","coordinates":[[129.2023595,35.8548003],[129.2023988,35.8539781],[129.2025123,35.8526455],[129.2026431,35.8512526],[129.2025682,35.8506632],[129.2025281,35.8504062],[129.202534,35.8502682],[129.2025122,35.8500684]]},"properties":{"axis":"중심시가지 통경축","sub":"주통경축 (강변로)","new":false,"lbl":"","note":"주요 경관자원으로의 통경축","source":"2030 경주시 경관계획 재정비 (2025.04) §4.3 경관축 (T1) — 선형은 OSM (T4)"}},{"type":"Feature","geometry":{"type":"LineString","coordinates":[[129.2026067,35.8572805],[129.2024547,35.8570402],[129.2023405,35.856813],[129.2022431,35.8564092],[129.2022489,35.8563676]]},"properties":{"axis":"중심시가지 통경축","sub":"주통경축 (강변로)","new":false,"lbl":"","note":"주요 경관자원으로의 통경축","source":"2030 경주시 경관계획 재정비 (2025.04) §4.3 경관축 (T1) — 선형은 OSM (T4)"}},{"type":"Feature","geometry":{"type":"LineString","coordinates":[[129.2752358,35.8365967],[129.2749796,35.8367734],[129.274844,35.8368609],[129.2743832,35.8371863],[129.2742509,35.8372811],[129.2741353,35.8373863],[129.2740506,35.8374772],[129.2739213,35.837631],[129.2738651,35.837707],[129.273808,35.8377988],[129.2737321,35.8379453],[129.2736975,35.8380233],[129.2736745,35.8380923],[129.2736186,35.8382748],[129.2735905,35.8384289],[129.2735473,35.8387225],[129.2735069,35.8390125],[129.2734353,35.8395359],[129.2733744,35.8399904],[129.2733164,35.8403484],[129.2732901,35.8404653],[129.2732579,35.840583],[129.2732265,35.8406942],[129.2731737,35.8408318],[129.2731031,35.840984],[129.2730209,35.8411461],[129.2728469,35.8414343],[129.2724624,35.8420253]]},"properties":{"axis":"중심시가지 통경축","sub":"주통경축 (경감로)","new":false,"lbl":"","note":"주요 경관자원으로의 통경축","source":"2030 경주시 경관계획 재정비 (2025.04) §4.3 경관축 (T1) — 선형은 OSM (T4)"}},{"type":"Feature","geometry":{"type":"LineString","coordinates":[[129.2900523,35.8339947],[129.2904213,35.8339087],[129.2906945,35.833845],[129.2910877,35.8337451],[129.2914882,35.8336175],[129.292203,35.833335],[129.2926403,35.8331602],[129.2937335,35.8327097],[129.2941249,35.8325401],[129.2945892,35.83229],[129.2951112,35.8320276],[129.295346,35.8319288],[129.2955992,35.83184],[129.295868,35.8317588],[129.2961367,35.8316925],[129.2968599,35.8315975],[129.29774,35.831474],[129.2980322,35.8314307],[129.2982154,35.8314035],[129.2984315,35.8313964],[129.2987989,35.8313843],[129.2989591,35.8313796],[129.2994595,35.831365]]},"properties":{"axis":"중심시가지 통경축","sub":"주통경축 (경감로)","new":false,"lbl":"","note":"주요 경관자원으로의 통경축","source":"2030 경주시 경관계획 재정비 (2025.04) §4.3 경관축 (T1) — 선형은 OSM (T4)"}},{"type":"Feature","geometry":{"type":"LineString","coordinates":[[129.2839779,35.8340638],[129.2844422,35.8340792],[129.2845654,35.8340833]]},"properties":{"axis":"중심시가지 통경축","sub":"주통경축 (경감로)","new":false,"lbl":"","note":"주요 경관자원으로의 통경축","source":"2030 경주시 경관계획 재정비 (2025.04) §4.3 경관축 (T1) — 선형은 OSM (T4)"}},{"type":"Feature","geometry":{"type":"LineString","coordinates":[[129.2724624,35.8420253],[129.272388,35.842145],[129.2722635,35.8423635],[129.27219,35.8425015],[129.2721154,35.8426835],[129.2720561,35.8428603],[129.2719781,35.8431802],[129.271936,35.8434188],[129.2719169,35.8435775],[129.2718918,35.8437802],[129.2718553,35.8439794],[129.2718396,35.8440523],[129.2718115,35.8441268],[129.2717735,35.8442137],[129.2716893,35.8443642],[129.271645,35.8444212],[129.2715879,35.8444846],[129.2715132,35.8445552],[129.2714336,35.8446163],[129.2713262,35.8446814],[129.2711885,35.8447535],[129.2710214,35.8448163],[129.2708627,35.8448551],[129.270694,35.8448827],[129.2705382,35.844893],[129.2703184,35.8449078],[129.2701657,35.8449172],[129.2699611,35.8449425],[129.2697564,35.84498],[129.2694885,35.8450409],[129.2693385,35.8450853],[129.2691656,35.8451431],[129.2688727,35.8452517],[129.2682529,35.8454936],[129.2680166,35.8455899],[129.2678177,35.845676],[129.2676978,35.8457371],[129.2676105,35.8457893],[129.2675065,35.8458677],[129.2674124,35.8459518],[129.2672791,35.8460966],[129.2671423,35.8462794],[129.2669445,35.8465338],[129.2667769,35.8467035],[129.2665942,35.8468427],[129.2664072,35.8469435],[129.2661828,35.8470275],[129.2660452,35.8470706],[129.2659122,35.847096],[129.2656638,35.847133],[129.2653934,35.8471538],[129.2651348,35.8471593],[129.2649503,35.8471459],[129.2647893,35.8471257],[129.2646206,35.8470802],[129.2644715,35.8470178],[129.2643223,35.8469427],[129.2641808,35.8468596],[129.263009,35.8459322],[129.2623427,35.8453839],[129.2617221,35.8448907],[129.2614705,35.8447524],[129.261242,35.8446707],[129.261006,35.8446231],[129.2607842,35.8446043],[129.260569,35.8446128],[129.2604358,35.8446361],[129.2602821,35.8446811]]},"properties":{"axis":"중심시가지 통경축","sub":"주통경축 (경감로)","new":false,"lbl":"","note":"주요 경관자원으로의 통경축","source":"2030 경주시 경관계획 재정비 (2025.04) §4.3 경관축 (T1) — 선형은 OSM (T4)"}},{"type":"Feature","geometry":{"type":"LineString","coordinates":[[129.2591678,35.8453254],[129.2595958,35.8449284],[129.2597525,35.8448128],[129.2598649,35.8447462],[129.2599654,35.8446945],[129.2599958,35.8446815],[129.2602172,35.8445946],[129.2603469,35.844564],[129.2605091,35.8445333],[129.2606453,35.8445202],[129.2608604,35.844521],[129.2609728,35.8445333],[129.2610938,35.844557],[129.2612916,35.8446025],[129.2614235,35.8446472],[129.261551,35.8446954],[129.261711,35.8447786],[129.2618061,35.8448408],[129.2619898,35.8449793],[129.2626048,35.8454655],[129.263316,35.8460403],[129.2640672,35.8466422],[129.264318,35.8468331],[129.2644585,35.8469102],[129.2646379,35.8469856],[129.2648303,35.8470294],[129.265014,35.8470557],[129.2651956,35.8470627],[129.2657987,35.8470171],[129.2659954,35.8469856],[129.2661922,35.8469243],[129.26635,35.8468559],[129.266497,35.8467788],[129.2666504,35.8466667],[129.266819,35.846495],[129.2670426,35.8462113],[129.2671887,35.8460254],[129.2673638,35.8458414],[129.2675108,35.8457257],[129.2676556,35.8456399],[129.2678156,35.845561],[129.2692791,35.8450423],[129.2696703,35.8449442],[129.2698714,35.8448987],[129.2701589,35.8448566],[129.2703502,35.8448435],[129.2705674,35.8448373],[129.2707468,35.8448198],[129.2709457,35.8447777],[129.2710949,35.8447234],[129.2712462,35.8446551],[129.2713672,35.8445727],[129.2715186,35.8444325],[129.2716656,35.844238],[129.2717218,35.8441347],[129.2717693,35.8439612],[129.2718701,35.843254],[129.2719444,35.8429361],[129.271992,35.8427626],[129.2721217,35.8424507],[129.2722535,35.8422194],[129.2723443,35.8420706],[129.272755,35.8414326],[129.2730685,35.8408701],[129.2731766,35.8405949],[129.2732328,35.8403163],[129.273343,35.8396136],[129.273503,35.8384623],[129.2735376,35.8382608],[129.2735743,35.8381363],[129.2736586,35.8379138],[129.2737754,35.8377],[129.2738921,35.8375423],[129.2740456,35.8373775]]},"properties":{"axis":"중심시가지 통경축","sub":"주통경축 (경감로)","new":false,"lbl":"","note":"주요 경관자원으로의 통경축","source":"2030 경주시 경관계획 재정비 (2025.04) §4.3 경관축 (T1) — 선형은 OSM (T4)"}},{"type":"Feature","geometry":{"type":"LineString","coordinates":[[129.2572321,35.8460914],[129.2575776,35.8462092],[129.2578806,35.8462694],[129.2581841,35.846326]]},"properties":{"axis":"중심시가지 통경축","sub":"주통경축 (경감로)","new":false,"lbl":"","note":"주요 경관자원으로의 통경축","source":"2030 경주시 경관계획 재정비 (2025.04) §4.3 경관축 (T1) — 선형은 OSM (T4)"}},{"type":"Feature","geometry":{"type":"LineString","coordinates":[[129.2103055,35.8150303],[129.2103086,35.8151037],[129.21033,35.81562],[129.2103336,35.8156978],[129.21036,35.81627],[129.21036,35.8163995],[129.21036,35.81659],[129.21037,35.81692],[129.21039,35.81723],[129.21042,35.81768],[129.21043,35.81795],[129.21044,35.81833],[129.2104696,35.8186875]]},"properties":{"axis":"중심시가지 통경축","sub":"주통경축 (포석로)","new":false,"lbl":"","note":"주요 경관자원으로의 통경축","source":"2030 경주시 경관계획 재정비 (2025.04) §4.3 경관축 (T1) — 선형은 OSM (T4)"}},{"type":"Feature","geometry":{"type":"LineString","coordinates":[[129.2102939,35.8148965],[129.2103055,35.8150303]]},"properties":{"axis":"중심시가지 통경축","sub":"주통경축 (포석로)","new":false,"lbl":"","note":"주요 경관자원으로의 통경축","source":"2030 경주시 경관계획 재정비 (2025.04) §4.3 경관축 (T1) — 선형은 OSM (T4)"}},{"type":"Feature","geometry":{"type":"LineString","coordinates":[[129.1756139,35.8446488],[129.1758888,35.8445802],[129.1766801,35.8443867],[129.1774275,35.8441996],[129.1777047,35.8441302],[129.1785201,35.8439345],[129.1787752,35.8438644],[129.1790029,35.8438019],[129.1795018,35.8436605],[129.1801455,35.8434583],[129.1807704,35.8432561]]},"properties":{"axis":"중심시가지 통경축","sub":"주통경축 (태종로)","new":false,"lbl":"","note":"주요 경관자원으로의 통경축","source":"2030 경주시 경관계획 재정비 (2025.04) §4.3 경관축 (T1) — 선형은 OSM (T4)"}},{"type":"Feature","geometry":{"type":"LineString","coordinates":[[129.1643698,35.8379645],[129.1644987,35.8381933],[129.1646346,35.8384423],[129.1652995,35.8396599],[129.1658198,35.840634],[129.1659754,35.8408602],[129.166131,35.8410341],[129.1662972,35.8412081],[129.1671353,35.8419261]]},"properties":{"axis":"중심시가지 통경축","sub":"주통경축 (태종로)","new":false,"lbl":"","note":"주요 경관자원으로의 통경축","source":"2030 경주시 경관계획 재정비 (2025.04) §4.3 경관축 (T1) — 선형은 OSM (T4)"}},{"type":"Feature","geometry":{"type":"LineString","coordinates":[[129.1630244,35.8355265],[129.1637867,35.8369289],[129.163881,35.8370964],[129.1640387,35.8373765],[129.1643698,35.8379645]]},"properties":{"axis":"중심시가지 통경축","sub":"주통경축 (태종로)","new":false,"lbl":"","note":"주요 경관자원으로의 통경축","source":"2030 경주시 경관계획 재정비 (2025.04) §4.3 경관축 (T1) — 선형은 OSM (T4)"}},{"type":"Feature","geometry":{"type":"LineString","coordinates":[[129.1834502,35.8423639],[129.1845014,35.8420233],[129.1853058,35.8417591],[129.1862664,35.8414437],[129.1875294,35.8410263],[129.1881282,35.8407641],[129.1886466,35.8404563],[129.1898044,35.8396965]]},"properties":{"axis":"중심시가지 통경축","sub":"주통경축 (태종로)","new":false,"lbl":"","note":"주요 경관자원으로의 통경축","source":"2030 경주시 경관계획 재정비 (2025.04) §4.3 경관축 (T1) — 선형은 OSM (T4)"}},{"type":"Feature","geometry":{"type":"LineString","coordinates":[[129.1807704,35.8432561],[129.1810214,35.8431682]]},"properties":{"axis":"중심시가지 통경축","sub":"주통경축 (태종로)","new":false,"lbl":"","note":"주요 경관자원으로의 통경축","source":"2030 경주시 경관계획 재정비 (2025.04) §4.3 경관축 (T1) — 선형은 OSM (T4)"}},{"type":"Feature","geometry":{"type":"LineString","coordinates":[[129.1810214,35.8431682],[129.1817434,35.8429354]]},"properties":{"axis":"중심시가지 통경축","sub":"주통경축 (태종로)","new":false,"lbl":"","note":"주요 경관자원으로의 통경축","source":"2030 경주시 경관계획 재정비 (2025.04) §4.3 경관축 (T1) — 선형은 OSM (T4)"}},{"type":"Feature","geometry":{"type":"LineString","coordinates":[[129.1817434,35.8429354],[129.1820194,35.8428434]]},"properties":{"axis":"중심시가지 통경축","sub":"주통경축 (태종로)","new":false,"lbl":"","note":"주요 경관자원으로의 통경축","source":"2030 경주시 경관계획 재정비 (2025.04) §4.3 경관축 (T1) — 선형은 OSM (T4)"}},{"type":"Feature","geometry":{"type":"LineString","coordinates":[[129.1820194,35.8428434],[129.1821044,35.8428151],[129.1834502,35.8423639]]},"properties":{"axis":"중심시가지 통경축","sub":"주통경축 (태종로)","new":false,"lbl":"","note":"주요 경관자원으로의 통경축","source":"2030 경주시 경관계획 재정비 (2025.04) §4.3 경관축 (T1) — 선형은 OSM (T4)"}},{"type":"Feature","geometry":{"type":"LineString","coordinates":[[129.1900146,35.8395585],[129.1905076,35.8392313]]},"properties":{"axis":"중심시가지 통경축","sub":"주통경축 (태종로)","new":false,"lbl":"","note":"주요 경관자원으로의 통경축","source":"2030 경주시 경관계획 재정비 (2025.04) §4.3 경관축 (T1) — 선형은 OSM (T4)"}},{"type":"Feature","geometry":{"type":"LineString","coordinates":[[129.1898044,35.8396965],[129.1900146,35.8395585]]},"properties":{"axis":"중심시가지 통경축","sub":"주통경축 (태종로)","new":false,"lbl":"","note":"주요 경관자원으로의 통경축","source":"2030 경주시 경관계획 재정비 (2025.04) §4.3 경관축 (T1) — 선형은 OSM (T4)"}},{"type":"Feature","geometry":{"type":"LineString","coordinates":[[129.2168122,35.840904],[129.2169437,35.840887],[129.2171401,35.840863],[129.21715,35.8408618],[129.2172358,35.8408641]]},"properties":{"axis":"중심시가지 통경축","sub":"주통경축 (태종로)","new":false,"lbl":"","note":"주요 경관자원으로의 통경축","source":"2030 경주시 경관계획 재정비 (2025.04) §4.3 경관축 (T1) — 선형은 OSM (T4)"}},{"type":"Feature","geometry":{"type":"LineString","coordinates":[[129.202658,35.838338],[129.2028557,35.83837],[129.2030664,35.8384041]]},"properties":{"axis":"중심시가지 통경축","sub":"주통경축 (태종로)","new":false,"lbl":"","note":"주요 경관자원으로의 통경축","source":"2030 경주시 경관계획 재정비 (2025.04) §4.3 경관축 (T1) — 선형은 OSM (T4)"}},{"type":"Feature","geometry":{"type":"LineString","coordinates":[[129.202658,35.838338],[129.2024728,35.8387789]]},"properties":{"axis":"중심시가지 통경축","sub":"주통경축 (강변로)","new":false,"lbl":"","note":"주요 경관자원으로의 통경축","source":"2030 경주시 경관계획 재정비 (2025.04) §4.3 경관축 (T1) — 선형은 OSM (T4)"}},{"type":"Feature","geometry":{"type":"LineString","coordinates":[[129.2333744,35.889083],[129.2324037,35.8889492],[129.2322308,35.888927],[129.2302145,35.8886678]]},"properties":{"axis":"중심시가지 통경축","sub":"주통경축 (강변로)","new":false,"lbl":"","note":"주요 경관자원으로의 통경축","source":"2030 경주시 경관계획 재정비 (2025.04) §4.3 경관축 (T1) — 선형은 OSM (T4)"}},{"type":"Feature","geometry":{"type":"LineString","coordinates":[[129.2070605,35.8390395],[129.2070607,35.8389442],[129.2070611,35.8389071],[129.2070633,35.8386715],[129.2070653,35.8384731],[129.2070668,35.8383177],[129.2070818,35.8367915]]},"properties":{"axis":"중심시가지 통경축","sub":"주통경축 (금성로)","new":false,"lbl":"","note":"주요 경관자원으로의 통경축","source":"2030 경주시 경관계획 재정비 (2025.04) §4.3 경관축 (T1) — 선형은 OSM (T4)"}},{"type":"Feature","geometry":{"type":"LineString","coordinates":[[129.2004096,35.84362],[129.2004215,35.8437702]]},"properties":{"axis":"중심시가지 통경축","sub":"주통경축 (강변로)","new":false,"lbl":"","note":"주요 경관자원으로의 통경축","source":"2030 경주시 경관계획 재정비 (2025.04) §4.3 경관축 (T1) — 선형은 OSM (T4)"}},{"type":"Feature","geometry":{"type":"LineString","coordinates":[[129.2006544,35.8448998],[129.2006284,35.8448332],[129.2004646,35.8444647],[129.2004066,35.8443006],[129.2003486,35.8441338],[129.2003241,35.843939],[129.2003003,35.8436238]]},"properties":{"axis":"중심시가지 통경축","sub":"주통경축 (강변로)","new":false,"lbl":"","note":"주요 경관자원으로의 통경축","source":"2030 경주시 경관계획 재정비 (2025.04) §4.3 경관축 (T1) — 선형은 OSM (T4)"}},{"type":"Feature","geometry":{"type":"LineString","coordinates":[[129.2007035,35.8448263],[129.2014328,35.8448092]]},"properties":{"axis":"중심시가지 통경축","sub":"주통경축 (화랑로)","new":false,"lbl":"","note":"주요 경관자원으로의 통경축","source":"2030 경주시 경관계획 재정비 (2025.04) §4.3 경관축 (T1) — 선형은 OSM (T4)"}},{"type":"Feature","geometry":{"type":"LineString","coordinates":[[129.2070383,35.8444054],[129.2070388,35.8444762],[129.2070302,35.8445848],[129.2070298,35.8446822]]},"properties":{"axis":"중심시가지 통경축","sub":"주통경축 (금성로)","new":false,"lbl":"","note":"주요 경관자원으로의 통경축","source":"2030 경주시 경관계획 재정비 (2025.04) §4.3 경관축 (T1) — 선형은 OSM (T4)"}},{"type":"Feature","geometry":{"type":"LineString","coordinates":[[129.2167583,35.8443965],[129.2169795,35.8443944],[129.2172129,35.8443922]]},"properties":{"axis":"중심시가지 통경축","sub":"주통경축 (화랑로)","new":false,"lbl":"","note":"주요 경관자원으로의 통경축","source":"2030 경주시 경관계획 재정비 (2025.04) §4.3 경관축 (T1) — 선형은 OSM (T4)"}},{"type":"Feature","geometry":{"type":"LineString","coordinates":[[129.2217591,35.8358487],[129.2218783,35.835869],[129.2220551,35.8359416],[129.2221779,35.8360277],[129.2222155,35.8360582]]},"properties":{"axis":"역사조망축","sub":"신라옛길 조망축 (양정로)","new":true,"lbl":"","note":"신라왕경 360방 복원도 기반 통경축 → 역사조망축(신규)","source":"2030 경주시 경관계획 재정비 (2025.04) §4.3 경관축 (T1) — 선형은 OSM (T4)"}},{"type":"Feature","geometry":{"type":"LineString","coordinates":[[129.3185651,35.7855226],[129.318544,35.7857191],[129.3185167,35.7860071],[129.3183981,35.7862735]]},"properties":{"axis":"중심시가지 통경축","sub":"주통경축 (보불로)","new":false,"lbl":"","note":"주요 경관자원으로의 통경축","source":"2030 경주시 경관계획 재정비 (2025.04) §4.3 경관축 (T1) — 선형은 OSM (T4)"}},{"type":"Feature","geometry":{"type":"LineString","coordinates":[[129.2994595,35.831365],[129.3000038,35.83139],[129.3000727,35.8313984],[129.3002006,35.831414],[129.3002708,35.8314225]]},"properties":{"axis":"중심시가지 통경축","sub":"주통경축 (경감로)","new":false,"lbl":"","note":"주요 경관자원으로의 통경축","source":"2030 경주시 경관계획 재정비 (2025.04) §4.3 경관축 (T1) — 선형은 OSM (T4)"}},{"type":"Feature","geometry":{"type":"LineString","coordinates":[[129.3002708,35.8314225],[129.3004206,35.8312986],[129.3004272,35.8312932],[129.3005689,35.8311917],[129.3007703,35.8310772],[129.3009078,35.831004]]},"properties":{"axis":"중심시가지 통경축","sub":"주통경축 (보불로)","new":false,"lbl":"","note":"주요 경관자원으로의 통경축","source":"2030 경주시 경관계획 재정비 (2025.04) §4.3 경관축 (T1) — 선형은 OSM (T4)"}},{"type":"Feature","geometry":{"type":"LineString","coordinates":[[129.2070298,35.8446822],[129.2071667,35.8446783],[129.2075436,35.8446677]]},"properties":{"axis":"중심시가지 통경축","sub":"주통경축 (화랑로)","new":false,"lbl":"","note":"주요 경관자원으로의 통경축","source":"2030 경주시 경관계획 재정비 (2025.04) §4.3 경관축 (T1) — 선형은 OSM (T4)"}},{"type":"Feature","geometry":{"type":"LineString","coordinates":[[129.2015336,35.840842],[129.201399,35.8411082],[129.2012731,35.841397],[129.2011986,35.8415679],[129.2008445,35.8423265]]},"properties":{"axis":"중심시가지 통경축","sub":"주통경축 (강변로)","new":false,"lbl":"","note":"주요 경관자원으로의 통경축","source":"2030 경주시 경관계획 재정비 (2025.04) §4.3 경관축 (T1) — 선형은 OSM (T4)"}},{"type":"Feature","geometry":{"type":"LineString","coordinates":[[129.2444139,35.8397513],[129.2449128,35.8399209],[129.2454063,35.8401209],[129.2463739,35.8405963],[129.2465305,35.8406732],[129.2466735,35.8407448]]},"properties":{"axis":"중심시가지 통경축","sub":"주통경축 (경감로)","new":false,"lbl":"","note":"주요 경관자원으로의 통경축","source":"2030 경주시 경관계획 재정비 (2025.04) §4.3 경관축 (T1) — 선형은 OSM (T4)"}},{"type":"Feature","geometry":{"type":"LineString","coordinates":[[129.2302145,35.8886678],[129.2295231,35.8885711],[129.2291154,35.8884972],[129.2288037,35.8884157],[129.2285677,35.8883462],[129.2282512,35.8882375],[129.2278869,35.8880974],[129.2276664,35.8880072],[129.2272373,35.8878116],[129.2264665,35.8874521],[129.2248399,35.8866936],[129.2246778,35.88661],[129.2230349,35.8858573]]},"properties":{"axis":"중심시가지 통경축","sub":"주통경축 (강변로)","new":false,"lbl":"","note":"주요 경관자원으로의 통경축","source":"2030 경주시 경관계획 재정비 (2025.04) §4.3 경관축 (T1) — 선형은 OSM (T4)"}},{"type":"Feature","geometry":{"type":"LineString","coordinates":[[129.2066579,35.8389731],[129.2070605,35.8390395]]},"properties":{"axis":"중심시가지 통경축","sub":"주통경축 (태종로)","new":false,"lbl":"","note":"주요 경관자원으로의 통경축","source":"2030 경주시 경관계획 재정비 (2025.04) §4.3 경관축 (T1) — 선형은 OSM (T4)"}},{"type":"Feature","geometry":{"type":"LineString","coordinates":[[129.2172144,35.8444499],[129.216776,35.8444558]]},"properties":{"axis":"중심시가지 통경축","sub":"주통경축 (화랑로)","new":false,"lbl":"","note":"주요 경관자원으로의 통경축","source":"2030 경주시 경관계획 재정비 (2025.04) §4.3 경관축 (T1) — 선형은 OSM (T4)"}},{"type":"Feature","geometry":{"type":"LineString","coordinates":[[129.2070599,35.8393723],[129.2070605,35.8390395]]},"properties":{"axis":"중심시가지 통경축","sub":"주통경축 (금성로)","new":false,"lbl":"","note":"주요 경관자원으로의 통경축","source":"2030 경주시 경관계획 재정비 (2025.04) §4.3 경관축 (T1) — 선형은 OSM (T4)"}},{"type":"Feature","geometry":{"type":"LineString","coordinates":[[129.2070605,35.8390395],[129.2071277,35.8390506]]},"properties":{"axis":"중심시가지 통경축","sub":"주통경축 (태종로)","new":false,"lbl":"","note":"주요 경관자원으로의 통경축","source":"2030 경주시 경관계획 재정비 (2025.04) §4.3 경관축 (T1) — 선형은 OSM (T4)"}},{"type":"Feature","geometry":{"type":"LineString","coordinates":[[129.2075973,35.8572585],[129.2072372,35.8568124],[129.2071357,35.8566562],[129.2070359,35.8564541],[129.2067552,35.8552601]]},"properties":{"axis":"중심시가지 통경축","sub":"주통경축 (금성로)","new":false,"lbl":"","note":"주요 경관자원으로의 통경축","source":"2030 경주시 경관계획 재정비 (2025.04) §4.3 경관축 (T1) — 선형은 OSM (T4)"}},{"type":"Feature","geometry":{"type":"LineString","coordinates":[[129.2030677,35.832994],[129.2032944,35.832994]]},"properties":{"axis":"역사조망축","sub":"역사유적 조망축 (첨성로)","new":true,"lbl":"","note":"신라왕경 360방 복원도 기반 통경축 → 역사조망축(신규)","source":"2030 경주시 경관계획 재정비 (2025.04) §4.3 경관축 (T1) — 선형은 OSM (T4)"}},{"type":"Feature","geometry":{"type":"LineString","coordinates":[[129.2026015,35.8329939],[129.2030677,35.832994]]},"properties":{"axis":"역사조망축","sub":"역사유적 조망축 (첨성로)","new":true,"lbl":"","note":"신라왕경 360방 복원도 기반 통경축 → 역사조망축(신규)","source":"2030 경주시 경관계획 재정비 (2025.04) §4.3 경관축 (T1) — 선형은 OSM (T4)"}},{"type":"Feature","geometry":{"type":"LineString","coordinates":[[129.2066382,35.8651716],[129.2066202,35.8651449],[129.2057314,35.8638228],[129.2056578,35.8637133],[129.2055344,35.8635181],[129.2053521,35.8632296],[129.2051934,35.8628388],[129.2051831,35.8628133],[129.2051616,35.8627604],[129.205095,35.8625623],[129.2050283,35.8623638],[129.2049806,35.8622219],[129.2047609,35.8615677],[129.204692,35.8613555]]},"properties":{"axis":"중심시가지 통경축","sub":"주통경축 (강변로)","new":false,"lbl":"","note":"주요 경관자원으로의 통경축","source":"2030 경주시 경관계획 재정비 (2025.04) §4.3 경관축 (T1) — 선형은 OSM (T4)"}},{"type":"Feature","geometry":{"type":"LineString","coordinates":[[129.206741,35.8653246],[129.2066382,35.8651716]]},"properties":{"axis":"중심시가지 통경축","sub":"주통경축 (강변로)","new":false,"lbl":"","note":"주요 경관자원으로의 통경축","source":"2030 경주시 경관계획 재정비 (2025.04) §4.3 경관축 (T1) — 선형은 OSM (T4)"}},{"type":"Feature","geometry":{"type":"LineString","coordinates":[[129.2072708,35.8661161],[129.2069976,35.8657063]]},"properties":{"axis":"중심시가지 통경축","sub":"주통경축 (강변로)","new":false,"lbl":"","note":"주요 경관자원으로의 통경축","source":"2030 경주시 경관계획 재정비 (2025.04) §4.3 경관축 (T1) — 선형은 OSM (T4)"}},{"type":"Feature","geometry":{"type":"LineString","coordinates":[[129.2023078,35.8557212],[129.2023173,35.8555161],[129.2023236,35.8553802],[129.2023595,35.8548003]]},"properties":{"axis":"중심시가지 통경축","sub":"주통경축 (강변로)","new":false,"lbl":"","note":"주요 경관자원으로의 통경축","source":"2030 경주시 경관계획 재정비 (2025.04) §4.3 경관축 (T1) — 선형은 OSM (T4)"}},{"type":"Feature","geometry":{"type":"LineString","coordinates":[[129.2022489,35.8563676],[129.202292,35.8560613],[129.2023078,35.8557212]]},"properties":{"axis":"중심시가지 통경축","sub":"주통경축 (강변로)","new":false,"lbl":"","note":"주요 경관자원으로의 통경축","source":"2030 경주시 경관계획 재정비 (2025.04) §4.3 경관축 (T1) — 선형은 OSM (T4)"}},{"type":"Feature","geometry":{"type":"LineString","coordinates":[[129.1980714,35.8370745],[129.1983604,35.8371288]]},"properties":{"axis":"중심시가지 통경축","sub":"주통경축 (태종로)","new":false,"lbl":"","note":"주요 경관자원으로의 통경축","source":"2030 경주시 경관계획 재정비 (2025.04) §4.3 경관축 (T1) — 선형은 OSM (T4)"}},{"type":"Feature","geometry":{"type":"LineString","coordinates":[[129.1624419,35.8344773],[129.1627514,35.8350241],[129.1630244,35.8355265]]},"properties":{"axis":"중심시가지 통경축","sub":"주통경축 (태종로)","new":false,"lbl":"","note":"주요 경관자원으로의 통경축","source":"2030 경주시 경관계획 재정비 (2025.04) §4.3 경관축 (T1) — 선형은 OSM (T4)"}},{"type":"Feature","geometry":{"type":"LineString","coordinates":[[129.3136301,35.8011905],[129.3139049,35.8010419],[129.3142056,35.8009579],[129.3143693,35.8008062],[129.3146833,35.8006246],[129.3148536,35.8005867],[129.315034,35.8006192],[129.3151611,35.8006859]]},"properties":{"axis":"중심시가지 통경축","sub":"주통경축 (보불로)","new":false,"lbl":"","note":"주요 경관자원으로의 통경축","source":"2030 경주시 경관계획 재정비 (2025.04) §4.3 경관축 (T1) — 선형은 OSM (T4)"}},{"type":"Feature","geometry":{"type":"LineString","coordinates":[[129.3151611,35.8006859],[129.3154151,35.8005204]]},"properties":{"axis":"중심시가지 통경축","sub":"주통경축 (보불로)","new":false,"lbl":"","note":"주요 경관자원으로의 통경축","source":"2030 경주시 경관계획 재정비 (2025.04) §4.3 경관축 (T1) — 선형은 OSM (T4)"}},{"type":"Feature","geometry":{"type":"LineString","coordinates":[[129.3154151,35.8005204],[129.3153799,35.8004511],[129.3152928,35.8003653],[129.3150955,35.8002702],[129.3149182,35.8002102],[129.3145383,35.800172],[129.3143211,35.8001206],[129.3141545,35.8000714],[129.3139804,35.8000005],[129.3138286,35.7999284],[129.3137667,35.799871],[129.3136186,35.7998471]]},"properties":{"axis":"중심시가지 통경축","sub":"주통경축 (보불로)","new":false,"lbl":"","note":"주요 경관자원으로의 통경축","source":"2030 경주시 경관계획 재정비 (2025.04) §4.3 경관축 (T1) — 선형은 OSM (T4)"}},{"type":"Feature","geometry":{"type":"LineString","coordinates":[[129.3151611,35.8006859],[129.3152479,35.8008447],[129.3153195,35.8009796],[129.3154544,35.8011686],[129.3155233,35.8012852],[129.3155232,35.801419],[129.3154831,35.8014759],[129.3149438,35.8016217]]},"properties":{"axis":"중심시가지 통경축","sub":"주통경축 (보불로)","new":false,"lbl":"","note":"주요 경관자원으로의 통경축","source":"2030 경주시 경관계획 재정비 (2025.04) §4.3 경관축 (T1) — 선형은 OSM (T4)"}},{"type":"Feature","geometry":{"type":"LineString","coordinates":[[129.3159372,35.8013018],[129.3158096,35.8010805],[129.315663,35.8008081],[129.3154151,35.8005204]]},"properties":{"axis":"중심시가지 통경축","sub":"주통경축 (보불로)","new":false,"lbl":"","note":"주요 경관자원으로의 통경축","source":"2030 경주시 경관계획 재정비 (2025.04) §4.3 경관축 (T1) — 선형은 OSM (T4)"}},{"type":"Feature","geometry":{"type":"LineString","coordinates":[[129.2829939,35.834018],[129.2839779,35.8340638]]},"properties":{"axis":"중심시가지 통경축","sub":"주통경축 (경감로)","new":false,"lbl":"","note":"주요 경관자원으로의 통경축","source":"2030 경주시 경관계획 재정비 (2025.04) §4.3 경관축 (T1) — 선형은 OSM (T4)"}},{"type":"Feature","geometry":{"type":"LineString","coordinates":[[129.2026015,35.8329939],[129.2027689,35.833534]]},"properties":{"axis":"중심시가지 통경축","sub":"주통경축 (강변로)","new":false,"lbl":"","note":"주요 경관자원으로의 통경축","source":"2030 경주시 경관계획 재정비 (2025.04) §4.3 경관축 (T1) — 선형은 OSM (T4)"}},{"type":"Feature","geometry":{"type":"LineString","coordinates":[[129.1671353,35.8419261],[129.1676169,35.8423387],[129.1682435,35.842829],[129.1685117,35.8430073],[129.1691179,35.8433682],[129.1701918,35.843965],[129.1715436,35.8447281],[129.1718431,35.8448617]]},"properties":{"axis":"중심시가지 통경축","sub":"주통경축 (태종로)","new":false,"lbl":"","note":"주요 경관자원으로의 통경축","source":"2030 경주시 경관계획 재정비 (2025.04) §4.3 경관축 (T1) — 선형은 OSM (T4)"}},{"type":"Feature","geometry":{"type":"LineString","coordinates":[[129.2124393,35.8729312],[129.2121421,35.8727252],[129.2118401,35.8725039],[129.211538,35.872284],[129.2112376,35.8720464],[129.2110225,35.8717969],[129.210798,35.8714437],[129.210525,35.8710253],[129.2098046,35.8699256],[129.2084124,35.8678283],[129.2072708,35.8661161]]},"properties":{"axis":"중심시가지 통경축","sub":"주통경축 (강변로)","new":false,"lbl":"","note":"주요 경관자원으로의 통경축","source":"2030 경주시 경관계획 재정비 (2025.04) §4.3 경관축 (T1) — 선형은 OSM (T4)"}},{"type":"Feature","geometry":{"type":"LineString","coordinates":[[129.1621985,35.8340905],[129.162392,35.8343891],[129.1624419,35.8344773]]},"properties":{"axis":"중심시가지 통경축","sub":"주통경축 (태종로)","new":false,"lbl":"","note":"주요 경관자원으로의 통경축","source":"2030 경주시 경관계획 재정비 (2025.04) §4.3 경관축 (T1) — 선형은 OSM (T4)"}},{"type":"Feature","geometry":{"type":"LineString","coordinates":[[129.2025122,35.8500684],[129.2024176,35.8495513],[129.2021397,35.8487576],[129.2018309,35.8479039],[129.2017391,35.8476878]]},"properties":{"axis":"중심시가지 통경축","sub":"주통경축 (강변로)","new":false,"lbl":"","note":"주요 경관자원으로의 통경축","source":"2030 경주시 경관계획 재정비 (2025.04) §4.3 경관축 (T1) — 선형은 OSM (T4)"}},{"type":"Feature","geometry":{"type":"LineString","coordinates":[[129.2166652,35.8497471],[129.2169913,35.8497331]]},"properties":{"axis":"중심시가지 통경축","sub":"주통경축 (북문로)","new":false,"lbl":"","note":"주요 경관자원으로의 통경축","source":"2030 경주시 경관계획 재정비 (2025.04) §4.3 경관축 (T1) — 선형은 OSM (T4)"}},{"type":"Feature","geometry":{"type":"LineString","coordinates":[[129.2104472,35.8195266],[129.2100145,35.8193245]]},"properties":{"axis":"중심시가지 통경축","sub":"주통경축 (서라벌대로)","new":false,"lbl":"","note":"주요 경관자원으로의 통경축","source":"2030 경주시 경관계획 재정비 (2025.04) §4.3 경관축 (T1) — 선형은 OSM (T4)"}},{"type":"Feature","geometry":{"type":"LineString","coordinates":[[129.2104689,35.8199852],[129.2104517,35.8198477]]},"properties":{"axis":"중심시가지 통경축","sub":"주통경축 (포석로)","new":false,"lbl":"","note":"주요 경관자원으로의 통경축","source":"2030 경주시 경관계획 재정비 (2025.04) §4.3 경관축 (T1) — 선형은 OSM (T4)"}},{"type":"Feature","geometry":{"type":"LineString","coordinates":[[129.2172247,35.8409093],[129.2171359,35.8409123],[129.2169296,35.8409376],[129.216822,35.8409515]]},"properties":{"axis":"중심시가지 통경축","sub":"주통경축 (태종로)","new":false,"lbl":"","note":"주요 경관자원으로의 통경축","source":"2030 경주시 경관계획 재정비 (2025.04) §4.3 경관축 (T1) — 선형은 OSM (T4)"}},{"type":"Feature","geometry":{"type":"LineString","coordinates":[[129.2071249,35.8386766],[129.2071277,35.8390506]]},"properties":{"axis":"중심시가지 통경축","sub":"주통경축 (금성로)","new":false,"lbl":"","note":"주요 경관자원으로의 통경축","source":"2030 경주시 경관계획 재정비 (2025.04) §4.3 경관축 (T1) — 선형은 OSM (T4)"}},{"type":"Feature","geometry":{"type":"LineString","coordinates":[[129.2071277,35.8390506],[129.2075673,35.8391269]]},"properties":{"axis":"중심시가지 통경축","sub":"주통경축 (태종로)","new":false,"lbl":"","note":"주요 경관자원으로의 통경축","source":"2030 경주시 경관계획 재정비 (2025.04) §4.3 경관축 (T1) — 선형은 OSM (T4)"}},{"type":"Feature","geometry":{"type":"LineString","coordinates":[[129.2072017,35.8329926],[129.2075742,35.8329899],[129.2077348,35.8329887],[129.2080901,35.8329941],[129.2083011,35.8329972],[129.2085209,35.8330005],[129.2088992,35.8330062],[129.2095008,35.8330153]]},"properties":{"axis":"역사조망축","sub":"역사유적 조망축 (첨성로)","new":true,"lbl":"","note":"신라왕경 360방 복원도 기반 통경축 → 역사조망축(신규)","source":"2030 경주시 경관계획 재정비 (2025.04) §4.3 경관축 (T1) — 선형은 OSM (T4)"}},{"type":"Feature","geometry":{"type":"LineString","coordinates":[[129.2235908,35.8618974],[129.2234292,35.8621407],[129.2232593,35.8623231],[129.2231753,35.8623728],[129.2230035,35.8624471],[129.222257,35.8626372],[129.2216433,35.8627984]]},"properties":{"axis":"역사조망축","sub":"신라옛길 조망축 (양정로)","new":true,"lbl":"","note":"신라왕경 360방 복원도 기반 통경축 → 역사조망축(신규)","source":"2030 경주시 경관계획 재정비 (2025.04) §4.3 경관축 (T1) — 선형은 OSM (T4)"}},{"type":"Feature","geometry":{"type":"LineString","coordinates":[[129.2149188,35.8765613],[129.2135838,35.8743338],[129.2131616,35.8737098],[129.2127719,35.8732853],[129.2126629,35.8731693]]},"properties":{"axis":"중심시가지 통경축","sub":"주통경축 (강변로)","new":false,"lbl":"","note":"주요 경관자원으로의 통경축","source":"2030 경주시 경관계획 재정비 (2025.04) §4.3 경관축 (T1) — 선형은 OSM (T4)"}},{"type":"Feature","geometry":{"type":"LineString","coordinates":[[129.2242404,35.8608356],[129.2241029,35.8610603],[129.2238182,35.8615257],[129.2235908,35.8618974]]},"properties":{"axis":"역사조망축","sub":"신라옛길 조망축 (양정로)","new":true,"lbl":"","note":"신라왕경 360방 복원도 기반 통경축 → 역사조망축(신규)","source":"2030 경주시 경관계획 재정비 (2025.04) §4.3 경관축 (T1) — 선형은 OSM (T4)"}},{"type":"Feature","geometry":{"type":"LineString","coordinates":[[129.2211167,35.8358214],[129.2213795,35.8358326],[129.2217591,35.8358487]]},"properties":{"axis":"역사조망축","sub":"역사유적 조망축 (첨성로)","new":true,"lbl":"","note":"신라왕경 360방 복원도 기반 통경축 → 역사조망축(신규)","source":"2030 경주시 경관계획 재정비 (2025.04) §4.3 경관축 (T1) — 선형은 OSM (T4)"}},{"type":"Feature","geometry":{"type":"LineString","coordinates":[[129.2069553,35.8450315],[129.2069581,35.8448434],[129.2069596,35.844741]]},"properties":{"axis":"중심시가지 통경축","sub":"주통경축 (금성로)","new":false,"lbl":"","note":"주요 경관자원으로의 통경축","source":"2030 경주시 경관계획 재정비 (2025.04) §4.3 경관축 (T1) — 선형은 OSM (T4)"}},{"type":"Feature","geometry":{"type":"LineString","coordinates":[[129.2069596,35.844741],[129.2068242,35.844744],[129.2066027,35.844749]]},"properties":{"axis":"중심시가지 통경축","sub":"주통경축 (화랑로)","new":false,"lbl":"","note":"주요 경관자원으로의 통경축","source":"2030 경주시 경관계획 재정비 (2025.04) §4.3 경관축 (T1) — 선형은 OSM (T4)"}},{"type":"Feature","geometry":{"type":"LineString","coordinates":[[129.2126629,35.8731693],[129.2124393,35.8729312]]},"properties":{"axis":"중심시가지 통경축","sub":"주통경축 (강변로)","new":false,"lbl":"","note":"주요 경관자원으로의 통경축","source":"2030 경주시 경관계획 재정비 (2025.04) §4.3 경관축 (T1) — 선형은 OSM (T4)"}},{"type":"Feature","geometry":{"type":"LineString","coordinates":[[129.2168043,35.8797837],[129.2158509,35.8781415],[129.21581,35.878071],[129.2154659,35.8774782],[129.2154458,35.8774436],[129.2149188,35.8765613]]},"properties":{"axis":"중심시가지 통경축","sub":"주통경축 (강변로)","new":false,"lbl":"","note":"주요 경관자원으로의 통경축","source":"2030 경주시 경관계획 재정비 (2025.04) §4.3 경관축 (T1) — 선형은 OSM (T4)"}},{"type":"Feature","geometry":{"type":"LineString","coordinates":[[129.2850395,35.8341172],[129.2859158,35.8341654],[129.286053,35.8341741],[129.2868629,35.8342253],[129.2875003,35.8342642],[129.2883344,35.834315],[129.2885409,35.8343175],[129.2887659,35.8343],[129.2892398,35.8341981],[129.2893823,35.8341675],[129.2895148,35.8341323],[129.2898146,35.8340525],[129.2900523,35.8339947]]},"properties":{"axis":"중심시가지 통경축","sub":"주통경축 (경감로)","new":false,"lbl":"","note":"주요 경관자원으로의 통경축","source":"2030 경주시 경관계획 재정비 (2025.04) §4.3 경관축 (T1) — 선형은 OSM (T4)"}},{"type":"Feature","geometry":{"type":"LineString","coordinates":[[129.2357627,35.8894122],[129.2355024,35.8893763],[129.2333744,35.889083]]},"properties":{"axis":"중심시가지 통경축","sub":"주통경축 (강변로)","new":false,"lbl":"","note":"주요 경관자원으로의 통경축","source":"2030 경주시 경관계획 재정비 (2025.04) §4.3 경관축 (T1) — 선형은 OSM (T4)"}},{"type":"Feature","geometry":{"type":"LineString","coordinates":[[129.2069976,35.8657063],[129.206741,35.8653246]]},"properties":{"axis":"중심시가지 통경축","sub":"주통경축 (강변로)","new":false,"lbl":"","note":"주요 경관자원으로의 통경축","source":"2030 경주시 경관계획 재정비 (2025.04) §4.3 경관축 (T1) — 선형은 OSM (T4)"}},{"type":"Feature","geometry":{"type":"LineString","coordinates":[[129.2242255,35.8566435],[129.224229,35.8574249],[129.22423,35.8576442],[129.2242416,35.8585533],[129.2242738,35.8598412],[129.2242994,35.8604605],[129.2242404,35.8608356]]},"properties":{"axis":"역사조망축","sub":"신라옛길 조망축 (양정로)","new":true,"lbl":"","note":"신라왕경 360방 복원도 기반 통경축 → 역사조망축(신규)","source":"2030 경주시 경관계획 재정비 (2025.04) §4.3 경관축 (T1) — 선형은 OSM (T4)"}},{"type":"Feature","geometry":{"type":"LineString","coordinates":[[129.19926,35.837366],[129.1993496,35.8373917],[129.1994033,35.8374071]]},"properties":{"axis":"중심시가지 통경축","sub":"주통경축 (태종로)","new":false,"lbl":"","note":"주요 경관자원으로의 통경축","source":"2030 경주시 경관계획 재정비 (2025.04) §4.3 경관축 (T1) — 선형은 OSM (T4)"}},{"type":"Feature","geometry":{"type":"LineString","coordinates":[[129.1718431,35.8448617],[129.1721874,35.8449629],[129.172528,35.845039],[129.1727587,35.8450781],[129.1730108,35.8450977],[129.1732173,35.8451042],[129.1734346,35.8451021],[129.1735929,35.8450912],[129.1738611,35.8450477],[129.174071,35.8450059],[129.1744458,35.8449216],[129.1752478,35.8447411],[129.1756139,35.8446488]]},"properties":{"axis":"중심시가지 통경축","sub":"주통경축 (태종로)","new":false,"lbl":"","note":"주요 경관자원으로의 통경축","source":"2030 경주시 경관계획 재정비 (2025.04) §4.3 경관축 (T1) — 선형은 OSM (T4)"}},{"type":"Feature","geometry":{"type":"LineString","coordinates":[[129.2587595,35.8458743],[129.2583787,35.8462041],[129.258299,35.8462238]]},"properties":{"axis":"중심시가지 통경축","sub":"주통경축 (경감로)","new":false,"lbl":"","note":"주요 경관자원으로의 통경축","source":"2030 경주시 경관계획 재정비 (2025.04) §4.3 경관축 (T1) — 선형은 OSM (T4)"}},{"type":"Feature","geometry":{"type":"LineString","coordinates":[[129.2581841,35.846326],[129.258299,35.8462238]]},"properties":{"axis":"중심시가지 통경축","sub":"주통경축 (경감로)","new":false,"lbl":"","note":"주요 경관자원으로의 통경축","source":"2030 경주시 경관계획 재정비 (2025.04) §4.3 경관축 (T1) — 선형은 OSM (T4)"}},{"type":"Feature","geometry":{"type":"LineString","coordinates":[[129.2776566,35.8337571],[129.2778004,35.8337236],[129.2779853,35.8336903],[129.2781831,35.8336675],[129.278264,35.8336861]]},"properties":{"axis":"중심시가지 통경축","sub":"주통경축 (경감로)","new":false,"lbl":"","note":"주요 경관자원으로의 통경축","source":"2030 경주시 경관계획 재정비 (2025.04) §4.3 경관축 (T1) — 선형은 OSM (T4)"}},{"type":"Feature","geometry":{"type":"LineString","coordinates":[[129.2760711,35.8356549],[129.2762354,35.8352991],[129.2764126,35.834875],[129.2765856,35.8345087],[129.2766893,35.8343633],[129.276832,35.8342117],[129.2769671,35.8340986]]},"properties":{"axis":"중심시가지 통경축","sub":"주통경축 (경감로)","new":false,"lbl":"","note":"주요 경관자원으로의 통경축","source":"2030 경주시 경관계획 재정비 (2025.04) §4.3 경관축 (T1) — 선형은 OSM (T4)"}},{"type":"Feature","geometry":{"type":"LineString","coordinates":[[129.2754766,35.8363208],[129.2756993,35.8361298],[129.275816,35.8360159],[129.2759781,35.8358178],[129.2760711,35.8356549]]},"properties":{"axis":"중심시가지 통경축","sub":"주통경축 (경감로)","new":false,"lbl":"","note":"주요 경관자원으로의 통경축","source":"2030 경주시 경관계획 재정비 (2025.04) §4.3 경관축 (T1) — 선형은 OSM (T4)"}},{"type":"Feature","geometry":{"type":"LineString","coordinates":[[129.2751604,35.8365408],[129.2754766,35.8363208]]},"properties":{"axis":"중심시가지 통경축","sub":"주통경축 (경감로)","new":false,"lbl":"","note":"주요 경관자원으로의 통경축","source":"2030 경주시 경관계획 재정비 (2025.04) §4.3 경관축 (T1) — 선형은 OSM (T4)"}},{"type":"Feature","geometry":{"type":"LineString","coordinates":[[129.2748634,35.8367482],[129.2751604,35.8365408]]},"properties":{"axis":"중심시가지 통경축","sub":"주통경축 (경감로)","new":false,"lbl":"","note":"주요 경관자원으로의 통경축","source":"2030 경주시 경관계획 재정비 (2025.04) §4.3 경관축 (T1) — 선형은 OSM (T4)"}},{"type":"Feature","geometry":{"type":"LineString","coordinates":[[129.2740456,35.8373775],[129.2742661,35.8371813],[129.2748634,35.8367482]]},"properties":{"axis":"중심시가지 통경축","sub":"주통경축 (경감로)","new":false,"lbl":"","note":"주요 경관자원으로의 통경축","source":"2030 경주시 경관계획 재정비 (2025.04) §4.3 경관축 (T1) — 선형은 OSM (T4)"}},{"type":"Feature","geometry":{"type":"LineString","coordinates":[[129.2769671,35.8340986],[129.2771076,35.8339979],[129.27726,35.8339146],[129.2774135,35.8338436],[129.2776566,35.8337571]]},"properties":{"axis":"중심시가지 통경축","sub":"주통경축 (경감로)","new":false,"lbl":"","note":"주요 경관자원으로의 통경축","source":"2030 경주시 경관계획 재정비 (2025.04) §4.3 경관축 (T1) — 선형은 OSM (T4)"}},{"type":"Feature","geometry":{"type":"LineString","coordinates":[[129.2589355,35.8455586],[129.2591678,35.8453254]]},"properties":{"axis":"중심시가지 통경축","sub":"주통경축 (경감로)","new":false,"lbl":"","note":"주요 경관자원으로의 통경축","source":"2030 경주시 경관계획 재정비 (2025.04) §4.3 경관축 (T1) — 선형은 OSM (T4)"}},{"type":"Feature","geometry":{"type":"LineString","coordinates":[[129.258641,35.8458528],[129.2589355,35.8455586]]},"properties":{"axis":"중심시가지 통경축","sub":"주통경축 (경감로)","new":false,"lbl":"","note":"주요 경관자원으로의 통경축","source":"2030 경주시 경관계획 재정비 (2025.04) §4.3 경관축 (T1) — 선형은 OSM (T4)"}},{"type":"Feature","geometry":{"type":"LineString","coordinates":[[129.258299,35.8462238],[129.2583112,35.8461594],[129.258641,35.8458528]]},"properties":{"axis":"중심시가지 통경축","sub":"주통경축 (경감로)","new":false,"lbl":"","note":"주요 경관자원으로의 통경축","source":"2030 경주시 경관계획 재정비 (2025.04) §4.3 경관축 (T1) — 선형은 OSM (T4)"}},{"type":"Feature","geometry":{"type":"LineString","coordinates":[[129.2594545,35.8451955],[129.2592681,35.8453697]]},"properties":{"axis":"중심시가지 통경축","sub":"주통경축 (경감로)","new":false,"lbl":"","note":"주요 경관자원으로의 통경축","source":"2030 경주시 경관계획 재정비 (2025.04) §4.3 경관축 (T1) — 선형은 OSM (T4)"}},{"type":"Feature","geometry":{"type":"LineString","coordinates":[[129.2592681,35.8453697],[129.2587595,35.8458743]]},"properties":{"axis":"중심시가지 통경축","sub":"주통경축 (경감로)","new":false,"lbl":"","note":"주요 경관자원으로의 통경축","source":"2030 경주시 경관계획 재정비 (2025.04) §4.3 경관축 (T1) — 선형은 OSM (T4)"}},{"type":"Feature","geometry":{"type":"LineString","coordinates":[[129.2602821,35.8446811],[129.2601046,35.8447357],[129.259988,35.8447952],[129.2598205,35.844895],[129.2596887,35.8449898],[129.2595623,35.845094],[129.2594545,35.8451955]]},"properties":{"axis":"중심시가지 통경축","sub":"주통경축 (경감로)","new":false,"lbl":"","note":"주요 경관자원으로의 통경축","source":"2030 경주시 경관계획 재정비 (2025.04) §4.3 경관축 (T1) — 선형은 OSM (T4)"}},{"type":"Feature","geometry":{"type":"LineString","coordinates":[[129.2760623,35.8358928],[129.2759997,35.8359712],[129.2759104,35.8360798],[129.2757922,35.8361902],[129.2756588,35.8362954],[129.2752358,35.8365967]]},"properties":{"axis":"중심시가지 통경축","sub":"주통경축 (경감로)","new":false,"lbl":"","note":"주요 경관자원으로의 통경축","source":"2030 경주시 경관계획 재정비 (2025.04) §4.3 경관축 (T1) — 선형은 OSM (T4)"}},{"type":"Feature","geometry":{"type":"LineString","coordinates":[[129.278264,35.8336861],[129.2781809,35.8337402],[129.2780121,35.8337626],[129.2777756,35.8338147],[129.2776534,35.8338524],[129.2774743,35.8339225],[129.277286,35.8340178],[129.2771487,35.83411],[129.2770178,35.8342079],[129.2769412,35.8342791],[129.2768719,35.8343537],[129.2767689,35.8344703],[129.2767207,35.8345429],[129.2766768,35.8346158],[129.2766028,35.8347758],[129.2764767,35.8350653],[129.2763061,35.8354539],[129.2762211,35.8356331],[129.2760623,35.8358928]]},"properties":{"axis":"중심시가지 통경축","sub":"주통경축 (경감로)","new":false,"lbl":"","note":"주요 경관자원으로의 통경축","source":"2030 경주시 경관계획 재정비 (2025.04) §4.3 경관축 (T1) — 선형은 OSM (T4)"}},{"type":"Feature","geometry":{"type":"LineString","coordinates":[[129.2053574,35.8329943],[129.2056483,35.8329944],[129.2060387,35.8329944],[129.2064579,35.8329945],[129.2071315,35.8329946]]},"properties":{"axis":"역사조망축","sub":"역사유적 조망축 (첨성로)","new":true,"lbl":"","note":"신라왕경 360방 복원도 기반 통경축 → 역사조망축(신규)","source":"2030 경주시 경관계획 재정비 (2025.04) §4.3 경관축 (T1) — 선형은 OSM (T4)"}},{"type":"Feature","geometry":{"type":"LineString","coordinates":[[129.2095008,35.8330153],[129.2104111,35.8330487],[129.2111868,35.8330772],[129.2112962,35.8330812],[129.212744,35.8331344],[129.2128749,35.8331392],[129.2132013,35.8331511]]},"properties":{"axis":"역사조망축","sub":"역사유적 조망축 (첨성로)","new":true,"lbl":"","note":"신라왕경 360방 복원도 기반 통경축 → 역사조망축(신규)","source":"2030 경주시 경관계획 재정비 (2025.04) §4.3 경관축 (T1) — 선형은 OSM (T4)"}},{"type":"Feature","geometry":{"type":"LineString","coordinates":[[129.2132013,35.8331511],[129.2135143,35.8331626],[129.2140198,35.8331803]]},"properties":{"axis":"역사조망축","sub":"역사유적 조망축 (첨성로)","new":true,"lbl":"","note":"신라왕경 360방 복원도 기반 통경축 → 역사조망축(신규)","source":"2030 경주시 경관계획 재정비 (2025.04) §4.3 경관축 (T1) — 선형은 OSM (T4)"}},{"type":"Feature","geometry":{"type":"LineString","coordinates":[[129.2140198,35.8331803],[129.2142073,35.8331868]]},"properties":{"axis":"역사조망축","sub":"역사유적 조망축 (첨성로)","new":true,"lbl":"","note":"신라왕경 360방 복원도 기반 통경축 → 역사조망축(신규)","source":"2030 경주시 경관계획 재정비 (2025.04) §4.3 경관축 (T1) — 선형은 OSM (T4)"}},{"type":"Feature","geometry":{"type":"LineString","coordinates":[[129.3411076,35.8231471],[129.3411157,35.8228763]]},"properties":{"axis":"중심시가지 통경축","sub":"주통경축 (경감로)","new":false,"lbl":"","note":"주요 경관자원으로의 통경축","source":"2030 경주시 경관계획 재정비 (2025.04) §4.3 경관축 (T1) — 선형은 OSM (T4)"}},{"type":"Feature","geometry":{"type":"LineString","coordinates":[[129.3249366,35.8255753],[129.3249951,35.8255596],[129.3251478,35.8254491],[129.3254239,35.82544],[129.3256539,35.8254639],[129.3260711,35.8255948],[129.3264895,35.8258147],[129.3270344,35.8261265],[129.3274122,35.8262552],[129.3280022,35.826373],[129.328269,35.8264061],[129.3289615,35.8263009],[129.3302193,35.8259939],[129.3309573,35.8256917],[129.3312317,35.8256209],[129.3316844,35.825613],[129.332219,35.8255761],[129.3336,35.82503],[129.334,35.82484],[129.33503,35.82419],[129.33513,35.82408],[129.3353883,35.8238383],[129.3355368,35.8235774],[129.3356854,35.82324],[129.3357085,35.823177],[129.3358239,35.8230152],[129.3359778,35.8229487],[129.3361454,35.8229265],[129.3363494,35.8229633],[129.3365187,35.823086],[129.3369205,35.8234734],[129.3374515,35.823836],[129.3377432,35.8239852],[129.3384171,35.8241756],[129.3389144,35.82419],[129.3392224,35.82417],[129.3395624,35.8241078],[129.3402139,35.823813],[129.3407556,35.8235957],[129.34091,35.82351],[129.3410653,35.8233761],[129.3411021,35.8232122],[129.3411076,35.8231471]]},"properties":{"axis":"중심시가지 통경축","sub":"주통경축 (경감로)","new":false,"lbl":"","note":"주요 경관자원으로의 통경축","source":"2030 경주시 경관계획 재정비 (2025.04) §4.3 경관축 (T1) — 선형은 OSM (T4)"}},{"type":"Feature","geometry":{"type":"LineString","coordinates":[[129.278264,35.8336861],[129.2783414,35.833685],[129.2784181,35.8336869],[129.2797352,35.8337878],[129.2806893,35.8338538],[129.2812902,35.8339108],[129.2816805,35.8339321],[129.2819832,35.8339543],[129.2823699,35.8339851],[129.2829939,35.834018]]},"properties":{"axis":"중심시가지 통경축","sub":"주통경축 (경감로)","new":false,"lbl":"","note":"주요 경관자원으로의 통경축","source":"2030 경주시 경관계획 재정비 (2025.04) §4.3 경관축 (T1) — 선형은 OSM (T4)"}},{"type":"Feature","geometry":{"type":"LineString","coordinates":[[129.343814,35.817115],[129.3439429,35.817099],[129.3442459,35.817031],[129.3443879,35.816987]]},"properties":{"axis":"중심시가지 통경축","sub":"주통경축 (경감로)","new":false,"lbl":"","note":"주요 경관자원으로의 통경축","source":"2030 경주시 경관계획 재정비 (2025.04) §4.3 경관축 (T1) — 선형은 OSM (T4)"}},{"type":"Feature","geometry":{"type":"LineString","coordinates":[[129.343647,35.817163],[129.343814,35.817115]]},"properties":{"axis":"중심시가지 통경축","sub":"주통경축 (경감로)","new":false,"lbl":"","note":"주요 경관자원으로의 통경축","source":"2030 경주시 경관계획 재정비 (2025.04) §4.3 경관축 (T1) — 선형은 OSM (T4)"}},{"type":"Feature","geometry":{"type":"LineString","coordinates":[[129.3443879,35.816987],[129.3445632,35.8169088]]},"properties":{"axis":"중심시가지 통경축","sub":"주통경축 (경감로)","new":false,"lbl":"","note":"주요 경관자원으로의 통경축","source":"2030 경주시 경관계획 재정비 (2025.04) §4.3 경관축 (T1) — 선형은 OSM (T4)"}},{"type":"Feature","geometry":{"type":"LineString","coordinates":[[129.3411157,35.8228763],[129.3411241,35.8224996],[129.3411566,35.8217292],[129.3412341,35.8213182],[129.34142,35.82102],[129.341783,35.8206479],[129.3420449,35.8202709],[129.342284,35.81988],[129.3427929,35.819273],[129.343077,35.818909],[129.343176,35.8186629],[129.343204,35.818393],[129.343192,35.818119],[129.343187,35.817847],[129.343198,35.817608],[129.3433119,35.8173969],[129.34352,35.817226],[129.343647,35.817163]]},"properties":{"axis":"중심시가지 통경축","sub":"주통경축 (경감로)","new":false,"lbl":"","note":"주요 경관자원으로의 통경축","source":"2030 경주시 경관계획 재정비 (2025.04) §4.3 경관축 (T1) — 선형은 OSM (T4)"}},{"type":"Feature","geometry":{"type":"LineString","coordinates":[[129.353954,35.8150292],[129.354117,35.8151099],[129.3543999,35.8152399],[129.354855,35.8153539],[129.355154,35.8153689],[129.3554134,35.8153516],[129.3555057,35.8153433],[129.3557656,35.8152764],[129.3562273,35.815058],[129.3571427,35.8145306],[129.3578846,35.8140899]]},"properties":{"axis":"중심시가지 통경축","sub":"주통경축 (경감로)","new":false,"lbl":"","note":"주요 경관자원으로의 통경축","source":"2030 경주시 경관계획 재정비 (2025.04) §4.3 경관축 (T1) — 선형은 OSM (T4)"}},{"type":"Feature","geometry":{"type":"LineString","coordinates":[[129.353833,35.8149789],[129.353954,35.8150292]]},"properties":{"axis":"중심시가지 통경축","sub":"주통경축 (경감로)","new":false,"lbl":"","note":"주요 경관자원으로의 통경축","source":"2030 경주시 경관계획 재정비 (2025.04) §4.3 경관축 (T1) — 선형은 OSM (T4)"}},{"type":"Feature","geometry":{"type":"LineString","coordinates":[[129.196,35.858],[129.288,35.851]]},"properties":{"axis":"중심시가지 통경축","sub":"금장대~보문호 통경·조망축","new":false,"lbl":"금장대~보문호 통경·조망축","note":"개략 직선 — 원문 \"금장대~보문호로 이어지는 통경축 및 조망축 보전\"","source":"2030 경주시 경관계획 재정비 (2025.04) §4.3 경관축 (T1) — 선형은 OSM (T4)"}},{"type":"Feature","geometry":{"type":"LineString","coordinates":[[129.2169538,35.8662214],[129.2163006,35.8668778],[129.2147767,35.8686345],[129.2138907,35.8696557],[129.2128822,35.8707772],[129.2116376,35.8720987]]},"properties":{"axis":"녹지경관축","sub":"폐철도 녹지경관축","new":true,"lbl":"","note":"무열왕릉~형산강철교~경주역~선덕여고~사천왕사지 (계획 확정구간)","source":"2030 경주시 경관계획 재정비 (2025.04) §4.3 경관축 (T1) — 선형은 OSM (T4)"}},{"type":"Feature","geometry":{"type":"LineString","coordinates":[[129.1925735,35.8288612],[129.1925494,35.8290856]]},"properties":{"axis":"녹지경관축","sub":"폐철도 녹지경관축","new":true,"lbl":"","note":"무열왕릉~형산강철교~경주역~선덕여고~사천왕사지 (계획 확정구간)","source":"2030 경주시 경관계획 재정비 (2025.04) §4.3 경관축 (T1) — 선형은 OSM (T4)"}},{"type":"Feature","geometry":{"type":"LineString","coordinates":[[129.1925494,35.8290856],[129.1922611,35.8314298],[129.1918663,35.8341211],[129.1916308,35.835727],[129.1915906,35.8367449],[129.1918355,35.8384487],[129.1922876,35.8403671],[129.1925317,35.8413477]]},"properties":{"axis":"녹지경관축","sub":"폐철도 녹지경관축","new":true,"lbl":"","note":"무열왕릉~형산강철교~경주역~선덕여고~사천왕사지 (계획 확정구간)","source":"2030 경주시 경관계획 재정비 (2025.04) §4.3 경관축 (T1) — 선형은 OSM (T4)"}},{"type":"Feature","geometry":{"type":"LineString","coordinates":[[129.2169538,35.8662214],[129.2187989,35.8640434],[129.2189121,35.8639127],[129.2207354,35.8618088],[129.2209359,35.8615828],[129.2211458,35.8613463],[129.2212021,35.8612828],[129.2214489,35.8609524],[129.2217321,35.8605291],[129.2218931,35.8602379],[129.2220379,35.8598574],[129.2221248,35.8596481],[129.2221881,35.859377],[129.2222428,35.8590786],[129.2222643,35.8588699],[129.2222686,35.8586771],[129.2222482,35.8582916],[129.2222149,35.8580032],[129.2221774,35.8577553],[129.2221184,35.8575336],[129.2220594,35.857364],[129.2217497,35.8566553],[129.2208785,35.8547262],[129.2204923,35.8538696],[129.2204137,35.8537046],[129.2196949,35.8521263]]},"properties":{"axis":"녹지경관축","sub":"폐철도 녹지경관축","new":true,"lbl":"폐철도 녹지경관축","note":"무열왕릉~형산강철교~경주역~선덕여고~사천왕사지 (계획 확정구간)","source":"2030 경주시 경관계획 재정비 (2025.04) §4.3 경관축 (T1) — 선형은 OSM (T4)"}},{"type":"Feature","geometry":{"type":"LineString","coordinates":[[129.2196949,35.8521263],[129.2188258,35.8502393]]},"properties":{"axis":"녹지경관축","sub":"폐철도 녹지경관축","new":true,"lbl":"","note":"무열왕릉~형산강철교~경주역~선덕여고~사천왕사지 (계획 확정구간)","source":"2030 경주시 경관계획 재정비 (2025.04) §4.3 경관축 (T1) — 선형은 OSM (T4)"}},{"type":"Feature","geometry":{"type":"LineString","coordinates":[[129.2225384,35.836625],[129.2228827,35.8365542],[129.2233649,35.8364861],[129.2257395,35.8363208],[129.2266884,35.8361703],[129.2277207,35.8358845],[129.2282467,35.8356673],[129.2287687,35.8354069],[129.2292111,35.8351387],[129.2296942,35.8347945],[129.2364428,35.8288876]]},"properties":{"axis":"녹지경관축","sub":"폐철도 녹지경관축","new":true,"lbl":"","note":"무열왕릉~형산강철교~경주역~선덕여고~사천왕사지 (계획 확정구간)","source":"2030 경주시 경관계획 재정비 (2025.04) §4.3 경관축 (T1) — 선형은 OSM (T4)"}},{"type":"Feature","geometry":{"type":"LineString","coordinates":[[129.2195682,35.8476018],[129.2193292,35.847027],[129.2191797,35.8466674],[129.2191698,35.8466442],[129.2190704,35.8464122],[129.2189517,35.8461224],[129.2188975,35.845979],[129.2188558,35.8458345],[129.2188283,35.8457057],[129.2188031,35.8455712],[129.2187567,35.8452606]]},"properties":{"axis":"녹지경관축","sub":"폐철도 녹지경관축","new":true,"lbl":"","note":"무열왕릉~형산강철교~경주역~선덕여고~사천왕사지 (계획 확정구간)","source":"2030 경주시 경관계획 재정비 (2025.04) §4.3 경관축 (T1) — 선형은 OSM (T4)"}},{"type":"Feature","geometry":{"type":"LineString","coordinates":[[129.2184369,35.847293],[129.2185205,35.8469228],[129.2186174,35.8465583],[129.2186847,35.8463233],[129.2187098,35.8461988],[129.2187229,35.8460581],[129.2187213,35.8457738],[129.2187163,35.8451819],[129.2187093,35.8448843],[129.2187112,35.8442761]]},"properties":{"axis":"녹지경관축","sub":"폐철도 녹지경관축","new":true,"lbl":"","note":"무열왕릉~형산강철교~경주역~선덕여고~사천왕사지 (계획 확정구간)","source":"2030 경주시 경관계획 재정비 (2025.04) §4.3 경관축 (T1) — 선형은 OSM (T4)"}},{"type":"Feature","geometry":{"type":"LineString","coordinates":[[129.1864594,35.8187371],[129.1870118,35.820544]]},"properties":{"axis":"녹지경관축","sub":"폐철도 녹지경관축","new":true,"lbl":"","note":"무열왕릉~형산강철교~경주역~선덕여고~사천왕사지 (계획 확정구간)","source":"2030 경주시 경관계획 재정비 (2025.04) §4.3 경관축 (T1) — 선형은 OSM (T4)"}},{"type":"Feature","geometry":{"type":"LineString","coordinates":[[129.1870118,35.820544],[129.187913,35.8220218],[129.1895225,35.8238165],[129.1919805,35.8266433],[129.1923135,35.827205],[129.1924714,35.8276095],[129.1925491,35.8279724],[129.1926033,35.8284375],[129.1925735,35.8288612]]},"properties":{"axis":"녹지경관축","sub":"폐철도 녹지경관축","new":true,"lbl":"","note":"무열왕릉~형산강철교~경주역~선덕여고~사천왕사지 (계획 확정구간)","source":"2030 경주시 경관계획 재정비 (2025.04) §4.3 경관축 (T1) — 선형은 OSM (T4)"}},{"type":"Feature","geometry":{"type":"LineString","coordinates":[[129.2188258,35.8502393],[129.2186259,35.849741],[129.2185072,35.8494599],[129.218461,35.8492044],[129.2184279,35.8489901],[129.2184094,35.8487991],[129.2184079,35.8478387],[129.2184077,35.8476617],[129.2184074,35.8470694],[129.2183948,35.8434861],[129.2183887,35.8430351]]},"properties":{"axis":"녹지경관축","sub":"폐철도 녹지경관축","new":true,"lbl":"","note":"무열왕릉~형산강철교~경주역~선덕여고~사천왕사지 (계획 확정구간)","source":"2030 경주시 경관계획 재정비 (2025.04) §4.3 경관축 (T1) — 선형은 OSM (T4)"}},{"type":"Feature","geometry":{"type":"LineString","coordinates":[[129.2117736,35.8721745],[129.2137458,35.8698948],[129.2148115,35.8686775],[129.2156448,35.8677256],[129.2169538,35.8662214]]},"properties":{"axis":"녹지경관축","sub":"폐철도 녹지경관축","new":true,"lbl":"","note":"무열왕릉~형산강철교~경주역~선덕여고~사천왕사지 (계획 확정구간)","source":"2030 경주시 경관계획 재정비 (2025.04) §4.3 경관축 (T1) — 선형은 OSM (T4)"}},{"type":"Feature","geometry":{"type":"LineString","coordinates":[[129.1925317,35.8413477],[129.1927249,35.8421806]]},"properties":{"axis":"녹지경관축","sub":"폐철도 녹지경관축","new":true,"lbl":"","note":"무열왕릉~형산강철교~경주역~선덕여고~사천왕사지 (계획 확정구간)","source":"2030 경주시 경관계획 재정비 (2025.04) §4.3 경관축 (T1) — 선형은 OSM (T4)"}},{"type":"Feature","geometry":{"type":"LineString","coordinates":[[129.2183674,35.8419479],[129.2183699,35.8417686],[129.2183752,35.841125],[129.2183719,35.8408858],[129.2184031,35.8405894],[129.2184785,35.8401883],[129.2185531,35.839878],[129.2187722,35.8392638],[129.218917,35.8390116],[129.2192067,35.8385985],[129.2195791,35.8381776],[129.2198282,35.8379292],[129.2200368,35.8377552],[129.2202206,35.8376156],[129.2202747,35.8375766]]},"properties":{"axis":"녹지경관축","sub":"폐철도 녹지경관축","new":true,"lbl":"","note":"무열왕릉~형산강철교~경주역~선덕여고~사천왕사지 (계획 확정구간)","source":"2030 경주시 경관계획 재정비 (2025.04) §4.3 경관축 (T1) — 선형은 OSM (T4)"}},{"type":"Feature","geometry":{"type":"LineString","coordinates":[[129.2202747,35.8375766],[129.2203654,35.8375113]]},"properties":{"axis":"녹지경관축","sub":"폐철도 녹지경관축","new":true,"lbl":"","note":"무열왕릉~형산강철교~경주역~선덕여고~사천왕사지 (계획 확정구간)","source":"2030 경주시 경관계획 재정비 (2025.04) §4.3 경관축 (T1) — 선형은 OSM (T4)"}},{"type":"Feature","geometry":{"type":"LineString","coordinates":[[129.2203654,35.8375113],[129.2205693,35.8373677],[129.2208911,35.8371894],[129.2211379,35.837072],[129.2214061,35.8369633],[129.2218406,35.8368111],[129.2222805,35.836685],[129.2223185,35.8366753]]},"properties":{"axis":"녹지경관축","sub":"폐철도 녹지경관축","new":true,"lbl":"","note":"무열왕릉~형산강철교~경주역~선덕여고~사천왕사지 (계획 확정구간)","source":"2030 경주시 경관계획 재정비 (2025.04) §4.3 경관축 (T1) — 선형은 OSM (T4)"}},{"type":"Feature","geometry":{"type":"LineString","coordinates":[[129.2223185,35.8366753],[129.2225384,35.836625]]},"properties":{"axis":"녹지경관축","sub":"폐철도 녹지경관축","new":true,"lbl":"","note":"무열왕릉~형산강철교~경주역~선덕여고~사천왕사지 (계획 확정구간)","source":"2030 경주시 경관계획 재정비 (2025.04) §4.3 경관축 (T1) — 선형은 OSM (T4)"}},{"type":"Feature","geometry":{"type":"LineString","coordinates":[[129.1927249,35.8421806],[129.1929284,35.842879],[129.1931643,35.8435443],[129.1935021,35.844379],[129.1941801,35.8456726]]},"properties":{"axis":"녹지경관축","sub":"폐철도 녹지경관축","new":true,"lbl":"","note":"무열왕릉~형산강철교~경주역~선덕여고~사천왕사지 (계획 확정구간)","source":"2030 경주시 경관계획 재정비 (2025.04) §4.3 경관축 (T1) — 선형은 OSM (T4)"}},{"type":"Feature","geometry":{"type":"LineString","coordinates":[[129.19421,35.845731],[129.1947716,35.8468909],[129.1951913,35.8478388],[129.1954112,35.8482272],[129.1964704,35.8503511],[129.1979388,35.8531992],[129.1980923,35.8536153],[129.1981922,35.8542419],[129.1982194,35.8548281],[129.19824,35.8562502],[129.1983656,35.8572056],[129.1984787,35.8579128],[129.1986042,35.8585483]]},"properties":{"axis":"녹지경관축","sub":"폐철도 녹지경관축","new":true,"lbl":"","note":"무열왕릉~형산강철교~경주역~선덕여고~사천왕사지 (계획 확정구간)","source":"2030 경주시 경관계획 재정비 (2025.04) §4.3 경관축 (T1) — 선형은 OSM (T4)"}},{"type":"Feature","geometry":{"type":"LineString","coordinates":[[129.1986042,35.8585483],[129.1986299,35.8587128]]},"properties":{"axis":"녹지경관축","sub":"폐철도 녹지경관축","new":true,"lbl":"","note":"무열왕릉~형산강철교~경주역~선덕여고~사천왕사지 (계획 확정구간)","source":"2030 경주시 경관계획 재정비 (2025.04) §4.3 경관축 (T1) — 선형은 OSM (T4)"}},{"type":"Feature","geometry":{"type":"LineString","coordinates":[[129.2437836,35.8197668],[129.2426369,35.8201148],[129.2421475,35.8203524],[129.2419061,35.8205068],[129.2417263,35.8206357],[129.2414676,35.8208515],[129.241234,35.8211278],[129.2409888,35.8215051],[129.2407682,35.8218826],[129.2393441,35.8245287],[129.2384202,35.8261076],[129.2377146,35.8273652],[129.2374697,35.8277515],[129.237139,35.8282033],[129.2369954,35.8283577],[129.2367567,35.8286173]]},"properties":{"axis":"녹지경관축","sub":"폐철도 녹지경관축","new":true,"lbl":"","note":"무열왕릉~형산강철교~경주역~선덕여고~사천왕사지 (계획 확정구간)","source":"2030 경주시 경관계획 재정비 (2025.04) §4.3 경관축 (T1) — 선형은 OSM (T4)"}},{"type":"Feature","geometry":{"type":"LineString","coordinates":[[129.243898,35.8197317],[129.2437836,35.8197668]]},"properties":{"axis":"녹지경관축","sub":"폐철도 녹지경관축","new":true,"lbl":"","note":"무열왕릉~형산강철교~경주역~선덕여고~사천왕사지 (계획 확정구간)","source":"2030 경주시 경관계획 재정비 (2025.04) §4.3 경관축 (T1) — 선형은 OSM (T4)"}},{"type":"Feature","geometry":{"type":"LineString","coordinates":[[129.2364428,35.8288876],[129.2367567,35.8286173]]},"properties":{"axis":"녹지경관축","sub":"폐철도 녹지경관축","new":true,"lbl":"","note":"무열왕릉~형산강철교~경주역~선덕여고~사천왕사지 (계획 확정구간)","source":"2030 경주시 경관계획 재정비 (2025.04) §4.3 경관축 (T1) — 선형은 OSM (T4)"}},{"type":"Feature","geometry":{"type":"LineString","coordinates":[[129.1941801,35.8456726],[129.19421,35.845731]]},"properties":{"axis":"녹지경관축","sub":"폐철도 녹지경관축","new":true,"lbl":"","note":"무열왕릉~형산강철교~경주역~선덕여고~사천왕사지 (계획 확정구간)","source":"2030 경주시 경관계획 재정비 (2025.04) §4.3 경관축 (T1) — 선형은 OSM (T4)"}},{"type":"Feature","geometry":{"type":"LineString","coordinates":[[129.1999366,35.8654682],[129.2000264,35.8658291],[129.2000632,35.8659552],[129.2002879,35.8667237],[129.2003696,35.8670901],[129.2007103,35.8688938],[129.200931,35.8700623],[129.2009905,35.8704464],[129.2010272,35.8707607],[129.2010441,35.8709578],[129.2010583,35.8711372],[129.2010859,35.8714861]]},"properties":{"axis":"녹지경관축","sub":"폐철도 녹지경관축","new":true,"lbl":"","note":"무열왕릉~형산강철교~경주역~선덕여고~사천왕사지 (계획 확정구간)","source":"2030 경주시 경관계획 재정비 (2025.04) §4.3 경관축 (T1) — 선형은 OSM (T4)"}},{"type":"Feature","geometry":{"type":"LineString","coordinates":[[129.2000632,35.8659552],[129.2002395,35.8664464],[129.2003344,35.8666892],[129.2004728,35.86716],[129.2007971,35.8688798],[129.2010211,35.8700682],[129.2010445,35.8702491],[129.2010648,35.8704707],[129.2010583,35.8711372]]},"properties":{"axis":"녹지경관축","sub":"폐철도 녹지경관축","new":true,"lbl":"","note":"무열왕릉~형산강철교~경주역~선덕여고~사천왕사지 (계획 확정구간)","source":"2030 경주시 경관계획 재정비 (2025.04) §4.3 경관축 (T1) — 선형은 OSM (T4)"}},{"type":"Feature","geometry":{"type":"LineString","coordinates":[[129.2012995,35.8725991],[129.2011449,35.8720452]]},"properties":{"axis":"녹지경관축","sub":"폐철도 녹지경관축","new":true,"lbl":"","note":"무열왕릉~형산강철교~경주역~선덕여고~사천왕사지 (계획 확정구간)","source":"2030 경주시 경관계획 재정비 (2025.04) §4.3 경관축 (T1) — 선형은 OSM (T4)"}},{"type":"Feature","geometry":{"type":"LineString","coordinates":[[129.2011929,35.8720436],[129.2012499,35.872603]]},"properties":{"axis":"녹지경관축","sub":"폐철도 녹지경관축","new":true,"lbl":"","note":"무열왕릉~형산강철교~경주역~선덕여고~사천왕사지 (계획 확정구간)","source":"2030 경주시 경관계획 재정비 (2025.04) §4.3 경관축 (T1) — 선형은 OSM (T4)"}},{"type":"Feature","geometry":{"type":"LineString","coordinates":[[129.1998602,35.865071],[129.1996752,35.8643751]]},"properties":{"axis":"녹지경관축","sub":"폐철도 녹지경관축","new":true,"lbl":"","note":"무열왕릉~형산강철교~경주역~선덕여고~사천왕사지 (계획 확정구간)","source":"2030 경주시 경관계획 재정비 (2025.04) §4.3 경관축 (T1) — 선형은 OSM (T4)"}},{"type":"Feature","geometry":{"type":"LineString","coordinates":[[129.1999626,35.8658575],[129.200013,35.8662454],[129.2001231,35.8674803],[129.2001711,35.8678109],[129.200581,35.8699369],[129.2006719,35.8703032],[129.2008942,35.8710778],[129.2010724,35.8716657]]},"properties":{"axis":"녹지경관축","sub":"폐철도 녹지경관축","new":true,"lbl":"","note":"무열왕릉~형산강철교~경주역~선덕여고~사천왕사지 (계획 확정구간)","source":"2030 경주시 경관계획 재정비 (2025.04) §4.3 경관축 (T1) — 선형은 OSM (T4)"}},{"type":"Feature","geometry":{"type":"LineString","coordinates":[[129.2183887,35.8430351],[129.2183674,35.8419479]]},"properties":{"axis":"녹지경관축","sub":"폐철도 녹지경관축","new":true,"lbl":"","note":"무열왕릉~형산강철교~경주역~선덕여고~사천왕사지 (계획 확정구간)","source":"2030 경주시 경관계획 재정비 (2025.04) §4.3 경관축 (T1) — 선형은 OSM (T4)"}},{"type":"Feature","geometry":{"type":"LineString","coordinates":[[129.218863,35.8494136],[129.2188849,35.847191]]},"properties":{"axis":"녹지경관축","sub":"폐철도 녹지경관축","new":true,"lbl":"","note":"무열왕릉~형산강철교~경주역~선덕여고~사천왕사지 (계획 확정구간)","source":"2030 경주시 경관계획 재정비 (2025.04) §4.3 경관축 (T1) — 선형은 OSM (T4)"}},{"type":"Feature","geometry":{"type":"LineString","coordinates":[[129.2190074,35.8494164],[129.2190187,35.8481844],[129.2190073,35.8480383],[129.2189751,35.8478198]]},"properties":{"axis":"녹지경관축","sub":"폐철도 녹지경관축","new":true,"lbl":"","note":"무열왕릉~형산강철교~경주역~선덕여고~사천왕사지 (계획 확정구간)","source":"2030 경주시 경관계획 재정비 (2025.04) §4.3 경관축 (T1) — 선형은 OSM (T4)"}},{"type":"Feature","geometry":{"type":"LineString","coordinates":[[129.2189637,35.8494133],[129.2189751,35.8478198],[129.2189249,35.8474741]]},"properties":{"axis":"녹지경관축","sub":"폐철도 녹지경관축","new":true,"lbl":"","note":"무열왕릉~형산강철교~경주역~선덕여고~사천왕사지 (계획 확정구간)","source":"2030 경주시 경관계획 재정비 (2025.04) §4.3 경관축 (T1) — 선형은 OSM (T4)"}},{"type":"Feature","geometry":{"type":"LineString","coordinates":[[129.2192063,35.8481513],[129.2191071,35.8479536],[129.2190442,35.8478169],[129.2190236,35.8477515],[129.2189843,35.8475269],[129.21893,35.8471521],[129.2189207,35.8470395],[129.2189234,35.8468731],[129.218931,35.8464923],[129.218922,35.8463427],[129.2188736,35.8460197]]},"properties":{"axis":"녹지경관축","sub":"폐철도 녹지경관축","new":true,"lbl":"","note":"무열왕릉~형산강철교~경주역~선덕여고~사천왕사지 (계획 확정구간)","source":"2030 경주시 경관계획 재정비 (2025.04) §4.3 경관축 (T1) — 선형은 OSM (T4)"}},{"type":"Feature","geometry":{"type":"LineString","coordinates":[[129.2196586,35.8481528],[129.2194635,35.847672],[129.2194229,35.847553],[129.2193732,35.8473461],[129.2193418,35.8472301],[129.2193044,35.8471291],[129.2192602,35.8470291],[129.2191126,35.8466954],[129.2190232,35.8464934],[129.2189273,35.8462479],[129.2188736,35.8460197],[129.2188283,35.8457057]]},"properties":{"axis":"녹지경관축","sub":"폐철도 녹지경관축","new":true,"lbl":"","note":"무열왕릉~형산강철교~경주역~선덕여고~사천왕사지 (계획 확정구간)","source":"2030 경주시 경관계획 재정비 (2025.04) §4.3 경관축 (T1) — 선형은 OSM (T4)"}},{"type":"Feature","geometry":{"type":"LineString","coordinates":[[129.2190704,35.8464122],[129.2191859,35.8466336],[129.2193332,35.8468791],[129.2193785,35.8469689],[129.2194048,35.8470247],[129.2194366,35.8470919],[129.2196342,35.8475706]]},"properties":{"axis":"녹지경관축","sub":"폐철도 녹지경관축","new":true,"lbl":"","note":"무열왕릉~형산강철교~경주역~선덕여고~사천왕사지 (계획 확정구간)","source":"2030 경주시 경관계획 재정비 (2025.04) §4.3 경관축 (T1) — 선형은 OSM (T4)"}},{"type":"Feature","geometry":{"type":"LineString","coordinates":[[129.2197047,35.8475427],[129.2196293,35.8473609],[129.2194581,35.847023],[129.2194322,35.8469719],[129.2192593,35.846576],[129.2190344,35.8460609],[129.2189202,35.8457919],[129.2188504,35.8456022],[129.2188089,35.8454698],[129.2187567,35.8452606]]},"properties":{"axis":"녹지경관축","sub":"폐철도 녹지경관축","new":true,"lbl":"","note":"무열왕릉~형산강철교~경주역~선덕여고~사천왕사지 (계획 확정구간)","source":"2030 경주시 경관계획 재정비 (2025.04) §4.3 경관축 (T1) — 선형은 OSM (T4)"}},{"type":"Feature","geometry":{"type":"LineString","coordinates":[[129.2189162,35.8494143],[129.2189249,35.8474741],[129.2188849,35.847191],[129.2188648,35.8470412],[129.2188508,35.8469374],[129.2188399,35.846761]]},"properties":{"axis":"녹지경관축","sub":"폐철도 녹지경관축","new":true,"lbl":"","note":"무열왕릉~형산강철교~경주역~선덕여고~사천왕사지 (계획 확정구간)","source":"2030 경주시 경관계획 재정비 (2025.04) §4.3 경관축 (T1) — 선형은 OSM (T4)"}},{"type":"Feature","geometry":{"type":"LineString","coordinates":[[129.2188182,35.8494072],[129.2188376,35.8470421],[129.2188384,35.8469495],[129.2188399,35.846761],[129.2188336,35.8465767],[129.2187809,35.8462203]]},"properties":{"axis":"녹지경관축","sub":"폐철도 녹지경관축","new":true,"lbl":"","note":"무열왕릉~형산강철교~경주역~선덕여고~사천왕사지 (계획 확정구간)","source":"2030 경주시 경관계획 재정비 (2025.04) §4.3 경관축 (T1) — 선형은 OSM (T4)"}},{"type":"Feature","geometry":{"type":"LineString","coordinates":[[129.2187928,35.8471293],[129.2187789,35.8473075],[129.2187506,35.8474616],[129.2187355,35.8475643],[129.2187229,35.8476872],[129.2187155,35.8478209],[129.2187174,35.8493755]]},"properties":{"axis":"녹지경관축","sub":"폐철도 녹지경관축","new":true,"lbl":"","note":"무열왕릉~형산강철교~경주역~선덕여고~사천왕사지 (계획 확정구간)","source":"2030 경주시 경관계획 재정비 (2025.04) §4.3 경관축 (T1) — 선형은 OSM (T4)"}},{"type":"Feature","geometry":{"type":"LineString","coordinates":[[129.218772,35.8494007],[129.2187928,35.8471293],[129.2187933,35.8470434],[129.2187935,35.8469924],[129.2187966,35.8464601],[129.2187809,35.8462203],[129.2187432,35.8459787],[129.2187213,35.8457738]]},"properties":{"axis":"녹지경관축","sub":"폐철도 녹지경관축","new":true,"lbl":"","note":"무열왕릉~형산강철교~경주역~선덕여고~사천왕사지 (계획 확정구간)","source":"2030 경주시 경관계획 재정비 (2025.04) §4.3 경관축 (T1) — 선형은 OSM (T4)"}},{"type":"Feature","geometry":{"type":"LineString","coordinates":[[129.219772,35.8473281],[129.2196276,35.8470178],[129.2193705,35.8464649],[129.2192829,35.8462768],[129.2191953,35.8460744],[129.2190825,35.8458099],[129.2190053,35.845531],[129.2187563,35.844633],[129.218728,35.8444733],[129.2187112,35.8442761],[129.2187088,35.844173],[129.2186917,35.8439685]]},"properties":{"axis":"녹지경관축","sub":"폐철도 녹지경관축","new":true,"lbl":"","note":"무열왕릉~형산강철교~경주역~선덕여고~사천왕사지 (계획 확정구간)","source":"2030 경주시 경관계획 재정비 (2025.04) §4.3 경관축 (T1) — 선형은 OSM (T4)"}},{"type":"Feature","geometry":{"type":"LineString","coordinates":[[129.2191953,35.8460744],[129.2191158,35.8458139],[129.2190726,35.8455993],[129.2188235,35.8447138],[129.2187823,35.8445489],[129.2186917,35.8439685],[129.2186462,35.8436823]]},"properties":{"axis":"녹지경관축","sub":"폐철도 녹지경관축","new":true,"lbl":"","note":"무열왕릉~형산강철교~경주역~선덕여고~사천왕사지 (계획 확정구간)","source":"2030 경주시 경관계획 재정비 (2025.04) §4.3 경관축 (T1) — 선형은 OSM (T4)"}},{"type":"Feature","geometry":{"type":"LineString","coordinates":[[129.2186174,35.8465583],[129.2186576,35.8463463],[129.2186713,35.8461672],[129.2186606,35.8440063],[129.2186582,35.8438698],[129.2186462,35.8436823],[129.2185962,35.8433701]]},"properties":{"axis":"녹지경관축","sub":"폐철도 녹지경관축","new":true,"lbl":"","note":"무열왕릉~형산강철교~경주역~선덕여고~사천왕사지 (계획 확정구간)","source":"2030 경주시 경관계획 재정비 (2025.04) §4.3 경관축 (T1) — 선형은 OSM (T4)"}},{"type":"Feature","geometry":{"type":"LineString","coordinates":[[129.2185205,35.8469228],[129.2185683,35.8466225],[129.2186221,35.8461162],[129.2186114,35.8437511],[129.2186118,35.8435575],[129.2185962,35.8433701],[129.2185843,35.8432909],[129.2185682,35.8431713],[129.2185611,35.8430347]]},"properties":{"axis":"녹지경관축","sub":"폐철도 녹지경관축","new":true,"lbl":"","note":"무열왕릉~형산강철교~경주역~선덕여고~사천왕사지 (계획 확정구간)","source":"2030 경주시 경관계획 재정비 (2025.04) §4.3 경관축 (T1) — 선형은 OSM (T4)"}},{"type":"Feature","geometry":{"type":"LineString","coordinates":[[129.2184077,35.8476617],[129.2184369,35.847293],[129.2184506,35.8471121],[129.2184967,35.8467785],[129.2185243,35.8465148],[129.2185304,35.8463506],[129.2185043,35.8430602]]},"properties":{"axis":"녹지경관축","sub":"폐철도 녹지경관축","new":true,"lbl":"","note":"무열왕릉~형산강철교~경주역~선덕여고~사천왕사지 (계획 확정구간)","source":"2030 경주시 경관계획 재정비 (2025.04) §4.3 경관축 (T1) — 선형은 OSM (T4)"}},{"type":"Feature","geometry":{"type":"LineString","coordinates":[[129.2185611,35.8430347],[129.2185799,35.8462642],[129.2185683,35.8466225]]},"properties":{"axis":"녹지경관축","sub":"폐철도 녹지경관축","new":true,"lbl":"","note":"무열왕릉~형산강철교~경주역~선덕여고~사천왕사지 (계획 확정구간)","source":"2030 경주시 경관계획 재정비 (2025.04) §4.3 경관축 (T1) — 선형은 OSM (T4)"}},{"type":"Feature","geometry":{"type":"LineString","coordinates":[[129.2183229,35.8430283],[129.2183538,35.8465256],[129.2183581,35.8476189],[129.2183601,35.8480712],[129.2183596,35.8484485],[129.2183695,35.8487839],[129.2183878,35.8489497],[129.2184465,35.8492674],[129.2185072,35.8494599]]},"properties":{"axis":"녹지경관축","sub":"폐철도 녹지경관축","new":true,"lbl":"","note":"무열왕릉~형산강철교~경주역~선덕여고~사천왕사지 (계획 확정구간)","source":"2030 경주시 경관계획 재정비 (2025.04) §4.3 경관축 (T1) — 선형은 OSM (T4)"}},{"type":"Feature","geometry":{"type":"LineString","coordinates":[[129.2183581,35.8476189],[129.2183388,35.8473439],[129.2182437,35.8466452],[129.2182343,35.8465304],[129.2182212,35.8462329],[129.2182014,35.8437942],[129.2182114,35.8435882],[129.2182255,35.8433894],[129.218261,35.8430284]]},"properties":{"axis":"녹지경관축","sub":"폐철도 녹지경관축","new":true,"lbl":"","note":"무열왕릉~형산강철교~경주역~선덕여고~사천왕사지 (계획 확정구간)","source":"2030 경주시 경관계획 재정비 (2025.04) §4.3 경관축 (T1) — 선형은 OSM (T4)"}},{"type":"Feature","geometry":{"type":"LineString","coordinates":[[129.2183596,35.8484485],[129.2183734,35.8482056],[129.2183952,35.8480521],[129.2184079,35.8478387]]},"properties":{"axis":"녹지경관축","sub":"폐철도 녹지경관축","new":true,"lbl":"","note":"무열왕릉~형산강철교~경주역~선덕여고~사천왕사지 (계획 확정구간)","source":"2030 경주시 경관계획 재정비 (2025.04) §4.3 경관축 (T1) — 선형은 OSM (T4)"}},{"type":"Feature","geometry":{"type":"LineString","coordinates":[[129.2182643,35.8473804],[129.2181874,35.8469279],[129.2181735,35.8467555],[129.2181685,35.8465308],[129.2181513,35.8437047],[129.2181519,35.8431755],[129.2181615,35.8430225]]},"properties":{"axis":"녹지경관축","sub":"폐철도 녹지경관축","new":true,"lbl":"","note":"무열왕릉~형산강철교~경주역~선덕여고~사천왕사지 (계획 확정구간)","source":"2030 경주시 경관계획 재정비 (2025.04) §4.3 경관축 (T1) — 선형은 OSM (T4)"}},{"type":"Feature","geometry":{"type":"LineString","coordinates":[[129.2182954,35.8475423],[129.2183077,35.8477431],[129.2183057,35.8487216],[129.2182844,35.8491294]]},"properties":{"axis":"녹지경관축","sub":"폐철도 녹지경관축","new":true,"lbl":"","note":"무열왕릉~형산강철교~경주역~선덕여고~사천왕사지 (계획 확정구간)","source":"2030 경주시 경관계획 재정비 (2025.04) §4.3 경관축 (T1) — 선형은 OSM (T4)"}},{"type":"Feature","geometry":{"type":"LineString","coordinates":[[129.218158,35.8470222],[129.21798,35.8464808],[129.2179212,35.8462903],[129.2178968,35.8461471],[129.2178808,35.8458694]]},"properties":{"axis":"녹지경관축","sub":"폐철도 녹지경관축","new":true,"lbl":"","note":"무열왕릉~형산강철교~경주역~선덕여고~사천왕사지 (계획 확정구간)","source":"2030 경주시 경관계획 재정비 (2025.04) §4.3 경관축 (T1) — 선형은 OSM (T4)"}},{"type":"Feature","geometry":{"type":"LineString","coordinates":[[129.2183601,35.8480712],[129.2183412,35.8478401],[129.2182954,35.8475423],[129.2182643,35.8473804],[129.2182072,35.847188],[129.218158,35.8470222],[129.218094,35.8468876],[129.2179413,35.8465101],[129.2178847,35.8463349],[129.2178594,35.8462302],[129.2178404,35.8460868],[129.2178283,35.8458735]]},"properties":{"axis":"녹지경관축","sub":"폐철도 녹지경관축","new":true,"lbl":"","note":"무열왕릉~형산강철교~경주역~선덕여고~사천왕사지 (계획 확정구간)","source":"2030 경주시 경관계획 재정비 (2025.04) §4.3 경관축 (T1) — 선형은 OSM (T4)"}},{"type":"Feature","geometry":{"type":"LineString","coordinates":[[129.2181513,35.8437047],[129.2181688,35.8435364],[129.218183,35.843419],[129.218211,35.8432738],[129.218261,35.8430284]]},"properties":{"axis":"녹지경관축","sub":"폐철도 녹지경관축","new":true,"lbl":"","note":"무열왕릉~형산강철교~경주역~선덕여고~사천왕사지 (계획 확정구간)","source":"2030 경주시 경관계획 재정비 (2025.04) §4.3 경관축 (T1) — 선형은 OSM (T4)"}},{"type":"Feature","geometry":{"type":"LineString","coordinates":[[129.2186343,35.8429876],[129.2186862,35.843255],[129.2187726,35.8438703],[129.2188281,35.8442236],[129.2188847,35.8445089],[129.2189376,35.8447107],[129.2192854,35.8459522]]},"properties":{"axis":"녹지경관축","sub":"폐철도 녹지경관축","new":true,"lbl":"","note":"무열왕릉~형산강철교~경주역~선덕여고~사천왕사지 (계획 확정구간)","source":"2030 경주시 경관계획 재정비 (2025.04) §4.3 경관축 (T1) — 선형은 OSM (T4)"}},{"type":"Feature","geometry":{"type":"LineString","coordinates":[[129.2186149,35.8430906],[129.2187325,35.8439308],[129.2188177,35.8444203],[129.2188537,35.8446099],[129.2189012,35.8447834],[129.2191419,35.8456479],[129.2191718,35.8458033],[129.2191985,35.8459767],[129.2192829,35.8462768]]},"properties":{"axis":"녹지경관축","sub":"폐철도 녹지경관축","new":true,"lbl":"","note":"무열왕릉~형산강철교~경주역~선덕여고~사천왕사지 (계획 확정구간)","source":"2030 경주시 경관계획 재정비 (2025.04) §4.3 경관축 (T1) — 선형은 OSM (T4)"}},{"type":"Feature","geometry":{"type":"LineString","coordinates":[[129.2187567,35.8452606],[129.2187322,35.8451196],[129.2187093,35.8448843]]},"properties":{"axis":"녹지경관축","sub":"폐철도 녹지경관축","new":true,"lbl":"","note":"무열왕릉~형산강철교~경주역~선덕여고~사천왕사지 (계획 확정구간)","source":"2030 경주시 경관계획 재정비 (2025.04) §4.3 경관축 (T1) — 선형은 OSM (T4)"}},{"type":"Feature","geometry":{"type":"LineString","coordinates":[[129.2183674,35.8419479],[129.2183345,35.84233],[129.2183196,35.8426612],[129.2183229,35.8430283]]},"properties":{"axis":"녹지경관축","sub":"폐철도 녹지경관축","new":true,"lbl":"","note":"무열왕릉~형산강철교~경주역~선덕여고~사천왕사지 (계획 확정구간)","source":"2030 경주시 경관계획 재정비 (2025.04) §4.3 경관축 (T1) — 선형은 OSM (T4)"}},{"type":"Feature","geometry":{"type":"LineString","coordinates":[[129.2181615,35.8430225],[129.2181654,35.8429607],[129.2181885,35.8427975],[129.2182332,35.842526],[129.2182505,35.8423119]]},"properties":{"axis":"녹지경관축","sub":"폐철도 녹지경관축","new":true,"lbl":"","note":"무열왕릉~형산강철교~경주역~선덕여고~사천왕사지 (계획 확정구간)","source":"2030 경주시 경관계획 재정비 (2025.04) §4.3 경관축 (T1) — 선형은 OSM (T4)"}},{"type":"Feature","geometry":{"type":"LineString","coordinates":[[129.218261,35.8430284],[129.2183345,35.84233]]},"properties":{"axis":"녹지경관축","sub":"폐철도 녹지경관축","new":true,"lbl":"","note":"무열왕릉~형산강철교~경주역~선덕여고~사천왕사지 (계획 확정구간)","source":"2030 경주시 경관계획 재정비 (2025.04) §4.3 경관축 (T1) — 선형은 OSM (T4)"}},{"type":"Feature","geometry":{"type":"LineString","coordinates":[[129.2185043,35.8430602],[129.2184955,35.8429502],[129.2184516,35.8426051],[129.2184203,35.8423238],[129.2184059,35.8419266]]},"properties":{"axis":"녹지경관축","sub":"폐철도 녹지경관축","new":true,"lbl":"","note":"무열왕릉~형산강철교~경주역~선덕여고~사천왕사지 (계획 확정구간)","source":"2030 경주시 경관계획 재정비 (2025.04) §4.3 경관축 (T1) — 선형은 OSM (T4)"}},{"type":"Feature","geometry":{"type":"LineString","coordinates":[[129.2184886,35.8424746],[129.2185504,35.8427165],[129.2185974,35.8429381],[129.2186149,35.8430906]]},"properties":{"axis":"녹지경관축","sub":"폐철도 녹지경관축","new":true,"lbl":"","note":"무열왕릉~형산강철교~경주역~선덕여고~사천왕사지 (계획 확정구간)","source":"2030 경주시 경관계획 재정비 (2025.04) §4.3 경관축 (T1) — 선형은 OSM (T4)"}},{"type":"Feature","geometry":{"type":"LineString","coordinates":[[129.2185504,35.8427165],[129.2186343,35.8429876]]},"properties":{"axis":"녹지경관축","sub":"폐철도 녹지경관축","new":true,"lbl":"","note":"무열왕릉~형산강철교~경주역~선덕여고~사천왕사지 (계획 확정구간)","source":"2030 경주시 경관계획 재정비 (2025.04) §4.3 경관축 (T1) — 선형은 OSM (T4)"}},{"type":"Feature","geometry":{"type":"LineString","coordinates":[[129.2184059,35.8419266],[129.2184496,35.8422263],[129.2184886,35.8424746],[129.2185201,35.8427166],[129.2185558,35.8429201],[129.2185611,35.8430347]]},"properties":{"axis":"녹지경관축","sub":"폐철도 녹지경관축","new":true,"lbl":"","note":"무열왕릉~형산강철교~경주역~선덕여고~사천왕사지 (계획 확정구간)","source":"2030 경주시 경관계획 재정비 (2025.04) §4.3 경관축 (T1) — 선형은 OSM (T4)"}},{"type":"Feature","geometry":{"type":"LineString","coordinates":[[129.1986299,35.8587128],[129.1986485,35.8588186],[129.1989428,35.8604592]]},"properties":{"axis":"녹지경관축","sub":"폐철도 녹지경관축","new":true,"lbl":"","note":"무열왕릉~형산강철교~경주역~선덕여고~사천왕사지 (계획 확정구간)","source":"2030 경주시 경관계획 재정비 (2025.04) §4.3 경관축 (T1) — 선형은 OSM (T4)"}},{"type":"Feature","geometry":{"type":"LineString","coordinates":[[129.1989428,35.8604592],[129.1989675,35.8605809]]},"properties":{"axis":"녹지경관축","sub":"폐철도 녹지경관축","new":true,"lbl":"","note":"무열왕릉~형산강철교~경주역~선덕여고~사천왕사지 (계획 확정구간)","source":"2030 경주시 경관계획 재정비 (2025.04) §4.3 경관축 (T1) — 선형은 OSM (T4)"}},{"type":"Feature","geometry":{"type":"LineString","coordinates":[[129.1989675,35.8605809],[129.199508,35.8632412]]},"properties":{"axis":"녹지경관축","sub":"폐철도 녹지경관축","new":true,"lbl":"","note":"무열왕릉~형산강철교~경주역~선덕여고~사천왕사지 (계획 확정구간)","source":"2030 경주시 경관계획 재정비 (2025.04) §4.3 경관축 (T1) — 선형은 OSM (T4)"}},{"type":"Feature","geometry":{"type":"LineString","coordinates":[[129.199276,35.8622467],[129.1996752,35.8643751]]},"properties":{"axis":"녹지경관축","sub":"폐철도 녹지경관축","new":true,"lbl":"","note":"무열왕릉~형산강철교~경주역~선덕여고~사천왕사지 (계획 확정구간)","source":"2030 경주시 경관계획 재정비 (2025.04) §4.3 경관축 (T1) — 선형은 OSM (T4)"}}]}