{"type":"FeatureCollection","features":[{"type":"Feature","geometry":{"type":"Polygon","coordinates":[[[129.20691034658233,35.85078737761697],[129.2127592649081,35.852250944606105],[129.21271891622914,35.852210292916986],[129.21269780271462,35.85201313675823],[129.21273051300275,35.85199144928058],[129.2100932876707,35.85132651878758],[129.2100926017225,35.85123369131726],[129.21013555992494,35.85127831868777],[129.2107698566347,35.85143907993216],[129.21080434008533,35.851418020762345],[129.21080013856243,35.85019845766859],[129.21086614770817,35.850168601438924],[129.21086934280035,35.85117339862236],[129.21091070656954,35.85120090476035],[129.21190443868082,35.851189435189724],[129.211903796601,35.85115590984673],[129.21266511828983,35.851130294588856],[129.2126659870925,35.85094443746674],[129.21265837171018,35.85088212045942],[129.21263432630266,35.85083153955015],[129.2126422186928,35.850693544433156],[129.21269550661842,35.85062555967772],[129.21273052768532,35.850611357514936],[129.21273882534024,35.850580312917444],[129.21275377262384,35.85041025696212],[129.2127728976453,35.850325325657366],[129.21279549268868,35.85010882387985],[129.21265972167447,35.85010534040493],[129.21231881169192,35.85011787158675],[129.2119448940408,35.85011897770248],[129.21186533507532,35.850131824636975],[129.2116998380063,35.85011872171407],[129.21132926801067,35.85015516705481],[129.2110512656602,35.850154138126065],[129.21091726976854,35.850164781175536],[129.21091276186303,35.85015122523054],[129.21105945554442,35.850140803377705],[129.21131466942398,35.85013937562325],[129.21170066813195,35.85010609375929],[129.21189787256017,35.8501119762312],[129.21194403388742,35.85010765951808],[129.2122759630567,35.85010231909854],[129.21263599711213,35.85008800601093],[129.2127431822249,35.850090250987165],[129.2128018823792,35.850097186527485],[129.21288277176154,35.85008100201039],[129.21342331920835,35.85008187935404],[129.21359524141192,35.85006752552183],[129.2137888047447,35.85003636096095],[129.21390208317766,35.84999478441104],[129.21394947691644,35.849996052494625],[129.21402603418446,35.849928801072046],[129.21406898622385,35.84986272660653],[129.21408612588934,35.8498183998804],[129.21468257807845,35.849804049674916],[129.21483792110268,35.84979545542548],[129.2151311137412,35.84973585628822],[129.21513000929554,35.849730029090956],[129.21469061958916,35.849752069373416],[129.21425952839746,35.84978243953382],[129.21418059499584,35.84972252002497],[129.21415596948842,35.84912325082209],[129.21414383795343,35.84912361476733],[129.21414138692566,35.8490887227286],[129.21414966534638,35.84908853686697],[129.21414706548595,35.848968395883325],[129.21412973271626,35.84896933681923],[129.2140980926663,35.848474868219796],[129.21411130982298,35.84843336933153],[129.21412666305275,35.84843319796343],[129.2141176256618,35.84810807016653],[129.21409861520317,35.84769607052343],[129.21406683587688,35.84770078620858],[129.21406849829097,35.84765590103701],[129.21409796174703,35.847658615745814],[129.21408108873803,35.847226180956525],[129.21396881275564,35.84722707350495],[129.2139687116864,35.847218484831465],[129.21391014666023,35.84722385161652],[129.21392482825962,35.847714880542874],[129.21383389330222,35.84771143627467],[129.21383537811133,35.84777012302508],[129.21376300857423,35.84779225039494],[129.2137642896604,35.847816050133694],[129.21384136132198,35.84781375095716],[129.21393057223702,35.8477933061407],[129.21395427654164,35.84843812630535],[129.213753311415,35.84844433058658],[129.21375493242238,35.848387990616594],[129.21365793384524,35.8483899554127],[129.21365754149772,35.84849615934681],[129.2138557520748,35.84849058195591],[129.21385657455446,35.84850843425475],[129.2137876402711,35.84852802305532],[129.21378817811274,35.84865089845882],[129.2136740658798,35.84867382051608],[129.2136710106094,35.84890235573411],[129.21369236177043,35.849271226448565],[129.21368811002893,35.84959496272432],[129.2136449876636,35.849659496221236],[129.2135121971534,35.84969002159477],[129.2132025603891,35.8497146218987],[129.21261481685423,35.84974844347952],[129.21196149428832,35.84977371606727],[129.2119044224141,35.84893115393907],[129.21189059735477,35.84896295010021],[129.21185641379566,35.849013218558014],[129.21186340189536,35.84921973664366],[129.2118387600273,35.84931597013322],[129.21182570851252,35.849282367364985],[129.21184154066594,35.84924132378942],[129.2118399671469,35.848993419862474],[129.21173617146363,35.84897881201729],[129.21147221000362,35.84898629431956],[129.21146727977987,35.84896791744619],[129.21155197767212,35.84896064953743],[129.2117013545434,35.84896110930533],[129.2117884052678,35.84896871674238],[129.21184654065092,35.848967533483],[129.21186997301513,35.84895406384221],[129.2118851077822,35.848900485099804],[129.2118832991971,35.84884441252459],[129.2118583812186,35.848727086431744],[129.21180966882923,35.848607629970445],[129.2118067306181,35.848589069373276],[129.21171879888752,35.84858723148663],[129.21168494987282,35.8485587120808],[129.21165787126998,35.84845725171162],[129.21163304986206,35.848414116257665],[129.21157590605253,35.84833362644541],[129.2115068356139,35.84830173480218],[129.21144853683398,35.84832473743395],[129.21138146818353,35.848376144717605],[129.21134045733356,35.84844427871253],[129.21136915774963,35.84848921896328],[129.21139280721408,35.848549750634376],[129.21140145124107,35.84859121103733],[129.21143154597777,35.84862334208046],[129.21139489351228,35.848623126725926],[129.211390574378,35.84870220089031],[129.2114395421561,35.848708784587814],[129.2115013971552,35.84873292911995],[129.2115529533259,35.848755559500724],[129.21154380088657,35.848769004118004],[129.21144767479072,35.84876619799582],[129.21144791952676,35.848737258446924],[129.21136457920616,35.84871351191575],[129.2113697245704,35.84861190507131],[129.21136637797701,35.84852654456171],[129.21132525079358,35.84847072089257],[129.21129713749497,35.848476357730526],[129.21124504051704,35.84849627617333],[129.21123786859312,35.84854299144352],[129.21124779681557,35.848571913235084],[129.2112268090431,35.84858889336159],[129.21118706607604,35.84867198583105],[129.21117654350266,35.84882516253412],[129.21114067974352,35.84887228836137],[129.21108810150196,35.84891555894919],[129.21104763569977,35.84893861138955],[129.21099979822006,35.84897880942214],[129.2110080608684,35.84903946712908],[129.21078654859784,35.84907521819663],[129.21065062199017,35.8491045201746],[129.21062984411972,35.84914673481506],[129.21064246583776,35.84918970244468],[129.21052301306776,35.84933372268005],[129.21052568755834,35.84939530941268],[129.21063005616824,35.84940876370545],[129.21061780968677,35.84942861250717],[129.21055633058103,35.84942547499323],[129.21056276842418,35.849470030574935],[129.21058012123498,35.849527265767094],[129.21054461354493,35.849558474728234],[129.210518643142,35.84953719634851],[129.21053718320005,35.849481620094515],[129.21051434276762,35.84942130315624],[129.21039894693163,35.84939877432884],[129.21020163085657,35.849374918673945],[129.21012458695787,35.84938420916555],[129.21015029491477,35.84944058273919],[129.21017612591635,35.84961994959827],[129.21019077393694,35.84968430040075],[129.2102967853884,35.84969934733978],[129.2103742176225,35.84970717078833],[129.21044847062066,35.849697281153155],[129.21058373752774,35.849694576421946],[129.2106918063674,35.84968369048788],[129.21076744902714,35.84964658951767],[129.21083858146653,35.84963296489161],[129.21089602661385,35.849604844950115],[129.21093139919174,35.849572815984175],[129.21097784283998,35.84959176039669],[129.21106911819246,35.849601794360964],[129.21116419095333,35.849586757884424],[129.2113654800648,35.84958470311043],[129.21145656927723,35.849570304235],[129.21154418471855,35.84953995023684],[129.2115467650272,35.849552932729566],[129.21146844273193,35.84958118860402],[129.2113670785252,35.84960317593049],[129.21125270726148,35.849604186768424],[129.2110191609372,35.84963586759894],[129.21094649337925,35.8496382203782],[129.21093124849347,35.84964600670872],[129.21080269929564,35.84966908638985],[129.2107208742298,35.84969991643951],[129.21057694170472,35.84971607403238],[129.21040657035212,35.84972653646582],[129.21031956983518,35.84972567830032],[129.21018957458188,35.8497081946048],[129.21015818694545,35.84977830323025],[129.2101443317749,35.84983911655967],[129.21002142054093,35.84985101012279],[129.2100209626823,35.849824117636615],[129.21011523259935,35.84980245920025],[129.2101655326328,35.84967932428004],[129.21009628997822,35.84940862807919],[129.2101032968853,35.84936624817903],[129.21011645246577,35.84935955609259],[129.21036976384383,35.849368092457944],[129.21049136647002,35.84938934876864],[129.21050620958715,35.8493170517589],[129.2105391554135,35.84926363420659],[129.2104480782021,35.84924813518234],[129.21045511219157,35.84922037347968],[129.21054278126607,35.84923154067845],[129.2105865757299,35.84921974823434],[129.21061397299164,35.84918581357658],[129.2106049848421,35.84911855996011],[129.21061848098202,35.84908139598171],[129.21072775361418,35.84905711535346],[129.2108946723729,35.84903503236471],[129.2109627042666,35.849021241830634],[129.21096861556103,35.84891602867462],[129.21106571986175,35.84891190286513],[129.21109897282798,35.848886420614804],[129.21112204748266,35.848858973363996],[129.21115473146344,35.84878977247799],[129.21115029702077,35.84870738798606],[129.2111913640791,35.84858480947691],[129.21120031456172,35.848540893991824],[129.21117683230642,35.84849756684438],[129.21115250107192,35.84831253770562],[129.21105668041037,35.84830359322703],[129.21099320054148,35.84829279880271],[129.2108649203641,35.84830789301188],[129.21084617539063,35.84839060630804],[129.21083690529235,35.84851935694492],[129.2108842350373,35.84860190103369],[129.21086130829624,35.8486056090697],[129.2108125254614,35.84852193192894],[129.21082159024712,35.848310834478575],[129.21075080618064,35.848304928410876],[129.21058726287401,35.84831770443075],[129.2104978808386,35.848400044883824],[129.2105391806254,35.848500777802634],[129.21059221619993,35.84859796639778],[129.21063152777253,35.84874664020275],[129.21063592246156,35.84879301085319],[129.2106264013446,35.84884317294708],[129.21055689239276,35.84884245574413],[129.21054339327216,35.848827869976176],[129.21060294083935,35.848803829174265],[129.21058472089413,35.84866923222856],[129.2105395797085,35.84854738973493],[129.21049380251964,35.848461544235235],[129.2104693627098,35.8484328188567],[129.21043411906427,35.8484337002833],[129.2103166587329,35.848488727485446],[129.21020540236486,35.848549917356124],[129.21012979636774,35.84856691103703],[129.21006067864104,35.84855909102097],[129.21005055587207,35.84858253206704],[129.21005562394467,35.848657912794394],[129.21004945236075,35.848736043815634],[129.2100558738117,35.84886324403861],[129.21027595312503,35.84885103744398],[129.21027751042988,35.84886658129188],[129.21022515983267,35.84887862281226],[129.21005685240146,35.848886080002366],[129.21005130310581,35.84905812914905],[129.21003545966497,35.848909180107476],[129.21002357787478,35.84868782681046],[129.21003712765517,35.84855692383631],[129.21005028616364,35.84852180634039],[129.2100751948745,35.84837033515211],[129.2100672350329,35.848539144000284],[129.21014890103336,35.84854513972413],[129.21022278040508,35.84851980345966],[129.21028675181284,35.8484773786501],[129.21042827267883,35.84841199934736],[129.21049685499048,35.848371900644295],[129.21048194545446,35.848237415077065],[129.21058057233407,35.84820215785124],[129.21092712967464,35.84821858792789],[129.21116089337133,35.84818694294598],[129.21131623195546,35.84821552980409],[129.21147654417095,35.848283131875725],[129.21157094279607,35.848181008508654],[129.2116478287762,35.84799490120865],[129.21173997248192,35.84787746040489],[129.21177957979427,35.847864944838896],[129.21193838615483,35.847865486950475],[129.21205096585288,35.8478870098435],[129.21209574515925,35.84802197460812],[129.21211906009148,35.84804375299452],[129.2121754606319,35.84805655099905],[129.21223016376487,35.848055373572926],[129.21226708385527,35.848031326564794],[129.21230822351467,35.848012238027515],[129.21254759055375,35.84799017882602],[129.21255617946306,35.84797303999745],[129.21255535799727,35.84795545806084],[129.21252711384975,35.847911607800796],[129.2125252665475,35.84784526104904],[129.2125118719792,35.8478033584406],[129.21247270526263,35.84777738110283],[129.21243983626474,35.84774687743577],[129.2124105388592,35.84748079885626],[129.21240659523156,35.84741283352796],[129.21245971089525,35.84731817215436],[129.21247254229746,35.847310489003085],[129.21248308949754,35.84728044985624],[129.2118849991581,35.847300433812855],[129.21156620328466,35.84731577207337],[129.21006419104685,35.84737249063713],[129.21010539779704,35.84696052092709],[129.21013401447684,35.84637810162456],[129.21014577893686,35.84599266167452],[129.21015718249873,35.845275111693574],[129.2100342373714,35.84415935215276],[129.2100424230609,35.8435737866414],[129.2100323539619,35.8433257349651],[129.21004225053375,35.84291593727134],[129.2100572841704,35.84266302932392],[129.21009153986122,35.84168553664542],[129.21007447284947,35.84117015005035],[129.21006471327036,35.8409303081333],[129.20996085178757,35.83996847525335],[129.20992851394757,35.839576694503485],[129.2088227341777,35.839289639294286],[129.20885045585976,35.83922401644219],[129.20946657737184,35.83938834930972],[129.20983000460024,35.839478063671386],[129.20982129304704,35.839301340982864],[129.2097528326494,35.83872888587603],[129.20967695607612,35.83788900625625],[129.20955285888576,35.837884759981065],[129.2094574770727,35.83789065703861],[129.2093211504312,35.83791647940114],[129.20932724973434,35.838031315288156],[129.20932321883865,35.83815783088228],[129.20928279694263,35.83830617461693],[129.20920876550352,35.83846072296535],[129.20908285838587,35.83869673484634],[129.20903116780008,35.83867496878947],[129.20914755680036,35.8384901194084],[129.20918797433882,35.83840790953665],[129.2092553314522,35.83824906475858],[129.2092749567149,35.83816462865951],[129.20928299743176,35.8380265430815],[129.2092819010675,35.83791596145965],[129.20927570194328,35.83786892686709],[129.20927238298108,35.83751297443001],[129.2092747361545,35.83745612844592],[129.20929351735757,35.83738764593955],[129.20929982245275,35.83730981199087],[129.20930531871022,35.83718497017306],[129.2092972391512,35.837163822764374],[129.20931802125622,35.83694167344336],[129.20931641242422,35.83659217996737],[129.20932073327012,35.83653017541312],[129.2093278399261,35.83651357108501],[129.20933410166128,35.8363639885744],[129.2093327304721,35.83621170649424],[129.20937702971324,35.836205158886514],[129.20937620942192,35.83631922268498],[129.20938440396802,35.83644386059064],[129.20944409680686,35.83644072009556],[129.20956314278703,35.83641455799902],[129.20950977358842,35.83593157061174],[129.20947323091957,35.835475041824154],[129.20944844370499,35.83526486779461],[129.2094601857746,35.83499732896675],[129.20948885825774,35.833320734820624],[129.20954946338043,35.831972212781665],[129.2095924307021,35.83114283322206],[129.2096265261419,35.83008222557536],[129.20966965401126,35.82915396002855],[129.20969366505582,35.82770752518442],[129.20959908338935,35.82771003224882],[129.20953014121082,35.827228251762556],[129.20952286242854,35.827148891028685],[129.20950754559294,35.827085108841295],[129.2094735897737,35.827007596776355],[129.20940839319613,35.82689210587943],[129.20931252843727,35.82680110995469],[129.20907693701324,35.82662132960444],[129.20899213749993,35.82655077274773],[129.20882483549653,35.826373586747415],[129.20866818893163,35.82614009889397],[129.2085732172807,35.82602160359762],[129.20853837295638,35.825955124119986],[129.2085065318234,35.82580073124056],[129.20846909432152,35.82573280518915],[129.20845251130186,35.82561567085116],[129.20845309221696,35.82555383487927],[129.20844363546698,35.82550892369823],[129.20844554432628,35.82549395961057],[129.2084785014601,35.82549435348433],[129.20862405929378,35.82551984251008],[129.20900538616058,35.82570977271739],[129.20921011759006,35.825816010258286],[129.20943479331942,35.8259398955267],[129.20988870304487,35.826266840971044],[129.21045943581356,35.82669490046445],[129.2109902629023,35.82700311509112],[129.21135224828467,35.82734915946028],[129.21146364022846,35.827430798654206],[129.211582887037,35.827507178722406],[129.21175688070937,35.827600000892126],[129.2119980020943,35.827766707109696],[129.21206446404187,35.82779395271494],[129.21213940661582,35.82783922649782],[129.2122119766079,35.827903782187065],[129.21240568364024,35.82801814483204],[129.2125994451494,35.828152866361954],[129.21269747784623,35.82822885898366],[129.21273040271376,35.828300162298],[129.2126625115805,35.82842713289978],[129.21264981058022,35.82849124328295],[129.21263833842667,35.82860565040835],[129.21260718832585,35.82871974060927],[129.21258166623485,35.82885283734278],[129.2126449733025,35.82885430332803],[129.21276635137184,35.8288734128725],[129.2127608021197,35.8288925201673],[129.21264321173527,35.82886611283038],[129.21258095760072,35.82886942163299],[129.21255007235882,35.82900419509306],[129.21252152945056,35.82908320394106],[129.2124960519466,35.8291370894942],[129.2126785879109,35.829202551300845],[129.21282527033202,35.82923590116795],[129.21290851290638,35.829263702603406],[129.21304238705352,35.82929975145464],[129.2131826689577,35.82933156199646],[129.2134205037484,35.8293995659279],[129.21352819474484,35.829436020904645],[129.21379906164145,35.829502622937525],[129.21390495260283,35.82952381354051],[129.2139707385905,35.829525031107075],[129.21393961952924,35.82954638271237],[129.2137792407341,35.82951933111818],[129.2136821138417,35.8294977283804],[129.2131999590799,35.82936616667041],[129.21306111347403,35.82933347039337],[129.21266189384576,35.829221561010144],[129.21250319379809,35.829163537726906],[129.21213404256446,35.82900887244795],[129.21185504499863,35.82893407948648],[129.21123923914848,35.828801932618205],[129.21093353177926,35.82874141490068],[129.21084724936142,35.8287187184777],[129.21083044348478,35.82869107028581],[129.2109170053032,35.82871902954893],[129.21099363546827,35.82873680388367],[129.2112147381482,35.82877719093049],[129.21156754376636,35.82885328938547],[129.21162418152215,35.82886050854406],[129.21161944126075,35.828800376252495],[129.21162301784096,35.82865838667823],[129.21160963183902,35.82856793333955],[129.2116118653794,35.828390860345706],[129.2116023071454,35.82827466954876],[129.21160060658093,35.82815013743833],[129.21156501019337,35.82782481141325],[129.21156758893915,35.82766111238447],[129.21155627307814,35.827621206669136],[129.21151734442125,35.82757248088201],[129.21144251662577,35.82751173199896],[129.21147178740273,35.82748197557449],[129.21144609997484,35.82744363609728],[129.21133479759834,35.827366593119855],[129.21117255757298,35.82721477184922],[129.21096921275637,35.827011073793365],[129.21070307780926,35.826858477583855],[129.2104423742563,35.826700373694706],[129.21015926975178,35.82650305856534],[129.20983807300485,35.826262530633706],[129.20981052566577,35.82631662652072],[129.2097806022451,35.82676585380381],[129.20974870308777,35.82750523378157],[129.20972870555232,35.82834829116592],[129.21006248996878,35.828456349370704],[129.21003704125727,35.82846681201137],[129.2097286960845,35.828365847582965],[129.20971477409933,35.82915388186588],[129.20967334978437,35.83006469623179],[129.2098244479128,35.83002166998281],[129.20994265400626,35.82997429347304],[129.21012875053503,35.82992872769027],[129.21024763423284,35.82990778343589],[129.21036892593224,35.82985553438434],[129.21056829587894,35.82980323052122],[129.21083765776174,35.829764999156126],[129.21089420884232,35.82975164321595],[129.21090979463204,35.82975289583756],[129.21091219883496,35.82977917216748],[129.21062139725174,35.829824822265],[129.21036794364542,35.82988189772319],[129.2102524436874,35.82992287105905],[129.20994021914828,35.82999118716525],[129.20983444710689,35.830036496275554],[129.2096747313898,35.830089433215534],[129.20956225538282,35.8328023248399],[129.20962080762595,35.8328042242325],[129.20979850592224,35.832786477137944],[129.2101030300517,35.83279948573037],[129.21037684024446,35.832803435281846],[129.21050360060056,35.83279645550436],[129.2107093787499,35.8327751523551],[129.2108854496158,35.83274890768148],[129.21100703058536,35.83270838278822],[129.21110759122448,35.832666722809236],[129.2112337096861,35.83262621680983],[129.21124776482247,35.83258814142304],[129.21123692569412,35.83251091403615],[129.2112319813728,35.83238583790553],[129.2112209879533,35.832350897526744],[129.21123769893634,35.832131882154194],[129.211254132409,35.832084988368074],[129.211237364528,35.83205107648223],[129.21122927243587,35.83199151784573],[129.2112125135019,35.83194837711934],[129.21120647631588,35.83190004449479],[129.21121174427543,35.83184532029041],[129.21129621891464,35.83167186207903],[129.21131865777087,35.83167806858188],[129.21122420268964,35.831860818109874],[129.2112223079638,35.83189362699095],[129.2112228832065,35.83193978811656],[129.21125147759992,35.831993002207795],[129.2112554568434,35.83204575455613],[129.21127053053175,35.83207512708661],[129.21127441226338,35.83210764649609],[129.21124740726913,35.832221017058394],[129.21123968499543,35.83235665093455],[129.21125001684825,35.83238412108751],[129.21126323246162,35.832615773847714],[129.2113785933452,35.83260055757697],[129.2115670059832,35.83255412033217],[129.21166498798144,35.832521071349944],[129.2117164758144,35.83249239358518],[129.21169293011405,35.83247366169176],[129.21162610191962,35.83238870037338],[129.21161126284858,35.83231825742688],[129.211638027857,35.83231552489836],[129.21165265062507,35.83239206969557],[129.2117049527953,35.8324623569886],[129.21172799455198,35.83248304547799],[129.2119780695267,35.832396916719595],[129.2120520597799,35.832377536368114],[129.21239404644885,35.832336299263034],[129.21244248549382,35.832309969792256],[129.21255321193294,35.832237567079346],[129.2127861444328,35.832164967497576],[129.21284043169948,35.83215298452795],[129.2128648190565,35.83210925795504],[129.21287043485864,35.832027540572724],[129.21285488023113,35.831954755780465],[129.2128854276506,35.83194691523576],[129.21289206020577,35.83202321257614],[129.21288614567734,35.83210078472581],[129.21287714775167,35.83214664724059],[129.21332090331256,35.832215622809876],[129.2134228171451,35.83220906227217],[129.21344909587603,35.83218998148744],[129.21349978792745,35.83205802088615],[129.21353639771885,35.83194522770027],[129.21354467580753,35.831878547484045],[129.21357869518755,35.83187785657806],[129.21354827515387,35.83203752198472],[129.21347885985853,35.832216299622985],[129.21349681131832,35.83225376003844],[129.21379015050613,35.832289688847176],[129.21392847293123,35.83230260270208],[129.21393908372536,35.832326422059154],[129.21394747826577,35.832378265255514],[129.21394899745226,35.832445793375996],[129.2140494670731,35.83249104783186],[129.2140964504845,35.832504204116326],[129.2141649564631,35.83251596140744],[129.2141817505938,35.832451384026115],[129.21418511095632,35.832387623518926],[129.21417778007967,35.83233628315828],[129.21419169002428,35.83233558260198],[129.21419874251853,35.83238213780683],[129.21419857002428,35.83244190913896],[129.21418479746816,35.83253556457394],[129.2142005753907,35.832625166149754],[129.21425214270016,35.832750943705726],[129.21428930838866,35.832813460833066],[129.21455144675906,35.8331791389569],[129.2145793352956,35.833252974133245],[129.21461148460983,35.83336394233155],[129.2147574728278,35.8338047018759],[129.2148189225654,35.8340452450356],[129.2148293410077,35.834158261523015],[129.21482532156614,35.83420717958425],[129.2145657122946,35.83423032464796],[129.21458551647774,35.83440151832889],[129.21458014332282,35.834507154543275],[129.21459683004667,35.83458448839083],[129.21461362113058,35.834647032511704],[129.2146684421968,35.83475545498074],[129.21469553681223,35.8348260109622],[129.2147409586359,35.834867180655195],[129.2148555929826,35.83486900500441],[129.2149133650751,35.835074901480326],[129.21499185806147,35.83529375715742],[129.2151300606863,35.83524758378115],[129.2152380717535,35.83521856970074],[129.21548229432682,35.83518105759653],[129.215615821058,35.83514134494797],[129.2159068768267,35.83508119921622],[129.21591253625172,35.835094933203806],[129.21562520193436,35.83515608172004],[129.21548571122713,35.83519639982479],[129.21535791474474,35.83521859081535],[129.21523674178977,35.83523027031028],[129.2149900844053,35.83530510706431],[129.21501134803978,35.83548355312359],[129.2149971273511,35.83555023494439],[129.2149424713153,35.8356070928477],[129.21489887788465,35.83569505129254],[129.21496296897075,35.83570619409429],[129.21506993497653,35.83574125198439],[129.21515194299064,35.83575985224092],[129.21513913064226,35.83576972569674],[129.215062917386,35.83575344937463],[129.21496567134068,35.83571925743933],[129.2148791691684,35.835708677160305],[129.21480759794244,35.835818098978244],[129.21470068633988,35.83592746629272],[129.2145547132452,35.836106353198915],[129.21443537642264,35.83629624207016],[129.21436177310932,35.83643260561585],[129.21432107997597,35.83652529027263],[129.21426518042995,35.83676349984279],[129.2142633649426,35.83682555420567],[129.21435842041646,35.83668568291475],[129.2145140511374,35.83651272740182],[129.2145731174216,35.83661059771368],[129.21455076840962,35.83663922392459],[129.2145720254121,35.836653382047494],[129.21463925325665,35.83659145501688],[129.21466163800446,35.83660578125784],[129.21469622604937,35.83656454172933],[129.2146410588974,35.83652996845215],[129.2146749388565,35.836497111822126],[129.21492116317924,35.83660621286613],[129.2149225445462,35.83665086741292],[129.21476353748685,35.83674894447609],[129.2147541323729,35.836922632711094],[129.21492718478157,35.836949389631336],[129.2149501626428,35.83676363699173],[129.21493546340236,35.836664164962016],[129.21503683977855,35.836669743860575],[129.21514130516363,35.83666331251517],[129.2151719447845,35.83677181375224],[129.21533771020506,35.836758937428776],[129.21532282297676,35.836705640430345],[129.21526099630566,35.83667193192983],[129.2153057542946,35.83660544811332],[129.215342940401,35.836493131101676],[129.21524258149856,35.8364046625706],[129.21523930139867,35.83632479050226],[129.21518424326462,35.83622771550074],[129.21529909424032,35.83614866975705],[129.2154044545789,35.83608832373675],[129.2153542988473,35.83601986382577],[129.21543308621443,35.83599303754004],[129.21565317735636,35.836035833491415],[129.21576364966145,35.836069775973364],[129.215846495173,35.83613208495009],[129.2159350531969,35.836264789427545],[129.21614278386505,35.83638620465843],[129.21621320108073,35.836366548747904],[129.21629204761118,35.83629595703246],[129.2162835500544,35.83619430206195],[129.21624159646228,35.83611821229023],[129.21624601353602,35.8361144551916],[129.21632164104304,35.83611441014737],[129.2163716150506,35.83605358547621],[129.21638923303868,35.83606506295275],[129.21647220852452,35.83607691020401],[129.2164896129704,35.83623074970375],[129.21656540091428,35.83623269598426],[129.2165999543987,35.836162679015096],[129.21663486554698,35.83611857236999],[129.2167947443783,35.836164222823356],[129.2172767362348,35.83635311679737],[129.21745170324644,35.836432031501964],[129.21755523605927,35.83647371753864],[129.21745974646242,35.83663501487475],[129.2175870190041,35.836672043811134],[129.21768725885903,35.83660133160246],[129.21774654865396,35.83657618816725],[129.2177956326097,35.836591430114645],[129.21785694521446,35.83663869851904],[129.21799484095467,35.83682558596904],[129.21805505734466,35.83685220858058],[129.2182616200707,35.83688430824488],[129.2184681830349,35.83692456387624],[129.2186914837442,35.83695763296806],[129.21871315955502,35.83681716083557],[129.21896767282945,35.83683021929275],[129.21895649699226,35.8369245734745],[129.21910219709622,35.83692844647616],[129.21909804382253,35.83695581598123],[129.21921844633437,35.83696522326578],[129.21921524968903,35.8369821725785],[129.2192550767167,35.83698361451873],[129.2192565389933,35.836967885036785],[129.2194085904051,35.836979163454465],[129.21942567381186,35.83685969867517],[129.21951577152922,35.836864978809636],[129.2195271059907,35.836901648179904],[129.21954433985923,35.83690195037405],[129.21956345158495,35.836969644717705],[129.21932099594326,35.837148703393964],[129.21947404033605,35.83720725054799],[129.21964535688397,35.83726521457498],[129.2199440565953,35.837056510011365],[129.22035609516814,35.8368126658474],[129.22095672045887,35.83646856331291],[129.22119465502863,35.83674728209429],[129.22117631499134,35.836807420059216],[129.221158862462,35.83681612199738],[129.22116971467662,35.83697869687219],[129.2209856799114,35.837061191191374],[129.22067316228745,35.837226906828526],[129.2202907389217,35.837465957568206],[129.22021778041662,35.837470544906594],[129.2204259710733,35.83753482822033],[129.22056255153748,35.83756262625259],[129.2205340298673,35.8375267814142],[129.22049497405848,35.83751207207789],[129.2210921444536,35.837177735744355],[129.22139215553662,35.83704063860038],[129.22186192113807,35.83687297454279],[129.22185694300904,35.836937918812325],[129.22199067649248,35.83693701559883],[129.22200122779446,35.836994234694814],[129.22216108629357,35.83696685867069],[129.22216239749605,35.83698471004673],[129.22218061191532,35.836979377243146],[129.2221932839287,35.836955047230326],[129.22228519002044,35.83695777142656],[129.2222901975834,35.836871620648154],[129.22219550900888,35.83687127185569],[129.22219715187,35.83685301850393],[129.22229224839205,35.836852807769716],[129.22228498019774,35.836746239168434],[129.22229972953403,35.83654094311366],[129.22214822651685,35.83653968925783],[129.2221375356794,35.83649205072626],[129.22210635127578,35.83644201643822],[129.22204543519715,35.836426897105255],[129.22204167720864,35.83640876181613],[129.22194973749592,35.8364256577318],[129.22194683181377,35.83640753890126],[129.2220643737438,35.836383322903124],[129.22203220842113,35.836306757560564],[129.22200575036717,35.83626878232436],[129.22194855126025,35.83626092921824],[129.22189569392094,35.83626219779675],[129.22185073963203,35.836207610337105],[129.22181877182317,35.83620237860525],[129.22176537272094,35.83618382059322],[129.2217179240542,35.836179770810126],[129.2217139732953,35.83622401145873],[129.2216969893735,35.8362420135292],[129.2216563224734,35.836260951225626],[129.22164402171128,35.83623539625122],[129.22167885722624,35.836229005647404],[129.22168763739793,35.836174103361955],[129.22165906131065,35.83617064083787],[129.2216297081322,35.83615030830781],[129.22164827918584,35.83614592124487],[129.2216389535312,35.83609553134816],[129.22137339299712,35.83605319006614],[129.22127678573972,35.83605507916193],[129.22126642953233,35.83614862094091],[129.22123905722756,35.836152221924976],[129.22123586244857,35.83605328840732],[129.22112579292093,35.83604182742862],[129.22115314202605,35.83602580727065],[129.22144552390014,35.83604546953487],[129.22158885985263,35.8360675040642],[129.22166913631824,35.83608765319321],[129.22166871188207,35.83614634344984],[129.2217069023785,35.83614447097217],[129.22176646499184,35.83616254906277],[129.2218197000726,35.836161820599386],[129.2218960591611,35.83620217379751],[129.22192124664554,35.83624499110774],[129.22199406374634,35.8362492195795],[129.2220417958919,35.836263696209365],[129.22208211898598,35.83637647687327],[129.22216964121714,35.83652298580262],[129.2222941046914,35.83652015257217],[129.2222697718671,35.83621865666224],[129.22226299302022,35.83597707971744],[129.2222388402549,35.83572449434875],[129.2219697058146,35.8357821998353],[129.22159778673768,35.835713088686],[129.2217081645447,35.835708082808026],[129.2219640850955,35.83575484815864],[129.2221129184681,35.83573183645386],[129.22222904619886,35.8357009085679],[129.2222223052128,35.83564075341448],[129.22225217190544,35.83564270834485],[129.22225794205897,35.83567602601719],[129.22225843643707,35.8357226378245],[129.22228775344843,35.835965588338155],[129.22229062878299,35.8362044056128],[129.22231149533616,35.836341411527336],[129.22232980867972,35.836511606194],[129.22231331165216,35.83663737906602],[129.22231351372304,35.83674624081692],[129.22232303950204,35.83686466573231],[129.22231502023973,35.83695038043339],[129.22231508807988,35.837138606592916],[129.22232550834858,35.83719637566201],[129.22232746972747,35.83726110891961],[129.22239938756314,35.83726400494441],[129.2224468787947,35.8372512280217],[129.22246534446944,35.83721674825482],[129.22251776698252,35.83721810286516],[129.22252762679727,35.83738100387739],[129.22262149221413,35.83734774627179],[129.22287114154818,35.837326296506454],[129.22320673705977,35.83730557992759],[129.2237513378396,35.837243153688476],[129.2238558350988,35.83724813356043],[129.22400803610415,35.83722536562984],[129.22426458837828,35.83725041375349],[129.2244372364376,35.837256870994146],[129.22457199754953,35.83725517891285],[129.22464428424732,35.83726329115273],[129.2249651341847,35.83728130577455],[129.22513441392405,35.837262776587465],[129.2252314931833,35.83726688584165],[129.22558661004797,35.83723759142629],[129.22582006807886,35.837232775784024],[129.22595097094128,35.83722486171442],[129.22604874037103,35.83722644551679],[129.22629369574406,35.83726000977366],[129.22640119881046,35.837263251407634],[129.2264027525823,35.83723730148479],[129.2266029325114,35.83722994198269],[129.2267743763839,35.83722931428913],[129.22679466802725,35.83726194659523],[129.22711526639253,35.83727694576979],[129.22718559223668,35.83726479102866],[129.22730674367835,35.83722553026317],[129.22746104704817,35.83721853491484],[129.2276052506643,35.83722517627359],[129.2277374508476,35.83724934235063],[129.2282059375261,35.837243313310395],[129.22838627520642,35.837248704919936],[129.22860038280015,35.83723113165931],[129.22883370013295,35.837227509093196],[129.22908675904685,35.83720699529623],[129.22908763873912,35.83724372861708],[129.22883655703697,35.83725512702891],[129.2286020701013,35.83725616522098],[129.22839658625875,35.83727434406544],[129.22820709784557,35.83726989802344],[129.2281628881418,35.837276452399934],[129.22805018457993,35.8372776743256],[129.2277405169377,35.837272805152416],[129.22759513218028,35.837243905280545],[129.2274836409543,35.83723939243804],[129.22730645401612,35.83724829640605],[129.22719050511893,35.8372916571048],[129.22710861782525,35.83730159845249],[129.22700786649978,35.83729062106103],[129.22660035758548,35.83729402574831],[129.22651732415326,35.83728615110895],[129.22639149850906,35.83728907237605],[129.2262981188447,35.837282073135434],[129.22604391625447,35.83724272211075],[129.22581640499948,35.837248671676235],[129.2256028092381,35.83726350823353],[129.2255781428581,35.83727692879472],[129.22556074454513,35.83746221336825],[129.22555989676397,35.83764879191489],[129.22557303481634,35.83771573036018],[129.22553982136483,35.837728346711216],[129.22537570729966,35.83782484307296],[129.22517198015535,35.83799251262882],[129.22511790135616,35.838063749003645],[129.22491886517713,35.83821533108159],[129.22471845414563,35.83830707232667],[129.2246207789009,35.83833563410998],[129.22462245522192,35.83831766005613],[129.22471538127607,35.83829273913395],[129.22485716570114,35.83822939713993],[129.22509705677342,35.838058722760636],[129.22512374191078,35.83801912621773],[129.22515543410924,35.83798498193002],[129.22521619728067,35.83794106803277],[129.22536176406555,35.83781399996249],[129.22545855941746,35.83775623868708],[129.22552741663054,35.837721448230475],[129.22554521028542,35.83769245786605],[129.2255302278159,35.83761511340779],[129.2255497295014,35.83726068715512],[129.22545942659886,35.83726539778879],[129.22523458895716,35.83728935727724],[129.22512868736823,35.83728884240996],[129.22496775554183,35.83729645092884],[129.22484415369917,35.83729513056116],[129.22463181294532,35.83727999646563],[129.22456821342965,35.83727141746741],[129.22443533417166,35.837277170695394],[129.22426788719315,35.83727038837276],[129.2241298747233,35.83725720648282],[129.2240111623568,35.837254911861486],[129.2238532827372,35.837265568477505],[129.223747355595,35.83726778323082],[129.2235948266791,35.83728017803846],[129.22343641082446,35.837308959255694],[129.223179281117,35.83733094671941],[129.2228775900717,35.8373446971853],[129.22288836816537,35.83747930620316],[129.22289959684593,35.83754503177518],[129.22278797919708,35.837550852158905],[129.22266993261485,35.83757722378107],[129.2226731140769,35.837606896120185],[129.22270537076304,35.83771994374319],[129.2226818762861,35.83772912567336],[129.22252130797335,35.83772454533577],[129.22252191493044,35.837799708548644],[129.22251065919275,35.83782787531705],[129.2225129388743,35.8378955730945],[129.22252268664715,35.83789436551514],[129.22253210072037,35.83817982843742],[129.22237562660064,35.83817518630137],[129.22238549643856,35.83822198814342],[129.2224147280709,35.8385653920975],[129.22242584047274,35.83864515039127],[129.22244247385345,35.83866026983658],[129.22252782474678,35.83866528605995],[129.22285775859348,35.8386683288228],[129.22291002127736,35.83867156716874],[129.22294019523653,35.838684102043494],[129.22321800478306,35.838681904452706],[129.22337090568658,35.83866696790751],[129.2235425481538,35.838672932595514],[129.22374531167895,35.83868966350785],[129.2237818700212,35.838681574757906],[129.2238779048658,35.83868365921918],[129.2240090789113,35.83870058523195],[129.22418489771854,35.83870778499527],[129.22443606012908,35.838703570101394],[129.22463097009327,35.83869036552557],[129.22494804689612,35.83868307105101],[129.22506559699076,35.83868456479191],[129.22516895923167,35.8386945746085],[129.22554075799923,35.838687302879705],[129.2256307428129,35.83869878825254],[129.2257245872046,35.83869336790494],[129.22598534228297,35.83869185365142],[129.22615911942313,35.83868541841672],[129.22631969005877,35.83869006598563],[129.22648311243407,35.83868548820586],[129.22664279124055,35.83869179531405],[129.22671315413828,35.83871186049405],[129.22683490535366,35.83873118038255],[129.22719801964527,35.83872929126567],[129.22734437120783,35.83873521690876],[129.22761817982402,35.83872725767403],[129.22784883253286,35.838742559279176],[129.22789255229972,35.8387580505335],[129.2280723228615,35.83876521012668],[129.22821516300365,35.83876234512278],[129.22829536889992,35.838748386616544],[129.22865576642883,35.83873696299039],[129.2287571996518,35.838741818212554],[129.22890964974957,35.83875928444959],[129.22914797542012,35.8387598786543],[129.2291522584436,35.838782969595165],[129.22890346529138,35.838775762002825],[129.22865497624255,35.838754854310174],[129.22830811393658,35.83876581978805],[129.22821840838813,35.83878651054332],[129.2279342428631,35.838780025587944],[129.22767845903093,35.83874707989934],[129.22683305122064,35.83875655406705],[129.2266465758026,35.83871892488286],[129.22632490505936,35.83870639590478],[129.2259370162807,35.83870701283083],[129.22560754243494,35.83871413475966],[129.22546028507023,35.83870091757095],[129.2251770501607,35.83871033143694],[129.2250731588963,35.83870113373734],[129.2246383865196,35.838702446539784],[129.2244436025683,35.83872113951106],[129.22430663115688,35.83872888294308],[129.22399254984225,35.83871896530243],[129.2237996721236,35.83869894497989],[129.22375652275713,35.83870511724913],[129.2235285951078,35.838690307454215],[129.2233726766368,35.838690820746336],[129.22321018845915,35.838705026944396],[129.22292219168583,35.83870170960859],[129.22286753860524,35.838694627330526],[129.22268276361658,35.838682710558054],[129.22252421953766,35.8386823533688],[129.22244326930922,35.838675706800466],[129.22242596310284,35.838693367084375],[129.22255198776932,35.83869350483962],[129.22260151982078,35.839950279933355],[129.22255943932842,35.8399500197194],[129.22255873260173,35.8399563247883],[129.22260201871222,35.83996253602379],[129.22260151982078,35.839950279933355],[129.22287983240258,35.839952254982116],[129.22371144431474,35.839968168267866],[129.22371109423872,35.839997423509395],[129.22438019169593,35.840002988806184],[129.22462820928862,35.84000078912633],[129.22463246296329,35.84005731667612],[129.22261063407987,35.84002780676591],[129.22263051097173,35.84071690241337],[129.2225219066319,35.840721293033404],[129.2224432953907,35.84073262211627],[129.22244118335132,35.84063758012081],[129.22246432742682,35.84065738310156],[129.2224527744084,35.84027918554231],[129.2223701797764,35.84034672388711],[129.22238874496023,35.84059138829723],[129.2224177591764,35.84073630110519],[129.2224232032072,35.840823487082034],[129.22241086697835,35.8410529320815],[129.22241457612682,35.84126489936579],[129.22239250633666,35.8414250200353],[129.22236158847085,35.84154774605643],[129.22236116473695,35.84157856058565],[129.222327203797,35.84157384637345],[129.22233452038824,35.84155393331917],[129.22190496847074,35.8415674566328],[129.22151242994303,35.84157282643246],[129.22120369073286,35.841593462159004],[129.22111500101403,35.84159098361859],[129.22098126762555,35.841594760858676],[129.22044286523064,35.841620428293744],[129.22044440008662,35.84164727374679],[129.2193949215132,35.8416819958787],[129.21939457518008,35.841672731652444],[129.21922287574782,35.841676530711474],[129.21875341462217,35.841696977410216],[129.21874864200572,35.84178082553735],[129.21894262734696,35.84178667527217],[129.2197905224868,35.841755847341624],[129.2197892310353,35.84176927831851],[129.2209488851117,35.84172102209328],[129.22138958057707,35.84169813583808],[129.22219785149562,35.841668715303705],[129.2221695859928,35.841694182473795],[129.22223166990725,35.84284838979878],[129.22224521289428,35.842862424423345],[129.22229006482794,35.842870633521805],[129.22244003313227,35.842864950372764],[129.22244645021985,35.84298363322133],[129.22255064502454,35.84299659984333],[129.2226353368374,35.84300176139134],[129.2226850690476,35.84297364097932],[129.22283224368,35.84293846456528],[129.22277075782506,35.841644076002225],[129.22332128015282,35.841617076250444],[129.22332048044495,35.84160656943049],[129.22283389408958,35.84162815179574],[129.22283386169994,35.841584621462864],[129.22341432538892,35.841583181383484],[129.22465905784432,35.84151441803413],[129.22548597214177,35.84147558578756],[129.22907515813245,35.8413410897948],[129.22906972692536,35.84135395190949],[129.22906876208452,35.84138817420983],[129.22753698123685,35.84144605961246],[129.22712253484875,35.84145397639285],[129.22622170663396,35.84148570308249],[129.22463330756364,35.84154776485253],[129.22463399373714,35.841558255999765],[129.22644051587267,35.84149437829074],[129.22645584924325,35.84171501170883],[129.22651701308382,35.842274618648986],[129.22629178251415,35.84230935980675],[129.22604429924982,35.842307308031586],[129.22608808944,35.84278694362988],[129.22632393524836,35.84278704334852],[129.2269180229654,35.84275843321275],[129.22716989154395,35.842741161160674],[129.2272291470274,35.84392603141203],[129.22719019321346,35.84395277256724],[129.22691660503017,35.84400587404599],[129.22639183881017,35.844049484414114],[129.22639258472012,35.84405844410273],[129.22652567222738,35.84405479660932],[129.22658810780058,35.84406862200722],[129.22660187106075,35.844148510054836],[129.22664756800114,35.844318201895994],[129.22667848637005,35.84445997365207],[129.22673614297662,35.844553000751276],[129.2268476920847,35.84451567813797],[129.22704301101678,35.844434839083895],[129.2273034389289,35.844299577074665],[129.22741992276443,35.844253926120125],[129.22758198115062,35.844201574139454],[129.2276327266869,35.84417203481847],[129.227648169213,35.84419971919004],[129.22756638571622,35.84423701358861],[129.2275449053936,35.844238721310965],[129.22746487639355,35.844262403466765],[129.2272474040067,35.844361021426316],[129.2270603694596,35.844459005059356],[129.22678122759243,35.84457644786738],[129.2265987580384,35.84464114807803],[129.2264371285539,35.84468913587944],[129.22627502314094,35.84477643687103],[129.22617282695225,35.84481378652739],[129.22606124130132,35.84479914251768],[129.22625893032605,35.84472999853259],[129.22641827146126,35.84464379324871],[129.22659933371685,35.844602005719246],[129.22667200321075,35.84456689205846],[129.22661338062423,35.844382705314395],[129.22654374533005,35.844104764108216],[129.22648352189412,35.844094269170334],[129.22631341747507,35.844104086716754],[129.22579919808257,35.844153733201374],[129.22536863241197,35.84415790681732],[129.22526878369925,35.844183598172926],[129.22512710764195,35.844194559759636],[129.22487728969423,35.84424227695785],[129.22462766987348,35.84425018505971],[129.22449940414626,35.84425927344183],[129.22369434746847,35.844279456717466],[129.22349088563482,35.84428337468508],[129.22332153872136,35.84427532382426],[129.2230906549068,35.84428983635754],[129.22250621531433,35.844297636031094],[129.22252291262973,35.84441116281377],[129.22245841582034,35.84442425943029],[129.22229426864675,35.844427264910045],[129.222293220192,35.84444835608538],[129.22239803704838,35.84444545969131],[129.22241064720046,35.84460198362176],[129.22229364686277,35.844602288789915],[129.22229595199428,35.84483489715442],[129.222412841732,35.84483450206185],[129.22242643753899,35.845066999530935],[129.22229272280072,35.84506760580408],[129.22231009623013,35.84554487578124],[129.22234376174245,35.84555022141013],[129.22243097514385,35.84550571959814],[129.22249411801877,35.84548307223971],[129.22253637901164,35.84547452275919],[129.22267516233904,35.84542541964586],[129.2226590885887,35.84545690284884],[129.2226807684281,35.845451149020676],[129.22267657214613,35.84549463303425],[129.22256209554334,35.84551532910294],[129.22241861773017,35.845568108803],[129.22232241272243,35.84558748226175],[129.2223261189489,35.84573050378767],[129.22243894601138,35.845717579749845],[129.2224575515106,35.84586847783185],[129.2223345855113,35.84588169089642],[129.2223500874208,35.846031143683106],[129.22246846443232,35.846019579316156],[129.2224847004421,35.846194139547634],[129.22239262320488,35.84620539422318],[129.22240862924474,35.84628510736849],[129.2225004996966,35.846271104249496],[129.2225152555772,35.846343041894364],[129.2224741837216,35.846369415898245],[129.22252151698328,35.84637355570297],[129.2224545829208,35.84645035712365],[129.22234918421245,35.84654122905681],[129.22236021600244,35.84687351409329],[129.22239409768216,35.847439562693296],[129.2224969661261,35.8475269479504],[129.22266682010172,35.8474042006868],[129.2227031126038,35.84731485610441],[129.2227046174662,35.84737044240324],[129.22266437829555,35.847453683778134],[129.22299823278055,35.84722543121547],[129.22347040091532,35.846886699469735],[129.22422730972187,35.84635590482836],[129.22462592628705,35.84608567362262],[129.22495862361404,35.845879074759196],[129.22516163761247,35.84577337700783],[129.2253279233109,35.8456953435998],[129.22533783162453,35.84581002719066],[129.22462988228472,35.84618992283559],[129.22405291230405,35.84656237078926],[129.2232188095209,35.84715568226423],[129.22202108801233,35.84811982597985],[129.21909086592737,35.850188695477975],[129.21894906774324,35.85032943889764],[129.2183904642574,35.850682476442834],[129.21801232797233,35.85110355506524],[129.2177352275316,35.85139515750619],[129.21772163495376,35.851428338917806],[129.21767997896364,35.85130224802812],[129.21760822514003,35.85137664002513],[129.21756695694592,35.851348523176036],[129.2175214471428,35.85129934273706],[129.21757345909984,35.8512479951822],[129.21755428847837,35.85104092263066],[129.21745739574322,35.85103408510436],[129.21745470422846,35.85076410276064],[129.217463388709,35.850753912049164],[129.21729179493775,35.85026877152437],[129.21721156520374,35.84999283592645],[129.21718807967355,35.84980251622811],[129.21718633231697,35.84972138890837],[129.21719141212148,35.84964132279023],[129.21718023065316,35.84964056764722],[129.2171752719466,35.84967585061279],[129.21678016909377,35.84969347561981],[129.21656862606886,35.84972308197046],[129.2164905890613,35.849725195363206],[129.21609346923864,35.84976267624307],[129.2159175397298,35.84976427911008],[129.21576645377118,35.84977512028662],[129.21575891486913,35.84987787614532],[129.2157218044989,35.84992576260019],[129.21639043231693,35.84988653592208],[129.2167768759198,35.849855282796895],[129.21686667715028,35.84993385500006],[129.21692075179976,35.85019507526747],[129.2170451058688,35.85053650679031],[129.21710805189159,35.85074973782486],[129.2171158650648,35.85074873002339],[129.21710837366325,35.85066836318324],[129.21725098746467,35.850659725567276],[129.21730537595354,35.85079508563082],[129.2172702103243,35.85083328964761],[129.21730235200778,35.85092922396109],[129.21723563614964,35.85099176427912],[129.21732297450316,35.85099012036831],[129.21733374466783,35.85112454034118],[129.21732138754828,35.85123375786963],[129.21733309611156,35.851310036578624],[129.21737504925846,35.85149286067849],[129.21737480624822,35.85153389498074],[129.2173554682994,35.85160799436294],[129.21734537720326,35.85154853006319],[129.2173245034607,35.85158696977551],[129.21515807888943,35.852830140102405],[129.21518886818274,35.852864161564206],[129.21518495272795,35.85289019659338],[129.21520567260225,35.85291353813521],[129.2129436287433,35.85417732379602],[129.20935272343698,35.85621390440558],[129.2092996121194,35.85615694725347],[129.2093291491311,35.85614004281764],[129.20934272260118,35.856140307736595],[129.2095944468368,35.85600353114262],[129.209598098006,35.8559645728612],[129.20938656254256,35.855707668682186],[129.20935209366053,35.85563762019884],[129.20928999570845,35.855348255602074],[129.20925093207376,35.855333110080494],[129.20924865059982,35.85532427277737],[129.20921315966967,35.855312167285696],[129.20931559535686,35.85529898512975],[129.20929994268923,35.85531643333747],[129.20932133351633,35.85543183726327],[129.2093740374645,35.855650974786464],[129.20961697304182,35.85595587015698],[129.20964225894173,35.85596868716875],[129.20967725755222,35.85594902437728],[129.20968754626676,35.85595054768417],[129.20995127407096,35.85580687301413],[129.20995005876452,35.855795131855245],[129.20996145579207,35.85578867716691],[129.20994693533464,35.85576496347583],[129.20969344293607,35.85544938923767],[129.20964103670875,35.8552893732372],[129.209632824974,35.855286170005805],[129.20962588981865,35.855267345925],[129.20960614286452,35.85526006199255],[129.20949967005856,35.855274612270804],[129.20949288111956,35.85523546477435],[129.21010039457218,35.855146774117344],[129.21011740314083,35.85512719650424],[129.21004708865917,35.85479565008468],[129.2099997738314,35.85476639656112],[129.20949932446527,35.85486684295075],[129.20914142539831,35.85491450719796],[129.20680283099352,35.85528605529204],[129.2069424884993,35.855136299422696],[129.20698485329163,35.85516533730361],[129.2091235912621,35.854825584780336],[129.2094728586838,35.8547793775255],[129.2101935108395,35.854636091133194],[129.2111001018712,35.85447616358607],[129.21116813916677,35.854458470524875],[129.21129245899965,35.85441553432423],[129.2125713058873,35.85394779954857],[129.21260031478332,35.85390764301634],[129.21255340092853,35.85303991300186],[129.21251633991648,35.85300744301477],[129.2121429553373,35.85301431682432],[129.2121355689332,35.85294222986624],[129.21264544284801,35.85293250267425],[129.21268453939396,35.85289764575558],[129.21266439460732,35.8523143928796],[129.21262565257257,35.852274085010414],[129.20704652401625,35.85087934253031],[129.20691034658233,35.85078737761697]],[[129.2239153676985,35.84424481834595],[129.22391360480793,35.844223957672725],[129.22371151590718,35.84423036982448],[129.2237112962693,35.8442444478653],[129.2239153676985,35.84424481834595]],[[129.22318400312076,35.844238621058736],[129.22318359599313,35.844243326311414],[129.22322219797573,35.844249172645476],[129.22335654497704,35.84424366013067],[129.22335602324645,35.844233349626656],[129.22318400312076,35.844238621058736]],[[129.22312207788121,35.844253205682904],[129.2231584682969,35.84423952067315],[129.22289131003012,35.84424570909524],[129.2228702727466,35.84371779560117],[129.2226658171629,35.84373406112642],[129.22263718752032,35.84354881680536],[129.22263176660604,35.84323086574695],[129.22284569155272,35.84317716293259],[129.22283335376977,35.8429555502236],[129.22276983924033,35.84296717616128],[129.22269496190293,35.842988583521695],[129.22260684462333,35.84302542657604],[129.2225838648331,35.843041150610595],[129.22242711114836,35.842995024530914],[129.222383667835,35.842935982385306],[129.2223425732801,35.84292560341621],[129.22234239362697,35.84294065462423],[129.22227930321228,35.84294158168382],[129.22223657125082,35.84297942257107],[129.222245429145,35.84314018932663],[129.22231628671358,35.84310608200635],[129.22233278882396,35.84334902871477],[129.2223546133891,35.84347552411795],[129.22234751599441,35.84387001431401],[129.22232726439577,35.84403146541147],[129.2222935192297,35.84415689129667],[129.2223132998128,35.84426473457141],[129.2225614844139,35.84427004624112],[129.22261723626522,35.84425687553668],[129.22272397714806,35.84426929656755],[129.22312207788121,35.844253205682904]],[[129.2223785398733,35.83743738988514],[129.22241251738993,35.83764432675448],[129.22233693390353,35.83764080659895],[129.22233905068785,35.83769770769502],[129.2226772271979,35.837713019863216],[129.22265063435682,35.837602836799945],[129.2226506721049,35.83756459665173],[129.22279576172267,35.83753149698156],[129.22287448311712,35.83752511533245],[129.22287317725807,35.83748136200289],[129.22284101637806,35.837343088228536],[129.22263134733532,35.8373732786031],[129.22256801387908,35.83739272696317],[129.2223785398733,35.83743738988514]],[[129.2222961427266,35.84772915509073],[129.22262628495668,35.847493282713685],[129.22261758385326,35.847485191632835],[129.22228751120602,35.84772120820935],[129.2222961427266,35.84772915509073]],[[129.2223879218967,35.84123667613868],[129.22238357388107,35.84088208713982],[129.22230316377104,35.84089939472826],[129.22228232956482,35.841038108418836],[129.22228368649684,35.841447859433025],[129.22230310249796,35.84150029455566],[129.22234254010078,35.84153211733394],[129.2223765448415,35.841353021442934],[129.2223879218967,35.84123667613868]],[[129.22113494444218,35.8404311822534],[129.2211300426523,35.84047854265772],[129.2211564693842,35.840645306819],[129.2213760408612,35.84063441469899],[129.22137575840105,35.84062431219724],[129.22145665171126,35.84044929451008],[129.2216738640922,35.84056623954289],[129.22177434995467,35.840439934384506],[129.2218736934297,35.840504975741865],[129.22190699659726,35.84038412906283],[129.22177767359275,35.84038899862265],[129.22113494444218,35.8404311822534]],[[129.21832126971313,35.840574789658135],[129.21850866699344,35.84054821326815],[129.21850208313015,35.8407521150785],[129.21862361712493,35.84071973892381],[129.2187179336824,35.84068751999896],[129.21872457800998,35.84071303140447],[129.21876594004598,35.8406881451986],[129.2188048011591,35.84068783159186],[129.21874757593824,35.84072421941097],[129.21873643039115,35.8407447249859],[129.21890283043658,35.84068577967723],[129.21941745256754,35.840664506301856],[129.2194108291305,35.84052531114844],[129.2195156439979,35.84051948821397],[129.21952489498833,35.840660183682644],[129.21985207470996,35.84064480910509],[129.21984597246572,35.840542591340785],[129.2199160567892,35.84054585267697],[129.219921545434,35.84064224046169],[129.22024331947276,35.840629425183955],[129.22024402377352,35.84064406021091],[129.22029619316922,35.840641108268905],[129.22029029816926,35.84050977074467],[129.22031910394136,35.840507654429864],[129.2203320486109,35.84068669650092],[129.22070777553293,35.84066797252341],[129.220704177284,35.84060695536881],[129.2208011578973,35.840601974754705],[129.22080526180167,35.84066285595122],[129.2209465936647,35.840655757199904],[129.22093965872455,35.840609716005766],[129.2208939928411,35.84044114820719],[129.22079180128736,35.84044785094578],[129.22069341865816,35.84044687681605],[129.22070330298448,35.84059895385876],[129.22068402390153,35.84059984521351],[129.2206721813359,35.840447267067766],[129.21963703491645,35.840481136345275],[129.2196368429273,35.840489667206484],[129.21964816581007,35.84049022743973],[129.21954634339062,35.840493422420586],[129.21954678284538,35.84048817634472],[129.2194757706316,35.84048962100433],[129.21867132521555,35.840525667535225],[129.21850866699356,35.84054821326469],[129.21851054472572,35.84048988093772],[129.21847512060103,35.840484131839055],[129.21849460522762,35.840359579869435],[129.21856249520528,35.84005721383598],[129.21861774422814,35.840035015358],[129.2186002864049,35.83999745573351],[129.21862843462742,35.83991657170158],[129.21871758086954,35.83989233818499],[129.218706384761,35.83986989925544],[129.21860973287474,35.839897751327534],[129.21866551500648,35.83972196071712],[129.21871258498896,35.83959045526109],[129.21894992626184,35.83909564489841],[129.2190124517943,35.83903485953408],[129.21909315968298,35.83888384403083],[129.21930510697686,35.83858785879302],[129.2192898630049,35.838578711687546],[129.2196090158352,35.83820573596659],[129.21974062081904,35.83810582768797],[129.22013161997933,35.83777555651465],[129.22024103792094,35.83759723414655],[129.22027006002398,35.83750498333555],[129.22012478137424,35.83746955818636],[129.22002751654543,35.83755517369796],[129.2199876803866,35.8376231644098],[129.21990091792296,35.837704362617025],[129.21978788948832,35.83777311713669],[129.2196774575849,35.837807961773066],[129.2197064696076,35.83783300893622],[129.21955261848987,35.83797359495639],[129.2194235291973,35.83813133174314],[129.219297942204,35.838323372663176],[129.21917858715716,35.83847529649296],[129.21919903094476,35.838491716300034],[129.21919281052732,35.83849981178941],[129.21917238725038,35.83848279711853],[129.21915563803137,35.83850201508841],[129.21911773902193,35.83858672921097],[129.21912595342255,35.83859140083958],[129.21905937001713,35.838681943904874],[129.21893247362235,35.8388734009857],[129.2188276856976,35.83905063225767],[129.21878335463362,35.83901739318041],[129.2187205875059,35.83907114084222],[129.21879666424343,35.83912894396547],[129.2187089301117,35.83930136765899],[129.21861953550535,35.8394941625515],[129.21851363993957,35.839765116598386],[129.21849116033917,35.83977343968706],[129.21850306890065,35.83979333582355],[129.2184545701302,35.839932792804554],[129.2184127767701,35.84009998716762],[129.21832126971313,35.840574789658135]],[[129.21953640077407,35.84966545963714],[129.21954105039683,35.84967062586167],[129.219616329165,35.84963302387868],[129.22053580372295,35.848972081476504],[129.22052728749193,35.848964146761816],[129.21953640077407,35.84966545963714]],[[129.22019548250654,35.83769448994462],[129.22016715866656,35.83775085164982],[129.2204322396569,35.83755239119503],[129.2202953369841,35.83751203016181],[129.2202670633316,35.837590652700854],[129.22019548250654,35.83769448994462]],[[129.22024619321914,35.84066824582669],[129.22024667578822,35.84069081226205],[129.22029913206586,35.84068837362444],[129.22029791000725,35.840665727308135],[129.22024619321914,35.84066824582669]],[[129.21991270390373,35.8376533260237],[129.21988013320922,35.83768064341334],[129.21989212565674,35.83768671407624],[129.21992129616163,35.83765980316567],[129.21991270390373,35.8376533260237]],[[129.21967771205442,35.84301203607016],[129.21973562309776,35.84300904548249],[129.2197353966128,35.842966777258944],[129.21967828433006,35.8429680525958],[129.21967771205442,35.84301203607016]],[[129.2186395824985,35.837801351846934],[129.2184832793745,35.83800546110252],[129.2186088138582,35.83803326327214],[129.2187800818242,35.8381054593633],[129.21903510163048,35.83779984341627],[129.2193427616452,35.83751919529362],[129.21919236593422,35.83748232727862],[129.21909190594894,35.83746424086413],[129.2191237229876,35.83731760356985],[129.2189499546007,35.83747166275695],[129.21878164962587,35.83763728366971],[129.2186395824985,35.837801351846934]],[[129.21766615131583,35.840926797424736],[129.21766330326014,35.84089962946012],[129.21829716747484,35.84080836248735],[129.21829782941373,35.8407912916073],[129.21803433032818,35.840824283832724],[129.21795052476128,35.84082658880704],[129.21794265053578,35.840812741756494],[129.21782834451125,35.84078417967184],[129.2178333906098,35.840742974423364],[129.21766201347924,35.840738389039124],[129.2175461390531,35.84053955622877],[129.2175472273372,35.8404674001468],[129.2175654485715,35.840345815711125],[129.2175936328265,35.840220653414164],[129.21757117625418,35.840221225533334],[129.21768561602596,35.840013876247504],[129.2177836773589,35.83982006607481],[129.2183568805335,35.83874989722668],[129.21854388013764,35.83843689765871],[129.2187619666421,35.838127068064345],[129.21861205167377,35.83806385489313],[129.21848058109424,35.838030719027266],[129.2184613185331,35.83802932983009],[129.21827417716707,35.838298132199235],[129.21815124216582,35.83848559779451],[129.21814611100405,35.838479127051116],[129.21731546486185,35.84003947019114],[129.21744269247958,35.840029354907074],[129.2174459812498,35.840131965401056],[129.21727634895726,35.8401335859459],[129.2172651231613,35.84045561395331],[129.21725029172364,35.84045579379575],[129.21724917147793,35.84053668305154],[129.21722586788712,35.84058828543743],[129.21721069758146,35.84068407054857],[129.2172010322026,35.84071586599501],[129.21720082749096,35.84075063661068],[129.21722682294376,35.84082244665496],[129.2172205862698,35.84085738131138],[129.21720815136993,35.840884224850996],[129.21730278946217,35.84089687071286],[129.2174014550328,35.84089669348093],[129.2175469588533,35.840907165860436],[129.21766615131583,35.840926797424736]],[[129.21874898179823,35.84179989538173],[129.21874864200572,35.84178082553735],[129.21797257582898,35.841805081813945],[129.2179754408452,35.84181663969555],[129.21874898179823,35.84179989538173]],[[129.2186269466017,35.84083671523151],[129.2183623166541,35.8409056250538],[129.21828785694848,35.840929732672535],[129.2182836375766,35.8411689141509],[129.21828797345523,35.84171284703964],[129.21845248622682,35.841703826026496],[129.2184510228472,35.84168672293539],[129.2186729925953,35.84168141917297],[129.2186269466017,35.84083671523151]],[[129.21846653063085,35.8406214998268],[129.21845523100518,35.84076483521056],[129.2184943187999,35.84075426506337],[129.21848970446592,35.84068971681687],[129.21847016241747,35.84062125639614],[129.21846653063085,35.8406214998268]],[[129.218321224208,35.84057481026967],[129.21819006915842,35.840593391096014],[129.2181988795963,35.840638086250465],[129.21831186626127,35.840629266489415],[129.218321224208,35.84057481026967]],[[129.21790041640088,35.850987964201245],[129.21783327948836,35.85105835548717],[129.21780346844167,35.8511125417162],[129.217808232497,35.8511148582438],[129.21817192100343,35.85072357115106],[129.2181689345584,35.85062275380167],[129.21813951922147,35.850646320431025],[129.218053322532,35.85073791654798],[129.21795116152896,35.85089834271547],[129.21790041640088,35.850987964201245]],[[129.21742570332228,35.841822558627385],[129.21742547155077,35.841839142051754],[129.2179549586402,35.84181889366842],[129.21795406060463,35.84180613358011],[129.21765854934088,35.84181140610343],[129.21742570332228,35.841822558627385]],[[129.2174478082748,35.83685303096819],[129.2175382333105,35.83693009665317],[129.2175338133575,35.836973607992824],[129.2177023754586,35.83698388553545],[129.21771039508783,35.83692502841854],[129.21775488648984,35.83685073934044],[129.21775695749332,35.836872013809],[129.2177915782393,35.83678994700127],[129.21790472704174,35.836822440688564],[129.21792005663943,35.836773646380536],[129.21789164609655,35.83671297123739],[129.21784310756854,35.83664183274823],[129.21778060009237,35.83660289404849],[129.2176264300129,35.836695639793994],[129.2174478082748,35.83685303096819]],[[129.21525045726088,35.840954836298884],[129.21577704808215,35.84113002381243],[129.21594044050303,35.84112866886609],[129.21689254460904,35.84102028636653],[129.216892439753,35.84101616971452],[129.21684775906039,35.841012371166656],[129.2165882845566,35.84102782368656],[129.21691116378852,35.84098085795287],[129.2170424534206,35.84111737828785],[129.21709040873452,35.84113994969862],[129.2170845118124,35.84175039526378],[129.21742431378277,35.84173869075848],[129.21740997853567,35.841154228536936],[129.21752970025986,35.841110320738274],[129.21759878320776,35.84105030842459],[129.21763398498462,35.84100666965046],[129.21765635784647,35.84097108408589],[129.21766537296918,35.84094445393992],[129.21755076441443,35.84092273262807],[129.2173002544682,35.84091311580072],[129.21718532197013,35.840902516153875],[129.21714237426397,35.84101244666485],[129.21711874025425,35.84115061473413],[129.21709040873458,35.84113994969861],[129.21715065616016,35.840874351202544],[129.21701785927766,35.84083524084759],[129.2168942420258,35.84084249224703],[129.21671244671708,35.840882085461956],[129.21660577877668,35.840882357565945],[129.2164603770797,35.84083993453037],[129.21627897804294,35.84085415617676],[129.21601411177784,35.840892256220705],[129.21601499912973,35.84089890742583],[129.21609474460996,35.840896862130116],[129.21596036619732,35.84094439966301],[129.21591365272758,35.840971817954276],[129.21557153101946,35.84098413516789],[129.21549150855367,35.84097740115741],[129.2155299678111,35.840930449606475],[129.21534253922343,35.84092113991331],[129.2153413901174,35.84093014545178],[129.21540593699612,35.84096928904555],[129.21525219779124,35.84094987227541],[129.21525045726088,35.840954836298884]],[[129.21729544325626,35.84311285136895],[129.21741072731842,35.84310087395109],[129.21742439851832,35.84197005961594],[129.2173837423777,35.84197808169317],[129.217373496681,35.84196731213248],[129.21739813437853,35.84195451517531],[129.21738234751606,35.84182688141604],[129.21726631630142,35.841832046694456],[129.21724841539566,35.84188010647135],[129.21723303067049,35.84188044051797],[129.21723743313183,35.841830314077626],[129.21697764858405,35.84184258658288],[129.21729544325626,35.84311285136895]],[[129.2174206469401,35.84359845928143],[129.21741186370105,35.84313217232993],[129.21730356720755,35.84314529080018],[129.21740205093687,35.84353440891525],[129.21741173242705,35.84359886529997],[129.2174206469401,35.84359845928143]],[[129.217298421302,35.84580565495484],[129.2171733885949,35.84582444518785],[129.21717496752566,35.84599876209392],[129.21722364519707,35.84651582985264],[129.2172559336993,35.84703442304984],[129.21730921238077,35.84703483206994],[129.217298421302,35.84580565495484]],[[129.21701237689703,35.84963838956695],[129.21700923958642,35.84960807716887],[129.2171673651617,35.84889807763798],[129.21730735958073,35.848883974075704],[129.217301374482,35.8483950660353],[129.21707468268997,35.848400880461],[129.21689717533528,35.84932829601273],[129.21686067608312,35.849556801096675],[129.21675689472383,35.84963001529549],[129.21562923718864,35.84970318384905],[129.21563049815586,35.84972751533226],[129.21579922675573,35.8497362450331],[129.2161321504056,35.84971859013856],[129.21628896572932,35.84968959611297],[129.21701237689703,35.84963838956695]],[[129.21729710054288,35.84577984553156],[129.21729034583748,35.84479423273386],[129.21729406086297,35.84445353553281],[129.21714626927687,35.844463110770604],[129.21713806634082,35.84458552425817],[129.21710742758157,35.84479435380174],[129.2171038622626,35.84489621045959],[129.21710684798504,35.8451486632396],[129.21711641457085,35.84534596573127],[129.21712995229083,35.84548907794643],[129.2171525228251,35.845619998059995],[129.21716315849565,35.84579099113061],[129.21729710054288,35.84577984553156]],[[129.21714023811742,35.847632465652104],[129.2171173171748,35.84766672723097],[129.21711866066912,35.848150731861914],[129.21708095196612,35.848365486159565],[129.2173030571122,35.8483583100609],[129.2172970527928,35.84795624641491],[129.2172518724087,35.84785626181537],[129.21730009183435,35.84784813607727],[129.21730138259574,35.84754418734911],[129.21728389018284,35.847526932797386],[129.21727585443097,35.84758441991331],[129.217246881214,35.84760742676595],[129.2171648365142,35.84760858345281],[129.21714023811742,35.847632465652104]],[[129.2153863864383,35.844319758056145],[129.2153891780964,35.844452507224126],[129.21537715990561,35.84445359209127],[129.21538119876004,35.844477810504266],[129.21541248533526,35.844512696276304],[129.21549711416085,35.844518701126205],[129.2157632774095,35.84450827701336],[129.21581301032978,35.84451208172246],[129.2158958021392,35.844510023379996],[129.21598483657584,35.8445160470631],[129.21603675274966,35.844508492031906],[129.21604282544692,35.8444658069993],[129.21602881082612,35.8444407502319],[129.21605168699278,35.844439348500195],[129.21606100030928,35.84446143953453],[129.2160616807832,35.844498911905916],[129.21628183492058,35.84451663410838],[129.21647650218307,35.8445061559408],[129.216615428084,35.84449268597326],[129.21669054654583,35.84447745553206],[129.21690582366335,35.844450320707345],[129.21711574548237,35.84444039997015],[129.2171001309671,35.844319209855755],[129.2171203491816,35.84431732601459],[129.21713783621544,35.84441464766486],[129.21719290407475,35.84442648137926],[129.21728672957948,35.844419553547155],[129.21729173756057,35.84437226497617],[129.2172912621397,35.843861707654916],[129.21728164725957,35.84362214559533],[129.21722541305036,35.843371527776775],[129.2170841634691,35.84336817627624],[129.21708436072367,35.843518774829754],[129.21709170264688,35.84354039166162],[129.21709502816873,35.84400432223157],[129.2167800568964,35.84428685204878],[129.2164849335251,35.84429655166583],[129.21648749695584,35.84437195816171],[129.21641898199866,35.84437719081463],[129.21641361092006,35.844298295977445],[129.21629497840087,35.84429658843642],[129.2159568838194,35.8443052044391],[129.21596332976833,35.844323028673685],[129.2160532817639,35.8443245804686],[129.21604538809396,35.84439804644397],[129.2159088145421,35.84440949275511],[129.21590326006725,35.84438153687631],[129.2159111471068,35.84434257077487],[129.21594383458438,35.844305678353074],[129.2153863864383,35.844319758056145]],[[129.2172977335971,35.84727738059109],[129.2172968417199,35.847114326481176],[129.21726018468306,35.84711625789673],[129.21728910464014,35.84727790530184],[129.2172977335971,35.84727738059109]],[[129.2171142421591,35.84711964720613],[129.21711775544765,35.8476119034338],[129.21713032986057,35.847611664568774],[129.2171530117445,35.84759132772195],[129.21722202264982,35.84758837391991],[129.2172529469934,35.847582775711324],[129.2172611469607,35.84747965803598],[129.21725652271365,35.84724369215697],[129.21723794284262,35.84711509015882],[129.2171142421591,35.84711964720613]],[[129.2165174145782,35.840832000616544],[129.21656641435027,35.840852073905026],[129.216626687551,35.84086598947509],[129.21669408342134,35.840861452672655],[129.21690729093424,35.84082164095525],[129.21703684991988,35.840825887855104],[129.21715499738335,35.84085475923646],[129.21720190994063,35.84085199832151],[129.21721341387965,35.84082471484074],[129.21718891765968,35.84075882331893],[129.21717955476853,35.84071837397235],[129.21719277515567,35.840691393837396],[129.21718395143256,35.84069473529006],[129.2172162708066,35.84048178385414],[129.21721624293218,35.8404408177943],[129.21721076750782,35.84044029252472],[129.2171844127438,35.84052987769877],[129.2171469233092,35.84056666193288],[129.21709787576694,35.8405780065627],[129.21700934595196,35.840634178093694],[129.21697933608667,35.84067405817531],[129.2169710693973,35.84067054910887],[129.21684775845605,35.840786932347115],[129.2165174145782,35.840832000616544]],[[129.21711274748617,35.84704181431869],[129.21723345877695,35.847037104065535],[129.21720585168748,35.846657244995214],[129.21711110567222,35.84666842416083],[129.2171119633496,35.846784891120215],[129.21719529360365,35.8467682486934],[129.2171906357027,35.846912186628415],[129.2171378413208,35.84690663956339],[129.21712757207186,35.84692010463751],[129.21711042642875,35.846920477879756],[129.21711274748617,35.84704181431869]],[[129.21714777349004,35.84307655275039],[129.21707961818555,35.843079279658156],[129.21708412938258,35.84334331084417],[129.2172157271056,35.84333453081945],[129.21714777349004,35.84307655275039]],[[129.2172046996126,35.846645406480285],[129.21719226882493,35.84651785991654],[129.2171120112862,35.846509007343684],[129.21711116023664,35.846651777980824],[129.2172046996126,35.846645406480285]],[[129.2170329384875,35.83648731801736],[129.2170905725193,35.83652922195467],[129.21714033559763,35.83655007774689],[129.217173386703,35.836505794035965],[129.21701424172562,35.836457628283256],[129.2170329384875,35.83648731801736]],[[129.2171693818768,35.846249761172956],[129.21710775187987,35.846255495573985],[129.2171114560366,35.84648298238971],[129.2171838225899,35.84648915224887],[129.2171872307237,35.84641510846531],[129.2171693818768,35.846249761172956]],[[129.21714243649407,35.84582771820178],[129.21710314043037,35.84582776168032],[129.21710591059772,35.846229569922045],[129.21716465117285,35.846219640884044],[129.21714243649407,35.84582771820178]],[[129.21711780034383,35.845677974688286],[129.21710000407643,35.84567916022101],[129.21710179524192,35.84579290375038],[129.21713334115202,35.845792270343324],[129.2171340969623,35.84574025785855],[129.21711780034383,35.845677974688286]],[[129.21707596033022,35.84282284589965],[129.2170787342974,35.84299398691957],[129.2171252001646,35.84298930717196],[129.21708307935498,35.84282222820902],[129.21707596033022,35.84282284589965]],[[129.21709782720322,35.84555275848741],[129.2170990180967,35.84565432354404],[129.21711453050284,35.845651817272305],[129.21711969619776,35.84560956642185],[129.21710428706172,35.84555216500654],[129.21709782720322,35.84555275848741]],[[129.21681552766938,35.8444894616068],[129.2168088858045,35.84456713422367],[129.2170859916446,35.84477988213827],[129.2171113410318,35.844592106278675],[129.21711560501842,35.84447029468602],[129.21681552766938,35.8444894616068]],[[129.21678782370242,35.836398489362246],[129.2168470550743,35.836419354443805],[129.21685350015383,35.83640835664121],[129.2167921378738,35.836389753778654],[129.21678782370242,35.836398489362246]],[[129.21539477290835,35.84459017916786],[129.2161419313835,35.84456579493852],[129.21641377030417,35.844558405471474],[129.21644570869188,35.8445639270814],[129.21678410323696,35.844551235514544],[129.2167796890549,35.844494789120816],[129.2166177248467,35.84451929577528],[129.21629690495564,35.8445471865844],[129.21612286161744,35.844533825612075],[129.2159415650502,35.84454402699601],[129.2154028711713,35.84455575709417],[129.21539477290835,35.84459017916786]],[[129.21676018680935,35.836851299543156],[129.21665155923205,35.83678377406141],[129.21668076325872,35.836929589277645],[129.21676018680935,35.836851299543156]],[[129.2163255084256,35.83680991685753],[129.2163058526722,35.836888360848526],[129.21624429647468,35.83690649588865],[129.21621541434126,35.83690858432498],[129.21622069211224,35.83695723344674],[129.21643070304756,35.83699173643725],[129.21646290301004,35.83697559665744],[129.21644396145837,35.83691744061314],[129.21644791839583,35.83684977660824],[129.2164080634115,35.83680920146029],[129.2163255084256,35.83680991685753]],[[129.21554988481518,35.83663213003222],[129.21556952907048,35.836679711088706],[129.21562739319515,35.83682001269319],[129.2156999627116,35.83676082479018],[129.21554988481518,35.83663213003222]],[[129.21527994321983,35.84113875009618],[129.21541842243636,35.841145417432536],[129.2154189693703,35.84114345427046],[129.21527751649845,35.84109650378623],[129.21527994321983,35.84113875009618]],[[129.2153175667787,35.84459499613297],[129.21531492100792,35.84455366951329],[129.21534505785948,35.84455199363355],[129.21533362389678,35.84447383053851],[129.2151563382655,35.84448134688742],[129.215189516337,35.844598297184845],[129.2153175667787,35.84459499613297]],[[129.21491184600342,35.84433385919123],[129.2149206547023,35.8444734561975],[129.21513807992946,35.84444222904771],[129.2153045325795,35.84442788250117],[129.21530106439366,35.84432346082465],[129.21491184600342,35.84433385919123]],[[129.21493170788978,35.841075623666725],[129.21508602691512,35.84111255309743],[129.21518716862786,35.84113169609408],[129.215184444104,35.84106919019866],[129.21419460746245,35.84075099332032],[129.21395930235371,35.84068608723338],[129.21395624229854,35.840691786727945],[129.21399168062135,35.84070746142525],[129.21442116144442,35.84088804183789],[129.21483041920496,35.84104288084408],[129.21493170788978,35.841075623666725]],[[129.2151846244371,35.84459854922191],[129.2151626509616,35.84458573647013],[129.21512027602594,35.84459667815737],[129.21512094434482,35.84459991222941],[129.2151846244371,35.84459854922191]],[[129.21431530790048,35.844616266119054],[129.21458760067438,35.844595661968334],[129.21475980444285,35.8445876147274],[129.21476134969205,35.8446107650991],[129.21503229951466,35.844601938334336],[129.2150216896975,35.844570963198656],[129.21515436551834,35.84456297661363],[129.21512908849337,35.84449053401265],[129.21484123669353,35.84453664868316],[129.21463137369065,35.84454393369356],[129.214455508456,35.844565280678054],[129.21429569285357,35.84460712946017],[129.21390938999824,35.84461972748162],[129.21391123597252,35.844639515669954],[129.21431530790048,35.844616266119054]],[[129.21497427698088,35.83681208147346],[129.21496683744235,35.83688578098951],[129.21499143922756,35.83688893672706],[129.2150176866318,35.8369031659133],[129.21512231844642,35.8368843871468],[129.21511297262276,35.836812583049955],[129.21497427698088,35.83681208147346]],[[129.21302593862552,35.8355364978541],[129.21303029933662,35.8355239717955],[129.21305727373522,35.83551634478677],[129.21321700447183,35.835494983211376],[129.21327660554755,35.83549512153077],[129.2134899960016,35.83552465782531],[129.21391275640264,35.83557002834878],[129.21406671784183,35.83560570703288],[129.21422545200716,35.83566712582409],[129.21430111511185,35.835688856223186],[129.21442017559164,35.8356981355093],[129.21456766557296,35.835693475990716],[129.21487524356266,35.83569758972576],[129.21492918288902,35.835604511832386],[129.21498088950474,35.83554152165245],[129.2149837967676,35.83545755590441],[129.21496634249914,35.83529636203826],[129.2149489769078,35.83523022300125],[129.21484208411746,35.834916326667305],[129.21481351667143,35.834891007148855],[129.21473078690227,35.83488357444416],[129.21467417932797,35.83481901007533],[129.21464635478986,35.8347527904035],[129.21459699027056,35.83466509604715],[129.2145710652797,35.83458487655062],[129.21454698551415,35.83440412817305],[129.2145476686366,35.83423324965522],[129.21406470029996,35.83427267847159],[129.21391504004217,35.834288444626274],[129.21388403961495,35.834296872045016],[129.21388623323026,35.83441812256179],[129.21391734503948,35.83475870462358],[129.21391793849506,35.83483601293319],[129.2138507215629,35.834839394257195],[129.21368578959382,35.83488537903831],[129.21349089465932,35.83494719736728],[129.21331312602217,35.83518563950601],[129.21326067568907,35.83533151838447],[129.21320242514426,35.83533975931664],[129.21320141473714,35.83532188026711],[129.21322917834365,35.8353113948621],[129.21324307335905,35.83528821722916],[129.2132905814069,35.835177549951666],[129.2133264697981,35.83512998173006],[129.2133965015209,35.83505291842371],[129.2134787579728,35.83493649388294],[129.21369259420837,35.83486380908648],[129.21366422490175,35.83478390013713],[129.21361839029433,35.83476206261048],[129.21340880390727,35.83475968355149],[129.21326953143608,35.83474485111902],[129.21314553987665,35.83471609431437],[129.21313242392236,35.834661690829655],[129.21314115463164,35.83453600493074],[129.21306157524228,35.834493542889874],[129.21304357542022,35.834442149158896],[129.21304689880492,35.834376595277554],[129.21286602500973,35.8343957587122],[129.21281996234984,35.83440879070597],[129.2127624287521,35.83455780566825],[129.21271004314687,35.83477008842598],[129.21269055643208,35.8348508297519],[129.21266086563952,35.835019470043],[129.21265386750565,35.83513936681896],[129.2125773153357,35.835400017064664],[129.21257644008205,35.83545817636046],[129.2126062714312,35.83561818622048],[129.21269810941087,35.83560426274427],[129.21288942646237,35.835590560800696],[129.21297285514945,35.83556503477531],[129.21302593862552,35.8355364978541]],[[129.21388983117242,35.844545156572885],[129.21387806616656,35.844545727130075],[129.2138905770614,35.84457166101943],[129.21422666785767,35.84456657826306],[129.21449170793142,35.8445126916632],[129.21478055175191,35.84449390197115],[129.21489398754744,35.84447700942167],[129.21488444077846,35.844334592811386],[129.21381368840264,35.8443631935522],[129.21388983117242,35.844545156572885]],[[129.21472851760004,35.835876081634865],[129.21479262106027,35.83581324077889],[129.21484370968648,35.83571363391234],[129.21469726898857,35.8357050795627],[129.21431258322593,35.83571436836748],[129.21435289518752,35.83584375272364],[129.2143822138208,35.83599688648687],[129.21434570513128,35.83609804452081],[129.21432637623238,35.83620421912516],[129.21431580739312,35.836312378989355],[129.21427984495344,35.836423377695226],[129.21433852374594,35.83643846887905],[129.2143869226175,35.83636327286491],[129.21441946967718,35.836295495178625],[129.2145516698712,35.83609405651366],[129.2146981281788,35.83591864758027],[129.21472851760004,35.835876081634865]],[[129.21317059688894,35.8332950826922],[129.2130824844081,35.8335648022635],[129.21304609719257,35.833695250412525],[129.21300907462035,35.83376984008423],[129.21289035596791,35.834109397276414],[129.2128329686913,35.834363534014486],[129.21307588268934,35.834333942087554],[129.2131988824202,35.83433121098193],[129.21355220084448,35.83427812619837],[129.21356378119313,35.83425448395833],[129.2135814557695,35.83424178116958],[129.21361009918826,35.83425013929469],[129.21363132935824,35.83426761314052],[129.21379371414014,35.834258881661604],[129.21403686089383,35.834254567490454],[129.21455751432683,35.83421497284209],[129.2146926554018,35.83418752438728],[129.21478868929148,35.83417481757194],[129.2148067711574,35.83414482787404],[129.2147992213861,35.83404500061702],[129.214765438417,35.833906916718746],[129.2147215309306,35.83374486846379],[129.2146086399216,35.83341348918516],[129.2145575653952,35.83324472121437],[129.2145227793447,35.83318239823234],[129.21431869845773,35.83315958862787],[129.21425400664083,35.833142345063294],[129.2136232450484,35.83312239782622],[129.21364769120783,35.833267104725856],[129.21363065872686,35.83326731504271],[129.21360057470616,35.8331250785075],[129.21330915707503,35.83310118658364],[129.21323294369546,35.83308792828295],[129.21319329597645,35.83318237722089],[129.21317059688894,35.8332950826922]],[[129.2134599540245,35.83277706487183],[129.21334821850732,35.83276128269698],[129.21332529464186,35.83280178931432],[129.21326928293564,35.83297712743978],[129.21325545657308,35.83306347370431],[129.21332606854367,35.83307628222567],[129.21359517541583,35.8331007632502],[129.21391468954573,35.833118935948384],[129.21420758582946,35.833124501337295],[129.21424658689344,35.83312823558292],[129.21431224453323,35.833146585981055],[129.21450796110418,35.83315802761221],[129.21430299782816,35.832866925890144],[129.214249439471,35.832783078119945],[129.21416292876978,35.83279295574728],[129.21416008491653,35.832830470881724],[129.21410165956507,35.83283054721769],[129.21404876581903,35.83282981162781],[129.21393723303675,35.83281957234122],[129.21388850503703,35.832795549981334],[129.21383188442545,35.83278758382996],[129.2137517635243,35.832782299827585],[129.21361767261965,35.832787718778484],[129.2134599540245,35.83277706487183]],[[129.214483218451,35.83672574658615],[129.21444046868393,35.836780503329265],[129.21448080001744,35.83680157428089],[129.2145105483197,35.836763290475915],[129.21451096564977,35.83674137130576],[129.214483218451,35.83672574658615]],[[129.20999109981554,35.839515039507624],[129.21092943460377,35.83975699790828],[129.21169424269664,35.83996545571581],[129.21216192672793,35.840080474500944],[129.21253900981856,35.840180662811505],[129.21261055102212,35.84011574622953],[129.2127995483429,35.83969907222402],[129.2127643436933,35.83960049221713],[129.21275718858482,35.83952351994792],[129.21276071542712,35.83945939876068],[129.2127196612359,35.83921677307616],[129.21266216210833,35.83919640672106],[129.21258264993187,35.83920604560077],[129.21245164676697,35.83924888678904],[129.21237358952587,35.83930643347465],[129.2122570779079,35.83937978339983],[129.21218774271085,35.83941654083333],[129.2119999780693,35.83945449711721],[129.21190205966235,35.83946869206759],[129.2119348676138,35.83951517521493],[129.21197785348457,35.83959323838166],[129.211995246889,35.83971655310761],[129.21199790434676,35.83979653446492],[129.21201871861808,35.8398530605046],[129.21207109736596,35.83989170449172],[129.21214266474615,35.839932928448356],[129.21205032326984,35.83990484507987],[129.2119929858617,35.83985364633338],[129.21197667691155,35.83978052037002],[129.21196284772282,35.839606981702225],[129.2118925784481,35.839499720711004],[129.21185117899483,35.83947328739893],[129.2117785201107,35.839450243405196],[129.21165788588755,35.83943381734922],[129.21159725395302,35.83940484901788],[129.21151990423468,35.83932799937656],[129.21146441065392,35.83934616643246],[129.21135371512128,35.83942601235199],[129.2113052196316,35.8394705106768],[129.21127843262596,35.839507842192134],[129.2112567668182,35.83958589228961],[129.2112737835077,35.839692669826064],[129.21125249197095,35.83968587551109],[129.21123477149865,35.839585038443154],[129.21126005809916,35.839499105096394],[129.2112835286684,35.83946332952644],[129.21134559680604,35.83940725347275],[129.21145093134587,35.839330147717426],[129.21150051080713,35.83930223045567],[129.21151942244833,35.839246004409645],[129.21151845729736,35.839177988688476],[129.2114968926535,35.83907593266808],[129.21146252213342,35.83896975326326],[129.21145508231797,35.838914447477286],[129.21141366557163,35.83885607370639],[129.2113817627615,35.83874541074601],[129.2113681289174,35.838574034638626],[129.21145141880018,35.838469262914664],[129.2114562958799,35.83843412362766],[129.2114896517756,35.83844099596476],[129.21139628146997,35.83857202074094],[129.21140804216654,35.838746590545654],[129.21145727141723,35.83883791843119],[129.2114846626777,35.8388619880466],[129.2114945334482,35.83897032820292],[129.2115201326916,35.839074558201645],[129.21156269633101,35.839202623663674],[129.21155346367655,35.83928178765943],[129.21156322725997,35.83932842835231],[129.21161122159356,35.8393793822833],[129.2116643032447,35.83940775096235],[129.21174885564378,35.83942050896891],[129.21184142427495,35.83942168983543],[129.2118971808534,35.83945282958173],[129.21198934100576,35.83944182613745],[129.21211325352962,35.839417122036814],[129.21223624840783,35.83937191595987],[129.21234478056462,35.83928635008088],[129.2125317232889,35.83919738389982],[129.21265148523375,35.83915621166626],[129.2127059504594,35.83918450535469],[129.21310182406236,35.839117945499716],[129.21348343217545,35.8383575453938],[129.21379465325373,35.83775609584485],[129.21422076078912,35.83689489078687],[129.21425201986773,35.83684617689505],[129.21425045838646,35.8367878146289],[129.21426559267437,35.83669751803554],[129.21417834443338,35.83682728189474],[129.21393739465262,35.83730154091234],[129.21383176073334,35.837496983671244],[129.21376015946262,35.837612884886305],[129.21379585620366,35.83765924527428],[129.21375047633094,35.83772980327318],[129.21370267465724,35.8377263908395],[129.21360644343545,35.83773316690264],[129.2135816557617,35.83770599286791],[129.2135414789601,35.837697988557245],[129.21351860472444,35.83774931911851],[129.21345594000155,35.8377340182693],[129.2133857409177,35.837736521369415],[129.21334478116543,35.837746254995714],[129.21328524246374,35.83777021605798],[129.21325349522317,35.83776471128535],[129.21323448438633,35.837733038768754],[129.21320348763672,35.83765173744019],[129.21317700650718,35.83760783007091],[129.21312311325775,35.83756951366705],[129.21302592878078,35.83755486820405],[129.2129361965657,35.837495597617874],[129.21276623916472,35.83740592462919],[129.21270496795714,35.837390062161155],[129.21257419434355,35.83736799497703],[129.2125921983486,35.83726207534869],[129.21257862917602,35.83712017014154],[129.21251592258145,35.836992681118346],[129.21251935965256,35.83695313719038],[129.21249927805323,35.836863840426666],[129.2125093690899,35.836787450674905],[129.2126001948273,35.836729331688296],[129.21266767851034,35.83669651572606],[129.21278097331367,35.83665550792919],[129.21282388708187,35.83661484912574],[129.2128614529314,35.836485813996596],[129.2128660357083,35.83640676619469],[129.21289225295857,35.83633890992841],[129.2128525333083,35.836340232531576],[129.21288520283167,35.836305612080274],[129.21290274207607,35.836266719268615],[129.21291811496235,35.836191410698014],[129.2129199328091,35.836113169868355],[129.21290621133105,35.83605166557614],[129.21288606849654,35.83600194292047],[129.21298858014262,35.835968578479104],[129.21309117672473,35.83591721581024],[129.21316778192033,35.83583113756989],[129.2132189283895,35.83579418628813],[129.2131939790198,35.83570587155139],[129.2133087837491,35.83567974926674],[129.21330867036295,35.83566623970749],[129.21332048412646,35.83563453989658],[129.2134172634426,35.83561839008251],[129.21341485735343,35.83552935969487],[129.2132918729636,35.835509406497714],[129.2132167642021,35.83550452788775],[129.21310080386286,35.83553302241111],[129.21295516055133,35.835591193191796],[129.21288311959626,35.835603775228456],[129.21270361090285,35.83562124166541],[129.21261149984844,35.835640717334584],[129.21263452941284,35.83572737726456],[129.2127147132268,35.83580541090943],[129.21274358529155,35.83586643796918],[129.21272004194446,35.83588664034661],[129.21268630328547,35.835814329153486],[129.21259229444098,35.83572331471706],[129.21254369797268,35.83576200968262],[129.21236555198246,35.83585961249897],[129.2121635399994,35.835918403941754],[129.21216803485015,35.835931437170046],[129.21215063444396,35.835935036628385],[129.212145022403,35.835922257708006],[129.21200762006004,35.835966623746636],[129.21181781148334,35.83600291602033],[129.21168486221032,35.836036233566595],[129.21159227182827,35.83606309054181],[129.21148982188802,35.83610333924582],[129.21151075204847,35.83628832958057],[129.2115465806197,35.83632244241344],[129.21162998709858,35.83635519227363],[129.21177789357796,35.836377816327065],[129.21185988535962,35.83636515444698],[129.21208394173502,35.83635073855602],[129.21215249574706,35.836329285785176],[129.2121397099173,35.836345179233646],[129.21211833379448,35.836356320117105],[129.21201849169339,35.836369878646714],[129.21188713684734,35.83637009967267],[129.21183679898894,35.83637412625838],[129.2117981523749,35.836387829828716],[129.21176144851367,35.83652538895987],[129.2117362682039,35.83658393323868],[129.2117479247319,35.83660141514606],[129.21187806093388,35.836663490896164],[129.211904453685,35.83669108606627],[129.21189136489173,35.8367012660846],[129.21187840992883,35.836686679481396],[129.21170899204293,35.83660322267047],[129.21170740557264,35.8365808293501],[129.21176015749109,35.83644718963981],[129.21176217947684,35.83639554439951],[129.2116450973831,35.83637709329663],[129.21164124734827,35.83636932223],[129.21150900367857,35.83633466596907],[129.2114928131004,35.83631020726253],[129.21146216821853,35.83610953409973],[129.21091694294438,35.83620884805212],[129.2109246305072,35.83644708947005],[129.21091285880578,35.83647835636898],[129.21091157148996,35.836641295843016],[129.21089418298885,35.83664108280541],[129.21087544246188,35.836627578663695],[129.21078038354995,35.836629384526184],[129.21076248791792,35.83669736102857],[129.21074548715399,35.83679843893008],[129.210913375616,35.836835025682554],[129.21107762985102,35.83690373913422],[129.2112838076645,35.83692517163862],[129.21150669831908,35.83695915605111],[129.21153055200008,35.836968271075634],[129.21150701593163,35.836995674197595],[129.21149433051895,35.83697416547355],[129.21147540540684,35.83696628555624],[129.2114043183084,35.83696338154245],[129.2113060656539,35.83694619502286],[129.21118493754923,35.836946703852895],[129.21103795799925,35.83692756529951],[129.2110239813635,35.83690321983455],[129.21097152917028,35.83687779685234],[129.21091609213636,35.836857921744176],[129.2107544484026,35.836826452241795],[129.21068608101774,35.83702469334343],[129.21063956934648,35.83719206455991],[129.21058780551314,35.83730666762013],[129.21056736924442,35.837372467478794],[129.21074327987705,35.83741197858547],[129.21090580999206,35.83743913857247],[129.21095784581064,35.83743656043104],[129.21096102877416,35.837451623803304],[129.21091499275107,35.83745452495365],[129.210563626037,35.83739695197438],[129.2105220975842,35.837540151921225],[129.2106129029335,35.837553512708666],[129.21059963081018,35.83757830218639],[129.2104983680336,35.83757416135179],[129.2104714312977,35.837609167731046],[129.21044584528326,35.83766965913911],[129.21039132841565,35.83783205123014],[129.21053413553767,35.83782541303132],[129.21054638106602,35.837826959906664],[129.21054507262235,35.83784714119628],[129.21050927817706,35.83783879478528],[129.21039636045,35.8378600713939],[129.2103544179108,35.83789617631879],[129.2103438757453,35.83802931844713],[129.2103303035305,35.83809169959947],[129.2102815804558,35.83810416745146],[129.21019300520712,35.83810998116683],[129.2101567496443,35.838124229817986],[129.21009503288232,35.83815803474439],[129.21004177827896,35.83816031721495],[129.21019260810758,35.83809359711105],[129.21030237689405,35.83807005501279],[129.21031602561365,35.83802841151902],[129.2103229069318,35.837900521036495],[129.21007807500897,35.837882731956206],[129.2098094311197,35.837888704587556],[129.2098921744219,35.83862391894224],[129.20994133337888,35.83918406032179],[129.20995541047444,35.83931022906151],[129.20999109981554,35.839515039507624]],[[129.21352400905087,35.83261753844543],[129.21351413308147,35.83265356989445],[129.21344852919697,35.83262608026896],[129.2133944452546,35.83261472073008],[129.21335131550472,35.83274807389751],[129.21361248325846,35.83277989605917],[129.2137427749315,35.832773330221585],[129.2138122701254,35.83277413575575],[129.21389030539305,35.83278172159594],[129.21395872568735,35.83280692583299],[129.21399857741133,35.83281014494197],[129.21406360474924,35.832808074224964],[129.2141417444363,35.83278426010255],[129.21423737307646,35.83276545296927],[129.21418675664756,35.83263517647758],[129.21416258011968,35.832533738300015],[129.21405934795806,35.83251504871886],[129.21391900751678,35.83245105562464],[129.21392267872454,35.8323751186615],[129.21391183056164,35.83233283307062],[129.21367009407243,35.832303455693754],[129.21360245996357,35.83229067816623],[129.21347453527304,35.83228808295628],[129.21345028844175,35.8324136701162],[129.2133952799164,35.83259147597197],[129.21352400905087,35.83261753844543]],[[129.21405114391064,35.846955913096494],[129.21405178354013,35.84709604728227],[129.21404661097029,35.84715710708643],[129.2140749262672,35.84715689477094],[129.21406054983905,35.84680126002882],[129.21404130567868,35.8468033849699],[129.21405114391064,35.846955913096494]],[[129.2140493836399,35.84654101687507],[129.21402384680366,35.846545306931525],[129.21402218585408,35.84665297316722],[129.21403261915043,35.84676717910757],[129.21405606049063,35.846765749717925],[129.2140493836399,35.84654101687507]],[[129.2140142877676,35.8462028128613],[129.21402698337312,35.84640987057761],[129.21402797437017,35.846515765675605],[129.2140472510443,35.8465134063541],[129.21401961270794,35.84590430949108],[129.21399064932072,35.84590208055181],[129.21399540508423,35.84601673816256],[129.2140142877676,35.8462028128613]],[[129.21385426491673,35.84591397345444],[129.2138621904076,35.84619723265651],[129.21390452723355,35.8471588994728],[129.2139388592329,35.84715676590402],[129.2139344738748,35.8470398725587],[129.21391990404805,35.84674429741757],[129.21390354487613,35.8465331635159],[129.2138973350932,35.84621359131016],[129.21387707260112,35.84607868298621],[129.21386600122824,35.84591367409017],[129.21385426491673,35.84591397345444]],[[129.2130626562264,35.83437544097358],[129.21306231297598,35.83444625291847],[129.21306878440006,35.83447838917098],[129.21312561276264,35.83450581333435],[129.2131535038874,35.83451427203017],[129.2131444839256,35.83466439137051],[129.2131590845636,35.83469855914085],[129.21326608424326,35.83473460095059],[129.21344525620918,35.83474113459784],[129.21363993058947,35.83475462531236],[129.2136857461587,35.83477762547892],[129.21370843197823,35.834859545238004],[129.2138664344265,35.83481318513341],[129.21386932152,35.83476690076382],[129.21386022283562,35.83470009805139],[129.2138622203794,35.83461073542736],[129.21384293860856,35.83436920703143],[129.2138107746259,35.83429402737365],[129.213782627368,35.83428497445631],[129.21357432468926,35.83430286256557],[129.21342526106753,35.834318302606945],[129.2130626562264,35.83437544097358]],[[129.213698946837,35.84062551478176],[129.2138617899633,35.840686619803364],[129.21386355825547,35.840660696708994],[129.2137023223448,35.84061846105195],[129.213698946837,35.84062551478176]],[[129.2138049997268,35.83892243157948],[129.2137157916998,35.8389734918062],[129.21370523923324,35.83895526010992],[129.21380592013446,35.83889815926556],[129.21381097108528,35.8386711252256],[129.2138263049257,35.83835288443066],[129.2137952019902,35.83834420626004],[129.21378269142022,35.83838863299899],[129.21378280834813,35.838523910568526],[129.21377581648352,35.83860408919546],[129.21373399417334,35.838659968527516],[129.2136907097958,35.83869469806601],[129.2136341129279,35.83872215996987],[129.2136396106745,35.83857545364234],[129.21365031726077,35.83857676859244],[129.2136837619577,35.83843402348455],[129.21364500287484,35.8384514680354],[129.213647968195,35.83832083647816],[129.21325900981213,35.83908999119448],[129.21327901864834,35.83911390217023],[129.21326747723822,35.83913583191961],[129.21327049875444,35.83915242763662],[129.2132320875488,35.839138507908174],[129.21304269280193,35.839525045498185],[129.2127204113891,35.84011344424748],[129.21271293791582,35.84020446568634],[129.21352685062385,35.84041534898373],[129.21360852567193,35.84041530398189],[129.21375504647565,35.840147436884195],[129.21376519786816,35.83991121013856],[129.21375437587656,35.839895727740775],[129.2137079184571,35.83988635567025],[129.21368808123222,35.83986050677732],[129.21368157014774,35.83982205289007],[129.21368144069953,35.839777603428935],[129.2137074768265,35.83977872907951],[129.21370019219646,35.83982385855888],[129.21371910292578,35.839863399085836],[129.213751816993,35.83987418335406],[129.21376750729712,35.83985158831923],[129.21377855745413,35.83952067455999],[129.21371392915862,35.83943360170268],[129.213647015282,35.83941508198535],[129.21364810305943,35.839395450821094],[129.21373624436583,35.83942158466823],[129.21376534544893,35.83947638339431],[129.21378048721317,35.83949303880006],[129.2138049997268,35.83892243157948]],[[129.21356178668702,35.84551862634404],[129.21356419021092,35.84555244601254],[129.21382443501116,35.84552122677363],[129.21380638829802,35.84519863814691],[129.21346944231527,35.84520506416724],[129.21349209352897,35.845518368922285],[129.21356178668702,35.84551862634404]],[[129.21371775877876,35.84033112356699],[129.21380086024794,35.84035164103984],[129.21374757864834,35.84025675376499],[129.21371775877876,35.84033112356699]],[[129.213801156419,35.8446488613601],[129.2136913133656,35.84437769453078],[129.21351228036207,35.84438161555202],[129.2134964734073,35.84438985382946],[129.213396376069,35.84438605587427],[129.21310041968792,35.84439000216318],[129.21276873091014,35.844401860442595],[129.21275512837227,35.8444065798713],[129.21271594790747,35.84446248119365],[129.2126702208665,35.84455420968736],[129.21264968830693,35.84467141729489],[129.21265525632404,35.84491369056709],[129.2127178086777,35.84491376087833],[129.21269319182397,35.8448974734965],[129.2126782553567,35.84467046584233],[129.213801156419,35.8446488613601]],[[129.21352121775263,35.845863813566915],[129.21352015623813,35.84615534273599],[129.21359999003056,35.84615584172935],[129.21361732913618,35.846677084998355],[129.21379212726154,35.84666054478669],[129.2137909747553,35.84659776576374],[129.21369763395163,35.846596578764796],[129.21366489332215,35.84588701048566],[129.21375399811552,35.84587738098323],[129.21374908209387,35.845814608599476],[129.2136737889979,35.845814831699286],[129.21358901424816,35.845829320248924],[129.21358875926572,35.845862432620166],[129.21352121775263,35.845863813566915]],[[129.21288239433107,35.850097288248605],[129.21281654456067,35.85010763325801],[129.21281254758367,35.85014907972867],[129.2131061142373,35.85013759487061],[129.21333126583767,35.85012093058641],[129.21337846522883,35.85012401976114],[129.21365537920224,35.85010713740538],[129.21377448733645,35.850088856988044],[129.21378109494637,35.85005935643859],[129.21350069064806,35.85009572123873],[129.21333145124868,35.85010323873657],[129.21315157739588,35.850103853135074],[129.21297480481053,35.850096765137316],[129.21288239433107,35.850097288248605]],[[129.2137287369407,35.84815363991135],[129.21372908473822,35.84824261966386],[129.21373600482735,35.84826396705468],[129.21375693390252,35.848262578210516],[129.21375907252084,35.848151243077396],[129.2137287369407,35.84815363991135]],[[129.21361961931586,35.846928761323696],[129.2136474060693,35.84693104914084],[129.21364359872078,35.84691463509285],[129.21363063639873,35.84691465797778],[129.21362931137404,35.84682446324309],[129.2136458826183,35.84680792309114],[129.21361255351917,35.84680834243126],[129.21361961931586,35.846928761323696]],[[129.20953762392529,35.833431639576695],[129.20952539645177,35.83416596464944],[129.20950368439526,35.83416704768394],[129.20948060045805,35.83471535509031],[129.20960199381028,35.834694803687064],[129.20962088721538,35.83467387094236],[129.20973312529566,35.834644043357216],[129.2099113596466,35.834635037307024],[129.20996199873906,35.83461961918459],[129.21024541910654,35.8345886558894],[129.21085865851316,35.834540588833804],[129.2109933135115,35.83454225581219],[129.21114394110882,35.834553015442964],[129.2111669205214,35.8345414213069],[129.2112053827423,35.83444112599938],[129.21120285377233,35.83447267422053],[129.21121018288858,35.834477735477854],[129.21118254569657,35.83454466558814],[129.21153188031903,35.83452872526053],[129.21177396875711,35.83450047125936],[129.21223636566086,35.83443213050579],[129.21236908534027,35.83443443922554],[129.21244780954717,35.834413229799004],[129.21257605110898,35.834400468210944],[129.21279791242782,35.834386811900146],[129.21284507696825,35.83424257376166],[129.21286148293103,35.83411039437576],[129.21298584153652,35.833727368928244],[129.21313934089764,35.833303014681476],[129.2131573130721,35.83321073089502],[129.2131740429171,35.83316742331662],[129.21320134385599,35.83306638094693],[129.21311276141572,35.83304645707001],[129.21305099034447,35.833062022293376],[129.21304630941384,35.83304559169981],[129.21312582531914,35.833031356122426],[129.21320794491794,35.833047352904764],[129.21323395734282,35.83299040203602],[129.21325998580843,35.83289785168478],[129.21314619550378,35.832896042347066],[129.21314001470688,35.83287745139375],[129.21326692126533,35.83287556051781],[129.2133061167099,35.83275261476395],[129.21336061269483,35.83260670516167],[129.2132706386995,35.83257938457382],[129.21322027780676,35.83257381344548],[129.2131073609064,35.8325714798053],[129.21311194795024,35.832556727247145],[129.2131405190866,35.832554784305415],[129.2132719990971,35.83256238456567],[129.2132781225936,35.8325469173046],[129.21332407211162,35.83257086369821],[129.21335594324518,35.83257795444531],[129.2133847646449,35.83251195903132],[129.21341221194433,35.83241203389789],[129.21344102384637,35.832246792621476],[129.21322424913862,35.83222317438483],[129.21300433620124,35.83218885440674],[129.212867265284,35.8321719717778],[129.21281025791617,35.8321807240477],[129.21264349944636,35.83222890066495],[129.21268866280406,35.832328022110474],[129.21270509592352,35.83234811818715],[129.21274880388646,35.832344886982675],[129.212752529702,35.832385157382724],[129.2127792955105,35.832399431222804],[129.21276913157448,35.832414626173986],[129.2126987180226,35.83238455799954],[129.21268635619336,35.83244323319983],[129.2124787522769,35.832418164513115],[129.21247840531058,35.832404159667036],[129.21252931217467,35.83241535396002],[129.2125750993793,35.8324115603913],[129.21266287364986,35.83241500219007],[129.2126785246653,35.83237801434644],[129.21267293362772,35.83233968491328],[129.21261880959705,35.832242057257154],[129.21255934605324,35.83225531998274],[129.21245431538526,35.83233458925555],[129.21241631629857,35.83235381656845],[129.21239061167242,35.83238084516208],[129.21232683542553,35.83253776588705],[129.212258029728,35.8326636743042],[129.2121430865947,35.83282434373032],[129.21209351035756,35.832881191460366],[129.21189426908563,35.83316502020154],[129.21187132472323,35.83316454665508],[129.21207362096118,35.832876620915364],[129.21208896207352,35.83285624376598],[129.21212350932353,35.83282480163192],[129.21217864284642,35.83275593947164],[129.21226409743898,35.83262703678519],[129.21230822893,35.832528632795004],[129.2123620047325,35.83237760578956],[129.21221645749623,35.83238224116315],[129.21198445367742,35.832408811076554],[129.21175319366176,35.83249503310732],[129.2117252888996,35.83250205761458],[129.21167970868112,35.83252981478686],[129.21159190603262,35.83256601839267],[129.21136586100658,35.83261978549101],[129.21124744161614,35.83263774689354],[129.21110674458743,35.83268566860146],[129.21096957856437,35.832746462879825],[129.21086771247718,35.83276732412315],[129.21058256478207,35.832803861626694],[129.21035212895805,35.83281706910876],[129.21011100793115,35.8328157034292],[129.20999152498067,35.832825013422486],[129.20998310612262,35.83280944538209],[129.2098330515021,35.832800629998715],[129.20972944643316,35.83281263398587],[129.2095622321645,35.83281462696897],[129.20953762392529,35.833431639576695]],[[129.21317050100373,35.85394573600892],[129.21311796856165,35.85384461831895],[129.21215919231335,35.85419735759054],[129.21221990574193,35.85429461301547],[129.2125020598688,35.85419004163404],[129.21251073389826,35.854204770828375],[129.21224548356528,35.85430065158139],[129.21223890536766,35.854329061464504],[129.2123148731578,35.854446829537856],[129.21317050100373,35.85394573600892]],[[129.21309589227826,35.83913911731634],[129.2128297358475,35.83918304399992],[129.21275128460346,35.83920875042926],[129.21275980218863,35.83931118064552],[129.2127785939117,35.83936867445176],[129.2127813326621,35.839479018794144],[129.2127768200431,35.83952200738214],[129.21278510991272,35.83959697687801],[129.21281329882427,35.83966697252719],[129.21309589227826,35.83913911731634]],[[129.21172829704582,35.84281764287528],[129.2117312919623,35.84329269984177],[129.21180113353748,35.84330384325766],[129.21194605892123,35.84331184498205],[129.21208430259068,35.84330877286275],[129.2122893051482,35.84329382217726],[129.21247816803702,35.8432952121115],[129.2125711713411,35.84327910566416],[129.21257229799187,35.843148701777565],[129.2125442565249,35.8431514637944],[129.21254714434198,35.84313012612733],[129.21257248531893,35.843127495028426],[129.21256825166228,35.84302522857743],[129.2125844632528,35.84299431425101],[129.21262257207363,35.842964479001765],[129.2126244238603,35.84298241964261],[129.2126355055261,35.8429830400594],[129.21260958269042,35.842999993061746],[129.21260677949036,35.843220326653736],[129.21265255625386,35.84321860594652],[129.21264506695505,35.8430615762383],[129.21272411995332,35.84306099569027],[129.21272473701083,35.84304323997408],[129.21273972144627,35.843042132132666],[129.21274744882183,35.84303007784357],[129.21277806254807,35.8430372880979],[129.21278368622035,35.84307441359736],[129.21279601493126,35.84303673380616],[129.21279419795516,35.8428740173501],[129.2127770270882,35.84288476231001],[129.2127837115436,35.84283423547407],[129.21276836682952,35.842824691175046],[129.21266930702757,35.842827379788524],[129.2126868863488,35.842794678568055],[129.21264379034244,35.84277203378004],[129.2127899011234,35.842768235038555],[129.2127807903548,35.842625943622494],[129.21260970011025,35.84263079564112],[129.21261590470894,35.842758365745375],[129.21254304559653,35.84276123353185],[129.21253500786293,35.842635243831396],[129.21233033778032,35.8426413260476],[129.21233629311644,35.84278780483704],[129.2124089813869,35.84278728973914],[129.21244134972514,35.842779986868905],[129.21249487567508,35.84278289405774],[129.21245887987638,35.84279138394884],[129.2124573673112,35.84283464662228],[129.21243383666075,35.842835363868154],[129.21243313401206,35.84279573712265],[129.21226232051393,35.84283421381294],[129.21222052545264,35.84283049284925],[129.21216895443152,35.84280505085147],[129.21208578742315,35.84281947243708],[129.21203923945777,35.842835046497775],[129.21184801342125,35.842835363372004],[129.21174455356257,35.84284849540508],[129.21172829704582,35.84281764287528]],[[129.21265358011868,35.84495365493996],[129.2126596223916,35.845028240787705],[129.21268929328187,35.84516385380887],[129.2127104498971,35.84522856787311],[129.21271656118748,35.845227803148795],[129.21270249609327,35.84499162876046],[129.21279849887668,35.844991378867114],[129.21279951157692,35.84495168603444],[129.21265358011868,35.84495365493996]],[[129.2117457182029,35.8427990778087],[129.21176449493615,35.84281730428687],[129.21185318205764,35.84281000215073],[129.2119424292309,35.8428177768873],[129.2120745697533,35.842800890287734],[129.21206501190986,35.842622982183464],[129.21207149558856,35.84262196142132],[129.21206961737053,35.84262747135267],[129.21214117882124,35.84262365981507],[129.2121484853578,35.84261568896562],[129.21253338065915,35.84259761047243],[129.21252862606403,35.8425075839064],[129.21260655038333,35.84248645690917],[129.21259211586764,35.842373411388486],[129.21259967574989,35.84237335304517],[129.21259529953466,35.84227576432243],[129.2126786595488,35.842275942302116],[129.21267361088698,35.84215437248755],[129.21264110192993,35.84203751940185],[129.21253682141167,35.842041262528845],[129.21243306487835,35.842038065016695],[129.21239993626654,35.84204238608031],[129.2123795871877,35.84213682778171],[129.21235688818984,35.842133848425824],[129.21237366346634,35.84204411752751],[129.21226216271938,35.8420507841257],[129.2122659910497,35.842138081545386],[129.21223076835352,35.842145821974746],[129.21222522290682,35.842053777975146],[129.21212113685473,35.84205154510957],[129.21200196988764,35.84205572843953],[129.2120937608097,35.84231844434407],[129.2121101303107,35.84233468322501],[129.21208023075334,35.84234208982997],[129.2120408962763,35.84226412849069],[129.21198338527537,35.84205570691964],[129.21172925822833,35.84206488490774],[129.2117303508596,35.842294368406485],[129.21172536908733,35.84237795908975],[129.21183317770917,35.84237294874023],[129.21183369168222,35.84239992226646],[129.21172713914714,35.84239856759087],[129.211721176035,35.84248779280454],[129.2117457182029,35.8427990778087]],[[129.21260655038333,35.84248645690917],[129.21261018707648,35.842596006832295],[129.21276229854396,35.84259498368422],[129.21276749408463,35.84254151983768],[129.21275765299916,35.842511985138685],[129.21272730294956,35.84250812706625],[129.21272603502274,35.8424933127382],[129.21279034073646,35.84248744069239],[129.212791265535,35.84244382755841],[129.21273008122856,35.84246220347365],[129.21260655038333,35.84248645690917]],[[129.21107721377268,35.84686028716612],[129.21087292991626,35.84686166171579],[129.21073907237343,35.84685545095142],[129.21073809940762,35.84686852978028],[129.21065886014242,35.8468923615964],[129.2106163463359,35.84692344759851],[129.21061565387944,35.847039160262625],[129.21060393096502,35.84715289134644],[129.21061384522665,35.8472736235331],[129.21119402456014,35.84725340678686],[129.2111993534395,35.84721724836029],[129.21123014148944,35.84721863662401],[129.21122757192913,35.84725172598659],[129.21158480279675,35.84723704242971],[129.21172257443357,35.8472412716657],[129.21188690213268,35.84723719880106],[129.21204112999757,35.84722727627386],[129.21216515948922,35.8472296725065],[129.21231918048863,35.84722525662087],[129.21268689741552,35.84720773047809],[129.21269301178617,35.847171660730496],[129.2126914020297,35.847149024167074],[129.21268133358217,35.847150844362694],[129.21264928949506,35.847043111210574],[129.2126491074648,35.84692016304083],[129.2126325216312,35.84678930368289],[129.2127622594434,35.84677392563721],[129.21275674815033,35.846690948247705],[129.21279948429705,35.84668979160296],[129.212790870165,35.84665562234648],[129.21278193855647,35.84653097718001],[129.21278465257538,35.84646079208491],[129.21277822650845,35.84641687646809],[129.2126733008034,35.84643411256417],[129.21269300998998,35.84652806926754],[129.21267609701923,35.846536850128786],[129.21263977318614,35.846443102868896],[129.21247598799283,35.846530162891604],[129.21241555624889,35.84654550911856],[129.21233374129133,35.84654943795179],[129.21222282609665,35.846520404985974],[129.2120755309922,35.846510109574965],[129.21174659783654,35.84653350522456],[129.2117493995691,35.846500397416],[129.21184564529597,35.84650761921693],[129.21201159625627,35.84649425145644],[129.2120866434438,35.846480321818206],[129.21214855373066,35.84648409768578],[129.2122437046183,35.84650007222309],[129.21234774770193,35.84652569247963],[129.21246507808996,35.846506812639305],[129.2126378019466,35.84640936353933],[129.21267710054173,35.84640181410491],[129.2127182933317,35.84617352721597],[129.21255811270967,35.84614602314737],[129.21246281706956,35.84611705308852],[129.21235393002982,35.84610128307793],[129.2122963856965,35.84629991136355],[129.21226856882606,35.84629175878668],[129.21230613991074,35.8461208429407],[129.21207326425306,35.846117466024324],[129.21178541864063,35.846135283130586],[129.21174685008597,35.84612164261144],[129.2116306669035,35.84610948069871],[129.21158490569744,35.84609675395565],[129.21158488756953,35.84604371543082],[129.21153683893735,35.84599888113432],[129.2112208227659,35.8460001451037],[129.21104230432925,35.84599071404095],[129.21104101353492,35.845958694882185],[129.2109017363109,35.84597039257037],[129.21089747959437,35.84599755464876],[129.21082883666466,35.84600109900175],[129.21076093018826,35.84599424160887],[129.2101835392196,35.846010576036804],[129.21016882809369,35.84641200927907],[129.21014191400576,35.84690478732562],[129.21032196189321,35.84691840787484],[129.21032781084963,35.84697069723494],[129.21057856961733,35.84692899293644],[129.21064230209853,35.846876231009375],[129.2107083556719,35.84683481174178],[129.21094094380382,35.84682909819009],[129.21127192553323,35.84683063874979],[129.21127301146825,35.84677642667895],[129.2113298166918,35.84677515586887],[129.21132626962054,35.84686996452833],[129.2112596144245,35.84687197353226],[129.21125911492834,35.84698914588742],[129.21118879221234,35.84698565461851],[129.21120404100634,35.84687864965814],[129.21107721377268,35.84686028716612]],[[129.21262655046175,35.84587295037561],[129.21259518976584,35.84591008289553],[129.21259087717846,35.84595771251652],[129.21263598531735,35.84597459478627],[129.2126694933891,35.84600005929992],[129.21271820038575,35.845996548941386],[129.21279710878426,35.84597791655992],[129.21278555072962,35.84591470519141],[129.21274370247014,35.84582476192909],[129.21262655046175,35.84587295037561]],[[129.21173131646913,35.84333134541219],[129.2117301558267,35.84417918058541],[129.21208385344693,35.84415216362632],[129.21268011922962,35.84413763447759],[129.21278847599683,35.84412140174086],[129.21274763121338,35.84402966319904],[129.21268264284,35.84383174072203],[129.21267699730367,35.84383247588788],[129.21268139730708,35.843914104160085],[129.21267120035998,35.843888175087194],[129.21263081612452,35.843686113651636],[129.2125871269615,35.843631953168554],[129.21256010073984,35.84361689568815],[129.21253464161092,35.843616769166175],[129.21247463182473,35.843569090255336],[129.2123877442587,35.84348293003943],[129.2123688189648,35.84347141823651],[129.2123512161391,35.84331552381369],[129.21204543152763,35.84333932126353],[129.21187338979598,35.84334074915185],[129.21189165166473,35.84350344693119],[129.21189244667048,35.843582331975675],[129.21186315101437,35.84359226096923],[129.21186756444035,35.84349048406172],[129.21184226775682,35.84334645447416],[129.2118066073248,35.84333115958701],[129.21173131646913,35.84333134541219]],[[129.21110036892586,35.835382567353605],[129.2111345752733,35.83557857495211],[129.2111363264567,35.83561316192931],[129.21113731529064,35.835652463781436],[129.21110048665045,35.83582704635623],[129.2111049891011,35.83593139440793],[129.21113722142064,35.83605850475997],[129.21113722694568,35.83613632780969],[129.2114617454808,35.836091915373295],[129.21167837293575,35.83601814778807],[129.21202309763873,35.83594320915898],[129.2123263332069,35.835845180174225],[129.21247008910044,35.83578444490346],[129.21254499790584,35.835726281792624],[129.21258373587216,35.8356887397202],[129.21254411807485,35.83548184591674],[129.21254414451934,35.83537482225617],[129.21259510996595,35.83519433823936],[129.21262436094673,35.835118617775535],[129.2126254118507,35.83499727142174],[129.21265173361374,35.83484782470432],[129.21271998984585,35.83458096132116],[129.21276209112733,35.8344555051902],[129.21276105670452,35.834403477751785],[129.21269340587284,35.83440171304442],[129.21263004419333,35.83441053948266],[129.2125361057466,35.83441649953171],[129.21238479679113,35.834453545227895],[129.21224276155064,35.83444838688202],[129.21210930697862,35.834469538890964],[129.21193116786833,35.834505991145456],[129.21176959756366,35.83451746750124],[129.21155071651324,35.83454927692575],[129.21118766313694,35.83455885137229],[129.21114213279247,35.83456401386767],[129.21112917721638,35.834607909397725],[129.21112084461907,35.83476833770931],[129.21109177185232,35.8351016622426],[129.21110036892586,35.835382567353605]],[[129.21273870766314,35.84765196450596],[129.21273999609156,35.847636911371886],[129.2126627774491,35.84762964784153],[129.2126649112674,35.84772051709233],[129.21278518465866,35.847721297035406],[129.2127924343326,35.84765835903783],[129.21273870766314,35.84765196450596]],[[129.21277810425048,35.85047435277415],[129.21279427193252,35.85038722191847],[129.21277948178897,35.850386977552084],[129.21277290302223,35.850410809137124],[129.2127664671717,35.85047333091216],[129.21277810425048,35.85047435277415]],[[129.21276086380803,35.85058860623994],[129.21276149937947,35.85061470077131],[129.212783571687,35.85061421133529],[129.21276086380803,35.85058860623994]],[[129.21279036351848,35.853311763782735],[129.2127716139631,35.853004380786075],[129.21266013610642,35.853004576758885],[129.21261970030943,35.8530353804027],[129.21266590238062,35.8538849064181],[129.21269760703566,35.85390116329262],[129.21279017556347,35.853866753087836],[129.21277106291046,35.85354774464954],[129.21278788819757,35.85354708418825],[129.21277364731063,35.853311793178364],[129.21279036351848,35.853311763782735]],[[129.2127805452239,35.85140536919383],[129.2127713613666,35.85119836842774],[129.21270273355597,35.85120092245447],[129.2126635228452,35.851234157339846],[129.21266928981174,35.85140511415598],[129.2127805452239,35.85140536919383]],[[129.21173281215192,35.84425457452762],[129.21172657667324,35.84503753745768],[129.21188025769644,35.84503591660973],[129.21196238793573,35.84502621052157],[129.2121357029039,35.84504025473169],[129.21223112863854,35.84503106590266],[129.21224117143018,35.84496943883632],[129.21227402764572,35.84495792631893],[129.21232972573316,35.844961253355315],[129.21242579020372,35.844942510000514],[129.21253174176718,35.844937177830765],[129.2126260281421,35.84491581480101],[129.2126173950488,35.844824271975874],[129.2126345447607,35.844587555545836],[129.21266813026767,35.84446708050039],[129.2127118256325,35.84440232098133],[129.21275049172073,35.84432360091063],[129.2127606296326,35.84425628673863],[129.21275399944975,35.84421463360078],[129.21173281215192,35.84425457452762]],[[129.21162793890517,35.84836499808305],[129.21169767913108,35.84843672371419],[129.21175653222946,35.84841822623976],[129.21181642383922,35.84841154230006],[129.21181471471706,35.848430841044255],[129.21175472762283,35.848443293147156],[129.2116938804106,35.84846539910734],[129.21171972093975,35.84855911088845],[129.21185439438315,35.84856716668717],[129.212000164495,35.848539333164375],[129.2123261002938,35.84851379710094],[129.21243615265323,35.848508556953114],[129.21258941317475,35.848508648300665],[129.2127648695352,35.84848409631696],[129.21276413240457,35.84841486362516],[129.21275060485112,35.848368815533654],[129.2126839874341,35.84822271391288],[129.21264153872627,35.84821151388106],[129.2125885534234,35.84815084473181],[129.2125668653373,35.84811644608542],[129.21255773125924,35.84801558526484],[129.2122987566126,35.848032262377295],[129.21233084717556,35.84818266969072],[129.2123040872138,35.84819767738491],[129.21229924222877,35.848127911143415],[129.21228112922793,35.8480640262992],[129.21218071984734,35.84807790139286],[129.21210803984206,35.84806243719027],[129.21207904236672,35.848030845140386],[129.21204563816715,35.84796536480764],[129.2120139867828,35.847930623018115],[129.21200059831074,35.84789511921444],[129.21195572363766,35.84788735695036],[129.21190546059105,35.84789312284947],[129.21190772369528,35.84790754789292],[129.21198517240992,35.848165151604206],[129.2119980392958,35.84825040529762],[129.21200814219955,35.84826156309261],[129.2120262254874,35.84831427253386],[129.21199610165613,35.84831306356134],[129.21196712680157,35.848243970451946],[129.21193509454866,35.84811538219229],[129.21193065724853,35.84807410372002],[129.2118834645192,35.8479054273723],[129.21180128734662,35.847902678218986],[129.21174309083744,35.84792234619201],[129.21171956627137,35.847946910354],[129.21172562081378,35.84797186437525],[129.21174625489837,35.847984544903845],[129.21177164981236,35.84803948570358],[129.2117974486484,35.848117425679995],[129.21181338102733,35.848189876285055],[129.21178426802726,35.84819416311242],[129.211780266685,35.84815027024821],[129.21175442955047,35.84805782021712],[129.21173552185812,35.84802819317713],[129.21166531188638,35.848030028376975],[129.21164042420122,35.848079199021335],[129.21161647200825,35.848147303277976],[129.2116127635383,35.84820599913555],[129.2115618738816,35.84822609585501],[129.21154948684037,35.848268043640175],[129.21162793890517,35.84836499808305]],[[129.2127011677739,35.843488593853365],[129.21274498703087,35.84348753879923],[129.21273810211082,35.84329970330675],[129.21269257885493,35.84330520885237],[129.2127011677739,35.843488593853365]],[[129.2125917755414,35.84807161359212],[129.21271035278946,35.84806310133503],[129.21270335887823,35.84797206038337],[129.2127243982777,35.84797472714836],[129.212736518711,35.84794937171497],[129.21274606211853,35.84779546656693],[129.2126430881233,35.84779799081057],[129.21264546542133,35.84765501239197],[129.21257549949345,35.84762349244508],[129.2125524449784,35.847574667186215],[129.21246047840884,35.84755779507055],[129.2124466006813,35.84766779892981],[129.21246116716662,35.84773006773074],[129.21248174026636,35.847761494232714],[129.2125480490225,35.84779139840772],[129.21256034991734,35.847917677921636],[129.2125874651512,35.84795323866067],[129.21258027582707,35.8479972502957],[129.2125917755414,35.84807161359212]],[[129.21172918572753,35.841366268511976],[129.21172012098341,35.84172724738382],[129.21172741270684,35.841986317117424],[129.21267619214035,35.8419506042292],[129.2126567623281,35.84164840401079],[129.2126175934631,35.8416497255716],[129.21262993710542,35.84156276024351],[129.21263761540015,35.841361001811315],[129.21257577303697,35.84136047958147],[129.21258817027655,35.8411767739186],[129.21260434681608,35.84117454644937],[129.21262589338048,35.84108107594235],[129.21270790660952,35.84107473121544],[129.212721143445,35.841007438601494],[129.212716850738,35.84091214790331],[129.21272403433426,35.8407827427183],[129.21253545816094,35.84076616658274],[129.21230573546222,35.84077718653754],[129.21223180247594,35.84090064335775],[129.21213405521772,35.84103465045868],[129.21210946199056,35.84107704333281],[129.2121411351032,35.84109590506707],[129.21218076119348,35.841104343404574],[129.21241401162166,35.841091758332375],[129.21247689746284,35.841068422709554],[129.21249429000463,35.84109487091534],[129.21242721552736,35.84112062925132],[129.21230953933875,35.841135508112934],[129.2121624507143,35.84112837581075],[129.21207734252616,35.84110287539176],[129.2120326513505,35.84116310316781],[129.21197526159585,35.84122230771902],[129.2119204635115,35.84126119351526],[129.21172918572753,35.841366268511976]],[[129.21255860384125,35.847396614496546],[129.2125707999745,35.84739983757185],[129.21256811215048,35.84742986292009],[129.21271311872138,35.84744474910657],[129.21270864329682,35.84738923098103],[129.2127337661472,35.84738314844512],[129.2126981372698,35.84727196081359],[129.21254300176642,35.847277731017115],[129.21255860384125,35.847396614496546]],[[129.2126715510729,35.84370768672982],[129.21267013370777,35.84367370644606],[129.21272057145632,35.84366388429416],[129.2126656039153,35.843589231208504],[129.2126574626449,35.84354956346653],[129.21267662066376,35.84353192838141],[129.21266854099883,35.843306720136034],[129.2123853077321,35.84331099378592],[129.2123819455932,35.84332879036734],[129.21238607908654,35.843401667224136],[129.21239923348318,35.843466047482266],[129.21242618803115,35.84347914941203],[129.2124419042246,35.84352026389839],[129.2124915122308,35.8435649599275],[129.21253494090863,35.843587685294835],[129.2125944387338,35.84358834684914],[129.2126564372892,35.84367637117836],[129.21266102136534,35.84370833181526],[129.2126715510729,35.84370768672982]],[[129.21225441425173,35.84504626520116],[129.21217974620012,35.8450732804311],[129.21201841058456,35.845072752073136],[129.21172659523984,35.84509490199076],[129.2117212555804,35.845785322900305],[129.2117336582125,35.845929798601716],[129.21171783076258,35.84593045716789],[129.2117145617624,35.846096887694316],[129.21176995391252,35.84610563203523],[129.2118362694713,35.84610100971883],[129.21191773510455,35.84608652820018],[129.21236558910684,35.84606897083471],[129.21242448573773,35.846063450950766],[129.21248754512897,35.845945357617],[129.21264415005695,35.84582258464299],[129.21270493115756,35.845818151822606],[129.2126982549066,35.845391782207095],[129.21271673532473,35.84538561221108],[129.212651301503,35.84511295488775],[129.21262178926688,35.84494946591323],[129.21254000871912,35.844965759975615],[129.212453864955,35.84496879524181],[129.21231794704556,35.84499014106048],[129.21226292858935,35.844992670951946],[129.21225441425173,35.84504626520116]],[[129.21251433170718,35.84596564327985],[129.2124881535701,35.84601625787787],[129.21247003619763,35.84608015225607],[129.21261575279618,35.84612580599138],[129.21270980463876,35.84614070960484],[129.21271770097883,35.84601693609165],[129.212650379748,35.84601795566199],[129.21251433170718,35.84596564327985]],[[129.2116277868588,35.82857411122834],[129.2116404015666,35.828661645855284],[129.21163528367796,35.828806684358476],[129.21164110727014,35.82886214626713],[129.21212715349208,35.82898589357144],[129.2123123143919,35.82905656057582],[129.21246625080832,35.82912126174291],[129.21249436733802,35.82908600946336],[129.21255640508377,35.828879721006466],[129.21258416707852,35.828706469545985],[129.21260951842163,35.82861756151965],[129.21264491028847,35.82842111641976],[129.21265780434885,35.82837975331155],[129.21266449411857,35.82829405046466],[129.21263956074665,35.828231529317655],[129.2125791279542,35.82817855169571],[129.21238947500152,35.82804069557774],[129.21227673476827,35.82797718380786],[129.2121935069026,35.82791667544286],[129.21211694996953,35.82784265456449],[129.21203607496437,35.82780133864681],[129.21197837499,35.82778135079006],[129.21192884243436,35.82775300300587],[129.21187210660318,35.82770833711191],[129.21174502325573,35.827623319017626],[129.21168389496478,35.82762514733087],[129.21165542734724,35.82764470923404],[129.2115866806541,35.827707845013755],[129.2115811222114,35.827820114761586],[129.21161590689104,35.82816915415711],[129.2116277868588,35.82857411122834]],[[129.2123202410256,35.84073330623113],[129.21231439658467,35.84074996258484],[129.2123519990437,35.840759188504904],[129.21253131902498,35.84075238923253],[129.21256509068047,35.840712517160036],[129.21264537685684,35.840338718217176],[129.21172955848544,35.84010659290028],[129.21173759387304,35.840555248508714],[129.21173292446275,35.84134019193516],[129.21189985754384,35.841250126188996],[129.2119790149548,35.841180816578465],[129.21205421643873,35.841084764727896],[129.2121936904502,35.840891283106274],[129.21228903857843,35.84073332491921],[129.2123202410256,35.84073330623113]],[[129.21259721779893,35.851235986224864],[129.21255518373567,35.851206408972914],[129.21203615821295,35.85122579516898],[129.2119994942755,35.85125938587508],[129.21202396980166,35.851724027013695],[129.2120589481374,35.851764612051916],[129.2125805901236,35.85189572974202],[129.21261695592995,35.85187493712187],[129.21259721779893,35.851235986224864]],[[129.2124859084149,35.84733751203709],[129.2124641479718,35.847359279374984],[129.21243839039764,35.84741828435019],[129.2124502282022,35.847536985186935],[129.21258065256148,35.84756299151618],[129.2125676808336,35.84743418967614],[129.21253678988793,35.847398184935884],[129.21252418105468,35.84732275445708],[129.2124859084149,35.84733751203709]],[[129.21231009985848,35.84264401123033],[129.21208887027424,35.84264995084813],[129.21209550163138,35.84279690612796],[129.21215915621605,35.84278328480754],[129.2121969872887,35.8427948896717],[129.21231730124188,35.84278871237142],[129.21231009985848,35.84264401123033]],[[129.2121182598982,35.854212308967526],[129.21183544862185,35.854315591813204],[129.21200407889575,35.85462280251181],[129.2122712889941,35.85447214096602],[129.2121182598982,35.854212308967526]],[[129.21179044605188,35.854332028251555],[129.21151152700398,35.85443388856134],[129.21170796214744,35.85479011503867],[129.211968626481,35.85464206121653],[129.21179044605188,35.854332028251555]],[[129.21090420933868,35.85125598240615],[129.21086974612464,35.85128470218727],[129.21087003112027,35.85143521029239],[129.2109123114416,35.851474431069484],[129.21189976285984,35.85172415445621],[129.211934238036,35.8517000307312],[129.2119120692043,35.851270263872586],[129.21187015512353,35.85124411091737],[129.21090420933868,35.85125598240615]],[[129.21189194723434,35.848742915083726],[129.21188112767936,35.84858389213571],[129.2118437398892,35.848598647959975],[129.21184446895674,35.848619023935065],[129.21188537076213,35.8487437559943],[129.21189194723434,35.848742915083726]],[[129.21051632566665,35.84298892598254],[129.21041026322936,35.84299747402983],[129.21037077945576,35.842904290290825],[129.21009316188005,35.84288836076633],[129.21008531858132,35.84316488701185],[129.210076241907,35.843253621852504],[129.21007709796964,35.84337342357441],[129.21014220479816,35.84337723999539],[129.21024574652844,35.84336964287615],[129.21041540033602,35.843365094130796],[129.21041810688186,35.84332506489797],[129.21043460039758,35.84332533363312],[129.21043914197054,35.84333080533822],[129.21043722098875,35.84336226231495],[129.21060886646748,35.843353221606755],[129.21098192406646,35.8433107267693],[129.2109603914502,35.843090525759806],[129.21092321799546,35.84306800521887],[129.21095006094433,35.84306406503137],[129.210975485285,35.843080495569005],[129.21101074575765,35.8433099735448],[129.21119114082612,35.84329872671094],[129.2114069899298,35.84329171664219],[129.21159687949125,35.84329626955652],[129.21159240767116,35.84230998499747],[129.2114376038048,35.84231615874641],[129.2114570365242,35.842285166840234],[129.21159522859708,35.84227998644982],[129.21159477444158,35.842183328130176],[129.2116924267021,35.84218863695725],[129.21169077699562,35.84214651539526],[129.21167863855973,35.842072543961734],[129.21081720445227,35.84210522186931],[129.21084299096105,35.84223432614468],[129.21082908743608,35.842351873428804],[129.21082003449544,35.84235240291184],[129.21079872632453,35.84210360476732],[129.21054466245513,35.8421158804427],[129.21055602950142,35.84215781387847],[129.21059061037664,35.8422048981246],[129.21062245151276,35.842262432621624],[129.21062706186913,35.842302557282174],[129.21052670015126,35.84238256467342],[129.21044436036274,35.84241691033289],[129.21039409458075,35.84245412924591],[129.2103775011819,35.8424410268719],[129.21041160038533,35.84240151084731],[129.2104448258272,35.8423791471287],[129.21049297670527,35.842375422340204],[129.2105305168968,35.842343831300994],[129.21059115430285,35.84230670243369],[129.2106047848623,35.84227901032499],[129.2105720335815,35.84220786852443],[129.21053677562332,35.84217693585984],[129.21053108555262,35.84211761643719],[129.21048548457685,35.84212283288206],[129.2103651219671,35.8421227898038],[129.21016367670305,35.84213410800144],[129.21013944857404,35.84235024290394],[129.2101197139957,35.842447918644346],[129.2101213737571,35.84247728751558],[129.21010933969094,35.842603258159365],[129.21010231356567,35.84285365575108],[129.21040092394122,35.84288461766749],[129.21042367015332,35.842956191477626],[129.21045972658246,35.84296648414844],[129.2106123136903,35.84293336812892],[129.21073157792543,35.84291511748733],[129.21077703381957,35.84293877726414],[129.2107933193057,35.84295258309328],[129.2106445987627,35.842944856957935],[129.21051632566665,35.84298892598254]],[[129.21117991456916,35.854553775042746],[129.2113128855282,35.85500425732684],[129.2113425370132,35.85500170908378],[129.21167484987217,35.85481103687191],[129.2114679550606,35.854449807204986],[129.21117991456916,35.854553775042746]],[[129.21011498259404,35.84141043426388],[129.21022574510604,35.84141377482238],[129.21016893455902,35.842058105426915],[129.2108373359634,35.842024164378465],[129.21083371752033,35.841990869475154],[129.21084345073865,35.84198807666712],[129.21085507282916,35.84202170911372],[129.211589632218,35.8419920737399],[129.2115918123153,35.841824013742716],[129.21150286524184,35.841820474095734],[129.21152422801208,35.84179948268437],[129.21159200054348,35.84180305032611],[129.21159117443807,35.841074273500354],[129.2115987667375,35.84048636538442],[129.21159541487995,35.84007157057711],[129.21122176693774,35.83997222048202],[129.21116294233445,35.839961372934496],[129.21074158400347,35.839851262529464],[129.21066492725632,35.83983584940759],[129.2103408490923,35.83975444430361],[129.20997291360234,35.83969665509139],[129.20999888309927,35.83996840927169],[129.2100275569515,35.8401738176687],[129.21005730570317,35.840536086882864],[129.21006265245765,35.84066316297141],[129.21008965187443,35.84094755984686],[129.21010514381734,35.84105586328682],[129.21011498259404,35.84141043426388]],[[129.21066519677012,35.84388021979489],[129.21055994283262,35.84387251702556],[129.2105303805666,35.84394967942616],[129.21048427111052,35.844107451380765],[129.21047386114677,35.844168835612145],[129.21064755506788,35.84417624811338],[129.2108416678061,35.84416960133881],[129.21097533124404,35.844183689263836],[129.2111375003891,35.844160938278414],[129.21159863603734,35.844180501130076],[129.2115970555152,35.843329435260294],[129.21141326236832,35.843332325036634],[129.21142040704447,35.84345609928458],[129.21143812657618,35.84351835373511],[129.21140309345057,35.8435688939659],[129.21139472882305,35.8435912505716],[129.21131539382716,35.843623653885516],[129.21129586311923,35.84360917785739],[129.2113776013131,35.84357723900897],[129.21139475174323,35.8435243326983],[129.21138588999003,35.843337005277604],[129.21130542668203,35.84333176533116],[129.21117709694647,35.84333338626756],[129.2111789559887,35.84336681941033],[129.21114660482368,35.84336816464586],[129.21114149474903,35.843335962874995],[129.21096562195797,35.84334115436159],[129.21095248207942,35.843441819888696],[129.21095658803833,35.84359312364361],[129.21092158266913,35.84358698405543],[129.2109271101714,35.843352748480704],[129.21070735635604,35.843373490528634],[129.21071717200778,35.84339358934582],[129.21068003877252,35.843394843644404],[129.21066945226124,35.84338046910558],[129.21059829542043,35.84338268385042],[129.2105918897902,35.84340081914088],[129.21056248469625,35.84340282601782],[129.21056723185728,35.84338962345386],[129.2103508642687,35.843397435028876],[129.2103410742403,35.84347996151085],[129.21032527768355,35.84347955636421],[129.21032390684942,35.843399987355944],[129.210074960845,35.8434069357713],[129.2100783279622,35.843458481445055],[129.21007452199336,35.84411019113421],[129.21016310091008,35.844120131348866],[129.2102987021872,35.844147248739844],[129.21042624616842,35.8441620598969],[129.2104597546535,35.844091190401066],[129.21050022555957,35.84394016961461],[129.21054812104268,35.84383876774608],[129.21065239547622,35.84385285308247],[129.21073543155032,35.84387235577641],[129.21077099781067,35.84386864377643],[129.21076141553334,35.843903701073806],[129.21066519677012,35.84388021979489]],[[129.2112519066273,35.84423502867864],[129.21057521092,35.84423244979882],[129.21027137337612,35.84418135447048],[129.2101914825435,35.8441583221064],[129.21006914824267,35.84415046832151],[129.2100912544144,35.844328444888355],[129.21013073889475,35.84432454602576],[129.21013384537514,35.8443441698611],[129.21009408845322,35.844349709473],[129.21012621131462,35.844654086996236],[129.21026007175723,35.844654386245494],[129.21069750303943,35.84463301388634],[129.21091703408527,35.84463989555995],[129.21154281000173,35.844627979302366],[129.21158591682007,35.84459570227606],[129.21158770750233,35.844464639351386],[129.21146968045738,35.84446592715167],[129.2114697521407,35.84445112849904],[129.21158888084503,35.844447856022256],[129.2115891822111,35.84429351640645],[129.2114712695777,35.844291920007336],[129.21147265434624,35.84427135105869],[129.21159021787398,35.84426230430237],[129.21159013997297,35.8442285706446],[129.2112519066273,35.84423502867864]],[[129.21148457115456,35.844912037959],[129.21158787197552,35.84491311914166],[129.21158844203697,35.84473055191503],[129.21155072226813,35.844698506317485],[129.21149281042733,35.844699328538915],[129.21149486169202,35.844818208854356],[129.21148457115456,35.844912037959]],[[129.21149547142863,35.84521744353955],[129.21148454650884,35.84532678425935],[129.2114895453504,35.84543005877398],[129.21158721022195,35.84543024855531],[129.211587479672,35.84521764320674],[129.21149547142863,35.84521744353955]],[[129.21149076362653,35.84519517286634],[129.21158654644444,35.845195365937684],[129.21158647914456,35.844930623853216],[129.21149080232342,35.844928528958356],[129.21149076362653,35.84519517286634]],[[129.21147095896504,35.844820774125466],[129.21147077951198,35.84469810528823],[129.21096535565889,35.844708991293665],[129.21101599172695,35.8455822413466],[129.2110550784813,35.845582623811204],[129.21107619135148,35.84589955659849],[129.21152150450501,35.84588425993595],[129.21158484683335,35.84583941115834],[129.21158614230478,35.84544503993485],[129.2114671069813,35.84544650974757],[129.21146259839009,35.8453192431003],[129.21146996135286,35.84519818334375],[129.21146661803954,35.845097249181514],[129.21147035936383,35.84484946196344],[129.2113856215476,35.844835721742875],[129.211311233649,35.8448430616556],[129.21130854156868,35.844825392841955],[129.21147095896504,35.844820774125466]],[[129.21120007300956,35.848453356045766],[129.21124982237882,35.84846255208066],[129.21131061177087,35.848460472210945],[129.21133647940198,35.84840498216684],[129.2114084760593,35.8482955078028],[129.21131400232488,35.84825159269301],[129.211194677081,35.84822862987209],[129.21120007300956,35.848453356045766]],[[129.21098202967232,35.85517709028534],[129.21102025138072,35.85518772145714],[129.21124118595552,35.85506073758756],[129.2112564764618,35.855023660565756],[129.2111323334417,35.85456223968427],[129.21083424294733,35.85461525715696],[129.2108960032739,35.85483326070901],[129.21091691112065,35.854940986560614],[129.21098202967232,35.85517709028534]],[[129.2095950103342,35.83539844114135],[129.20962627378117,35.83592683560563],[129.20967337374498,35.83638232760842],[129.20984714093186,35.83633962258609],[129.20995171659465,35.83633726921611],[129.21002955483715,35.836323354036985],[129.21011939028364,35.83633038108812],[129.2101834731918,35.83632155472087],[129.21052555374763,35.8362586566844],[129.21059606987782,35.83623824683909],[129.2108903466482,35.83618784116463],[129.2110940602324,35.83613996304862],[129.21110303090035,35.83606635121213],[129.2110755094688,35.83594188231467],[129.2110728326649,35.83582888807681],[129.2111073262125,35.83565858151536],[129.21110364496246,35.83556346985445],[129.21107087085835,35.835369136076665],[129.21106190021098,35.83525756776834],[129.21107102571568,35.835053481465025],[129.21109346664971,35.83476557355709],[129.21109972607061,35.83455750870145],[129.21092063804028,35.83455320651438],[129.21068429504615,35.834569471161984],[129.2100053846391,35.834632368727235],[129.2099192266293,35.83465534688816],[129.20968584294096,35.8346691800735],[129.20966455337015,35.8346752823769],[129.20961105901878,35.834703539142154],[129.20948299920806,35.83473542181306],[129.2095604914223,35.83506429858935],[129.2095950103342,35.83539844114135]],[[129.21093034267807,35.85510203429069],[129.2106269809932,35.85515527673584],[129.2106786678701,35.85534837839237],[129.2107160772859,35.855361633708014],[129.21094458472018,35.85523448398625],[129.2109530254248,35.8552110818724],[129.21093034267807,35.85510203429069]],[[129.21031633518234,35.83631363625122],[129.2101838677259,35.836374998243194],[129.2102124628343,35.8364703911038],[129.21026979170352,35.83659573669849],[129.21042804817733,35.83658086138715],[129.21042370794555,35.836597154544926],[129.21027557662742,35.83661545504037],[129.21027584153575,35.83666164371157],[129.21032265947753,35.83673765501456],[129.21034890436096,35.83675548121923],[129.2105749988054,35.83673690982936],[129.21071444505114,35.836753556587155],[129.21075269527302,35.83660984855127],[129.210861948772,35.836593228447164],[129.21087891012627,35.836489861416155],[129.21088492478808,35.836415840174546],[129.21089811763343,35.83635256736547],[129.21089926726808,35.83620882477838],[129.2106229090832,35.836246401524],[129.21031633518234,35.83631363625122]],[[129.21089477793504,35.84590464048922],[129.21085397315133,35.844715782557444],[129.2101346945319,35.84473599590397],[129.21018498942288,35.84521208405012],[129.21019726860416,35.84528941701515],[129.21019435598697,35.845639548691956],[129.21018084354432,35.84592385343685],[129.21089477793504,35.84590464048922]],[[129.21061245104406,35.85510268713577],[129.21091717933973,35.85505138904201],[129.21079842426013,35.85462162829985],[129.21049670383996,35.85467528213286],[129.21061245104406,35.85510268713577]],[[129.2098618779408,35.83670147649754],[129.20984339205228,35.83666677432166],[129.20981606306853,35.83664911211059],[129.2097554559566,35.83664127713346],[129.20969187565524,35.83664772309815],[129.209733973397,35.8372259380606],[129.20974600801136,35.83723575886995],[129.2097578497641,35.83733693985202],[129.2097894237851,35.83733561436487],[129.20982909966958,35.837321576193936],[129.2099337204922,35.83726406618316],[129.21004450089993,35.83722993286189],[129.21008636037507,35.83719177333269],[129.21010472755907,35.83715145551854],[129.210213004476,35.83715886505863],[129.21024859893416,35.83716704968149],[129.21035146208644,35.83716967384415],[129.2105817030819,35.83722505191261],[129.21060531223134,35.83717895689404],[129.2106556132848,35.837029982646165],[129.21064892403717,35.836982038707845],[129.21068104161793,35.83685054431589],[129.21066832294954,35.83681627384231],[129.210665033605,35.836785952461014],[129.21069350824527,35.83678459608122],[129.2106979879862,35.83676665338156],[129.21058211041918,35.83675181316565],[129.21044617075705,35.83676393711215],[129.2103684509661,35.83678095265932],[129.21034000814473,35.83677755931246],[129.21033197496055,35.836765748855356],[129.2102921661587,35.836733147667765],[129.2102655685699,35.83667785704519],[129.21025301856585,35.83661494446554],[129.2102043826761,35.836499785931764],[129.21017701256412,35.83643684500465],[129.2101224817164,35.83634015429894],[129.20996540764827,35.83635415294268],[129.20985795414686,35.83635645723922],[129.20977556909477,35.83637545423313],[129.20967731643853,35.83640445551252],[129.20969135350572,35.83661732479451],[129.2097455085188,35.83661268865385],[129.20982542055216,35.836583277502385],[129.20987539414125,35.836698037318634],[129.20990168657727,35.836780636472334],[129.20988267109274,35.83678044413497],[129.2098618779408,35.83670147649754]],[[129.2105832586829,35.855162058120655],[129.2102728129544,35.855215924848714],[129.210329277408,35.85543277526351],[129.210467893118,35.85547905669773],[129.2106418206302,35.8553847718669],[129.2105832586829,35.855162058120655]],[[129.21057447109527,35.84728215478633],[129.21056497424414,35.84716016913308],[129.21059164426026,35.84701392198944],[129.21058312140326,35.84695935713375],[129.21039267709565,35.84699139433977],[129.21030815490687,35.847010034897615],[129.21029651711106,35.84694104642524],[129.21014184158838,35.846932077295115],[129.21013490501906,35.84711532243239],[129.21011780824384,35.84729498020556],[129.21057447109527,35.84728215478633]],[[129.20983693874632,35.83734805037788],[129.20972788696415,35.83736186630919],[129.20973868139583,35.837481578831074],[129.2097635435172,35.837503886775934],[129.20980940485805,35.83787019293411],[129.21003323741553,35.83786999398121],[129.21033483867822,35.83787947411212],[129.2103636546771,35.83785196290818],[129.2103792433462,35.83777771777932],[129.21046745182832,35.83753936373311],[129.21055508005455,35.837244574270095],[129.21021974699713,35.837180762766174],[129.2101390721345,35.83717263838682],[129.21010597292232,35.83720437483109],[129.21008520869853,35.837233827715636],[129.21005578845686,35.8372503266137],[129.20994121431733,35.83728971180812],[129.20983693874632,35.83734805037788]],[[129.21025881091776,35.855166146184175],[129.2105694526563,35.855111107527904],[129.21045767613515,35.8546822265429],[129.21014746807077,35.85473739033329],[129.21025881091776,35.855166146184175]],[[129.20971559688863,35.8552552219129],[129.2096737171296,35.85525542967171],[129.2096644625582,35.85526832454821],[129.2097344674633,35.85546500887796],[129.20975471452965,35.855489938367974],[129.20977308460405,35.85548715771666],[129.2097924649244,35.8555108449798],[129.20977377351375,35.855513518041334],[129.20997220487402,35.8557715347952],[129.21001497483417,35.85576027608072],[129.2100341214427,35.8557623067087],[129.2101938803373,35.85567676219311],[129.2102265411551,35.85561003109397],[129.21014076770234,35.855226473522585],[129.2100792821461,35.85520144445867],[129.20971559688863,35.8552552219129]],[[129.20938378153375,35.82682024650172],[129.2094263006387,35.826875708148165],[129.20947705103347,35.826930245269835],[129.20951206487211,35.82701456897487],[129.20955589340866,35.827139154396576],[129.20958099524594,35.82727150497249],[129.20959501605162,35.82734750136735],[129.20962008300694,35.82763861534558],[129.2096302120083,35.82763842041956],[129.20967076793747,35.826406705564835],[129.20968288984957,35.82631499109724],[129.20970323634404,35.82626221453074],[129.20973974097677,35.82619283592341],[129.20942393423945,35.82596429320668],[129.20919239061013,35.82582514354891],[129.20861177378447,35.8255362394498],[129.2084762367946,35.825508669282975],[129.20847557966997,35.82556672012379],[129.2084882092887,35.82566151920561],[129.208515045479,35.82575093135971],[129.2085427560051,35.82575513754034],[129.20855036710793,35.82583931047237],[129.20858352349472,35.825975982439196],[129.20862790049273,35.82602281618531],[129.2088618648478,35.82634819765696],[129.20891744010595,35.826415695725515],[129.20901529404807,35.826510212436816],[129.20938378153375,35.82682024650172]],[[129.2096733511447,35.83787333073094],[129.2096343692111,35.837437075509605],[129.20960269762367,35.83746462753601],[129.20931275780987,35.83745706308885],[129.20930168115476,35.83754718032914],[129.20929653011564,35.837821376890425],[129.20931068549228,35.83789741801161],[129.20943939753718,35.83788022479856],[129.2095308257821,35.83787348742354],[129.2096733511447,35.83787333073094]],[[129.20933908640717,35.83667108136099],[129.20934287032316,35.83676814859941],[129.2093540152174,35.83685274781095],[129.20939681487195,35.83686096528658],[129.209395188345,35.83687811891328],[129.2093555130287,35.836875348603556],[129.20934306849722,35.83694171123765],[129.20933360870086,35.83721035455987],[129.20948592267146,35.83723352356962],[129.20963065654226,35.83721913234947],[129.2095858713128,35.83664565357216],[129.20956425537213,35.83661598575537],[129.20954826346878,35.83644274786601],[129.20942638850784,35.83646214644474],[129.20937572747624,35.83648661294057],[129.20935587655325,35.836501319650345],[129.20934811670014,35.83653482357332],[129.20933908640717,35.83667108136099]],[[129.2093192975246,35.837426751712634],[129.20947193166938,35.83743673487924],[129.2095796353406,35.83743642225801],[129.20961399359985,35.83741623781984],[129.20962899941148,35.83739404105078],[129.20961663773494,35.83726324584073],[129.2095802691771,35.837263786483526],[129.20941134916197,35.837243431192086],[129.20932541259734,35.83723788393613],[129.20932567942762,35.8373359396123],[129.2093192975246,35.837426751712634]]]},"properties":{"reg":"고도지구","key":"reg_godo","note":"높이 제한(최고고도지구 7.5~36m, 높이별은 godo 레이어)","parcels":5116,"area_ha":152.4,"parts":1,"source":"V-World 토지이용계획 속성(getLandUseAttr) 포함·저촉 필지 합집합(접함 제외) — 지정 필지 외곽, 법정 경계선 아님"}},{"type":"Feature","geometry":{"type":"Polygon","coordinates":[[[129.2092819010675,35.83791596145965],[129.20927570194328,35.83786892686709],[129.20927238298108,35.83751297443001],[129.2092747361545,35.83745612844592],[129.20929351735757,35.83738764593955],[129.20929982245275,35.83730981199087],[129.20930531871022,35.83718497017306],[129.2092972391512,35.837163822764374],[129.20931802125622,35.83694167344336],[129.20931641242422,35.83659217996737],[129.20932073327012,35.83653017541312],[129.2093278399261,35.83651357108501],[129.20933410166128,35.8363639885744],[129.2093327304721,35.83621170649424],[129.20937702971324,35.836205158886514],[129.20937620942192,35.83631922268498],[129.20938440396802,35.83644386059064],[129.20944409680686,35.83644072009556],[129.20956314278703,35.83641455799902],[129.20950977358842,35.83593157061174],[129.20947323091957,35.835475041824154],[129.20944844370499,35.83526486779461],[129.2094601857746,35.83499732896675],[129.20948885825774,35.833320734820624],[129.20954946338043,35.831972212781665],[129.2095924307021,35.83114283322206],[129.2096265261419,35.83008222557536],[129.20966965401126,35.82915396002855],[129.20969366505582,35.82770752518442],[129.20959908338935,35.82771003224882],[129.20953014121082,35.827228251762556],[129.20952286242854,35.827148891028685],[129.20950754559294,35.827085108841295],[129.2094735897737,35.827007596776355],[129.20940839319613,35.82689210587943],[129.20931252843727,35.82680110995469],[129.2089969642198,35.82655565821775],[129.20882483549653,35.826373586747415],[129.20866818893163,35.82614009889397],[129.2085732172807,35.82602160359762],[129.20853837295638,35.825955124119986],[129.2085065318234,35.82580073124056],[129.20846909432152,35.82573280518915],[129.20845251130186,35.82561567085116],[129.20845309221696,35.82555383487927],[129.20844363546698,35.82550892369823],[129.20844554432628,35.82549395961057],[129.2084785014601,35.82549435348433],[129.20862405929378,35.82551984251008],[129.20900538616058,35.82570977271739],[129.20921011759006,35.825816010258286],[129.20943479331942,35.8259398955267],[129.20988870304487,35.826266840971044],[129.21045943581356,35.82669490046445],[129.2109902629023,35.82700311509112],[129.21135224828467,35.82734915946028],[129.21146364022846,35.827430798654206],[129.211582887037,35.827507178722406],[129.21175688070937,35.827600000892126],[129.2119980020943,35.827766707109696],[129.21206446404187,35.82779395271494],[129.21213940661582,35.82783922649782],[129.2122119766079,35.827903782187065],[129.21240568364024,35.82801814483204],[129.2125994451494,35.828152866361954],[129.21269747784623,35.82822885898366],[129.21273040271376,35.828300162298],[129.2126625115805,35.82842713289978],[129.21264981058022,35.82849124328295],[129.21263833842667,35.82860565040835],[129.21260718832585,35.82871974060927],[129.21258166623485,35.82885283734278],[129.2126449733025,35.82885430332803],[129.21276635137184,35.8288734128725],[129.2127608021197,35.8288925201673],[129.21264321173527,35.82886611283038],[129.21258095760072,35.82886942163299],[129.21255007235882,35.82900419509306],[129.21252152945056,35.82908320394106],[129.2124960519466,35.8291370894942],[129.2126785879109,35.829202551300845],[129.21282527033202,35.82923590116795],[129.21290851290638,35.829263702603406],[129.21304238705352,35.82929975145464],[129.2131826689577,35.82933156199646],[129.2134205037484,35.8293995659279],[129.21352819474484,35.829436020904645],[129.21379906164145,35.829502622937525],[129.21390495260283,35.82952381354051],[129.2139707385905,35.829525031107075],[129.21393961952924,35.82954638271237],[129.2137792407341,35.82951933111818],[129.2136821138417,35.8294977283804],[129.2131999590799,35.82936616667041],[129.21306111347403,35.82933347039337],[129.21266189384576,35.829221561010144],[129.21250319379809,35.829163537726906],[129.21213404256446,35.82900887244795],[129.21185504499863,35.82893407948648],[129.21123923914848,35.828801932618205],[129.21093353177926,35.82874141490068],[129.21084724936142,35.8287187184777],[129.21083044348478,35.82869107028581],[129.2109170053032,35.82871902954893],[129.21099363546827,35.82873680388367],[129.2112147381482,35.82877719093049],[129.21156754376636,35.82885328938547],[129.21162418152215,35.82886050854406],[129.21161944126075,35.828800376252495],[129.21162301784096,35.82865838667823],[129.21160963183902,35.82856793333955],[129.2116118653794,35.828390860345706],[129.2116023071454,35.82827466954876],[129.21160060658093,35.82815013743833],[129.21156501019337,35.82782481141325],[129.21156758893915,35.82766111238447],[129.21155627307814,35.827621206669136],[129.21151734442125,35.82757248088201],[129.21144251662577,35.82751173199896],[129.21147178740273,35.82748197557449],[129.21144609997484,35.82744363609728],[129.21133479759834,35.827366593119855],[129.21117255757298,35.82721477184922],[129.21096921275637,35.827011073793365],[129.21070307780926,35.826858477583855],[129.2104423742563,35.826700373694706],[129.21015926975178,35.82650305856534],[129.20983807300485,35.826262530633706],[129.20981052566577,35.82631662652072],[129.2097806022451,35.82676585380381],[129.20974870308777,35.82750523378157],[129.20972870555232,35.82834829116592],[129.21006248996878,35.828456349370704],[129.21003704125727,35.82846681201137],[129.2097286960845,35.828365847582965],[129.20971477409933,35.82915388186588],[129.20967334978437,35.83006469623179],[129.2098244479128,35.83002166998281],[129.20994265400626,35.82997429347304],[129.21012875053503,35.82992872769027],[129.21024763423284,35.82990778343589],[129.21036892593224,35.82985553438434],[129.21056829587894,35.82980323052122],[129.21083765776174,35.829764999156126],[129.21089420884232,35.82975164321595],[129.21090979463204,35.82975289583756],[129.21091219883496,35.82977917216748],[129.21062139725174,35.829824822265],[129.21036794364542,35.82988189772319],[129.2102524436874,35.82992287105905],[129.20994021914828,35.82999118716525],[129.20983444710689,35.830036496275554],[129.2096747313898,35.830089433215534],[129.20956225538282,35.8328023248399],[129.20962080762595,35.8328042242325],[129.20979850592224,35.832786477137944],[129.2101030300517,35.83279948573037],[129.21037684024446,35.832803435281846],[129.21050360060056,35.83279645550436],[129.2107093787499,35.8327751523551],[129.2108854496158,35.83274890768148],[129.21100703058536,35.83270838278822],[129.21110759122448,35.832666722809236],[129.2112337096861,35.83262621680983],[129.21124776482247,35.83258814142304],[129.21123692569412,35.83251091403615],[129.2112319813728,35.83238583790553],[129.2112209879533,35.832350897526744],[129.21123769893634,35.832131882154194],[129.211254132409,35.832084988368074],[129.211237364528,35.83205107648223],[129.21122927243587,35.83199151784573],[129.2112125135019,35.83194837711934],[129.21120647631588,35.83190004449479],[129.21121174427543,35.83184532029041],[129.21129621891464,35.83167186207903],[129.21131865777087,35.83167806858188],[129.21122420268964,35.831860818109874],[129.2112223079638,35.83189362699095],[129.2112228832065,35.83193978811656],[129.21125147759992,35.831993002207795],[129.2112554568434,35.83204575455613],[129.21127053053175,35.83207512708661],[129.21127441226338,35.83210764649609],[129.21124740726913,35.832221017058394],[129.21123968499543,35.83235665093455],[129.21125001684825,35.83238412108751],[129.21126323246162,35.832615773847714],[129.2113785933452,35.83260055757697],[129.2115670059832,35.83255412033217],[129.21166498798144,35.832521071349944],[129.2117164758144,35.83249239358518],[129.21169293011405,35.83247366169176],[129.21162610191962,35.83238870037338],[129.21161126284858,35.83231825742688],[129.211638027857,35.83231552489836],[129.21165265062507,35.83239206969557],[129.2117049527953,35.8324623569886],[129.21172799455198,35.83248304547799],[129.2119780695267,35.832396916719595],[129.2120520597799,35.832377536368114],[129.21239404644885,35.832336299263034],[129.21244248549382,35.832309969792256],[129.21255321193294,35.832237567079346],[129.2127861444328,35.832164967497576],[129.21284043169948,35.83215298452795],[129.2128648190565,35.83210925795504],[129.21287043485864,35.832027540572724],[129.21285488023113,35.831954755780465],[129.2128854276506,35.83194691523576],[129.21289206020577,35.83202321257614],[129.21288614567734,35.83210078472581],[129.21287714775167,35.83214664724059],[129.21332090331256,35.832215622809876],[129.2134228171451,35.83220906227217],[129.21344909587603,35.83218998148744],[129.21349978792745,35.83205802088615],[129.21353639771885,35.83194522770027],[129.21354467580753,35.831878547484045],[129.21357869518755,35.83187785657806],[129.21354827515387,35.83203752198472],[129.21347885985853,35.832216299622985],[129.21349681131832,35.83225376003844],[129.21379015050613,35.832289688847176],[129.21392847293123,35.83230260270208],[129.21393908372536,35.832326422059154],[129.21394747826577,35.832378265255514],[129.21394899745226,35.832445793375996],[129.2140494670731,35.83249104783186],[129.2140964504845,35.832504204116326],[129.2141649564631,35.83251596140744],[129.2141817505938,35.832451384026115],[129.21418511095632,35.832387623518926],[129.21417778007967,35.83233628315828],[129.21419169002428,35.83233558260198],[129.21419874251853,35.83238213780683],[129.21419857002428,35.83244190913896],[129.21418479746816,35.83253556457394],[129.2142005753907,35.832625166149754],[129.21425214270016,35.832750943705726],[129.21428930838866,35.832813460833066],[129.21455144675906,35.8331791389569],[129.2145793352956,35.833252974133245],[129.21461148460983,35.83336394233155],[129.2147574728278,35.8338047018759],[129.2148189225654,35.8340452450356],[129.2148293410077,35.834158261523015],[129.21482532156614,35.83420717958425],[129.2145657122946,35.83423032464796],[129.21458551647774,35.83440151832889],[129.21458014332282,35.834507154543275],[129.21461362113058,35.834647032511704],[129.2146684421968,35.83475545498074],[129.21469553681223,35.8348260109622],[129.2147409586359,35.834867180655195],[129.2148555929826,35.83486900500441],[129.2149133650751,35.835074901480326],[129.21499185806147,35.83529375715742],[129.2151300606863,35.83524758378115],[129.2152380717535,35.83521856970074],[129.21548229432682,35.83518105759653],[129.215615821058,35.83514134494797],[129.2159068768267,35.83508119921622],[129.21591253625172,35.835094933203806],[129.21562520193436,35.83515608172004],[129.21548571122713,35.83519639982479],[129.21535791474474,35.83521859081535],[129.21523674178977,35.83523027031028],[129.2149900844053,35.83530510706431],[129.21501134803978,35.83548355312359],[129.2150072127349,35.835501603524456],[129.21498236870585,35.83549875464446],[129.2149837967676,35.83545755590441],[129.21496634249914,35.83529636203826],[129.2149489769078,35.83523022300125],[129.21484208411746,35.834916326667305],[129.21481351667143,35.834891007148855],[129.21473078690227,35.83488357444416],[129.21467417932797,35.83481901007533],[129.21464635478986,35.8347527904035],[129.21459699027056,35.83466509604715],[129.2145710652797,35.83458487655062],[129.21454698551415,35.83440412817305],[129.2145476686366,35.83423324965522],[129.21406470029996,35.83427267847159],[129.21391504004217,35.834288444626274],[129.21388403961495,35.834296872045016],[129.21388623323026,35.83441812256179],[129.21391734503948,35.83475870462358],[129.21391793849506,35.83483601293319],[129.2138507215629,35.834839394257195],[129.21368578959382,35.83488537903831],[129.21349089465932,35.83494719736728],[129.21331312602217,35.83518563950601],[129.21326067568907,35.83533151838447],[129.21320242514426,35.83533975931664],[129.21320141473714,35.83532188026711],[129.21322917834365,35.8353113948621],[129.21324307335905,35.83528821722916],[129.2132905814069,35.835177549951666],[129.2133264697981,35.83512998173006],[129.2133965015209,35.83505291842371],[129.2134787579728,35.83493649388294],[129.21369259420837,35.83486380908648],[129.21366422490175,35.83478390013713],[129.21361839029433,35.83476206261048],[129.21340880390727,35.83475968355149],[129.21326953143608,35.83474485111902],[129.21314553987665,35.83471609431437],[129.21313242392236,35.834661690829655],[129.21314115463164,35.83453600493074],[129.21306157524228,35.834493542889874],[129.21304357542022,35.834442149158896],[129.21304689880492,35.834376595277554],[129.21286602500973,35.8343957587122],[129.21281996234984,35.83440879070597],[129.2127624287521,35.83455780566825],[129.21271004314687,35.83477008842598],[129.21269055643208,35.8348508297519],[129.21266086563952,35.835019470043],[129.21265386750565,35.83513936681896],[129.2125773153357,35.835400017064664],[129.21257644008205,35.83545817636046],[129.2126062714312,35.83561818622048],[129.21269810941087,35.83560426274427],[129.21288942646237,35.835590560800696],[129.21297285514945,35.83556503477531],[129.21302593862552,35.8355364978541],[129.21303029933662,35.8355239717955],[129.21305727373522,35.83551634478677],[129.21321700447183,35.835494983211376],[129.21327660554755,35.83549512153077],[129.2134899960016,35.83552465782531],[129.21391275640264,35.83557002834878],[129.21396706784407,35.835582910358134],[129.21392980970285,35.8355898978365],[129.21348814461288,35.83554015360379],[129.2132918729636,35.835509406497714],[129.2132167642021,35.83550452788775],[129.21310080386286,35.83553302241111],[129.21295516055133,35.835591193191796],[129.21288311959626,35.835603775228456],[129.21270361090285,35.83562124166541],[129.21261149984844,35.835640717334584],[129.21263452941284,35.83572737726456],[129.2127147132268,35.83580541090943],[129.21274358529155,35.83586643796918],[129.21272004194446,35.83588664034661],[129.21268630328547,35.835814329153486],[129.21259229444098,35.83572331471706],[129.21254369797268,35.83576200968262],[129.21236555198246,35.83585961249897],[129.2121635399994,35.835918403941754],[129.21216803485015,35.835931437170046],[129.21215063444396,35.835935036628385],[129.212145022403,35.835922257708006],[129.21200762006004,35.835966623746636],[129.21181781148334,35.83600291602033],[129.21168486221032,35.836036233566595],[129.21159227182827,35.83606309054181],[129.21148982188802,35.83610333924582],[129.21151075204847,35.83628832958057],[129.2115465806197,35.83632244241344],[129.21162998709858,35.83635519227363],[129.21177789357796,35.836377816327065],[129.21185988535962,35.83636515444698],[129.21208394173502,35.83635073855602],[129.21215249574706,35.836329285785176],[129.2121397099173,35.836345179233646],[129.21211833379448,35.836356320117105],[129.21201849169339,35.836369878646714],[129.21188713684734,35.83637009967267],[129.21183679898894,35.83637412625838],[129.2117981523749,35.836387829828716],[129.21176144851367,35.83652538895987],[129.2117362682039,35.83658393323868],[129.2117479247319,35.83660141514606],[129.21187806093388,35.836663490896164],[129.211904453685,35.83669108606627],[129.21189136489173,35.8367012660846],[129.21187840992883,35.836686679481396],[129.21170899204293,35.83660322267047],[129.21170740557264,35.8365808293501],[129.21176015749109,35.83644718963981],[129.21176217947684,35.83639554439951],[129.2116450973831,35.83637709329663],[129.21164124734827,35.83636932223],[129.21150900367857,35.83633466596907],[129.2114928131004,35.83631020726253],[129.21146216821853,35.83610953409973],[129.21091694294438,35.83620884805212],[129.2109246305072,35.83644708947005],[129.21091285880578,35.83647835636898],[129.21091157148996,35.836641295843016],[129.21089418298885,35.83664108280541],[129.21087544246188,35.836627578663695],[129.21078038354995,35.836629384526184],[129.21076248791792,35.83669736102857],[129.21074548715399,35.83679843893008],[129.210913375616,35.836835025682554],[129.21107762985102,35.83690373913422],[129.2112838076645,35.83692517163862],[129.21150669831908,35.83695915605111],[129.21153055200008,35.836968271075634],[129.21150701593163,35.836995674197595],[129.21149433051895,35.83697416547355],[129.21147540540684,35.83696628555624],[129.2114043183084,35.83696338154245],[129.2113060656539,35.83694619502286],[129.21118493754923,35.836946703852895],[129.21103795799925,35.83692756529951],[129.2110239813635,35.83690321983455],[129.21097152917028,35.83687779685234],[129.21091609213636,35.836857921744176],[129.2107544484026,35.836826452241795],[129.21068608101774,35.83702469334343],[129.21063956934648,35.83719206455991],[129.21058780551314,35.83730666762013],[129.21056736924442,35.837372467478794],[129.21074327987705,35.83741197858547],[129.21090580999206,35.83743913857247],[129.21095784581064,35.83743656043104],[129.21096102877416,35.837451623803304],[129.21091499275107,35.83745452495365],[129.210563626037,35.83739695197438],[129.2105220975842,35.837540151921225],[129.2106129029335,35.837553512708666],[129.21059963081018,35.83757830218639],[129.2104983680336,35.83757416135179],[129.2104714312977,35.837609167731046],[129.21044584528326,35.83766965913911],[129.21039132841565,35.83783205123014],[129.21053413553767,35.83782541303132],[129.21054638106602,35.837826959906664],[129.21054507262235,35.83784714119628],[129.21050927817706,35.83783879478528],[129.21039636045,35.8378600713939],[129.2103544179108,35.83789617631879],[129.2103438757453,35.83802931844713],[129.2103303035305,35.83809169959947],[129.2102815804558,35.83810416745146],[129.21019300520712,35.83810998116683],[129.2101567496443,35.838124229817986],[129.21009503288232,35.83815803474439],[129.21004177827896,35.83816031721495],[129.21019260810758,35.83809359711105],[129.21030237689405,35.83807005501279],[129.21031602561365,35.83802841151902],[129.2103229069318,35.837900521036495],[129.21007807500897,35.837882731956206],[129.2098094311197,35.837888704587556],[129.2098921744219,35.83862391894224],[129.20995541047444,35.83931022906151],[129.20999109981554,35.839515039507624],[129.21092943460377,35.83975699790828],[129.21169424269664,35.83996545571581],[129.21216192672793,35.840080474500944],[129.21253900981856,35.840180662811505],[129.21261055102212,35.84011574622953],[129.21263405386046,35.8400630718913],[129.2127296959715,35.84009601576224],[129.21271860623213,35.8401214234898],[129.21271145663985,35.84022606225815],[129.21360720197583,35.84046273914335],[129.21380297028253,35.840092294815946],[129.21383361794247,35.83995896370173],[129.2138599173299,35.83994671429251],[129.213876865439,35.83991016565863],[129.21375437587656,35.839895727740775],[129.2137079184571,35.83988635567025],[129.21368808123222,35.83986050677732],[129.21368157014774,35.83982205289007],[129.21368144069953,35.839777603428935],[129.2137074768265,35.83977872907951],[129.21370019219646,35.83982385855888],[129.21371910292578,35.839863399085836],[129.213751816993,35.83987418335406],[129.2138900161728,35.839894055089346],[129.213976301142,35.839734381161456],[129.21389323228988,35.83963067688128],[129.21382970312283,35.83958231988147],[129.21371392915862,35.83943360170268],[129.213647015282,35.83941508198535],[129.21364810305943,35.839395450821094],[129.21373624436583,35.83942158466823],[129.2137653454489,35.839476383394256],[129.21385654045136,35.83957676581557],[129.21391259868443,35.839616925612304],[129.21399567624502,35.839707291351885],[129.214071228528,35.839627991854194],[129.21412639585301,35.83954579030186],[129.214169539693,35.83945831064771],[129.2142661298309,35.83931576906751],[129.2143025765193,35.839269551473066],[129.2144287662011,35.839057750280986],[129.21444489571917,35.83901326299234],[129.2144584123888,35.83895195397692],[129.21443786219405,35.83891196584015],[129.21438081549738,35.83884559965716],[129.2142725320239,35.83874555430496],[129.2141532330138,35.83872739798484],[129.214079037151,35.83874640145617],[129.2139821323769,35.83880403660379],[129.21384259751963,35.838901095626085],[129.2137157916998,35.8389734918062],[129.21370523923324,35.83895526010992],[129.21383496332598,35.83888145283281],[129.21395313547032,35.838804871961216],[129.21406469090255,35.83872504014876],[129.21414286212288,35.83870672361496],[129.21413109312806,35.838676444382635],[129.2141244714465,35.838588295728826],[129.2141277294374,35.83850680786239],[129.214140501959,35.838436181258615],[129.21412968752497,35.83833638684495],[129.2141343795911,35.83824895719306],[129.21406855485722,35.83810316110542],[129.21403312265846,35.838010881592766],[129.21403495193974,35.837949773534596],[129.21405139439022,35.83794376014565],[129.21405321619494,35.83801262151793],[129.21410295865616,35.83812939874887],[129.21417185500437,35.83823997750311],[129.21417062154333,35.838416453648236],[129.21414917196708,35.83850384986657],[129.21414593118158,35.83866642325336],[129.21416950354217,35.83869423920556],[129.2142094863705,35.838716438349955],[129.21428755911643,35.838727574777735],[129.21434699167742,35.83877145056942],[129.21439476970335,35.838827901405246],[129.21450428203903,35.83891138848777],[129.21456049308225,35.838851463800786],[129.21464045404088,35.8387491471828],[129.2147124478318,35.8386848954618],[129.21480074992564,35.83858934134235],[129.21485920531643,35.83849144282565],[129.21491828825924,35.83842127465775],[129.21502647044292,35.83836361871526],[129.21502751749503,35.838320663232025],[129.21505754577035,35.83828761507177],[129.21512462526823,35.83819062938386],[129.21502702067622,35.83811050138923],[129.21501559168246,35.83807502141828],[129.21492574888532,35.83801242690613],[129.21488490290537,35.837919977009534],[129.21483866663235,35.83788120616871],[129.214811233297,35.83784167192099],[129.21482918248242,35.837757688519574],[129.21482526240706,35.83772389856247],[129.2147925962375,35.83768938455471],[129.21470341554917,35.83767545625619],[129.21462593922254,35.83765520738854],[129.2145138249573,35.83761218217193],[129.2144671915237,35.83760274761371],[129.21446434904334,35.83759937295952],[129.214472189447,35.837588489975964],[129.2145417884369,35.83760170512488],[129.2146260877218,35.83764451828699],[129.21481105960424,35.8376775724302],[129.2148466724776,35.83772957448529],[129.21483495367315,35.837829697248644],[129.21485561242469,35.83787305581118],[129.21490397591785,35.83792088044108],[129.2149519962828,35.83801825644362],[129.2150339391999,35.838065390493526],[129.21503902395227,35.83808768742142],[129.21513785516825,35.83817121995486],[129.21520589072043,35.838117132069705],[129.2152880144785,35.83806657001178],[129.21529855124274,35.838074734625216],[129.21547999270055,35.83794259469976],[129.21581493124435,35.83774177588756],[129.21590953873502,35.83769927536077],[129.2160794095328,35.83763606482783],[129.2161967278783,35.837580933041416],[129.21634761355963,35.837500307825046],[129.216579236233,35.83739320338604],[129.21668069913162,35.83734027151816],[129.21698733989683,35.83716324806265],[129.21725788483099,35.836953032466454],[129.21738049804543,35.83686339913201],[129.21759226316428,35.83666718564968],[129.21768725885903,35.83660133160246],[129.21774654865396,35.83657618816725],[129.2177956326097,35.836591430114645],[129.21785694521446,35.83663869851904],[129.21799484095467,35.83682558596904],[129.21805505734466,35.83685220858058],[129.2182616200707,35.83688430824488],[129.2184681830349,35.83692456387624],[129.2186914837442,35.83695763296806],[129.21871315955502,35.83681716083557],[129.21896767282945,35.83683021929275],[129.21895649699226,35.8369245734745],[129.21910219709622,35.83692844647616],[129.21909804382253,35.83695581598123],[129.21921844633437,35.83696522326578],[129.21921524968903,35.8369821725785],[129.2192550767167,35.83698361451873],[129.2192565389933,35.836967885036785],[129.2194085904051,35.836979163454465],[129.21942567381186,35.83685969867517],[129.21951577152922,35.836864978809636],[129.2195271059907,35.836901648179904],[129.21954433985923,35.83690195037405],[129.21956343265353,35.83696957766207],[129.21980024774086,35.83679771571391],[129.21984612502675,35.83676945925479],[129.21989779784275,35.83676796841705],[129.21996658152713,35.836790554919745],[129.2201346233947,35.83678471562698],[129.22035325849714,35.836791338399166],[129.22035609516814,35.8368126658474],[129.22095672045887,35.83646856331291],[129.22119465502863,35.83674728209429],[129.22117631499134,35.836807420059216],[129.221158862462,35.83681612199738],[129.22116971467662,35.83697869687219],[129.22148760133712,35.83684614516527],[129.221614307603,35.836797588063554],[129.22202803655838,35.8366629576965],[129.22229444748515,35.836595929137765],[129.22229972953403,35.83654094311366],[129.22214822651685,35.83653968925783],[129.2221375356794,35.83649205072626],[129.22210635127578,35.83644201643822],[129.22204543519715,35.836426897105255],[129.22204167720864,35.83640876181613],[129.22194973749592,35.8364256577318],[129.22194683181377,35.83640753890126],[129.2220643737438,35.836383322903124],[129.22203220842113,35.836306757560564],[129.22200575036717,35.83626878232436],[129.22194855126025,35.83626092921824],[129.22189569392094,35.83626219779675],[129.22185073963203,35.836207610337105],[129.22181877182317,35.83620237860525],[129.22176537272094,35.83618382059322],[129.2217179240542,35.836179770810126],[129.2217139732953,35.83622401145873],[129.2216969893735,35.8362420135292],[129.2216563224734,35.836260951225626],[129.22164402171128,35.83623539625122],[129.22167885722624,35.836229005647404],[129.22168763739793,35.836174103361955],[129.22165906131065,35.83617064083787],[129.2216297081322,35.83615030830781],[129.22164827918584,35.83614592124487],[129.2216389535312,35.83609553134816],[129.22137339299712,35.83605319006614],[129.22127678573972,35.83605507916193],[129.22126642953233,35.83614862094091],[129.22123905722756,35.836152221924976],[129.22123586244857,35.83605328840732],[129.22112579292093,35.83604182742862],[129.22115314202605,35.83602580727065],[129.22144552390014,35.83604546953487],[129.22158885985263,35.8360675040642],[129.22166913631824,35.83608765319321],[129.22166871188207,35.83614634344984],[129.2217069023785,35.83614447097217],[129.22176646499184,35.83616254906277],[129.2218197000726,35.836161820599386],[129.2218960591611,35.83620217379751],[129.22192124664554,35.83624499110774],[129.22199406374634,35.8362492195795],[129.2220417958919,35.836263696209365],[129.22208211898598,35.83637647687327],[129.22216964121714,35.83652298580262],[129.2222941046914,35.83652015257217],[129.2222697718671,35.83621865666224],[129.22226299302022,35.83597707971744],[129.2222388402549,35.83572449434875],[129.2219697058146,35.8357821998353],[129.22159778673768,35.835713088686],[129.2217081645447,35.835708082808026],[129.2219640850955,35.83575484815864],[129.2221129184681,35.83573183645386],[129.22222904619886,35.8357009085679],[129.2222223052128,35.83564075341448],[129.22225217190544,35.83564270834485],[129.22225794205897,35.83567602601719],[129.22225843643707,35.8357226378245],[129.22228775344843,35.835965588338155],[129.22229062878299,35.8362044056128],[129.22231149533616,35.836341411527336],[129.22232980867972,35.836511606194],[129.22231331165216,35.83663737906602],[129.22231351372304,35.83674624081692],[129.22232303950204,35.83686466573231],[129.22231502023973,35.83695038043339],[129.22231508807988,35.837138606592916],[129.22232550834858,35.83719637566201],[129.22232218482097,35.83735900350453],[129.2223260480646,35.837431051423586],[129.22252762679727,35.83738100387739],[129.22262149221413,35.83734774627179],[129.22287114154818,35.837326296506454],[129.22320673705977,35.83730557992759],[129.2237513378396,35.837243153688476],[129.2238558350988,35.83724813356043],[129.22400803610415,35.83722536562984],[129.22426458837828,35.83725041375349],[129.2244372364376,35.837256870994146],[129.22457199754953,35.83725517891285],[129.22464428424732,35.83726329115273],[129.2249651341847,35.83728130577455],[129.22513441392405,35.837262776587465],[129.2252314931833,35.83726688584165],[129.22558661004797,35.83723759142629],[129.22582006807886,35.837232775784024],[129.22595097094128,35.83722486171442],[129.22604874037103,35.83722644551679],[129.22629369574406,35.83726000977366],[129.22640119881046,35.837263251407634],[129.2264027525823,35.83723730148479],[129.2266029325114,35.83722994198269],[129.2267743763839,35.83722931428913],[129.22679466802725,35.83726194659523],[129.22711526639253,35.83727694576979],[129.22718559223668,35.83726479102866],[129.22730674367835,35.83722553026317],[129.22746104704817,35.83721853491484],[129.2276052506643,35.83722517627359],[129.2277374508476,35.83724934235063],[129.2282059375261,35.837243313310395],[129.22838627520642,35.837248704919936],[129.22860038280015,35.83723113165931],[129.22883370013295,35.837227509093196],[129.22908675904685,35.83720699529623],[129.22908763873912,35.83724372861708],[129.22883655703697,35.83725512702891],[129.2286020701013,35.83725616522098],[129.22839658625875,35.83727434406544],[129.22820709784557,35.83726989802344],[129.2281628881418,35.837276452399934],[129.22805018457993,35.8372776743256],[129.2277405169377,35.837272805152416],[129.22759513218028,35.837243905280545],[129.2274836409543,35.83723939243804],[129.22730645401612,35.83724829640605],[129.22719050511893,35.8372916571048],[129.22710861782525,35.83730159845249],[129.22700786649978,35.83729062106103],[129.22660035758548,35.83729402574831],[129.22651732415326,35.83728615110895],[129.22639149850906,35.83728907237605],[129.2262981188447,35.837282073135434],[129.22604391625447,35.83724272211075],[129.22581640499948,35.837248671676235],[129.2256028092381,35.83726350823353],[129.2255781428581,35.83727692879472],[129.22556074454513,35.83746221336825],[129.22555989676397,35.83764879191489],[129.22557303481634,35.83771573036018],[129.22553982136483,35.837728346711216],[129.22537570729966,35.83782484307296],[129.22517198015535,35.83799251262882],[129.22511790135616,35.838063749003645],[129.22491886517713,35.83821533108159],[129.22471845414563,35.83830707232667],[129.2246207789009,35.83833563410998],[129.22462245522192,35.83831766005613],[129.22471538127607,35.83829273913395],[129.22485716570114,35.83822939713993],[129.22509705677342,35.838058722760636],[129.22512374191078,35.83801912621773],[129.22515543410924,35.83798498193002],[129.22521619728067,35.83794106803277],[129.22536176406555,35.83781399996249],[129.22545855941746,35.83775623868708],[129.22552741663054,35.837721448230475],[129.22554521028542,35.83769245786605],[129.2255302278159,35.83761511340779],[129.2255497295014,35.83726068715512],[129.22545942659886,35.83726539778879],[129.22523458895716,35.83728935727724],[129.22512868736823,35.83728884240996],[129.22496775554183,35.83729645092884],[129.22484415369917,35.83729513056116],[129.22463181294532,35.83727999646563],[129.22456821342965,35.83727141746741],[129.22443533417166,35.837277170695394],[129.22426788719315,35.83727038837276],[129.2241298747233,35.83725720648282],[129.2240111623568,35.837254911861486],[129.2238532827372,35.837265568477505],[129.223747355595,35.83726778323082],[129.2235948266791,35.83728017803846],[129.22343641082446,35.837308959255694],[129.223179281117,35.83733094671941],[129.2228775900717,35.8373446971853],[129.22288836816537,35.83747930620316],[129.22289959684593,35.83754503177518],[129.22278797919708,35.837550852158905],[129.22266993261485,35.83757722378107],[129.2226731140769,35.837606896120185],[129.22270537076304,35.83771994374319],[129.2226818762861,35.83772912567336],[129.22253986913356,35.83772445712092],[129.2223314017222,35.83772536311841],[129.22232664895884,35.837759682476126],[129.2223522303333,35.83806413210386],[129.22238549643856,35.83822198814342],[129.2224147280709,35.8385653920975],[129.22242584047274,35.83864515039127],[129.22244247385345,35.83866026983658],[129.22252782474678,35.83866528605995],[129.22285775859348,35.8386683288228],[129.22291002127736,35.83867156716874],[129.22294019523653,35.838684102043494],[129.22321800478306,35.838681904452706],[129.22337090568658,35.83866696790751],[129.2235425481538,35.838672932595514],[129.22374531167895,35.83868966350785],[129.2237818700212,35.838681574757906],[129.2238779048658,35.83868365921918],[129.2240090789113,35.83870058523195],[129.22418489771854,35.83870778499527],[129.22443606012908,35.838703570101394],[129.22463097009327,35.83869036552557],[129.22494804689612,35.83868307105101],[129.22506559699076,35.83868456479191],[129.22516895923167,35.8386945746085],[129.22554075799923,35.838687302879705],[129.2256307428129,35.83869878825254],[129.2257245872046,35.83869336790494],[129.22598534228297,35.83869185365142],[129.22615911942313,35.83868541841672],[129.22631969005877,35.83869006598563],[129.22648311243407,35.83868548820586],[129.22664279124055,35.83869179531405],[129.22671315413828,35.83871186049405],[129.22683490535366,35.83873118038255],[129.22719801964527,35.83872929126567],[129.22734437120783,35.83873521690876],[129.22761817982402,35.83872725767403],[129.22784883253286,35.838742559279176],[129.22789255229972,35.8387580505335],[129.2280723228615,35.83876521012668],[129.22821516300365,35.83876234512278],[129.22829536889992,35.838748386616544],[129.22865576642883,35.83873696299039],[129.2287571996518,35.838741818212554],[129.22890964974957,35.83875928444959],[129.22914797542012,35.8387598786543],[129.2291522584436,35.838782969595165],[129.22890346529138,35.838775762002825],[129.22865497624255,35.838754854310174],[129.22830811393658,35.83876581978805],[129.22821840838813,35.83878651054332],[129.2279342428631,35.838780025587944],[129.22767845903093,35.83874707989934],[129.22683305122064,35.83875655406705],[129.2266465758026,35.83871892488286],[129.22632490505936,35.83870639590478],[129.2259370162807,35.83870701283083],[129.22560754243494,35.83871413475966],[129.22546028507023,35.83870091757095],[129.2251770501607,35.83871033143694],[129.2250731588963,35.83870113373734],[129.2246383865196,35.838702446539784],[129.2244436025683,35.83872113951106],[129.22430663115688,35.83872888294308],[129.22399254984225,35.83871896530243],[129.2237996721236,35.83869894497989],[129.22375652275713,35.83870511724913],[129.2235285951078,35.838690307454215],[129.2233726766368,35.838690820746336],[129.22321018845915,35.838705026944396],[129.22292219168583,35.83870170960859],[129.22286753860524,35.838694627330526],[129.22268276361658,35.838682710558054],[129.22252421953766,35.8386823533688],[129.22244326930942,35.83867570680048],[129.22242107364127,35.83869835097781],[129.22240412968182,35.83893449180943],[129.22238705747623,35.83899665541991],[129.22237681071957,35.83913333090647],[129.22237645986286,35.83939803790187],[129.22238508721668,35.83957152181466],[129.22237839058434,35.83971916799573],[129.22241055319336,35.83990989462206],[129.22240823368753,35.84001544434621],[129.2223856453808,35.84009621989832],[129.22235488988932,35.84008169419308],[129.22236437493717,35.84006946481451],[129.2223722941276,35.84002342339042],[129.22236629449117,35.83990746148802],[129.22219107183437,35.83988861381685],[129.22212038230705,35.83989445754869],[129.22212025567495,35.83988869878959],[129.22201185318013,35.83988963678703],[129.22205345766048,35.83985289755785],[129.22205681913533,35.839767723201824],[129.22178062723893,35.83978791312494],[129.2215849037195,35.839776213015305],[129.2214962368643,35.839745210126644],[129.22121509309915,35.839595314774],[129.221399636784,35.83948664687726],[129.22155177744054,35.839372098794655],[129.221714535628,35.83923072786422],[129.22182917732383,35.83910881282129],[129.22177345221158,35.83911038401937],[129.22168813904628,35.83913920014571],[129.22162809243736,35.83886261715426],[129.22173326499845,35.83883889279193],[129.22175210678645,35.838764054442166],[129.22177112866657,35.8385301720234],[129.22178587315997,35.83844263353779],[129.22178928597458,35.8383559269482],[129.22175784390546,35.83834499833413],[129.2216117632506,35.838328556804576],[129.2216114980154,35.83822453491285],[129.22158263260283,35.838120601451934],[129.22144374908842,35.83812504654426],[129.22141967190106,35.83811569056272],[129.22127403575934,35.838079654612635],[129.22124834810705,35.83804820286917],[129.22128354206146,35.83794675678865],[129.2213182855095,35.83776629884816],[129.2213287370746,35.8376631405674],[129.22115758407529,35.83763313545419],[129.2210331830468,35.83763919387462],[129.22056565067382,35.83759082074727],[129.22024029676288,35.83749659279371],[129.2201071605558,35.83746542646263],[129.2200483486816,35.837519509360085],[129.2199876803866,35.8376231644098],[129.21990091792296,35.837704362617025],[129.21978788948832,35.83777311713669],[129.2196774575849,35.837807961773066],[129.21953861065967,35.8378660650812],[129.21928353883538,35.83799814631191],[129.21917023174308,35.838086791362706],[129.21910115105737,35.83811789246841],[129.2189506763919,35.83821063319968],[129.21883665521247,35.838155412537255],[129.21861205167377,35.83806385489313],[129.2184805810943,35.83803071902728],[129.21835277284111,35.838021477584704],[129.21789813890265,35.838044062349255],[129.2177951229673,35.838087588973835],[129.2177283685946,35.838140008702524],[129.21764247101322,35.838267717283195],[129.21762387293165,35.838290966958134],[129.21756939616716,35.83834046248711],[129.2173793259981,35.83842024035066],[129.21734779529066,35.838437664096105],[129.2173051220492,35.83846447184131],[129.21726773098283,35.83851676647613],[129.2172808392586,35.838599748149335],[129.2173232965911,35.838726108393686],[129.2173357510498,35.838821023793955],[129.21733195551198,35.838964365550424],[129.21731431712726,35.83906823034043],[129.2172793552641,35.839134814449636],[129.21727657553723,35.83922415142369],[129.21729831837075,35.83928300010838],[129.21726620894464,35.839577307139024],[129.21729049805654,35.83980386500196],[129.2172761792698,35.839854333717824],[129.2172584033243,35.84005054989184],[129.2172538931137,35.84021616280417],[129.2172627414663,35.84041402551251],[129.21725029172364,35.84045579379575],[129.21724917147793,35.84053668305154],[129.21722586788712,35.84058828543743],[129.21721069758146,35.84068407054857],[129.2172010322026,35.84071586599501],[129.21720082749096,35.84075063661068],[129.21722682294376,35.84082244665496],[129.2172205862698,35.84085738131138],[129.21720815136993,35.840884224850996],[129.21730278946217,35.84089687071286],[129.2174014550328,35.84089669348093],[129.2175469588533,35.840907165860436],[129.21766587837215,35.84092675246977],[129.21781411047948,35.84095956161888],[129.21788492016273,35.84096081304449],[129.2179964117114,35.84095150058412],[129.21807548459492,35.840930521183516],[129.21829337654424,35.84088364177374],[129.21844643152522,35.84084209728351],[129.21858639462025,35.84080958875587],[129.2186619096374,35.84076664290811],[129.21872457800998,35.84071303140447],[129.21876594004598,35.8406881451986],[129.2188048011591,35.84068783159186],[129.21874757593824,35.84072421941097],[129.21873643039115,35.8407447249859],[129.2187168873124,35.840750303005464],[129.2187175276362,35.84076187390526],[129.21869022996793,35.84080159629663],[129.21868387002132,35.84082761788278],[129.2186269466017,35.84083671523151],[129.21849580529974,35.84086926195118],[129.2182663576154,35.84093640466111],[129.21801465013877,35.840983074580244],[129.2178485534199,35.841007455153914],[129.21777121144584,35.84113604060404],[129.21776104304544,35.84119042233624],[129.21776937679675,35.84130422626494],[129.2177407614132,35.841303214287],[129.21774151271782,35.841204841441666],[129.21775251669095,35.84112390736687],[129.21779288424852,35.84106276597736],[129.2178236826377,35.84099542317192],[129.21782065068038,35.84097535778025],[129.21755076441443,35.84092273262807],[129.2173002544682,35.84091311580072],[129.21718532197013,35.840902516153875],[129.21714237426397,35.84101244666485],[129.21711874025425,35.84115061473413],[129.21709040873452,35.84113994969859],[129.21708444072786,35.84175941244459],[129.21769137575046,35.84174073407737],[129.2176780942031,35.84137398508156],[129.21771433829323,35.84133914962836],[129.21774925671005,35.841321584509444],[129.21776587183066,35.84132194214538],[129.217766401716,35.84133773110048],[129.21788792174283,35.84136089978428],[129.2179541924501,35.841382095002665],[129.21795050887877,35.84140739072647],[129.2178555245008,35.8413775411285],[129.21773230944717,35.841357899351685],[129.2177110439692,35.841377386601906],[129.2177048012628,35.84146713534525],[129.21771515269236,35.84174117797244],[129.21875300440647,35.84170418432716],[129.21874864200572,35.84178082553735],[129.21797257582898,35.841805081813945],[129.2179772103543,35.841844602308335],[129.21795680048098,35.84184496352531],[129.21795406060463,35.84180613358011],[129.21765854934088,35.84181140610343],[129.21742570332228,35.841822558627385],[129.21742439851832,35.84197005961594],[129.2173837423777,35.84197808169317],[129.217373496681,35.84196731213248],[129.21739813437853,35.84195451517531],[129.21738234751606,35.84182688141604],[129.21726631630142,35.841832046694456],[129.21724841539566,35.84188010647135],[129.21723303067049,35.84188044051797],[129.21723743313183,35.841830314077626],[129.21697764858405,35.84184258658288],[129.21729544325626,35.84311285136895],[129.21716276575117,35.843127419445004],[129.21716667041963,35.843142003477155],[129.21753506829359,35.84310615710715],[129.2175354589163,35.843119585033435],[129.21730356720755,35.84314529080018],[129.21740205093687,35.84353440891525],[129.21741968244316,35.84367680179775],[129.2174292043332,35.8440452427757],[129.2174301763702,35.84444058338327],[129.21714626927687,35.844463110770604],[129.21711560501842,35.84447029468602],[129.21681552766938,35.8444894616068],[129.2168088858045,35.84456713422367],[129.21678534485923,35.84456831197812],[129.2167796890549,35.844494789120816],[129.2166177248467,35.84451929577528],[129.21629690495564,35.8445471865844],[129.21612286161744,35.844533825612075],[129.2159415650502,35.84454402699601],[129.2154028711713,35.84455575709417],[129.21533967913024,35.844515214178266],[129.21533362389678,35.84447383053851],[129.2151563382655,35.84448134688742],[129.21512908849337,35.84449053401265],[129.21484123669353,35.84453664868316],[129.21463137369065,35.84454393369356],[129.214455508456,35.844565280678054],[129.21429569285357,35.84460712946017],[129.21390938999824,35.84461972748162],[129.21394761770364,35.84492488625442],[129.21393168445488,35.844985406325534],[129.21394711239162,35.845470026227204],[129.21399064932072,35.84590208055181],[129.21399540508423,35.84601673816256],[129.2140142877676,35.8462028128613],[129.21402698337312,35.84640987057761],[129.21402218585408,35.84665297316722],[129.21403261915043,35.84676717910757],[129.21404130567868,35.8468033849699],[129.21405114391064,35.846955913096494],[129.21405178354013,35.84709604728227],[129.21404661097029,35.84715710708643],[129.21405220207927,35.84718236823732],[129.21404553740945,35.84722769486073],[129.2140029149683,35.84722593169872],[129.21399243477032,35.84679125947174],[129.2139642683148,35.846233048123345],[129.2139285892893,35.84572995241678],[129.21390884576073,35.845536416861634],[129.21391424562762,35.84552323104187],[129.2139141215176,35.845476690714364],[129.2139035458346,35.84545009549831],[129.21388628788455,35.84496402781114],[129.21390024815213,35.84487759128232],[129.21386305980516,35.84461344654583],[129.21372022437902,35.8442942957961],[129.21372224226326,35.84437002434596],[129.2136877510655,35.8443701213079],[129.213801144572,35.84464883088261],[129.21348471486132,35.84465488716531],[129.2134446911765,35.844497734689654],[129.2132294139853,35.844479530436224],[129.2130801576455,35.84447961309171],[129.21285248600822,35.84446666624955],[129.21285331210993,35.84439837707482],[129.2132983616989,35.84438736288079],[129.2132986685306,35.84438085564361],[129.21348724883381,35.84437588270201],[129.21349790651675,35.844250391856434],[129.2134855471219,35.84422308775705],[129.21337976686675,35.84420505104832],[129.21263033115596,35.8442172843333],[129.21173281215192,35.84425457452762],[129.211733847758,35.84422336242218],[129.2112519066273,35.84423502867864],[129.21057521092,35.84423244979882],[129.21027137337612,35.84418135447048],[129.2101914825435,35.8441583221064],[129.21006914824267,35.84415046832151],[129.2100342373714,35.84415935215276],[129.2100424230609,35.8435737866414],[129.2100323539619,35.8433257349651],[129.21004225053375,35.84291593727134],[129.2100572841704,35.84266302932392],[129.21009153986122,35.84168553664542],[129.21006471327036,35.8409303081333],[129.20996085178757,35.83996847525335],[129.20992851394757,35.839576694503485],[129.2088227341777,35.839289639294286],[129.20885045585976,35.83922401644219],[129.20946657737184,35.83938834930972],[129.20983000460024,35.839478063671386],[129.20982129304704,35.839301340982864],[129.2097528326494,35.83872888587603],[129.20967695607612,35.83788900625625],[129.20955285888576,35.837884759981065],[129.2094574770727,35.83789065703861],[129.2093211504312,35.83791647940114],[129.20932724973434,35.838031315288156],[129.20932321883865,35.83815783088228],[129.20929875458108,35.83825415384678],[129.20926235804703,35.838354498990434],[129.20908285838587,35.83869673484634],[129.20903116780008,35.83867496878947],[129.20914755680036,35.8384901194084],[129.20921113025855,35.83835734537704],[129.2092553314522,35.83824906475858],[129.2092749567149,35.83816462865951],[129.2092819010675,35.83791596145965]],[[129.22232907064762,35.837451369079346],[129.22231936637354,35.83763998269312],[129.22233693390353,35.83764080659895],[129.22233905068785,35.83769770769502],[129.2226772271979,35.837713019863216],[129.22265063435682,35.837602836799945],[129.2226506721049,35.83756459665173],[129.22279576172267,35.83753149698156],[129.22287448311712,35.83752511533245],[129.22287317725807,35.83748136200289],[129.22284101637806,35.837343088228536],[129.22263134733532,35.8373732786031],[129.22256801387908,35.83739272696317],[129.22245721724744,35.837415155585056],[129.22232907064762,35.837451369079346]],[[129.22200122779446,35.836994234694814],[129.22216108629357,35.83696685867069],[129.22216239749605,35.83698471004673],[129.22218061191532,35.836979377243146],[129.2221932839287,35.836955047230326],[129.22228519002044,35.83695777142656],[129.2222901975834,35.836871620648154],[129.22219550900888,35.83687127185569],[129.22219715187,35.83685301850393],[129.22229224839205,35.836852807769716],[129.22228498019774,35.836746239168434],[129.22219185633296,35.83674732048763],[129.22186552703988,35.83683212323065],[129.2216245914524,35.8369103427771],[129.2215085427267,35.836954572397566],[129.22151022207518,35.836997577024896],[129.22186192113807,35.83687297454279],[129.22185694300904,35.836937918812325],[129.22199067649248,35.83693701559883],[129.22200122779446,35.836994234694814]],[[129.21369121183542,35.84035853241893],[129.21365439010395,35.84044711827906],[129.21424782548303,35.84062249793003],[129.21521702250664,35.84094249754022],[129.2152133288214,35.84089006934895],[129.21520131873086,35.840859682262405],[129.21526663508365,35.84086929083067],[129.21526850577357,35.840910573793366],[129.21534253922343,35.84092113991331],[129.2155299678111,35.840930449606475],[129.21573521916096,35.84092409954809],[129.2157368290424,35.840905350665444],[129.21596142071184,35.840900281564316],[129.21627897804294,35.84085415617676],[129.21642868725706,35.840843938692764],[129.2165174145782,35.840832000616544],[129.21656641435027,35.840852073905026],[129.216626687551,35.84086598947509],[129.21669408342134,35.840861452672655],[129.21690729093424,35.84082164095525],[129.21703684991988,35.840825887855104],[129.21715499738335,35.84085475923646],[129.21720190994063,35.84085199832151],[129.21721341387965,35.84082471484074],[129.21718891765968,35.84075882331893],[129.21717955476853,35.84071837397235],[129.21719277515567,35.840691393837396],[129.21718395143256,35.84069473529006],[129.2172162708066,35.84048178385414],[129.21723031175776,35.8399934700444],[129.2172275588301,35.83985564671367],[129.21724936287373,35.839847126799],[129.2172527845436,35.83980680771019],[129.21723839407392,35.83959782448379],[129.21726441207585,35.839408343867845],[129.21727367686483,35.839277745002484],[129.21724691907397,35.839234884494225],[129.21725101771708,35.83912575368457],[129.21729707402994,35.8390565180082],[129.21730496164,35.83883431846673],[129.21728309893882,35.83871073314163],[129.2172445133448,35.83858762846001],[129.21722643036333,35.83850686377804],[129.21714627049832,35.83846076446809],[129.217102987666,35.83846275278456],[129.21698978137633,35.83851614767291],[129.21692794813407,35.838530471265386],[129.2168008382327,35.83859967180373],[129.21674045988706,35.83864044440763],[129.21665595707054,35.83870751361655],[129.21646110129433,35.83879875349331],[129.21642845684622,35.838793233141246],[129.21639021811419,35.838798258407415],[129.21623809425785,35.83884336757831],[129.21622741247683,35.83883075112834],[129.21626653250271,35.838815954779],[129.21638287446532,35.83878807839168],[129.21642367021684,35.83878313867964],[129.21652308997034,35.8387434860342],[129.21662833462702,35.83868856470075],[129.21673009164854,35.838620995958394],[129.2169328014499,35.83851199593296],[129.2170093706243,35.838486875962886],[129.2171076204741,35.83844461130341],[129.2171509123157,35.83844186591835],[129.217212080067,35.83847203816492],[129.2172553818654,35.8384688781489],[129.2174035828726,35.83835717229255],[129.2174707968285,35.8383312396853],[129.21754215506303,35.83832339670918],[129.21760079190864,35.83827739056498],[129.21774330184235,35.83805515608809],[129.21781709157284,35.83801350264848],[129.21833223925276,35.83799228706733],[129.2184832793745,35.83800546110252],[129.2186088138582,35.83803326327214],[129.21888957191464,35.83814702531242],[129.21894941527526,35.83818248941449],[129.21899210348369,35.83816547765617],[129.21915102943606,35.83808315805201],[129.21927133191141,35.83798649723377],[129.21939637077347,35.83792202039104],[129.21940623053936,35.837913179265456],[129.21965131153104,35.83779477887573],[129.2197700549719,35.83775160062016],[129.21989212565674,35.83768671407624],[129.21996352320627,35.83762084705113],[129.22003012209376,35.83751243163586],[129.2200634258408,35.837443677714155],[129.21984535304142,35.837364205274],[129.21974166635255,35.837315690016496],[129.21928996274315,35.83716963261608],[129.21917469959888,35.8371374054293],[129.21892029899882,35.83704026949205],[129.21880768221948,35.83700831655189],[129.2184973866409,35.83696331902018],[129.2184648487226,35.837098313090834],[129.21835400212547,35.837082326699786],[129.21816251322835,35.8370419355468],[129.21803908859223,35.837024187064564],[129.21815968031825,35.8368955954924],[129.21805956658906,35.836874236045595],[129.21797393905217,35.836843991122066],[129.21792005663943,35.836773646380536],[129.21789164609655,35.83671297123739],[129.21784310756854,35.83664183274823],[129.21778060009237,35.83660289404849],[129.2176264300129,35.836695639793994],[129.21750554932194,35.8367954183553],[129.21739983555878,35.83690073026557],[129.21731407079017,35.836966846893716],[129.2170854993932,35.83716181926596],[129.21693686932485,35.837253364530966],[129.21661905359673,35.83742790238271],[129.21642962906563,35.837512697567405],[129.21639592194003,35.83753565863985],[129.2163193103756,35.837618683680276],[129.216300282983,35.83761004765728],[129.21616299352615,35.83763490614708],[129.21591482553038,35.83772253623078],[129.2158362014535,35.83775714934505],[129.21577196780555,35.83780477785242],[129.21574519264908,35.83783729766762],[129.21550757056033,35.837978108956456],[129.21530999286458,35.83810249983774],[129.21528553359508,35.83814435238952],[129.21523456065282,35.83813479066309],[129.2152061314667,35.838149117040594],[129.21514756181588,35.83823717427257],[129.21513403333338,35.83823604472266],[129.21510953430413,35.83826311679196],[129.21509267157325,35.838294014612735],[129.21507337813327,35.83835956083947],[129.21491226930917,35.838500613458905],[129.21481862332442,35.83862581027956],[129.2146218019453,35.838839467583504],[129.21452544860912,35.838970770440206],[129.21447350642296,35.839103941217445],[129.21425276841208,35.83941456981875],[129.21415003526099,35.839577896088656],[129.21401998672656,35.83976275639769],[129.2139233166201,35.839917185410116],[129.21388824817166,35.83996159794788],[129.2138252131341,35.84011120881996],[129.21376098089183,35.84022284306426],[129.21371775877876,35.84033112356699],[129.21369121183542,35.84035853241893]],[[129.21356416963684,35.8425177654919],[129.2135733316006,35.84253324181691],[129.21356894907862,35.84258342216065],[129.2135767477505,35.843176142722825],[129.21355953959932,35.843177687193105],[129.2135593786872,35.84324198267301],[129.2135795938847,35.84325150926152],[129.21358850724297,35.843522805909814],[129.2135804863238,35.843624138618466],[129.21359009074428,35.84380990538634],[129.21379122680062,35.84380576495294],[129.2139444176853,35.8437872889561],[129.21414034896875,35.8437781642143],[129.21445318011004,35.84377715057631],[129.21464190964798,35.84378617994602],[129.21474564220168,35.84380848209289],[129.21487349585686,35.84381896198014],[129.21493691233883,35.84366264467059],[129.21494891109828,35.84359651665462],[129.21494625538483,35.84348529808266],[129.21497220681033,35.8433345719545],[129.21495189229773,35.843263265072075],[129.21494444560344,35.84321058219685],[129.21497478497125,35.84320618427484],[129.214999178395,35.843341499712366],[129.21496527136836,35.84352225161175],[129.2149619096128,35.843672162531206],[129.2149220786233,35.843744828985734],[129.214896578775,35.843824553802655],[129.21505512203422,35.84385795185732],[129.21531490637764,35.843880156319976],[129.21532693938858,35.84378565685275],[129.21532719684595,35.84356404798503],[129.2153069587492,35.84317080543059],[129.21536127927587,35.843168563789185],[129.2153600337189,35.843347806656325],[129.21537356444028,35.843481374895624],[129.21552928503337,35.843519049277546],[129.21553291489786,35.84353111956483],[129.2153806968895,35.843495232441434],[129.2153768553202,35.843833063901094],[129.2153906335867,35.843951598834316],[129.21549253895995,35.8439528503842],[129.2156720562933,35.84391949973381],[129.21574380366903,35.84388979280205],[129.2158481218902,35.84388276627217],[129.21597756497061,35.84388324728491],[129.21598400391446,35.843742262241996],[129.21600613150417,35.84370957946179],[129.21607596227815,35.84370813895806],[129.2161093285798,35.843697363505804],[129.2162484127804,35.843681523392156],[129.2163839432021,35.84370240640486],[129.2164427307737,35.843702346323724],[129.21649058697193,35.84369177917059],[129.21649812146782,35.84372738309635],[129.21652979151375,35.84376073577014],[129.21660531056088,35.843721936972955],[129.21668599836673,35.84370757077644],[129.21704281260642,35.84370062251132],[129.217035993824,35.843516437232836],[129.21705555989175,35.843519060823354],[129.21706291531493,35.84354157888287],[129.2170762151231,35.8438627966284],[129.2170511171212,35.8438652570033],[129.2170421843206,35.843726147042695],[129.21674694613478,35.843720439617805],[129.2166851075563,35.84372610207494],[129.21662658376553,35.84373776990451],[129.2165419904382,35.84377744114233],[129.21650669579202,35.84391037560948],[129.2164819352739,35.84391895475005],[129.2164801752055,35.843910720472856],[129.21644932260884,35.84391778739315],[129.21625462188575,35.843923534011964],[129.215990005408,35.84391979781002],[129.21585584709652,35.843902958519735],[129.2157554550488,35.843904633642424],[129.21567869335442,35.84394256892022],[129.2153849210162,35.843992480696855],[129.2153709934759,35.84406571403553],[129.21537715990561,35.84445359209127],[129.21538119876004,35.844477810504266],[129.21541248533526,35.844512696276304],[129.21549711416085,35.844518701126205],[129.2157632774095,35.84450827701336],[129.21581301032978,35.84451208172246],[129.2158958021392,35.844510023379996],[129.21598483657584,35.8445160470631],[129.21603675274966,35.844508492031906],[129.21604282544692,35.8444658069993],[129.21602881082612,35.8444407502319],[129.21605168699278,35.844439348500195],[129.21606100030928,35.84446143953453],[129.2160616807832,35.844498911905916],[129.21628183492058,35.84451663410838],[129.21647650218307,35.8445061559408],[129.216615428084,35.84449268597326],[129.21669054654583,35.84447745553206],[129.21690582366335,35.844450320707345],[129.21711574548237,35.84444039997015],[129.2171001309671,35.844319209855755],[129.2171203491816,35.84431732601459],[129.21713783621544,35.84441464766486],[129.21719290407475,35.84442648137926],[129.21728672957948,35.844419553547155],[129.21729173756057,35.84437226497617],[129.2172912621397,35.843861707654916],[129.21728164725957,35.84362214559533],[129.21722541305036,35.843371527776775],[129.21708416346885,35.84336817627624],[129.21708412938258,35.84334331084417],[129.2172157271056,35.84333453081945],[129.21683817706187,35.841861312235295],[129.2167737635569,35.84184747629233],[129.21651128362507,35.84186179845694],[129.2163570548859,35.84185912723248],[129.2161015656737,35.84187994303081],[129.2161080996451,35.84198802733938],[129.21609391806305,35.842287087552045],[129.2160825662151,35.84232174287645],[129.21607434595794,35.842495789001724],[129.21624733899017,35.84251537056051],[129.21625855260245,35.842548525545055],[129.2162967599648,35.84273234837113],[129.21625240813367,35.842897077061984],[129.21628237266185,35.8431232102875],[129.2162596253552,35.84312299859454],[129.2162412120119,35.84300593205517],[129.21623384546524,35.84289705616034],[129.21626129719056,35.84280700824542],[129.21624612038673,35.84259300644291],[129.2162256802966,35.84252884690817],[129.21605932577276,35.842516445442804],[129.21605952207653,35.842285211284775],[129.2160699931483,35.842153682129585],[129.2160633446682,35.842122249374505],[129.2159427148512,35.84212573624845],[129.21581891369942,35.84216004240934],[129.21581574872073,35.84213973386983],[129.21594099650437,35.84210418140499],[129.21597043496155,35.842102461553154],[129.21596301223968,35.842075338151005],[129.21599620740915,35.84208347126744],[129.216010315981,35.84210247147867],[129.21606601551966,35.842098803082116],[129.2160859606434,35.84198751711395],[129.21608163940743,35.841879041315124],[129.21587827995117,35.841890084107675],[129.2158463041711,35.84188670738546],[129.21530126391139,35.84191427652596],[129.21530832518218,35.84219110782789],[129.2153149329106,35.84219096989543],[129.2153163469936,35.842214697302595],[129.21530372939253,35.84221502617856],[129.2153273519802,35.84245895262668],[129.21541287834773,35.842462008855634],[129.21547247197853,35.84246979770647],[129.2155305634683,35.84249526272285],[129.2155302604538,35.842514315695304],[129.21541557321544,35.84248040759086],[129.21533211006818,35.84248312470718],[129.21533302676755,35.84267206120073],[129.21546659186035,35.8426913895889],[129.21546276083424,35.84271567609451],[129.21533335983156,35.842693050728506],[129.21532926791966,35.842892324456756],[129.21534661463275,35.84315684659693],[129.21529516280913,35.84315152163797],[129.21528037484538,35.8429577340741],[129.2152659890496,35.84286429099752],[129.2152475696066,35.84286401733867],[129.21524655575885,35.84284506584789],[129.21526741996132,35.84284066668115],[129.2152636170841,35.8426692195833],[129.21527863714033,35.84233907386486],[129.21525317352516,35.842048357754365],[129.21524833551922,35.84191599970703],[129.21509069859346,35.841921984924454],[129.21505448745586,35.84192834902474],[129.21472837817723,35.841940707484916],[129.21473842260488,35.84201701656215],[129.21473679042643,35.8421102357921],[129.214707353096,35.84211238794015],[129.21470338946375,35.84207479480435],[129.2147045576403,35.84194467019111],[129.21416923004347,35.84197113322154],[129.21418572856953,35.842072882235406],[129.21414801243918,35.842083583741186],[129.21414203180245,35.84206154973853],[129.21414994017655,35.84205936373003],[129.21413842036665,35.84197334173399],[129.21402207684864,35.84197362866837],[129.21356361055155,35.84200004316494],[129.21356210587777,35.842141677331064],[129.21357266870817,35.842454708026786],[129.21357116360556,35.84251717634852],[129.21356416963684,35.8425177654919]],[[129.21609063628483,35.84372736345705],[129.2160231677078,35.84372636637663],[129.216007508679,35.84374006629658],[129.21599739180044,35.84388403203173],[129.2160332467677,35.84390129906281],[129.2161096359899,35.84390596631824],[129.21647890663283,35.84389183253953],[129.21648524782145,35.84379288195358],[129.21647330005018,35.84372157839167],[129.21631885594235,35.843718366760044],[129.21624152189816,35.843703958811346],[129.21609063628483,35.84372736345705]],[[129.21357615415482,35.84403002429225],[129.21358593144078,35.8440686706677],[129.21358353442017,35.844099641854015],[129.21360044499778,35.84415255143979],[129.21371758667627,35.84420968214559],[129.21371450685703,35.844212859985454],[129.2137637515271,35.844270317825924],[129.2138905770614,35.84457166101943],[129.21422666785767,35.84456657826306],[129.21449170793142,35.8445126916632],[129.21478055175191,35.84449390197115],[129.21513807992946,35.84444222904771],[129.21532555990186,35.84442636703476],[129.21532433961633,35.844124342272494],[129.2153323063028,35.84399536821415],[129.21532926470974,35.84390554602431],[129.2150365897468,35.84387347728261],[129.21484921938472,35.84383887765243],[129.21463799304738,35.84380755553513],[129.21426139574615,35.84380549215206],[129.2140620908681,35.8438114146084],[129.21381112214624,35.84383227162014],[129.2135897869772,35.84384132350451],[129.21358052248328,35.84387470413856],[129.21357615415482,35.84403002429225]],[[129.21300907462035,35.83376984008423],[129.21289035596791,35.834109397276414],[129.2128329686913,35.834363534014486],[129.21307588268934,35.834333942087554],[129.2131988824202,35.83433121098193],[129.21355220084448,35.83427812619837],[129.21356378119313,35.83425448395833],[129.2135814557695,35.83424178116958],[129.21361009918826,35.83425013929469],[129.21363132935824,35.83426761314052],[129.21379371414014,35.834258881661604],[129.21403686089383,35.834254567490454],[129.21455751432683,35.83421497284209],[129.2146926554018,35.83418752438728],[129.21478868929148,35.83417481757194],[129.2148067711574,35.83414482787404],[129.2147992213861,35.83404500061702],[129.2147215309306,35.83374486846379],[129.2146086399216,35.83341348918516],[129.2145575653952,35.83324472121437],[129.2145227793447,35.83318239823234],[129.21431869845773,35.83315958862787],[129.21425400664083,35.833142345063294],[129.2136232450484,35.83312239782622],[129.21364769120783,35.833267104725856],[129.21363065872686,35.83326731504271],[129.21360057470616,35.8331250785075],[129.21330915707503,35.83310118658364],[129.21323294369546,35.83308792828295],[129.21319329597645,35.83318237722089],[129.21317059688894,35.8332950826922],[129.2130824844081,35.8335648022635],[129.21304874362372,35.83368738683879],[129.21300907462035,35.83376984008423]],[[129.21325545657308,35.83306347370431],[129.21332606854367,35.83307628222567],[129.21359517541583,35.8331007632502],[129.21391468954573,35.833118935948384],[129.21420758582946,35.833124501337295],[129.21424658689344,35.83312823558292],[129.21431224453323,35.833146585981055],[129.21450796110418,35.83315802761221],[129.21430299782816,35.832866925890144],[129.214249439471,35.832783078119945],[129.21416292876978,35.83279295574728],[129.21416008491653,35.832830470881724],[129.21404876581903,35.83282981162781],[129.21393723303675,35.83281957234122],[129.21388850503703,35.832795549981334],[129.21383188442545,35.83278758382996],[129.2137517635243,35.832782299827585],[129.21361767261965,35.832787718778484],[129.2134599540245,35.83277706487183],[129.21334821850732,35.83276128269698],[129.21332529464186,35.83280178931432],[129.21326928293564,35.83297712743978],[129.21325545657308,35.83306347370431]],[[129.21335131550472,35.83274807389751],[129.21361248325846,35.83277989605917],[129.2137427749315,35.832773330221585],[129.2138122701254,35.83277413575575],[129.21389030539305,35.83278172159594],[129.21395872568735,35.83280692583299],[129.21399857741133,35.83281014494197],[129.21406360474924,35.832808074224964],[129.2141417444363,35.83278426010255],[129.21423737307646,35.83276545296927],[129.21418675664756,35.83263517647758],[129.21416258011968,35.832533738300015],[129.21405934795806,35.83251504871886],[129.21391900751678,35.83245105562464],[129.21392267872454,35.8323751186615],[129.21391183056164,35.83233283307062],[129.21367009407243,35.832303455693754],[129.21360245996357,35.83229067816623],[129.21352768198312,35.83228835871477],[129.21347453527304,35.83228808295628],[129.21345028844175,35.8324136701162],[129.2133952799164,35.83259147597197],[129.21352400905087,35.83261753844543],[129.21351413308147,35.83265356989445],[129.21344852919697,35.83262608026896],[129.2133944452546,35.83261472073008],[129.21335131550472,35.83274807389751]],[[129.2131535038874,35.83451427203017],[129.2131444839256,35.83466439137051],[129.2131590845636,35.83469855914085],[129.21326608424326,35.83473460095059],[129.21344525620918,35.83474113459784],[129.21363993058947,35.83475462531236],[129.2136857461587,35.83477762547892],[129.21370843197823,35.834859545238004],[129.2138664344265,35.83481318513341],[129.21386932152,35.83476690076382],[129.21386022283562,35.83470009805139],[129.2138622203794,35.83461073542736],[129.21384293860856,35.83436920703143],[129.2138107746259,35.83429402737365],[129.213782627368,35.83428497445631],[129.21342526106753,35.834318302606945],[129.2130626562264,35.83437544097358],[129.21306231297598,35.83444625291847],[129.21306878440006,35.83447838917098],[129.21312561276264,35.83450581333435],[129.2131535038874,35.83451427203017]],[[129.21172829704582,35.84281764287528],[129.2117312919623,35.84329269984177],[129.21180113353748,35.84330384325766],[129.21194605892123,35.84331184498205],[129.21208430259068,35.84330877286275],[129.2122893051482,35.84329382217726],[129.21247816803702,35.8432952121115],[129.2125711713411,35.84327910566416],[129.21257229799187,35.843148701777565],[129.2125442565249,35.8431514637944],[129.21254714434198,35.84313012612733],[129.21257248531893,35.843127495028426],[129.21256825166228,35.84302522857743],[129.2125844632528,35.84299431425101],[129.21262257207363,35.842964479001765],[129.2126244238603,35.84298241964261],[129.2126355055261,35.8429830400594],[129.21260958269042,35.842999993061746],[129.212606271387,35.84327920622886],[129.21277927762287,35.84325753351397],[129.2130045598935,35.84323901304827],[129.21324938020737,35.84323350783638],[129.21351364809104,35.843248570395765],[129.21351628853913,35.84318013380217],[129.21348512086055,35.84318109905375],[129.2134819269454,35.842638074320604],[129.2133390975831,35.84263533405282],[129.2130916132065,35.84265814814366],[129.21310465089957,35.84264925688137],[129.2131848129694,35.84263715609799],[129.21335038305878,35.84262520212742],[129.21348506305554,35.842622792594064],[129.21347767059277,35.842003574489375],[129.21321704478603,35.84201210917428],[129.21318004838676,35.84201878051882],[129.21301175525298,35.842021888767306],[129.21253682141167,35.842041262528845],[129.21243306487835,35.842038065016695],[129.21239993626654,35.84204238608031],[129.2123795871877,35.84213682778171],[129.21235688818984,35.842133848425824],[129.21237366346634,35.84204411752751],[129.21226216271938,35.8420507841257],[129.2122659910497,35.842138081545386],[129.21223076835352,35.842145821974746],[129.21222522290682,35.842053777975146],[129.21212113685473,35.84205154510957],[129.21200196988764,35.84205572843953],[129.2120937608097,35.84231844434407],[129.2121101303107,35.84233468322501],[129.21208023075334,35.84234208982997],[129.2120408962763,35.84226412849069],[129.21198338527537,35.84205570691964],[129.21172925822833,35.84206488490774],[129.2117303508596,35.842294368406485],[129.21172536908733,35.84237795908975],[129.21183317770917,35.84237294874023],[129.21183369168222,35.84239992226646],[129.21172713914714,35.84239856759087],[129.211721176035,35.84248779280454],[129.2117457182029,35.8427990778087],[129.21176449493615,35.84281730428687],[129.21185318205764,35.84281000215073],[129.2119424292309,35.8428177768873],[129.2120745697533,35.842800890287734],[129.21215915621605,35.84278328480754],[129.21222944805965,35.8428057829416],[129.21225501370967,35.8428211675108],[129.21244134972514,35.842779986868905],[129.21249487567508,35.84278289405774],[129.21245887987638,35.84279138394884],[129.2124573673112,35.84283464662228],[129.21243383666075,35.842835363868154],[129.21243313401206,35.84279573712265],[129.21226232051393,35.84283421381294],[129.21222052545264,35.84283049284925],[129.21216895443152,35.84280505085147],[129.21208578742315,35.84281947243708],[129.21203923945777,35.842835046497775],[129.21184801342125,35.842835363372004],[129.21174455356257,35.84284849540508],[129.21172829704582,35.84281764287528]],[[129.21173409655475,35.84366335214006],[129.2117301558267,35.84417918058541],[129.21208385344693,35.84415216362632],[129.21268011922962,35.84413763447759],[129.21278847599683,35.84412140174086],[129.21284254409628,35.844123875219374],[129.21299556976422,35.844117901062006],[129.21306158267691,35.84412917665638],[129.21321084290855,35.844134970169094],[129.21349823379703,35.84412797447148],[129.2134982501526,35.84380554317801],[129.21348687105638,35.84354346166298],[129.2134847470561,35.84326940421685],[129.2132323188481,35.843252806631945],[129.21299367119454,35.84326105877098],[129.21269257885493,35.84330520885237],[129.21270610203382,35.843533643016606],[129.21267662066376,35.84353192838141],[129.21266854099883,35.843306720136034],[129.2123853077321,35.84331099378592],[129.2123819455932,35.84332879036734],[129.21238607908654,35.843401667224136],[129.21239923348318,35.843466047482266],[129.21242618803115,35.84347914941203],[129.2124419042246,35.84352026389839],[129.2124915122308,35.8435649599275],[129.21253494090863,35.843587685294835],[129.2125944387338,35.84358834684914],[129.2126564372892,35.84367637117836],[129.212675902456,35.84381216439323],[129.21268139730708,35.843914104160085],[129.21265020682688,35.84379800584546],[129.21263081612452,35.843686113651636],[129.2125871269615,35.843631953168554],[129.21256010073984,35.84361689568815],[129.21253464161092,35.843616769166175],[129.21247463182473,35.843569090255336],[129.2123877442587,35.84348293003943],[129.2123688189648,35.84347141823651],[129.2123512161391,35.84331552381369],[129.21204543152763,35.84333932126353],[129.21187338979598,35.84334074915185],[129.21189165166473,35.84350344693119],[129.21189244667048,35.843582331975675],[129.21186315101437,35.84359226096923],[129.21186756444035,35.84349048406172],[129.21184226775682,35.84334645447416],[129.2118066073248,35.84333115958701],[129.21173131646913,35.84333134541219],[129.21173409655475,35.84366335214006]],[[129.20952539645177,35.83416596464944],[129.20950368439526,35.83416704768394],[129.20948060045805,35.83471535509031],[129.20960199381028,35.834694803687064],[129.20962088721538,35.83467387094236],[129.20973312529566,35.834644043357216],[129.2099113596466,35.834635037307024],[129.20996199873906,35.83461961918459],[129.21024541910654,35.8345886558894],[129.21085865851316,35.834540588833804],[129.2109933135115,35.83454225581219],[129.21114394110882,35.834553015442964],[129.2111669205214,35.8345414213069],[129.2112053827423,35.83444112599938],[129.21120285377233,35.83447267422053],[129.21121018288858,35.834477735477854],[129.21118254569657,35.83454466558814],[129.21153188031903,35.83452872526053],[129.21177396875711,35.83450047125936],[129.21223636566086,35.83443213050579],[129.21236908534027,35.83443443922554],[129.21244780954717,35.834413229799004],[129.21257605110898,35.834400468210944],[129.21279791242782,35.834386811900146],[129.21284507696825,35.83424257376166],[129.21286148293103,35.83411039437576],[129.21298584153652,35.833727368928244],[129.21313934089764,35.833303014681476],[129.2131573130721,35.83321073089502],[129.2131740429171,35.83316742331662],[129.21320134385599,35.83306638094693],[129.21311276141572,35.83304645707001],[129.21305099034447,35.833062022293376],[129.21304630941384,35.83304559169981],[129.21312582531914,35.833031356122426],[129.21320794491794,35.833047352904764],[129.21323395734282,35.83299040203602],[129.21325998580843,35.83289785168478],[129.21314619550378,35.832896042347066],[129.21314001470688,35.83287745139375],[129.21326692126533,35.83287556051781],[129.2133061167099,35.83275261476395],[129.21336061269483,35.83260670516167],[129.2132706386995,35.83257938457382],[129.21322027780676,35.83257381344548],[129.2131073609064,35.8325714798053],[129.21311194795024,35.832556727247145],[129.2131405190866,35.832554784305415],[129.2132719990971,35.83256238456567],[129.2132781225936,35.8325469173046],[129.21332407211162,35.83257086369821],[129.21335594324518,35.83257795444531],[129.2133847646449,35.83251195903132],[129.21341221194433,35.83241203389789],[129.21344102384637,35.832246792621476],[129.21322424913862,35.83222317438483],[129.21300433620124,35.83218885440674],[129.212867265284,35.8321719717778],[129.21281025791617,35.8321807240477],[129.21264349944636,35.83222890066495],[129.21268866280406,35.832328022110474],[129.21270509592352,35.83234811818715],[129.21274880388646,35.832344886982675],[129.212752529702,35.832385157382724],[129.2127792955105,35.832399431222804],[129.21276913157448,35.832414626173986],[129.2126987180226,35.83238455799954],[129.21268635619336,35.83244323319983],[129.2124787522769,35.832418164513115],[129.21247840531058,35.832404159667036],[129.21252931217467,35.83241535396002],[129.2125750993793,35.8324115603913],[129.21266287364986,35.83241500219007],[129.2126785246653,35.83237801434644],[129.21267293362772,35.83233968491328],[129.21261880959705,35.832242057257154],[129.21255934605324,35.83225531998274],[129.21245431538526,35.83233458925555],[129.21241631629857,35.83235381656845],[129.21239061167242,35.83238084516208],[129.21232683542553,35.83253776588705],[129.212258029728,35.8326636743042],[129.2121430865947,35.83282434373032],[129.21209351035756,35.832881191460366],[129.21189426908563,35.83316502020154],[129.21187132472323,35.83316454665508],[129.21207362096118,35.832876620915364],[129.21208896207352,35.83285624376598],[129.21212350932353,35.83282480163192],[129.21217864284642,35.83275593947164],[129.21226409743898,35.83262703678519],[129.21230822893,35.832528632795004],[129.2123620047325,35.83237760578956],[129.21221645749623,35.83238224116315],[129.21198445367742,35.832408811076554],[129.21175319366176,35.83249503310732],[129.2117252888996,35.83250205761458],[129.21167970868112,35.83252981478686],[129.21159190603262,35.83256601839267],[129.21136586100658,35.83261978549101],[129.21124744161614,35.83263774689354],[129.21110674458743,35.83268566860146],[129.21096957856437,35.832746462879825],[129.21086771247718,35.83276732412315],[129.21058256478207,35.832803861626694],[129.21035212895805,35.83281706910876],[129.21011100793115,35.8328157034292],[129.20999152498067,35.832825013422486],[129.20998310612262,35.83280944538209],[129.2098330515021,35.832800629998715],[129.20972944643316,35.83281263398587],[129.2095622321645,35.83281462696897],[129.20953762392529,35.833431639576695],[129.20952539645177,35.83416596464944]],[[129.2111345752733,35.83557857495211],[129.21113731529064,35.835652463781436],[129.21110048665045,35.83582704635623],[129.2111049891011,35.83593139440793],[129.21113722142064,35.83605850475997],[129.21113722694568,35.83613632780969],[129.2114617454808,35.836091915373295],[129.21167837293575,35.83601814778807],[129.21202309763873,35.83594320915898],[129.2123263332069,35.835845180174225],[129.21247008910044,35.83578444490346],[129.21254499790584,35.835726281792624],[129.21258373587216,35.8356887397202],[129.21254411807485,35.83548184591674],[129.21254414451934,35.83537482225617],[129.21259510996595,35.83519433823936],[129.21262436094673,35.835118617775535],[129.2126254118507,35.83499727142174],[129.21265173361374,35.83484782470432],[129.21271998984585,35.83458096132116],[129.21276209112733,35.8344555051902],[129.21276105670452,35.834403477751785],[129.21269340587284,35.83440171304442],[129.21263004419333,35.83441053948266],[129.2125361057466,35.83441649953171],[129.21238479679113,35.834453545227895],[129.21224276155064,35.83444838688202],[129.21210930697862,35.834469538890964],[129.21193116786833,35.834505991145456],[129.21176959756366,35.83451746750124],[129.21155071651324,35.83454927692575],[129.21118766313694,35.83455885137229],[129.21114213279247,35.83456401386767],[129.21112917721638,35.834607909397725],[129.21112084461907,35.83476833770931],[129.21109177185232,35.8351016622426],[129.21109111377774,35.8352133464829],[129.21110036892586,35.835382567353605],[129.2111345752733,35.83557857495211]],[[129.21172918572753,35.841366268511976],[129.21172012098341,35.84172724738382],[129.21172741270684,35.841986317117424],[129.21267619214035,35.8419506042292],[129.2126567623281,35.84164840401079],[129.2126175934631,35.8416497255716],[129.21262993710542,35.84156276024351],[129.21263761540015,35.841361001811315],[129.21257577303697,35.84136047958147],[129.21258817027655,35.8411767739186],[129.21260434681608,35.84117454644937],[129.21262589338048,35.84108107594235],[129.21270790660952,35.84107473121544],[129.212721143445,35.841007438601494],[129.212716850738,35.84091214790331],[129.21272403433426,35.8407827427183],[129.21253545816094,35.84076616658274],[129.21230573546222,35.84077718653754],[129.21223180247594,35.84090064335775],[129.21213405521772,35.84103465045868],[129.21210946199056,35.84107704333281],[129.2121411351032,35.84109590506707],[129.21218076119348,35.841104343404574],[129.21241401162166,35.841091758332375],[129.21247689746284,35.841068422709554],[129.21249429000463,35.84109487091534],[129.21242721552736,35.84112062925132],[129.21230953933875,35.841135508112934],[129.2121624507143,35.84112837581075],[129.21207734252616,35.84110287539176],[129.2120326513505,35.84116310316781],[129.21197526159585,35.84122230771902],[129.2119204635115,35.84126119351526],[129.21172918572753,35.841366268511976]],[[129.21195821686936,35.82894027071393],[129.21212715349208,35.82898589357144],[129.2123123143919,35.82905656057582],[129.21246625080832,35.82912126174291],[129.21249436733802,35.82908600946336],[129.21255640508377,35.828879721006466],[129.21258416707852,35.828706469545985],[129.21260951842163,35.82861756151965],[129.21264491028847,35.82842111641976],[129.21265780434885,35.82837975331155],[129.21266449411857,35.82829405046466],[129.21263956074665,35.828231529317655],[129.2125791279542,35.82817855169571],[129.21238947500152,35.82804069557774],[129.21227673476827,35.82797718380786],[129.2121935069026,35.82791667544286],[129.21211694996953,35.82784265456449],[129.21203607496437,35.82780133864681],[129.21197837499,35.82778135079006],[129.21192884243436,35.82775300300587],[129.21187210660318,35.82770833711191],[129.21174502325573,35.827623319017626],[129.21168389496478,35.82762514733087],[129.21165542734724,35.82764470923404],[129.2115866806541,35.827707845013755],[129.2115811222114,35.827820114761586],[129.21161590689104,35.82816915415711],[129.2116277868588,35.82857411122834],[129.2116404015666,35.828661645855284],[129.21163528367796,35.828806684358476],[129.21164110727014,35.82886214626713],[129.21195821686936,35.82894027071393]],[[129.21256509068047,35.840712517160036],[129.21264537685684,35.840338718217176],[129.21172955848544,35.84010659290028],[129.21173759387304,35.840555248508714],[129.21173292446275,35.84134019193516],[129.21189985754384,35.841250126188996],[129.2119790149548,35.841180816578465],[129.21205421643873,35.841084764727896],[129.2121936904502,35.840891283106274],[129.21228903857843,35.84073332491921],[129.2123202410256,35.84073330623113],[129.21231439658467,35.84074996258484],[129.2123519990437,35.840759188504904],[129.21253131902498,35.84075238923253],[129.21256509068047,35.840712517160036]],[[129.21009316188005,35.84288836076633],[129.21008531858132,35.84316488701185],[129.210076241907,35.843253621852504],[129.21007709796964,35.84337342357441],[129.21014220479816,35.84337723999539],[129.21024574652844,35.84336964287615],[129.21041540033602,35.843365094130796],[129.21041810688186,35.84332506489797],[129.21043460039758,35.84332533363312],[129.21043914197054,35.84333080533822],[129.21043722098875,35.84336226231495],[129.21060886646748,35.843353221606755],[129.21098192406646,35.8433107267693],[129.2109603914502,35.843090525759806],[129.21092321799546,35.84306800521887],[129.21095006094433,35.84306406503137],[129.210975485285,35.843080495569005],[129.21101074575765,35.8433099735448],[129.21119114082612,35.84329872671094],[129.2114069899298,35.84329171664219],[129.21159687949125,35.84329626955652],[129.21159240767116,35.84230998499747],[129.2114376038048,35.84231615874641],[129.2114570365242,35.842285166840234],[129.21159522859708,35.84227998644982],[129.21159477444158,35.842183328130176],[129.2116924267021,35.84218863695725],[129.21169077699562,35.84214651539526],[129.21167863855973,35.842072543961734],[129.21081720445227,35.84210522186931],[129.21084299096105,35.84223432614468],[129.21082908743608,35.842351873428804],[129.21082003449544,35.84235240291184],[129.21079872632453,35.84210360476732],[129.21054466245513,35.8421158804427],[129.21055602950142,35.84215781387847],[129.21059061037664,35.8422048981246],[129.21062245151276,35.842262432621624],[129.21062706186913,35.842302557282174],[129.21052670015126,35.84238256467342],[129.21044436036274,35.84241691033289],[129.21039409458075,35.84245412924591],[129.2103775011819,35.8424410268719],[129.21041160038533,35.84240151084731],[129.2104448258272,35.8423791471287],[129.21049297670527,35.842375422340204],[129.2105305168968,35.842343831300994],[129.21059115430285,35.84230670243369],[129.2106047848623,35.84227901032499],[129.2105720335815,35.84220786852443],[129.21053677562332,35.84217693585984],[129.21053108555262,35.84211761643719],[129.21048548457685,35.84212283288206],[129.2103651219671,35.8421227898038],[129.21016367670305,35.84213410800144],[129.21013944857404,35.84235024290394],[129.2101197139957,35.842447918644346],[129.2101213737571,35.84247728751558],[129.21010933969094,35.842603258159365],[129.21010231356567,35.84285365575108],[129.21040092394122,35.84288461766749],[129.21042367015332,35.842956191477626],[129.21045972658246,35.84296648414844],[129.2106123136903,35.84293336812892],[129.21073157792543,35.84291511748733],[129.21077703381957,35.84293877726414],[129.2107933193057,35.84295258309328],[129.2106445987627,35.842944856957935],[129.21051632566665,35.84298892598254],[129.21041026322936,35.84299747402983],[129.21037077945576,35.842904290290825],[129.21009316188005,35.84288836076633]],[[129.21016893455902,35.842058105426915],[129.2108373359634,35.842024164378465],[129.21083371752033,35.841990869475154],[129.21084345073865,35.84198807666712],[129.21085507282916,35.84202170911372],[129.211589632218,35.8419920737399],[129.2115918123153,35.841824013742716],[129.21150286524184,35.841820474095734],[129.21152422801208,35.84179948268437],[129.21159200054348,35.84180305032611],[129.21159117443807,35.841074273500354],[129.2115987667375,35.84048636538442],[129.21159541487995,35.84007157057711],[129.21122176693774,35.83997222048202],[129.21116294233445,35.839961372934496],[129.21074158400347,35.839851262529464],[129.21066492725632,35.83983584940759],[129.2103408490923,35.83975444430361],[129.20997291360234,35.83969665509139],[129.20999888309927,35.83996840927169],[129.2100242464703,35.84013961193233],[129.21005730570317,35.840536086882864],[129.21006265245765,35.84066316297141],[129.21008965187443,35.84094755984686],[129.21010514381734,35.84105586328682],[129.21011498259404,35.84141043426388],[129.21022574510604,35.84141377482238],[129.21016893455902,35.842058105426915]],[[129.21052649822838,35.84396345740763],[129.21048427111052,35.844107451380765],[129.21047386114677,35.844168835612145],[129.21064755506788,35.84417624811338],[129.2108416678061,35.84416960133881],[129.21097533124404,35.844183689263836],[129.2111375003891,35.844160938278414],[129.21159863603734,35.844180501130076],[129.2115970555152,35.843329435260294],[129.21141326236832,35.843332325036634],[129.21142040704447,35.84345609928458],[129.21143812657618,35.84351835373511],[129.21140309345057,35.8435688939659],[129.21139472882305,35.8435912505716],[129.21131539382716,35.843623653885516],[129.21129586311923,35.84360917785739],[129.2113776013131,35.84357723900897],[129.21139475174323,35.8435243326983],[129.21138588999003,35.843337005277604],[129.21130542668203,35.84333176533116],[129.21117709694647,35.84333338626756],[129.2111789559887,35.84336681941033],[129.21114660482368,35.84336816464586],[129.21114149474903,35.843335962874995],[129.21096562195797,35.84334115436159],[129.21095248207942,35.843441819888696],[129.21095658803833,35.84359312364361],[129.21092158266913,35.84358698405543],[129.2109271101714,35.843352748480704],[129.21070735635604,35.843373490528634],[129.21071717200778,35.84339358934582],[129.21068003877252,35.843394843644404],[129.21066945226124,35.84338046910558],[129.21059829542043,35.84338268385042],[129.2105918897902,35.84340081914088],[129.21056248469625,35.84340282601782],[129.21056723185728,35.84338962345386],[129.2103508642687,35.843397435028876],[129.2103410742403,35.84347996151085],[129.21032527768355,35.84347955636421],[129.21032390684942,35.843399987355944],[129.210074960845,35.8434069357713],[129.2100783279622,35.843458481445055],[129.21007452199336,35.84411019113421],[129.21016310091008,35.844120131348866],[129.2102987021872,35.844147248739844],[129.21042624616842,35.8441620598969],[129.2104597546535,35.844091190401066],[129.21050022555957,35.84394016961461],[129.21054812104268,35.84383876774608],[129.21065239547622,35.84385285308247],[129.21073543155032,35.84387235577641],[129.21077099781067,35.84386864377643],[129.21076141553334,35.843903701073806],[129.21066519677012,35.84388021979489],[129.21055994283262,35.84387251702556],[129.21052649822838,35.84396345740763]],[[129.20962627378117,35.83592683560563],[129.20967337374498,35.83638232760842],[129.20984714093186,35.83633962258609],[129.20995171659465,35.83633726921611],[129.21002955483715,35.836323354036985],[129.21011939028364,35.83633038108812],[129.2101834731918,35.83632155472087],[129.21052555374763,35.8362586566844],[129.21059606987782,35.83623824683909],[129.2108903466482,35.83618784116463],[129.2110940602324,35.83613996304862],[129.21110303090035,35.83606635121213],[129.2110755094688,35.83594188231467],[129.2110728326649,35.83582888807681],[129.2111073262125,35.83565858151536],[129.21110364496246,35.83556346985445],[129.21107087085835,35.835369136076665],[129.21106190021098,35.83525756776834],[129.21107102571568,35.835053481465025],[129.21109346664971,35.83476557355709],[129.21109972607061,35.83455750870145],[129.21092063804028,35.83455320651438],[129.21068429504615,35.834569471161984],[129.2100053846391,35.834632368727235],[129.2099192266293,35.83465534688816],[129.20968584294096,35.8346691800735],[129.20966455337015,35.8346752823769],[129.20961105901878,35.834703539142154],[129.20948299920806,35.83473542181306],[129.2095604914223,35.83506429858935],[129.2096015329338,35.83546763673788],[129.20962627378117,35.83592683560563]],[[129.21022356307105,35.836495354512365],[129.21026979170352,35.83659573669849],[129.21042804817733,35.83658086138715],[129.21042370794555,35.836597154544926],[129.21027557662742,35.83661545504037],[129.21027584153575,35.83666164371157],[129.21032265947753,35.83673765501456],[129.21034890436096,35.83675548121923],[129.2105749988054,35.83673690982936],[129.21071444505114,35.836753556587155],[129.21075269527302,35.83660984855127],[129.210861948772,35.836593228447164],[129.21087891012627,35.836489861416155],[129.21088492478808,35.836415840174546],[129.21089811763343,35.83635256736547],[129.21089926726808,35.83620882477838],[129.2106229090832,35.836246401524],[129.21031633518234,35.83631363625122],[129.2101838677259,35.836374998243194],[129.21022356307105,35.836495354512365]],[[129.209733973397,35.8372259380606],[129.20974600801136,35.83723575886995],[129.2097578497641,35.83733693985202],[129.2097894237851,35.83733561436487],[129.20982909966958,35.837321576193936],[129.2099337204922,35.83726406618316],[129.21004450089993,35.83722993286189],[129.21008636037507,35.83719177333269],[129.21010472755907,35.83715145551854],[129.210213004476,35.83715886505863],[129.21024859893416,35.83716704968149],[129.21035146208644,35.83716967384415],[129.2105817030819,35.83722505191261],[129.21060531223134,35.83717895689404],[129.2106556132848,35.837029982646165],[129.21064892403717,35.836982038707845],[129.21068104161793,35.83685054431589],[129.21066832294954,35.83681627384231],[129.210665033605,35.836785952461014],[129.21069350824527,35.83678459608122],[129.2106979879862,35.83676665338156],[129.21058211041918,35.83675181316565],[129.21044617075705,35.83676393711215],[129.2103684509661,35.83678095265932],[129.21034000814473,35.83677755931246],[129.21033197496055,35.836765748855356],[129.2102921661587,35.836733147667765],[129.2102655685699,35.83667785704519],[129.21025301856585,35.83661494446554],[129.2102043826761,35.836499785931764],[129.21017701256412,35.83643684500465],[129.2101224817164,35.83634015429894],[129.20996540764827,35.83635415294268],[129.20985795414686,35.83635645723922],[129.20977556909477,35.83637545423313],[129.20967731643853,35.83640445551252],[129.20969135350572,35.83661732479451],[129.2097455085188,35.83661268865385],[129.20982542055216,35.836583277502385],[129.20987539414125,35.836698037318634],[129.20990168657727,35.836780636472334],[129.20988267109274,35.83678044413497],[129.2098618779408,35.83670147649754],[129.20984339205228,35.83666677432166],[129.20981606306853,35.83664911211059],[129.2097554559566,35.83664127713346],[129.20969187565524,35.83664772309815],[129.209733973397,35.8372259380606]],[[129.20974088916105,35.8374835667704],[129.2097635435172,35.837503886775934],[129.20980940485805,35.83787019293411],[129.21003323741553,35.83786999398121],[129.21033483867822,35.83787947411212],[129.2103636546771,35.83785196290818],[129.2103792433462,35.83777771777932],[129.21046745182832,35.83753936373311],[129.21055508005455,35.837244574270095],[129.21021974699713,35.837180762766174],[129.2101390721345,35.83717263838682],[129.21010597292232,35.83720437483109],[129.21008520869853,35.837233827715636],[129.21005578845686,35.8372503266137],[129.20994121431733,35.83728971180812],[129.2098329599964,35.83735026534126],[129.20972788696415,35.83736186630919],[129.20974088916105,35.8374835667704]],[[129.20955589340866,35.827139154396576],[129.20958099524594,35.82727150497249],[129.20959501605162,35.82734750136735],[129.20962008300694,35.82763861534558],[129.2096302120083,35.82763842041956],[129.20967076793747,35.826406705564835],[129.20968288984957,35.82631499109724],[129.20970323634404,35.82626221453074],[129.20973974097677,35.82619283592341],[129.20942393423945,35.82596429320668],[129.20919239061013,35.82582514354891],[129.20861177378447,35.8255362394498],[129.2084762367946,35.825508669282975],[129.20847557966997,35.82556672012379],[129.2084882092887,35.82566151920561],[129.208515045479,35.82575093135971],[129.2085427560051,35.82575513754034],[129.20855036710793,35.82583931047237],[129.20858352349472,35.825975982439196],[129.20862790049273,35.82602281618531],[129.2088618648478,35.82634819765696],[129.20891744010595,35.826415695725515],[129.20901529404807,35.826510212436816],[129.2091063390354,35.826582263581805],[129.20938378153375,35.82682024650172],[129.2094263006387,35.826875708148165],[129.20947705103347,35.826930245269835],[129.20955589340866,35.827139154396576]],[[129.20931275780987,35.83745706308885],[129.20930168115476,35.83754718032914],[129.20929653011564,35.837821376890425],[129.20931068549228,35.83789741801161],[129.20943939753718,35.83788022479856],[129.2095308257821,35.83787348742354],[129.2096733511447,35.83787333073094],[129.2096343692111,35.837437075509605],[129.20960269762367,35.83746462753601],[129.20931275780987,35.83745706308885]],[[129.2093555130287,35.836875348603556],[129.20934306849722,35.83694171123765],[129.20933360870086,35.83721035455987],[129.20948592267146,35.83723352356962],[129.20963065654226,35.83721913234947],[129.2095858713128,35.83664565357216],[129.20956425537213,35.83661598575537],[129.20954826346878,35.83644274786601],[129.20942638850784,35.83646214644474],[129.20937572747624,35.83648661294057],[129.20935587655325,35.836501319650345],[129.20934811670014,35.83653482357332],[129.20933908640717,35.83667108136099],[129.20934287032316,35.83676814859941],[129.2093540152174,35.83685274781095],[129.20939681487195,35.83686096528658],[129.209395188345,35.83687811891328],[129.2093555130287,35.836875348603556]],[[129.20961663773494,35.83726324584073],[129.2095802691771,35.837263786483526],[129.20941134916197,35.837243431192086],[129.20932541259734,35.83723788393613],[129.20932567942762,35.8373359396123],[129.2093192975246,35.837426751712634],[129.20947193166938,35.83743673487924],[129.2095796353406,35.83743642225801],[129.20961399359985,35.83741623781984],[129.20962899941148,35.83739404105078],[129.20961663773494,35.83726324584073]]]},"properties":{"reg":"역사문화환경 보존육성지구","key":"reg_boyuk","note":"고도보존육성 특별법","parcels":386,"area_ha":16.9,"parts":1,"source":"V-World 토지이용계획 속성(getLandUseAttr) 포함·저촉 필지 합집합(접함 제외) — 지정 필지 외곽, 법정 경계선 아님"}},{"type":"Feature","geometry":{"type":"Polygon","coordinates":[[[129.2092749567149,35.83816462865951],[129.20928299743176,35.8380265430815],[129.2092819010675,35.83791596145965],[129.20927570194328,35.83786892686709],[129.20927238298108,35.83751297443001],[129.2092747361545,35.83745612844592],[129.20929351735757,35.83738764593955],[129.20929982245275,35.83730981199087],[129.20930531871022,35.83718497017306],[129.2092972391512,35.837163822764374],[129.20931802125622,35.83694167344336],[129.20931641242422,35.83659217996737],[129.20932073327012,35.83653017541312],[129.2093278399261,35.83651357108501],[129.20933410166128,35.8363639885744],[129.2093327304721,35.83621170649424],[129.20937702971324,35.836205158886514],[129.20937620942192,35.83631922268498],[129.20938440396802,35.83644386059064],[129.20944409680686,35.83644072009556],[129.20956314278703,35.83641455799902],[129.20950977358842,35.83593157061174],[129.20947323091957,35.835475041824154],[129.20944844370499,35.83526486779461],[129.2094601857746,35.83499732896675],[129.20948885825774,35.833320734820624],[129.20954946338043,35.831972212781665],[129.2095924307021,35.83114283322206],[129.2096265261419,35.83008222557536],[129.20966965401126,35.82915396002855],[129.20969366505582,35.82770752518442],[129.20959908338935,35.82771003224882],[129.20953014121082,35.827228251762556],[129.20952286242854,35.827148891028685],[129.20950754559294,35.827085108841295],[129.2094735897737,35.827007596776355],[129.20940839319613,35.82689210587943],[129.20931252843727,35.82680110995469],[129.2089969642198,35.82655565821775],[129.20882483549653,35.826373586747415],[129.20866818893163,35.82614009889397],[129.2085732172807,35.82602160359762],[129.20853837295638,35.825955124119986],[129.2085065318234,35.82580073124056],[129.20846909432152,35.82573280518915],[129.20845251130186,35.82561567085116],[129.20845309221696,35.82555383487927],[129.20844363546698,35.82550892369823],[129.20844554432628,35.82549395961057],[129.2084785014601,35.82549435348433],[129.20862405929378,35.82551984251008],[129.20900538616058,35.82570977271739],[129.20921011759006,35.825816010258286],[129.20943479331942,35.8259398955267],[129.20988870304487,35.826266840971044],[129.21045943581356,35.82669490046445],[129.2109902629023,35.82700311509112],[129.21135224828467,35.82734915946028],[129.21146364022846,35.827430798654206],[129.211582887037,35.827507178722406],[129.21175688070937,35.827600000892126],[129.2119980020943,35.827766707109696],[129.21206446404187,35.82779395271494],[129.21213940661582,35.82783922649782],[129.2122119766079,35.827903782187065],[129.21240568364024,35.82801814483204],[129.2125994451494,35.828152866361954],[129.21269747784623,35.82822885898366],[129.21273040271376,35.828300162298],[129.2126625115805,35.82842713289978],[129.21264981058022,35.82849124328295],[129.21263833842667,35.82860565040835],[129.21260718832585,35.82871974060927],[129.21258166623485,35.82885283734278],[129.2126449733025,35.82885430332803],[129.21276635137184,35.8288734128725],[129.2127608021197,35.8288925201673],[129.21264321173527,35.82886611283038],[129.21258095760072,35.82886942163299],[129.21255007235882,35.82900419509306],[129.21252152945056,35.82908320394106],[129.2124960519466,35.8291370894942],[129.2126785879109,35.829202551300845],[129.21282527033202,35.82923590116795],[129.21290851290638,35.829263702603406],[129.21304238705352,35.82929975145464],[129.2131826689577,35.82933156199646],[129.2134205037484,35.8293995659279],[129.21352819474484,35.829436020904645],[129.21379906164145,35.829502622937525],[129.21390495260283,35.82952381354051],[129.2139707385905,35.829525031107075],[129.21393961952924,35.82954638271237],[129.2137792407341,35.82951933111818],[129.2136821138417,35.8294977283804],[129.2131999590799,35.82936616667041],[129.21306111347403,35.82933347039337],[129.21266189384576,35.829221561010144],[129.21250319379809,35.829163537726906],[129.21213404256446,35.82900887244795],[129.21185504499863,35.82893407948648],[129.21123923914848,35.828801932618205],[129.21093353177926,35.82874141490068],[129.21084724936142,35.8287187184777],[129.21083044348478,35.82869107028581],[129.2109170053032,35.82871902954893],[129.21099363546827,35.82873680388367],[129.2112147381482,35.82877719093049],[129.21156754376636,35.82885328938547],[129.21162418152215,35.82886050854406],[129.21161944126075,35.828800376252495],[129.21162301784096,35.82865838667823],[129.21160963183902,35.82856793333955],[129.2116118653794,35.828390860345706],[129.2116023071454,35.82827466954876],[129.21160060658093,35.82815013743833],[129.21156501019337,35.82782481141325],[129.21156758893915,35.82766111238447],[129.21155627307814,35.827621206669136],[129.21151734442125,35.82757248088201],[129.21144251662577,35.82751173199896],[129.21147178740273,35.82748197557449],[129.21144609997484,35.82744363609728],[129.21133479759834,35.827366593119855],[129.21117255757298,35.82721477184922],[129.21096921275637,35.827011073793365],[129.21070307780926,35.826858477583855],[129.2104423742563,35.826700373694706],[129.21015926975178,35.82650305856534],[129.20983807300485,35.826262530633706],[129.20981052566577,35.82631662652072],[129.2097806022451,35.82676585380381],[129.20974870308777,35.82750523378157],[129.20972870555232,35.82834829116592],[129.21006248996878,35.828456349370704],[129.21003704125727,35.82846681201137],[129.2097286960845,35.828365847582965],[129.20971477409933,35.82915388186588],[129.20967334978437,35.83006469623179],[129.2098244479128,35.83002166998281],[129.20994265400626,35.82997429347304],[129.21012875053503,35.82992872769027],[129.21024763423284,35.82990778343589],[129.21036892593224,35.82985553438434],[129.21056829587894,35.82980323052122],[129.21083765776174,35.829764999156126],[129.21089420884232,35.82975164321595],[129.21090979463204,35.82975289583756],[129.21091219883496,35.82977917216748],[129.21062139725174,35.829824822265],[129.21036794364542,35.82988189772319],[129.2102524436874,35.82992287105905],[129.20994021914828,35.82999118716525],[129.20983444710689,35.830036496275554],[129.2096747313898,35.830089433215534],[129.20956225538282,35.8328023248399],[129.20962080762595,35.8328042242325],[129.20979850592224,35.832786477137944],[129.2101030300517,35.83279948573037],[129.21037684024446,35.832803435281846],[129.21050360060056,35.83279645550436],[129.2107093787499,35.8327751523551],[129.2108854496158,35.83274890768148],[129.21100703058536,35.83270838278822],[129.21110759122448,35.832666722809236],[129.2112337096861,35.83262621680983],[129.21124776482247,35.83258814142304],[129.21123692569412,35.83251091403615],[129.2112319813728,35.83238583790553],[129.2112209879533,35.832350897526744],[129.21123769893634,35.832131882154194],[129.211254132409,35.832084988368074],[129.211237364528,35.83205107648223],[129.21122927243587,35.83199151784573],[129.2112125135019,35.83194837711934],[129.21120647631588,35.83190004449479],[129.21121174427543,35.83184532029041],[129.21129621891464,35.83167186207903],[129.21131865777087,35.83167806858188],[129.21122420268964,35.831860818109874],[129.2112223079638,35.83189362699095],[129.2112228832065,35.83193978811656],[129.21125147759992,35.831993002207795],[129.2112554568434,35.83204575455613],[129.21127053053175,35.83207512708661],[129.21127441226338,35.83210764649609],[129.21124740726913,35.832221017058394],[129.21123968499543,35.83235665093455],[129.21125001684825,35.83238412108751],[129.21126323246162,35.832615773847714],[129.2113785933452,35.83260055757697],[129.2115670059832,35.83255412033217],[129.21166498798144,35.832521071349944],[129.2117164758144,35.83249239358518],[129.21169293011405,35.83247366169176],[129.21162610191962,35.83238870037338],[129.21161126284858,35.83231825742688],[129.211638027857,35.83231552489836],[129.21165265062507,35.83239206969557],[129.2117049527953,35.8324623569886],[129.21172799455198,35.83248304547799],[129.2119780695267,35.832396916719595],[129.2120520597799,35.832377536368114],[129.21239404644885,35.832336299263034],[129.21244248549382,35.832309969792256],[129.21255321193294,35.832237567079346],[129.2127861444328,35.832164967497576],[129.21284043169948,35.83215298452795],[129.2128648190565,35.83210925795504],[129.21287043485864,35.832027540572724],[129.21285488023113,35.831954755780465],[129.2128854276506,35.83194691523576],[129.21289206020577,35.83202321257614],[129.21288614567734,35.83210078472581],[129.21287714775167,35.83214664724059],[129.21332090331256,35.832215622809876],[129.2134228171451,35.83220906227217],[129.21344909587603,35.83218998148744],[129.21349978792745,35.83205802088615],[129.21353639771885,35.83194522770027],[129.21354467580753,35.831878547484045],[129.21357869518755,35.83187785657806],[129.21354827515387,35.83203752198472],[129.21347885985853,35.832216299622985],[129.21349681131832,35.83225376003844],[129.21379015050613,35.832289688847176],[129.21392847293123,35.83230260270208],[129.21393908372536,35.832326422059154],[129.21394747826577,35.832378265255514],[129.21394899745226,35.832445793375996],[129.2140494670731,35.83249104783186],[129.2140964504845,35.832504204116326],[129.2141649564631,35.83251596140744],[129.2141817505938,35.832451384026115],[129.21418511095632,35.832387623518926],[129.21417778007967,35.83233628315828],[129.21419169002428,35.83233558260198],[129.21419874251853,35.83238213780683],[129.21419857002428,35.83244190913896],[129.21418479746816,35.83253556457394],[129.2142005753907,35.832625166149754],[129.21425214270016,35.832750943705726],[129.21428930838866,35.832813460833066],[129.21455144675906,35.8331791389569],[129.2145793352956,35.833252974133245],[129.21461148460983,35.83336394233155],[129.2147574728278,35.8338047018759],[129.2148189225654,35.8340452450356],[129.2148293410077,35.834158261523015],[129.21482532156614,35.83420717958425],[129.2145657122946,35.83423032464796],[129.21458551647774,35.83440151832889],[129.21458014332282,35.834507154543275],[129.21459683004667,35.83458448839083],[129.21461362113058,35.834647032511704],[129.2146684421968,35.83475545498074],[129.21469553681223,35.8348260109622],[129.2147409586359,35.834867180655195],[129.2148555929826,35.83486900500441],[129.2149133650751,35.835074901480326],[129.21499185806147,35.83529375715742],[129.2151300606863,35.83524758378115],[129.2152380717535,35.83521856970074],[129.21548229432682,35.83518105759653],[129.215615821058,35.83514134494797],[129.2159068768267,35.83508119921622],[129.21591253625172,35.835094933203806],[129.21562520193436,35.83515608172004],[129.21548571122713,35.83519639982479],[129.21535791474474,35.83521859081535],[129.21523674178977,35.83523027031028],[129.2149900844053,35.83530510706431],[129.21501134803978,35.83548355312359],[129.2149971273511,35.83555023494439],[129.2149424713153,35.8356070928477],[129.21489887788465,35.83569505129254],[129.21496296897075,35.83570619409429],[129.21506993497653,35.83574125198439],[129.21515194299064,35.83575985224092],[129.21513913064226,35.83576972569674],[129.215062917386,35.83575344937463],[129.21496567134068,35.83571925743933],[129.2148791691684,35.835708677160305],[129.21480759794244,35.835818098978244],[129.21470068633988,35.83592746629272],[129.2145547132452,35.836106353198915],[129.21443537642264,35.83629624207016],[129.21436177310932,35.83643260561585],[129.21432107997597,35.83652529027263],[129.21426518042995,35.83676349984279],[129.2142633649426,35.83682555420567],[129.21435842041646,35.83668568291475],[129.2145140511374,35.83651272740182],[129.2145731174216,35.83661059771368],[129.21455076840962,35.83663922392459],[129.2145720254121,35.836653382047494],[129.21463925325665,35.83659145501688],[129.21466163800446,35.83660578125784],[129.21469622604937,35.83656454172933],[129.2146410588974,35.83652996845215],[129.2146749388565,35.836497111822126],[129.21492116317924,35.83660621286613],[129.2149225445462,35.83665086741292],[129.21476353748685,35.83674894447609],[129.2147541323729,35.836922632711094],[129.21492718478157,35.836949389631336],[129.2149501626428,35.83676363699173],[129.21493546340236,35.836664164962016],[129.21503683977855,35.836669743860575],[129.21514130516363,35.83666331251517],[129.2151719447845,35.83677181375224],[129.21533771020506,35.836758937428776],[129.21532282297676,35.836705640430345],[129.21526099630566,35.83667193192983],[129.2153057542946,35.83660544811332],[129.215342940401,35.836493131101676],[129.21524258149856,35.8364046625706],[129.21523930139867,35.83632479050226],[129.21518424326462,35.83622771550074],[129.21529909424032,35.83614866975705],[129.2154044545789,35.83608832373675],[129.2153542988473,35.83601986382577],[129.21543308621443,35.83599303754004],[129.21565317735636,35.836035833491415],[129.21576364966145,35.836069775973364],[129.215846495173,35.83613208495009],[129.2159350531969,35.836264789427545],[129.21614278386505,35.83638620465843],[129.21621320108073,35.836366548747904],[129.21629204761118,35.83629595703246],[129.2162835500544,35.83619430206195],[129.21624159646228,35.83611821229023],[129.21624601353602,35.8361144551916],[129.21632164104304,35.83611441014737],[129.2163716150506,35.83605358547621],[129.21638923303868,35.83606506295275],[129.21647220852452,35.83607691020401],[129.2164896129704,35.83623074970375],[129.21656540091428,35.83623269598426],[129.2165999543987,35.836162679015096],[129.21663486554698,35.83611857236999],[129.2167947443783,35.836164222823356],[129.2172767362348,35.83635311679737],[129.21745170324644,35.836432031501964],[129.21755523605927,35.83647371753864],[129.21745974646242,35.83663501487475],[129.2175870190041,35.836672043811134],[129.21768725885903,35.83660133160246],[129.21774654865396,35.83657618816725],[129.2177956326097,35.836591430114645],[129.21785694521446,35.83663869851904],[129.21799484095467,35.83682558596904],[129.21805505734466,35.83685220858058],[129.2182616200707,35.83688430824488],[129.2184681830349,35.83692456387624],[129.2186914837442,35.83695763296806],[129.21884689467976,35.83699139224053],[129.21901231982372,35.8370363717876],[129.21919041139125,35.8370991278712],[129.21947404033605,35.83720725054799],[129.21977780775896,35.83731305580913],[129.21986567752052,35.837349261650935],[129.22008115125124,35.83742138457343],[129.22013836837945,35.837455735313505],[129.22026422022444,35.837482327503324],[129.2204259710733,35.83753482822033],[129.22056255153748,35.83756262625259],[129.2208250730006,35.83759695372062],[129.2211696624024,35.837610104437836],[129.22139379392675,35.83763430768418],[129.2214072208513,35.837578594815184],[129.22139932044615,35.837455101834294],[129.22156135549864,35.83744995648764],[129.22156715482686,35.83747385605696],[129.22142386796617,35.83747052237988],[129.22143404144606,35.83752330805764],[129.22141015850056,35.83763639567813],[129.22162454412708,35.837678452085164],[129.22170227990154,35.837671784608624],[129.22182055239153,35.837686916129854],[129.22197284181993,35.83772358811508],[129.2220997825041,35.83774731040421],[129.22221067358473,35.837762770528826],[129.22228689291705,35.837764045480405],[129.2223004281998,35.83765578938354],[129.22229885925762,35.83757290421401],[129.2220981272479,35.83757320977991],[129.22203504652714,35.837568107318056],[129.22200180804683,35.83758385909194],[129.2219423176402,35.83754427714314],[129.22190472333492,35.83754184963547],[129.22183794465002,35.837572326229164],[129.22182799744172,35.83755743777602],[129.22189384614518,35.837526872768215],[129.22209291720912,35.83755033658131],[129.22221732248144,35.8375578769338],[129.2222940049107,35.837554590700655],[129.2223070491485,35.837452878583804],[129.22229928290602,35.83735033950138],[129.22212529141603,35.83735037967605],[129.22208234553565,35.837345880158885],[129.2220548087641,35.8373061945439],[129.22204675422827,35.837283317550344],[129.22191854118165,35.8372915018225],[129.22190528502452,35.83736078727776],[129.22187806022566,35.837425862468606],[129.22183755901457,35.83740085492028],[129.22187792973335,35.83736267599909],[129.22188749450228,35.83728732288476],[129.22184076432487,35.83728317269672],[129.22183784554574,35.8372683254314],[129.22204137339543,35.83726270680189],[129.22202973397688,35.83718427425929],[129.22201190129672,35.83715559312493],[129.2219228507289,35.83716092967934],[129.22186150245275,35.83714980359075],[129.2218626202308,35.83714576393636],[129.22184431362723,35.837133792840476],[129.22182631671714,35.83711373695197],[129.22182126179,35.83709088148036],[129.22181099966912,35.837086168726266],[129.22177777460806,35.837082696729425],[129.22173165988576,35.83708893679522],[129.22169913397073,35.83710215466507],[129.2216952074017,35.837079071807686],[129.22173328322012,35.837067583182396],[129.2217936649486,35.837061416100696],[129.22182978518921,35.837079212677004],[129.22185872906567,35.837107485926715],[129.22186197477268,35.83712848813713],[129.22191493330257,35.837143586106315],[129.22202635729207,35.837143958483985],[129.22205631543426,35.83717075177267],[129.22206658067955,35.83725655005604],[129.22208119179993,35.83730094590058],[129.22212026034583,35.837328182087454],[129.22230104460897,35.83732704793821],[129.22229980743958,35.83720012702897],[129.2222842273895,35.83694589470589],[129.2222901975834,35.836871620648154],[129.22219550900888,35.83687127185569],[129.22219715187,35.83685301850393],[129.22229224839205,35.836852807769716],[129.22228498019774,35.836746239168434],[129.22229972953403,35.83654094311366],[129.22214822651685,35.83653968925783],[129.2221375356794,35.83649205072626],[129.22210635127578,35.83644201643822],[129.22204543519715,35.836426897105255],[129.22204167720864,35.83640876181613],[129.22194973749592,35.8364256577318],[129.22194683181377,35.83640753890126],[129.2220643737438,35.836383322903124],[129.22203220842113,35.836306757560564],[129.22200575036717,35.83626878232436],[129.22194855126025,35.83626092921824],[129.22189569392094,35.83626219779675],[129.22185073963203,35.836207610337105],[129.22181877182317,35.83620237860525],[129.22176537272094,35.83618382059322],[129.2217179240542,35.836179770810126],[129.2217139732953,35.83622401145873],[129.2216969893735,35.8362420135292],[129.2216563224734,35.836260951225626],[129.22164402171128,35.83623539625122],[129.22167885722624,35.836229005647404],[129.22168763739793,35.836174103361955],[129.22165906131065,35.83617064083787],[129.2216297081322,35.83615030830781],[129.22164827918584,35.83614592124487],[129.2216389535312,35.83609553134816],[129.22137339299712,35.83605319006614],[129.22127678573972,35.83605507916193],[129.22126642953233,35.83614862094091],[129.22123905722756,35.836152221924976],[129.22123586244857,35.83605328840732],[129.22112579292093,35.83604182742862],[129.22115314202605,35.83602580727065],[129.22144552390014,35.83604546953487],[129.22158885985263,35.8360675040642],[129.22166913631824,35.83608765319321],[129.22166871188207,35.83614634344984],[129.2217069023785,35.83614447097217],[129.22176646499184,35.83616254906277],[129.2218197000726,35.836161820599386],[129.2218960591611,35.83620217379751],[129.22192124664554,35.83624499110774],[129.22199406374634,35.8362492195795],[129.2220417958919,35.836263696209365],[129.22208211898598,35.83637647687327],[129.22216964121714,35.83652298580262],[129.2222941046914,35.83652015257217],[129.2222697718671,35.83621865666224],[129.22226299302022,35.83597707971744],[129.2222388402549,35.83572449434875],[129.2219697058146,35.8357821998353],[129.22159778673768,35.835713088686],[129.2217081645447,35.835708082808026],[129.2219640850955,35.83575484815864],[129.2221129184681,35.83573183645386],[129.22222904619886,35.8357009085679],[129.2222223052128,35.83564075341448],[129.22225217190544,35.83564270834485],[129.22228775344843,35.835965588338155],[129.22229062878299,35.8362044056128],[129.22231149533616,35.836341411527336],[129.22232980867972,35.836511606194],[129.22231331165216,35.83663737906602],[129.22231347059716,35.8367226912047],[129.2224899161155,35.83668212599725],[129.22249595087254,35.83683871629075],[129.22247484096133,35.83689748063089],[129.22246098090488,35.836992263654274],[129.22271251897104,35.836985735464],[129.22269807599073,35.83687443050502],[129.22272760738596,35.83677538272394],[129.22279298268623,35.83667434926901],[129.22302191074422,35.836684859661986],[129.22302545795156,35.836790317526216],[129.22304301798974,35.83686812621027],[129.22308538080813,35.83686999480687],[129.2232387229156,35.8368557515809],[129.2235850989152,35.83685172324973],[129.22375341934585,35.8368386683744],[129.22377991299652,35.83672636855109],[129.22377916183555,35.83654835482418],[129.2241697910701,35.83650633632643],[129.22415419574932,35.83663292791407],[129.2241568371763,35.83673849557161],[129.2243886865261,35.83648353444027],[129.22454150397175,35.836468046799546],[129.22454383205442,35.83658011305251],[129.2245343730074,35.83669230933053],[129.22454650915776,35.83680499726374],[129.22474682033308,35.83680530124443],[129.22494597231793,35.83679876655117],[129.22508400706803,35.83680040243885],[129.22511247400465,35.83673328738095],[129.2251268734219,35.836666189482195],[129.22517668178028,35.83660382934758],[129.22520824694868,35.83650887786483],[129.2252487522446,35.83642082232303],[129.2254879154532,35.836402928565775],[129.22557588000345,35.83640930766039],[129.22572462674688,35.8363829840553],[129.22573416672336,35.83640634470801],[129.22563251742957,35.836484880093565],[129.22558661928315,35.83657970520235],[129.2255801790348,35.83667464598578],[129.22560650169137,35.83681730099025],[129.2256065941315,35.83707447279455],[129.22558661004797,35.83723759142629],[129.22582006807886,35.837232775784024],[129.22595097094128,35.83722486171442],[129.22604874037103,35.83722644551679],[129.22629369574406,35.83726000977366],[129.22640119881046,35.837263251407634],[129.2264027525823,35.83723730148479],[129.2266029325114,35.83722994198269],[129.2267743763839,35.83722931428913],[129.22679466802725,35.83726194659523],[129.22711526639253,35.83727694576979],[129.22718559223668,35.83726479102866],[129.22730674367835,35.83722553026317],[129.22746104704817,35.83721853491484],[129.2276052506643,35.83722517627359],[129.2277374508476,35.83724934235063],[129.2282059375261,35.837243313310395],[129.22838627520642,35.837248704919936],[129.22860038280015,35.83723113165931],[129.22883370013295,35.837227509093196],[129.22908675904685,35.83720699529623],[129.22908763873912,35.83724372861708],[129.22883655703697,35.83725512702891],[129.2286020701013,35.83725616522098],[129.22839658625875,35.83727434406544],[129.22820709784557,35.83726989802344],[129.2281628881418,35.837276452399934],[129.22805018457993,35.8372776743256],[129.2277405169377,35.837272805152416],[129.22759513218028,35.837243905280545],[129.2274836409543,35.83723939243804],[129.22730645401612,35.83724829640605],[129.22719050511893,35.8372916571048],[129.22710861782525,35.83730159845249],[129.22700786649978,35.83729062106103],[129.22660035758548,35.83729402574831],[129.22651732415326,35.83728615110895],[129.22639149850906,35.83728907237605],[129.2262981188447,35.837282073135434],[129.22604391625447,35.83724272211075],[129.22581640499948,35.837248671676235],[129.2256028092381,35.83726350823353],[129.2255781428581,35.83727692879472],[129.22556074454513,35.83746221336825],[129.22555989676397,35.83764879191489],[129.22559053009454,35.837836456343325],[129.2255733503952,35.83798143655567],[129.2255442714716,35.83813008000084],[129.22554694116724,35.838579591886045],[129.22554075799923,35.838687302879705],[129.2256307428129,35.83869878825254],[129.2257245872046,35.83869336790494],[129.22598534228297,35.83869185365142],[129.22615911942313,35.83868541841672],[129.22631969005877,35.83869006598563],[129.22648311243407,35.83868548820586],[129.22664279124055,35.83869179531405],[129.22671315413828,35.83871186049405],[129.22683490535366,35.83873118038255],[129.22719801964527,35.83872929126567],[129.22734437120783,35.83873521690876],[129.22761817982402,35.83872725767403],[129.22784883253286,35.838742559279176],[129.22789255229972,35.8387580505335],[129.2280723228615,35.83876521012668],[129.22821516300365,35.83876234512278],[129.22829536889992,35.838748386616544],[129.22865576642883,35.83873696299039],[129.2287571996518,35.838741818212554],[129.22890964974957,35.83875928444959],[129.22914797542012,35.8387598786543],[129.2291522584436,35.838782969595165],[129.22890346529138,35.838775762002825],[129.22865497624255,35.838754854310174],[129.22830811393658,35.83876581978805],[129.22821840838813,35.83878651054332],[129.2279342428631,35.838780025587944],[129.2276037447335,35.83875387173097],[129.22726319301734,35.83876546220761],[129.2270812701535,35.83876431678661],[129.22685045310158,35.838769147957514],[129.22679310972214,35.83875413249152],[129.2266238110646,35.83873169319243],[129.22635263731092,35.83872029537861],[129.2258180513724,35.8387298112908],[129.22555431936038,35.8387236610882],[129.22557294014308,35.838823403837715],[129.22554496144133,35.83895405624693],[129.2255554165377,35.83914923864225],[129.22552541013405,35.83935002113438],[129.22551702106216,35.83949989673016],[129.22549874771985,35.839622185440554],[129.22546822330563,35.83971362013453],[129.22547542868034,35.83988284353996],[129.22546937929556,35.840002775215],[129.2261675984779,35.84001235894458],[129.2267037806824,35.8400280734883],[129.22669541893742,35.84005763215079],[129.22658355260208,35.84005101025885],[129.2263323794544,35.840045036523236],[129.22616777037447,35.84003014029633],[129.2260806112151,35.840027385199164],[129.22606573882035,35.84006485792163],[129.22574779334624,35.840060377628966],[129.2254671107011,35.84005018522229],[129.2254544440689,35.84011956005883],[129.2252382643431,35.84013538315305],[129.22464080598246,35.84016701942653],[129.22462820928862,35.84000078912633],[129.22464564163593,35.84000057650638],[129.22458497380262,35.839853893453686],[129.22461334132578,35.83985350732472],[129.22459502857163,35.839709269127475],[129.22460144952646,35.83955160143432],[129.22462082154988,35.83944962500639],[129.2246214409406,35.83928346928327],[129.22463924761664,35.83917984646561],[129.22463759783992,35.83912826193901],[129.2246169242464,35.839042095695135],[129.224608082009,35.83888054489402],[129.22458562865563,35.838731898230165],[129.22463175989043,35.83873128292855],[129.2246311943961,35.83870326318088],[129.2244436025683,35.83872113951106],[129.22430663115688,35.83872888294308],[129.22399254984225,35.83871896530243],[129.2237996721236,35.83869894497989],[129.22375652275713,35.83870511724913],[129.2235285951078,35.838690307454215],[129.2233726766368,35.838690820746336],[129.22321018845915,35.838705026944396],[129.22292219168583,35.83870170960859],[129.22286753860524,35.838694627330526],[129.22268276361658,35.838682710558054],[129.22252421953766,35.8386823533688],[129.22244326930942,35.83867570680048],[129.22242107364127,35.83869835097781],[129.22240412968182,35.83893449180943],[129.22238705747623,35.83899665541991],[129.22237681071957,35.83913333090647],[129.22237645986286,35.83939803790187],[129.22238508721668,35.83957152181466],[129.22237839058434,35.83971916799573],[129.22241055319336,35.83990989462206],[129.22240823368753,35.84001544434621],[129.2223856453808,35.84009621989832],[129.22235488988932,35.84008169419308],[129.22227766956826,35.840087468907704],[129.2221641696681,35.840082387041434],[129.22192587951224,35.84008805163388],[129.221440395805,35.84011390583233],[129.22129735883092,35.84013065142023],[129.2211372024705,35.84020897453354],[129.22108733701063,35.84025257804502],[129.2210205672709,35.840275186240945],[129.22094035136206,35.84028251571996],[129.22084046753426,35.84031029437296],[129.22078982213046,35.84029581358328],[129.22078891539883,35.840280052364946],[129.2203210625206,35.840293865210306],[129.2203226931679,35.84019844683817],[129.22015337380938,35.84017296125515],[129.2198141130194,35.84006854633937],[129.219688438086,35.840059491712786],[129.2196340983298,35.840203466019055],[129.2196067546774,35.840319146107284],[129.21955749949868,35.84037980855102],[129.21959398107515,35.840205764924754],[129.2196678390841,35.840067415056176],[129.21966687990985,35.84001625279768],[129.21955336796424,35.8399824095784],[129.21948795139514,35.839945441799365],[129.2193715691226,35.83982522774833],[129.21893988510953,35.839938431658666],[129.21861774422814,35.840035015358],[129.21858485499578,35.83996427252397],[129.21849460522762,35.840359579869435],[129.21847512060103,35.840484131839055],[129.21851054472572,35.84048988093772],[129.21850866699344,35.840548213267866],[129.21832122670196,35.84057479575684],[129.2183072475513,35.84065660074075],[129.21829782941373,35.8407912916073],[129.21803433032818,35.840824283832724],[129.21765639129143,35.840840628006305],[129.2174121747031,35.84084143657265],[129.2172214195173,35.84085035006092],[129.21720815136993,35.840884224850996],[129.21730278946217,35.84089687071286],[129.2174014550328,35.84089669348093],[129.2175469588533,35.840907165860436],[129.21766587837215,35.84092675246977],[129.21781411047948,35.84095956161888],[129.21788492016273,35.84096081304449],[129.2179964117114,35.84095150058412],[129.21807548459492,35.840930521183516],[129.21829337654424,35.84088364177374],[129.21844643152522,35.84084209728351],[129.21858639462025,35.84080958875587],[129.2186619096374,35.84076664290811],[129.21872457800998,35.84071303140447],[129.21876594004598,35.8406881451986],[129.2188048011591,35.84068783159186],[129.21874757593824,35.84072421941097],[129.21873643039115,35.8407447249859],[129.2187168873124,35.840750303005464],[129.2187175276362,35.84076187390526],[129.21869022996793,35.84080159629663],[129.21868387002132,35.84082761788278],[129.2186269466017,35.84083671523151],[129.21849580529974,35.84086926195118],[129.2182663576154,35.84093640466111],[129.21801465013877,35.840983074580244],[129.2178485534199,35.841007455153914],[129.21777121144584,35.84113604060404],[129.21776104304544,35.84119042233624],[129.21776937679675,35.84130422626494],[129.2177407614132,35.841303214287],[129.21774151271782,35.841204841441666],[129.21775251669095,35.84112390736687],[129.21779288424852,35.84106276597736],[129.2178236826377,35.84099542317192],[129.21782065068038,35.84097535778025],[129.21755076441443,35.84092273262807],[129.2173002544682,35.84091311580072],[129.21718532197013,35.840902516153875],[129.21714237426397,35.84101244666485],[129.21711874025425,35.84115061473413],[129.21709040873458,35.84113994969861],[129.21715065616016,35.840874351202544],[129.21701785927766,35.84083524084759],[129.2168942420258,35.84084249224703],[129.21671244671708,35.840882085461956],[129.21660577877668,35.840882357565945],[129.2164603770797,35.84083993453037],[129.21627897804294,35.84085415617676],[129.21596142071184,35.840900281564316],[129.2157368290424,35.840905350665444],[129.21573521916096,35.84092409954809],[129.2155299678111,35.840930449606475],[129.21534253922343,35.84092113991331],[129.21526850577357,35.840910573793366],[129.21526663508365,35.84086929083067],[129.21522607576685,35.84086376621003],[129.21523082160772,35.84087929532961],[129.21523373711037,35.84094934563656],[129.21583730556122,35.841150410784635],[129.21629941512512,35.841295029448524],[129.21646801084046,35.84135955490915],[129.21665860815406,35.84142285108896],[129.21676949814722,35.841473266714104],[129.21684729247417,35.841544064750046],[129.21691822170462,35.84163846076668],[129.21696033697629,35.84176482168634],[129.21700883058838,35.841761201823445],[129.21704950559982,35.84175199920091],[129.21705277200053,35.84176059127099],[129.21769137575046,35.84174073407737],[129.2176780942031,35.84137398508156],[129.21771433829323,35.84133914962836],[129.21774925671005,35.841321584509444],[129.21776587183066,35.84132194214538],[129.217766401716,35.84133773110048],[129.21788792174283,35.84136089978428],[129.2179541924501,35.841382095002665],[129.21795050887877,35.84140739072647],[129.2178555245008,35.8413775411285],[129.21773230944717,35.841357899351685],[129.2177110439692,35.841377386601906],[129.2177048012628,35.84146713534525],[129.21771515269236,35.84174117797244],[129.21875300440647,35.84170418432716],[129.21874864200572,35.84178082553735],[129.21797257582898,35.841805081813945],[129.2179772103543,35.841844602308335],[129.21795680048098,35.84184496352531],[129.21795406060463,35.84180613358011],[129.21765854934088,35.84181140610343],[129.21742570332228,35.841822558627385],[129.21742439851832,35.84197005961594],[129.2173837423777,35.84197808169317],[129.217373496681,35.84196731213248],[129.21739813437853,35.84195451517531],[129.21738234751606,35.84182688141604],[129.21726631630142,35.841832046694456],[129.21724841539566,35.84188010647135],[129.21723303067049,35.84188044051797],[129.21723743313183,35.841830314077626],[129.21697764858405,35.84184258658288],[129.21729544325626,35.84311285136895],[129.21716276575117,35.843127419445004],[129.21716667041963,35.843142003477155],[129.21753506829359,35.84310615710715],[129.2175354589163,35.843119585033435],[129.21730356720755,35.84314529080018],[129.21740205093687,35.84353440891525],[129.21741968244316,35.84367680179775],[129.2174292043332,35.8440452427757],[129.2174301763702,35.84444058338327],[129.21714626927687,35.844463110770604],[129.21711560501842,35.84447029468602],[129.21681552766938,35.8444894616068],[129.2168088858045,35.84456713422367],[129.21678534485923,35.84456831197812],[129.2167796890549,35.844494789120816],[129.2166177248467,35.84451929577528],[129.21629690495564,35.8445471865844],[129.21612286161744,35.844533825612075],[129.2159415650502,35.84454402699601],[129.2154028711713,35.84455575709417],[129.21533967913024,35.844515214178266],[129.21533362389678,35.84447383053851],[129.2151563382655,35.84448134688742],[129.21512908849337,35.84449053401265],[129.21484123669353,35.84453664868316],[129.21463137369065,35.84454393369356],[129.214455508456,35.844565280678054],[129.21429569285357,35.84460712946017],[129.21390938999824,35.84461972748162],[129.2138905770614,35.84457166101943],[129.21422666785767,35.84456657826306],[129.21449170793142,35.8445126916632],[129.21478055175191,35.84449390197115],[129.21513807992946,35.84444222904771],[129.21532555990186,35.84442636703476],[129.21532433961633,35.844124342272494],[129.2153323063028,35.84399536821415],[129.21532926470974,35.84390554602431],[129.2150365897468,35.84387347728261],[129.21484921938472,35.84383887765243],[129.21463799304738,35.84380755553513],[129.21426139574615,35.84380549215206],[129.2140620908681,35.8438114146084],[129.21381112214624,35.84383227162014],[129.2135897869772,35.84384132350451],[129.21357458015353,35.843896155368576],[129.21357615415482,35.84403002429225],[129.21358593144078,35.8440686706677],[129.21358353442017,35.844099641854015],[129.21360374901337,35.84416290097186],[129.21353775550037,35.84420053648698],[129.21337339392463,35.84418116113167],[129.21324694236458,35.84417777001774],[129.21246614296814,35.844175538403235],[129.211733847758,35.84422336242218],[129.21172657667324,35.84503753745768],[129.21188025769644,35.84503591660973],[129.21196238793573,35.84502621052157],[129.2121357029039,35.84504025473169],[129.21223112863854,35.84503106590266],[129.21224117143018,35.84496943883632],[129.21227402764572,35.84495792631893],[129.21232972573316,35.844961253355315],[129.21242579020372,35.844942510000514],[129.21253174176718,35.844937177830765],[129.2126260281421,35.84491581480101],[129.2126173950488,35.844824271975874],[129.2126345447607,35.844587555545836],[129.21266813026767,35.84446708050039],[129.2127118256325,35.84440232098133],[129.21275049172073,35.84432360091063],[129.2127606296326,35.84425628673863],[129.21275399944975,35.84421463360078],[129.21277182017775,35.84421442201884],[129.21278044578756,35.844344835773825],[129.2127662581572,35.84438770615067],[129.21271594790747,35.84446248119365],[129.2126702208665,35.84455420968736],[129.21264968830693,35.84467141729489],[129.21265525632404,35.84491369056709],[129.2128384984599,35.84491454004322],[129.21311126397754,35.84493453639104],[129.21324600484584,35.84502017914122],[129.2133198389519,35.845104297859315],[129.21336871436213,35.845122705340934],[129.2133800525758,35.84518636767378],[129.21343853977405,35.84519780953999],[129.21352389085004,35.84519215232902],[129.2135147728825,35.84508519004208],[129.21349078675505,35.8449191680324],[129.21352156915572,35.84491875322082],[129.21348471486132,35.84465488716531],[129.213801144572,35.84464883088261],[129.2138198558761,35.84469200374996],[129.21383208550003,35.8448491150867],[129.21381362785044,35.845088005995215],[129.2138226296061,35.84514706702696],[129.21385342822137,35.845829493134616],[129.2138621904076,35.84619723265651],[129.21390452723355,35.8471588994728],[129.2139388592329,35.84715676590402],[129.21392280010247,35.84679669997067],[129.21394518320224,35.846850879582526],[129.21396658182158,35.847038103413894],[129.21396881257903,35.84722707088453],[129.21396823670185,35.8472185261597],[129.21391014666023,35.84722385161652],[129.21393410982103,35.847961707383284],[129.2140048973768,35.84969835395289],[129.21403503095763,35.849641430833806],[129.2140516978194,35.849577574874445],[129.2140446823691,35.849309023992575],[129.21401827851977,35.84907584538131],[129.21399939884833,35.849052978025284],[129.21398971823862,35.84895129816203],[129.2139962845237,35.84874871271419],[129.21398524796746,35.84863667988687],[129.213980360168,35.84850163629644],[129.21400648723528,35.848498435717666],[129.21400684025303,35.84829468961822],[129.21397121388094,35.84796533690119],[129.2139819338623,35.84761435332738],[129.21397553227098,35.847326775886664],[129.21396881275564,35.84722707350495],[129.2140029149683,35.84722593169872],[129.21406389181155,35.848688110279255],[129.21410139140056,35.84931252866197],[129.2141143449923,35.8494417809482],[129.21409984213187,35.84961544130634],[129.21407144368985,35.849721694769904],[129.21401894198965,35.849843041722664],[129.21396054333957,35.84991174809533],[129.21388337977385,35.84995506336765],[129.21376931374087,35.84999185565787],[129.21346074155633,35.85003836411651],[129.2128241985243,35.85003845792745],[129.21261261810432,35.85004233572762],[129.21170145485408,35.85007282727166],[129.21131743036796,35.850099075946154],[129.21086009856907,35.8501119774736],[129.21086070666496,35.8500864259963],[129.21005136962927,35.850089645017654],[129.2100517167159,35.850082686770456],[129.21072176242373,35.850075934141245],[129.21102246100492,35.85005711479726],[129.21146155371142,35.850045920849404],[129.21190368604198,35.850012080592364],[129.21206014356486,35.85001442914762],[129.21251605211563,35.849995261871236],[129.21250760128652,35.84985987301785],[129.2125804426099,35.84985660264836],[129.2125803163849,35.84984810482316],[129.2125239498094,35.849846686066215],[129.21233862353995,35.84981553978456],[129.21207911252554,35.84982417822535],[129.21208305095894,35.84976882560168],[129.21261481685423,35.84974844347952],[129.2132025603891,35.8497146218987],[129.2135121971534,35.84969002159477],[129.21363128047645,35.8496626477572],[129.21363906686898,35.849655937727604],[129.2136291570057,35.84864928668665],[129.21349353512613,35.84856782778066],[129.21336965861033,35.84854883163751],[129.213361518571,35.84846841640682],[129.2131000114033,35.848461425966335],[129.21306865205563,35.84849519693204],[129.2129229313766,35.84849977942618],[129.21266509071677,35.848523034455205],[129.21244253766798,35.848532798368154],[129.21233157119235,35.84853145199193],[129.21218744653248,35.84854937829915],[129.21202469171476,35.84855902755677],[129.2118914225997,35.84857972836197],[129.2118437398892,35.848598647959975],[129.21184446895674,35.848619023935065],[129.2118825451837,35.848734975120124],[129.21191231425826,35.84884905722714],[129.21190950798302,35.84891397012803],[129.21189059735477,35.84896295010021],[129.21185641379566,35.849013218558014],[129.21186340189536,35.84921973664366],[129.2118387600273,35.84931597013322],[129.21182570851252,35.849282367364985],[129.21184154066594,35.84924132378942],[129.2118399671469,35.848993419862474],[129.21173617146363,35.84897881201729],[129.21147221000362,35.84898629431956],[129.21146727977987,35.84896791744619],[129.21155197767212,35.84896064953743],[129.2117013545434,35.84896110930533],[129.2117884052678,35.84896871674238],[129.21184654065092,35.848967533483],[129.21186997301513,35.84895406384221],[129.2118851077822,35.848900485099804],[129.2118832991971,35.84884441252459],[129.2118583812186,35.848727086431744],[129.21180966882923,35.848607629970445],[129.2118067306181,35.848589069373276],[129.21171879888752,35.84858723148663],[129.21168494987282,35.8485587120808],[129.21165787126998,35.84845725171162],[129.21163304986206,35.848414116257665],[129.21157590605253,35.84833362644541],[129.2115068356139,35.84830173480218],[129.21144853683398,35.84832473743395],[129.21138146818353,35.848376144717605],[129.21134045733356,35.84844427871253],[129.21136915774963,35.84848921896328],[129.21139280721408,35.848549750634376],[129.21140145124107,35.84859121103733],[129.21143154597777,35.84862334208046],[129.21139489351228,35.848623126725926],[129.211390574378,35.84870220089031],[129.2114395421561,35.848708784587814],[129.2115013971552,35.84873292911995],[129.2115529533259,35.848755559500724],[129.21154380088657,35.848769004118004],[129.21144767479072,35.84876619799582],[129.21144791952676,35.848737258446924],[129.21136457920616,35.84871351191575],[129.2113697245704,35.84861190507131],[129.21136637797701,35.84852654456171],[129.21132525079358,35.84847072089257],[129.21129713749497,35.848476357730526],[129.21124504051704,35.84849627617333],[129.21123786859312,35.84854299144352],[129.21124779681557,35.848571913235084],[129.2112268090431,35.84858889336159],[129.21118706607604,35.84867198583105],[129.21117654350266,35.84882516253412],[129.21114067974352,35.84887228836137],[129.21108810150196,35.84891555894919],[129.21104763569977,35.84893861138955],[129.21099979822006,35.84897880942214],[129.2110080608684,35.84903946712908],[129.21078654859784,35.84907521819663],[129.21065062199017,35.8491045201746],[129.21062984411972,35.84914673481506],[129.21064246583776,35.84918970244468],[129.21052301306776,35.84933372268005],[129.21052568755834,35.84939530941268],[129.21063005616824,35.84940876370545],[129.21061780968677,35.84942861250717],[129.21055633058103,35.84942547499323],[129.21056276842418,35.849470030574935],[129.21058012123498,35.849527265767094],[129.21054461354493,35.849558474728234],[129.210518643142,35.84953719634851],[129.21053718320005,35.849481620094515],[129.21051434276762,35.84942130315624],[129.21039894693163,35.84939877432884],[129.21020163085657,35.849374918673945],[129.21012458695787,35.84938420916555],[129.21015029491477,35.84944058273919],[129.21017612591635,35.84961994959827],[129.21019077393694,35.84968430040075],[129.2102967853884,35.84969934733978],[129.2103742176225,35.84970717078833],[129.21044847062066,35.849697281153155],[129.21058373752774,35.849694576421946],[129.2106918063674,35.84968369048788],[129.21076744902714,35.84964658951767],[129.21083858146653,35.84963296489161],[129.21089602661385,35.849604844950115],[129.21093139919174,35.849572815984175],[129.21097784283998,35.84959176039669],[129.21106911819246,35.849601794360964],[129.21116419095333,35.849586757884424],[129.2113654800648,35.84958470311043],[129.21145656927723,35.849570304235],[129.21154418471855,35.84953995023684],[129.2115467650272,35.849552932729566],[129.21146844273193,35.84958118860402],[129.2113670785252,35.84960317593049],[129.21125270726148,35.849604186768424],[129.2110191609372,35.84963586759894],[129.21094649337925,35.8496382203782],[129.21093124849347,35.84964600670872],[129.21080269929564,35.84966908638985],[129.2107208742298,35.84969991643951],[129.21057694170472,35.84971607403238],[129.21040657035212,35.84972653646582],[129.21031956983518,35.84972567830032],[129.21018957458188,35.8497081946048],[129.21015818694545,35.84977830323025],[129.2101443317749,35.84983911655967],[129.21002142054093,35.84985101012279],[129.2100209626823,35.849824117636615],[129.21011523259935,35.84980245920025],[129.2101655326328,35.84967932428004],[129.21009628997822,35.84940862807919],[129.2101032968853,35.84936624817903],[129.21011645246577,35.84935955609259],[129.21036976384383,35.849368092457944],[129.21049136647002,35.84938934876864],[129.21050620958715,35.8493170517589],[129.2105391554135,35.84926363420659],[129.2104480782021,35.84924813518234],[129.21045511219157,35.84922037347968],[129.21054278126607,35.84923154067845],[129.2105865757299,35.84921974823434],[129.21061397299164,35.84918581357658],[129.2106049848421,35.84911855996011],[129.21061848098202,35.84908139598171],[129.21072775361418,35.84905711535346],[129.2108946723729,35.84903503236471],[129.2109627042666,35.849021241830634],[129.21096861556103,35.84891602867462],[129.21106571986175,35.84891190286513],[129.21109897282798,35.848886420614804],[129.21112204748266,35.848858973363996],[129.21115473146344,35.84878977247799],[129.21115029702077,35.84870738798606],[129.2111913640791,35.84858480947691],[129.21120031456172,35.848540893991824],[129.21117683230642,35.84849756684438],[129.21115250107192,35.84831253770562],[129.21105668041037,35.84830359322703],[129.21099320054148,35.84829279880271],[129.2108649203641,35.84830789301188],[129.21084617539063,35.84839060630804],[129.21083690529235,35.84851935694492],[129.2108842350373,35.84860190103369],[129.21086130829624,35.8486056090697],[129.2108125254614,35.84852193192894],[129.21082159024712,35.848310834478575],[129.21075080618064,35.848304928410876],[129.21058726287401,35.84831770443075],[129.2104978808386,35.848400044883824],[129.2105391806254,35.848500777802634],[129.21059221619993,35.84859796639778],[129.21063152777253,35.84874664020275],[129.21063592246156,35.84879301085319],[129.2106264013446,35.84884317294708],[129.21055689239276,35.84884245574413],[129.21054339327216,35.848827869976176],[129.21060294083935,35.848803829174265],[129.21058472089413,35.84866923222856],[129.2105395797085,35.84854738973493],[129.21049380251964,35.848461544235235],[129.2104693627098,35.8484328188567],[129.21043411906427,35.8484337002833],[129.2103166587329,35.848488727485446],[129.21020540236486,35.848549917356124],[129.21012979636774,35.84856691103703],[129.21006067864104,35.84855909102097],[129.21005055587207,35.84858253206704],[129.21005562394467,35.848657912794394],[129.21004945236075,35.848736043815634],[129.2100558738117,35.84886324403861],[129.21027595312503,35.84885103744398],[129.21027751042988,35.84886658129188],[129.21022515983267,35.84887862281226],[129.21005685240146,35.848886080002366],[129.21005130310581,35.84905812914905],[129.21003545966497,35.848909180107476],[129.21002357787478,35.84868782681046],[129.21003712765517,35.84855692383631],[129.21005028616364,35.84852180634039],[129.2100751948745,35.84837033515211],[129.2100672350329,35.848539144000284],[129.21014890103336,35.84854513972413],[129.21022278040508,35.84851980345966],[129.21028675181284,35.8484773786501],[129.21042827267883,35.84841199934736],[129.21049685499048,35.848371900644295],[129.21048194545446,35.848237415077065],[129.21058057233407,35.84820215785124],[129.21092712967464,35.84821858792789],[129.21116089337133,35.84818694294598],[129.21131623195546,35.84821552980409],[129.21147654417095,35.848283131875725],[129.21157094279607,35.848181008508654],[129.2116478287762,35.84799490120865],[129.21173997248192,35.84787746040489],[129.21177957979427,35.847864944838896],[129.21193838615483,35.847865486950475],[129.21205096585288,35.8478870098435],[129.21209574515925,35.84802197460812],[129.21211906009148,35.84804375299452],[129.2121754606319,35.84805655099905],[129.21223016376487,35.848055373572926],[129.21226708385527,35.848031326564794],[129.21230822351467,35.848012238027515],[129.21254759055375,35.84799017882602],[129.21255617946306,35.84797303999745],[129.21255535799727,35.84795545806084],[129.21252711384975,35.847911607800796],[129.2125252665475,35.84784526104904],[129.2125118719792,35.8478033584406],[129.21247270526263,35.84777738110283],[129.21243983626474,35.84774687743577],[129.2124105388592,35.84748079885626],[129.21240659523156,35.84741283352796],[129.21245971089525,35.84731817215436],[129.21247254229746,35.847310489003085],[129.21248308949754,35.84728044985624],[129.2118849991581,35.847300433812855],[129.21156620328466,35.84731577207337],[129.21006419104685,35.84737249063713],[129.21010539779704,35.84696052092709],[129.21013401447684,35.84637810162456],[129.21014577893686,35.84599266167452],[129.21015718249873,35.845275111693574],[129.2100342373714,35.84415935215276],[129.2100424230609,35.8435737866414],[129.2100323539619,35.8433257349651],[129.21004225053375,35.84291593727134],[129.2100572841704,35.84266302932392],[129.21009153986122,35.84168553664542],[129.21006471327036,35.8409303081333],[129.20996085178757,35.83996847525335],[129.20992851394757,35.839576694503485],[129.2088227341777,35.839289639294286],[129.20885045585976,35.83922401644219],[129.20946657737184,35.83938834930972],[129.20983000460024,35.839478063671386],[129.20982129304704,35.839301340982864],[129.2097528326494,35.83872888587603],[129.20967695607612,35.83788900625625],[129.20955285888576,35.837884759981065],[129.2094574770727,35.83789065703861],[129.2093211504312,35.83791647940114],[129.20932724973434,35.838031315288156],[129.20932321883865,35.83815783088228],[129.20929875458108,35.83825415384678],[129.20926235804703,35.838354498990434],[129.20908285838587,35.83869673484634],[129.20903116780008,35.83867496878947],[129.20914755680036,35.8384901194084],[129.20918797433882,35.83840790953665],[129.2092553314522,35.83824906475858],[129.2092749567149,35.83816462865951]],[[129.22529785129848,35.839869195991525],[129.22535652375745,35.83986857299387],[129.22539809375075,35.8398476856714],[129.22541374570255,35.83976142485142],[129.22545735916265,35.83959337750149],[129.22545197059029,35.83946406709169],[129.22544392016584,35.83941551369764],[129.22532297380403,35.839387448773],[129.22523427358055,35.83938828087701],[129.22525757204176,35.83963240431828],[129.22525159348592,35.83984860744402],[129.22526991059163,35.83984814974845],[129.22529785129848,35.839869195991525]],[[129.2237818700212,35.838681574757906],[129.2238779048658,35.83868365921918],[129.2240090789113,35.83870058523195],[129.22418489771854,35.83870778499527],[129.22443606012908,35.838703570101394],[129.22463097009327,35.83869036552557],[129.22461735866685,35.83849764029353],[129.22462245522192,35.83831766005613],[129.22461923055596,35.8381937801036],[129.2246365265109,35.83791182770579],[129.2246518306419,35.83778025270674],[129.22465438523375,35.83762140248867],[129.22464014844905,35.83755707059594],[129.22464725489624,35.83737156192878],[129.2246433482529,35.8372808132099],[129.22456821342965,35.83727141746741],[129.22443533417166,35.837277170695394],[129.22426788719315,35.83727038837276],[129.2241298747233,35.83725720648282],[129.2240111623568,35.837254911861486],[129.2238532827372,35.837265568477505],[129.223747355595,35.83726778323082],[129.2235948266791,35.83728017803846],[129.22343641082446,35.837308959255694],[129.223179281117,35.83733094671941],[129.2228775900717,35.8373446971853],[129.22288836816537,35.83747930620316],[129.22289959684593,35.83754503177518],[129.22278797919708,35.837550852158905],[129.22266993261485,35.83757722378107],[129.2226731140769,35.837606896120185],[129.22270537076304,35.83771994374319],[129.2226818762861,35.83772912567336],[129.22253986913356,35.83772445712092],[129.2223314017222,35.83772536311841],[129.22232664895884,35.837759682476126],[129.2223522303333,35.83806413210386],[129.22238549643856,35.83822198814342],[129.2224147280709,35.8385653920975],[129.22242584047274,35.83864515039127],[129.22244247385345,35.83866026983658],[129.22252782474678,35.83866528605995],[129.22285775859348,35.8386683288228],[129.22291002127736,35.83867156716874],[129.22294019523653,35.838684102043494],[129.22321800478306,35.838681904452706],[129.22337090568658,35.83866696790751],[129.2235425481538,35.838672932595514],[129.22374531167895,35.83868966350785],[129.2237818700212,35.838681574757906]],[[129.22245721724744,35.837415155585056],[129.22232907064762,35.837451369079346],[129.22231936637354,35.83763998269312],[129.22233693390353,35.83764080659895],[129.22233905068785,35.83769770769502],[129.2226772271979,35.837713019863216],[129.22265063435682,35.837602836799945],[129.2226506721049,35.83756459665173],[129.22279576172267,35.83753149698156],[129.22287448311712,35.83752511533245],[129.22287317725807,35.83748136200289],[129.22284101637806,35.837343088228536],[129.22263134733532,35.8373732786031],[129.22256801387908,35.83739272696317],[129.22245721724744,35.837415155585056]],[[129.221765906927,35.838831352583036],[129.2218496794285,35.83884590741413],[129.22193090565844,35.83887625677155],[129.2220085389114,35.83894011215855],[129.22208760525,35.838969843509595],[129.22236631785734,35.83897761406169],[129.22238181450084,35.838930026575056],[129.2223880921965,35.83878300300757],[129.22240201136592,35.838645527660496],[129.22236292858787,35.83821813621979],[129.22232213881563,35.838065250879374],[129.22219513174727,35.838085699256446],[129.22199338090041,35.838110268195024],[129.22189049107544,35.838114575655034],[129.22182299653906,35.83810649803747],[129.22161898221637,35.838117101108544],[129.22163886872286,35.83821209257555],[129.2216455255371,35.8383059546736],[129.2217040227943,35.838322439523495],[129.22177345440107,35.8383264940777],[129.2218138235443,35.83835161003535],[129.22181706832163,35.83843230208917],[129.22179687946095,35.83852828626738],[129.22178923224416,35.838668760229226],[129.221765906927,35.838831352583036]],[[129.221399636784,35.83948664687726],[129.22121509309915,35.839595314774],[129.2214962368643,35.839745210126644],[129.2215621419255,35.83977041459676],[129.2215849037195,35.839776213015305],[129.22178062723893,35.83978791312494],[129.22205681913533,35.839767723201824],[129.22205345766048,35.83985289755785],[129.22201185318013,35.83988963678703],[129.22212025567495,35.83988869878959],[129.22212038230705,35.83989445754869],[129.22219107183437,35.83988861381685],[129.22236629449117,35.83990746148802],[129.22236524178894,35.83988706812116],[129.2223754445359,35.839830297615755],[129.22236079698604,35.83971709140644],[129.222350216149,35.83913834567761],[129.2223611722488,35.8390099874341],[129.2222610622634,35.83899533679986],[129.22208605935322,35.83899116092808],[129.22200004520963,35.83895457479415],[129.22199396167196,35.83896004753657],[129.2219341226427,35.83889884522781],[129.2218421376066,35.83886437885947],[129.2217650511746,35.838850109180704],[129.221633105977,35.838882489562835],[129.22168813904628,35.83913920014571],[129.22177345221158,35.83911038401937],[129.22182917732383,35.83910881282129],[129.221714535628,35.83923072786422],[129.22155177744054,35.839372098794655],[129.221399636784,35.83948664687726]],[[129.22161504152757,35.83770429934438],[129.22154860436777,35.83768619772377],[129.2213583017351,35.83766367229393],[129.22133700300103,35.8378469355821],[129.22128649678365,35.83805491050956],[129.22130396193432,35.838066739027255],[129.22143264269508,35.83809118884946],[129.22150909464588,35.83809642937208],[129.22161314167778,35.838090326629604],[129.22181470164836,35.83808876761479],[129.22192766394988,35.83809659961892],[129.22207704459885,35.83808578088114],[129.22221572520738,35.83806806000396],[129.22231954462035,35.838047753353784],[129.2223033591892,35.83790665621271],[129.2222968214301,35.83779611177235],[129.22196855921823,35.83775187722744],[129.2217958078739,35.837712385783874],[129.22172194202204,35.837701616035176],[129.22161504152757,35.83770429934438]],[[129.21835400212547,35.837082326699786],[129.2184648487226,35.837098313090834],[129.2184973866409,35.83696331902018],[129.2184391348513,35.836955078607986],[129.21815968031825,35.8368955954924],[129.21803908859223,35.837024187064564],[129.21816251322835,35.8370419355468],[129.21835400212547,35.837082326699786]],[[129.2175382333105,35.83693009665317],[129.2175338133575,35.836973607992824],[129.2177023754586,35.83698388553545],[129.21771039508783,35.83692502841854],[129.21775488648984,35.83685073934044],[129.21775695749332,35.836872013809],[129.2177915782393,35.83678994700127],[129.21790472704174,35.836822440688564],[129.21792005663943,35.836773646380536],[129.21789164609655,35.83671297123739],[129.21784310756854,35.83664183274823],[129.21778060009237,35.83660289404849],[129.2176264300129,35.836695639793994],[129.21750554932194,35.8367954183553],[129.2174478082748,35.83685303096819],[129.2175382333105,35.83693009665317]],[[129.21359009074428,35.84380990538634],[129.21379122680062,35.84380576495294],[129.2139444176853,35.8437872889561],[129.21414034896875,35.8437781642143],[129.21445318011004,35.84377715057631],[129.21464190964798,35.84378617994602],[129.21474564220168,35.84380848209289],[129.21487349585686,35.84381896198014],[129.21493691233883,35.84366264467059],[129.21494891109828,35.84359651665462],[129.21494625538483,35.84348529808266],[129.21497220681033,35.8433345719545],[129.21495189229773,35.843263265072075],[129.21494444560344,35.84321058219685],[129.21497478497125,35.84320618427484],[129.214999178395,35.843341499712366],[129.21496527136836,35.84352225161175],[129.2149619096128,35.843672162531206],[129.2149220786233,35.843744828985734],[129.214896578775,35.843824553802655],[129.21505512203422,35.84385795185732],[129.21531490637764,35.843880156319976],[129.21532693938858,35.84378565685275],[129.21532719684595,35.84356404798503],[129.2153069587492,35.84317080543059],[129.21536127927587,35.843168563789185],[129.2153600337189,35.843347806656325],[129.21537356444028,35.843481374895624],[129.21552928503337,35.843519049277546],[129.21553291489786,35.84353111956483],[129.2153806968895,35.843495232441434],[129.2153768553202,35.843833063901094],[129.2153906335867,35.843951598834316],[129.21549253895995,35.8439528503842],[129.2156720562933,35.84391949973381],[129.21574380366903,35.84388979280205],[129.2158481218902,35.84388276627217],[129.21597756497061,35.84388324728491],[129.21598400391446,35.843742262241996],[129.21600613150417,35.84370957946179],[129.21607596227815,35.84370813895806],[129.2161093285798,35.843697363505804],[129.2162484127804,35.843681523392156],[129.2163839432021,35.84370240640486],[129.2164427307737,35.843702346323724],[129.21649058697193,35.84369177917059],[129.21649812146782,35.84372738309635],[129.21652979151375,35.84376073577014],[129.21660531056088,35.843721936972955],[129.21668599836673,35.84370757077644],[129.21704281260642,35.84370062251132],[129.217035993824,35.843516437232836],[129.21705555989175,35.843519060823354],[129.21706291531493,35.84354157888287],[129.2170762151231,35.8438627966284],[129.2170511171212,35.8438652570033],[129.2170421843206,35.843726147042695],[129.21674694613478,35.843720439617805],[129.2166851075563,35.84372610207494],[129.21662658376553,35.84373776990451],[129.2165419904382,35.84377744114233],[129.21650669579202,35.84391037560948],[129.2164819352739,35.84391895475005],[129.2164801752055,35.843910720472856],[129.21644932260884,35.84391778739315],[129.21625462188575,35.843923534011964],[129.215990005408,35.84391979781002],[129.21585584709652,35.843902958519735],[129.2157554550488,35.843904633642424],[129.21567869335442,35.84394256892022],[129.2153849210162,35.843992480696855],[129.2153709934759,35.84406571403553],[129.21537715990561,35.84445359209127],[129.21538119876004,35.844477810504266],[129.21541248533526,35.844512696276304],[129.21549711416085,35.844518701126205],[129.2157632774095,35.84450827701336],[129.21581301032978,35.84451208172246],[129.2158958021392,35.844510023379996],[129.21598483657584,35.8445160470631],[129.21603675274966,35.844508492031906],[129.21604282544692,35.8444658069993],[129.21602881082612,35.8444407502319],[129.21605168699278,35.844439348500195],[129.21606100030928,35.84446143953453],[129.2160616807832,35.844498911905916],[129.21628183492058,35.84451663410838],[129.21647650218307,35.8445061559408],[129.216615428084,35.84449268597326],[129.21669054654583,35.84447745553206],[129.21690582366335,35.844450320707345],[129.21711574548237,35.84444039997015],[129.2171001309671,35.844319209855755],[129.2171203491816,35.84431732601459],[129.21713783621544,35.84441464766486],[129.21719290407475,35.84442648137926],[129.21728672957948,35.844419553547155],[129.21729173756057,35.84437226497617],[129.2172912621397,35.843861707654916],[129.21728164725957,35.84362214559533],[129.21722541305036,35.843371527776775],[129.21708416346885,35.84336817627624],[129.21708412938258,35.84334331084417],[129.2172157271056,35.84333453081945],[129.21683817706187,35.841861312235295],[129.2167737635569,35.84184747629233],[129.21651128362507,35.84186179845694],[129.2163570548859,35.84185912723248],[129.2161015656737,35.84187994303081],[129.2161080996451,35.84198802733938],[129.21609391806305,35.842287087552045],[129.2160825662151,35.84232174287645],[129.21607434595794,35.842495789001724],[129.21624733899017,35.84251537056051],[129.21625855260245,35.842548525545055],[129.2162967599648,35.84273234837113],[129.21625240813367,35.842897077061984],[129.21628237266185,35.8431232102875],[129.2162596253552,35.84312299859454],[129.2162412120119,35.84300593205517],[129.21623384546524,35.84289705616034],[129.21626129719056,35.84280700824542],[129.21624612038673,35.84259300644291],[129.2162256802966,35.84252884690817],[129.21605932577276,35.842516445442804],[129.21605952207653,35.842285211284775],[129.2160699931483,35.842153682129585],[129.2160633446682,35.842122249374505],[129.2159427148512,35.84212573624845],[129.21581891369942,35.84216004240934],[129.21581574872073,35.84213973386983],[129.21594099650437,35.84210418140499],[129.21597043496155,35.842102461553154],[129.21596301223968,35.842075338151005],[129.21599620740915,35.84208347126744],[129.216010315981,35.84210247147867],[129.21606601551966,35.842098803082116],[129.2160859606434,35.84198751711395],[129.21608163940743,35.841879041315124],[129.21587827995117,35.841890084107675],[129.2158463041711,35.84188670738546],[129.21530126391139,35.84191427652596],[129.21530832518218,35.84219110782789],[129.2153149329106,35.84219096989543],[129.2153163469936,35.842214697302595],[129.21530372939253,35.84221502617856],[129.2153273519802,35.84245895262668],[129.21541287834773,35.842462008855634],[129.21547247197853,35.84246979770647],[129.2155305634683,35.84249526272285],[129.2155302604538,35.842514315695304],[129.21541557321544,35.84248040759086],[129.21533211006818,35.84248312470718],[129.21533302676755,35.84267206120073],[129.21546659186035,35.8426913895889],[129.21546276083424,35.84271567609451],[129.21533335983156,35.842693050728506],[129.21532926791966,35.842892324456756],[129.21534661463275,35.84315684659693],[129.21529516280913,35.84315152163797],[129.21528037484538,35.8429577340741],[129.2152659890496,35.84286429099752],[129.2152475696066,35.84286401733867],[129.21524655575885,35.84284506584789],[129.21526741996132,35.84284066668115],[129.2152636170841,35.8426692195833],[129.21527863714033,35.84233907386486],[129.21525317352516,35.842048357754365],[129.21524833551922,35.84191599970703],[129.21509069859346,35.841921984924454],[129.21505448745586,35.84192834902474],[129.21472837817723,35.841940707484916],[129.21473842260488,35.84201701656215],[129.21473679042643,35.8421102357921],[129.214707353096,35.84211238794015],[129.21470338946375,35.84207479480435],[129.2147045576403,35.84194467019111],[129.21416923004347,35.84197113322154],[129.21418572856953,35.842072882235406],[129.21414801243918,35.842083583741186],[129.21414203180245,35.84206154973853],[129.21414994017655,35.84205936373003],[129.21413842036665,35.84197334173399],[129.21402207684864,35.84197362866837],[129.21356361055155,35.84200004316494],[129.21355294479872,35.842392646681944],[129.21356416963684,35.8425177654919],[129.2135733316006,35.84253324181691],[129.21356337686595,35.84271892597652],[129.2135593786872,35.84324198267301],[129.2135795938847,35.84325150926152],[129.21356568140553,35.843251975428146],[129.21356455178378,35.84336402085636],[129.21359009074428,35.84380990538634]],[[129.21714033559763,35.83655007774689],[129.217173386703,35.836505794035965],[129.21701424172562,35.836457628283256],[129.2170329384875,35.83648731801736],[129.2170905725193,35.83652922195467],[129.21714033559763,35.83655007774689]],[[129.21678782370242,35.836398489362246],[129.2168470550743,35.836419354443805],[129.21685350015383,35.83640835664121],[129.2167921378738,35.836389753778654],[129.21678782370242,35.836398489362246]],[[129.21538796174792,35.84119202006074],[129.21528081232717,35.84119039020768],[129.21528190485813,35.84120154574597],[129.21526327622053,35.84120154283621],[129.21530547884683,35.84165021841837],[129.2152957710118,35.841835622915376],[129.2156630295486,35.84181766491951],[129.21565844545643,35.84174295041284],[129.2156702723047,35.84171613515758],[129.2156875169146,35.8417159331834],[129.21567665503835,35.841743485745845],[129.21568452866578,35.84181485976173],[129.21674372452014,35.84177025689013],[129.2167863406249,35.8417584462658],[129.21681329762143,35.84174373462173],[129.2167948035906,35.84168709712938],[129.21674658027788,35.84161458779447],[129.21667622338603,35.84155989073497],[129.2163638241194,35.841451028912665],[129.21560676348417,35.8412027428242],[129.21560515359388,35.841250331722],[129.21558929646955,35.84124782746049],[129.2155895287701,35.8412024671061],[129.21541755890382,35.8412041793207],[129.21541949289102,35.84130197958796],[129.21539442007858,35.8413052957599],[129.21538796174792,35.84119202006074]],[[129.21676018680935,35.836851299543156],[129.21665155923205,35.83678377406141],[129.21668076325872,35.836929589277645],[129.21676018680935,35.836851299543156]],[[129.21629972268244,35.843716165863654],[129.21624152189816,35.843703958811346],[129.21609063628483,35.84372736345705],[129.2160231677078,35.84372636637663],[129.216007508679,35.84374006629658],[129.21599739180044,35.84388403203173],[129.2160332467677,35.84390129906281],[129.2161096359899,35.84390596631824],[129.21647890663283,35.84389183253953],[129.21648524782145,35.84379288195358],[129.21647330005018,35.84372157839167],[129.21629972268244,35.843716165863654]],[[129.21624429647468,35.83690649588865],[129.21621541434126,35.83690858432498],[129.21622069211224,35.83695723344674],[129.21643070304756,35.83699173643725],[129.21646290301004,35.83697559665744],[129.21644396145837,35.83691744061314],[129.21644791839583,35.83684977660824],[129.2164080634115,35.83680920146029],[129.2163255084256,35.83680991685753],[129.2163058526722,35.836888360848526],[129.21624429647468,35.83690649588865]],[[129.21554988481518,35.83663213003222],[129.21556952907048,35.836679711088706],[129.21562739319515,35.83682001269319],[129.2156999627116,35.83676082479018],[129.21554988481518,35.83663213003222]],[[129.21525942521208,35.84109049759097],[129.21527101827624,35.84117041789385],[129.21542465100814,35.84119072003666],[129.21553383971235,35.84118097234702],[129.21542598033557,35.84114578131683],[129.21525942521208,35.84109049759097]],[[129.21355163031623,35.84159110386411],[129.21355660721807,35.841913932027936],[129.21433084492412,35.8418838133241],[129.21432585152908,35.84181286671745],[129.21431068021488,35.841797788628625],[129.2143493905197,35.84179881959194],[129.21436290662962,35.84188208921976],[129.21526849232404,35.84183781642252],[129.21526411185818,35.841529470371505],[129.21506861285928,35.841520192635805],[129.2150678618429,35.8415042959113],[129.21525786616374,35.841499505889736],[129.21523468467277,35.84128365255828],[129.215219848445,35.84107993322994],[129.21419460746245,35.84075099332032],[129.21361466148596,35.84059549822894],[129.21355943445695,35.84078880582161],[129.21352305311515,35.84104299566256],[129.21352450885948,35.84139450786352],[129.21355163031623,35.84159110386411]],[[129.21511297262276,35.836812583049955],[129.21497427698088,35.83681208147346],[129.21496683744235,35.83688578098951],[129.21499143922756,35.83688893672706],[129.2150176866318,35.8369031659133],[129.21512231844642,35.8368843871468],[129.21511297262276,35.836812583049955]],[[129.21305727373522,35.83551634478677],[129.21321700447183,35.835494983211376],[129.21327660554755,35.83549512153077],[129.2134899960016,35.83552465782531],[129.21391275640264,35.83557002834878],[129.21406671784183,35.83560570703288],[129.21422545200716,35.83566712582409],[129.21430111511185,35.835688856223186],[129.21442017559164,35.8356981355093],[129.21456766557296,35.835693475990716],[129.21487524356266,35.83569758972576],[129.21492918288902,35.835604511832386],[129.21498088950474,35.83554152165245],[129.2149837967676,35.83545755590441],[129.21496634249914,35.83529636203826],[129.2149489769078,35.83523022300125],[129.21484208411746,35.834916326667305],[129.21481351667143,35.834891007148855],[129.21473078690227,35.83488357444416],[129.21467417932797,35.83481901007533],[129.21464635478986,35.8347527904035],[129.21459699027056,35.83466509604715],[129.2145710652797,35.83458487655062],[129.21454698551415,35.83440412817305],[129.2145476686366,35.83423324965522],[129.21406470029996,35.83427267847159],[129.21391504004217,35.834288444626274],[129.21388403961495,35.834296872045016],[129.21388623323026,35.83441812256179],[129.21391734503948,35.83475870462358],[129.21391793849506,35.83483601293319],[129.2138507215629,35.834839394257195],[129.21368578959382,35.83488537903831],[129.21349089465932,35.83494719736728],[129.21331312602217,35.83518563950601],[129.21326067568907,35.83533151838447],[129.21320242514426,35.83533975931664],[129.21320141473714,35.83532188026711],[129.21322917834365,35.8353113948621],[129.21324307335905,35.83528821722916],[129.2132905814069,35.835177549951666],[129.2133264697981,35.83512998173006],[129.2133965015209,35.83505291842371],[129.2134787579728,35.83493649388294],[129.21369259420837,35.83486380908648],[129.21366422490175,35.83478390013713],[129.21361839029433,35.83476206261048],[129.21340880390727,35.83475968355149],[129.21326953143608,35.83474485111902],[129.21314553987665,35.83471609431437],[129.21313242392236,35.834661690829655],[129.21314115463164,35.83453600493074],[129.21306157524228,35.834493542889874],[129.21304357542022,35.834442149158896],[129.21304689880492,35.834376595277554],[129.21286602500973,35.8343957587122],[129.21281996234984,35.83440879070597],[129.2127624287521,35.83455780566825],[129.21271004314687,35.83477008842598],[129.21269055643208,35.8348508297519],[129.21266086563952,35.835019470043],[129.21265386750565,35.83513936681896],[129.2125773153357,35.835400017064664],[129.21257644008205,35.83545817636046],[129.2126062714312,35.83561818622048],[129.21269810941087,35.83560426274427],[129.21288942646237,35.835590560800696],[129.21297285514945,35.83556503477531],[129.21302593862552,35.8355364978541],[129.21303029933662,35.8355239717955],[129.21305727373522,35.83551634478677]],[[129.21469726898857,35.8357050795627],[129.21431258322593,35.83571436836748],[129.21435289518752,35.83584375272364],[129.2143822138208,35.83599688648687],[129.21434570513128,35.83609804452081],[129.21432637623238,35.83620421912516],[129.21431580739312,35.836312378989355],[129.21427984495344,35.836423377695226],[129.21433852374594,35.83643846887905],[129.2143869226175,35.83636327286491],[129.21441946967718,35.836295495178625],[129.2145516698712,35.83609405651366],[129.2146981281788,35.83591864758027],[129.21472851760004,35.835876081634865],[129.21479262106027,35.83581324077889],[129.21484370968648,35.83571363391234],[129.21469726898857,35.8357050795627]],[[129.21304609719257,35.833695250412525],[129.21300907462035,35.83376984008423],[129.21289035596791,35.834109397276414],[129.2128329686913,35.834363534014486],[129.21307588268934,35.834333942087554],[129.2131988824202,35.83433121098193],[129.21355220084448,35.83427812619837],[129.21356378119313,35.83425448395833],[129.2135814557695,35.83424178116958],[129.21361009918826,35.83425013929469],[129.21363132935824,35.83426761314052],[129.21379371414014,35.834258881661604],[129.21403686089383,35.834254567490454],[129.21455751432683,35.83421497284209],[129.2146926554018,35.83418752438728],[129.21478868929148,35.83417481757194],[129.2148067711574,35.83414482787404],[129.2147992213861,35.83404500061702],[129.2147215309306,35.83374486846379],[129.2146086399216,35.83341348918516],[129.2145575653952,35.83324472121437],[129.2145227793447,35.83318239823234],[129.21431869845773,35.83315958862787],[129.21425400664083,35.833142345063294],[129.2136232450484,35.83312239782622],[129.21364769120783,35.833267104725856],[129.21363065872686,35.83326731504271],[129.21360057470616,35.8331250785075],[129.21330915707503,35.83310118658364],[129.21323294369546,35.83308792828295],[129.21319329597645,35.83318237722089],[129.21317059688894,35.8332950826922],[129.2130824844081,35.8335648022635],[129.21304609719257,35.833695250412525]],[[129.21326928293564,35.83297712743978],[129.21325545657308,35.83306347370431],[129.21332606854367,35.83307628222567],[129.21359517541583,35.8331007632502],[129.21391468954573,35.833118935948384],[129.21420758582946,35.833124501337295],[129.21424658689344,35.83312823558292],[129.21431224453323,35.833146585981055],[129.21450796110418,35.83315802761221],[129.21430299782816,35.832866925890144],[129.214249439471,35.832783078119945],[129.21416292876978,35.83279295574728],[129.21416008491653,35.832830470881724],[129.21404876581903,35.83282981162781],[129.21393723303675,35.83281957234122],[129.21388850503703,35.832795549981334],[129.21383188442545,35.83278758382996],[129.2137517635243,35.832782299827585],[129.21361767261965,35.832787718778484],[129.2134599540245,35.83277706487183],[129.21334821850732,35.83276128269698],[129.21332529464186,35.83280178931432],[129.21326928293564,35.83297712743978]],[[129.214483218451,35.83672574658615],[129.21444046868393,35.836780503329265],[129.21448080001744,35.83680157428089],[129.2145105483197,35.836763290475915],[129.21451096564977,35.83674137130576],[129.214483218451,35.83672574658615]],[[129.2133944452546,35.83261472073008],[129.21335131550472,35.83274807389751],[129.21361248325846,35.83277989605917],[129.2137427749315,35.832773330221585],[129.2138122701254,35.83277413575575],[129.21389030539305,35.83278172159594],[129.21395872568735,35.83280692583299],[129.21399857741133,35.83281014494197],[129.21406360474924,35.832808074224964],[129.2141417444363,35.83278426010255],[129.21423737307646,35.83276545296927],[129.21418675664756,35.83263517647758],[129.21416258011968,35.832533738300015],[129.21405934795806,35.83251504871886],[129.21391900751678,35.83245105562464],[129.21392267872454,35.8323751186615],[129.21391183056164,35.83233283307062],[129.21367009407243,35.832303455693754],[129.21360245996357,35.83229067816623],[129.21347453527304,35.83228808295628],[129.21345028844175,35.8324136701162],[129.2133952799164,35.83259147597197],[129.21352400905087,35.83261753844543],[129.21351413308147,35.83265356989445],[129.21344852919697,35.83262608026896],[129.2133944452546,35.83261472073008]],[[129.21312561276264,35.83450581333435],[129.2131535038874,35.83451427203017],[129.2131444839256,35.83466439137051],[129.2131590845636,35.83469855914085],[129.21326608424326,35.83473460095059],[129.21344525620918,35.83474113459784],[129.21363993058947,35.83475462531236],[129.2136857461587,35.83477762547892],[129.21370843197823,35.834859545238004],[129.2138664344265,35.83481318513341],[129.21386932152,35.83476690076382],[129.21386022283562,35.83470009805139],[129.2138622203794,35.83461073542736],[129.21384293860856,35.83436920703143],[129.2138107746259,35.83429402737365],[129.213782627368,35.83428497445631],[129.21342526106753,35.834318302606945],[129.2130626562264,35.83437544097358],[129.21306231297598,35.83444625291847],[129.21306878440006,35.83447838917098],[129.21312561276264,35.83450581333435]],[[129.21172955848544,35.84010659290028],[129.21173759387304,35.840555248508714],[129.21173292446275,35.84134019193516],[129.21189985754384,35.841250126188996],[129.2119790149548,35.841180816578465],[129.21205421643873,35.841084764727896],[129.2121936904502,35.840891283106274],[129.21228903857843,35.84073332491921],[129.2123202410256,35.84073330623113],[129.21231439658467,35.84074996258484],[129.2123519990437,35.840759188504904],[129.21252521570082,35.84075213407212],[129.21273434137055,35.840762671772815],[129.21284105558374,35.840763205136895],[129.21288550921784,35.84075142871192],[129.21291161912504,35.84073853094386],[129.2131387021678,35.8407297495821],[129.21333976704904,35.84074338270316],[129.21347220913947,35.84076220158687],[129.21352191120846,35.84077612834983],[129.21357397537287,35.84058382674406],[129.21251496503587,35.84030457294178],[129.21172955848544,35.84010659290028]],[[129.2117301558267,35.84417918058541],[129.21208385344693,35.84415216362632],[129.21268011922962,35.84413763447759],[129.21278847599683,35.84412140174086],[129.21284254409628,35.844123875219374],[129.21299556976422,35.844117901062006],[129.21306158267691,35.84412917665638],[129.21321084290855,35.844134970169094],[129.21352643600946,35.8441272667988],[129.21354528805438,35.84408619060026],[129.21353762951574,35.84397439501868],[129.2135442019467,35.843819557650534],[129.21354026487063,35.843567214536186],[129.21352353250347,35.84349386426634],[129.21352586547818,35.84339308234583],[129.2135086708497,35.84327079499711],[129.2132323188481,35.843252806631945],[129.21299367119454,35.84326105877098],[129.21269257885493,35.84330520885237],[129.21270610203382,35.843533643016606],[129.21267662066376,35.84353192838141],[129.21266854099883,35.843306720136034],[129.2123853077321,35.84331099378592],[129.2123819455932,35.84332879036734],[129.21238607908654,35.843401667224136],[129.21239923348318,35.843466047482266],[129.21242618803115,35.84347914941203],[129.2124419042246,35.84352026389839],[129.2124915122308,35.8435649599275],[129.21253494090863,35.843587685294835],[129.2125944387338,35.84358834684914],[129.2126564372892,35.84367637117836],[129.212675902456,35.84381216439323],[129.21268139730708,35.843914104160085],[129.21265020682688,35.84379800584546],[129.21263081612452,35.843686113651636],[129.2125871269615,35.843631953168554],[129.21256010073984,35.84361689568815],[129.21253464161092,35.843616769166175],[129.21247463182473,35.843569090255336],[129.2123877442587,35.84348293003943],[129.2123688189648,35.84347141823651],[129.2123512161391,35.84331552381369],[129.21204543152763,35.84333932126353],[129.21187338979598,35.84334074915185],[129.21189165166473,35.84350344693119],[129.21189244667048,35.843582331975675],[129.21186315101437,35.84359226096923],[129.21186756444035,35.84349048406172],[129.21184226775682,35.84334645447416],[129.2118066073248,35.84333115958701],[129.21173131646913,35.84333134541219],[129.2117301558267,35.84417918058541]],[[129.2130284728518,35.8471003585877],[129.21315786179275,35.84707433697008],[129.21315235385998,35.84704277589447],[129.21313191652789,35.84701664861293],[129.21312983780058,35.84698003449763],[129.21313542453532,35.846953771252984],[129.213338676954,35.846930773694325],[129.21331679853802,35.84686226320894],[129.2134122403588,35.846808425500576],[129.21342320726453,35.846674183031325],[129.21329452859888,35.8466727763791],[129.21330329983854,35.84649822715766],[129.21333274081792,35.84649682338346],[129.21333240483585,35.8463580044672],[129.21328756231674,35.8463578942515],[129.21329933796918,35.846190547450945],[129.21354747352737,35.846187865700685],[129.21353787873312,35.84615549171318],[129.21336856764432,35.84615371749527],[129.21336961265663,35.84594732943276],[129.21327505928554,35.84595192125408],[129.21328523978428,35.84585908358454],[129.21336861739107,35.84585614272369],[129.21336868296822,35.84583918108498],[129.213109487802,35.8458492902161],[129.2131082184464,35.845825652666534],[129.2132798193598,35.84581462546792],[129.21328670741767,35.84577825690621],[129.2131636840789,35.84563712164119],[129.21312291125633,35.84562709044517],[129.2131085221473,35.84558580248915],[129.21303871826893,35.845518818327335],[129.21299932614994,35.845578514367084],[129.2129704175848,35.84557603273518],[129.2130097994338,35.84551246134804],[129.21293621343543,35.84544259978316],[129.21275366859078,35.84536705363413],[129.21274205020342,35.84546052467006],[129.21274850076284,35.84551788690235],[129.21274453895754,35.845576700427095],[129.21273112338667,35.84561443230934],[129.21272893750333,35.845670899460785],[129.21273923862364,35.84576523320711],[129.21275215859018,35.84579939490244],[129.21279112075035,35.84583622356781],[129.2128919950178,35.845835956019435],[129.2128927048409,35.845857332418426],[129.21280657287036,35.84586099879268],[129.21281912094446,35.84597192960047],[129.21288023638078,35.84596830722825],[129.21287441199667,35.84639723129391],[129.2128128788245,35.8464104166587],[129.2128354829487,35.84669424355451],[129.21329220775198,35.84667288188103],[129.21329313018862,35.84669091426304],[129.21310921636163,35.84669710543072],[129.21302631277274,35.8467079762761],[129.21300811521738,35.846741570851414],[129.2129319428641,35.84674449878481],[129.21293268896028,35.84682540266337],[129.2129856505569,35.846931575816654],[129.21301867981637,35.847034981147495],[129.2130284728518,35.8471003585877]],[[129.21172829704582,35.84281764287528],[129.2117312919623,35.84329269984177],[129.21180113353748,35.84330384325766],[129.21194605892123,35.84331184498205],[129.21208430259068,35.84330877286275],[129.2122893051482,35.84329382217726],[129.21247816803702,35.8432952121115],[129.2125711713411,35.84327910566416],[129.21257229799187,35.843148701777565],[129.2125442565249,35.8431514637944],[129.21254714434198,35.84313012612733],[129.21257248531893,35.843127495028426],[129.21256825166228,35.84302522857743],[129.2125844632528,35.84299431425101],[129.21262257207363,35.842964479001765],[129.2126244238603,35.84298241964261],[129.2126355055261,35.8429830400594],[129.21260958269042,35.842999993061746],[129.212606271387,35.84327920622886],[129.21277927762287,35.84325753351397],[129.2130045598935,35.84323901304827],[129.21324938020737,35.84323350783638],[129.21351364809104,35.843248570395765],[129.21352018682293,35.84302284973208],[129.21351137933323,35.842778743592234],[129.21352742465484,35.84263976951176],[129.2133390975831,35.84263533405282],[129.2130916132065,35.84265814814366],[129.21310465089957,35.84264925688137],[129.2131848129694,35.84263715609799],[129.2132853407665,35.8426288316577],[129.21353273654623,35.84262269045652],[129.2135179630712,35.84230792778194],[129.2135215305422,35.84211785678099],[129.21351660156054,35.84200846268356],[129.2134968516103,35.842003108050875],[129.21321704478603,35.84201210917428],[129.21318004838676,35.84201878051882],[129.21301175525298,35.842021888767306],[129.21253682141167,35.842041262528845],[129.21243306487835,35.842038065016695],[129.21239993626654,35.84204238608031],[129.2123795871877,35.84213682778171],[129.21235688818984,35.842133848425824],[129.21237366346634,35.84204411752751],[129.21226216271938,35.8420507841257],[129.2122659910497,35.842138081545386],[129.21223076835352,35.842145821974746],[129.21222522290682,35.842053777975146],[129.21212113685473,35.84205154510957],[129.21200196988764,35.84205572843953],[129.2120937608097,35.84231844434407],[129.2121101303107,35.84233468322501],[129.21208023075334,35.84234208982997],[129.2120408962763,35.84226412849069],[129.21198338527537,35.84205570691964],[129.21172925822833,35.84206488490774],[129.2117303508596,35.842294368406485],[129.21172536908733,35.84237795908975],[129.21183317770917,35.84237294874023],[129.21183369168222,35.84239992226646],[129.21172713914714,35.84239856759087],[129.211721176035,35.84248779280454],[129.2117457182029,35.8427990778087],[129.21176449493615,35.84281730428687],[129.21185318205764,35.84281000215073],[129.2119424292309,35.8428177768873],[129.2120745697533,35.842800890287734],[129.21215915621605,35.84278328480754],[129.21222944805965,35.8428057829416],[129.21225501370967,35.8428211675108],[129.21244134972514,35.842779986868905],[129.21249487567508,35.84278289405774],[129.21245887987638,35.84279138394884],[129.2124573673112,35.84283464662228],[129.21243383666075,35.842835363868154],[129.21243313401206,35.84279573712265],[129.21226232051393,35.84283421381294],[129.21222052545264,35.84283049284925],[129.21216895443152,35.84280505085147],[129.21208578742315,35.84281947243708],[129.21203923945777,35.842835046497775],[129.21184801342125,35.842835363372004],[129.21174455356257,35.84284849540508],[129.21172829704582,35.84281764287528]],[[129.21172918572753,35.841366268511976],[129.21172012098341,35.84172724738382],[129.21172741270684,35.841986317117424],[129.21350448941786,35.841920044343745],[129.21351523632217,35.84179493181326],[129.21350100765352,35.841718080248434],[129.2134749541197,35.84138617760995],[129.21347366089717,35.841353581657984],[129.21348916150566,35.84123876202657],[129.21348548039288,35.84111160206066],[129.21347890458122,35.841069624394855],[129.21340304263907,35.841062367941234],[129.21326112971795,35.841074370419626],[129.21316890139852,35.841068692809856],[129.21315914140956,35.84111133014348],[129.21313467271503,35.84111290536634],[129.2131340462982,35.84105209909006],[129.21340852957937,35.84104038577503],[129.21347726185311,35.84104295027431],[129.2135052334054,35.840931019674564],[129.213516155577,35.84079694838276],[129.21341323482517,35.84076614493126],[129.21326888478282,35.840752204709695],[129.2131368354009,35.84074785899592],[129.21292180115242,35.84075896240766],[129.21287532672534,35.84077253588952],[129.21276576626377,35.84077974930333],[129.21275238121666,35.84089547539575],[129.2127524978767,35.841006256920515],[129.212721143445,35.841007438601494],[129.212716850738,35.84091214790331],[129.21272403433426,35.8407827427183],[129.21253545816094,35.84076616658274],[129.21230573546222,35.84077718653754],[129.21223180247594,35.84090064335775],[129.21213405521772,35.84103465045868],[129.21210946199056,35.84107704333281],[129.2121411351032,35.84109590506707],[129.21218076119348,35.841104343404574],[129.21241401162166,35.841091758332375],[129.21247689746284,35.841068422709554],[129.21249429000463,35.84109487091534],[129.21242721552736,35.84112062925132],[129.21230953933875,35.841135508112934],[129.2121624507143,35.84112837581075],[129.21207734252616,35.84110287539176],[129.2120326513505,35.84116310316781],[129.21197526159585,35.84122230771902],[129.2119204635115,35.84126119351526],[129.21172918572753,35.841366268511976]],[[129.20952539645177,35.83416596464944],[129.20950368439526,35.83416704768394],[129.20948060045805,35.83471535509031],[129.20960199381028,35.834694803687064],[129.20962088721538,35.83467387094236],[129.20973312529566,35.834644043357216],[129.2099113596466,35.834635037307024],[129.20996199873906,35.83461961918459],[129.21024541910654,35.8345886558894],[129.21085865851316,35.834540588833804],[129.2109933135115,35.83454225581219],[129.21114394110882,35.834553015442964],[129.2111669205214,35.8345414213069],[129.2112053827423,35.83444112599938],[129.21120285377233,35.83447267422053],[129.21121018288858,35.834477735477854],[129.21118254569657,35.83454466558814],[129.21153188031903,35.83452872526053],[129.21177396875711,35.83450047125936],[129.21223636566086,35.83443213050579],[129.21236908534027,35.83443443922554],[129.21244780954717,35.834413229799004],[129.21257605110898,35.834400468210944],[129.21279791242782,35.834386811900146],[129.21284507696825,35.83424257376166],[129.21286148293103,35.83411039437576],[129.21298584153652,35.833727368928244],[129.21313934089764,35.833303014681476],[129.2131573130721,35.83321073089502],[129.2131740429171,35.83316742331662],[129.21320134385599,35.83306638094693],[129.21311276141572,35.83304645707001],[129.21305099034447,35.833062022293376],[129.21304630941384,35.83304559169981],[129.21312582531914,35.833031356122426],[129.21320794491794,35.833047352904764],[129.21323395734282,35.83299040203602],[129.21325998580843,35.83289785168478],[129.21314619550378,35.832896042347066],[129.21314001470688,35.83287745139375],[129.21326692126533,35.83287556051781],[129.2133061167099,35.83275261476395],[129.21336061269483,35.83260670516167],[129.2132706386995,35.83257938457382],[129.21322027780676,35.83257381344548],[129.2131073609064,35.8325714798053],[129.21311194795024,35.832556727247145],[129.2131405190866,35.832554784305415],[129.2132719990971,35.83256238456567],[129.2132781225936,35.8325469173046],[129.21332407211162,35.83257086369821],[129.21335594324518,35.83257795444531],[129.2133847646449,35.83251195903132],[129.21341221194433,35.83241203389789],[129.21344102384637,35.832246792621476],[129.21322424913862,35.83222317438483],[129.21300433620124,35.83218885440674],[129.212867265284,35.8321719717778],[129.21281025791617,35.8321807240477],[129.21264349944636,35.83222890066495],[129.21268866280406,35.832328022110474],[129.21270509592352,35.83234811818715],[129.21274880388646,35.832344886982675],[129.212752529702,35.832385157382724],[129.2127792955105,35.832399431222804],[129.21276913157448,35.832414626173986],[129.2126987180226,35.83238455799954],[129.21268635619336,35.83244323319983],[129.2124787522769,35.832418164513115],[129.21247840531058,35.832404159667036],[129.21252931217467,35.83241535396002],[129.2125750993793,35.8324115603913],[129.21266287364986,35.83241500219007],[129.2126785246653,35.83237801434644],[129.21267293362772,35.83233968491328],[129.21261880959705,35.832242057257154],[129.21255934605324,35.83225531998274],[129.21245431538526,35.83233458925555],[129.21241631629857,35.83235381656845],[129.21239061167242,35.83238084516208],[129.21232683542553,35.83253776588705],[129.212258029728,35.8326636743042],[129.2121430865947,35.83282434373032],[129.21209351035756,35.832881191460366],[129.21189426908563,35.83316502020154],[129.21187132472323,35.83316454665508],[129.21207362096118,35.832876620915364],[129.21208896207352,35.83285624376598],[129.21212350932353,35.83282480163192],[129.21217864284642,35.83275593947164],[129.21226409743898,35.83262703678519],[129.21230822893,35.832528632795004],[129.2123620047325,35.83237760578956],[129.21221645749623,35.83238224116315],[129.21198445367742,35.832408811076554],[129.21175319366176,35.83249503310732],[129.2117252888996,35.83250205761458],[129.21167970868112,35.83252981478686],[129.21159190603262,35.83256601839267],[129.21136586100658,35.83261978549101],[129.21124744161614,35.83263774689354],[129.21110674458743,35.83268566860146],[129.21096957856437,35.832746462879825],[129.21086771247718,35.83276732412315],[129.21058256478207,35.832803861626694],[129.21035212895805,35.83281706910876],[129.21011100793115,35.8328157034292],[129.20999152498067,35.832825013422486],[129.20998310612262,35.83280944538209],[129.2098330515021,35.832800629998715],[129.20972944643316,35.83281263398587],[129.2095622321645,35.83281462696897],[129.20953762392529,35.833431639576695],[129.20952539645177,35.83416596464944]],[[129.21092943460377,35.83975699790828],[129.21169424269664,35.83996545571581],[129.21216192672793,35.840080474500944],[129.21253900981856,35.840180662811505],[129.21261055102212,35.84011574622953],[129.2127995483429,35.83969907222402],[129.2127643436933,35.83960049221713],[129.21275718858482,35.83952351994792],[129.21276071542712,35.83945939876068],[129.2127196612359,35.83921677307616],[129.21266216210833,35.83919640672106],[129.21258264993187,35.83920604560077],[129.21245164676697,35.83924888678904],[129.21237358952587,35.83930643347465],[129.2122570779079,35.83937978339983],[129.21218774271085,35.83941654083333],[129.2119999780693,35.83945449711721],[129.21190205966235,35.83946869206759],[129.2119348676138,35.83951517521493],[129.21197785348457,35.83959323838166],[129.211995246889,35.83971655310761],[129.21199790434676,35.83979653446492],[129.21201871861808,35.8398530605046],[129.21207109736596,35.83989170449172],[129.21214266474615,35.839932928448356],[129.21205032326984,35.83990484507987],[129.2119929858617,35.83985364633338],[129.21197667691155,35.83978052037002],[129.21196284772282,35.839606981702225],[129.2118925784481,35.839499720711004],[129.21185117899483,35.83947328739893],[129.2117785201107,35.839450243405196],[129.21165788588755,35.83943381734922],[129.21159725395302,35.83940484901788],[129.21151990423468,35.83932799937656],[129.21146441065392,35.83934616643246],[129.21135371512128,35.83942601235199],[129.2113052196316,35.8394705106768],[129.21127843262596,35.839507842192134],[129.2112567668182,35.83958589228961],[129.2112737835077,35.839692669826064],[129.21125249197095,35.83968587551109],[129.21123477149865,35.839585038443154],[129.21126005809916,35.839499105096394],[129.2112835286684,35.83946332952644],[129.21134559680604,35.83940725347275],[129.21145093134587,35.839330147717426],[129.21150051080713,35.83930223045567],[129.21151942244833,35.839246004409645],[129.21151845729736,35.839177988688476],[129.2114968926535,35.83907593266808],[129.21146252213342,35.83896975326326],[129.21145508231797,35.838914447477286],[129.21141366557163,35.83885607370639],[129.2113817627615,35.83874541074601],[129.2113681289174,35.838574034638626],[129.21145141880018,35.838469262914664],[129.2114562958799,35.83843412362766],[129.2114896517756,35.83844099596476],[129.21139628146997,35.83857202074094],[129.21140804216654,35.838746590545654],[129.21145727141723,35.83883791843119],[129.2114846626777,35.8388619880466],[129.2114945334482,35.83897032820292],[129.2115201326916,35.839074558201645],[129.21156269633101,35.839202623663674],[129.21155346367655,35.83928178765943],[129.21156322725997,35.83932842835231],[129.21161122159356,35.8393793822833],[129.2116643032447,35.83940775096235],[129.21174885564378,35.83942050896891],[129.21184142427495,35.83942168983543],[129.2118971808534,35.83945282958173],[129.21198934100576,35.83944182613745],[129.21211325352962,35.839417122036814],[129.21223624840783,35.83937191595987],[129.21234478056462,35.83928635008088],[129.21239064637243,35.83919367507737],[129.21241288368842,35.83908110585834],[129.21240168013776,35.8389715153817],[129.21236649908272,35.83889826936834],[129.21237487313874,35.83883376115403],[129.2124055940987,35.838802659143674],[129.21233214980754,35.83867504470718],[129.2122751370246,35.83860403601679],[129.2122104973966,35.83854107081861],[129.21212697358962,35.83849001717441],[129.21200719189443,35.83843127623357],[129.21208126127544,35.83841878129398],[129.2121808822225,35.838416894301595],[129.21229516996056,35.838386204553785],[129.21238200548962,35.838283399704046],[129.21242203107877,35.83821331126195],[129.21245100689492,35.83813351770467],[129.2123814668195,35.83806733471658],[129.21231446496375,35.838027562904244],[129.21217724616324,35.83801291488294],[129.2120320060968,35.83801203384998],[129.21192382099755,35.838027319293886],[129.21192071710155,35.83791654294211],[129.21193485241704,35.83774516331146],[129.2119736559827,35.83765655644085],[129.21201033260328,35.83755471390269],[129.21211363324676,35.837421156735985],[129.2121718574626,35.83732699108839],[129.2123555407968,35.83735895174791],[129.21257419434355,35.83736799497703],[129.2125921983486,35.83726207534869],[129.21257862917602,35.83712017014154],[129.21251592258145,35.836992681118346],[129.21251935965256,35.83695313719038],[129.21249927805323,35.836863840426666],[129.2125093690899,35.836787450674905],[129.2126001948273,35.836729331688296],[129.21266767851034,35.83669651572606],[129.21278097331367,35.83665550792919],[129.21282388708187,35.83661484912574],[129.2128614529314,35.836485813996596],[129.2128660357083,35.83640676619469],[129.21289225295857,35.83633890992841],[129.2128525333083,35.836340232531576],[129.21288520283167,35.836305612080274],[129.21290274207607,35.836266719268615],[129.21291811496235,35.836191410698014],[129.2129199328091,35.836113169868355],[129.21290621133105,35.83605166557614],[129.21288606849654,35.83600194292047],[129.21298858014262,35.835968578479104],[129.21309117672473,35.83591721581024],[129.21316778192033,35.83583113756989],[129.2132189283895,35.83579418628813],[129.2131939790198,35.83570587155139],[129.2133087837491,35.83567974926674],[129.21330867036295,35.83566623970749],[129.21332048412646,35.83563453989658],[129.2134172634426,35.83561839008251],[129.21341485735343,35.83552935969487],[129.2132918729636,35.835509406497714],[129.2132167642021,35.83550452788775],[129.21310080386286,35.83553302241111],[129.21295516055133,35.835591193191796],[129.21288311959626,35.835603775228456],[129.21270361090285,35.83562124166541],[129.21261149984844,35.835640717334584],[129.21263452941284,35.83572737726456],[129.2127147132268,35.83580541090943],[129.21274358529155,35.83586643796918],[129.21272004194446,35.83588664034661],[129.21268630328547,35.835814329153486],[129.21259229444098,35.83572331471706],[129.21254369797268,35.83576200968262],[129.21236555198246,35.83585961249897],[129.2121635399994,35.835918403941754],[129.21216803485015,35.835931437170046],[129.21215063444396,35.835935036628385],[129.212145022403,35.835922257708006],[129.21200762006004,35.835966623746636],[129.21181781148334,35.83600291602033],[129.21168486221032,35.836036233566595],[129.21159227182827,35.83606309054181],[129.21148982188802,35.83610333924582],[129.21151075204847,35.83628832958057],[129.2115465806197,35.83632244241344],[129.21162998709858,35.83635519227363],[129.21177789357796,35.836377816327065],[129.21185988535962,35.83636515444698],[129.21208394173502,35.83635073855602],[129.21215249574706,35.836329285785176],[129.2121397099173,35.836345179233646],[129.21211833379448,35.836356320117105],[129.21201849169339,35.836369878646714],[129.21188713684734,35.83637009967267],[129.21183679898894,35.83637412625838],[129.2117981523749,35.836387829828716],[129.21176144851367,35.83652538895987],[129.2117362682039,35.83658393323868],[129.2117479247319,35.83660141514606],[129.21187806093388,35.836663490896164],[129.211904453685,35.83669108606627],[129.21189136489173,35.8367012660846],[129.21187840992883,35.836686679481396],[129.21170899204293,35.83660322267047],[129.21170740557264,35.8365808293501],[129.21176015749109,35.83644718963981],[129.21176217947684,35.83639554439951],[129.2116450973831,35.83637709329663],[129.21164124734827,35.83636932223],[129.21150900367857,35.83633466596907],[129.2114928131004,35.83631020726253],[129.21146216821853,35.83610953409973],[129.21091694294438,35.83620884805212],[129.2109246305072,35.83644708947005],[129.21091285880578,35.83647835636898],[129.21091157148996,35.836641295843016],[129.21089418298885,35.83664108280541],[129.21087544246188,35.836627578663695],[129.21078038354995,35.836629384526184],[129.21076248791792,35.83669736102857],[129.21074548715399,35.83679843893008],[129.210913375616,35.836835025682554],[129.21107762985102,35.83690373913422],[129.2112838076645,35.83692517163862],[129.21150669831908,35.83695915605111],[129.21153055200008,35.836968271075634],[129.21150701593163,35.836995674197595],[129.21149433051895,35.83697416547355],[129.21147540540684,35.83696628555624],[129.2114043183084,35.83696338154245],[129.2113060656539,35.83694619502286],[129.21118493754923,35.836946703852895],[129.21103795799925,35.83692756529951],[129.2110239813635,35.83690321983455],[129.21097152917028,35.83687779685234],[129.21091609213636,35.836857921744176],[129.2107544484026,35.836826452241795],[129.21068608101774,35.83702469334343],[129.21063956934648,35.83719206455991],[129.21058780551314,35.83730666762013],[129.21056736924442,35.837372467478794],[129.21074327987705,35.83741197858547],[129.21090580999206,35.83743913857247],[129.21095784581064,35.83743656043104],[129.21096102877416,35.837451623803304],[129.21091499275107,35.83745452495365],[129.210563626037,35.83739695197438],[129.2105220975842,35.837540151921225],[129.2106129029335,35.837553512708666],[129.21059963081018,35.83757830218639],[129.2104983680336,35.83757416135179],[129.2104714312977,35.837609167731046],[129.21044584528326,35.83766965913911],[129.21039132841565,35.83783205123014],[129.21053413553767,35.83782541303132],[129.21054638106602,35.837826959906664],[129.21054507262235,35.83784714119628],[129.21050927817706,35.83783879478528],[129.21039636045,35.8378600713939],[129.2103544179108,35.83789617631879],[129.2103438757453,35.83802931844713],[129.2103303035305,35.83809169959947],[129.2102815804558,35.83810416745146],[129.21019300520712,35.83810998116683],[129.2101567496443,35.838124229817986],[129.21009503288232,35.83815803474439],[129.21004177827896,35.83816031721495],[129.21019260810758,35.83809359711105],[129.21030237689405,35.83807005501279],[129.21031602561365,35.83802841151902],[129.2103229069318,35.837900521036495],[129.21007807500897,35.837882731956206],[129.2098094311197,35.837888704587556],[129.2098921744219,35.83862391894224],[129.20995541047444,35.83931022906151],[129.20999109981554,35.839515039507624],[129.21092943460377,35.83975699790828]],[[129.2133072462518,35.84552628529816],[129.21331473880954,35.845513285078866],[129.21339014806907,35.84551522499952],[129.2133880604881,35.84542953783513],[129.21334912680078,35.84540344319782],[129.21329144245306,35.84531099552576],[129.21320117713125,35.84530024045535],[129.2131644782953,35.84528200071994],[129.2131176384151,35.8452798210833],[129.2130889697715,35.84533011625617],[129.2130675165027,35.845342239793695],[129.21302301120312,35.845343850272165],[129.21296530211092,35.845429552569605],[129.21303851846764,35.84548526514318],[129.2131479716881,35.84559773765835],[129.2131805754887,35.84562031962394],[129.2132401999626,35.845684708015376],[129.2132639766987,35.845717949273926],[129.21330533612382,35.845744580411306],[129.21339489739273,35.84569021232439],[129.21336615214312,35.845661756476936],[129.21333837627932,35.845623195901624],[129.21333009219435,35.84558830509601],[129.2133407147751,35.84553687005956],[129.2133072462518,35.84552628529816]],[[129.2130902558697,35.84725603983036],[129.21254300176642,35.847277731017115],[129.21255860384125,35.847396614496546],[129.2125707999745,35.84739983757185],[129.2125676808336,35.84743418967614],[129.21253678988793,35.847398184935884],[129.21252418105468,35.84732275445708],[129.2124859084149,35.84733751203709],[129.2124641479718,35.847359279374984],[129.21243839039764,35.84741828435019],[129.2124502282022,35.847536985186935],[129.21258065256148,35.84756299151618],[129.2125825025314,35.84759273851727],[129.21260128253974,35.84761587665275],[129.21263076870028,35.84762718059068],[129.21262816530805,35.84764729204465],[129.21257549949345,35.84762349244508],[129.2125524449784,35.847574667186215],[129.21246047840884,35.84755779507055],[129.2124466006813,35.84766779892981],[129.21246116716662,35.84773006773074],[129.21248174026636,35.847761494232714],[129.2125480490225,35.84779139840772],[129.21256034991734,35.847917677921636],[129.2125874651512,35.84795323866067],[129.21258027582707,35.8479972502957],[129.21259844017715,35.84811801286561],[129.21261623877987,35.84815088621604],[129.21265076917285,35.84818165728769],[129.21270046354854,35.84821186094636],[129.21274058087548,35.8482664241719],[129.21279005117887,35.848420766297174],[129.21280063825404,35.84848502479494],[129.21305947669515,35.84846239859308],[129.21307701404527,35.84843432984106],[129.21308281627222,35.84824329077404],[129.21313868401913,35.84818044738937],[129.2131500105302,35.84811047244807],[129.21314994706552,35.84804493369142],[129.21313035624297,35.848008368453186],[129.21310848775548,35.8479894717145],[129.2131020416078,35.84789644707194],[129.21308825377074,35.84783579922942],[129.21308658457048,35.84774916504368],[129.21306876977997,35.84775190917433],[129.21301069053115,35.84777805753934],[129.21289822301082,35.84779466721916],[129.21289328731334,35.847770152900644],[129.21300456996008,35.84776590144351],[129.21306604866302,35.84772766133834],[129.21307625455037,35.84765254223644],[129.21322906134466,35.84764497294807],[129.21332465047024,35.84765031110603],[129.2133886135797,35.84763477794643],[129.2133992078877,35.84757679088715],[129.21339677574161,35.84749476343368],[129.2132444831233,35.847491598145574],[129.21319873143142,35.84748284651589],[129.21321362806142,35.84738176314445],[129.21320529691792,35.84737086369001],[129.21306465130965,35.847372463287684],[129.21309007177055,35.8473117463977],[129.2130902558697,35.84725603983036]],[[129.2133317956898,35.84515081733151],[129.21323703154448,35.845200688293694],[129.21320958948118,35.84525431595948],[129.2132285931345,35.84528260876239],[129.21329391883287,35.84528483688634],[129.21338403245588,35.8452760170051],[129.21336222607655,35.84518865223135],[129.2133317956898,35.84515081733151]],[[129.21310131893117,35.84845358279295],[129.21332897641918,35.848448585284004],[129.2133602520555,35.84842500752992],[129.2133457542661,35.84813501099239],[129.21338262308245,35.84813341385919],[129.21335133793292,35.84777881830081],[129.21337955987224,35.847768395155406],[129.2133421070882,35.84767939069319],[129.2132235819362,35.847665810482255],[129.21310598327722,35.847671785639676],[129.21310048917687,35.84772877231635],[129.21312522290708,35.84782618087708],[129.21313815507753,35.847943897346745],[129.21317887111954,35.848052903860335],[129.21316168440478,35.84817121412944],[129.21312038789978,35.84825621161365],[129.21310390743224,35.84838623687065],[129.21310131893117,35.84845358279295]],[[129.21265358011868,35.84495365493996],[129.2126596223916,35.845028240787705],[129.21268929328187,35.84516385380887],[129.2127416000307,35.845319993552145],[129.21280346638832,35.845353438311264],[129.21293703581065,35.84541463254953],[129.21301013880586,35.845331787169236],[129.2130454229186,35.84527164773108],[129.21308213305178,35.84524831282086],[129.21310201239834,35.84522708041481],[129.21312242385412,35.84524364549319],[129.21330331714296,35.84513932252106],[129.213260298301,35.845071299891096],[129.2132289975649,35.84503914437329],[129.21317009909393,35.84499784471557],[129.21306577939728,35.84498828592436],[129.21294997336273,35.84499255440654],[129.21294333001072,35.84495017129508],[129.21265358011868,35.84495365493996]],[[129.21087292991626,35.84686166171579],[129.21073907237343,35.84685545095142],[129.21073809940762,35.84686852978028],[129.21065886014242,35.8468923615964],[129.2106163463359,35.84692344759851],[129.21061565387944,35.847039160262625],[129.21060393096502,35.84715289134644],[129.21061384522665,35.8472736235331],[129.21119402456014,35.84725340678686],[129.2111993534395,35.84721724836029],[129.21123014148944,35.84721863662401],[129.21122757192913,35.84725172598659],[129.21158480279675,35.84723704242971],[129.21172257443357,35.8472412716657],[129.21188690213268,35.84723719880106],[129.21204112999757,35.84722727627386],[129.21216515948922,35.8472296725065],[129.21231918048863,35.84722525662087],[129.21250198613762,35.847213940496],[129.21305144488232,35.84719725656335],[129.2130288890195,35.847132018757485],[129.2130204704128,35.847134016327075],[129.212994286331,35.84711142302514],[129.21298119388632,35.847008252975755],[129.2129263145298,35.8468885554377],[129.21287801645948,35.846746035662704],[129.21279948429705,35.84668979160296],[129.212790870165,35.84665562234648],[129.21278193855647,35.84653097718001],[129.21278465257538,35.84646079208491],[129.21277822650845,35.84641687646809],[129.2126733008034,35.84643411256417],[129.21269300998998,35.84652806926754],[129.21267609701923,35.846536850128786],[129.21263977318614,35.846443102868896],[129.21247598799283,35.846530162891604],[129.21241555624889,35.84654550911856],[129.21233374129133,35.84654943795179],[129.21222282609665,35.846520404985974],[129.2120755309922,35.846510109574965],[129.21174659783654,35.84653350522456],[129.2117493995691,35.846500397416],[129.21184564529597,35.84650761921693],[129.21201159625627,35.84649425145644],[129.2120866434438,35.846480321818206],[129.21214855373066,35.84648409768578],[129.2122437046183,35.84650007222309],[129.21234774770193,35.84652569247963],[129.21246507808996,35.846506812639305],[129.2126378019466,35.84640936353933],[129.2128392439799,35.846372031121625],[129.21284913687398,35.84620396667563],[129.2127182933317,35.84617352721595],[129.21255811270967,35.84614602314737],[129.21246281706956,35.84611705308852],[129.21235393002982,35.84610128307793],[129.2122963856965,35.84629991136355],[129.21226856882606,35.84629175878668],[129.21230613991074,35.8461208429407],[129.21207326425306,35.846117466024324],[129.21178541864063,35.846135283130586],[129.21174685008597,35.84612164261144],[129.2116306669035,35.84610948069871],[129.21158490569744,35.84609675395565],[129.21158488756953,35.84604371543082],[129.21153683893735,35.84599888113432],[129.2112208227659,35.8460001451037],[129.21104230432925,35.84599071404095],[129.21104101353492,35.845958694882185],[129.2109017363109,35.84597039257037],[129.21089747959437,35.84599755464876],[129.21082883666466,35.84600109900175],[129.21076093018826,35.84599424160887],[129.2101835392196,35.846010576036804],[129.21016882809369,35.84641200927907],[129.21014191400576,35.84690478732562],[129.21032196189321,35.84691840787484],[129.21032781084963,35.84697069723494],[129.21057856961733,35.84692899293644],[129.21064230209853,35.846876231009375],[129.2107083556719,35.84683481174178],[129.21094094380382,35.84682909819009],[129.21127192553323,35.84683063874979],[129.21127301146825,35.84677642667895],[129.2113298166918,35.84677515586887],[129.21132626962054,35.84686996452833],[129.2112596144245,35.84687197353226],[129.21125911492834,35.84698914588742],[129.21118879221234,35.84698565461851],[129.21120404100634,35.84687864965814],[129.21107721377268,35.84686028716612],[129.21087292991626,35.84686166171579]],[[129.21251433170718,35.84596564327985],[129.2124881535701,35.84601625787787],[129.21247003619763,35.84608015225607],[129.21261575279618,35.84612580599138],[129.21270980463876,35.84614070960484],[129.21285766241016,35.84615469837468],[129.21285664659996,35.84600966201945],[129.21278388536876,35.8460046438466],[129.21271770097883,35.84601693609165],[129.212650379748,35.84601795566199],[129.21251433170718,35.84596564327985]],[[129.2126694933891,35.84600005929992],[129.21271820038575,35.845996548941386],[129.21279710878426,35.84597791655992],[129.21278555072962,35.84591470519141],[129.21274370247014,35.84582476192909],[129.21262655046175,35.84587295037561],[129.21259518976584,35.84591008289553],[129.21259087717846,35.84595771251652],[129.21263598531735,35.84597459478627],[129.2126694933891,35.84600005929992]],[[129.2111345752733,35.83557857495211],[129.21113731529064,35.835652463781436],[129.21110048665045,35.83582704635623],[129.2111049891011,35.83593139440793],[129.21113722142064,35.83605850475997],[129.21113722694568,35.83613632780969],[129.2114617454808,35.836091915373295],[129.21167837293575,35.83601814778807],[129.21202309763873,35.83594320915898],[129.2123263332069,35.835845180174225],[129.21247008910044,35.83578444490346],[129.21254499790584,35.835726281792624],[129.21258373587216,35.8356887397202],[129.21254411807485,35.83548184591674],[129.21254414451934,35.83537482225617],[129.21259510996595,35.83519433823936],[129.21262436094673,35.835118617775535],[129.2126254118507,35.83499727142174],[129.21265173361374,35.83484782470432],[129.21271998984585,35.83458096132116],[129.21276209112733,35.8344555051902],[129.21276105670452,35.834403477751785],[129.21269340587284,35.83440171304442],[129.21263004419333,35.83441053948266],[129.2125361057466,35.83441649953171],[129.21238479679113,35.834453545227895],[129.21224276155064,35.83444838688202],[129.21210930697862,35.834469538890964],[129.21193116786833,35.834505991145456],[129.21176959756366,35.83451746750124],[129.21155071651324,35.83454927692575],[129.21118766313694,35.83455885137229],[129.21114213279247,35.83456401386767],[129.21112917721638,35.834607909397725],[129.21112084461907,35.83476833770931],[129.21109177185232,35.8351016622426],[129.21109111377774,35.8352133464829],[129.21110036892586,35.835382567353605],[129.2111345752733,35.83557857495211]],[[129.21169767913108,35.84843672371419],[129.21175653222946,35.84841822623976],[129.21181642383922,35.84841154230006],[129.21181471471706,35.848430841044255],[129.21175472762283,35.848443293147156],[129.2116938804106,35.84846539910734],[129.21171972093975,35.84855911088845],[129.21185439438315,35.84856716668717],[129.212000164495,35.848539333164375],[129.2123261002938,35.84851379710094],[129.21243615265323,35.848508556953114],[129.21258941317475,35.848508648300665],[129.2127648695352,35.84848409631696],[129.21276413240457,35.84841486362516],[129.21275060485112,35.848368815533654],[129.2126839874341,35.84822271391288],[129.21264153872627,35.84821151388106],[129.2125885534234,35.84815084473181],[129.2125668653373,35.84811644608542],[129.21255773125924,35.84801558526484],[129.2122987566126,35.848032262377295],[129.21233084717556,35.84818266969072],[129.2123040872138,35.84819767738491],[129.21229924222877,35.848127911143415],[129.21228112922793,35.8480640262992],[129.21218071984734,35.84807790139286],[129.21210803984206,35.84806243719027],[129.21207904236672,35.848030845140386],[129.21204563816715,35.84796536480764],[129.2120139867828,35.847930623018115],[129.21200059831074,35.84789511921444],[129.21195572363766,35.84788735695036],[129.21190546059105,35.84789312284947],[129.21190772369528,35.84790754789292],[129.21198517240992,35.848165151604206],[129.2119980392958,35.84825040529762],[129.21200814219955,35.84826156309261],[129.2120262254874,35.84831427253386],[129.21199610165613,35.84831306356134],[129.21196712680157,35.848243970451946],[129.21193509454866,35.84811538219229],[129.21193065724853,35.84807410372002],[129.2118834645192,35.8479054273723],[129.21180128734662,35.847902678218986],[129.21174309083744,35.84792234619201],[129.21171956627137,35.847946910354],[129.21172159210062,35.847959524304244],[129.21172562081378,35.84797186437525],[129.21174625489837,35.847984544903845],[129.21177164981236,35.84803948570358],[129.2117974486484,35.848117425679995],[129.21181338102733,35.848189876285055],[129.21178426802726,35.84819416311242],[129.211780266685,35.84815027024821],[129.21175442955047,35.84805782021712],[129.21173552185812,35.84802819317713],[129.21166531188638,35.848030028376975],[129.21164042420122,35.848079199021335],[129.21161647200825,35.848147303277976],[129.2116127635383,35.84820599913555],[129.2115618738816,35.84822609585501],[129.21154948684037,35.848268043640175],[129.21163793321534,35.84837696722361],[129.21169767913108,35.84843672371419]],[[129.21172659523984,35.84509490199076],[129.2117212555804,35.845785322900305],[129.2117336582125,35.845929798601716],[129.21171783076258,35.84593045716789],[129.2117145617624,35.846096887694316],[129.21176995391252,35.84610563203523],[129.2118362694713,35.84610100971883],[129.21191773510455,35.84608652820018],[129.21236558910684,35.84606897083471],[129.21242448573773,35.846063450950766],[129.21248754512897,35.845945357617],[129.21264415005695,35.84582258464299],[129.21270493115756,35.845818151822606],[129.2126982549066,35.845391782207095],[129.21271673532473,35.84538561221108],[129.212651301503,35.84511295488775],[129.21262178926688,35.84494946591323],[129.21254000871912,35.844965759975615],[129.212453864955,35.84496879524181],[129.21231794704556,35.84499014106048],[129.21226292858935,35.844992670951946],[129.21225441425173,35.84504626520116],[129.21217974620012,35.8450732804311],[129.21201841058456,35.845072752073136],[129.21172659523984,35.84509490199076]],[[129.21164110727014,35.82886214626713],[129.21212715349208,35.82898589357144],[129.2123123143919,35.82905656057582],[129.21246625080832,35.82912126174291],[129.21249436733802,35.82908600946336],[129.21255640508377,35.828879721006466],[129.21258416707852,35.828706469545985],[129.21260951842163,35.82861756151965],[129.21265905229097,35.82836623233072],[129.21266449411857,35.82829405046466],[129.21263956074665,35.828231529317655],[129.2125791279542,35.82817855169571],[129.21238947500152,35.82804069557774],[129.21227673476827,35.82797718380786],[129.2121935069026,35.82791667544286],[129.21211694996953,35.82784265456449],[129.21203607496437,35.82780133864681],[129.21197837499,35.82778135079006],[129.21192884243436,35.82775300300587],[129.21187210660318,35.82770833711191],[129.21174502325573,35.827623319017626],[129.21168389496478,35.82762514733087],[129.21165542734724,35.82764470923404],[129.2115866806541,35.827707845013755],[129.2115811222114,35.827820114761586],[129.21161590689104,35.82816915415711],[129.2116277868588,35.82857411122834],[129.2116404015666,35.828661645855284],[129.21163528367796,35.828806684358476],[129.21164110727014,35.82886214626713]],[[129.21037077945576,35.842904290290825],[129.21009316188005,35.84288836076633],[129.21008531858132,35.84316488701185],[129.210076241907,35.843253621852504],[129.21007709796964,35.84337342357441],[129.21014220479816,35.84337723999539],[129.21024574652844,35.84336964287615],[129.21041540033602,35.843365094130796],[129.21041810688186,35.84332506489797],[129.21043460039758,35.84332533363312],[129.21043914197054,35.84333080533822],[129.21043722098875,35.84336226231495],[129.21060886646748,35.843353221606755],[129.21098192406646,35.8433107267693],[129.2109603914502,35.843090525759806],[129.21092321799546,35.84306800521887],[129.21095006094433,35.84306406503137],[129.210975485285,35.843080495569005],[129.21101074575765,35.8433099735448],[129.21119114082612,35.84329872671094],[129.2114069899298,35.84329171664219],[129.21159687949125,35.84329626955652],[129.21159240767116,35.84230998499747],[129.2114376038048,35.84231615874641],[129.2114570365242,35.842285166840234],[129.21159522859708,35.84227998644982],[129.21159477444158,35.842183328130176],[129.2116924267021,35.84218863695725],[129.21169077699562,35.84214651539526],[129.21167863855973,35.842072543961734],[129.21081720445227,35.84210522186931],[129.21084299096105,35.84223432614468],[129.21082908743608,35.842351873428804],[129.21082003449544,35.84235240291184],[129.21079872632453,35.84210360476732],[129.21054466245513,35.8421158804427],[129.21055602950142,35.84215781387847],[129.21059061037664,35.8422048981246],[129.21062245151276,35.842262432621624],[129.21062706186913,35.842302557282174],[129.21052670015126,35.84238256467342],[129.21044436036274,35.84241691033289],[129.21039409458075,35.84245412924591],[129.2103775011819,35.8424410268719],[129.21041160038533,35.84240151084731],[129.2104448258272,35.8423791471287],[129.21049297670527,35.842375422340204],[129.2105305168968,35.842343831300994],[129.21059115430285,35.84230670243369],[129.2106047848623,35.84227901032499],[129.2105720335815,35.84220786852443],[129.21053677562332,35.84217693585984],[129.21053108555262,35.84211761643719],[129.21048548457685,35.84212283288206],[129.2103651219671,35.8421227898038],[129.21016367670305,35.84213410800144],[129.21013944857404,35.84235024290394],[129.2101197139957,35.842447918644346],[129.2101213737571,35.84247728751558],[129.21010933969094,35.842603258159365],[129.21010231356567,35.84285365575108],[129.21040092394122,35.84288461766749],[129.21042367015332,35.842956191477626],[129.21045972658246,35.84296648414844],[129.2106123136903,35.84293336812892],[129.21073157792543,35.84291511748733],[129.21077703381957,35.84293877726414],[129.2107933193057,35.84295258309328],[129.2106445987627,35.842944856957935],[129.21051632566665,35.84298892598254],[129.21041026322936,35.84299747402983],[129.21037077945576,35.842904290290825]],[[129.21022574510604,35.84141377482238],[129.21016893455902,35.842058105426915],[129.2108373359634,35.842024164378465],[129.21083371752033,35.841990869475154],[129.21084345073865,35.84198807666712],[129.21085507282916,35.84202170911372],[129.211589632218,35.8419920737399],[129.2115918123153,35.841824013742716],[129.21150286524184,35.841820474095734],[129.21152422801208,35.84179948268437],[129.21159200054348,35.84180305032611],[129.21159117443807,35.841074273500354],[129.2115987667375,35.84048636538442],[129.21159541487995,35.84007157057711],[129.21122176693774,35.83997222048202],[129.21116294233445,35.839961372934496],[129.21074158400347,35.839851262529464],[129.21066492725632,35.83983584940759],[129.2103408490923,35.83975444430361],[129.20997291360234,35.83969665509139],[129.20999888309927,35.83996840927169],[129.2100242464703,35.84013961193233],[129.21005730570317,35.840536086882864],[129.21006265245765,35.84066316297141],[129.21008965187443,35.84094755984686],[129.21010514381734,35.84105586328682],[129.21011498259404,35.84141043426388],[129.21022574510604,35.84141377482238]],[[129.2105303805666,35.84394967942616],[129.21048427111052,35.844107451380765],[129.21047386114677,35.844168835612145],[129.21064755506788,35.84417624811338],[129.2108416678061,35.84416960133881],[129.21097533124404,35.844183689263836],[129.2111375003891,35.844160938278414],[129.21159863603734,35.844180501130076],[129.2115970555152,35.843329435260294],[129.21141326236832,35.843332325036634],[129.21142040704447,35.84345609928458],[129.21143812657618,35.84351835373511],[129.21140309345057,35.8435688939659],[129.21139472882305,35.8435912505716],[129.21131539382716,35.843623653885516],[129.21129586311923,35.84360917785739],[129.2113776013131,35.84357723900897],[129.21139475174323,35.8435243326983],[129.21138588999003,35.843337005277604],[129.21130542668203,35.84333176533116],[129.21117709694647,35.84333338626756],[129.2111789559887,35.84336681941033],[129.21114660482368,35.84336816464586],[129.21114149474903,35.843335962874995],[129.21096562195797,35.84334115436159],[129.21095248207942,35.843441819888696],[129.21095658803833,35.84359312364361],[129.21092158266913,35.84358698405543],[129.2109271101714,35.843352748480704],[129.21070735635604,35.843373490528634],[129.21071717200778,35.84339358934582],[129.21068003877252,35.843394843644404],[129.21066945226124,35.84338046910558],[129.21059829542043,35.84338268385042],[129.2105918897902,35.84340081914088],[129.21056248469625,35.84340282601782],[129.21056723185728,35.84338962345386],[129.2103508642687,35.843397435028876],[129.2103410742403,35.84347996151085],[129.21032527768355,35.84347955636421],[129.21032390684942,35.843399987355944],[129.210074960845,35.8434069357713],[129.2100783279622,35.843458481445055],[129.21007452199336,35.84411019113421],[129.21016310091008,35.844120131348866],[129.2102987021872,35.844147248739844],[129.21042624616842,35.8441620598969],[129.2104597546535,35.844091190401066],[129.21050022555957,35.84394016961461],[129.21054812104268,35.84383876774608],[129.21065239547622,35.84385285308247],[129.21073543155032,35.84387235577641],[129.21077099781067,35.84386864377643],[129.21076141553334,35.843903701073806],[129.21066519677012,35.84388021979489],[129.21055994283262,35.84387251702556],[129.2105303805666,35.84394967942616]],[[129.2113714830054,35.8442337383866],[129.21057521092,35.84423244979882],[129.21027137337612,35.84418135447048],[129.2101914825435,35.8441583221064],[129.21006914824267,35.84415046832151],[129.2100912544144,35.844328444888355],[129.21013073889475,35.84432454602576],[129.21013384537514,35.8443441698611],[129.21009408845322,35.844349709473],[129.21012621131462,35.844654086996236],[129.21026007175723,35.844654386245494],[129.21069750303943,35.84463301388634],[129.21091703408527,35.84463989555995],[129.21154281000173,35.844627979302366],[129.21158591682007,35.84459570227606],[129.21158770750233,35.844464639351386],[129.21146968045738,35.84446592715167],[129.2114697521407,35.84445112849904],[129.21158888084503,35.844447856022256],[129.2115891822111,35.84429351640645],[129.2114712695777,35.844291920007336],[129.21147265434624,35.84427135105869],[129.21159021787398,35.84426230430237],[129.21159013997297,35.8442285706446],[129.2113714830054,35.8442337383866]],[[129.21149281042733,35.844699328538915],[129.21149486169202,35.844818208854356],[129.21148457115456,35.844912037959],[129.21158787197552,35.84491311914166],[129.21158844203697,35.84473055191503],[129.21155072226813,35.844698506317485],[129.21149281042733,35.844699328538915]],[[129.211587479672,35.84521764320674],[129.21149547142863,35.84521744353955],[129.21148454650884,35.84532678425935],[129.2114895453504,35.84543005877398],[129.21158721022195,35.84543024855531],[129.211587479672,35.84521764320674]],[[129.21149076362653,35.84519517286634],[129.21158654644444,35.845195365937684],[129.21158647914456,35.844930623853216],[129.21149080232342,35.844928528958356],[129.21149076362653,35.84519517286634]],[[129.21096535565889,35.844708991293665],[129.21101599172695,35.8455822413466],[129.2110550784813,35.845582623811204],[129.21107619135148,35.84589955659849],[129.21152150450501,35.84588425993595],[129.21158484683335,35.84583941115834],[129.21158614230478,35.84544503993485],[129.2114671069813,35.84544650974757],[129.21146259839009,35.8453192431003],[129.21146996135286,35.84519818334375],[129.21146661803954,35.845097249181514],[129.21147035936383,35.84484946196344],[129.2113856215476,35.844835721742875],[129.211311233649,35.8448430616556],[129.21130854156868,35.844825392841955],[129.21147095896504,35.844820774125466],[129.21147077951198,35.84469810528823],[129.21096535565889,35.844708991293665]],[[129.21131061177087,35.848460472210945],[129.21133647940198,35.84840498216684],[129.2114084760593,35.8482955078028],[129.21131400232488,35.84825159269301],[129.211194677081,35.84822862987209],[129.21120007300956,35.848453356045766],[129.21124982237882,35.84846255208066],[129.21131061177087,35.848460472210945]],[[129.2096047382799,35.83552530227271],[129.20962627378117,35.83592683560563],[129.20967337374498,35.83638232760842],[129.20984714093186,35.83633962258609],[129.20995171659465,35.83633726921611],[129.21002955483715,35.836323354036985],[129.21011939028364,35.83633038108812],[129.2101834731918,35.83632155472087],[129.21052555374763,35.8362586566844],[129.21059606987782,35.83623824683909],[129.2108903466482,35.83618784116463],[129.2110940602324,35.83613996304862],[129.21110303090035,35.83606635121213],[129.2110755094688,35.83594188231467],[129.2110728326649,35.83582888807681],[129.2111073262125,35.83565858151536],[129.21110364496246,35.83556346985445],[129.21107087085835,35.835369136076665],[129.21106190021098,35.83525756776834],[129.21107102571568,35.835053481465025],[129.21109346664971,35.83476557355709],[129.21109972607061,35.83455750870145],[129.21092063804028,35.83455320651438],[129.21068429504615,35.834569471161984],[129.2100053846391,35.834632368727235],[129.2099192266293,35.83465534688816],[129.20968584294096,35.8346691800735],[129.20966455337015,35.8346752823769],[129.20961105901878,35.834703539142154],[129.20948299920806,35.83473542181306],[129.2095604914223,35.83506429858935],[129.2096047382799,35.83552530227271]],[[129.2102124628343,35.8364703911038],[129.21026979170352,35.83659573669849],[129.21042804817733,35.83658086138715],[129.21042370794555,35.836597154544926],[129.21027557662742,35.83661545504037],[129.21027584153575,35.83666164371157],[129.21032265947753,35.83673765501456],[129.21034890436096,35.83675548121923],[129.2105749988054,35.83673690982936],[129.21071444505114,35.836753556587155],[129.21075269527302,35.83660984855127],[129.210861948772,35.836593228447164],[129.21087891012627,35.836489861416155],[129.21088492478808,35.836415840174546],[129.21089811763343,35.83635256736547],[129.21089926726808,35.83620882477838],[129.2106229090832,35.836246401524],[129.21031633518234,35.83631363625122],[129.2101838677259,35.836374998243194],[129.2102124628343,35.8364703911038]],[[129.21085397315133,35.844715782557444],[129.2101346945319,35.84473599590397],[129.21018498942288,35.84521208405012],[129.21019726860416,35.84528941701515],[129.21019435598697,35.845639548691956],[129.21018084354432,35.84592385343685],[129.21089477793504,35.84590464048922],[129.21085397315133,35.844715782557444]],[[129.20969187565524,35.83664772309815],[129.209733973397,35.8372259380606],[129.20974600801136,35.83723575886995],[129.2097578497641,35.83733693985202],[129.2097894237851,35.83733561436487],[129.20982909966958,35.837321576193936],[129.2099337204922,35.83726406618316],[129.21004450089993,35.83722993286189],[129.21008636037507,35.83719177333269],[129.21010472755907,35.83715145551854],[129.210213004476,35.83715886505863],[129.21024859893416,35.83716704968149],[129.21035146208644,35.83716967384415],[129.2105817030819,35.83722505191261],[129.21060531223134,35.83717895689404],[129.2106556132848,35.837029982646165],[129.21064892403717,35.836982038707845],[129.21068104161793,35.83685054431589],[129.21066832294954,35.83681627384231],[129.210665033605,35.836785952461014],[129.21069350824527,35.83678459608122],[129.2106979879862,35.83676665338156],[129.21058211041918,35.83675181316565],[129.21044617075705,35.83676393711215],[129.2103684509661,35.83678095265932],[129.21034000814473,35.83677755931246],[129.21033197496055,35.836765748855356],[129.2102921661587,35.836733147667765],[129.2102655685699,35.83667785704519],[129.21025301856585,35.83661494446554],[129.2102043826761,35.836499785931764],[129.21017701256412,35.83643684500465],[129.2101224817164,35.83634015429894],[129.20996540764827,35.83635415294268],[129.20985795414686,35.83635645723922],[129.20977556909477,35.83637545423313],[129.20967731643853,35.83640445551252],[129.20969135350572,35.83661732479451],[129.2097455085188,35.83661268865385],[129.20982542055216,35.836583277502385],[129.20987539414125,35.836698037318634],[129.20990168657727,35.836780636472334],[129.20988267109274,35.83678044413497],[129.2098618779408,35.83670147649754],[129.20984339205228,35.83666677432166],[129.20981606306853,35.83664911211059],[129.2097554559566,35.83664127713346],[129.20969187565524,35.83664772309815]],[[129.21059164426026,35.84701392198944],[129.21058312140326,35.84695935713375],[129.21039267709565,35.84699139433977],[129.21030815490687,35.847010034897615],[129.21029651711106,35.84694104642524],[129.21014184158838,35.846932077295115],[129.21013490501906,35.84711532243239],[129.21011780824384,35.84729498020556],[129.21057447109527,35.84728215478633],[129.21056497424414,35.84716016913308],[129.21059164426026,35.84701392198944]],[[129.20973868139583,35.837481578831074],[129.2097635435172,35.837503886775934],[129.20980940485805,35.83787019293411],[129.21003323741553,35.83786999398121],[129.21033483867822,35.83787947411212],[129.2103636546771,35.83785196290818],[129.2103792433462,35.83777771777932],[129.21046745182832,35.83753936373311],[129.21055508005455,35.837244574270095],[129.21021974699713,35.837180762766174],[129.2101390721345,35.83717263838682],[129.21010597292232,35.83720437483109],[129.21008520869853,35.837233827715636],[129.21005578845686,35.8372503266137],[129.20994121431733,35.83728971180812],[129.2098329599964,35.83735026534126],[129.20972788696415,35.83736186630919],[129.20973868139583,35.837481578831074]],[[129.20947705103347,35.826930245269835],[129.20955589340866,35.827139154396576],[129.20959501605162,35.82734750136735],[129.20962008300694,35.82763861534558],[129.2096302120083,35.82763842041956],[129.20967076793747,35.826406705564835],[129.20968288984957,35.82631499109724],[129.20970323634404,35.82626221453074],[129.20973974097677,35.82619283592341],[129.20942393423945,35.82596429320668],[129.20919239061013,35.82582514354891],[129.20861177378447,35.8255362394498],[129.2084762367946,35.825508669282975],[129.20847557966997,35.82556672012379],[129.2084882092887,35.82566151920561],[129.208515045479,35.82575093135971],[129.2085427560051,35.82575513754034],[129.20855036710793,35.82583931047237],[129.20858352349472,35.825975982439196],[129.20862790049273,35.82602281618531],[129.2088618648478,35.82634819765696],[129.20891744010595,35.826415695725515],[129.20901529404807,35.826510212436816],[129.2091063390354,35.826582263581805],[129.20938378153375,35.82682024650172],[129.2094263006387,35.826875708148165],[129.20947705103347,35.826930245269835]],[[129.20960269762367,35.83746462753601],[129.20931275780987,35.83745706308885],[129.20930168115476,35.83754718032914],[129.20929653011564,35.837821376890425],[129.20931068549228,35.83789741801161],[129.20943939753718,35.83788022479856],[129.2095308257821,35.83787348742354],[129.2096733511447,35.83787333073094],[129.2096343692111,35.837437075509605],[129.20960269762367,35.83746462753601]],[[129.209395188345,35.83687811891328],[129.2093555130287,35.836875348603556],[129.20934306849722,35.83694171123765],[129.20933360870086,35.83721035455987],[129.20948592267146,35.83723352356962],[129.20963065654226,35.83721913234947],[129.2095858713128,35.83664565357216],[129.20956425537213,35.83661598575537],[129.20954826346878,35.83644274786601],[129.20942638850784,35.83646214644474],[129.20937572747624,35.83648661294057],[129.20935587655325,35.836501319650345],[129.20934811670014,35.83653482357332],[129.20933908640717,35.83667108136099],[129.20934287032316,35.83676814859941],[129.2093540152174,35.83685274781095],[129.20939681487195,35.83686096528658],[129.209395188345,35.83687811891328]],[[129.20962899941148,35.83739404105078],[129.20961663773494,35.83726324584073],[129.2095802691771,35.837263786483526],[129.20941134916197,35.837243431192086],[129.20932541259734,35.83723788393613],[129.20932567942762,35.8373359396123],[129.2093192975246,35.837426751712634],[129.20947193166938,35.83743673487924],[129.2095796353406,35.83743642225801],[129.20961399359985,35.83741623781984],[129.20962899941148,35.83739404105078]]]},"properties":{"reg":"역사문화환경 특별보존지구","key":"reg_special","note":"고도보존육성 특별법","parcels":815,"area_ha":52.5,"parts":1,"source":"V-World 토지이용계획 속성(getLandUseAttr) 포함·저촉 필지 합집합(접함 제외) — 지정 필지 외곽, 법정 경계선 아님"}},{"type":"Feature","geometry":{"type":"MultiPolygon","coordinates":[[[[129.21380297028253,35.840092294815946],[129.21383361794247,35.83995896370173],[129.21379802402134,35.83996820132369],[129.2138007345918,35.839992665493554],[129.21378757104483,35.8400870587171],[129.21363607762376,35.840366254344396],[129.21329741846517,35.84025626825703],[129.2127296959715,35.84009601576224],[129.21271860623213,35.8401214234898],[129.21271145663985,35.84022606225815],[129.21360720197583,35.84046273914335],[129.21380297028253,35.840092294815946]]],[[[129.2129631824553,35.85235676683406],[129.2134226708231,35.852425713922464],[129.21379703952135,35.852456867105126],[129.2141359936699,35.85245031947291],[129.21414327210758,35.852978798916226],[129.21415617773349,35.85333440884382],[129.21423315665174,35.85343214818446],[129.21421632511885,35.852394389972304],[129.21379567739874,35.85240270445314],[129.21341964554708,35.852370472700365],[129.21296591711376,35.85230268708544],[129.20691034658233,35.85078737761697],[129.20704652401625,35.85087934253031],[129.2129631824553,35.85235676683406]]],[[[129.22301343797514,35.85658038381214],[129.22296134434623,35.852896536974974],[129.22300497414867,35.85286130785044],[129.22286371880344,35.852862018806384],[129.2228830599625,35.85303371610102],[129.2228526979917,35.85303913447038],[129.22290107002652,35.85658077118441],[129.22301343797514,35.85658038381214]]],[[[129.22410983083356,35.85857723514703],[129.2243333537669,35.85857618990288],[129.22429189126143,35.852858477808645],[129.22407070787085,35.85285906799139],[129.22410983083356,35.85857723514703]]],[[[129.20170240730246,35.860669554089434],[129.20309223809,35.86085877217517],[129.20325208687905,35.86160991014337],[129.2033358559255,35.86211713581781],[129.20357751517102,35.86302396140243],[129.2036609888635,35.86340911325951],[129.20404264597425,35.86430163355873],[129.20433672476983,35.86480469125236],[129.20460282800346,35.865212209208956],[129.20490731657293,35.86543171549007],[129.20546199597953,35.86585148615755],[129.20616435238907,35.86656457489334],[129.20727085535648,35.86812752842274],[129.20752952867122,35.86852482320813],[129.20772514915697,35.86881210235444],[129.20826766575112,35.869811751607955],[129.20844695843135,35.87023901215166],[129.20899972878942,35.87114235102692],[129.20913573518436,35.87135390885796],[129.20955992119306,35.872067484500676],[129.20974711956148,35.87241378833178],[129.21102051808805,35.874377082887335],[129.21143886355776,35.87505527877055],[129.21167945499695,35.87542395411229],[129.21204657556981,35.87601476248945],[129.21290014541603,35.87825649859964],[129.2130285101868,35.87856759867953],[129.21321202264028,35.879235981061775],[129.21328314792135,35.87961756891061],[129.21330742484415,35.87993050137692],[129.213395366922,35.88043459268444],[129.21363908848787,35.881182628103474],[129.2137009421894,35.8813543140769],[129.21392984203828,35.88175444053784],[129.21478566520983,35.88321988828334],[129.21518109891247,35.88377862374182],[129.21556086111977,35.88407162691829],[129.21587197516558,35.884204798627465],[129.21617714399304,35.88421108499111],[129.21658320985273,35.88400683957476],[129.2168472560962,35.88392660633994],[129.21726727905778,35.8839043037766],[129.2183226419231,35.883983262847515],[129.2189048773442,35.88410762748089],[129.2191473298132,35.88419473521861],[129.21900876398945,35.88404510935521],[129.21881242103456,35.88374098847128],[129.21819955057532,35.882687748254625],[129.2179822092592,35.882690059833074],[129.2178893841557,35.882727115030534],[129.21759391722043,35.882649716391725],[129.21678337353976,35.88249706818291],[129.21647206197846,35.88244461458288],[129.21600263334207,35.88233998122648],[129.2151781364842,35.88218936587394],[129.21516133904038,35.88218202357687],[129.2148669149924,35.88183935309143],[129.2146159016606,35.88127230310959],[129.2144273364385,35.88056350224954],[129.21430530108498,35.87966594360928],[129.2141505523648,35.87875868214372],[129.2140399877402,35.878305912124205],[129.21399877414905,35.87797548047295],[129.2139565784365,35.87783281592434],[129.21392459060797,35.8776519655757],[129.21394314054507,35.87745341551026],[129.21394902220027,35.87676971151062],[129.21403432382624,35.876728743212304],[129.21402915194287,35.87664564854058],[129.21404594710685,35.87637488474771],[129.21397204430676,35.876060625083674],[129.2139943523772,35.87605870201888],[129.21419986061892,35.87601096883415],[129.2140124297675,35.87571244762329],[129.2134039163511,35.874659642259815],[129.21315388852358,35.87455462833282],[129.21301722006476,35.87442501760508],[129.21288530671453,35.87427198398945],[129.21233756625904,35.87353664694903],[129.21159068866365,35.87291964686331],[129.2112719236418,35.87254457368522],[129.21104002051456,35.8722628433999],[129.2105559470568,35.87174666904221],[129.2096478342498,35.87065528682413],[129.20917274966362,35.87002497534028],[129.20894307884876,35.869599956856106],[129.2085591206481,35.86845829838463],[129.20847437769498,35.868311559254565],[129.20832708626452,35.868092197165645],[129.208284698512,35.86794210442248],[129.2082755884217,35.86786209841297],[129.20714121113244,35.86614460191204],[129.20695015299532,35.86591424564279],[129.20669128485744,35.86555719944447],[129.20654477500966,35.86547831109907],[129.20647057412194,35.86542404746487],[129.20623605143103,35.86521544818394],[129.205960689165,35.86499111007575],[129.20545836105634,35.86442863040224],[129.20534741145434,35.86428251925284],[129.2051622920034,35.863963458229506],[129.20499964283155,35.86361999812417],[129.20496782152424,35.86352435757738],[129.2048867085028,35.863385324307025],[129.20484082520557,35.86324592492894],[129.2048179274367,35.86312835990632],[129.20477575134817,35.86276702203066],[129.2046940020533,35.86246503512119],[129.2046458625601,35.86213968504863],[129.20461017256773,35.86195501667164],[129.20458874547379,35.86180606764948],[129.2045769131578,35.86160767797871],[129.20458208225148,35.86149866333351],[129.2046060840735,35.86127686174654],[129.2046409063687,35.86110426800325],[129.20466370117464,35.86100395663158],[129.20471339175705,35.86084855154785],[129.20480769736668,35.860687798647014],[129.20484545015844,35.86063549842912],[129.2048542565715,35.8605549660424],[129.20514493114973,35.860470801824704],[129.20509994109568,35.86032520037614],[129.20513438796226,35.86030073620152],[129.20526777738604,35.86016729658442],[129.20539187701073,35.860059594198376],[129.2056698506498,35.859880548857014],[129.20619157804094,35.85958472768963],[129.20620654601967,35.85960180787259],[129.20703773623168,35.859127359713426],[129.20769380863243,35.85874429560077],[129.20828219664926,35.85841219282365],[129.20954267863831,35.857680861922034],[129.2100521612834,35.857395932209194],[129.2109743996168,35.85685521009767],[129.21215373130997,35.85619219061719],[129.21539737267904,35.85437891577183],[129.21685863414743,35.85359526534243],[129.21684458385647,35.85358636816408],[129.216768461222,35.853458536276534],[129.21654723057733,35.8526836536043],[129.2170412792755,35.85241520320787],[129.21750296803577,35.85217568733537],[129.21757388321092,35.85211062117856],[129.21773967880233,35.85257784039118],[129.2179182305161,35.852500110649984],[129.21804155038518,35.852425733706006],[129.21823565650809,35.8523769686329],[129.21897638732656,35.85230725241667],[129.21922534391118,35.85221737061736],[129.2193295220351,35.85215930359035],[129.2195247608825,35.85201127984587],[129.21956578023537,35.85209772529474],[129.2198016506496,35.85201193068271],[129.21982551942932,35.85199629570803],[129.2197843139983,35.85188243469421],[129.2201786324318,35.851664138164175],[129.21999690331225,35.851740281835895],[129.21961044842817,35.85176219938864],[129.21958813545004,35.85171532988639],[129.21895351378745,35.85184420511678],[129.2186044771747,35.8518749199976],[129.21846941582538,35.851860870161175],[129.21843378814808,35.85182289277662],[129.2184933427862,35.85166337232711],[129.2185243905197,35.851544081016684],[129.21855102515627,35.85151154288014],[129.21854951210437,35.85140724407161],[129.21852846057752,35.85135584782003],[129.2186627578926,35.85115497812847],[129.21885916116955,35.851056828458425],[129.2191257342618,35.850998161286185],[129.2192814182661,35.850979998421735],[129.2195347763051,35.85096291989904],[129.21984987138717,35.85089314979732],[129.21986014657486,35.85094643099067],[129.2202742123697,35.85092677857755],[129.22054999731176,35.85090141966181],[129.22062513302458,35.85111584300424],[129.2202526739102,35.85116999279464],[129.22035229789174,35.85138101005349],[129.22047071420843,35.85145723823756],[129.22075877040146,35.85125633824798],[129.22074270229717,35.8510975584899],[129.22107770629785,35.851025757081246],[129.2210837523151,35.851034425059616],[129.22119674774788,35.85095534119148],[129.2211896761503,35.8509280372648],[129.22156528570446,35.850796776949416],[129.22164550814793,35.85097622187642],[129.22193006203696,35.85075551603474],[129.22230626521508,35.85047576252467],[129.22253785166774,35.85028068390931],[129.22259239060185,35.8503319648088],[129.22268119535556,35.85027668097537],[129.22263834261932,35.85023651095566],[129.22264151916335,35.850191522824936],[129.22282316879696,35.850038093238396],[129.22278113901095,35.84999126964701],[129.22305945685687,35.84982335875141],[129.22306587948458,35.849836045508226],[129.22333760890308,35.84961621613938],[129.22335235359523,35.849616080765806],[129.2232874267027,35.84953980173858],[129.2233742141247,35.84954764460273],[129.2234102037254,35.84957598551295],[129.22340808490554,35.84958232520763],[129.2234436151709,35.84962458224276],[129.22346171202716,35.849619754168295],[129.22354800602878,35.84968881065937],[129.22350691837286,35.8497616354128],[129.22353741636107,35.84978561537213],[129.2236021377779,35.84973248428026],[129.22374425021852,35.84984256143321],[129.2236780580007,35.84989622705727],[129.2236983382996,35.84991217771395],[129.22371014620097,35.84990291807398],[129.22373470486198,35.84993666048169],[129.2238015906255,35.84988558012851],[129.22387704882703,35.8499629479181],[129.22394900662218,35.850051326390705],[129.22399315623113,35.85012362395741],[129.22402452979617,35.85020334442346],[129.2241235458949,35.850177926031364],[129.2241664707559,35.8501882288804],[129.2242371122414,35.85031636371015],[129.224277539382,35.85031622567308],[129.2242659915565,35.850240370927985],[129.2242187875021,35.85009724094996],[129.224225497065,35.850093704628925],[129.22409749430665,35.84989925401139],[129.2239995808952,35.8497962153071],[129.22376589398274,35.84960135614544],[129.22381251296918,35.849567013419026],[129.22376383367248,35.849525519841166],[129.22371383245815,35.84956170735239],[129.22364367192097,35.849506239026894],[129.2236960514179,35.849429752296494],[129.223634158736,35.84943330049511],[129.2235783372033,35.84938698934926],[129.22358308801955,35.84934001647365],[129.22367409323496,35.84928450252084],[129.22384748941658,35.84921256851392],[129.22402944931594,35.84911939397772],[129.22402143861882,35.849108882222694],[129.22440520400858,35.8488440799026],[129.22441132862798,35.84886385790597],[129.22443827165517,35.848851713153636],[129.22443202568448,35.84882535090787],[129.224587104977,35.848717682943295],[129.22464569628397,35.848764564850875],[129.22473607127787,35.84872561622257],[129.22466061842343,35.84866608514783],[129.2253383523851,35.84818932490396],[129.2253202959218,35.84818079667124],[129.2254002086415,35.84815350215814],[129.2258428148789,35.847837906242496],[129.2258994644762,35.847844082167704],[129.2258428347237,35.847797791596165],[129.22571978584222,35.847825671606266],[129.22560747980157,35.84790267658206],[129.22561973444004,35.847812393600954],[129.22551161460018,35.847849238124084],[129.2255095676132,35.847846440359106],[129.22571039646576,35.84771473631615],[129.22576467530783,35.84764559030492],[129.22597399012596,35.847449132642964],[129.22626598566808,35.84727739446279],[129.226464149941,35.84720195854857],[129.22658112702553,35.8471764143729],[129.2268552816482,35.84701833506749],[129.22691344416708,35.847035151435065],[129.2270674237007,35.84704389299416],[129.22709193659455,35.847030021807875],[129.2269153737713,35.847016834426],[129.22676125217004,35.84697740539361],[129.22658968558528,35.84698903758941],[129.2264312908194,35.84697685189751],[129.22619663992114,35.84698486142177],[129.22572678178025,35.84696452372946],[129.22559817620132,35.84695268690816],[129.22529347410395,35.846943737605315],[129.2256505831957,35.84681642837972],[129.2259554226617,35.84675643994552],[129.2261952805278,35.846687406563234],[129.2263656183589,35.8466642051865],[129.2265339321419,35.84659461103299],[129.22682274886964,35.84656851936324],[129.22692565796882,35.846578997137385],[129.22719403070874,35.84657686209064],[129.22739193029534,35.84659246936687],[129.2291217708635,35.84577353801294],[129.2296767233341,35.845519324452866],[129.23002144758576,35.84537026958229],[129.23013067660105,35.84519194782888],[129.2302340075025,35.84509151418585],[129.2304719975104,35.84496489497537],[129.2306391719298,35.84490191240885],[129.2307700490156,35.844884683219185],[129.23111489439916,35.844752433280874],[129.23125482389062,35.844692349865376],[129.2313734392964,35.84461110966922],[129.2315642780202,35.844551919865516],[129.23224783644224,35.844259135980955],[129.23266476685117,35.84416021556117],[129.23289725855477,35.84408265714357],[129.23350845707083,35.84409268113681],[129.23382067801555,35.8440719169407],[129.23539459040705,35.843671367438326],[129.23539013832007,35.84365926330671],[129.2353624448802,35.843625772689144],[129.23523725819948,35.84360831571672],[129.2350373714992,35.84355474653584],[129.23490617206124,35.84347978313881],[129.2346770998959,35.843181427489306],[129.23426379926894,35.843163798225596],[129.23410858354765,35.84316533349908],[129.23394371830267,35.843205704072055],[129.23365473164444,35.843153296280654],[129.23387891002366,35.8430199736606],[129.23420541376828,35.84293379516431],[129.23477175061467,35.84275047335634],[129.2355514533176,35.84252349150959],[129.23601100761746,35.84261627145263],[129.2361475953078,35.842709374307105],[129.23627935303904,35.842755972932885],[129.23651657670166,35.842938012313454],[129.23664058428216,35.84298002031091],[129.2367213272092,35.84299330893203],[129.23686040339274,35.842987818373174],[129.23712730273593,35.84300443708525],[129.23730140498827,35.84298905370551],[129.23754735087363,35.84298698462802],[129.23771675481368,35.84301845684363],[129.23860939692995,35.84268294793804],[129.23959042692076,35.842265793320465],[129.2386086955237,35.8424472904961],[129.23686848894783,35.84259246926347],[129.23555932643822,35.842200567311885],[129.23307549686226,35.842873070761236],[129.2323249783223,35.843037118308075],[129.23166263615704,35.84317573027113],[129.23115818924896,35.84332145420328],[129.2301157610625,35.84370907782301],[129.22950888667532,35.843990447518024],[129.22821541113655,35.84457871635541],[129.22754717436902,35.845026589631686],[129.22571339532183,35.84562628317759],[129.22533783162453,35.84581002719066],[129.22532383278028,35.845642015261994],[129.22529936745792,35.84565343355216],[129.22522433060692,35.84557499437421],[129.22531455703188,35.84552001234066],[129.22528969024404,35.84520692844315],[129.22526640358018,35.84517255308165],[129.22524472412223,35.845107415067446],[129.22524543537503,35.84503748577157],[129.22526130467318,35.84489815003795],[129.22526014216803,35.84473650403283],[129.22531957655985,35.844737889415946],[129.22533433754663,35.844732057871276],[129.22559367175472,35.84469848061284],[129.22604560955995,35.844653133207224],[129.2261341249821,35.84463964729282],[129.22612386996008,35.84462611166592],[129.22609008784735,35.84442232110599],[129.22607293550982,35.84427876603164],[129.22606248957345,35.844130737231296],[129.22631341747507,35.844104086716754],[129.22648352189412,35.844094269170334],[129.22654374533005,35.844104764108216],[129.22661338062423,35.844382705314395],[129.22667200321075,35.84456689205846],[129.22659933371685,35.844602005719246],[129.22641827146126,35.84464379324871],[129.22625893032605,35.84472999853259],[129.22606124130132,35.84479914251768],[129.22617282695225,35.84481378652739],[129.22627502314094,35.84477643687103],[129.2264371285539,35.84468913587944],[129.2265987580384,35.84464114807803],[129.22678122759243,35.84457644786738],[129.2270603694596,35.844459005059356],[129.2272474040067,35.844361021426316],[129.22746487639355,35.844262403466765],[129.2275449053936,35.844238721310965],[129.22756638571622,35.84423701358861],[129.227648169213,35.84419971919004],[129.2276327266869,35.84417203481847],[129.22758198115062,35.844201574139454],[129.22741992276443,35.844253926120125],[129.2273034389289,35.844299577074665],[129.22704301101678,35.844434839083895],[129.2268476920847,35.84451567813797],[129.22673614297662,35.844553000751276],[129.22667848637005,35.84445997365207],[129.22664756800114,35.844318201895994],[129.22660187106075,35.844148510054836],[129.22658810780058,35.84406862200722],[129.22652567222738,35.84405479660932],[129.22639258472012,35.84405844410273],[129.22639183881017,35.844049484414114],[129.22691660503017,35.84400587404599],[129.22719019321346,35.84395277256724],[129.2272291470274,35.84392603141203],[129.22716989154395,35.842741161160674],[129.2269180229654,35.84275843321275],[129.22632393524836,35.84278704334852],[129.22608808944,35.84278694362988],[129.22604429924982,35.842307308031586],[129.22629178251415,35.84230935980675],[129.22651701308382,35.842274618648986],[129.22645584924325,35.84171501170883],[129.22644051587267,35.84149437829074],[129.22473404990077,35.841554384382974],[129.2247339735281,35.84154292963312],[129.22622170663396,35.84148570308249],[129.22712253484875,35.84145397639285],[129.22753698123685,35.84144605961246],[129.22906876208452,35.84138817420983],[129.22906972692536,35.84135395190949],[129.22907515881343,35.84134108818214],[129.2290953452586,35.84134031253665],[129.22909941179194,35.84128370631645],[129.22912570657456,35.840495720366626],[129.22910808039026,35.84050560442065],[129.22910455428473,35.84081335205587],[129.22908689382308,35.841252970352805],[129.22906517110187,35.841309024197976],[129.22903606841115,35.84132733863874],[129.2287701692141,35.84133284376824],[129.2271488860188,35.84139021752876],[129.22641425170428,35.84140097680683],[129.22549218555235,35.84143758650407],[129.2254802072241,35.84108256125027],[129.22548242425,35.840898693022694],[129.2254744645555,35.84073679821869],[129.22545835451874,35.840585337055536],[129.225409109462,35.84057718238325],[129.22541731589607,35.840322834203896],[129.2254544440689,35.84011956005883],[129.2252382643431,35.84013538315305],[129.22464080598243,35.84016701942653],[129.2246282093144,35.840000789469904],[129.2246456416366,35.84000057650635],[129.22458496846784,35.8398538935263],[129.22461334132578,35.83985350732472],[129.22459502857163,35.839709269127475],[129.22460144952646,35.83955160143432],[129.22462082154988,35.83944962500639],[129.2246214409406,35.83928346928327],[129.22463924761664,35.83917984646561],[129.22463759783992,35.83912826193901],[129.2246169242464,35.83904209569506],[129.224608082009,35.83888054489402],[129.22458562865563,35.838731898230165],[129.22463175984836,35.838731280843994],[129.2246311943961,35.83870326318088],[129.2246383865196,35.838702446539784],[129.2250731588963,35.83870113373734],[129.2251770501607,35.83871033143694],[129.22546028507023,35.83870091757095],[129.22560754243494,35.83871413475966],[129.2259370162807,35.83870701283083],[129.22632490505936,35.83870639590478],[129.2266465758026,35.83871892488286],[129.22683305122064,35.83875655406705],[129.22767845903093,35.83874707989934],[129.2279342428631,35.838780025587944],[129.22821840838813,35.83878651054332],[129.22830811393658,35.83876581978805],[129.22865497624255,35.838754854310174],[129.22890346529138,35.838775762002825],[129.2291522584436,35.838782969595165],[129.22914797542012,35.8387598786543],[129.22890964974957,35.83875928444959],[129.2287571996518,35.838741818212554],[129.22865576642883,35.83873696299039],[129.22829536889992,35.838748386616544],[129.22821516300365,35.83876234512278],[129.2280723228615,35.83876521012668],[129.22789255229972,35.8387580505335],[129.22784883253286,35.838742559279176],[129.22761817982402,35.83872725767403],[129.22734437120783,35.83873521690876],[129.22719801964527,35.83872929126567],[129.22683490535366,35.83873118038255],[129.22671315413828,35.83871186049405],[129.22664279124055,35.83869179531405],[129.22648311243407,35.83868548820586],[129.22631969005877,35.83869006598563],[129.22615911942313,35.83868541841672],[129.22598534228297,35.83869185365142],[129.2257245872046,35.83869336790494],[129.2256307428129,35.83869878825254],[129.22554075799923,35.838687302879705],[129.22516895923167,35.8386945746085],[129.22506559699076,35.83868456479191],[129.22494804689612,35.83868307105101],[129.22463097009327,35.83869036552557],[129.22461735866685,35.83849764029353],[129.2246207789009,35.83833563410998],[129.22471845414563,35.83830707232667],[129.22491886517713,35.83821533108159],[129.22511790135616,35.838063749003645],[129.22517198015535,35.83799251262882],[129.22537570729966,35.83782484307296],[129.22553982136483,35.837728346711216],[129.22557303481634,35.83771573036018],[129.22555989676397,35.83764879191489],[129.22556074454513,35.83746221336825],[129.2255781428581,35.83727692879472],[129.2256028092381,35.83726350823353],[129.22581640499948,35.837248671676235],[129.22604391625447,35.83724272211075],[129.2262981188447,35.837282073135434],[129.22639149850906,35.83728907237605],[129.22651732415326,35.83728615110895],[129.22660035758548,35.83729402574831],[129.22700786649978,35.83729062106103],[129.22710861782525,35.83730159845249],[129.22719050511893,35.8372916571048],[129.22730645401612,35.83724829640605],[129.2274836409543,35.83723939243804],[129.22759513218028,35.837243905280545],[129.2277405169377,35.837272805152416],[129.22805018457993,35.8372776743256],[129.2281628881418,35.837276452399934],[129.22820709784557,35.83726989802344],[129.22839658625875,35.83727434406544],[129.2286020701013,35.83725616522098],[129.22883655703697,35.83725512702891],[129.22908763873912,35.83724372861708],[129.22908675904685,35.83720699529623],[129.22883370013295,35.837227509093196],[129.22860038280015,35.83723113165931],[129.22838627520642,35.837248704919936],[129.2282059375261,35.837243313310395],[129.2277374508476,35.83724934235063],[129.2276052506643,35.83722517627359],[129.22746104704817,35.83721853491484],[129.22730674367835,35.83722553026317],[129.22718559223668,35.83726479102866],[129.22711526639253,35.83727694576979],[129.22679466802725,35.83726194659523],[129.2267743763839,35.83722931428913],[129.2266029325114,35.83722994198269],[129.2264027525823,35.83723730148479],[129.22640119881046,35.837263251407634],[129.22629369574406,35.83726000977366],[129.22604874037103,35.83722644551679],[129.22595097094128,35.83722486171442],[129.22582006807886,35.837232775784024],[129.22558661004797,35.83723759142629],[129.2252314931833,35.83726688584165],[129.22513441392405,35.837262776587465],[129.2249651341847,35.83728130577455],[129.22464428424732,35.83726329115273],[129.22457199754953,35.83725517891285],[129.22456192988076,35.837003703507655],[129.2245343730074,35.83669230933053],[129.22454383205442,35.83658011305251],[129.22454150397175,35.836468046799546],[129.2243886865261,35.83648353444027],[129.2241568371763,35.83673849557161],[129.22415419574932,35.83663292791407],[129.2241697910701,35.83650633632643],[129.22377916183555,35.83654835482418],[129.22377991299652,35.83672636855109],[129.22375341934585,35.8368386683744],[129.2235850989152,35.83685172324973],[129.2232387229156,35.8368557515809],[129.22308538080813,35.83686999480687],[129.22304301798974,35.83686812621027],[129.22302545795156,35.836790317526216],[129.22302191074422,35.836684859661986],[129.22279298268623,35.83667434926901],[129.22272760738596,35.83677538272394],[129.22269807599073,35.83687443050502],[129.22271251897104,35.836985735464],[129.22246098090488,35.836992263654274],[129.22247484096133,35.83689748063089],[129.22249595087254,35.83683871629075],[129.2224899161155,35.83668212599725],[129.22231347059716,35.8367226912047],[129.22231331165216,35.83663737906602],[129.22232980867972,35.836511606194],[129.22231149533616,35.836341411527336],[129.22229062878299,35.8362044056128],[129.22228775344843,35.835965588338155],[129.22225217190544,35.83564270834485],[129.2222223052128,35.83564075341448],[129.22222904619886,35.8357009085679],[129.2221129184681,35.83573183645386],[129.2219640850955,35.83575484815864],[129.2217081645447,35.835708082808026],[129.22159778673768,35.835713088686],[129.2219697058146,35.8357821998353],[129.2222388402549,35.83572449434875],[129.22226299302022,35.83597707971744],[129.2222697718671,35.83621865666224],[129.2222941046914,35.83652015257217],[129.22216964121714,35.83652298580262],[129.22208211898598,35.83637647687327],[129.2220417958919,35.836263696209365],[129.22199406374634,35.8362492195795],[129.22192124664554,35.83624499110774],[129.2218960591611,35.83620217379751],[129.2218197000726,35.836161820599386],[129.22176646499184,35.83616254906277],[129.2217069023785,35.83614447097217],[129.22166871188207,35.83614634344984],[129.22166913631824,35.83608765319321],[129.22158885985263,35.8360675040642],[129.22144552390014,35.83604546953487],[129.22115314202605,35.83602580727065],[129.22112579292093,35.83604182742862],[129.22123586244857,35.83605328840732],[129.22123905722756,35.836152221924976],[129.22126642953233,35.83614862094091],[129.22127678573972,35.83605507916193],[129.22137339299712,35.83605319006614],[129.2216389535312,35.83609553134816],[129.22164827918584,35.83614592124487],[129.2216297081322,35.83615030830781],[129.22165906131065,35.83617064083787],[129.22168763739793,35.836174103361955],[129.22167885722624,35.836229005647404],[129.22164402171128,35.83623539625122],[129.2216563224734,35.836260951225626],[129.2216969893735,35.8362420135292],[129.2217139732953,35.83622401145873],[129.2217179240542,35.836179770810126],[129.22176537272094,35.83618382059322],[129.22181877182317,35.83620237860525],[129.22185073963203,35.836207610337105],[129.22189569392094,35.83626219779675],[129.22194855126025,35.83626092921824],[129.22200575036717,35.83626878232436],[129.22203220842113,35.836306757560564],[129.2220643737438,35.836383322903124],[129.22194683181377,35.83640753890126],[129.22194973749592,35.8364256577318],[129.22204167720864,35.83640876181613],[129.22204543519715,35.836426897105255],[129.22210635127578,35.83644201643822],[129.2221375356794,35.83649205072626],[129.22214822651685,35.83653968925783],[129.22229972953403,35.83654094311366],[129.22229444748515,35.836595929137765],[129.22202803655838,35.8366629576965],[129.221614307603,35.836797588063554],[129.22148760133712,35.83684614516527],[129.22116971467662,35.83697869687219],[129.221158862462,35.83681612199738],[129.22117631499134,35.836807420059216],[129.22119465502863,35.83674728209429],[129.22095672045887,35.83646856331291],[129.22035609516814,35.8368126658474],[129.22035325849714,35.836791338399166],[129.2201346233947,35.83678471562698],[129.21996658152713,35.836790554919745],[129.21989779784275,35.83676796841705],[129.21984612502675,35.83676945925479],[129.21980024774086,35.83679771571391],[129.21956343265353,35.83696957766207],[129.21954433985923,35.83690195037405],[129.2195271059907,35.836901648179904],[129.21951577152922,35.836864978809636],[129.21942567381186,35.83685969867517],[129.2194085904051,35.836979163454465],[129.2192565389933,35.836967885036785],[129.2192550767167,35.83698361451873],[129.21921524968903,35.8369821725785],[129.21921844633437,35.83696522326578],[129.21909804382253,35.83695581598123],[129.21910219709622,35.83692844647616],[129.21895649699226,35.8369245734745],[129.21896767282945,35.83683021929275],[129.21871315955502,35.83681716083557],[129.2186914837442,35.83695763296806],[129.2184681830349,35.83692456387624],[129.2182616200707,35.83688430824488],[129.21805505734466,35.83685220858058],[129.21799484095467,35.83682558596904],[129.21785694521446,35.83663869851904],[129.2177956326097,35.836591430114645],[129.21778060009237,35.83660289404849],[129.21784310756854,35.83664183274823],[129.21789164609655,35.83671297123739],[129.21792005663943,35.836773646380536],[129.21797393905217,35.836843991122066],[129.21805956658906,35.836874236045595],[129.2184391348513,35.836955078607986],[129.21880768221948,35.83700831655189],[129.21892029899882,35.83704026949205],[129.21917469959888,35.8371374054293],[129.21928996274315,35.83716963261608],[129.2189499546007,35.83747166275695],[129.21878164962587,35.83763728366971],[129.2186395824985,35.837801351846934],[129.21848327937445,35.83800546110251],[129.21833223925276,35.83799228706733],[129.21781709157284,35.83801350264848],[129.21774330184235,35.83805515608809],[129.21760079190864,35.83827739056498],[129.21754215506303,35.83832339670918],[129.2174707968285,35.8383312396853],[129.2174035828726,35.83835717229255],[129.2172553818654,35.8384688781489],[129.217212080067,35.83847203816492],[129.2171509123157,35.83844186591835],[129.2171076204741,35.83844461130341],[129.2170093706243,35.838486875962886],[129.2169328014499,35.83851199593296],[129.21673009164854,35.838620995958394],[129.21662833462702,35.83868856470075],[129.21652308997034,35.8387434860342],[129.21642367021684,35.83878313867964],[129.21638287446532,35.83878807839168],[129.21626653250271,35.838815954779],[129.21622741247683,35.83883075112834],[129.21623809425785,35.83884336757831],[129.21639021811419,35.838798258407415],[129.21642845684622,35.838793233141246],[129.21646110129433,35.83879875349331],[129.21665595707054,35.83870751361655],[129.21674045988706,35.83864044440763],[129.2168008382327,35.83859967180373],[129.21692794813407,35.838530471265386],[129.21698978137633,35.83851614767291],[129.217102987666,35.83846275278456],[129.21714627049832,35.83846076446809],[129.21722643036333,35.83850686377804],[129.2172445133448,35.83858762846001],[129.21728309893882,35.83871073314163],[129.21730496164,35.83883431846673],[129.21729707402994,35.8390565180082],[129.21725101771708,35.83912575368457],[129.21724691907397,35.839234884494225],[129.21727367686483,35.839277745002484],[129.21726441207585,35.839408343867845],[129.21723839407392,35.83959782448379],[129.2172527845436,35.83980680771019],[129.21724936287373,35.839847126799],[129.2172275588301,35.83985564671367],[129.21723031175776,35.8399934700444],[129.21721595013943,35.840396057468396],[129.21720652656737,35.840394506208604],[129.21719559358252,35.84044868198497],[129.21716631684293,35.840501728070166],[129.21710620676225,35.84055619937502],[129.2170631551747,35.84058680197082],[129.21707420221537,35.84059109914379],[129.21700934595196,35.840634178093694],[129.21697933608667,35.84067405817531],[129.2169710693973,35.84067054910887],[129.21684775845605,35.840786932347115],[129.2167099622008,35.84080642992437],[129.21669408342134,35.840861452672655],[129.216626687551,35.84086598947509],[129.21656641435027,35.840852073905026],[129.2165174145782,35.840832000616544],[129.21642868725706,35.840843938692764],[129.21627897804294,35.84085415617676],[129.21596142071184,35.840900281564316],[129.2157368290424,35.840905350665444],[129.21573521916096,35.84092409954809],[129.2155299678111,35.840930449606475],[129.21534253922343,35.84092113991331],[129.21526850577357,35.840910573793366],[129.21526663508365,35.84086929083067],[129.21522607798363,35.84086376651199],[129.2152066992751,35.84080776090774],[129.21520572381928,35.84058028698009],[129.21519420890002,35.840314862094935],[129.21521356326082,35.84016873493471],[129.21524355574445,35.84010973979238],[129.21526051787347,35.84005801387803],[129.215300629818,35.83999597251634],[129.21535726787397,35.83995899255187],[129.21542151994953,35.83988863470312],[129.2154518082081,35.83984507740563],[129.2155083280443,35.83974354999908],[129.21556712673032,35.83962101034896],[129.21559406905115,35.83952276206274],[129.21569950262239,35.83924106847493],[129.21572582567853,35.83906492614425],[129.21575139173487,35.83896952822057],[129.21577693766162,35.83892428493878],[129.21584345151751,35.8389051679476],[129.21605135878002,35.83890057907012],[129.21605103095865,35.83888570901559],[129.21577070465094,35.83888256813615],[129.21577427661884,35.83881144405752],[129.21579544991658,35.83878656782578],[129.21583717237047,35.83870642628286],[129.2158485526461,35.83865780152112],[129.21587303442405,35.83862436650223],[129.21597992614016,35.83853565489842],[129.21608655894536,35.838437201138],[129.21614436798095,35.83835884227202],[129.21627307095753,35.83814968431024],[129.21628236116683,35.83816345684626],[129.21629455383092,35.83809606654031],[129.21633155416376,35.83797258308367],[129.21634708507983,35.83788307911419],[129.21633483968438,35.83786110146865],[129.2163372674074,35.837694203456536],[129.2163193103756,35.837618683680276],[129.216300282983,35.83761004765728],[129.21631708654772,35.83771753687417],[129.21632709160076,35.83785687944019],[129.21625882546604,35.838137137318085],[129.21617133910536,35.83828813601632],[129.2160773289575,35.83842934969879],[129.21596513120826,35.838528705621506],[129.21584506055527,35.83862282118842],[129.21581445271818,35.83870368193899],[129.21578067961804,35.83877232736253],[129.21575974213067,35.83880257462674],[129.21574941724126,35.838877369823834],[129.2157248060637,35.83895329001437],[129.21565994908758,35.838958822136014],[129.21559038848883,35.83898511841077],[129.21546622829237,35.83897052298476],[129.21519077418023,35.8389146218621],[129.21506541680392,35.838899289124754],[129.21483259574146,35.83896219541267],[129.21474332313838,35.83899716918671],[129.21463936858228,35.83899711027605],[129.21452544860912,35.838970770440206],[129.21450284695297,35.83902873390086],[129.21474439794022,35.839014146846466],[129.21482646766006,35.838984286938896],[129.21507169891177,35.83891816817902],[129.21517628730751,35.83892761662339],[129.2152939808961,35.838957761419955],[129.21561473150763,35.83900293783163],[129.21567876685484,35.8389758492775],[129.2157151096018,35.83897778527433],[129.21570274273125,35.839042363920406],[129.21568590380033,35.83924266089063],[129.21553539045013,35.83963227844002],[129.2154981385251,35.839712285730705],[129.21541385894812,35.83986743289807],[129.2153346995735,35.839955031160606],[129.21528089286352,35.840003569124555],[129.21524957548095,35.840039025964536],[129.21520386640412,35.840143679384845],[129.21515160273003,35.839995859047754],[129.21511740419012,35.839964042607704],[129.21511113262503,35.83993261812989],[129.21503659815536,35.839899954085745],[129.21500639297696,35.83980939600385],[129.2149637534639,35.839750214516826],[129.2149454768856,35.83971210604831],[129.21484478140454,35.8394786355915],[129.21481948278515,35.839405679185944],[129.21476935917826,35.83932914380692],[129.21476054824666,35.83932070571083],[129.2146391665108,35.83926084368244],[129.21450436752474,35.83915864652247],[129.21447350642296,35.839103941217445],[129.21446115979722,35.83912264602983],[129.21449362682762,35.83916530777957],[129.214621553454,35.83926793171538],[129.21473765616443,35.83932389170069],[129.2147696109776,35.839348781616145],[129.21480307148084,35.83940687994412],[129.21482477738863,35.83946913587113],[129.21493259915795,35.83972261046834],[129.21499046176396,35.83982456532171],[129.2150124162206,35.83990512517155],[129.2150541638691,35.839945363933595],[129.2150815188521,35.83995948297847],[129.21513265640917,35.839996983245705],[129.215181181582,35.84015406608375],[129.215189502181,35.840198356773136],[129.21517997615007,35.84031540111742],[129.21519207024897,35.84069360748068],[129.21518446997317,35.840798220144926],[129.21520131527004,35.8408596735061],[129.2151614305672,35.840853931363604],[129.21505105988123,35.84081486006903],[129.2145361538358,35.84067282666177],[129.21397055709534,35.840419377944905],[129.21385435095775,35.840374845272464],[129.2138560724491,35.840364585997065],[129.2138008610429,35.84035164245553],[129.21374757864834,35.84025675376499],[129.21371775877876,35.84033112356699],[129.21369121183542,35.84035853241893],[129.21365439010395,35.84044711827906],[129.21362920935417,35.84054116436423],[129.20992851394757,35.839576694503485],[129.20996085178757,35.83996847525335],[129.21006471327036,35.8409303081333],[129.21007447284947,35.84117015005035],[129.21009153986122,35.84168553664542],[129.2100572841704,35.84266302932392],[129.21004225053375,35.84291593727134],[129.2100323539619,35.8433257349651],[129.2100424230609,35.8435737866414],[129.2100342373714,35.84415935215276],[129.21015718249873,35.845275111693574],[129.21014577893686,35.84599266167452],[129.21013401447684,35.84637810162456],[129.21010539779704,35.84696052092709],[129.21006419104685,35.84737249063713],[129.21156620328466,35.84731577207337],[129.2118849991581,35.847300433812855],[129.21248308949754,35.84728044985624],[129.21247254229746,35.847310489003085],[129.21245971089525,35.84731817215436],[129.21240659523156,35.84741283352796],[129.2124105388592,35.84748079885626],[129.21243983626474,35.84774687743577],[129.21247270526263,35.84777738110283],[129.2125118719792,35.8478033584406],[129.2125252665475,35.84784526104904],[129.21252711384975,35.847911607800796],[129.21255535799727,35.84795545806084],[129.21255617946306,35.84797303999745],[129.21254759055375,35.84799017882602],[129.21230822351467,35.848012238027515],[129.21226708385527,35.848031326564794],[129.21223016376487,35.848055373572926],[129.2121754606319,35.84805655099905],[129.21211906009148,35.84804375299452],[129.21209574515925,35.84802197460812],[129.21205096585288,35.8478870098435],[129.21193838615483,35.847865486950475],[129.21177957979427,35.847864944838896],[129.21173997248192,35.84787746040489],[129.2116478287762,35.84799490120865],[129.21157094279607,35.848181008508654],[129.21147654417095,35.848283131875725],[129.21131623195546,35.84821552980409],[129.21116089337133,35.84818694294598],[129.21092712967464,35.84821858792789],[129.21058057233407,35.84820215785124],[129.21048194545446,35.848237415077065],[129.21049685499048,35.848371900644295],[129.21042827267883,35.84841199934736],[129.21028675181284,35.8484773786501],[129.21022278040508,35.84851980345966],[129.21014890103336,35.84854513972413],[129.2100672350329,35.848539144000284],[129.2100751948745,35.84837033515211],[129.21005028616364,35.84852180634039],[129.21003712765517,35.84855692383631],[129.21002357787478,35.84868782681046],[129.21003545966497,35.848909180107476],[129.21005130310581,35.84905812914905],[129.21005685240146,35.848886080002366],[129.21022515983267,35.84887862281226],[129.21027751042988,35.84886658129188],[129.21027595312503,35.84885103744398],[129.2100558738117,35.84886324403861],[129.21004945236075,35.848736043815634],[129.21005562394467,35.848657912794394],[129.21005055587207,35.84858253206704],[129.21006067864104,35.84855909102097],[129.21012979636774,35.84856691103703],[129.21020540236486,35.848549917356124],[129.2103166587329,35.848488727485446],[129.21043411906427,35.8484337002833],[129.2104693627098,35.8484328188567],[129.21049380251964,35.848461544235235],[129.2105395797085,35.84854738973493],[129.21058472089413,35.84866923222856],[129.21060294083935,35.848803829174265],[129.21054339327216,35.848827869976176],[129.21055689239276,35.84884245574413],[129.2106264013446,35.84884317294708],[129.21063592246156,35.84879301085319],[129.21063152777253,35.84874664020275],[129.21059221619993,35.84859796639778],[129.2105391806254,35.848500777802634],[129.2104978808386,35.848400044883824],[129.21058726287401,35.84831770443075],[129.21075080618064,35.848304928410876],[129.21082159024712,35.848310834478575],[129.2108125254614,35.84852193192894],[129.21086130829624,35.8486056090697],[129.2108842350373,35.84860190103369],[129.21083690529235,35.84851935694492],[129.21084617539063,35.84839060630804],[129.2108649203641,35.84830789301188],[129.21099320054148,35.84829279880271],[129.21105668041037,35.84830359322703],[129.21115250107192,35.84831253770562],[129.21117683230642,35.84849756684438],[129.21120031456172,35.848540893991824],[129.2111913640791,35.84858480947691],[129.21115029702077,35.84870738798606],[129.21115473146344,35.84878977247799],[129.21112204748266,35.848858973363996],[129.21109897282798,35.848886420614804],[129.21106571986175,35.84891190286513],[129.21096861556103,35.84891602867462],[129.2109627042666,35.849021241830634],[129.2108946723729,35.84903503236471],[129.21072775361418,35.84905711535346],[129.21061848098202,35.84908139598171],[129.2106049848421,35.84911855996011],[129.21061397299164,35.84918581357658],[129.2105865757299,35.84921974823434],[129.21054278126607,35.84923154067845],[129.21045511219157,35.84922037347968],[129.2104480782021,35.84924813518234],[129.2105391554135,35.84926363420659],[129.21050620958715,35.8493170517589],[129.21049136647002,35.84938934876864],[129.21036976384383,35.849368092457944],[129.21011645246577,35.84935955609259],[129.2101032968853,35.84936624817903],[129.21009628997822,35.84940862807919],[129.2101655326328,35.84967932428004],[129.21011523259935,35.84980245920025],[129.2100209626823,35.849824117636615],[129.21002142054093,35.84985101012279],[129.2101443317749,35.84983911655967],[129.21015818694545,35.84977830323025],[129.21018957458188,35.8497081946048],[129.21031956983518,35.84972567830032],[129.21040657035212,35.84972653646582],[129.21057694170472,35.84971607403238],[129.2107208742298,35.84969991643951],[129.21080269929564,35.84966908638985],[129.21093124849347,35.84964600670872],[129.21094649337925,35.8496382203782],[129.2110191609372,35.84963586759894],[129.21125270726148,35.849604186768424],[129.2113670785252,35.84960317593049],[129.21146844273193,35.84958118860402],[129.2115467650272,35.849552932729566],[129.21154418471855,35.84953995023684],[129.21145656927723,35.849570304235],[129.2113654800648,35.84958470311043],[129.21116419095333,35.849586757884424],[129.21106911819246,35.849601794360964],[129.21097784283998,35.84959176039669],[129.21093139919174,35.849572815984175],[129.21089602661385,35.849604844950115],[129.21083858146653,35.84963296489161],[129.21076744902714,35.84964658951767],[129.2106918063674,35.84968369048788],[129.21058373752774,35.849694576421946],[129.21044847062066,35.849697281153155],[129.2103742176225,35.84970717078833],[129.2102967853884,35.84969934733978],[129.21019077393694,35.84968430040075],[129.21017612591635,35.84961994959827],[129.21015029491477,35.84944058273919],[129.21012458695787,35.84938420916555],[129.21020163085657,35.849374918673945],[129.21039894693163,35.84939877432884],[129.21051434276762,35.84942130315624],[129.21053718320005,35.849481620094515],[129.210518643142,35.84953719634851],[129.21054461354493,35.849558474728234],[129.21058012123498,35.849527265767094],[129.21056276842418,35.849470030574935],[129.21055633058103,35.84942547499323],[129.21061780968677,35.84942861250717],[129.21063005616824,35.84940876370545],[129.21052568755834,35.84939530941268],[129.21052301306776,35.84933372268005],[129.21064246583776,35.84918970244468],[129.21062984411972,35.84914673481506],[129.21065062199017,35.8491045201746],[129.21078654859784,35.84907521819663],[129.2110080608684,35.84903946712908],[129.21099979822006,35.84897880942214],[129.21104763569977,35.84893861138955],[129.21108810150196,35.84891555894919],[129.21114067974352,35.84887228836137],[129.21117654350266,35.84882516253412],[129.21118706607604,35.84867198583105],[129.2112268090431,35.84858889336159],[129.21124779681557,35.848571913235084],[129.21123786859312,35.84854299144352],[129.21124504051704,35.84849627617333],[129.21129713749497,35.848476357730526],[129.21132525079358,35.84847072089257],[129.21136637797701,35.84852654456171],[129.2113697245704,35.84861190507131],[129.21136457920616,35.84871351191575],[129.21144791952676,35.848737258446924],[129.21144767479072,35.84876619799582],[129.21154380088657,35.848769004118004],[129.2115529533259,35.848755559500724],[129.2115013971552,35.84873292911995],[129.2114395421561,35.848708784587814],[129.211390574378,35.84870220089031],[129.21139489351228,35.848623126725926],[129.21143154597777,35.84862334208046],[129.21140145124107,35.84859121103733],[129.21139280721408,35.848549750634376],[129.21136915774963,35.84848921896328],[129.21134045733356,35.84844427871253],[129.21138146818353,35.848376144717605],[129.21144853683398,35.84832473743395],[129.2115068356139,35.84830173480218],[129.21157590605253,35.84833362644541],[129.21163304986206,35.848414116257665],[129.21165787126998,35.84845725171162],[129.21168494987282,35.8485587120808],[129.21171879888752,35.84858723148663],[129.2118067306181,35.848589069373276],[129.21180966882923,35.848607629970445],[129.2118583812186,35.848727086431744],[129.2118832991971,35.84884441252459],[129.2118851077822,35.848900485099804],[129.21186997301513,35.84895406384221],[129.21184654065092,35.848967533483],[129.2117884052678,35.84896871674238],[129.2117013545434,35.84896110930533],[129.21155197767212,35.84896064953743],[129.21146727977987,35.84896791744619],[129.21147221000362,35.84898629431956],[129.21173617146363,35.84897881201729],[129.2118399671469,35.848993419862474],[129.21184154066594,35.84924132378942],[129.21182570851252,35.849282367364985],[129.2118387600273,35.84931597013322],[129.21186340189536,35.84921973664366],[129.21185641379566,35.849013218558014],[129.21189059735477,35.84896295010021],[129.2119044224141,35.84893115393907],[129.21196149428832,35.84977371606727],[129.21261481685423,35.84974844347952],[129.2132025603891,35.8497146218987],[129.2135121971534,35.84969002159477],[129.2136449876636,35.849659496221236],[129.21368811002893,35.84959496272432],[129.21369236177043,35.849271226448565],[129.2136710106094,35.84890235573411],[129.2136740658798,35.84867382051608],[129.21378817811274,35.84865089845882],[129.2137876402711,35.84852802305532],[129.21385657455446,35.84850843425475],[129.2138557520748,35.84849058195591],[129.21365754149772,35.84849615934681],[129.2136568348268,35.84843449710387],[129.21332897641918,35.848448585284004],[129.2133602520555,35.84842500752992],[129.2133457542661,35.84813501099239],[129.21338262308245,35.84813341385919],[129.21335133793292,35.84777881830081],[129.21337955987224,35.847768395155406],[129.2133550473454,35.847712642013995],[129.213401414701,35.84769894236997],[129.2134205622797,35.8476562704811],[129.21341903496952,35.84762309817597],[129.21343233821966,35.84750155021103],[129.21343940866555,35.847367296603316],[129.2134390781037,35.847243068930815],[129.21372775706018,35.847229220900395],[129.21391014666023,35.84722385161652],[129.21393410982103,35.847961707383284],[129.21400484059558,35.84969846121407],[129.21398294865776,35.84979550139251],[129.21394023841123,35.84985263500758],[129.21387992321488,35.84990422099343],[129.2137903380383,35.84994296179044],[129.21361424825963,35.849971842384704],[129.21324350781333,35.84999771326128],[129.2130678764281,35.84998674801687],[129.2126277561822,35.84999011778257],[129.21206014356486,35.85001442914762],[129.21190368604198,35.850012080592364],[129.21146155371142,35.850045920849404],[129.21102246100492,35.85005711479726],[129.21072176242373,35.850075934141245],[129.2100517167159,35.850082686770456],[129.21005136962927,35.850089645017654],[129.21086070666496,35.8500864259963],[129.21085991923837,35.85015324599144],[129.2109127728046,35.85015125813339],[129.21091726976854,35.850164781175536],[129.2110512656602,35.850154138126065],[129.21132926801067,35.85015516705481],[129.2116998380063,35.85011872171407],[129.21186533507532,35.850131824636975],[129.2119448940408,35.85011897770248],[129.21231881169192,35.85011787158675],[129.21265972167447,35.85010534040493],[129.21279549268868,35.85010882387985],[129.2127728976453,35.850325325657366],[129.21275377262384,35.85041025696212],[129.21273882534024,35.850580312917444],[129.21273052768532,35.850611357514936],[129.21269550661842,35.85062555967772],[129.2126422186928,35.850693544433156],[129.21263432630266,35.85083153955015],[129.21265837171018,35.85088212045942],[129.2126659870925,35.85094443746674],[129.21266511828983,35.851130294588856],[129.211903796601,35.85115590984673],[129.21190443868082,35.851189435189724],[129.21091070656954,35.85120090476035],[129.21086934280035,35.85117339862236],[129.21086614770817,35.850168601438924],[129.21080013856243,35.85019845766859],[129.21080434008533,35.851418020762345],[129.2107698566347,35.85143907993216],[129.21013555992494,35.85127831868777],[129.2100926017225,35.85123369131726],[129.2100932876707,35.85132651878758],[129.21257365620406,35.85195270085989],[129.21300046663856,35.85205649518439],[129.21335432517188,35.85211859869272],[129.2134236469811,35.85212694818122],[129.2138220223777,35.85215274157505],[129.21421102252359,35.85214989052973],[129.2142119206391,35.852191869114854],[129.214310283647,35.85218507976693],[129.2142785820243,35.85179694095046],[129.21456642272437,35.85179468243589],[129.214574244039,35.852028533658924],[129.21485174536105,35.85201777599261],[129.21483715577824,35.85160903141504],[129.21511353104373,35.85159998751841],[129.21511170887587,35.851543851957516],[129.21539039765003,35.851534848373774],[129.21538707321187,35.85143466243928],[129.21557614909523,35.85142984649931],[129.21558908213257,35.85111393566716],[129.21566679639974,35.85109832272236],[129.21566948497076,35.85105661713564],[129.2159358920552,35.85105875559384],[129.21627899421617,35.8510368552632],[129.21650085855757,35.851036106974405],[129.21649780872835,35.85101354515522],[129.21641756599308,35.85102323941454],[129.2164561691569,35.85099527022634],[129.2164369062269,35.850715980557446],[129.2161147603519,35.85075815806249],[129.2160525200029,35.85076054937989],[129.21605128706392,35.850656277058754],[129.21610771436156,35.85065343648812],[129.2164281906612,35.85061215422501],[129.2164264637153,35.85059163587162],[129.21611290299793,35.850635816812456],[129.21605722664935,35.85063798010778],[129.21605097827455,35.85054987613762],[129.21623131353695,35.850531168502854],[129.21621967028574,35.850445832004006],[129.21622622142777,35.85044498213486],[129.2162207138768,35.85029503312892],[129.2162338387615,35.85029351359946],[129.21620234520228,35.8501376627829],[129.21639412607743,35.8501190516136],[129.21637560101763,35.84988741863319],[129.21639043231693,35.84988653592208],[129.21637535864176,35.84984271710446],[129.21636192234635,35.849843669419165],[129.2163570191986,35.84979063065645],[129.21634299003048,35.849740050596864],[129.2164905890613,35.849725195363206],[129.21656862606886,35.84972308197046],[129.21678016909377,35.84969347561981],[129.2171752719466,35.84967585061279],[129.21718075655204,35.84963682568749],[129.21701237689703,35.84963838956695],[129.21650887500795,35.8496713310245],[129.21626513310193,35.84969400977319],[129.21626241206056,35.849661966212864],[129.21629847179446,35.849659765793575],[129.21628726482297,35.84957609581992],[129.2163026284615,35.84957559970523],[129.21628867756007,35.84945960682355],[129.21623751109178,35.84946311401345],[129.21621775503,35.849337172690994],[129.21625362962808,35.84933205256828],[129.21624064234035,35.849203900100235],[129.21623422311714,35.84920437120969],[129.2162092592983,35.84906835420695],[129.21637038260255,35.849056935750795],[129.21634473324843,35.848921280498786],[129.216228146746,35.84892963620138],[129.21622279818826,35.84882629949218],[129.21621389964739,35.84882687416863],[129.21620008389655,35.84858023590365],[129.21628337393682,35.84857254358942],[129.21626215588816,35.84844625338133],[129.21638337502077,35.84844019656002],[129.21644840123486,35.84842480407247],[129.217301374482,35.8483950660353],[129.21730735958073,35.848883974075704],[129.21744299582684,35.8485567390818],[129.21744098248706,35.84836942701873],[129.21819929057625,35.84835738200401],[129.21825547663758,35.84835194526321],[129.21827667191792,35.84831823634713],[129.2182195108462,35.848323341394135],[129.21779793465478,35.84832408300885],[129.21763167091265,35.848333367650554],[129.21744442695766,35.84833742647304],[129.21744126418372,35.84739952881999],[129.217522520486,35.847405709533795],[129.21755203467453,35.84759443220391],[129.2177404796736,35.847625672999676],[129.21785502285866,35.84760753194049],[129.2178331752072,35.847454034402055],[129.2179425929879,35.84743592051406],[129.21800085712306,35.84758843314576],[129.21823482231758,35.847587813079095],[129.21840737661518,35.84755178518735],[129.21849696632432,35.84754089855653],[129.2186169198343,35.84753405768228],[129.21866755380884,35.84750626176752],[129.21885281222094,35.847513614452936],[129.21897692428402,35.84750953253308],[129.2190140921603,35.84780404767426],[129.21909046303932,35.84828679886055],[129.2194081709876,35.84830587033913],[129.21972797091541,35.848300576406416],[129.21982843240153,35.84828993941206],[129.22005697201126,35.84827595111181],[129.2203109116039,35.8482682519081],[129.2204705122693,35.84825542478058],[129.22051690709546,35.84824802207709],[129.22051410773625,35.847588285541605],[129.22063873855015,35.847592656354536],[129.22065776899916,35.847644649105],[129.22079844404146,35.84766166939333],[129.22079839915622,35.847681551039],[129.2208141671875,35.847731577655836],[129.22085389861076,35.847812905982074],[129.22093217923148,35.84772315181523],[129.22101067532543,35.84775984250448],[129.2210621906272,35.847724621709204],[129.22094726101565,35.847885664612335],[129.22109002388763,35.84778559936593],[129.2209780190207,35.84795633849002],[129.22103503481424,35.84799908874182],[129.22108640240373,35.8480287991968],[129.22115633991316,35.847977342602434],[129.22121288900635,35.8480350195594],[129.2211649680134,35.84807049159002],[129.22134119568193,35.848162267965066],[129.22147490600614,35.848065995125815],[129.22157584567924,35.84816851667102],[129.22091389127394,35.84863494318713],[129.22085875870218,35.84862096633656],[129.22086336082768,35.8486802060662],[129.22090935246052,35.84869513690585],[129.22074267735545,35.848812495409334],[129.22073654251028,35.84882778277906],[129.219616329165,35.84963302387868],[129.21950014363424,35.849691058884375],[129.2191733002968,35.849924128675276],[129.21907594657804,35.849995278376895],[129.2190667645298,35.85003394056774],[129.21865222331073,35.85032829041525],[129.21859592832388,35.85032269624946],[129.2185744746011,35.85026579409061],[129.2185213361176,35.85029731663896],[129.21855009581017,35.85036633642251],[129.21853108445194,35.850421662397494],[129.21833260968373,35.850567662592766],[129.2182153447571,35.850677366908954],[129.21779377721555,35.85113015701439],[129.2177095414726,35.85127158841879],[129.21754852588901,35.85143854603015],[129.2173284125394,35.851648725344525],[129.21731848980636,35.85182702823323],[129.2171124017913,35.851964000536604],[129.21647371947705,35.85234193910295],[129.2153140236858,35.85303936698335],[129.21225140832235,35.85477824887572],[129.21097087116078,35.85551401445786],[129.20787464598828,35.85726272966901],[129.20699484875908,35.85776855821473],[129.2056188850593,35.85854885224946],[129.2045752604281,35.8591759608354],[129.20403458713383,35.859245620734484],[129.2038806984901,35.85920255707203],[129.2038424464667,35.8592370131289],[129.20378076427463,35.85927447373147],[129.2037060704619,35.859310802605144],[129.20360398198636,35.85933232495248],[129.20353588115358,35.859314198235246],[129.20353418950202,35.859384885963394],[129.20353963200222,35.85944416991833],[129.20349872370005,35.85950959721357],[129.20343952465748,35.85964884942616],[129.20346174828626,35.859685177425106],[129.20338286326023,35.859727975089996],[129.20325937926034,35.859751822265146],[129.20324035840966,35.8597079814553],[129.2032378459203,35.859546599195255],[129.2032661132354,35.859337858732516],[129.20328778122408,35.859246760237895],[129.20334004235465,35.85909152259351],[129.20340074400582,35.85895988343859],[129.20347045986068,35.858824858428655],[129.20333503880593,35.85866816970035],[129.2032709377047,35.85876894678936],[129.2032120083893,35.85890098846913],[129.20317152216458,35.85911555348378],[129.2030807004482,35.85942414904093],[129.20303610302045,35.85973368539122],[129.20277005897023,35.859833962631946],[129.20262224711928,35.85986943094333],[129.2026130627884,35.8597267246877],[129.20265706218544,35.8595698248591],[129.20270630268536,35.859134376507235],[129.20268827366127,35.85892206363592],[129.20274602441899,35.85890594272015],[129.20275129529523,35.85878808668612],[129.20281168862607,35.85866994903456],[129.20282274172678,35.858553363076254],[129.20276238605393,35.8583666534776],[129.2027905226569,35.8582241099852],[129.202873965019,35.858193345737824],[129.20294792304685,35.85818589460228],[129.20278865299477,35.85800569560817],[129.20214375516153,35.85719355997557],[129.20193342503984,35.856769549222996],[129.2019037622689,35.856627246510726],[129.20188340889436,35.8566164023903],[129.2017123264208,35.856676197049694],[129.20158249164226,35.85671313020578],[129.20147116814547,35.856719570213755],[129.20142580209315,35.85671168769063],[129.20140116283238,35.856656148696096],[129.20132532786812,35.85665189478356],[129.20128382958023,35.856614715197935],[129.20120652970036,35.85647219410155],[129.20108006148283,35.85643883274841],[129.2009839892121,35.85638152869819],[129.20090402232114,35.85634521495697],[129.20094824339483,35.85624968130885],[129.20080659673465,35.85616290983542],[129.2005257308376,35.85615403850221],[129.2005224352159,35.85592511780812],[129.20053296628996,35.8558110834006],[129.20055757221843,35.855800498026476],[129.20055058201226,35.85569238680964],[129.20060299080941,35.85556842334261],[129.2006640653298,35.85547445706618],[129.2006977900354,35.85540500500784],[129.20071572689,35.8553484219126],[129.20072970838504,35.85525962573216],[129.20075980574427,35.85524042428456],[129.20082860490066,35.855247276814],[129.2009209540854,35.85524637552804],[129.20109720371428,35.85526592834873],[129.20120552064978,35.85526214335745],[129.20128620651153,35.855245642537255],[129.2013117272943,35.85520709875232],[129.20138227258414,35.8551774565009],[129.20147615924867,35.85517605654369],[129.20159833075226,35.855147959484825],[129.20157980096505,35.85505642347534],[129.2015119677269,35.85500215507239],[129.2014032089217,35.85496207729903],[129.20143443706334,35.854811345558424],[129.20140400328623,35.85478901819291],[129.20141948486764,35.85472041641434],[129.20124174637533,35.85460999362332],[129.201089482788,35.85476057496153],[129.20094223497065,35.85488959892014],[129.20088943980986,35.85495614463181],[129.20082435890677,35.85493975976865],[129.20092388800416,35.854751386827026],[129.20103104939633,35.85462691768727],[129.20099833559107,35.8545251849727],[129.2009938797547,35.85440369501852],[129.2010294006576,35.854278209232945],[129.2012164623599,35.85416024940443],[129.2011663087718,35.85407469609609],[129.2010216940149,35.8540699344074],[129.20104290441498,35.85381343979693],[129.20103589608928,35.85361876364277],[129.20105340846223,35.85354324594564],[129.20110790906972,35.85341995467935],[129.20114531970722,35.85331105769412],[129.20136621125337,35.853259742836606],[129.2013027371688,35.85310230107099],[129.2012615179897,35.8529814670536],[129.20131928915313,35.85230008075335],[129.20130667272653,35.8521294682334],[129.20125903275425,35.85203929635682],[129.20119942652238,35.85184779887702],[129.20110096113694,35.851504865924014],[129.20110853930606,35.851449922191684],[129.201175177628,35.85144837847854],[129.20124846419463,35.85143605374731],[129.20128653618846,35.85154268033419],[129.20130223524998,35.85164038569669],[129.2015260957395,35.85155214141924],[129.20153534468253,35.8514881733743],[129.20158449797935,35.8513611505707],[129.20162000887618,35.85123698940315],[129.2017211022251,35.851087754346665],[129.2018209481477,35.851120492532125],[129.20180661811833,35.85121079456543],[129.2017983891696,35.85133249496232],[129.20178330316148,35.85142154551362],[129.20173166600844,35.85159523922182],[129.2017140709269,35.85175632177963],[129.2016269762022,35.85190383915025],[129.2017796656876,35.851916364439006],[129.20184715928042,35.85191581030124],[129.2018480299366,35.8518262607296],[129.2018801625177,35.85152984035032],[129.20192951255035,35.85142401446186],[129.2019491434733,35.85128910074706],[129.2019539105656,35.851063167620346],[129.20199092949198,35.85092708930591],[129.20205672929853,35.85092244620599],[129.20207064038559,35.85086812271216],[129.20207971553882,35.85079689083903],[129.2020709589215,35.85060340721811],[129.2021164064829,35.8505131703541],[129.20220647822472,35.85036189842763],[129.2021700862536,35.85028964295938],[129.2021593558548,35.849971880323935],[129.20206205112663,35.849914705296115],[129.2019885850299,35.84989468497989],[129.2019746346163,35.84982340139703],[129.20194919451868,35.84975245241774],[129.20192367284255,35.849578689021804],[129.20192534526362,35.84947346534765],[129.20187942089808,35.84926845359266],[129.2018686053925,35.84909234042009],[129.20183122326847,35.848995761756306],[129.2018067396821,35.848966061337514],[129.20177630847,35.84874581060093],[129.2017326806032,35.84857331202476],[129.20167143398996,35.848402419967954],[129.20163465674645,35.84840095811963],[129.20160349611587,35.848387977947404],[129.20146499124996,35.84804379593985],[129.2014721680186,35.848005561992686],[129.2014522735291,35.847938497054514],[129.20147039439192,35.847872306150016],[129.2014299671612,35.84764262682079],[129.2013523386915,35.84726870121899],[129.2013051069795,35.84700035149384],[129.20126854085268,35.84688419611277],[129.20120002800712,35.84661339425773],[129.2012000624547,35.84646377768644],[129.20097045974592,35.84657853670615],[129.20082400918054,35.84665748590097],[129.20071773155698,35.84669301819255],[129.20063675192682,35.846593032565785],[129.20063970801897,35.846770348603584],[129.20060745917982,35.84695052586586],[129.20062798006515,35.84723753095128],[129.20070915858827,35.8476159393668],[129.20070594033132,35.84771008024905],[129.20073318180704,35.84779824941575],[129.20078914352806,35.84793287543286],[129.20078068158696,35.84799292171691],[129.20082690404425,35.848132700988074],[129.20088495956907,35.848413740512285],[129.2009095647211,35.848452408355485],[129.20095198497455,35.84860756018462],[129.20104849343056,35.84888247937122],[129.20107859953694,35.84904445602903],[129.201015221724,35.84912270864045],[129.20101297671627,35.84918985546475],[129.20101860801375,35.849316706007954],[129.2010130207803,35.8494151317405],[129.20096604507884,35.84950984093943],[129.20090739736435,35.84957632432931],[129.20087107353908,35.849597005197495],[129.20083926522227,35.84962171616126],[129.20090426390584,35.84966889687079],[129.20090785490282,35.849736953276185],[129.2007762845698,35.85016422863844],[129.20069206990445,35.85031692277844],[129.2006512959999,35.85036434201414],[129.20068689568853,35.8504213320915],[129.20089443858683,35.850422429846134],[129.20098074948953,35.85052777782402],[129.201070179075,35.850998460013145],[129.20094429804456,35.8511960606633],[129.20104285565037,35.85121836516648],[129.2010302445192,35.85135883680036],[129.201073076694,35.85168646890542],[129.20094995747849,35.85182032860853],[129.20092917615867,35.85215524927861],[129.20089302405165,35.852227292050806],[129.20097181177573,35.85228507554303],[129.20078694397625,35.852654362722575],[129.20063867591128,35.85286100361185],[129.2004580507328,35.853086290665765],[129.2003685927188,35.85365430674774],[129.20038942854197,35.85371242985256],[129.20028997074306,35.85421315710658],[129.20021221700955,35.85457027940866],[129.1999424945995,35.85597431192735],[129.20019382166464,35.85801001506388],[129.2004197655431,35.85881444683308],[129.20110928325946,35.85980600993331],[129.20170240730246,35.860669554089434]],[[129.22619394083912,35.846671610164115],[129.22594483968138,35.84674445507041],[129.22567272553994,35.846790097623334],[129.22555845695084,35.846822160912055],[129.22549952338767,35.84655069726523],[129.22571578443427,35.84643962948215],[129.225881852607,35.846362668207725],[129.22613368645167,35.846336809474316],[129.22648882933447,35.846376998663],[129.22665143752528,35.846431255729534],[129.22681942206472,35.846542930114694],[129.22653512901644,35.846583343172185],[129.22636679991865,35.84663966195049],[129.22619394083912,35.846671610164115]],[[129.22561205610128,35.846971911710256],[129.22572172770654,35.846981918263545],[129.22600159571385,35.846992886618786],[129.22561017196844,35.84739204167668],[129.22555369623586,35.847282275678445],[129.22542635350732,35.84710557075423],[129.22535441543513,35.84713018273261],[129.22522718417278,35.847122966364466],[129.22527346595277,35.846961457384126],[129.22561205610128,35.846971911710256]],[[129.2255497295014,35.83726068715512],[129.2255302278159,35.83761511340779],[129.22554521028542,35.83769245786605],[129.22552741663054,35.837721448230475],[129.22545855941746,35.83775623868708],[129.22536176406555,35.83781399996249],[129.22521619728067,35.83794106803277],[129.22515543410924,35.83798498193002],[129.22512374191078,35.83801912621773],[129.22509705677342,35.838058722760636],[129.22485716570114,35.83822939713993],[129.22471538127607,35.83829273913395],[129.22462245522192,35.83831766005613],[129.22461923055596,35.8381937801036],[129.2246365265109,35.83791182770579],[129.2246518306419,35.83778025270674],[129.22465438523375,35.83762140248867],[129.22464014844905,35.83755707059594],[129.22464725489624,35.83737156192878],[129.2246433482532,35.83728081320992],[129.22484415369917,35.83729513056116],[129.22496775554183,35.83729645092884],[129.22512868736823,35.83728884240996],[129.22523458895716,35.83728935727724],[129.22545942659886,35.83726539778879],[129.2255497295014,35.83726068715512]],[[129.22493825233647,35.84433875958064],[129.22510089621727,35.8443366094747],[129.22510273134006,35.8445920810065],[129.22511180288905,35.84481894712222],[129.22493531602458,35.84490201015822],[129.22493825233647,35.84433875958064]],[[129.22234376174245,35.84555022141013],[129.22231009623013,35.84554487578124],[129.22229272280072,35.84506760580408],[129.22216497842842,35.8450656774649],[129.22216434934037,35.84491850451722],[129.222156600427,35.8449183384972],[129.222154491176,35.84475629764055],[129.22214404279953,35.84462076884012],[129.22213419153093,35.844620877054005],[129.22212243844248,35.84429401527839],[129.2221484490244,35.84429333664382],[129.222187886396,35.844304619969314],[129.22267456896083,35.844294802769724],[129.2226708232275,35.84442080440734],[129.2226939671755,35.84442021204347],[129.22269209038203,35.84429443705518],[129.2230906549068,35.84428983635754],[129.22332153872136,35.84427532382426],[129.22349088563482,35.84428337468508],[129.22445102467296,35.84426058891605],[129.22445611297763,35.84443730557147],[129.22387745942203,35.84444828259116],[129.22376620671577,35.84445741981715],[129.22383191745115,35.84448669702392],[129.22382386721372,35.844648242938106],[129.22383854154108,35.84471443962764],[129.22393980285443,35.844714567654535],[129.2239530777045,35.84456894616085],[129.2247295921246,35.844561422661904],[129.2247671632798,35.84451093693957],[129.2247667208221,35.84499285408241],[129.2238428314453,35.84554941260297],[129.2238204463792,35.84554836350993],[129.2236517289018,35.84545739697805],[129.2235137828991,35.845449288335786],[129.2234752412359,35.84541014616357],[129.22344923256503,35.84537588362824],[129.22322982013378,35.845372945071205],[129.22301558380624,35.845404271100925],[129.222815268267,35.84545400166783],[129.2226807684281,35.845451149020676],[129.2226590885887,35.84545690284884],[129.22267516233904,35.84542541964586],[129.22253637901164,35.84547452275919],[129.22249411801877,35.84548307223971],[129.22243097514385,35.84550571959814],[129.22234376174245,35.84555022141013]],[[129.2224575515106,35.84586847783185],[129.22241861773017,35.845568108803],[129.22256209554334,35.84551532910294],[129.22267657214613,35.84549463303425],[129.22278070596687,35.84550038955984],[129.2227902665091,35.84574622387461],[129.22282079673332,35.84606130763283],[129.22284918927633,35.84612489257361],[129.22265644277002,35.84624221166748],[129.22260332283187,35.84626690452828],[129.2225152555772,35.846343041894364],[129.22248091899232,35.846175733971116],[129.2224575515106,35.84586847783185]],[[129.222222459192,35.84411826809691],[129.22225359833675,35.844011052268606],[129.22227411820674,35.84382652868888],[129.22226439908582,35.84371452116461],[129.22228278335078,35.843438434488924],[129.2222332700691,35.84314625003888],[129.222245429145,35.84314018932663],[129.22223657125082,35.84297942257107],[129.22227930321228,35.84294158168382],[129.22234239362697,35.84294065462423],[129.2223425732801,35.84292560341621],[129.222383667835,35.842935982385306],[129.22242711114836,35.842995024530914],[129.22255417741783,35.84303300385143],[129.22260095671965,35.844094500246385],[129.22257126351863,35.84412429612868],[129.22256221022766,35.84425238040647],[129.2226364399098,35.84424597045928],[129.22263789753225,35.84425214426344],[129.2225614844139,35.84427004624112],[129.22218820531484,35.844259917384996],[129.22218386349095,35.84421098748525],[129.222222459192,35.84411826809691]],[[129.22244645021985,35.84298363322133],[129.22244003313227,35.842864950372764],[129.22229006482794,35.842870633521805],[129.22224521289428,35.842862424423345],[129.22223166990725,35.84284838979878],[129.2221695859928,35.841694182473795],[129.22219785149562,35.841668715303705],[129.22227145218326,35.84166632697837],[129.22227129579073,35.841649834384],[129.2223498776272,35.84164752698413],[129.2223512505947,35.84166365684226],[129.22247852801786,35.84165882647463],[129.2225506450245,35.84299659984333],[129.22244645021985,35.84298363322133]],[[129.2224232032072,35.840823487082034],[129.2224177591764,35.84073630110519],[129.2224432953907,35.84073262211627],[129.22247501399514,35.84155718090755],[129.22236141501958,35.841561039818316],[129.22239250633666,35.8414250200353],[129.22241457612682,35.84126489936579],[129.22241086697835,35.8410529320815],[129.2224232032072,35.840823487082034]],[[129.22139772946545,35.840215221397344],[129.22164712421855,35.840354629840164],[129.2219749005004,35.84057142856014],[129.2220911882759,35.840623722001034],[129.22217481779725,35.840641899887565],[129.22235525308426,35.840639937135116],[129.2223874924171,35.84079434320195],[129.22238357388107,35.84088208713982],[129.2223879218967,35.84123667613868],[129.2223765448415,35.841353021442934],[129.22235844891318,35.84146533247895],[129.22233452038824,35.84155393331917],[129.22208177669123,35.84156199507644],[129.22211228238172,35.841534090437605],[129.22208944750017,35.84111033737312],[129.22206068049567,35.84109053563008],[129.22189012811785,35.84109235364145],[129.22188887697854,35.84105620678003],[129.221842765729,35.84105252411426],[129.2218947051496,35.84088234487379],[129.22195927793123,35.84072970780209],[129.2216738640922,35.84056623954289],[129.22145665171126,35.84044929451008],[129.2213019864802,35.84034765508734],[129.22118219317574,35.840260065301734],[129.22128536502805,35.84017642083858],[129.22139772946545,35.840215221397344]],[[129.22228498019774,35.836746239168434],[129.22229224839205,35.836852807769716],[129.22219715187,35.83685301850393],[129.22219550900888,35.83687127185569],[129.2222901975834,35.836871620648154],[129.22228519002044,35.83695777142656],[129.2221932839287,35.836955047230326],[129.22218061191532,35.836979377243146],[129.22216239749605,35.83698471004673],[129.22216108629357,35.83696685867069],[129.22200122779446,35.836994234694814],[129.22199067649248,35.83693701559883],[129.22185694300904,35.836937918812325],[129.22186192113807,35.83687297454279],[129.22151022207518,35.836997577024896],[129.2215085427267,35.836954572397566],[129.2216245914524,35.8369103427771],[129.22186552703988,35.83683212323065],[129.22219185633296,35.83674732048763],[129.22228498019774,35.836746239168434]],[[129.2211372024705,35.84020897453354],[129.22108733701063,35.84025257804502],[129.2210205672709,35.840275186240945],[129.22094035136206,35.84028251571996],[129.22084046753426,35.84031029437296],[129.22078982213046,35.84029581358328],[129.22078891539883,35.840280052364946],[129.2203210625206,35.840293865210306],[129.2203226931679,35.84019844683817],[129.22015337380938,35.84017296125515],[129.2198141130194,35.84006854633937],[129.219688438086,35.840059491712786],[129.2196978440944,35.840034419865525],[129.21974571973826,35.83995110242498],[129.21979295083645,35.83981840661009],[129.21988058203866,35.83948390139943],[129.21994276332128,35.839471297046124],[129.22006163286412,35.83946113109618],[129.22017493402603,35.83944256649253],[129.22036315786264,35.839476507403226],[129.22036442744005,35.8394672492459],[129.2202041526921,35.83943778175197],[129.2202316756465,35.839391867007],[129.2201879121836,35.839255199880654],[129.22021110174038,35.839247569145364],[129.22056539277128,35.83918776569749],[129.22067066366205,35.83919146714686],[129.2207965221857,35.839207360907956],[129.22087965595142,35.83917879273057],[129.22108052086585,35.83912483749201],[129.22116139053816,35.839066009255774],[129.22126115957366,35.838957090934585],[129.22147077976518,35.83890750812286],[129.22155474078582,35.838902145171716],[129.221633105977,35.838882489562835],[129.22168813904628,35.83913920014571],[129.22177345221158,35.83911038401937],[129.22182917732383,35.83910881282129],[129.221714535628,35.83923072786422],[129.22155177744054,35.839372098794655],[129.22147183938517,35.8394316105358],[129.2214967132773,35.83947280623335],[129.22154698539285,35.83947650845284],[129.2215621419255,35.83977041459676],[129.2215849037195,35.839776213015305],[129.22178062723893,35.83978791312494],[129.22205681913533,35.839767723201824],[129.22205345766048,35.83985289755785],[129.22201185318013,35.83988963678703],[129.22212025567495,35.83988869878959],[129.22212038230705,35.83989445754869],[129.22219107183437,35.83988861381685],[129.22220552689413,35.84008423976585],[129.22192587951224,35.84008805163388],[129.221440395805,35.84011390583233],[129.22129735883092,35.84013065142023],[129.2211372024705,35.84020897453354]],[[129.22029080730098,35.83783346957998],[129.22018693726935,35.83781122651201],[129.22014873118638,35.83778755708285],[129.22016715866656,35.83775085164982],[129.2204322396569,35.83755239119503],[129.22056565067382,35.83759082074727],[129.2210331830468,35.83763919387462],[129.22115758407529,35.83763313545419],[129.2213287370746,35.8376631405674],[129.2213182855095,35.83776629884816],[129.22128354206146,35.83794675678865],[129.22124834810705,35.83804820286917],[129.22127403575934,35.838079654612635],[129.22141967190106,35.83811569056272],[129.22144374908842,35.83812504654426],[129.22158263260283,35.838120601451934],[129.2216114980154,35.83822453491285],[129.2216117632506,35.838328556804576],[129.22175784390546,35.83834499833413],[129.22178928597458,35.8383559269482],[129.22178587315997,35.83844263353779],[129.22177112866657,35.8385301720234],[129.22175210678645,35.838764054442166],[129.22173326499845,35.83883889279193],[129.22158897039537,35.83887232318367],[129.22132520263918,35.83890944183024],[129.2213005022487,35.83882271458475],[129.22127191222566,35.83881453845536],[129.22130072334534,35.83891489411273],[129.2212399990825,35.838941862442105],[129.2211401983104,35.839055332120445],[129.22107251221138,35.83910251011911],[129.22099252869202,35.839117427739275],[129.22087222205724,35.839164197026754],[129.22079742339474,35.83918090755338],[129.22055220219391,35.839172747867686],[129.22014829586345,35.83923819326786],[129.22020218854695,35.83939159622607],[129.22016770323853,35.83942531168627],[129.22008350766606,35.839438208551904],[129.21993956182527,35.8394501234734],[129.21984927702783,35.83947054767492],[129.21980016365515,35.839695814399576],[129.219749916953,35.839854949379585],[129.21966687990985,35.84001625279768],[129.21955336796424,35.8399824095784],[129.21948795139514,35.839945441799365],[129.2193715691226,35.83982522774832],[129.21893988510953,35.839938431658666],[129.21861774422814,35.84003501535798],[129.21858485499578,35.83996427252397],[129.21871258498896,35.83959045526109],[129.21894992626184,35.83909564489841],[129.21900426421325,35.838999482233945],[129.2192114811428,35.83867743253998],[129.2192898630049,35.838578711687546],[129.2196090158352,35.83820573596659],[129.21974062081904,35.83810582768797],[129.22011600283207,35.837788662980174],[129.2201755214304,35.837825721376944],[129.2202774493363,35.83785413254717],[129.22029080730098,35.83783346957998]],[[129.22158772488234,35.847984766207915],[129.2215271615462,35.84802837142231],[129.22150375887634,35.84800381016532],[129.22138009980466,35.848031867101206],[129.22145275710602,35.84795028820922],[129.22150375887634,35.84800381016532],[129.22158772488234,35.847984766207915]],[[129.22003498034886,35.83754860383659],[129.2200483486816,35.837519509360085],[129.2201071605558,35.83746542646263],[129.22012478137424,35.83746955818636],[129.22003498034886,35.83754860383659]],[[129.21974166635255,35.837315690016496],[129.21984535304142,35.837364205274],[129.2200634258408,35.837443677714155],[129.22003012209376,35.83751243163586],[129.21996352320627,35.83762084705113],[129.21989212565674,35.83768671407624],[129.2197700549719,35.83775160062016],[129.21965131153104,35.83779477887573],[129.21940623053936,35.837913179265456],[129.21939637077347,35.83792202039104],[129.21927133191141,35.83798649723377],[129.21915102943606,35.83808315805201],[129.21899210348369,35.83816547765617],[129.21894941527526,35.83818248941449],[129.21888957191464,35.83814702531242],[129.2187800818242,35.8381054593633],[129.21903510163048,35.83779984341627],[129.2193427616452,35.83751919529362],[129.21962692827736,35.83727729775396],[129.21974166635255,35.837315690016496]],[[129.21966738621535,35.84294959675339],[129.21965845395493,35.84280018568202],[129.22001595671492,35.842791605095265],[129.22002300570827,35.84294020843876],[129.21985145965394,35.842948451284215],[129.21966738621535,35.84294959675339]],[[129.2199874418085,35.8422018787611],[129.21999636596118,35.84234813546072],[129.21982127249066,35.84235395133622],[129.21981212975263,35.842208596270595],[129.2199874418085,35.8422018787611]],[[129.21983871016212,35.84257760997512],[129.21984740428982,35.842761178855206],[129.21965636283477,35.842764139468585],[129.21964691678653,35.84258877331654],[129.21983871016212,35.84257760997512]],[[129.2198189363952,35.842390095717796],[129.21982887201764,35.84254202846481],[129.21964393671573,35.84255146696507],[129.21963554268808,35.842396467152966],[129.2198189363952,35.842390095717796]],[[129.2175472273372,35.8404674001468],[129.2175654485715,35.840345815711125],[129.2175936328265,35.840220653414164],[129.21760916219583,35.84022071561202],[129.21760926325115,35.84015187790365],[129.21819382758304,35.83905331807625],[129.2181138976529,35.838880503133076],[129.21803995871696,35.838676088491866],[129.21727652229367,35.840112573323474],[129.217283731794,35.83985573511966],[129.2172761792698,35.839854333717824],[129.21729049805654,35.83980386500196],[129.21726620894464,35.839577307139024],[129.21729831837075,35.83928300010838],[129.21727657553723,35.83922415142369],[129.2172793552641,35.839134814449636],[129.21731431712726,35.83906823034043],[129.21733195551198,35.838964365550424],[129.2173357510498,35.838821023793955],[129.2173232965911,35.838726108393686],[129.2172808392586,35.838599748149335],[129.21726773098283,35.83851676647613],[129.2173051220492,35.83846447184131],[129.2173793259981,35.83842024035066],[129.21756939616716,35.83834046248711],[129.21762387293165,35.838290966958134],[129.21764247101322,35.838267717283195],[129.2177283685946,35.838140008702524],[129.2177951229673,35.838087588973835],[129.21789813890265,35.838044062349255],[129.21835277284111,35.838021477584704],[129.2184613185331,35.83802932983009],[129.21827417716707,35.838298132199235],[129.21815124216582,35.83848559779451],[129.2183568805335,35.83874989722668],[129.21854388013764,35.83843689765871],[129.2187619666421,35.83812706806433],[129.21883665521247,35.838155412537255],[129.2189506763919,35.83821063319968],[129.21910115105737,35.83811789246841],[129.21917023174308,35.838086791362706],[129.21928353883538,35.83799814631191],[129.21953861065967,35.8378660650812],[129.2196774575849,35.837807961773066],[129.21976722085034,35.837779643686474],[129.21955261848987,35.83797359495639],[129.2194235291973,35.83813133174314],[129.21935913165825,35.8382276390223],[129.21933689497052,35.83821531417095],[129.21935634635284,35.83823311466502],[129.219297942204,35.838323372663176],[129.21915563803137,35.83850201508841],[129.21911773902193,35.83858672921097],[129.21912595342255,35.83859140083958],[129.21905937001713,35.838681943904874],[129.21893247362235,35.8388734009857],[129.2188276856976,35.83905063225767],[129.21879666424343,35.83912894396547],[129.2187089301117,35.83930136765899],[129.21861953550535,35.8394941625515],[129.21855813274288,35.83964635053048],[129.2184545701302,35.839932792804554],[129.2184127767701,35.84009998716762],[129.21834819187254,35.84042534706711],[129.2183072475513,35.84065660074075],[129.21829782941373,35.8407912916073],[129.21803433032818,35.840824283832724],[129.21765639129143,35.840840628006305],[129.21763415365356,35.84073836705192],[129.21766201347924,35.840738389039124],[129.2175461390531,35.84053955622877],[129.2175472273372,35.8404674001468]],[[129.21920501748772,35.84282119605461],[129.2191984402654,35.84272315194285],[129.21906429970835,35.842728532015585],[129.21905699405087,35.84260687645572],[129.21952294428397,35.84258845756449],[129.2195462716479,35.8429826220955],[129.21959032141277,35.84298091990484],[129.21958735723743,35.84298984766178],[129.2196780073073,35.84298815097857],[129.21967828433006,35.8429680525958],[129.2197588629143,35.84296682476299],[129.2197599549796,35.8430077288111],[129.21959297885869,35.84302167862877],[129.21921724954532,35.84302439355105],[129.21919492697393,35.84285519146994],[129.21920178967864,35.8428551790368],[129.219198820396,35.842821748032144],[129.21920501748772,35.84282119605461]],[[129.21937498100374,35.84255817355142],[129.21936640900913,35.84241885579778],[129.21951228394195,35.84241417509967],[129.21951974659422,35.842552503480064],[129.21937498100374,35.84255817355142]],[[129.21741576889372,35.842710740688375],[129.21741625848028,35.84269126378965],[129.2176970251006,35.84269262455158],[129.21769627489527,35.84271393145835],[129.21741576889372,35.842710740688375]],[[129.21743664126825,35.84687435193127],[129.21743675224792,35.846813210953975],[129.21758634322535,35.84681246436657],[129.21759083026467,35.8468628631913],[129.21743664126825,35.84687435193127]],[[129.21739851008286,35.84067588336523],[129.2174396204754,35.84069685369802],[129.2174121747031,35.84084143657265],[129.2172214195173,35.84085035006092],[129.21722682294376,35.84082244665496],[129.21721506859973,35.84078177629222],[129.2172268060731,35.840722200581666],[129.21720082749096,35.84075063661068],[129.2172010322026,35.84071586599501],[129.21721069758146,35.84068407054857],[129.21726313327886,35.840664960021556],[129.21731943549446,35.840659433386605],[129.2173581576116,35.84066501467628],[129.21739851008286,35.84067588336523]],[[129.21722364519707,35.84651582985264],[129.21730372650168,35.84651765979016],[129.21730921238077,35.84703483206994],[129.2172559336993,35.84703442304984],[129.21722364519707,35.84651582985264]],[[129.21672595289766,35.84780247211933],[129.2167465598278,35.847776154769356],[129.21675679547533,35.84772971306862],[129.21678257260908,35.84769547347862],[129.21684127260292,35.847690591669576],[129.21692944853982,35.8477216528949],[129.21702744190299,35.84771129304164],[129.21710319417056,35.84768784181306],[129.21714023811742,35.847632465652104],[129.2171648365142,35.84760858345281],[129.217246881214,35.84760742676595],[129.21727585443097,35.84758441991331],[129.21728389018284,35.847526932797386],[129.21730138259574,35.84754418734911],[129.21730009183435,35.84784813607727],[129.2172518724087,35.84785626181537],[129.2172970527928,35.84795624641491],[129.2173030571122,35.8483583100609],[129.21708095196612,35.848365486159565],[129.2167362249006,35.84838391285836],[129.21672630191637,35.84821838011852],[129.2167005819592,35.84812636355098],[129.21662911663736,35.84808144707528],[129.21648756799848,35.84806471187002],[129.21644670927319,35.848048075803305],[129.21646038015388,35.84787575947536],[129.21648709641585,35.84779158003198],[129.2166071069749,35.84780155837771],[129.21672595289766,35.84780247211933]],[[129.2172968417199,35.847114326481176],[129.2172977335971,35.84727738059109],[129.21728910464014,35.84727790530184],[129.21726018468306,35.84711625789673],[129.2172968417199,35.847114326481176]],[[129.21635190321138,35.847151438945055],[129.21694774375638,35.84712312727279],[129.21723794284262,35.84711509015882],[129.21725652271365,35.84724369215697],[129.2172611469607,35.84747965803598],[129.2172529469934,35.847582775711324],[129.21722202264982,35.84758837391991],[129.2171530117445,35.84759132772195],[129.21713032986057,35.847611664568774],[129.21709561820634,35.847669875478225],[129.21704242584752,35.84769334031005],[129.21687090954455,35.84767555077116],[129.21677363492847,35.84767332776521],[129.21673727611966,35.847711984406736],[129.2167091498985,35.84778224212629],[129.21659000989354,35.8477789946581],[129.2165125273907,35.847756178507545],[129.21648584894936,35.847735425404345],[129.21645553548225,35.847741824434856],[129.2163232213166,35.84772574845073],[129.2162920306373,35.84761621226366],[129.2162265169444,35.847499824824055],[129.21621427463086,35.84741383143896],[129.21618277625996,35.84733730336816],[129.2162269978844,35.847288147467886],[129.21618024904728,35.847155936567006],[129.21635190321138,35.847151438945055]],[[129.21708437519527,35.84647704668226],[129.21707532956597,35.84650497461559],[129.21719226882493,35.84651785991654],[129.2172146547229,35.84674803495603],[129.21723345877695,35.847037104065535],[129.21648341113587,35.847066017607546],[129.2164706276424,35.84688622314436],[129.21645034583918,35.8467007191527],[129.2165741752048,35.84667845300211],[129.21656158772714,35.846452415061826],[129.21683700896457,35.84640426370403],[129.21685142550191,35.846450832479036],[129.21687045494824,35.84645942333228],[129.2171114083288,35.84645717969527],[129.2171114560366,35.84648298238971],[129.21708437519527,35.84647704668226]],[[129.21719432312835,35.840688234737115],[129.21717955476853,35.84071837397235],[129.21715606151895,35.84071221553273],[129.21719432312835,35.840688234737115]],[[129.21658577726154,35.84838826492347],[129.21643812961202,35.8484005878494],[129.21629112592726,35.84842184983735],[129.21618567650654,35.84842618404134],[129.21620615925835,35.848242806262306],[129.216224648209,35.84820270367069],[129.21626735210725,35.84818109649849],[129.2163751980545,35.84817481123854],[129.2164212073673,35.84814338349348],[129.21645445925898,35.848089546453885],[129.21661638043625,35.84809968413017],[129.2166415983492,35.84811652839507],[129.21669577191528,35.84816928065404],[129.21670113132444,35.84838703996503],[129.21658577726154,35.84838826492347]],[[129.21609744344727,35.8466074577462],[129.21609661114525,35.846561486483594],[129.21614432413196,35.84652998369473],[129.2162695573931,35.846527596919195],[129.21624390304703,35.846143367892786],[129.21637944782125,35.84613929526252],[129.216393231533,35.846332994253636],[129.21654771765682,35.846312989510736],[129.2165749658244,35.84637272965087],[129.21658086878233,35.84641891714733],[129.21651366572726,35.846435115716595],[129.2165253645588,35.846475542870564],[129.21653686232355,35.84664649838141],[129.21639472014377,35.846675502544265],[129.21641488373788,35.84676391512786],[129.21641999192,35.846876589240786],[129.2164403914437,35.84695395207401],[129.216451530043,35.847066040523266],[129.21620926403605,35.84707445681701],[129.21617088707535,35.84707895953527],[129.21612290894643,35.847036830708355],[129.2161129843538,35.84678799537124],[129.21611876099206,35.84678739022863],[129.21610765477826,35.84660942225811],[129.21609744344727,35.8466074577462]],[[129.21639805709677,35.84267282893427],[129.21652169051777,35.84266639815153],[129.21652105949647,35.84287960806549],[129.21645421776495,35.84288093532983],[129.21646780520402,35.84303077091947],[129.21627270165513,35.84304231332477],[129.21625240813367,35.842897077061984],[129.2162967599648,35.84273234837113],[129.2163805360452,35.84273886784075],[129.21639805709677,35.84267282893427]],[[129.21641776520082,35.84791794208464],[129.21640520905078,35.84810137783184],[129.21639894194774,35.84811488916515],[129.21621885780436,35.848132542732515],[129.21621528779528,35.84787589127342],[129.21625246580743,35.847869975722126],[129.21628615429518,35.84785489167675],[129.21628770453873,35.84777708403212],[129.21622598367372,35.84777421121063],[129.2162146792986,35.84769123533953],[129.2162744616135,35.84767720419007],[129.21629268687525,35.84773641074566],[129.21644908937623,35.847773307600974],[129.21641776520082,35.84791794208464]],[[129.21632091829332,35.84312860296012],[129.21632718476684,35.843145553286824],[129.21629656957742,35.84315024945574],[129.21629180619885,35.84313244926547],[129.21632091829332,35.84312860296012]],[[129.21622894186038,35.847553453853905],[129.2162564196079,35.84759152760335],[129.2162761023954,35.84764938869543],[129.21619795939688,35.84766892323928],[129.21617580779593,35.847573971112524],[129.21622894186038,35.847553453853905]],[[129.21465934019415,35.84266394823855],[129.21466682992522,35.842827944489734],[129.21467269758816,35.842828366680585],[129.21467223917503,35.842793561205966],[129.21488938631705,35.84280317992314],[129.21489671516989,35.84285486236665],[129.21511888127762,35.842851304228304],[129.21511422943374,35.84273051791653],[129.21524192381028,35.8427276411696],[129.2152475696066,35.84286401733867],[129.2152659890496,35.84286429099752],[129.21528037484538,35.8429577340741],[129.21529516280913,35.84315152163797],[129.21534661463275,35.84315684659693],[129.2153425570042,35.84308849398472],[129.21534959608337,35.84308820207009],[129.2153428519445,35.842913849178146],[129.21553070599603,35.84290673732172],[129.215532243701,35.842939368856186],[129.21575285826606,35.84295149406426],[129.21579513092652,35.842791149342105],[129.2158177217713,35.84273323976895],[129.2159914012124,35.842723926385155],[129.2162569173874,35.842733464220565],[129.21626129719056,35.84280700824542],[129.21623384546524,35.84289705616034],[129.2162412120119,35.84300593205517],[129.2162596253552,35.84312299859454],[129.21614268870047,35.84312971455894],[129.21614440330669,35.84316628423152],[129.21613397690632,35.84318293092276],[129.2161449890546,35.843268647188054],[129.2161201230021,35.84327086361666],[129.21612178086033,35.84320420418754],[129.2160581822393,35.84320559753929],[129.21604880394972,35.843134667864746],[129.21597334248497,35.843137190890005],[129.21597563720687,35.843224806343905],[129.21595871465763,35.843241969314676],[129.2159592311796,35.84326525669904],[129.2159406153611,35.84326608302237],[129.21593527676632,35.843277177927426],[129.2159185985428,35.84327819906466],[129.21591767528744,35.843288853489994],[129.21593667208322,35.84329385757937],[129.21594611655857,35.84340173840225],[129.21581650456417,35.843416353596794],[129.21582108592594,35.84354708645508],[129.21570515717778,35.84354240272015],[129.21570456086093,35.84360878987281],[129.21571471308707,35.843700059406125],[129.21559038081529,35.84370243497959],[129.21537528587,35.84369376946722],[129.2153806968895,35.843495232441434],[129.21553291489786,35.84353111956483],[129.21552928503337,35.843519049277546],[129.21537356444028,35.843481374895624],[129.2153600337189,35.843347806656325],[129.21536127927587,35.843168563789185],[129.2153069587492,35.84317080543059],[129.21532719684595,35.84356404798503],[129.21532685978937,35.843698271776866],[129.2152772449424,35.84370114491898],[129.21526787981026,35.843453389872984],[129.21517660740054,35.84345439938706],[129.215176591542,35.84344848721386],[129.21506283540964,35.84345267297163],[129.2149757701292,35.843449889604784],[129.214999178395,35.843341499712366],[129.21497478497125,35.84320618427484],[129.21494444560344,35.84321058219685],[129.21495189229773,35.843263265072075],[129.21497220681033,35.8433345719545],[129.21494625538483,35.84348529808266],[129.21476813667368,35.84345784682736],[129.21475908751094,35.843381265629915],[129.21468840567135,35.84337480291344],[129.2146911837035,35.843354015153885],[129.21471516101025,35.84332989120424],[129.21474471693608,35.84322715030187],[129.21471038045314,35.84322696789435],[129.21469950586868,35.843316147877836],[129.2146704844968,35.843341542523135],[129.21460256856756,35.843326287659146],[129.21459789017294,35.8432449491072],[129.21442429563763,35.84324510362531],[129.2144241882372,35.84326704024725],[129.21438480357835,35.843266596316774],[129.21438507210274,35.84325938583883],[129.2143463969676,35.843259355213874],[129.21434255574204,35.84321367764139],[129.2143827964535,35.8432113892808],[129.2143827860489,35.843207495898035],[129.2141150439791,35.8432095831775],[129.2139208030228,35.84321697448795],[129.2135593786872,35.84324198267301],[129.21355953959932,35.843177687193105],[129.2135767477505,35.843176142722825],[129.2135743336052,35.842826470869944],[129.21370107555742,35.842819172301624],[129.21370080546538,35.842875681175336],[129.21394134886063,35.842856546190475],[129.21411087823367,35.84285148774986],[129.214123536802,35.84293282121898],[129.21443139090954,35.84293040148647],[129.21444923160234,35.84280524462545],[129.21457912851176,35.8428188171603],[129.21457176401324,35.842664328872324],[129.21465934019415,35.84266394823855]],[[129.21497826990702,35.843463353543775],[129.21498885440113,35.84352036215161],[129.21496527136836,35.84352225161175],[129.2149738081409,35.84346341248783],[129.21497826990702,35.843463353543775]],[[129.21412552349335,35.85209461505525],[129.2139096684728,35.85209995372184],[129.2138130206278,35.85209814179612],[129.21380317549486,35.85185175772533],[129.21411610455905,35.851842372139],[129.21412552349335,35.85209461505525]],[[129.21401555881422,35.84322725243349],[129.2140154823202,35.84324836886288],[129.2138358586847,35.84324984000668],[129.21370244280715,35.84327011048285],[129.21371072391653,35.84324574407568],[129.21401555881422,35.84322725243349]],[[129.21379080967145,35.8427188488377],[129.21379392361285,35.84252082060315],[129.21394224295386,35.84250635458394],[129.21396670478822,35.84271016534032],[129.21379080967145,35.8427188488377]],[[129.21315786179275,35.84707433697008],[129.21315235385998,35.84704277589447],[129.21313191652789,35.84701664861293],[129.21312983780058,35.84698003449763],[129.21313542453532,35.846953771252984],[129.213338676954,35.846930773694325],[129.21331679853802,35.84686226320894],[129.2134122403588,35.846808425500576],[129.21342320726453,35.846674183031325],[129.21329541764217,35.84667278609815],[129.21330329983854,35.84649822715766],[129.21333274081792,35.84649682338346],[129.21333240483585,35.8463580044672],[129.21328756231674,35.8463578942515],[129.21329933796918,35.846190547450945],[129.21354747352737,35.846187865700685],[129.21353787873312,35.84615549171318],[129.21336856764432,35.84615371749527],[129.21336961265663,35.84594732943276],[129.21327505928554,35.84595192125408],[129.21328523978428,35.84585908358454],[129.21336861739107,35.84585614272369],[129.21336868296822,35.84583918108498],[129.2133162094208,35.84584152672194],[129.2133368539967,35.84577085937262],[129.21345802280194,35.845693255363585],[129.21345034324915,35.84567757814875],[129.21339489739273,35.84569021232439],[129.21336615214312,35.845661756476936],[129.21333837627932,35.845623195901624],[129.21333009219435,35.84558830509601],[129.2133407147751,35.84553687005956],[129.2133072462518,35.84552628529816],[129.21331473880954,35.845513285078866],[129.21356178668702,35.84551862634404],[129.21356419021092,35.84555244601254],[129.21383843567284,35.84551955245681],[129.21385342822137,35.845829493134616],[129.2138621904076,35.84619723265651],[129.2139045272334,35.84715889947281],[129.21308451315733,35.8471944315012],[129.21305016833495,35.84709589525609],[129.21315786179275,35.84707433697008]],[[129.2129623229576,35.851991402021994],[129.2129575924069,35.85187749247555],[129.21327682447009,35.85186539423432],[129.2132766643964,35.85184682878729],[129.2136247931652,35.8518361206836],[129.21362551186806,35.85185657776678],[129.21376996677853,35.85185244727416],[129.21377980628338,35.852096758485125],[129.2133704590097,35.85206620767934],[129.21314208973675,35.85202803670875],[129.2129623229576,35.851991402021994]],[[129.21370434275983,35.842786631394205],[129.2137067071685,35.842814088316956],[129.2135745107956,35.84281818806655],[129.21357429903242,35.84278853730352],[129.21370434275983,35.842786631394205]],[[129.21356568140553,35.843251975428146],[129.2135795938847,35.84325150926152],[129.213580302354,35.843272317880206],[129.21356480684483,35.84327272375317],[129.21356568140553,35.843251975428146]],[[129.21348557452225,35.84308874704836],[129.21348512086055,35.84318109905375],[129.21339996722799,35.84318527520652],[129.21339938832227,35.843092477113714],[129.21348557452225,35.84308874704836]],[[129.2132444831233,35.847491598145574],[129.21319873143142,35.84748284651589],[129.21321362806142,35.84738176314445],[129.21320529691792,35.84737086369001],[129.21306465130965,35.847372463287684],[129.21309007177055,35.8473117463977],[129.2130902558697,35.84725603983036],[129.21340396687273,35.84724358148174],[129.21339677574161,35.84749476343368],[129.2132444831233,35.847491598145574]],[[129.21203923945777,35.842835046497775],[129.21208578742315,35.84281947243708],[129.21216895443152,35.84280505085147],[129.21222052545264,35.84283049284925],[129.21226232051393,35.84283421381294],[129.21243313401206,35.84279573712265],[129.21243383666075,35.842835363868154],[129.2124573673112,35.84283464662228],[129.21245887987638,35.84279138394884],[129.21249487567508,35.84278289405774],[129.21244134972514,35.842779986868905],[129.2124089813869,35.84278728973914],[129.21233629311644,35.84278780483704],[129.21233033778032,35.8426413260476],[129.21253500786293,35.842635243831396],[129.21254304559653,35.84276123353185],[129.21261590470894,35.842758365745375],[129.21260970011025,35.84263079564112],[129.2127807903548,35.842625943622494],[129.2127899011234,35.842768235038555],[129.21264379034244,35.84277203378004],[129.2126868863488,35.842794678568055],[129.21266930702757,35.842827379788524],[129.21276836682952,35.842824691175046],[129.2127837115436,35.84283423547407],[129.2127770270882,35.84288476231001],[129.21279419795516,35.8428740173501],[129.21279601493126,35.84303673380616],[129.21278368622035,35.84307441359736],[129.21277806254807,35.8430372880979],[129.21274744882183,35.84303007784357],[129.21273972144627,35.843042132132666],[129.21272473701083,35.84304323997408],[129.21272411995332,35.84306099569027],[129.21264506695505,35.8430615762383],[129.21265255625386,35.84321860594652],[129.21260677949036,35.843220326653736],[129.21260958269042,35.842999993061746],[129.2126355055261,35.8429830400594],[129.2126244238603,35.84298241964261],[129.21262257207363,35.842964479001765],[129.2125844632528,35.84299431425101],[129.21256825166228,35.84302522857743],[129.21257248531893,35.843127495028426],[129.21254714434198,35.84313012612733],[129.2125442565249,35.8431514637944],[129.21257229799187,35.843148701777565],[129.2125711713411,35.84327910566416],[129.21247816803702,35.8432952121115],[129.2122893051482,35.84329382217726],[129.21208430259068,35.84330877286275],[129.21194605892123,35.84331184498205],[129.21180113353748,35.84330384325766],[129.2117312919623,35.84329269984177],[129.21172829704582,35.84281764287528],[129.21174455356257,35.84284849540508],[129.21184801342125,35.842835363372004],[129.21203923945777,35.842835046497775]],[[129.21279849887668,35.844991378867114],[129.21270249609327,35.84499162876046],[129.21271656118748,35.845227803148795],[129.2127104498971,35.84522856787311],[129.21268929328187,35.84516385380887],[129.2126596223916,35.845028240787705],[129.21265358011868,35.84495365493996],[129.21279951157692,35.84495168603444],[129.21279849887668,35.844991378867114]],[[129.2121484853578,35.84261568896562],[129.21214117882124,35.84262365981507],[129.21206961737053,35.84262747135267],[129.21207149558856,35.84262196142132],[129.21206501190986,35.842622982183464],[129.2120745697533,35.842800890287734],[129.2119424292309,35.8428177768873],[129.21185318205764,35.84281000215073],[129.21176449493615,35.84281730428687],[129.2117457182029,35.8427990778087],[129.211721176035,35.84248779280454],[129.21172713914714,35.84239856759087],[129.21183369168222,35.84239992226646],[129.21183317770917,35.84237294874023],[129.21172536908733,35.84237795908975],[129.2117303508596,35.842294368406485],[129.21172925822833,35.84206488490774],[129.21198338527537,35.84205570691964],[129.2120408962763,35.84226412849069],[129.21208023075334,35.84234208982997],[129.2121101303107,35.84233468322501],[129.2120937608097,35.84231844434407],[129.21200196988764,35.84205572843953],[129.21212113685473,35.84205154510957],[129.21222522290682,35.842053777975146],[129.21223076835352,35.842145821974746],[129.2122659910497,35.842138081545386],[129.21226216271938,35.8420507841257],[129.21237366346634,35.84204411752751],[129.21235688818984,35.842133848425824],[129.2123795871877,35.84213682778171],[129.21239993626654,35.84204238608031],[129.21243306487835,35.842038065016695],[129.21253682141167,35.842041262528845],[129.21264110192993,35.84203751940185],[129.21267361088698,35.84215437248755],[129.2126786595488,35.842275942302116],[129.21259529953466,35.84227576432243],[129.21259967574989,35.84237335304517],[129.21259211586764,35.842373411388486],[129.21260655038333,35.84248645690917],[129.21252862606403,35.8425075839064],[129.21253338065915,35.84259761047243],[129.2121484853578,35.84261568896562]],[[129.21273008122856,35.84246220347365],[129.212791265535,35.84244382755841],[129.21279034073646,35.84248744069239],[129.21272603502274,35.8424933127382],[129.21272730294956,35.84250812706625],[129.21275765299916,35.842511985138685],[129.21276749408463,35.84254151983768],[129.21276229854396,35.84259498368422],[129.21261018707648,35.842596006832295],[129.21260655038333,35.84248645690917],[129.21273008122856,35.84246220347365]],[[129.21125911492834,35.84698914588742],[129.2112596144245,35.84687197353226],[129.21132626962054,35.84686996452833],[129.2113298166918,35.84677515586887],[129.21127301146825,35.84677642667895],[129.21127192553323,35.84683063874979],[129.21094094380382,35.84682909819009],[129.2107083556719,35.84683481174178],[129.21064230209853,35.846876231009375],[129.21057856961733,35.84692899293644],[129.21032781084963,35.84697069723494],[129.21032196189321,35.84691840787484],[129.21014191400576,35.84690478732562],[129.21016882809369,35.84641200927907],[129.2101835392196,35.846010576036804],[129.21076093018826,35.84599424160887],[129.21082883666466,35.84600109900175],[129.21089747959437,35.84599755464876],[129.2109017363109,35.84597039257037],[129.21104101353492,35.845958694882185],[129.21104230432925,35.84599071404095],[129.2112208227659,35.8460001451037],[129.21153683893735,35.84599888113432],[129.21158488756953,35.84604371543082],[129.21158490569744,35.84609675395565],[129.2116306669035,35.84610948069871],[129.21174685008597,35.84612164261144],[129.21178541864063,35.846135283130586],[129.21207326425306,35.846117466024324],[129.21230613991074,35.8461208429407],[129.21226856882606,35.84629175878668],[129.2122963856965,35.84629991136355],[129.21235393002982,35.84610128307793],[129.21246281706956,35.84611705308852],[129.21255811270967,35.84614602314737],[129.2127182933317,35.84617352721597],[129.21267710054173,35.84640181410491],[129.2126378019466,35.84640936353933],[129.21246507808996,35.846506812639305],[129.21234774770193,35.84652569247963],[129.2122437046183,35.84650007222309],[129.21214855373066,35.84648409768578],[129.2120866434438,35.846480321818206],[129.21201159625627,35.84649425145644],[129.21184564529597,35.84650761921693],[129.2117493995691,35.846500397416],[129.21174659783654,35.84653350522456],[129.2120755309922,35.846510109574965],[129.21222282609665,35.846520404985974],[129.21233374129133,35.84654943795179],[129.21241555624889,35.84654550911856],[129.21247598799283,35.846530162891604],[129.21263977318614,35.846443102868896],[129.21267609701923,35.846536850128786],[129.21269300998998,35.84652806926754],[129.2126733008034,35.84643411256417],[129.21277822650845,35.84641687646809],[129.21278465257538,35.84646079208491],[129.21278193855647,35.84653097718001],[129.212790870165,35.84665562234648],[129.21279948429705,35.84668979160296],[129.21275674815033,35.846690948247705],[129.2127622594434,35.84677392563721],[129.2126325216312,35.84678930368289],[129.2126491074648,35.84692016304083],[129.21264928949506,35.847043111210574],[129.21268133358217,35.847150844362694],[129.2126914020297,35.847149024167074],[129.21269301178617,35.847171660730496],[129.21268689741552,35.84720773047809],[129.21231918048863,35.84722525662087],[129.21216515948922,35.8472296725065],[129.21204112999757,35.84722727627386],[129.21188690213268,35.84723719880106],[129.21172257443357,35.8472412716657],[129.21158480279675,35.84723704242971],[129.21122757192913,35.84725172598659],[129.21123014148944,35.84721863662401],[129.2111993534395,35.84721724836029],[129.21119402456014,35.84725340678686],[129.21061384522665,35.8472736235331],[129.21060393096502,35.84715289134644],[129.21061565387944,35.847039160262625],[129.2106163463359,35.84692344759851],[129.21065886014242,35.8468923615964],[129.21073809940762,35.84686852978028],[129.21073907237343,35.84685545095142],[129.21087292991626,35.84686166171579],[129.21107721377268,35.84686028716612],[129.21120404100634,35.84687864965814],[129.21118879221234,35.84698565461851],[129.21125911492834,35.84698914588742]],[[129.21278555072962,35.84591470519141],[129.21279710878426,35.84597791655992],[129.21271820038575,35.845996548941386],[129.2126694933891,35.84600005929992],[129.21263598531735,35.84597459478627],[129.21259087717846,35.84595771251652],[129.21259518976584,35.84591008289553],[129.21262655046175,35.84587295037561],[129.21274370247014,35.84582476192909],[129.21278555072962,35.84591470519141]],[[129.21184226775682,35.84334645447416],[129.21186756444035,35.84349048406172],[129.21186315101437,35.84359226096923],[129.21189244667048,35.843582331975675],[129.21189165166473,35.84350344693119],[129.21187338979598,35.84334074915185],[129.21204543152763,35.84333932126353],[129.2123512161391,35.84331552381369],[129.2123688189648,35.84347141823651],[129.2123877442587,35.84348293003943],[129.21247463182473,35.843569090255336],[129.21253464161092,35.843616769166175],[129.21256010073984,35.84361689568815],[129.2125871269615,35.843631953168554],[129.21263081612452,35.843686113651636],[129.21267120035998,35.843888175087194],[129.21268139730708,35.843914104160085],[129.21267699730367,35.84383247588788],[129.21268264284,35.84383174072203],[129.21274763121338,35.84402966319904],[129.21278847599683,35.84412140174086],[129.21268011922962,35.84413763447759],[129.21208385344693,35.84415216362632],[129.2117301558267,35.84417918058541],[129.21173409655475,35.84366335214006],[129.21173131646913,35.84333134541219],[129.2118066073248,35.84333115958701],[129.21184226775682,35.84334645447416]],[[129.2126627774491,35.84762964784153],[129.21273999609156,35.847636911371886],[129.21273870766314,35.84765196450596],[129.2127924343326,35.84765835903783],[129.21278518465866,35.847721297035406],[129.2126649112674,35.84772051709233],[129.2126627774491,35.84762964784153]],[[129.21277948178897,35.850386977552084],[129.21279427193252,35.85038722191847],[129.21277810425048,35.85047435277415],[129.2127664671717,35.85047333091216],[129.21277290302223,35.850410809137124],[129.21277948178897,35.850386977552084]],[[129.21276086380803,35.85058860623994],[129.212783571687,35.85061421133529],[129.21276149937947,35.85061470077131],[129.21276086380803,35.85058860623994]],[[129.2127713613666,35.85119836842774],[129.2127805452239,35.85140536919383],[129.21266928981174,35.85140511415598],[129.2126635228452,35.851234157339846],[129.21270273355597,35.85120092245447],[129.2127713613666,35.85119836842774]],[[129.2127118256325,35.84440232098133],[129.21266813026767,35.84446708050039],[129.2126345447607,35.844587555545836],[129.2126173950488,35.844824271975874],[129.2126260281421,35.84491581480101],[129.21253174176718,35.844937177830765],[129.21242579020372,35.844942510000514],[129.21232972573316,35.844961253355315],[129.21227402764572,35.84495792631893],[129.21224117143018,35.84496943883632],[129.21223112863854,35.84503106590266],[129.2121357029039,35.84504025473169],[129.21196238793573,35.84502621052157],[129.21188025769644,35.84503591660973],[129.21172657667324,35.84503753745768],[129.21173281215192,35.84425457452762],[129.21275399944975,35.84421463360078],[129.2127606296326,35.84425628673863],[129.21275049172073,35.84432360091063],[129.2127118256325,35.84440232098133]],[[129.2116127635383,35.84820599913555],[129.21161647200825,35.848147303277976],[129.21164042420122,35.848079199021335],[129.21166531188638,35.848030028376975],[129.21173552185812,35.84802819317713],[129.21175442955047,35.84805782021712],[129.211780266685,35.84815027024821],[129.21178426802726,35.84819416311242],[129.21181338102733,35.848189876285055],[129.2117974486484,35.848117425679995],[129.21177164981236,35.84803948570358],[129.21174625489837,35.847984544903845],[129.21172562081378,35.84797186437525],[129.21171956627137,35.847946910354],[129.21174309083744,35.84792234619201],[129.21180128734662,35.847902678218986],[129.2118834645192,35.8479054273723],[129.21193065724853,35.84807410372002],[129.21193509454866,35.84811538219229],[129.21196712680157,35.848243970451946],[129.21199610165613,35.84831306356134],[129.2120262254874,35.84831427253386],[129.21200814219955,35.84826156309261],[129.2119980392958,35.84825040529762],[129.21198517240992,35.848165151604206],[129.21190772369528,35.84790754789292],[129.21190546059105,35.84789312284947],[129.21195572363766,35.84788735695036],[129.21200059831074,35.84789511921444],[129.2120139867828,35.847930623018115],[129.21204563816715,35.84796536480764],[129.21207904236672,35.848030845140386],[129.21210803984206,35.84806243719027],[129.21218071984734,35.84807790139286],[129.21228112922793,35.8480640262992],[129.21229924222877,35.848127911143415],[129.2123040872138,35.84819767738491],[129.21233084717556,35.84818266969072],[129.2122987566126,35.848032262377295],[129.21255773125924,35.84801558526484],[129.2125668653373,35.84811644608542],[129.2125885534234,35.84815084473181],[129.21264153872627,35.84821151388106],[129.2126839874341,35.84822271391288],[129.21275060485112,35.848368815533654],[129.21276413240457,35.84841486362516],[129.2127648695352,35.84848409631696],[129.21258941317475,35.848508648300665],[129.21243615265323,35.848508556953114],[129.2123261002938,35.84851379710094],[129.212000164495,35.848539333164375],[129.21185439438315,35.84856716668717],[129.21171972093975,35.84855911088845],[129.2116938804106,35.84846539910734],[129.21175472762283,35.848443293147156],[129.21181471471706,35.848430841044255],[129.21181642383922,35.84841154230006],[129.21175653222946,35.84841822623976],[129.21169767913108,35.84843672371419],[129.21162793890517,35.84836499808305],[129.21154948684037,35.848268043640175],[129.2115618738816,35.84822609585501],[129.2116127635383,35.84820599913555]],[[129.21275057107897,35.844587261493814],[129.2126638865402,35.844590748485885],[129.2126702208665,35.84455420968736],[129.21274620060984,35.84456291739958],[129.21275057107897,35.844587261493814]],[[129.21274498703087,35.84348753879923],[129.2127011677739,35.843488593853365],[129.21269257885493,35.84330520885237],[129.21273810211082,35.84329970330675],[129.21274498703087,35.84348753879923]],[[129.21256034991734,35.847917677921636],[129.2125480490225,35.84779139840772],[129.21248174026636,35.847761494232714],[129.21246116716662,35.84773006773074],[129.2124466006813,35.84766779892981],[129.21246047840884,35.84755779507055],[129.2125524449784,35.847574667186215],[129.21257549949345,35.84762349244508],[129.21264546542133,35.84765501239197],[129.2126430881233,35.84779799081057],[129.21274606211853,35.84779546656693],[129.212736518711,35.84794937171497],[129.2127243982777,35.84797472714836],[129.21270335887823,35.84797206038337],[129.21271035278946,35.84806310133503],[129.2125917755414,35.84807161359212],[129.21258027582707,35.8479972502957],[129.2125874651512,35.84795323866067],[129.21256034991734,35.847917677921636]],[[129.2120326513505,35.84116310316781],[129.21207734252616,35.84110287539176],[129.2121624507143,35.84112837581075],[129.21230953933875,35.841135508112934],[129.21242721552736,35.84112062925132],[129.21249429000463,35.84109487091534],[129.21247689746284,35.841068422709554],[129.21241401162166,35.841091758332375],[129.21218076119348,35.841104343404574],[129.2121411351032,35.84109590506707],[129.21210946199056,35.84107704333281],[129.21213405521772,35.84103465045868],[129.21223180247594,35.84090064335775],[129.21230573546222,35.84077718653754],[129.21253545816094,35.84076616658274],[129.21272403433426,35.8407827427183],[129.212716850738,35.84091214790331],[129.212721143445,35.841007438601494],[129.21270790660952,35.84107473121544],[129.21262589338048,35.84108107594235],[129.21260434681608,35.84117454644937],[129.21258817027655,35.8411767739186],[129.21257577303697,35.84136047958147],[129.21263761540015,35.841361001811315],[129.21262993710542,35.84156276024351],[129.2126175934631,35.8416497255716],[129.2126567623281,35.84164840401079],[129.21267619214035,35.8419506042292],[129.21172741270684,35.841986317117424],[129.21172012098341,35.84172724738382],[129.21172918572753,35.841366268511976],[129.2119204635115,35.84126119351526],[129.21197526159585,35.84122230771902],[129.2120326513505,35.84116310316781]],[[129.2127337661472,35.84738314844512],[129.21270864329682,35.84738923098103],[129.21271311872138,35.84744474910657],[129.21256811215048,35.84742986292009],[129.2125707999745,35.84739983757185],[129.21255860384125,35.847396614496546],[129.21254300176642,35.847277731017115],[129.2126981372698,35.84727196081359],[129.2127337661472,35.84738314844512]],[[129.2125944387338,35.84358834684914],[129.21253494090863,35.843587685294835],[129.2124915122308,35.8435649599275],[129.2124419042246,35.84352026389839],[129.21242618803115,35.84347914941203],[129.21239923348318,35.843466047482266],[129.21238607908654,35.843401667224136],[129.2123819455932,35.84332879036734],[129.2123853077321,35.84331099378592],[129.21266854099883,35.843306720136034],[129.21267662066376,35.84353192838141],[129.2126574626449,35.84354956346653],[129.2126656039153,35.843589231208504],[129.21272057145632,35.84366388429416],[129.21267013370777,35.84367370644606],[129.2126715510729,35.84370768672982],[129.21266102136534,35.84370833181526],[129.2126564372892,35.84367637117836],[129.2125944387338,35.84358834684914]],[[129.21264968830693,35.84467141729489],[129.2126782553567,35.84467046584233],[129.21269319182397,35.8448974734965],[129.2127178086777,35.84491376087833],[129.21265525632404,35.84491369056709],[129.21264968830693,35.84467141729489]],[[129.21231794704556,35.84499014106048],[129.212453864955,35.84496879524181],[129.21254000871912,35.844965759975615],[129.21262178926688,35.84494946591323],[129.212651301503,35.84511295488775],[129.21271673532473,35.84538561221108],[129.2126982549066,35.845391782207095],[129.21270493115756,35.845818151822606],[129.21264415005695,35.84582258464299],[129.21248754512897,35.845945357617],[129.21242448573773,35.846063450950766],[129.21236558910684,35.84606897083471],[129.21191773510455,35.84608652820018],[129.2118362694713,35.84610100971883],[129.21176995391252,35.84610563203523],[129.2117145617624,35.846096887694316],[129.21171783076258,35.84593045716789],[129.2117336582125,35.845929798601716],[129.2117212555804,35.845785322900305],[129.21172659523984,35.84509490199076],[129.21201841058456,35.845072752073136],[129.21218505559816,35.84507182912175],[129.21225441425173,35.84504626520116],[129.21226292858935,35.844992670951946],[129.21231794704556,35.84499014106048]],[[129.21270980463876,35.84614070960484],[129.21261575279618,35.84612580599138],[129.21247003619763,35.84608015225607],[129.2124881535701,35.84601625787787],[129.21251433170718,35.84596564327985],[129.212650379748,35.84601795566199],[129.21271770097883,35.84601693609165],[129.21270980463876,35.84614070960484]],[[129.21205421643873,35.841084764727896],[129.2119790149548,35.841180816578465],[129.21189985754384,35.841250126188996],[129.21173292446275,35.84134019193516],[129.21173759387304,35.840555248508714],[129.21172955848544,35.84010659290028],[129.21264537685684,35.840338718217176],[129.21256509068047,35.840712517160036],[129.21253131902498,35.84075238923253],[129.2123519990437,35.840759188504904],[129.21231439658467,35.84074996258484],[129.2123202410256,35.84073330623113],[129.21228903857843,35.84073332491921],[129.2121936904502,35.840891283106274],[129.21205421643873,35.841084764727896]],[[129.2120589481374,35.851764612051916],[129.21202396980166,35.851724027013695],[129.2119994942755,35.85125938587508],[129.21203615821295,35.85122579516898],[129.21255518373567,35.851206408972914],[129.21259721779893,35.851235986224864],[129.21261695592995,35.85187493712187],[129.2125805901236,35.85189572974202],[129.2120589481374,35.851764612051916]],[[129.2125676808336,35.84743418967614],[129.21258065256148,35.84756299151618],[129.2124502282022,35.847536985186935],[129.21243839039764,35.84741828435019],[129.2124641479718,35.847359279374984],[129.2124859084149,35.84733751203709],[129.21252418105468,35.84732275445708],[129.21253678988793,35.847398184935884],[129.2125676808336,35.84743418967614]],[[129.21215915621605,35.84278328480754],[129.21209550163138,35.84279690612796],[129.21208887027424,35.84264995084813],[129.21231009985848,35.84264401123033],[129.21231730124188,35.84278871237142],[129.2121969872887,35.8427948896717],[129.21215915621605,35.84278328480754]],[[129.211934238036,35.8517000307312],[129.21189976285984,35.85172415445621],[129.2109123114416,35.851474431069484],[129.21087003112027,35.85143521029239],[129.21086974612464,35.85128470218727],[129.21090420933868,35.85125598240615],[129.21187015512353,35.85124411091737],[129.2119120692043,35.851270263872586],[129.211934238036,35.8517000307312]],[[129.21189194723434,35.848742915083726],[129.21188537076213,35.8487437559943],[129.21184446895674,35.848619023935065],[129.2118437398892,35.848598647959975],[129.21188112767936,35.84858389213571],[129.21189194723434,35.848742915083726]],[[129.2107933193057,35.84295258309328],[129.21077703381957,35.84293877726414],[129.21073157792543,35.84291511748733],[129.2106123136903,35.84293336812892],[129.21045972658246,35.84296648414844],[129.21042367015332,35.842956191477626],[129.21040092394122,35.84288461766749],[129.21010231356567,35.84285365575108],[129.21010933969094,35.842603258159365],[129.2101213737571,35.84247728751558],[129.2101197139957,35.842447918644346],[129.21013944857404,35.84235024290394],[129.21016367670305,35.84213410800144],[129.2103651219671,35.8421227898038],[129.21048548457685,35.84212283288206],[129.21053108555262,35.84211761643719],[129.21053677562332,35.84217693585984],[129.2105720335815,35.84220786852443],[129.2106047848623,35.84227901032499],[129.21059115430285,35.84230670243369],[129.2105305168968,35.842343831300994],[129.21049297670527,35.842375422340204],[129.2104448258272,35.8423791471287],[129.21041160038533,35.84240151084731],[129.2103775011819,35.8424410268719],[129.21039409458075,35.84245412924591],[129.21044436036274,35.84241691033289],[129.21052670015126,35.84238256467342],[129.21062706186913,35.842302557282174],[129.21062245151276,35.842262432621624],[129.21059061037664,35.8422048981246],[129.21055602950142,35.84215781387847],[129.21054466245513,35.8421158804427],[129.21079872632453,35.84210360476732],[129.21082003449544,35.84235240291184],[129.21082908743608,35.842351873428804],[129.21084299096105,35.84223432614468],[129.21081720445227,35.84210522186931],[129.21167863855973,35.842072543961734],[129.21169077699562,35.84214651539526],[129.2116924267021,35.84218863695725],[129.21159477444158,35.842183328130176],[129.21159522859708,35.84227998644982],[129.2114570365242,35.842285166840234],[129.2114376038048,35.84231615874641],[129.21159240767116,35.84230998499747],[129.21159687949125,35.84329626955652],[129.2114069899298,35.84329171664219],[129.21119114082612,35.84329872671094],[129.21101074575765,35.8433099735448],[129.210975485285,35.843080495569005],[129.21095006094433,35.84306406503137],[129.21092321799546,35.84306800521887],[129.2109603914502,35.843090525759806],[129.21098192406646,35.8433107267693],[129.21060886646748,35.843353221606755],[129.21043722098875,35.84336226231495],[129.21043914197054,35.84333080533822],[129.21043460039758,35.84332533363312],[129.21041810688186,35.84332506489797],[129.21041540033602,35.843365094130796],[129.21024574652844,35.84336964287615],[129.21014220479816,35.84337723999539],[129.21007709796964,35.84337342357441],[129.210076241907,35.843253621852504],[129.21008531858132,35.84316488701185],[129.21009316188005,35.84288836076633],[129.21037077945576,35.842904290290825],[129.21041026322936,35.84299747402983],[129.21051632566665,35.84298892598254],[129.2106445987627,35.842944856957935],[129.2107933193057,35.84295258309328]],[[129.21006265245765,35.84066316297141],[129.21005730570317,35.840536086882864],[129.2100275569515,35.8401738176687],[129.20999888309927,35.83996840927169],[129.20997291360234,35.83969665509139],[129.2103408490923,35.83975444430361],[129.21066492725632,35.83983584940759],[129.21074158400347,35.839851262529464],[129.21116294233445,35.839961372934496],[129.21122176693774,35.83997222048202],[129.21159541487995,35.84007157057711],[129.2115987667375,35.84048636538442],[129.21159117443807,35.841074273500354],[129.21159200054348,35.84180305032611],[129.21152422801208,35.84179948268437],[129.21150286524184,35.841820474095734],[129.2115918123153,35.841824013742716],[129.211589632218,35.8419920737399],[129.21085507282916,35.84202170911372],[129.21084345073865,35.84198807666712],[129.21083371752033,35.841990869475154],[129.2108373359634,35.842024164378465],[129.21016893455902,35.842058105426915],[129.21022574510604,35.84141377482238],[129.21011498259404,35.84141043426388],[129.21010514381734,35.84105586328682],[129.21008965187443,35.84094755984686],[129.21006265245765,35.84066316297141]],[[129.21077099781067,35.84386864377643],[129.21073543155032,35.84387235577641],[129.21065239547622,35.84385285308247],[129.21054812104268,35.84383876774608],[129.21050022555957,35.84394016961461],[129.2104597546535,35.844091190401066],[129.21042624616842,35.8441620598969],[129.2102987021872,35.844147248739844],[129.21016310091008,35.844120131348866],[129.21007452199336,35.84411019113421],[129.2100783279622,35.843458481445055],[129.210074960845,35.8434069357713],[129.21032390684942,35.843399987355944],[129.21032527768355,35.84347955636421],[129.2103410742403,35.84347996151085],[129.2103508642687,35.843397435028876],[129.21056723185728,35.84338962345386],[129.21056248469625,35.84340282601782],[129.2105918897902,35.84340081914088],[129.21059829542043,35.84338268385042],[129.21066945226124,35.84338046910558],[129.21068003877252,35.843394843644404],[129.21071717200778,35.84339358934582],[129.21070735635604,35.843373490528634],[129.2109271101714,35.843352748480704],[129.21092158266913,35.84358698405543],[129.21095658803833,35.84359312364361],[129.21095248207942,35.843441819888696],[129.21096562195797,35.84334115436159],[129.21114149474903,35.843335962874995],[129.21114660482368,35.84336816464586],[129.2111789559887,35.84336681941033],[129.21117709694647,35.84333338626756],[129.21130542668203,35.84333176533116],[129.21138588999003,35.843337005277604],[129.21139475174323,35.8435243326983],[129.2113776013131,35.84357723900897],[129.21129586311923,35.84360917785739],[129.21131539382716,35.843623653885516],[129.21139472882305,35.8435912505716],[129.21140309345057,35.8435688939659],[129.21143812657618,35.84351835373511],[129.21142040704447,35.84345609928458],[129.21141326236832,35.843332325036634],[129.2115970555152,35.843329435260294],[129.21159863603734,35.844180501130076],[129.2111375003891,35.844160938278414],[129.21097533124404,35.844183689263836],[129.2108416678061,35.84416960133881],[129.21064755506788,35.84417624811338],[129.21047386114677,35.844168835612145],[129.21048427111052,35.844107451380765],[129.2105303805666,35.84394967942616],[129.21055994283262,35.84387251702556],[129.21066519677012,35.84388021979489],[129.21076141553334,35.843903701073806],[129.21077099781067,35.84386864377643]],[[129.21147265434624,35.84427135105869],[129.2114712695777,35.844291920007336],[129.2115891822111,35.84429351640645],[129.21158888084503,35.844447856022256],[129.2114697521407,35.84445112849904],[129.21146968045738,35.84446592715167],[129.21158770750233,35.844464639351386],[129.21158591682007,35.84459570227606],[129.21154281000173,35.844627979302366],[129.21091703408527,35.84463989555995],[129.21069750303943,35.84463301388634],[129.21026007175723,35.844654386245494],[129.21012621131462,35.844654086996236],[129.21009408845322,35.844349709473],[129.21013384537514,35.8443441698611],[129.21013073889475,35.84432454602576],[129.2100912544144,35.844328444888355],[129.21006914824267,35.84415046832151],[129.2101914825435,35.8441583221064],[129.21027137337612,35.84418135447048],[129.21057521092,35.84423244979882],[129.2112519066273,35.84423502867864],[129.21159013997297,35.8442285706446],[129.21159021787398,35.84426230430237],[129.21147265434624,35.84427135105869]],[[129.21149281042733,35.844699328538915],[129.21155072226813,35.844698506317485],[129.21158844203697,35.84473055191503],[129.21158787197552,35.84491311914166],[129.21148457115456,35.844912037959],[129.21149486169202,35.844818208854356],[129.21149281042733,35.844699328538915]],[[129.21158721022195,35.84543024855531],[129.2114895453504,35.84543005877398],[129.21148454650884,35.84532678425935],[129.21149547142863,35.84521744353955],[129.211587479672,35.84521764320674],[129.21158721022195,35.84543024855531]],[[129.21158647914456,35.844930623853216],[129.21158654644444,35.845195365937684],[129.21149076362653,35.84519517286634],[129.21149080232342,35.844928528958356],[129.21158647914456,35.844930623853216]],[[129.2113856215476,35.844835721742875],[129.21147035936383,35.84484946196344],[129.21146661803954,35.845097249181514],[129.21146996135286,35.84519818334375],[129.21146259839009,35.8453192431003],[129.2114671069813,35.84544650974757],[129.21158614230478,35.84544503993485],[129.21158484683335,35.84583941115834],[129.21152150450501,35.84588425993595],[129.21107619135148,35.84589955659849],[129.2110550784813,35.845582623811204],[129.21101599172695,35.8455822413466],[129.21096535565889,35.844708991293665],[129.21147077951198,35.84469810528823],[129.21147095896504,35.844820774125466],[129.21130854156868,35.844825392841955],[129.211311233649,35.8448430616556],[129.2113856215476,35.844835721742875]],[[129.2114084760593,35.8482955078028],[129.21133647940198,35.84840498216684],[129.21131061177087,35.848460472210945],[129.21124982237882,35.84846255208066],[129.21120007300956,35.848453356045766],[129.211194677081,35.84822862987209],[129.21131400232488,35.84825159269301],[129.2114084760593,35.8482955078028]],[[129.21019435598697,35.845639548691956],[129.21019726860416,35.84528941701515],[129.21018498942288,35.84521208405012],[129.2101346945319,35.84473599590397],[129.21085397315133,35.844715782557444],[129.21089477793504,35.84590464048922],[129.21018084354432,35.84592385343685],[129.21019435598697,35.845639548691956]],[[129.21013490501906,35.84711532243239],[129.21014184158838,35.846932077295115],[129.21029651711106,35.84694104642524],[129.21030815490687,35.847010034897615],[129.21039267709565,35.84699139433977],[129.21058312140326,35.84695935713375],[129.21059164426026,35.84701392198944],[129.21056497424414,35.84716016913308],[129.21057447109527,35.84728215478633],[129.21011780824384,35.84729498020556],[129.21013490501906,35.84711532243239]],[[129.20211115306645,35.85880238763124],[129.20213610076482,35.858922743708675],[129.20215682887257,35.859051272133875],[129.20213140030123,35.859109156704925],[129.2021234653185,35.859198240304586],[129.2021659595126,35.85931359217581],[129.2021445128543,35.859361240930795],[129.20214980323797,35.859417686273225],[129.20204699917295,35.859463010454206],[129.2020447195966,35.85951618789371],[129.20207586613935,35.85960970346785],[129.2020666818357,35.85974346400588],[129.20208928202828,35.859815237713875],[129.20201069188352,35.85986117032879],[129.20192048680025,35.859875903039345],[129.20183395917496,35.85974177041876],[129.20175499687434,35.859542951563576],[129.20159111992396,35.85922570590698],[129.20147495905513,35.85898260738931],[129.20129860378222,35.858646347708756],[129.20148642599003,35.85855837980649],[129.20144639789245,35.8580534409986],[129.20155049599185,35.858039036996445],[129.20166382712472,35.85805538613731],[129.2016941940111,35.858209088491535],[129.20190452943882,35.85818996481817],[129.20197478370054,35.85834276239417],[129.20204708656811,35.85860550878332],[129.20206898253068,35.85871868702522],[129.20211115306645,35.85880238763124]],[[129.20104532761064,35.85012402800399],[129.20085984183112,35.85012493073666],[129.2009394603808,35.84986551813778],[129.2010134785589,35.84998672146059],[129.20104532761064,35.85012402800399]]]]},"properties":{"reg":"역사문화환경보존지역","key":"reg_heritage","note":"국가유산 반경 500m 허용기준","parcels":4275,"area_ha":223.4,"parts":5,"source":"V-World 토지이용계획 속성(getLandUseAttr) 포함·저촉 필지 합집합(접함 제외) — 지정 필지 외곽, 법정 경계선 아님"}},{"type":"Feature","geometry":{"type":"MultiPolygon","coordinates":[[[[129.21155346367655,35.83928178765943],[129.21156269633101,35.839202623663674],[129.2115201326916,35.839074558201645],[129.2114945334482,35.83897032820292],[129.2114846626777,35.8388619880466],[129.21145727141723,35.83883791843119],[129.21140804216654,35.838746590545654],[129.21139628146997,35.83857202074094],[129.2114896517756,35.83844099596476],[129.2114562958799,35.83843412362766],[129.21145141880018,35.838469262914664],[129.2113681289174,35.838574034638626],[129.2113817627615,35.83874541074601],[129.21141366557163,35.83885607370639],[129.21145508231797,35.838914447477286],[129.21146252213342,35.83896975326326],[129.2114968926535,35.83907593266808],[129.21151845729736,35.839177988688476],[129.21151942244833,35.839246004409645],[129.21150051080713,35.83930223045567],[129.21145093134587,35.839330147717426],[129.21134559680604,35.83940725347275],[129.2112835286684,35.83946332952644],[129.21126005809916,35.839499105096394],[129.21123477149865,35.839585038443154],[129.21125249197095,35.83968587551109],[129.2112737835077,35.839692669826064],[129.2112567668182,35.83958589228961],[129.21127843262596,35.839507842192134],[129.2113052196316,35.8394705106768],[129.21135371512128,35.83942601235199],[129.21146441065392,35.83934616643246],[129.21151990423468,35.83932799937656],[129.21159725395302,35.83940484901788],[129.21165788588755,35.83943381734922],[129.2117785201107,35.839450243405196],[129.21185117899483,35.83947328739893],[129.2118925784481,35.839499720711004],[129.21196284772282,35.839606981702225],[129.21197667691155,35.83978052037002],[129.2119929858617,35.83985364633338],[129.21205032326984,35.83990484507987],[129.21214266474615,35.839932928448356],[129.21207109736596,35.83989170449172],[129.21201871861808,35.8398530605046],[129.21199790434676,35.83979653446492],[129.211995246889,35.83971655310761],[129.21197785348457,35.83959323838166],[129.2119348676138,35.83951517521493],[129.21190205966235,35.83946869206759],[129.2119999780693,35.83945449711721],[129.21218774271085,35.83941654083333],[129.2122570779079,35.83937978339983],[129.21237358952587,35.83930643347465],[129.21245164676697,35.83924888678904],[129.21258264993187,35.83920604560077],[129.21266216210833,35.83919640672106],[129.2127196612359,35.83921677307616],[129.21276071542712,35.83945939876068],[129.21275718858482,35.83952351994792],[129.2127643436933,35.83960049221713],[129.2127995483429,35.83969907222402],[129.21263405386046,35.8400630718913],[129.2127296959715,35.84009601576224],[129.21271860623213,35.8401214234898],[129.21344823523816,35.84038683784518],[129.21344482596362,35.84039414075836],[129.21271293791582,35.84020446568634],[129.21271145663985,35.84022606225815],[129.21360720197583,35.84046273914335],[129.21380297028253,35.840092294815946],[129.21383361794247,35.83995896370173],[129.2138599173299,35.83994671429251],[129.213876865439,35.83991016565863],[129.21375437587656,35.839895727740775],[129.2137079184571,35.83988635567025],[129.21358551220044,35.83994476553447],[129.213609037552,35.83931460547899],[129.21361735652556,35.83927965831053],[129.2136105693495,35.83927882311508],[129.21362199986564,35.83901156401955],[129.2137157916998,35.8389734918062],[129.21370523923324,35.83895526010992],[129.2136791461707,35.83897005966272],[129.21362140312007,35.83899113371442],[129.2136341129279,35.83872215996987],[129.2136907097958,35.83869469806601],[129.21373399417334,35.838659968527516],[129.21377581648352,35.83860408919546],[129.21378280834813,35.838523910568526],[129.21378269142022,35.83838863299899],[129.2137952019902,35.83834420626004],[129.2138263049257,35.83835288443066],[129.21381097108528,35.8386711252256],[129.21380592013446,35.83889815926556],[129.21395313547032,35.838804871961216],[129.21406469090255,35.83872504014876],[129.21414286212288,35.83870672361496],[129.21413109312806,35.838676444382635],[129.2141244714465,35.838588295728826],[129.2141277294374,35.83850680786239],[129.214140501959,35.838436181258615],[129.21412968752497,35.83833638684495],[129.2141343795911,35.83824895719306],[129.21406855485722,35.83810316110542],[129.21403312265846,35.838010881592766],[129.21403495193974,35.837949773534596],[129.21405139439022,35.83794376014565],[129.21405321619494,35.838012621517954],[129.21410295865616,35.83812939874887],[129.21417185500437,35.83823997750311],[129.21417062154333,35.838416453648236],[129.21414917196708,35.83850384986657],[129.21414593118158,35.83866642325336],[129.21416950354217,35.83869423920556],[129.21420948637052,35.83871643834998],[129.21428755911643,35.838727574777735],[129.21434699167742,35.83877145056942],[129.2143947697034,35.838827901405296],[129.21450428203903,35.83891138848777],[129.21456049308225,35.838851463800786],[129.21464045404088,35.8387491471828],[129.2147124478318,35.8386848954618],[129.21480074992564,35.83858934134235],[129.21485920531643,35.83849144282565],[129.21491828825924,35.83842127465775],[129.21502647044292,35.83836361871526],[129.21502751749503,35.838320663232025],[129.21505754577035,35.83828761507177],[129.21512462526823,35.83819062938386],[129.21502702067622,35.83811050138923],[129.21501559168246,35.83807502141828],[129.21492574888526,35.83801242690603],[129.21488490290537,35.837919977009534],[129.2148386666323,35.83788120616864],[129.214811233297,35.83784167192099],[129.21482918248242,35.837757688519574],[129.21482526240706,35.83772389856247],[129.2147925962375,35.83768938455471],[129.21470341554917,35.83767545625619],[129.21459860856137,35.83764806435425],[129.2145138249573,35.83761218217193],[129.21446258871757,35.83760181640425],[129.2144723871641,35.83758821553188],[129.2145417884369,35.83760170512488],[129.2146260877218,35.83764451828698],[129.21481105960424,35.8376775724302],[129.2148466724776,35.83772957448529],[129.2148349536732,35.837829697248736],[129.21485561242469,35.83787305581118],[129.21490397591785,35.83792088044108],[129.2149519962828,35.83801825644362],[129.2150339391999,35.838065390493526],[129.21503902395227,35.83808768742142],[129.21513785516825,35.83817121995486],[129.21520589072043,35.838117132069705],[129.2152880144785,35.83806657001178],[129.21529855124274,35.838074734625216],[129.21547999270055,35.83794259469976],[129.21581493124435,35.83774177588756],[129.21590953873502,35.83769927536077],[129.2160794095328,35.83763606482783],[129.2161967278783,35.837580933041416],[129.21634761355963,35.837500307825046],[129.216579236233,35.83739320338604],[129.21668069913162,35.83734027151816],[129.21698733989683,35.83716324806265],[129.21725788483099,35.836953032466454],[129.21738049804543,35.83686339913201],[129.2175870190041,35.836672043811134],[129.21745974646242,35.83663501487475],[129.21755523605927,35.83647371753864],[129.21745170324644,35.836432031501964],[129.2172767362348,35.83635311679737],[129.2167947443783,35.836164222823356],[129.21663486554698,35.83611857236999],[129.2165999543987,35.836162679015096],[129.21656540091428,35.83623269598426],[129.2164896129704,35.83623074970375],[129.21647220852452,35.83607691020401],[129.21638923303868,35.83606506295275],[129.2163716150506,35.83605358547621],[129.21632164104304,35.83611441014737],[129.21624601353602,35.8361144551916],[129.21624159646228,35.83611821229023],[129.2162835500544,35.83619430206195],[129.21629204761118,35.83629595703246],[129.21621320108073,35.836366548747904],[129.21614278386505,35.83638620465843],[129.2159350531969,35.836264789427545],[129.215846495173,35.83613208495009],[129.21576364966145,35.836069775973364],[129.21565317735636,35.836035833491415],[129.21543308621443,35.83599303754004],[129.2153542988473,35.83601986382577],[129.2154044545789,35.83608832373675],[129.21529909424032,35.83614866975705],[129.21518424326462,35.83622771550074],[129.21523930139867,35.83632479050226],[129.21524258149856,35.8364046625706],[129.215342940401,35.836493131101676],[129.2153057542946,35.83660544811332],[129.21526099630566,35.83667193192983],[129.21532282297676,35.836705640430345],[129.21533771020506,35.836758937428776],[129.2151719447845,35.83677181375224],[129.21514130516363,35.83666331251517],[129.21503683977855,35.836669743860575],[129.21493546340236,35.836664164962016],[129.2149501626428,35.83676363699173],[129.21492718478157,35.836949389631336],[129.2147541323729,35.836922632711094],[129.21476353748685,35.83674894447609],[129.2149225445462,35.83665086741292],[129.21492116317924,35.83660621286613],[129.2146749388565,35.836497111822126],[129.2146410588974,35.83652996845215],[129.21469622604937,35.83656454172933],[129.21466163800446,35.83660578125784],[129.21463925325665,35.83659145501688],[129.2145720254121,35.836653382047494],[129.21455076840962,35.83663922392459],[129.2145731174216,35.83661059771368],[129.2145140511374,35.83651272740182],[129.21435842041646,35.83668568291475],[129.2142633649426,35.83682555420567],[129.21426518042995,35.83676349984279],[129.21432107997597,35.83652529027263],[129.21436177310932,35.83643260561585],[129.21443537642264,35.83629624207016],[129.2145547132452,35.836106353198915],[129.21470068633988,35.83592746629272],[129.21480759794244,35.835818098978244],[129.2148791691684,35.835708677160305],[129.21496567134068,35.83571925743933],[129.215062917386,35.83575344937463],[129.21513913064226,35.83576972569674],[129.21515194299064,35.83575985224092],[129.21506993497653,35.83574125198439],[129.21496296897075,35.83570619409429],[129.21489887788465,35.83569505129254],[129.2149424713153,35.8356070928477],[129.2149971273511,35.83555023494439],[129.2150072127349,35.835501603524456],[129.21498236870585,35.83549875464446],[129.21498088950474,35.83554152165245],[129.21492918288902,35.835604511832386],[129.21487524356266,35.83569758972576],[129.21456766557296,35.835693475990716],[129.21442017559164,35.8356981355093],[129.21430111511185,35.835688856223186],[129.21422545200716,35.83566712582409],[129.21406671784183,35.83560570703288],[129.21396706784407,35.835582910358134],[129.21392980970285,35.8355898978365],[129.21341485735343,35.83552935969487],[129.2134172634426,35.83561839008251],[129.21332048412646,35.83563453989658],[129.21330867036295,35.83566623970749],[129.2133087837491,35.83567974926674],[129.2131939790198,35.83570587155139],[129.2132189283895,35.83579418628813],[129.21316778192033,35.83583113756989],[129.21309117672473,35.83591721581024],[129.21298858014262,35.835968578479104],[129.21288606849654,35.83600194292047],[129.21290621133105,35.83605166557614],[129.2129199328091,35.836113169868355],[129.21291811496235,35.836191410698014],[129.21290274207607,35.836266719268615],[129.21288520283167,35.836305612080274],[129.2128525333083,35.836340232531576],[129.21289225295857,35.83633890992841],[129.2128660357083,35.83640676619469],[129.2128614529314,35.836485813996596],[129.21282388708187,35.83661484912574],[129.21278097331367,35.83665550792919],[129.21266767851034,35.83669651572606],[129.2126001948273,35.836729331688296],[129.2125093690899,35.836787450674905],[129.21249927805323,35.836863840426666],[129.21251935965256,35.83695313719038],[129.21251592258145,35.836992681118346],[129.21257862917602,35.83712017014154],[129.2125921983486,35.83726207534869],[129.21257419434355,35.83736799497703],[129.2123555407968,35.83735895174791],[129.2121718574626,35.83732699108839],[129.21211363324676,35.837421156735985],[129.21201033260328,35.83755471390269],[129.2119736559827,35.83765655644085],[129.21193485241704,35.83774516331146],[129.21192071710155,35.83791654294211],[129.21192382099755,35.838027319293886],[129.2120320060968,35.83801203384998],[129.21217724616324,35.83801291488294],[129.21231446496375,35.838027562904244],[129.2123814668195,35.83806733471658],[129.21245100689492,35.83813351770467],[129.21242203107877,35.83821331126195],[129.21238200548962,35.838283399704046],[129.21229516996056,35.838386204553785],[129.2121808822225,35.838416894301595],[129.21208126127544,35.83841878129398],[129.21200719189443,35.83843127623357],[129.21212697358962,35.83849001717441],[129.2122104973966,35.83854107081861],[129.2122751370246,35.83860403601679],[129.21233214980754,35.83867504470718],[129.2124055940987,35.838802659143674],[129.21237487313874,35.83883376115403],[129.21236649908272,35.83889826936834],[129.21240168013776,35.8389715153817],[129.21241288368842,35.83908110585834],[129.21239064637243,35.83919367507737],[129.21234478056462,35.83928635008088],[129.21223624840783,35.83937191595987],[129.21211325352962,35.839417122036814],[129.21198934100576,35.83944182613745],[129.2118971808534,35.83945282958173],[129.21184142427495,35.83942168983543],[129.21174885564378,35.83942050896891],[129.2116643032447,35.83940775096235],[129.21161122159356,35.8393793822833],[129.21156322725997,35.83932842835231],[129.21155346367655,35.83928178765943]],[[129.2170905725193,35.83652922195467],[129.2170329384875,35.83648731801736],[129.21701424172562,35.836457628283256],[129.217173386703,35.836505794035965],[129.21714033559763,35.83655007774689],[129.2170905725193,35.83652922195467]],[[129.21685350015383,35.83640835664121],[129.2168470550743,35.836419354443805],[129.21678782370242,35.836398489362246],[129.2167921378738,35.836389753778654],[129.21685350015383,35.83640835664121]],[[129.21665155923205,35.83678377406141],[129.21676018680935,35.836851299543156],[129.21668076325872,35.836929589277645],[129.21665155923205,35.83678377406141]],[[129.2164080634115,35.83680920146029],[129.21644791839583,35.83684977660824],[129.21644396145837,35.83691744061314],[129.21646290301004,35.83697559665744],[129.21643070304756,35.83699173643725],[129.21622069211224,35.83695723344674],[129.21621541434126,35.83690858432498],[129.21624429647468,35.83690649588865],[129.2163058526722,35.836888360848526],[129.2163255084256,35.83680991685753],[129.2164080634115,35.83680920146029]],[[129.21562739319515,35.83682001269319],[129.21556952907048,35.836679711088706],[129.21554988481518,35.83663213003222],[129.2156999627116,35.83676082479018],[129.21562739319515,35.83682001269319]],[[129.2150176866318,35.8369031659133],[129.21499143922756,35.83688893672706],[129.21496683744235,35.83688578098951],[129.21497427698088,35.83681208147346],[129.21511297262276,35.836812583049955],[129.21512231844642,35.8368843871468],[129.2150176866318,35.8369031659133]],[[129.21472851760004,35.835876081634865],[129.2146981281788,35.83591864758027],[129.2145516698712,35.83609405651366],[129.21441946967718,35.836295495178625],[129.2143869226175,35.83636327286491],[129.21433852374594,35.83643846887905],[129.21427984495344,35.836423377695226],[129.21431580739312,35.836312378989355],[129.21432637623238,35.83620421912516],[129.21434570513128,35.83609804452081],[129.2143822138208,35.83599688648687],[129.21435289518752,35.83584375272364],[129.21431258322593,35.83571436836748],[129.21469726898857,35.8357050795627],[129.21484370968648,35.83571363391234],[129.21479262106027,35.83581324077889],[129.21472851760004,35.835876081634865]],[[129.2145105483197,35.836763290475915],[129.21448080001744,35.83680157428089],[129.21444046868393,35.836780503329265],[129.214483218451,35.83672574658615],[129.21451096564977,35.83674137130576],[129.2145105483197,35.836763290475915]],[[129.21340475232546,35.84027779015935],[129.21357714457844,35.84014858013936],[129.21357823638212,35.840122135515266],[129.2136637932639,35.840079427426794],[129.21375061875108,35.84001852979597],[129.21376053923828,35.840019683898944],[129.21375504647565,35.840147436884195],[129.21360852567193,35.84041530398189],[129.21352685062385,35.84041534898373],[129.21350906647658,35.84032500293913],[129.21334463971235,35.84027160384384],[129.21334827232045,35.84026330391988],[129.21340475232546,35.84027779015935]],[[129.21364500287484,35.8384514680354],[129.2136837619577,35.83843402348455],[129.21364717886422,35.83859016353716],[129.2136390034809,35.838589415130954],[129.21364500287484,35.8384514680354]]],[[[129.21384259751963,35.838901095626085],[129.2138049997268,35.83892243157948],[129.21378048721317,35.83949303880006],[129.21385654045136,35.83957676581557],[129.21391259868443,35.839616925612304],[129.21399567624502,35.839707291351885],[129.214071228528,35.839627991854194],[129.21412639585301,35.83954579030186],[129.214169539693,35.83945831064771],[129.2142661298309,35.83931576906751],[129.2143025765193,35.839269551473066],[129.2144287662011,35.839057750280986],[129.21444489571917,35.83901326299234],[129.2144584123888,35.83895195397692],[129.21443786219405,35.83891196584015],[129.21438081549738,35.83884559965716],[129.2142725320239,35.83874555430496],[129.2141532330138,35.83872739798484],[129.214079037151,35.83874640145617],[129.2139821323769,35.83880403660379],[129.21384259751963,35.838901095626085]]],[[[129.21389323228988,35.83963067688128],[129.21382970312283,35.83958231988147],[129.21377855745413,35.83952067455999],[129.21376750729712,35.83985158831923],[129.213751816993,35.83987418335406],[129.2138900161728,35.839894055089346],[129.213976301142,35.839734381161456],[129.21389323228988,35.83963067688128]]],[[[129.21740205093687,35.84353440891525],[129.21730356720755,35.84314529080018],[129.2175354589163,35.843119585033435],[129.21753506829359,35.84310615710715],[129.21716667041963,35.843142003477155],[129.21716276575117,35.843127419445004],[129.21729544325626,35.84311285136895],[129.21697764858405,35.84184258658288],[129.21723743313183,35.841830314077626],[129.21723303067049,35.84188044051797],[129.21724841539566,35.84188010647135],[129.21726631630142,35.841832046694456],[129.21738234751606,35.84182688141604],[129.21739813437853,35.84195451517531],[129.217373496681,35.84196731213248],[129.2173837423777,35.84197808169317],[129.21742439851832,35.84197005961594],[129.21742570332228,35.841822558627385],[129.21765854934088,35.84181140610343],[129.21795406060463,35.84180613358011],[129.21795680048098,35.84184496352531],[129.2179772103543,35.841844602308335],[129.21797257582898,35.841805081813945],[129.21800288966116,35.84180376545003],[129.21874864200572,35.84178082553735],[129.21894262734696,35.84178667527217],[129.22047815895826,35.84173152420662],[129.22116512018036,35.84170332299567],[129.2212228588637,35.8416887073025],[129.2213875292528,35.84167677995788],[129.2218041242098,35.84166466116118],[129.2218615822886,35.841668701558504],[129.22186249745153,35.84167942475962],[129.22208175044295,35.841672443358185],[129.22210148843823,35.84168529500452],[129.22216425870826,35.8428478827345],[129.22215564695358,35.84285582955026],[129.22197688933596,35.84285787004494],[129.22185827235856,35.84287304837934],[129.22184821787658,35.84287964594349],[129.22180640492664,35.84288963636242],[129.22174100876705,35.84289732674307],[129.22165074421906,35.842918311029905],[129.22129224460872,35.842966913812],[129.2209757174815,35.84298317411346],[129.22053347596224,35.84296974129333],[129.22053196026584,35.842982091183856],[129.2208626415193,35.84300086484536],[129.2212501317951,35.8429886208383],[129.22144501324115,35.8429731232845],[129.2216452777696,35.84294292517489],[129.22168741112668,35.842928698348985],[129.2218409757331,35.84290255097827],[129.22202017122106,35.842898707381586],[129.22211018781894,35.84294811091172],[129.22216197938985,35.84298406582209],[129.22217707192848,35.84315788926071],[129.2222332700691,35.84314625003888],[129.22228278335078,35.84343843448896],[129.22226439908582,35.84371452116461],[129.22227411820674,35.84382652868888],[129.22225359833675,35.844011052268606],[129.222222459192,35.84411826809691],[129.22218386349095,35.84421098748525],[129.22218820531484,35.844259917384996],[129.2219891791658,35.84425875062637],[129.22198892984494,35.844248657084115],[129.22168682817934,35.844279583167314],[129.2213685069613,35.844289358795976],[129.22083816515985,35.84432241253356],[129.22059233251363,35.84432709689178],[129.22061096487556,35.84436038212971],[129.22063527895023,35.844366673578556],[129.22109105849967,35.84434934864404],[129.2212931436795,35.844335820919596],[129.22166491281314,35.84432017957269],[129.22181534659876,35.84432170634686],[129.22187120830478,35.844308175286955],[129.22202259487463,35.84429401830491],[129.22212243844248,35.8442940152784],[129.22213419153093,35.844620877054005],[129.22214404279953,35.84462076884012],[129.222154491176,35.84475629764055],[129.222156600427,35.8449183384972],[129.22216434934037,35.84491850451722],[129.22216497842842,35.8450656774649],[129.22229272280072,35.84506760580408],[129.22231009623013,35.84554487578124],[129.22223937216344,35.84558799534019],[129.22212607016078,35.84560523704909],[129.22205489457886,35.8456052775892],[129.22201479916214,35.845596428805585],[129.2218204416972,35.84560354470331],[129.2218059604113,35.84561060100314],[129.22127328894462,35.84564492268896],[129.22067767213298,35.845653400852854],[129.22064527493123,35.845706687755396],[129.2206734129506,35.84570660939677],[129.22071175872185,35.84569512962481],[129.22095560192457,35.84567394676639],[129.22136711999804,35.845671698402356],[129.22172314579464,35.84564480202726],[129.2218882357549,35.84562156253724],[129.22203347388378,35.8456326968734],[129.22214519124975,35.84562280334718],[129.22241861773017,35.845568108803],[129.2224575515106,35.84586847783186],[129.22248091899232,35.846175733971116],[129.2225152555772,35.846343041894364],[129.22260332283187,35.84626690452828],[129.22265644277005,35.846242211667466],[129.22284918927633,35.84612489257361],[129.22282079673332,35.84606130763283],[129.2227902665091,35.84574622387461],[129.22278070596687,35.84550038955984],[129.22322016237106,35.84542272089269],[129.22322982013378,35.845372945071205],[129.22344923256503,35.84537588362824],[129.2234752412359,35.84541014616357],[129.2235137828991,35.845449288335786],[129.2236517289018,35.84545739697805],[129.2238204463792,35.84554836350993],[129.2238428314453,35.84554941260297],[129.2247667208221,35.84499285408241],[129.22497869716167,35.844878650201395],[129.22512072387514,35.84481472168382],[129.22526068743238,35.84476117022564],[129.22526014216803,35.84473650403283],[129.22531957655985,35.844737889415946],[129.22533433754663,35.844732057871276],[129.22559367175472,35.84469848061284],[129.22604560955995,35.844653133207224],[129.2261341249821,35.84463964729282],[129.22612386996008,35.84462611166592],[129.22609008784735,35.84442232110599],[129.22607293550982,35.84427876603164],[129.22606248957345,35.844130737231296],[129.22631341747507,35.844104086716754],[129.22648352189412,35.844094269170334],[129.22654374533005,35.844104764108216],[129.22661338062423,35.844382705314395],[129.22667200321075,35.84456689205846],[129.22659933371685,35.844602005719246],[129.22641827146126,35.84464379324871],[129.22625893032605,35.84472999853259],[129.22606124130132,35.84479914251768],[129.22617282695225,35.84481378652739],[129.22627502314094,35.84477643687103],[129.2264371285539,35.84468913587944],[129.2265987580384,35.84464114807803],[129.22678122759243,35.84457644786738],[129.2270603694596,35.844459005059356],[129.2272474040067,35.844361021426316],[129.22746487639355,35.844262403466765],[129.2275449053936,35.844238721310965],[129.22756638571622,35.84423701358861],[129.227648169213,35.84419971919004],[129.2276327266869,35.84417203481847],[129.22758198115062,35.844201574139454],[129.22741992276443,35.844253926120125],[129.2273034389289,35.844299577074665],[129.22704301101678,35.844434839083895],[129.2268476920847,35.84451567813797],[129.22673614297662,35.844553000751276],[129.22667848637005,35.84445997365207],[129.22664756800114,35.844318201895994],[129.22660187106075,35.844148510054836],[129.22658810780058,35.84406862200722],[129.22652567222738,35.84405479660932],[129.22623060394753,35.84406288326676],[129.22599464540733,35.84409089356744],[129.225890103783,35.844108762344824],[129.2255495708936,35.844127404746615],[129.22538101893784,35.84412646616715],[129.22526452634634,35.84414570854146],[129.2251270108909,35.844152210205294],[129.22485014446252,35.844189622321025],[129.22453824283303,35.84422266468532],[129.22387940817057,35.84424627282541],[129.2237112962693,35.8442444478653],[129.22371322124735,35.844121063186236],[129.2236973931855,35.84401816069612],[129.223692755743,35.8437445227328],[129.22371406959104,35.84369505876786],[129.22374325011958,35.843660252600024],[129.223749726435,35.84356536602965],[129.22374112002058,35.843452202965246],[129.22372658645088,35.843392702276944],[129.223682338135,35.84330739065534],[129.22367119731325,35.84313082030903],[129.22368321919376,35.842889082794734],[129.22384384884444,35.842876195216995],[129.22406302739319,35.84286522680914],[129.22440153815936,35.84286149905255],[129.22440093490593,35.842831831016824],[129.2240121089511,35.842825116338574],[129.22368494041237,35.842851380318145],[129.2237310034659,35.8424802774734],[129.22374864084185,35.8424025931347],[129.223761520382,35.84203594070977],[129.22378533698762,35.841590390599976],[129.22473397352806,35.84154292963312],[129.22622170663396,35.84148570308249],[129.22712253484875,35.84145397639285],[129.22753698123685,35.84144605961246],[129.22906876208452,35.84138817420983],[129.22906972692536,35.84135395190949],[129.22907515881343,35.84134108818214],[129.2290953452586,35.84134031253665],[129.22909941179194,35.84128370631645],[129.22912570657456,35.840495720366626],[129.22910808039026,35.84050560442065],[129.22910455428473,35.84081335205587],[129.22908689382308,35.841252970352805],[129.22906517110187,35.841309024197976],[129.22903606841115,35.84132733863874],[129.2287701692141,35.84133284376824],[129.2271488860188,35.84139021752876],[129.22641425170428,35.84140097680683],[129.22549218555235,35.84143758650407],[129.22469247589027,35.841479396467925],[129.2237378499381,35.841522190694434],[129.222877835458,35.84155587168473],[129.22287899629097,35.84154342327854],[129.22247501399514,35.84155718090755],[129.2224432953907,35.84073262211627],[129.2224177591764,35.84073630110519],[129.22238874496023,35.84059138829723],[129.2223701797764,35.84034672388711],[129.2223856453808,35.84009621989832],[129.2224057019575,35.840024497556506],[129.2234718496104,35.84004175658178],[129.22343569648703,35.840485599131085],[129.22352988268224,35.84048286559017],[129.22373738757963,35.84049541495248],[129.2237373982846,35.84048734874059],[129.22440160137134,35.840451150001535],[129.22541534054287,35.840384014768894],[129.22541731589607,35.840322834203896],[129.2254671107011,35.84005018522229],[129.22574779334624,35.840060377628966],[129.22606573882035,35.84006485792163],[129.2260806112151,35.840027385199164],[129.22616777037447,35.84003014029633],[129.2263323794544,35.840045036523236],[129.22658355260208,35.84005101025885],[129.22669541893742,35.84005763215079],[129.2267037806824,35.8400280734883],[129.2261675984779,35.84001235894458],[129.22546937929556,35.840002775215],[129.22547542868034,35.83988284353996],[129.22546822330563,35.83971362013453],[129.22549874771985,35.839622185440554],[129.22551702106216,35.83949989673016],[129.22552541013405,35.83935002113438],[129.2255554165377,35.83914923864225],[129.22554496144133,35.83895405624693],[129.22557294014308,35.838823403837715],[129.22555431936038,35.8387236610882],[129.2258180513724,35.8387298112908],[129.22635263731092,35.83872029537861],[129.2266238110646,35.83873169319243],[129.22679310972214,35.83875413249152],[129.22685045310158,35.838769147957514],[129.2270812701535,35.83876431678661],[129.22726319301734,35.83876546220761],[129.2276037447335,35.83875387173097],[129.2279342428631,35.838780025587944],[129.22821840838813,35.83878651054332],[129.22830811393658,35.83876581978805],[129.22865497624255,35.838754854310174],[129.22890346529138,35.838775762002825],[129.2291522584436,35.838782969595165],[129.22914797542012,35.8387598786543],[129.22890964974957,35.83875928444959],[129.2287571996518,35.838741818212554],[129.22865576642883,35.83873696299039],[129.22829536889992,35.838748386616544],[129.22821516300365,35.83876234512278],[129.2280723228615,35.83876521012668],[129.22789255229972,35.8387580505335],[129.22784883253286,35.838742559279176],[129.22761817982402,35.83872725767403],[129.22734437120783,35.83873521690876],[129.22719801964527,35.83872929126567],[129.22683490535366,35.83873118038255],[129.22671315413828,35.83871186049405],[129.22664279124055,35.83869179531405],[129.22648311243407,35.83868548820586],[129.22631969005877,35.83869006598563],[129.22615911942313,35.83868541841672],[129.22598534228297,35.83869185365142],[129.2257245872046,35.83869336790494],[129.2256307428129,35.83869878825254],[129.22554075799923,35.838687302879705],[129.22554694116724,35.838579591886045],[129.2255442714716,35.83813008000084],[129.2255733503952,35.83798143655567],[129.22559053009454,35.837836456343325],[129.22555989676397,35.83764879191489],[129.22556074454513,35.83746221336825],[129.2255781428581,35.83727692879472],[129.2256028092381,35.83726350823353],[129.22568898498383,35.83725531735049],[129.22604391625447,35.83724272211075],[129.2262981188447,35.837282073135434],[129.22639149850906,35.83728907237605],[129.22651732415326,35.83728615110895],[129.22660035758548,35.83729402574831],[129.22700786649978,35.83729062106103],[129.22710861782525,35.83730159845249],[129.22719050511893,35.8372916571048],[129.22730645401612,35.83724829640605],[129.2274836409543,35.83723939243804],[129.22759513218028,35.837243905280545],[129.2277405169377,35.837272805152416],[129.22805018457993,35.8372776743256],[129.2281628881418,35.837276452399934],[129.22820709784557,35.83726989802344],[129.22839658625875,35.83727434406544],[129.2286020701013,35.83725616522098],[129.22883655703697,35.83725512702891],[129.22908763873912,35.83724372861708],[129.22908675904685,35.83720699529623],[129.22883370013295,35.837227509093196],[129.22860038280015,35.83723113165931],[129.22838627520642,35.837248704919936],[129.2282059375261,35.837243313310395],[129.2277374508476,35.83724934235063],[129.2276052506643,35.83722517627359],[129.22746104704817,35.83721853491484],[129.22730674367835,35.83722553026317],[129.22718559223668,35.83726479102866],[129.22711526639253,35.83727694576979],[129.22679466802725,35.83726194659523],[129.2267743763839,35.83722931428913],[129.2266029325114,35.83722994198269],[129.2264027525823,35.83723730148479],[129.22640119881046,35.837263251407634],[129.22629369574406,35.83726000977366],[129.22604874037103,35.83722644551679],[129.22595097094128,35.83722486171442],[129.22582006807886,35.837232775784024],[129.22558661004797,35.83723759142629],[129.2256065941315,35.83707447279455],[129.22560650169137,35.83681730099025],[129.2255801790348,35.83667464598578],[129.22558661928315,35.83657970520235],[129.22563251742957,35.836484880093565],[129.22573416672336,35.83640634470801],[129.22572462674688,35.8363829840553],[129.22557588000345,35.83640930766039],[129.2254879154532,35.836402928565775],[129.2252487522446,35.83642082232303],[129.22520824694868,35.83650887786483],[129.22517668178028,35.83660382934758],[129.2251268734219,35.836666189482195],[129.22511247400465,35.83673328738095],[129.22508400706803,35.83680040243885],[129.22494597231793,35.83679876655117],[129.22474682033308,35.83680530124443],[129.22454650915776,35.83680499726374],[129.2245343730074,35.83669230933053],[129.22454383205442,35.83658011305251],[129.22454150397175,35.836468046799546],[129.2243886865261,35.83648353444027],[129.2241568371763,35.83673849557161],[129.22415419574932,35.83663292791407],[129.2241697910701,35.83650633632643],[129.22377916183555,35.83654835482418],[129.22377991299652,35.83672636855109],[129.22375341934585,35.8368386683744],[129.2235850989152,35.83685172324973],[129.2232387229156,35.8368557515809],[129.22308538080813,35.83686999480687],[129.2230846633018,35.836986104304515],[129.22309463387407,35.83712076887556],[129.22308603127988,35.83716359416244],[129.22309004302053,35.837264914417254],[129.22306007037125,35.8373166293898],[129.22287114154818,35.837326296506454],[129.22262149221413,35.83734774627179],[129.22252762679727,35.83738100387739],[129.2223260480646,35.837431051423586],[129.22232218482097,35.83735900350453],[129.22232550834858,35.83719637566201],[129.22231508807988,35.837138606592916],[129.22231502023973,35.83695038043339],[129.22232303950204,35.83686466573231],[129.22231351372304,35.83674624081692],[129.22231331165216,35.83663737906602],[129.22232980867972,35.836511606194],[129.22231149533616,35.836341411527336],[129.22229062878299,35.8362044056128],[129.22228775344843,35.835965588338155],[129.22225217190544,35.83564270834485],[129.2222223052128,35.83564075341448],[129.22222904619886,35.8357009085679],[129.2221129184681,35.83573183645386],[129.2219640850955,35.83575484815864],[129.2217081645447,35.835708082808026],[129.22159778673768,35.835713088686],[129.2219697058146,35.8357821998353],[129.2222388402549,35.83572449434875],[129.22226299302022,35.83597707971744],[129.2222697718671,35.83621865666224],[129.2222941046914,35.83652015257217],[129.22216964121714,35.83652298580262],[129.22208211898598,35.83637647687327],[129.2220417958919,35.836263696209365],[129.22199406374634,35.8362492195795],[129.22192124664554,35.83624499110774],[129.2218960591611,35.83620217379751],[129.2218197000726,35.836161820599386],[129.22176646499184,35.83616254906277],[129.2217069023785,35.83614447097217],[129.22166871188207,35.83614634344984],[129.22166913631824,35.83608765319321],[129.22158885985263,35.8360675040642],[129.22144552390014,35.83604546953487],[129.22115314202605,35.83602580727065],[129.22112579292093,35.83604182742862],[129.22123586244857,35.83605328840732],[129.22123905722756,35.836152221924976],[129.22126642953233,35.83614862094091],[129.22127678573972,35.83605507916193],[129.22137339299712,35.83605319006614],[129.2216389535312,35.83609553134816],[129.22164827918584,35.83614592124487],[129.2216297081322,35.83615030830781],[129.22165906131065,35.83617064083787],[129.22168763739793,35.836174103361955],[129.22167885722624,35.836229005647404],[129.22164402171128,35.83623539625122],[129.2216563224734,35.836260951225626],[129.2216969893735,35.8362420135292],[129.2217139732953,35.83622401145873],[129.2217179240542,35.836179770810126],[129.22176537272094,35.83618382059322],[129.22181877182317,35.83620237860525],[129.22185073963203,35.836207610337105],[129.22189569392094,35.83626219779675],[129.22194855126025,35.83626092921824],[129.22200575036717,35.83626878232436],[129.22203220842113,35.836306757560564],[129.2220643737438,35.836383322903124],[129.22194683181377,35.83640753890126],[129.22194973749592,35.8364256577318],[129.22204167720864,35.83640876181613],[129.22204543519715,35.836426897105255],[129.22210635127578,35.83644201643822],[129.2221375356794,35.83649205072626],[129.22214822651685,35.83653968925783],[129.22229972953403,35.83654094311366],[129.22228498019774,35.836746239168434],[129.22229224839205,35.836852807769716],[129.22219715187,35.83685301850393],[129.22219550900888,35.83687127185569],[129.2222901975834,35.836871620648154],[129.2222842273895,35.83694589470589],[129.22229980743958,35.83720012702897],[129.22230104460897,35.83732704793821],[129.22212026034583,35.837328182087454],[129.22208119179993,35.83730094590058],[129.22206658067955,35.83725655005604],[129.22205631543426,35.83717075177267],[129.22202635729207,35.837143958483985],[129.22191493330257,35.837143586106315],[129.22186197477268,35.83712848813713],[129.22185872906567,35.837107485926715],[129.22182978518921,35.837079212677004],[129.2217936649486,35.837061416100696],[129.22173328322012,35.837067583182396],[129.2216952074017,35.837079071807686],[129.22169913397073,35.83710215466507],[129.22173165988576,35.83708893679522],[129.22177777460806,35.837082696729425],[129.22181099966912,35.837086168726266],[129.22182126179,35.83709088148036],[129.22182631671714,35.83711373695197],[129.22184431362723,35.837133792840476],[129.2218626202308,35.83714576393636],[129.22186150245275,35.83714980359075],[129.2219228507289,35.83716092967934],[129.22201190129672,35.83715559312493],[129.22202973397688,35.83718427425929],[129.22204137339543,35.83726270680189],[129.22183784554574,35.8372683254314],[129.22184076432487,35.83728317269672],[129.22188749450228,35.83728732288476],[129.22187792973335,35.83736267599909],[129.22183755901457,35.83740085492028],[129.22187806022566,35.837425862468606],[129.22190528502452,35.83736078727776],[129.22191854118165,35.8372915018225],[129.22204675422827,35.837283317550344],[129.2220548087641,35.8373061945439],[129.22208234553565,35.837345880158885],[129.22212529141603,35.83735037967605],[129.22229928290602,35.83735033950138],[129.2223070491485,35.837452878583804],[129.2222940049107,35.837554590700655],[129.22221732248144,35.8375578769338],[129.22209291720912,35.83755033658131],[129.22189384614518,35.837526872768215],[129.22182799744172,35.83755743777602],[129.22183794465002,35.837572326229164],[129.22190472333492,35.83754184963547],[129.2219423176402,35.83754427714314],[129.22200180804683,35.83758385909194],[129.22203504652714,35.837568107318056],[129.2220981272479,35.83757320977991],[129.22229885925762,35.83757290421401],[129.2223004281998,35.83765578938354],[129.22228689291705,35.837764045480405],[129.22221067358473,35.837762770528826],[129.2220997825041,35.83774731040421],[129.22197284181993,35.83772358811508],[129.22182055239153,35.837686916129854],[129.22170227990154,35.837671784608624],[129.22162454412708,35.837678452085164],[129.22141015850056,35.83763639567813],[129.22143404144606,35.83752330805764],[129.22142386796617,35.83747052237988],[129.22156715482686,35.83747385605696],[129.22156135549864,35.83744995648764],[129.22139932044615,35.837455101834294],[129.2214072208513,35.837578594815184],[129.22139379392675,35.83763430768418],[129.2211696624024,35.837610104437836],[129.2208250730006,35.83759695372062],[129.22056255153748,35.83756262625259],[129.2204259710733,35.83753482822033],[129.22026422022444,35.837482327503324],[129.22013836837945,35.837455735313505],[129.22008115125124,35.83742138457343],[129.21986567752052,35.837349261650935],[129.21977780775896,35.83731305580913],[129.21947404033605,35.83720725054799],[129.21919041139125,35.8370991278712],[129.21901231982372,35.8370363717876],[129.21884689467976,35.83699139224053],[129.2186914837442,35.83695763296806],[129.2184681830349,35.83692456387624],[129.2182616200707,35.83688430824488],[129.21805505734466,35.83685220858058],[129.21799484095467,35.83682558596904],[129.21785694521446,35.83663869851904],[129.2177956326097,35.836591430114645],[129.21778060009237,35.83660289404849],[129.21784310756854,35.83664183274823],[129.21789164609655,35.83671297123739],[129.21792005663943,35.836773646380536],[129.21790472704174,35.836822440688564],[129.2177915782393,35.83678994700127],[129.21775695749332,35.836872013809],[129.21775488648984,35.83685073934044],[129.21771039508783,35.83692502841854],[129.2177023754586,35.83698388553545],[129.2175338133575,35.836973607992824],[129.2175382333105,35.83693009665317],[129.2174478082748,35.83685303096819],[129.21739983555878,35.83690073026557],[129.21731407079017,35.836966846893716],[129.2170854993932,35.837161819265965],[129.21693686932485,35.837253364530966],[129.21661905359673,35.83742790238271],[129.21642962906563,35.837512697567405],[129.21639592194003,35.83753565863985],[129.2163193103756,35.837618683680276],[129.216300282983,35.83761004765728],[129.21616299352615,35.83763490614708],[129.21591482553038,35.83772253623078],[129.2158362014535,35.83775714934505],[129.21577196780555,35.83780477785242],[129.21574519264908,35.83783729766762],[129.21550757056028,35.837978108956484],[129.21530999286458,35.83810249983774],[129.21528553359508,35.83814435238952],[129.21523456065282,35.83813479066309],[129.2152061314667,35.838149117040594],[129.21514756181588,35.83823717427257],[129.21513403333338,35.83823604472266],[129.21510953430413,35.83826311679196],[129.21509267157325,35.838294014612735],[129.21507337813327,35.83835956083947],[129.21491226930917,35.838500613458905],[129.21481862332442,35.83862581027956],[129.2146218019453,35.838839467583504],[129.21452544860912,35.838970770440206],[129.21447350642296,35.839103941217445],[129.21425276841208,35.83941456981875],[129.21415003526099,35.839577896088656],[129.21401998672656,35.83976275639771],[129.2139233166201,35.839917185410116],[129.21388824817166,35.83996159794788],[129.2138252131341,35.84011120881996],[129.21376098089183,35.84022284306426],[129.21374757864834,35.84025675376499],[129.21380086024794,35.84035164103984],[129.21371775877876,35.84033112356699],[129.21369121183542,35.84035853241893],[129.21365439010395,35.84044711827906],[129.21362920935417,35.84054116436423],[129.20992851394757,35.839576694503485],[129.20996085178757,35.83996847525335],[129.21006471327036,35.8409303081333],[129.21007447284947,35.84117015005035],[129.21009153986122,35.84168553664542],[129.2100572841704,35.84266302932392],[129.21004225053375,35.84291593727134],[129.2100323539619,35.8433257349651],[129.2100424230609,35.8435737866414],[129.2100342373714,35.84415935215276],[129.21015718249873,35.845275111693574],[129.21014577893686,35.84599266167452],[129.21013401447684,35.84637810162456],[129.21010539779704,35.84696052092709],[129.21006419104685,35.84737249063713],[129.21156620328466,35.84731577207337],[129.2118849991581,35.847300433812855],[129.21248308949754,35.84728044985624],[129.21247254229746,35.847310489003085],[129.21245971089525,35.84731817215436],[129.21240659523156,35.84741283352796],[129.2124105388592,35.84748079885626],[129.21243983626474,35.84774687743577],[129.21247270526263,35.84777738110283],[129.2125118719792,35.8478033584406],[129.2125252665475,35.84784526104904],[129.21252711384975,35.847911607800796],[129.21255535799727,35.84795545806084],[129.21255617946306,35.84797303999745],[129.21254759055375,35.84799017882602],[129.21230822351467,35.848012238027515],[129.21226708385527,35.848031326564794],[129.21223016376487,35.848055373572926],[129.2121754606319,35.84805655099905],[129.21211906009148,35.84804375299452],[129.21209574515925,35.84802197460812],[129.21205096585288,35.8478870098435],[129.21193838615483,35.847865486950475],[129.21177957979427,35.847864944838896],[129.21173997248192,35.84787746040489],[129.2116478287762,35.84799490120865],[129.21157094279607,35.848181008508654],[129.21147654417095,35.848283131875725],[129.21131623195546,35.84821552980409],[129.21116089337133,35.84818694294598],[129.21092712967464,35.84821858792789],[129.21058057233407,35.84820215785124],[129.21048194545446,35.848237415077065],[129.21049685499048,35.848371900644295],[129.21042827267883,35.84841199934736],[129.21028675181284,35.8484773786501],[129.21022278040508,35.84851980345966],[129.21014890103336,35.84854513972413],[129.2100672350329,35.848539144000284],[129.2100751948745,35.84837033515211],[129.21005028616364,35.84852180634039],[129.21003712765517,35.84855692383631],[129.21002357787478,35.84868782681046],[129.21003545966497,35.848909180107476],[129.21005130310581,35.84905812914905],[129.21005685240146,35.848886080002366],[129.21022515983267,35.84887862281226],[129.21027751042988,35.84886658129188],[129.21027595312503,35.84885103744398],[129.2100558738117,35.84886324403861],[129.21004945236075,35.848736043815634],[129.21005562394467,35.848657912794394],[129.21005055587207,35.84858253206704],[129.21006067864104,35.84855909102097],[129.21012979636774,35.84856691103703],[129.21020540236486,35.848549917356124],[129.2103166587329,35.848488727485446],[129.21043411906427,35.8484337002833],[129.2104693627098,35.8484328188567],[129.21049380251964,35.848461544235235],[129.2105395797085,35.84854738973493],[129.21058472089413,35.84866923222856],[129.21060294083935,35.848803829174265],[129.21054339327216,35.848827869976176],[129.21055689239276,35.84884245574413],[129.2106264013446,35.84884317294708],[129.21063592246156,35.84879301085319],[129.21063152777253,35.84874664020275],[129.21059221619993,35.84859796639778],[129.2105391806254,35.848500777802634],[129.2104978808386,35.848400044883824],[129.21058726287401,35.84831770443075],[129.21075080618064,35.848304928410876],[129.21082159024712,35.848310834478575],[129.2108125254614,35.84852193192894],[129.21086130829624,35.8486056090697],[129.2108842350373,35.84860190103369],[129.21083690529235,35.84851935694492],[129.21084617539063,35.84839060630804],[129.2108649203641,35.84830789301188],[129.21099320054148,35.84829279880271],[129.21105668041037,35.84830359322703],[129.21115250107192,35.84831253770562],[129.21117683230642,35.84849756684438],[129.21120031456172,35.848540893991824],[129.2111913640791,35.84858480947691],[129.21115029702077,35.84870738798606],[129.21115473146344,35.84878977247799],[129.21112204748266,35.848858973363996],[129.21109897282798,35.848886420614804],[129.21106571986175,35.84891190286513],[129.21096861556103,35.84891602867462],[129.2109627042666,35.849021241830634],[129.2108946723729,35.84903503236471],[129.21072775361418,35.84905711535346],[129.21061848098202,35.84908139598171],[129.2106049848421,35.84911855996011],[129.21061397299164,35.84918581357658],[129.2105865757299,35.84921974823434],[129.21054278126607,35.84923154067845],[129.21045511219157,35.84922037347968],[129.2104480782021,35.84924813518234],[129.2105391554135,35.84926363420659],[129.21050620958715,35.8493170517589],[129.21049136647002,35.84938934876864],[129.21036976384383,35.849368092457944],[129.21011645246577,35.84935955609259],[129.2101032968853,35.84936624817903],[129.21009628997822,35.84940862807919],[129.2101655326328,35.84967932428004],[129.21011523259935,35.84980245920025],[129.2100209626823,35.849824117636615],[129.21002142054093,35.84985101012279],[129.2101443317749,35.84983911655967],[129.21015818694545,35.84977830323025],[129.21018957458188,35.8497081946048],[129.21031956983518,35.84972567830032],[129.21040657035212,35.84972653646582],[129.21057694170472,35.84971607403238],[129.2107208742298,35.84969991643951],[129.21080269929564,35.84966908638985],[129.21093124849347,35.84964600670872],[129.21094649337925,35.8496382203782],[129.2110191609372,35.84963586759894],[129.21125270726148,35.849604186768424],[129.2113670785252,35.84960317593049],[129.21146844273193,35.84958118860402],[129.2115467650272,35.849552932729566],[129.21154418471855,35.84953995023684],[129.21145656927723,35.849570304235],[129.2113654800648,35.84958470311043],[129.21116419095333,35.849586757884424],[129.21106911819246,35.849601794360964],[129.21097784283998,35.84959176039669],[129.21093139919174,35.849572815984175],[129.21089602661385,35.849604844950115],[129.21083858146653,35.84963296489161],[129.21076744902714,35.84964658951767],[129.2106918063674,35.84968369048788],[129.21058373752774,35.849694576421946],[129.21044847062066,35.849697281153155],[129.2103742176225,35.84970717078833],[129.2102967853884,35.84969934733978],[129.21019077393694,35.84968430040075],[129.21017612591635,35.84961994959827],[129.21015029491477,35.84944058273919],[129.21012458695787,35.84938420916555],[129.21020163085657,35.849374918673945],[129.21039894693163,35.84939877432884],[129.21051434276762,35.84942130315624],[129.21053718320005,35.849481620094515],[129.210518643142,35.84953719634851],[129.21054461354493,35.849558474728234],[129.21058012123498,35.849527265767094],[129.21056276842418,35.849470030574935],[129.21055633058103,35.84942547499323],[129.21061780968677,35.84942861250717],[129.21063005616824,35.84940876370545],[129.21052568755834,35.84939530941268],[129.21052301306776,35.84933372268005],[129.21064246583776,35.84918970244468],[129.21062984411972,35.84914673481506],[129.21065062199017,35.8491045201746],[129.21078654859784,35.84907521819663],[129.2110080608684,35.84903946712908],[129.21099979822006,35.84897880942214],[129.21104763569977,35.84893861138955],[129.21108810150196,35.84891555894919],[129.21114067974352,35.84887228836137],[129.21117654350266,35.84882516253412],[129.21118706607604,35.84867198583105],[129.2112268090431,35.84858889336159],[129.21124779681557,35.848571913235084],[129.21123786859312,35.84854299144352],[129.21124504051704,35.84849627617333],[129.21129713749497,35.848476357730526],[129.21132525079358,35.84847072089257],[129.21136637797701,35.84852654456171],[129.2113697245704,35.84861190507131],[129.21136457920616,35.84871351191575],[129.21144791952676,35.848737258446924],[129.21144767479072,35.84876619799582],[129.21154380088657,35.848769004118004],[129.2115529533259,35.848755559500724],[129.2115013971552,35.84873292911995],[129.2114395421561,35.848708784587814],[129.211390574378,35.84870220089031],[129.21139489351228,35.848623126725926],[129.21143154597777,35.84862334208046],[129.21140145124107,35.84859121103733],[129.21139280721408,35.848549750634376],[129.21136915774963,35.84848921896328],[129.21134045733356,35.84844427871253],[129.21138146818353,35.848376144717605],[129.21144853683398,35.84832473743395],[129.2115068356139,35.84830173480218],[129.21157590605253,35.84833362644541],[129.21163304986206,35.848414116257665],[129.21165787126998,35.84845725171162],[129.21168494987282,35.8485587120808],[129.21171879888752,35.84858723148663],[129.2118067306181,35.848589069373276],[129.21180966882923,35.848607629970445],[129.2118583812186,35.848727086431744],[129.21187754875191,35.84880890435128],[129.2118851077822,35.848900485099804],[129.21186997301513,35.84895406384221],[129.21184654065092,35.848967533483],[129.2117884052678,35.84896871674238],[129.2117013545434,35.84896110930533],[129.21155197767212,35.84896064953743],[129.21146727977987,35.84896791744619],[129.21147221000362,35.84898629431956],[129.21173617146363,35.84897881201729],[129.2118399671469,35.848993419862474],[129.21184154066594,35.84924132378942],[129.21182570851252,35.849282367364985],[129.2118387600273,35.84931597013322],[129.21186340189536,35.84921973664366],[129.21185641379566,35.849013218558014],[129.21189059735477,35.84896295010021],[129.21190950798302,35.84891397012803],[129.21191231425826,35.84884905722714],[129.2118825451837,35.848734975120124],[129.21184446895674,35.848619023935065],[129.2118437398892,35.848598647959975],[129.2118914225997,35.84857972836197],[129.21202469171476,35.84855902755677],[129.21218744653248,35.84854937829915],[129.21233157119235,35.84853145199193],[129.21244253766798,35.848532798368154],[129.21266509071677,35.848523034455205],[129.2129229313766,35.84849977942618],[129.21306865205563,35.84849519693204],[129.2131000114033,35.848461425966335],[129.213361518571,35.84846841640682],[129.21336965861033,35.84854883163751],[129.21349353512613,35.84856782778066],[129.2136291570057,35.84864928668665],[129.21363906686898,35.849655937727604],[129.21363128047645,35.8496626477572],[129.2135121971534,35.84969002159477],[129.2132025603891,35.8497146218987],[129.21261481685423,35.84974844347952],[129.21208305095894,35.84976882560168],[129.21207911252554,35.84982417822535],[129.21233862353995,35.84981553978456],[129.2125239498094,35.849846686066215],[129.2125803163849,35.84984810482316],[129.2125804426099,35.84985660264836],[129.21250760128652,35.84985987301785],[129.21251116907524,35.84991124697504],[129.21319870326167,35.849887722636176],[129.21345885042933,35.84986851801372],[129.21377487147086,35.8498301166562],[129.2138356259904,35.84981874368954],[129.21393587821441,35.84979088911547],[129.21399311443793,35.84974706830241],[129.21398294865776,35.84979550139251],[129.21394023841123,35.84985263500758],[129.21387992321488,35.84990422099343],[129.2137903380383,35.84994296179044],[129.21361424825963,35.849971842384704],[129.21324350781333,35.84999771326128],[129.2130678764281,35.84998674801687],[129.2126277561822,35.84999011778257],[129.21206014356486,35.85001442914762],[129.21190368604198,35.850012080592364],[129.21146155371142,35.850045920849404],[129.21102246100492,35.85005711479726],[129.21072176242373,35.850075934141245],[129.2100517167159,35.850082686770456],[129.21005136962927,35.850089645017654],[129.21086070666496,35.8500864259963],[129.21086009856907,35.8501119774736],[129.21131743036796,35.850099075946154],[129.21170145485408,35.85007282727166],[129.21261261810432,35.85004233572762],[129.2128241985243,35.85003845792745],[129.21346074155633,35.85003836411651],[129.21376931374087,35.84999185565787],[129.21388337977385,35.84995506336765],[129.21396054333957,35.84991174809533],[129.21401894198965,35.849843041722664],[129.21407144368985,35.849721694769904],[129.21409984213187,35.84961544130634],[129.2141143449923,35.8494417809482],[129.21410139140056,35.84931252866197],[129.21406389181155,35.848688110279255],[129.2140029149683,35.84722593169872],[129.21396881275564,35.84722707350495],[129.21397553227098,35.847326775886664],[129.2139819338623,35.84761435332738],[129.21397121388094,35.84796533690119],[129.21400684025303,35.84829468961822],[129.21400648723528,35.848498435717666],[129.213980360168,35.84850163629644],[129.21398524796746,35.84863667988687],[129.2139962845237,35.84874871271419],[129.21398971823862,35.84895129816203],[129.21399939884833,35.849052978025284],[129.21401827851977,35.84907584538131],[129.2140446823691,35.849309023992575],[129.2140516978194,35.849577574874445],[129.21403503095763,35.849641430833806],[129.2140048973768,35.84969835395289],[129.21393410982103,35.847961707383284],[129.21391014666023,35.84722385161652],[129.21396823670185,35.8472185261597],[129.21396881257903,35.84722707088453],[129.21396658182158,35.847038103413894],[129.21394518320224,35.846850879582526],[129.21392280010247,35.84679669997067],[129.2139388592329,35.84715676590402],[129.21390452723355,35.8471588994728],[129.2138912284203,35.846791979157615],[129.21392166405224,35.846785787844645],[129.21390630737508,35.846572849673024],[129.21388029862192,35.84657867265777],[129.21383843321942,35.84551955275021],[129.21356419021092,35.845552446012526],[129.21356178668702,35.84551862634404],[129.21331473880954,35.845513285078866],[129.2133072462518,35.84552628529816],[129.2133407147751,35.84553687005956],[129.21333009219435,35.84558830509601],[129.21333837627932,35.845623195901624],[129.21336615214312,35.845661756476936],[129.21339489739273,35.84569021232439],[129.21330533612382,35.845744580411306],[129.2132639766987,35.845717949273926],[129.2132401999626,35.845684708015376],[129.2131805754887,35.84562031962394],[129.2131479716881,35.84559773765835],[129.21303851846764,35.84548526514318],[129.21296530211092,35.845429552569605],[129.21302301120312,35.845343850272165],[129.2130675165027,35.845342239793695],[129.2130889697715,35.84533011625617],[129.2131176384151,35.8452798210833],[129.2131644782953,35.84528200071994],[129.21320117713125,35.84530024045535],[129.21329144245306,35.84531099552576],[129.21329391883287,35.84528483688634],[129.2132285931345,35.84528260876239],[129.21320958948118,35.84525431595948],[129.21323703154448,35.845200688293694],[129.2133317956898,35.84515081733151],[129.21336222607655,35.84518865223135],[129.2133800525758,35.84518636767378],[129.21336871436213,35.845122705340934],[129.2133198389519,35.845104297859315],[129.21324600484584,35.84502017914122],[129.21311126397754,35.84493453639104],[129.2128384984599,35.84491454004322],[129.21265525632404,35.84491369056709],[129.21264968830693,35.84467141729489],[129.2126702208665,35.84455420968736],[129.21271594790747,35.84446248119365],[129.2127662581572,35.84438770615067],[129.21278044578756,35.844344835773825],[129.21277182017775,35.84421442201884],[129.21275399944975,35.84421463360078],[129.2127606296326,35.84425628673863],[129.21275049172073,35.84432360091063],[129.2127118256325,35.84440232098133],[129.21266813026767,35.84446708050039],[129.2126345447607,35.844587555545836],[129.2126173950488,35.844824271975874],[129.2126260281421,35.84491581480101],[129.21253174176718,35.844937177830765],[129.21242579020372,35.844942510000514],[129.21232972573316,35.844961253355315],[129.21227402764572,35.84495792631893],[129.21224117143018,35.84496943883632],[129.21223112863854,35.84503106590266],[129.2121357029039,35.84504025473169],[129.21196238793573,35.84502621052157],[129.21188025769644,35.84503591660973],[129.21172657667324,35.84503753745768],[129.211733847758,35.84422336242218],[129.21246614296814,35.844175538403235],[129.21324694236458,35.84417777001774],[129.21337339392463,35.84418116113167],[129.21353775550037,35.84420053648698],[129.21360374901337,35.84416290097186],[129.21358353442017,35.844099641854015],[129.21358593144078,35.8440686706677],[129.21357615415482,35.84403002429225],[129.21357458015353,35.843896155368576],[129.2135897869772,35.84384132350451],[129.21381112214624,35.84383227162014],[129.2140620908681,35.8438114146084],[129.21426139574615,35.84380549215206],[129.21463799304738,35.84380755553513],[129.21484921938472,35.84383887765243],[129.2150365897468,35.84387347728261],[129.21532926470974,35.84390554602431],[129.2153323063028,35.84399536821415],[129.21532433961633,35.844124342272494],[129.21532555990186,35.84442636703476],[129.21513807992946,35.84444222904771],[129.21478055175191,35.84449390197115],[129.21449170793142,35.8445126916632],[129.21422666785767,35.84456657826306],[129.2138905770614,35.84457166101943],[129.21390938999824,35.84461972748162],[129.21429569285357,35.84460712946017],[129.214455508456,35.844565280678054],[129.21463137369065,35.84454393369356],[129.21484123669353,35.84453664868316],[129.21512908849337,35.84449053401265],[129.2151563382655,35.84448134688742],[129.21533362389678,35.84447383053851],[129.21533967913024,35.844515214178266],[129.2154028711713,35.84455575709417],[129.2159415650502,35.84454402699601],[129.21612286161744,35.844533825612075],[129.21629690495564,35.8445471865844],[129.2166177248467,35.84451929577528],[129.2167796890549,35.844494789120816],[129.21678534485923,35.84456831197812],[129.2168088858045,35.84456713422367],[129.21681552766938,35.8444894616068],[129.21711560501842,35.84447029468602],[129.21714626927687,35.844463110770604],[129.2174301763702,35.84444058338327],[129.2174292043332,35.8440452427757],[129.21741968244316,35.84367680179775],[129.21740205093687,35.84353440891525]],[[129.22525159348592,35.83984860744402],[129.22525757204176,35.83963240431828],[129.22523427358055,35.83938828087701],[129.22532297380403,35.839387448773],[129.22544392016584,35.83941551369764],[129.22545197059029,35.83946406709169],[129.22545735916265,35.83959337750149],[129.22541374570255,35.83976142485142],[129.22539809375075,35.8398476856714],[129.22535652375745,35.83986857299387],[129.22529785129848,35.839869195991525],[129.22526991059163,35.83984814974845],[129.22525159348592,35.83984860744402]],[[129.22366823271972,35.839908612414135],[129.22365592281244,35.83996754091146],[129.22260151982078,35.839950279933355],[129.22260201871222,35.83996253602379],[129.222512781901,35.839949731185754],[129.22241055319336,35.83990989462206],[129.22237839058434,35.83971916799573],[129.22238508721668,35.83957152181466],[129.22237645986286,35.83939803790187],[129.22237681071957,35.83913333090647],[129.22238705747623,35.83899665541991],[129.22240412968182,35.83893449180943],[129.22242107364127,35.83869835097781],[129.22242596310284,35.838693367084375],[129.2226602587355,35.83869362106315],[129.2232001085973,35.83871818577771],[129.223461230281,35.838705185376426],[129.22353166379415,35.83870718221172],[129.2237612632712,35.83873009115296],[129.22377697871656,35.83881282394359],[129.2237654826917,35.8390681875691],[129.22365447022895,35.839073466889744],[129.22367984535865,35.83959172023582],[129.2236575791052,35.8396406181997],[129.22366823271972,35.839908612414135]],[[129.22372708569844,35.8422940053092],[129.22370803166464,35.842399522872995],[129.22367864952673,35.84272701041416],[129.2236563986148,35.84286110350336],[129.2233997059401,35.842883469165486],[129.22315352232246,35.842919486859806],[129.2230101200927,35.84292199540736],[129.22288375938132,35.84293079916459],[129.22283224368,35.84293846456528],[129.2226850690476,35.84297364097932],[129.2226353368374,35.84300176139134],[129.22255064502454,35.84299659984333],[129.22247852801786,35.84165882647463],[129.22283549644263,35.84164314565032],[129.22283389408958,35.84162815179574],[129.2237553962615,35.841586516530064],[129.22375815214377,35.841657845397506],[129.2237344782976,35.8419403680693],[129.22372708569844,35.8422940053092]],[[129.2227351873103,35.844200510555886],[129.22272472063062,35.84413843370271],[129.22266202886985,35.84396433748114],[129.22266707701655,35.84386888581284],[129.2226658171629,35.84373406112642],[129.22263718752032,35.84354881680536],[129.22263176660604,35.84323086574695],[129.22260684462333,35.84302542657604],[129.22269496190293,35.842988583521695],[129.22276983924033,35.84296717616128],[129.22288188969668,35.84294707918708],[129.2229384980974,35.84294773193179],[129.22297601429386,35.84296493074354],[129.22318654342098,35.84295218638766],[129.22335707102627,35.842916209195415],[129.2234376681158,35.842893853558465],[129.22365092544618,35.8428751460869],[129.22365308408686,35.84304589294825],[129.22362636587417,35.843122125013934],[129.22361430618037,35.84318363960154],[129.22362404487774,35.84338537544598],[129.22369844110148,35.8433819212992],[129.22371345155415,35.84344969458477],[129.2237284649727,35.84356613536507],[129.22371358360348,35.843643850639616],[129.2236773529225,35.84370276926203],[129.22366307035094,35.843951558697746],[129.22369187007217,35.844149248705186],[129.2236783823741,35.84424251696514],[129.2234512132147,35.84423943993587],[129.22322219797573,35.844249172645476],[129.2231584682969,35.84423952067315],[129.22312207788121,35.844253205682904],[129.22272397714806,35.84426929656755],[129.22260683557832,35.844255665243],[129.22260754223893,35.844248310222284],[129.22273034289512,35.84424972772351],[129.2227351873103,35.844200510555886]],[[129.22232664895884,35.837759682476126],[129.2223314017222,35.83772536311841],[129.22253986913356,35.83772445712092],[129.2226818762861,35.83772912567336],[129.22270537076304,35.83771994374319],[129.2226731140769,35.837606896120185],[129.22266993261485,35.83757722378107],[129.22278797919708,35.837550852158905],[129.2228745335474,35.83754724996354],[129.22288749441566,35.83759505547578],[129.22289404552757,35.8377459668917],[129.22291661260817,35.837896947932265],[129.2229233693296,35.838026228938396],[129.22290847147931,35.838177594437695],[129.2228842622439,35.83826020263246],[129.22289825594996,35.838456595462205],[129.22289745022488,35.83857690491979],[129.22291002127736,35.83867156716874],[129.22252782474678,35.83866528605995],[129.22244247385345,35.83866026983658],[129.22242584047274,35.83864515039127],[129.22238549643856,35.83822198814342],[129.2223522303333,35.83806413210386],[129.22232664895884,35.837759682476126]],[[129.22284101637806,35.837343088228536],[129.22287317725807,35.83748136200289],[129.22287448311712,35.83752511533245],[129.22279576172267,35.83753149698156],[129.2226506721049,35.83756459665173],[129.22265063435682,35.837602836799945],[129.2226772271979,35.837713019863216],[129.22233905068785,35.83769770769502],[129.22233693390353,35.83764080659895],[129.22231936637354,35.83763998269312],[129.22232907064762,35.837451369079346],[129.22245721724744,35.837415155585056],[129.22256801387908,35.83739272696317],[129.22263134733532,35.8373732786031],[129.22284101637806,35.837343088228536]],[[129.22181706832163,35.83843230208917],[129.2218138235443,35.83835161003535],[129.22177345440107,35.8383264940777],[129.2217040227943,35.838322439523495],[129.2216455255371,35.8383059546736],[129.22163886872286,35.83821209257555],[129.22161898221637,35.838117101108544],[129.22182299653906,35.83810649803747],[129.22189049107544,35.838114575655034],[129.22199338090041,35.838110268195024],[129.22219513174727,35.838085699256446],[129.22232213881563,35.838065250879374],[129.22236292858787,35.83821813621979],[129.22240201136592,35.838645527660496],[129.2223880921965,35.83878300300757],[129.22238181450084,35.838930026575056],[129.22236631785734,35.83897761406169],[129.22208760525,35.838969843509595],[129.2220085389114,35.83894011215855],[129.22193090565844,35.83887625677155],[129.2218496794285,35.83884590741413],[129.221765906927,35.838831352583036],[129.22178923224416,35.838668760229226],[129.22179687946095,35.83852828626738],[129.22181706832163,35.83843230208917]],[[129.221714535628,35.83923072786422],[129.22182917732383,35.83910881282129],[129.22177345221158,35.83911038401937],[129.22168813904628,35.83913920014571],[129.221633105977,35.838882489562835],[129.2217650511746,35.838850109180704],[129.2218421376066,35.83886437885947],[129.2219341226427,35.83889884522781],[129.22199396167196,35.83896004753657],[129.22200004520963,35.83895457479415],[129.22208605935322,35.83899116092808],[129.2222610622634,35.83899533679986],[129.2223611722488,35.8390099874341],[129.222350216149,35.83913834567761],[129.22235264415554,35.8393673940877],[129.22236079698604,35.83971709140644],[129.2223754445359,35.839830297615755],[129.22224935752126,35.83980431192442],[129.22216341038597,35.8397762786596],[129.22210925133297,35.839763976890566],[129.22178062723893,35.83978791312494],[129.22178566217414,35.84009570802433],[129.22158492097108,35.84010700801798],[129.22157665253854,35.83997069097935],[129.2215849037195,35.839776213015305],[129.2214962368643,35.839745210126644],[129.22121509309915,35.839595314774],[129.221399636784,35.83948664687726],[129.22155177744054,35.839372098794655],[129.221714535628,35.83923072786422]],[[129.22235128645235,35.840107422507906],[129.2223327482816,35.84030767840697],[129.22234520344546,35.840560321108725],[129.22235525308426,35.840639937135116],[129.22217481779725,35.840641899887565],[129.2220911882759,35.840623722001034],[129.2219749005004,35.84057142856014],[129.22164712421855,35.840354629840164],[129.22139772946545,35.840215221397344],[129.22128536502805,35.84017642083858],[129.22137153077747,35.84016330322661],[129.22201198637555,35.840117716037184],[129.2221631293865,35.84011841193832],[129.22235128645235,35.840107422507906]],[[129.22196855921823,35.83775187722744],[129.2222968214301,35.83779611177235],[129.2223033591892,35.83790665621271],[129.22231954462035,35.838047753353784],[129.22221572520738,35.83806806000396],[129.22207704459885,35.83808578088114],[129.22192766394988,35.83809659961892],[129.22181470164836,35.83808876761479],[129.22161314167778,35.838090326629604],[129.22150909464588,35.83809642937208],[129.22143264269508,35.83809118884946],[129.22130396193432,35.838066739027255],[129.22128649678365,35.83805491050956],[129.22133700300103,35.8378469355821],[129.2213583017351,35.83766367229393],[129.22154860436777,35.83768619772377],[129.22161504152757,35.83770429934438],[129.22172194202204,35.837701616035176],[129.2217958078739,35.837712385783874],[129.22196855921823,35.83775187722744]],[[129.2153413901174,35.84093014545178],[129.21534253922343,35.84092113991331],[129.2155299678111,35.840930449606475],[129.21549150855367,35.84097740115741],[129.21557153101946,35.84098413516789],[129.21591365272758,35.840971817954276],[129.21596036619732,35.84094439966301],[129.21609474460996,35.840896862130116],[129.2161153430481,35.840896735218045],[129.21607795507617,35.84102486068308],[129.21602928104582,35.84110108523833],[129.21594807560916,35.84112781707757],[129.21606639066673,35.841112041275764],[129.21611690266994,35.840962082112966],[129.216119724717,35.84094136633416],[129.21616129367067,35.840894336927526],[129.21671244671708,35.840882085461956],[129.2168942420258,35.84084249224703],[129.21701785927766,35.84083524084759],[129.21715065616016,35.840874351202544],[129.21709040873458,35.84113994969861],[129.21711874025425,35.84115061473413],[129.21714237426397,35.84101244666485],[129.21718532197013,35.840902516153875],[129.2173002544682,35.84091311580072],[129.21755076441443,35.84092273262807],[129.21782065068038,35.84097535778025],[129.2178236826377,35.84099542317192],[129.21779288424852,35.84106276597736],[129.21775251669095,35.84112390736687],[129.21774151271782,35.841204841441666],[129.2177407614132,35.841303214287],[129.21776937679675,35.84130422626494],[129.21776104304544,35.84119042233624],[129.21777121144584,35.84113604060404],[129.2178485534199,35.841007455153914],[129.21801465013877,35.840983074580244],[129.2182663576154,35.84093640466111],[129.21849580529974,35.84086926195118],[129.2186269466017,35.84083671523151],[129.21868387002132,35.84082761788278],[129.21869022996793,35.84080159629663],[129.2187175276362,35.84076187390526],[129.2187168873124,35.840750303005464],[129.21873643039115,35.8407447249859],[129.21874757593824,35.84072421941097],[129.2188048011591,35.84068783159186],[129.21876594004598,35.8406881451986],[129.21872457800998,35.84071303140447],[129.2186619096374,35.84076664290811],[129.21858639462025,35.84080958875587],[129.21844643152522,35.84084209728351],[129.21829337654424,35.84088364177374],[129.21807548459492,35.840930521183516],[129.2179964117114,35.84095150058412],[129.21788492016273,35.84096081304449],[129.21781411047948,35.84095956161888],[129.21766587837215,35.84092675246977],[129.2175469588533,35.840907165860436],[129.2174014550328,35.84089669348093],[129.21730278946217,35.84089687071286],[129.21720815136993,35.840884224850996],[129.2172205862698,35.84085738131138],[129.21722682294376,35.84082244665496],[129.21720082749096,35.84075063661068],[129.2172010322026,35.84071586599501],[129.21721069758146,35.84068407054857],[129.21722586788712,35.84058828543743],[129.21724917147793,35.84053668305154],[129.21725029172364,35.84045579379575],[129.2172651231613,35.84045561395331],[129.21727634895726,35.8401335859459],[129.2174459812498,35.840131965401056],[129.21744269247958,35.840029354907074],[129.21731546486185,35.84003947019114],[129.21766663899436,35.839375437318594],[129.2177332894634,35.839410763597854],[129.21778752589177,35.83941520829487],[129.2179193174225,35.83890158249324],[129.21803995871696,35.838676088491866],[129.2181138976529,35.838880503133076],[129.21819382758304,35.83905331807625],[129.2177836773589,35.83982006607481],[129.21768561602596,35.840013876247504],[129.21757117625418,35.840221225533334],[129.2175936328265,35.840220653414164],[129.2175654485715,35.840345815711125],[129.2175472273372,35.8404674001468],[129.2175461390531,35.84053955622877],[129.21766201347924,35.840738389039124],[129.2178333906098,35.840742974423364],[129.21782834451125,35.84078417967184],[129.21794265053578,35.840812741756494],[129.21795052476128,35.84082658880704],[129.21803433032818,35.840824283832724],[129.21829782941373,35.8407912916073],[129.21831186626127,35.840629266489415],[129.2181988795963,35.840638086250465],[129.21819006915842,35.840593391096014],[129.21850866699344,35.840548213267866],[129.21851054472572,35.84048988093772],[129.21847512060103,35.840484131839055],[129.21849460522762,35.840359579869435],[129.21853060424397,35.84019038616145],[129.21858485499578,35.83996427252397],[129.21860973287474,35.839897751327534],[129.218706384761,35.83986989925544],[129.21871758086954,35.83989233818499],[129.21862843462742,35.83991657170158],[129.2186002864049,35.83999745573351],[129.21861774422814,35.840035015358],[129.21893988510953,35.839938431658666],[129.2193715691226,35.83982522774833],[129.21948795139514,35.839945441799365],[129.21955336796424,35.8399824095784],[129.21966687990985,35.84001625279768],[129.2196678390841,35.840067415056176],[129.21959398107515,35.840205764924754],[129.21955749949868,35.84037980855102],[129.2196067546774,35.840319146107284],[129.2196340983298,35.840203466019055],[129.219688438086,35.840059491712786],[129.2198141130194,35.84006854633937],[129.22015337380938,35.84017296125515],[129.2203226931679,35.84019844683817],[129.2203210625206,35.840293865210306],[129.22078891539883,35.840280052364946],[129.22078982213046,35.84029581358328],[129.22084046753426,35.84031029437296],[129.22068643493546,35.840357755899106],[129.22056775351493,35.84040056542098],[129.22069026731765,35.84040297366323],[129.22084991763032,35.84034959868667],[129.22090700619276,35.840324322535736],[129.2211144930057,35.84028242290055],[129.22118219317574,35.840260065301734],[129.2213019864802,35.84034765508734],[129.22145665171126,35.84044929451008],[129.2216738640922,35.84056623954289],[129.22195927793123,35.84072970780209],[129.2218947051496,35.84088234487379],[129.221842765729,35.84105252411426],[129.22188887697854,35.84105620678003],[129.22189012811785,35.84109235364145],[129.22206068049567,35.84109053563008],[129.22208944750017,35.84111033737312],[129.22211228238172,35.841534090437605],[129.22208177669123,35.84156199507644],[129.22190496847074,35.8415674566328],[129.221903735052,35.84159391163055],[129.21771515269236,35.84174117797244],[129.2177048012628,35.84146713534525],[129.2177110439692,35.841377386601906],[129.21773230944717,35.841357899351685],[129.2178555245008,35.8413775411285],[129.21795050887877,35.84140739072647],[129.2179541924501,35.841382095002665],[129.21788792174283,35.84136089978428],[129.217766401716,35.84133773110048],[129.21776587183066,35.84132194214538],[129.21774925671005,35.841321584509444],[129.21771433829323,35.84133914962836],[129.2176780942031,35.84137398508156],[129.21769137575046,35.84174073407737],[129.21705277200053,35.84176059127099],[129.21704950559982,35.84175199920091],[129.21700883058838,35.841761201823445],[129.21696033697629,35.84176482168634],[129.21691822170462,35.84163846076668],[129.21684729247417,35.841544064750046],[129.21676949814722,35.841473266714104],[129.21665860815406,35.84142285108896],[129.21646801084046,35.84135955490915],[129.21629941512512,35.841295029448524],[129.21583730556122,35.841150410784635],[129.21525045726088,35.840954836298884],[129.21525219779124,35.84094987227541],[129.21540593699612,35.84096928904555],[129.2153413901174,35.84093014545178]],[[129.2204322396569,35.83755239119503],[129.22016715866656,35.83775085164982],[129.22019548250654,35.83769448994462],[129.2202670633316,35.837590652700854],[129.2202953369841,35.83751203016181],[129.2204322396569,35.83755239119503]],[[129.21912595342255,35.83859140083958],[129.21911773902193,35.83858672921097],[129.21915563803137,35.83850201508841],[129.21917238725038,35.83848279711853],[129.21919281052732,35.83849981178941],[129.21919903094476,35.838491716300034],[129.21917858715716,35.83847529649296],[129.219297942204,35.838323372663176],[129.2194235291973,35.83813133174314],[129.21955261848987,35.83797359495639],[129.2197064696076,35.83783300893622],[129.2196774575849,35.837807961773066],[129.21978788948832,35.83777311713669],[129.21990091792296,35.837704362617025],[129.2199876803866,35.8376231644098],[129.2200483486816,35.837519509360085],[129.2201071605558,35.83746542646263],[129.22027006002398,35.83750498333555],[129.22024103792094,35.83759723414655],[129.22013161997933,35.83777555651465],[129.21974062081904,35.83810582768797],[129.2196090158352,35.83820573596659],[129.2192898630049,35.838578711687546],[129.21930510697686,35.83858785879302],[129.21909315968298,35.83888384403083],[129.2190124517943,35.83903485953408],[129.21894992626184,35.83909564489841],[129.2188978530786,35.83921057649398],[129.21879666424343,35.83912894396547],[129.2188276856976,35.83905063225767],[129.21893247362235,35.8388734009857],[129.21905937001713,35.838681943904874],[129.21912595342255,35.83859140083958]],[[129.21988013320922,35.83768064341334],[129.21991270390373,35.8376533260237],[129.21992129616163,35.83765980316567],[129.21989212565674,35.83768671407624],[129.21988013320922,35.83768064341334]],[[129.21928996274315,35.83716963261608],[129.21962692827736,35.83727729775396],[129.2193427616452,35.83751919529362],[129.21903510163048,35.83779984341627],[129.2187800818242,35.8381054593633],[129.2186088138582,35.83803326327214],[129.2184832793745,35.83800546110252],[129.2186395824985,35.837801351846934],[129.21878164962587,35.83763728366971],[129.2189499546007,35.83747166275695],[129.21928996274315,35.83716963261608]],[[129.2184613185331,35.83802932983009],[129.21848058109424,35.838030719027266],[129.21861205167377,35.83806385489313],[129.2187619666421,35.838127068064345],[129.21854388013764,35.83843689765871],[129.2183568805335,35.83874989722668],[129.21815124381186,35.838485595263606],[129.21827417716707,35.838298132199235],[129.2184613185331,35.83802932983009]],[[129.21851363993957,35.839765116598386],[129.21850306890065,35.83979333582355],[129.21849116033917,35.83977343968706],[129.21851363993957,35.839765116598386]],[[129.2135795938847,35.84325150926152],[129.2135593786872,35.84324198267301],[129.21356337686595,35.84271892597652],[129.2135733316006,35.84253324181691],[129.21356416963684,35.8425177654919],[129.21355294479872,35.842392646681944],[129.21356361055155,35.84200004316494],[129.21402207684864,35.84197362866837],[129.21413842036665,35.84197334173399],[129.21414994017655,35.84205936373003],[129.21414203180245,35.84206154973853],[129.21414801243918,35.842083583741186],[129.21418572856953,35.842072882235406],[129.21416923004347,35.84197113322154],[129.2147045576403,35.84194467019111],[129.21470338946375,35.84207479480435],[129.214707353096,35.84211238794015],[129.21473679042643,35.8421102357921],[129.21473842260488,35.84201701656215],[129.21472837817723,35.841940707484916],[129.21505448745586,35.84192834902474],[129.21509069859346,35.841921984924454],[129.21524833551922,35.84191599970703],[129.21525317352516,35.842048357754365],[129.21527863714033,35.84233907386486],[129.2152636170841,35.8426692195833],[129.21526741996132,35.84284066668115],[129.21524655575885,35.84284506584789],[129.2152475696066,35.84286401733867],[129.2152659890496,35.84286429099752],[129.21528037484538,35.8429577340741],[129.21529516280913,35.84315152163797],[129.21534661463275,35.84315684659693],[129.21532926791966,35.842892324456756],[129.21533335983156,35.842693050728506],[129.21546276083424,35.84271567609451],[129.21546659186035,35.8426913895889],[129.21533302676755,35.84267206120073],[129.21533211006818,35.84248312470718],[129.21541557321544,35.84248040759086],[129.2155302604538,35.842514315695304],[129.2155305634683,35.84249526272285],[129.21547247197853,35.84246979770647],[129.21541287834773,35.842462008855634],[129.2153273519802,35.84245895262668],[129.21530372939253,35.84221502617856],[129.2153163469936,35.842214697302595],[129.2153149329106,35.84219096989543],[129.21530832518218,35.84219110782789],[129.21530126391139,35.84191427652596],[129.2158463041711,35.84188670738546],[129.21587827995117,35.841890084107675],[129.21608163940743,35.841879041315124],[129.2160859606434,35.84198751711395],[129.21606601551966,35.842098803082116],[129.216010315981,35.84210247147867],[129.21599620740915,35.84208347126744],[129.21596301223968,35.842075338151005],[129.21597043496155,35.842102461553154],[129.21594099650437,35.84210418140499],[129.21581574872073,35.84213973386983],[129.21581891369942,35.84216004240934],[129.2159427148512,35.84212573624845],[129.2160633446682,35.842122249374505],[129.2160699931483,35.842153682129585],[129.21605952207653,35.842285211284775],[129.21605932577276,35.842516445442804],[129.2162256802966,35.84252884690817],[129.21624612038673,35.84259300644291],[129.21626129719056,35.84280700824542],[129.21623384546524,35.84289705616034],[129.2162412120119,35.84300593205517],[129.2162596253552,35.84312299859454],[129.21628237266185,35.8431232102875],[129.21625240813367,35.842897077061984],[129.2162967599648,35.84273234837113],[129.21625855260245,35.842548525545055],[129.21624733899017,35.84251537056051],[129.21607434595794,35.842495789001724],[129.2160825662151,35.84232174287645],[129.21609391806305,35.842287087552045],[129.2161080996451,35.84198802733938],[129.2161015656737,35.84187994303081],[129.2163570548859,35.84185912723248],[129.21651128362507,35.84186179845694],[129.2167737635569,35.84184747629233],[129.21683817706187,35.841861312235295],[129.2172157271056,35.84333453081945],[129.21708412938258,35.84334331084417],[129.21708416346885,35.84336817627624],[129.21722541305036,35.843371527776775],[129.21728164725957,35.84362214559533],[129.2172912621397,35.843861707654916],[129.21729173756057,35.84437226497617],[129.21728672957948,35.844419553547155],[129.21719290407475,35.84442648137926],[129.21713783621544,35.84441464766486],[129.2171203491816,35.84431732601459],[129.2171001309671,35.844319209855755],[129.21711574548237,35.84444039997015],[129.21690582366335,35.844450320707345],[129.21669054654583,35.84447745553206],[129.216615428084,35.84449268597326],[129.21647650218307,35.8445061559408],[129.21628183492058,35.84451663410838],[129.2160616807832,35.844498911905916],[129.21606100030928,35.84446143953453],[129.21605168699278,35.844439348500195],[129.21602881082612,35.8444407502319],[129.21604282544692,35.8444658069993],[129.21603675274966,35.844508492031906],[129.21598483657584,35.8445160470631],[129.2158958021392,35.844510023379996],[129.21581301032978,35.84451208172246],[129.2157632774095,35.84450827701336],[129.21549711416085,35.844518701126205],[129.21541248533526,35.844512696276304],[129.21538119876004,35.844477810504266],[129.21537715990561,35.84445359209127],[129.2153709934759,35.84406571403553],[129.2153849210162,35.843992480696855],[129.21567869335442,35.84394256892022],[129.2157554550488,35.843904633642424],[129.21585584709652,35.843902958519735],[129.215990005408,35.84391979781002],[129.21625462188575,35.843923534011964],[129.21644932260884,35.84391778739315],[129.2164801752055,35.843910720472856],[129.2164819352739,35.84391895475005],[129.21650669579202,35.84391037560948],[129.2165419904382,35.84377744114233],[129.21662658376553,35.84373776990451],[129.2166851075563,35.84372610207494],[129.21674694613478,35.843720439617805],[129.2170421843206,35.843726147042695],[129.2170511171212,35.8438652570033],[129.2170762151231,35.8438627966284],[129.21706291531493,35.84354157888287],[129.21705555989175,35.843519060823354],[129.217035993824,35.843516437232836],[129.21704281260642,35.84370062251132],[129.21668599836673,35.84370757077644],[129.21660531056088,35.843721936972955],[129.21652979151375,35.84376073577014],[129.21649812146782,35.84372738309635],[129.21649058697193,35.84369177917059],[129.2164427307737,35.843702346323724],[129.2163839432021,35.84370240640486],[129.2162484127804,35.843681523392156],[129.2161093285798,35.843697363505804],[129.21607596227815,35.84370813895806],[129.21600613150417,35.84370957946179],[129.21598400391446,35.843742262241996],[129.21597756497061,35.84388324728491],[129.2158481218902,35.84388276627217],[129.21574380366903,35.84388979280205],[129.2156720562933,35.84391949973381],[129.21549253895995,35.8439528503842],[129.2153906335867,35.843951598834316],[129.2153768553202,35.843833063901094],[129.2153806968895,35.843495232441434],[129.21553291489786,35.84353111956483],[129.21552928503337,35.843519049277546],[129.21537356444028,35.843481374895624],[129.2153600337189,35.843347806656325],[129.21536127927587,35.843168563789185],[129.2153069587492,35.84317080543059],[129.21532719684595,35.84356404798503],[129.21532693938858,35.84378565685275],[129.21531490637764,35.843880156319976],[129.21505512203422,35.84385795185732],[129.214896578775,35.843824553802655],[129.2149220786233,35.843744828985734],[129.2149619096128,35.843672162531206],[129.21496527136836,35.84352225161175],[129.214999178395,35.843341499712366],[129.21497478497125,35.84320618427484],[129.21494444560344,35.84321058219685],[129.21495189229773,35.843263265072075],[129.21497220681033,35.8433345719545],[129.21494625538483,35.84348529808266],[129.21494891109828,35.84359651665462],[129.21493691233883,35.84366264467059],[129.21487349585686,35.84381896198014],[129.21474564220168,35.84380848209289],[129.21464190964798,35.84378617994602],[129.21445318011004,35.84377715057631],[129.21414034896875,35.8437781642143],[129.2139444176853,35.8437872889561],[129.21379122680062,35.84380576495294],[129.21359009074428,35.84380990538634],[129.21356455178378,35.84336402085636],[129.21356568140553,35.843251975428146],[129.2135795938847,35.84325150926152]],[[129.21700934595196,35.840634178093694],[129.21709787576694,35.8405780065627],[129.2171469233092,35.84056666193288],[129.2171844127438,35.84052987769877],[129.21721076750782,35.84044029252472],[129.21721624293218,35.8404408177943],[129.2172162708066,35.84048178385414],[129.21718395143256,35.84069473529006],[129.21719277515567,35.840691393837396],[129.21717955476853,35.84071837397235],[129.21718891765968,35.84075882331893],[129.21721341387965,35.84082471484074],[129.21720190994063,35.84085199832151],[129.21715499738335,35.84085475923646],[129.21703684991988,35.840825887855104],[129.21690729093424,35.84082164095525],[129.21669408342134,35.840861452672655],[129.216626687551,35.84086598947509],[129.21656641435027,35.840852073905026],[129.2165174145782,35.840832000616544],[129.21684775845605,35.840786932347115],[129.2169710693973,35.84067054910887],[129.21697933608667,35.84067405817531],[129.21700934595196,35.840634178093694]],[[129.21541755890382,35.8412041793207],[129.2155895287701,35.8412024671061],[129.21558929646955,35.84124782746049],[129.21560515359388,35.841250331722],[129.21560676348417,35.8412027428242],[129.2163638241194,35.841451028912665],[129.21667622338603,35.84155989073497],[129.21674658027788,35.84161458779447],[129.2167948035906,35.84168709712938],[129.21681329762143,35.84174373462173],[129.2167863406249,35.8417584462658],[129.21674372452014,35.84177025689013],[129.21568452866578,35.84181485976173],[129.21567665503835,35.841743485745845],[129.2156875169146,35.8417159331834],[129.2156702723047,35.84171613515758],[129.21565844545643,35.84174295041284],[129.2156630295486,35.84181766491951],[129.2152957710118,35.841835622915376],[129.21530547884683,35.84165021841837],[129.21526327622053,35.84120154283621],[129.21528190485813,35.84120154574597],[129.21528081232717,35.84119039020768],[129.21538796174792,35.84119202006074],[129.21539442007858,35.8413052957599],[129.21541949289102,35.84130197958796],[129.21541755890382,35.8412041793207]],[[129.21647890663283,35.84389183253953],[129.2161096359899,35.84390596631824],[129.2160332467677,35.84390129906281],[129.21599739180044,35.84388403203173],[129.216007508679,35.84374006629658],[129.2160231677078,35.84372636637663],[129.21609063628483,35.84372736345705],[129.21624152189816,35.843703958811346],[129.21629972268244,35.843716165863654],[129.21647330005018,35.84372157839167],[129.21648524782145,35.84379288195358],[129.21647890663283,35.84389183253953]],[[129.21542465100814,35.84119072003666],[129.21527101827624,35.84117041789385],[129.21525942521208,35.84109049759097],[129.21542598033557,35.84114578131683],[129.21553383971235,35.84118097234702],[129.21542465100814,35.84119072003666]],[[129.21523468467277,35.84128365255828],[129.21525786616374,35.841499505889736],[129.2150678618429,35.8415042959113],[129.21506861285928,35.841520192635805],[129.21526411185818,35.841529470371505],[129.21526849232404,35.84183781642252],[129.21436290662962,35.84188208921976],[129.2143493905197,35.84179881959194],[129.21431068021488,35.841797788628625],[129.21432585152908,35.84181286671745],[129.21433084492412,35.8418838133241],[129.21355660721807,35.841913932027936],[129.21355163031623,35.84159110386411],[129.21352450885948,35.84139450786352],[129.2135217628843,35.841281865399054],[129.21352305311515,35.84104299566256],[129.21355943445695,35.84078880582161],[129.21361466148596,35.84059549822894],[129.21419460746245,35.84075099332032],[129.215219848445,35.84107993322994],[129.21523468467277,35.84128365255828]],[[129.21352191120846,35.84077612834983],[129.21347220913947,35.84076220158687],[129.21333976704904,35.84074338270316],[129.2131387021678,35.8407297495821],[129.21291161912504,35.84073853094386],[129.21288550921784,35.84075142871192],[129.21284105558374,35.840763205136895],[129.21273434137055,35.840762671772815],[129.21252521570082,35.84075213407212],[129.2123519990437,35.840759188504904],[129.21231439658467,35.84074996258484],[129.2123202410256,35.84073330623113],[129.21228903857843,35.84073332491921],[129.2121936904502,35.840891283106274],[129.21205421643873,35.841084764727896],[129.2119790149548,35.841180816578465],[129.21189985754384,35.841250126188996],[129.21173292446275,35.84134019193516],[129.21173759387304,35.840555248508714],[129.21172955848544,35.84010659290028],[129.21251496503587,35.84030457294178],[129.21357397537287,35.84058382674406],[129.21352191120846,35.84077612834983]],[[129.21184226775682,35.84334645447416],[129.21186756444035,35.84349048406172],[129.21186315101437,35.84359226096923],[129.21189244667048,35.843582331975675],[129.21189165166473,35.84350344693119],[129.21187338979598,35.84334074915185],[129.21204543152763,35.84333932126353],[129.2123512161391,35.84331552381369],[129.2123688189648,35.84347141823651],[129.2123877442587,35.84348293003943],[129.21247463182473,35.843569090255336],[129.21253464161092,35.843616769166175],[129.21256010073984,35.84361689568815],[129.2125871269615,35.843631953168554],[129.21263081612452,35.843686113651636],[129.21265020682688,35.84379800584546],[129.21268139730708,35.843914104160085],[129.212675902456,35.84381216439323],[129.2126564372892,35.84367637117836],[129.2125944387338,35.84358834684914],[129.21253494090863,35.843587685294835],[129.2124915122308,35.8435649599275],[129.2124419042246,35.84352026389839],[129.21242618803115,35.84347914941203],[129.21239923348318,35.843466047482266],[129.21238607908654,35.843401667224136],[129.2123819455932,35.84332879036734],[129.2123853077321,35.84331099378592],[129.21266854099883,35.843306720136034],[129.21267662066376,35.84353192838141],[129.21270610203382,35.843533643016606],[129.21269257885493,35.84330520885237],[129.21299367119454,35.84326105877098],[129.2132323188481,35.843252806631945],[129.2135086708497,35.84327079499711],[129.21352586547818,35.84339308234583],[129.21352353250347,35.84349386426634],[129.21354026487063,35.843567214536186],[129.2135442019467,35.843819557650534],[129.21353762951574,35.84397439501868],[129.21354528805438,35.84408619060026],[129.21352643600946,35.8441272667988],[129.21321084290855,35.844134970169094],[129.21306158267691,35.84412917665638],[129.21299556976422,35.844117901062006],[129.21284254409628,35.844123875219374],[129.21278847599683,35.84412140174086],[129.21268011922962,35.84413763447759],[129.21208385344693,35.84415216362632],[129.2117301558267,35.84417918058541],[129.21173131646913,35.84333134541219],[129.2118066073248,35.84333115958701],[129.21184226775682,35.84334645447416]],[[129.21300811521738,35.846741570851414],[129.21302631277274,35.8467079762761],[129.21310921636163,35.84669710543072],[129.21329313018862,35.84669091426304],[129.21329220775198,35.84667288188103],[129.2128354829487,35.84669424355451],[129.2128128788245,35.8464104166587],[129.21287441199667,35.84639723129391],[129.21288023638078,35.84596830722825],[129.21281912094446,35.84597192960047],[129.21280657287036,35.84586099879268],[129.2128927048409,35.845857332418426],[129.2128919950178,35.845835956019435],[129.21279112075035,35.84583622356781],[129.21275215859018,35.84579939490244],[129.21273923862364,35.84576523320711],[129.21272893750333,35.845670899460785],[129.21273112338667,35.84561443230934],[129.21274453895754,35.845576700427095],[129.21274850076284,35.84551788690235],[129.21274205020342,35.84546052467006],[129.21275366859078,35.84536705363413],[129.21293621343543,35.84544259978316],[129.2130097994338,35.84551246134804],[129.2129704175848,35.84557603273518],[129.21299932614994,35.845578514367084],[129.21303871826893,35.845518818327335],[129.2131085221473,35.84558580248915],[129.21312291125633,35.84562709044517],[129.2131636840789,35.84563712164119],[129.21328670741767,35.84577825690621],[129.2132798193598,35.84581462546792],[129.2131082184464,35.845825652666534],[129.213109487802,35.8458492902161],[129.21336868296822,35.84583918108498],[129.21336861739107,35.84585614272369],[129.21328523978428,35.84585908358454],[129.21327505928554,35.84595192125408],[129.21336961265663,35.84594732943276],[129.21336856764432,35.84615371749527],[129.21353787873312,35.84615549171318],[129.21354747352737,35.846187865700685],[129.21329933796918,35.846190547450945],[129.21328756231674,35.8463578942515],[129.21333240483585,35.8463580044672],[129.21333274081792,35.84649682338346],[129.21330329983854,35.84649822715766],[129.21329452859888,35.8466727763791],[129.21342320726453,35.846674183031325],[129.2134122403588,35.846808425500576],[129.21331679853802,35.84686226320894],[129.213338676954,35.846930773694325],[129.21313542453532,35.846953771252984],[129.21312983780058,35.84698003449763],[129.21313191652789,35.84701664861293],[129.21315235385998,35.84704277589447],[129.21315786179275,35.84707433697008],[129.2130284728518,35.8471003585877],[129.21301867981637,35.847034981147495],[129.2129856505569,35.846931575816654],[129.21293268896028,35.84682540266337],[129.2129319428641,35.84674449878481],[129.21300811521738,35.846741570851414]],[[129.21203923945777,35.842835046497775],[129.21208578742315,35.84281947243708],[129.21216895443152,35.84280505085147],[129.21222052545264,35.84283049284925],[129.21226232051393,35.84283421381294],[129.21243313401206,35.84279573712265],[129.21243383666075,35.842835363868154],[129.2124573673112,35.84283464662228],[129.21245887987638,35.84279138394884],[129.21249487567508,35.84278289405774],[129.21244134972514,35.842779986868905],[129.21225501370967,35.8428211675108],[129.21222944805965,35.8428057829416],[129.21215915621605,35.84278328480754],[129.2120745697533,35.842800890287734],[129.2119424292309,35.8428177768873],[129.21185318205764,35.84281000215073],[129.21176449493615,35.84281730428687],[129.2117457182029,35.8427990778087],[129.211721176035,35.84248779280454],[129.21172713914714,35.84239856759087],[129.21183369168222,35.84239992226646],[129.21183317770917,35.84237294874023],[129.21172536908733,35.84237795908975],[129.2117303508596,35.842294368406485],[129.21172925822833,35.84206488490774],[129.21198338527537,35.84205570691964],[129.2120408962763,35.84226412849069],[129.21208023075334,35.84234208982997],[129.2121101303107,35.84233468322501],[129.2120937608097,35.84231844434407],[129.21200196988764,35.84205572843953],[129.21212113685473,35.84205154510957],[129.21222522290682,35.842053777975146],[129.21223076835352,35.842145821974746],[129.2122659910497,35.842138081545386],[129.21226216271938,35.8420507841257],[129.21237366346634,35.84204411752751],[129.21235688818984,35.842133848425824],[129.2123795871877,35.84213682778171],[129.21239993626654,35.84204238608031],[129.21243306487835,35.842038065016695],[129.21253682141167,35.842041262528845],[129.21301175525298,35.842021888767306],[129.21318004838676,35.84201878051882],[129.21321704478603,35.84201210917428],[129.2134968516103,35.842003108050875],[129.21351660156054,35.84200846268356],[129.2135215305422,35.84211785678099],[129.2135179630712,35.84230792778194],[129.21353273654623,35.84262269045652],[129.2132853407665,35.8426288316577],[129.2131848129694,35.84263715609799],[129.21310465089957,35.84264925688137],[129.2130916132065,35.84265814814366],[129.2133390975831,35.84263533405282],[129.21352742465484,35.84263976951176],[129.21351137933323,35.842778743592234],[129.21352018682293,35.84302284973208],[129.21351364809104,35.843248570395765],[129.21324938020737,35.84323350783638],[129.2130045598935,35.84323901304827],[129.21277927762287,35.84325753351397],[129.212606271387,35.84327920622886],[129.21260958269042,35.842999993061746],[129.2126355055261,35.8429830400594],[129.2126244238603,35.84298241964261],[129.21262257207363,35.842964479001765],[129.2125844632528,35.84299431425101],[129.21256825166228,35.84302522857743],[129.21257248531893,35.843127495028426],[129.21254714434198,35.84313012612733],[129.2125442565249,35.8431514637944],[129.21257229799187,35.843148701777565],[129.2125711713411,35.84327910566416],[129.21247816803702,35.8432952121115],[129.2122893051482,35.84329382217726],[129.21208430259068,35.84330877286275],[129.21194605892123,35.84331184498205],[129.21180113353748,35.84330384325766],[129.2117312919623,35.84329269984177],[129.21172829704582,35.84281764287528],[129.21174455356257,35.84284849540508],[129.21184801342125,35.842835363372004],[129.21203923945777,35.842835046497775]],[[129.2120326513505,35.84116310316781],[129.21207734252616,35.84110287539176],[129.2121624507143,35.84112837581075],[129.21230953933875,35.841135508112934],[129.21242721552736,35.84112062925132],[129.21249429000463,35.84109487091534],[129.21247689746284,35.841068422709554],[129.21241401162166,35.841091758332375],[129.21218076119348,35.841104343404574],[129.2121411351032,35.84109590506707],[129.21210946199056,35.84107704333281],[129.21213405521772,35.84103465045868],[129.21223180247594,35.84090064335775],[129.21230573546222,35.84077718653754],[129.21253545816094,35.84076616658274],[129.21272403433426,35.8407827427183],[129.212716850738,35.84091214790331],[129.212721143445,35.841007438601494],[129.2127524978767,35.841006256920515],[129.21275238121666,35.84089547539575],[129.21276576626377,35.84077974930333],[129.21287532672534,35.84077253588952],[129.21292180115242,35.84075896240766],[129.2131368354009,35.84074785899592],[129.21326888478282,35.840752204709695],[129.21341323482517,35.84076614493126],[129.213516155577,35.84079694838276],[129.2135052334054,35.840931019674564],[129.21347726185311,35.84104295027431],[129.21340852957937,35.84104038577503],[129.2131340462982,35.84105209909006],[129.21313467271503,35.84111290536634],[129.21315914140956,35.84111133014348],[129.21316890139852,35.841068692809856],[129.21326112971795,35.841074370419626],[129.21340304263907,35.841062367941234],[129.21347890458122,35.841069624394855],[129.21348548039288,35.84111160206066],[129.21348916150566,35.84123876202657],[129.21347366089717,35.841353581657984],[129.2134749541197,35.84138617760995],[129.21350100765352,35.841718080248434],[129.21351523632217,35.84179493181326],[129.21350448941786,35.841920044343745],[129.21172741270684,35.841986317117424],[129.21172012098341,35.84172724738382],[129.21172918572753,35.841366268511976],[129.2119204635115,35.84126119351526],[129.21197526159585,35.84122230771902],[129.2120326513505,35.84116310316781]],[[129.21321362806142,35.84738176314445],[129.21319873143142,35.84748284651589],[129.2132444831233,35.847491598145574],[129.21339677574161,35.84749476343368],[129.2133992078877,35.84757679088715],[129.2133886135797,35.84763477794643],[129.21332465047024,35.84765031110603],[129.21322906134466,35.84764497294807],[129.21307625455037,35.84765254223644],[129.21306604866302,35.84772766133834],[129.21300456996008,35.84776590144351],[129.21289328731334,35.847770152900644],[129.21289822301082,35.84779466721916],[129.21301069053115,35.84777805753934],[129.21306876977997,35.84775190917433],[129.21308658457048,35.84774916504368],[129.21308825377074,35.84783579922942],[129.2131020416078,35.84789644707194],[129.21310848775548,35.8479894717145],[129.21313035624297,35.848008368453186],[129.21314994706552,35.84804493369142],[129.2131500105302,35.84811047244807],[129.21313868401913,35.84818044738937],[129.21308281627222,35.84824329077404],[129.21307701404527,35.84843432984106],[129.21305947669515,35.84846239859308],[129.21280063825404,35.84848502479494],[129.21279005117887,35.848420766297174],[129.21274058087548,35.8482664241719],[129.21270046354854,35.84821186094636],[129.21265076917285,35.84818165728769],[129.21261623877987,35.84815088621604],[129.21259844017715,35.84811801286561],[129.21258027582707,35.8479972502957],[129.2125874651512,35.84795323866067],[129.21256034991734,35.847917677921636],[129.2125480490225,35.84779139840772],[129.21248174026636,35.847761494232714],[129.21246116716662,35.84773006773074],[129.2124466006813,35.84766779892981],[129.21246047840884,35.84755779507055],[129.2125524449784,35.847574667186215],[129.21257549949345,35.84762349244508],[129.21262816530805,35.84764729204465],[129.21263076870028,35.84762718059068],[129.21260128253974,35.84761587665275],[129.2125825025314,35.84759273851727],[129.21258065256148,35.84756299151618],[129.2124502282022,35.847536985186935],[129.21243839039764,35.84741828435019],[129.2124641479718,35.847359279374984],[129.2124859084149,35.84733751203709],[129.21252418105468,35.84732275445708],[129.21253678988793,35.847398184935884],[129.2125676808336,35.84743418967614],[129.2125707999745,35.84739983757185],[129.21255860384125,35.847396614496546],[129.21254300176642,35.847277731017115],[129.2130902558697,35.84725603983036],[129.21309007177055,35.8473117463977],[129.21306465130965,35.847372463287684],[129.21320529691792,35.84737086369001],[129.21321362806142,35.84738176314445]],[[129.21312038789978,35.84825621161365],[129.21316168440478,35.84817121412944],[129.21317887111954,35.848052903860335],[129.21313815507753,35.847943897346745],[129.21312522290708,35.84782618087708],[129.21310048917687,35.84772877231635],[129.21310598327722,35.847671785639676],[129.2132235819362,35.847665810482255],[129.2133421070882,35.84767939069319],[129.21337955987224,35.847768395155406],[129.21335133793292,35.84777881830081],[129.21338262308245,35.84813341385919],[129.2133457542661,35.84813501099239],[129.2133602520555,35.84842500752992],[129.21332897641918,35.848448585284004],[129.21310131893117,35.84845358279295],[129.21310390743224,35.84838623687065],[129.21312038789978,35.84825621161365]],[[129.21306577939728,35.84498828592436],[129.21317009909393,35.84499784471557],[129.2132289975649,35.84503914437329],[129.213260298301,35.845071299891096],[129.21330331714296,35.84513932252106],[129.21312242385412,35.84524364549319],[129.21310201239834,35.84522708041481],[129.21308213305178,35.84524831282086],[129.2130454229186,35.84527164773108],[129.21301013880586,35.845331787169236],[129.21293703581065,35.84541463254953],[129.21280346638832,35.845353438311264],[129.2127416000307,35.845319993552145],[129.21268929328187,35.84516385380887],[129.2126596223916,35.845028240787705],[129.21265358011868,35.84495365493996],[129.21294333001072,35.84495017129508],[129.21294997336273,35.84499255440654],[129.21306577939728,35.84498828592436]],[[129.21118879221234,35.84698565461851],[129.21125911492834,35.84698914588742],[129.2112596144245,35.84687197353226],[129.21132626962054,35.84686996452833],[129.2113298166918,35.84677515586887],[129.21127301146825,35.84677642667895],[129.21127192553323,35.84683063874979],[129.21094094380382,35.84682909819009],[129.2107083556719,35.84683481174178],[129.21064230209853,35.846876231009375],[129.21057856961733,35.84692899293644],[129.21032781084963,35.84697069723494],[129.21032196189321,35.84691840787484],[129.21014191400576,35.84690478732562],[129.21016882809369,35.84641200927907],[129.2101835392196,35.846010576036804],[129.21076093018826,35.84599424160887],[129.21082883666466,35.84600109900175],[129.21089747959437,35.84599755464876],[129.2109017363109,35.84597039257037],[129.21104101353492,35.845958694882185],[129.21104230432925,35.84599071404095],[129.2112208227659,35.8460001451037],[129.21153683893735,35.84599888113432],[129.21158488756953,35.84604371543082],[129.21158490569744,35.84609675395565],[129.2116306669035,35.84610948069871],[129.21174685008597,35.84612164261144],[129.21178541864063,35.846135283130586],[129.21207326425306,35.846117466024324],[129.21230613991074,35.8461208429407],[129.21226856882606,35.84629175878668],[129.2122963856965,35.84629991136355],[129.21235393002982,35.84610128307793],[129.21246281706956,35.84611705308852],[129.21255811270967,35.84614602314737],[129.2127182933317,35.84617352721595],[129.21284913687398,35.84620396667563],[129.2128392439799,35.846372031121625],[129.2126378019466,35.84640936353933],[129.21246507808996,35.846506812639305],[129.21234774770193,35.84652569247963],[129.2122437046183,35.84650007222309],[129.21214855373066,35.84648409768578],[129.2120866434438,35.846480321818206],[129.21201159625627,35.84649425145644],[129.21184564529597,35.84650761921693],[129.2117493995691,35.846500397416],[129.21174659783654,35.84653350522456],[129.2120755309922,35.846510109574965],[129.21222282609665,35.846520404985974],[129.21233374129133,35.84654943795179],[129.21241555624889,35.84654550911856],[129.21247598799283,35.846530162891604],[129.21263977318614,35.846443102868896],[129.21267609701923,35.846536850128786],[129.21269300998998,35.84652806926754],[129.2126733008034,35.84643411256417],[129.21277822650845,35.84641687646809],[129.21278465257538,35.84646079208491],[129.21278193855647,35.84653097718001],[129.212790870165,35.84665562234648],[129.21279948429705,35.84668979160296],[129.21287801645948,35.846746035662704],[129.2129263145298,35.8468885554377],[129.21298119388632,35.847008252975755],[129.212994286331,35.84711142302514],[129.2130204704128,35.847134016327075],[129.2130288890195,35.847132018757485],[129.21305144488232,35.84719725656335],[129.21250198613762,35.847213940496],[129.21231918048863,35.84722525662087],[129.21216515948922,35.8472296725065],[129.21204112999757,35.84722727627386],[129.21188690213268,35.84723719880106],[129.21172257443357,35.8472412716657],[129.21158480279675,35.84723704242971],[129.21122757192913,35.84725172598659],[129.21123014148944,35.84721863662401],[129.2111993534395,35.84721724836029],[129.21119402456014,35.84725340678686],[129.21061384522665,35.8472736235331],[129.21060393096502,35.84715289134644],[129.21061565387944,35.847039160262625],[129.2106163463359,35.84692344759851],[129.21065886014242,35.8468923615964],[129.21073809940762,35.84686852978028],[129.21073907237343,35.84685545095142],[129.2109998115727,35.84686285552024],[129.21107721377268,35.84686028716612],[129.21120404100634,35.84687864965814],[129.21118879221234,35.84698565461851]],[[129.21278388536876,35.8460046438466],[129.21285664659996,35.84600966201945],[129.21285766241016,35.84615469837468],[129.21270980463876,35.84614070960484],[129.21261575279618,35.84612580599138],[129.21247003619763,35.84608015225607],[129.2124881535701,35.84601625787787],[129.21251433170718,35.84596564327985],[129.212650379748,35.84601795566199],[129.21271770097883,35.84601693609165],[129.21278388536876,35.8460046438466]],[[129.21262655046175,35.84587295037561],[129.21274370247014,35.84582476192909],[129.21278555072962,35.84591470519141],[129.21279710878426,35.84597791655992],[129.21271820038575,35.845996548941386],[129.2126694933891,35.84600005929992],[129.21263598531735,35.84597459478627],[129.21259087717846,35.84595771251652],[129.21259518976584,35.84591008289553],[129.21262655046175,35.84587295037561]],[[129.2115618738816,35.84822609585501],[129.2116127635383,35.84820599913555],[129.21161647200825,35.848147303277976],[129.21164042420122,35.848079199021335],[129.21166531188638,35.848030028376975],[129.21173552185812,35.84802819317713],[129.21175442955047,35.84805782021712],[129.211780266685,35.84815027024821],[129.21178426802726,35.84819416311242],[129.21181338102733,35.848189876285055],[129.2117974486484,35.848117425679995],[129.21177164981236,35.84803948570358],[129.21174625489837,35.847984544903845],[129.21172562081378,35.84797186437525],[129.21172159210062,35.847959524304244],[129.21171956627137,35.847946910354],[129.21174309083744,35.84792234619201],[129.21180128734662,35.847902678218986],[129.2118834645192,35.8479054273723],[129.21193065724853,35.84807410372002],[129.21193509454866,35.84811538219229],[129.21196712680157,35.848243970451946],[129.21199610165613,35.84831306356134],[129.2120262254874,35.84831427253386],[129.21200814219955,35.84826156309261],[129.2119980392958,35.84825040529762],[129.21198517240992,35.848165151604206],[129.21190772369528,35.84790754789292],[129.21190546059105,35.84789312284947],[129.21195572363766,35.84788735695036],[129.21200059831074,35.84789511921444],[129.2120139867828,35.847930623018115],[129.21204563816715,35.84796536480764],[129.21207904236672,35.848030845140386],[129.21210803984206,35.84806243719027],[129.21218071984734,35.84807790139286],[129.21228112922793,35.8480640262992],[129.21229924222877,35.848127911143415],[129.2123040872138,35.84819767738491],[129.21233084717556,35.84818266969072],[129.2122987566126,35.848032262377295],[129.21255773125924,35.84801558526484],[129.2125668653373,35.84811644608542],[129.2125885534234,35.84815084473181],[129.21264153872627,35.84821151388106],[129.2126839874341,35.84822271391288],[129.21275060485112,35.848368815533654],[129.21276413240457,35.84841486362516],[129.2127648695352,35.84848409631696],[129.21258941317475,35.848508648300665],[129.21243615265323,35.848508556953114],[129.2123261002938,35.84851379710094],[129.212000164495,35.848539333164375],[129.21185439438315,35.84856716668717],[129.21171972093975,35.84855911088845],[129.2116938804106,35.84846539910734],[129.21175472762283,35.848443293147156],[129.21181471471706,35.848430841044255],[129.21181642383922,35.84841154230006],[129.21175653222946,35.84841822623976],[129.21169767913108,35.84843672371419],[129.21163793321534,35.84837696722361],[129.21154948684037,35.848268043640175],[129.2115618738816,35.84822609585501]],[[129.21226292858935,35.844992670951946],[129.21231794704556,35.84499014106048],[129.212453864955,35.84496879524181],[129.21254000871912,35.844965759975615],[129.21262178926688,35.84494946591323],[129.212651301503,35.84511295488775],[129.21271673532473,35.84538561221108],[129.2126982549066,35.845391782207095],[129.21270493115756,35.845818151822606],[129.21264415005695,35.84582258464299],[129.21248754512897,35.845945357617],[129.21242448573773,35.846063450950766],[129.21236558910684,35.84606897083471],[129.21191773510455,35.84608652820018],[129.2118362694713,35.84610100971883],[129.21176995391252,35.84610563203523],[129.2117145617624,35.846096887694316],[129.21171783076258,35.84593045716789],[129.2117336582125,35.845929798601716],[129.2117212555804,35.845785322900305],[129.21172659523984,35.84509490199076],[129.21201841058456,35.845072752073136],[129.21217974620012,35.8450732804311],[129.21225441425173,35.84504626520116],[129.21226292858935,35.844992670951946]],[[129.2106445987627,35.842944856957935],[129.2107933193057,35.84295258309328],[129.21077703381957,35.84293877726414],[129.21073157792543,35.84291511748733],[129.2106123136903,35.84293336812892],[129.21045972658246,35.84296648414844],[129.21042367015332,35.842956191477626],[129.21040092394122,35.84288461766749],[129.21010231356567,35.84285365575108],[129.21010933969094,35.842603258159365],[129.2101213737571,35.84247728751558],[129.2101197139957,35.842447918644346],[129.21013944857404,35.84235024290394],[129.21016367670305,35.84213410800144],[129.2103651219671,35.8421227898038],[129.21048548457685,35.84212283288206],[129.21053108555262,35.84211761643719],[129.21053677562332,35.84217693585984],[129.2105720335815,35.84220786852443],[129.2106047848623,35.84227901032499],[129.21059115430285,35.84230670243369],[129.2105305168968,35.842343831300994],[129.21049297670527,35.842375422340204],[129.2104448258272,35.8423791471287],[129.21041160038533,35.84240151084731],[129.2103775011819,35.8424410268719],[129.21039409458075,35.84245412924591],[129.21044436036274,35.84241691033289],[129.21052670015126,35.84238256467342],[129.21062706186913,35.842302557282174],[129.21062245151276,35.842262432621624],[129.21059061037664,35.8422048981246],[129.21055602950142,35.84215781387847],[129.21054466245513,35.8421158804427],[129.21079872632453,35.84210360476732],[129.21082003449544,35.84235240291184],[129.21082908743608,35.842351873428804],[129.21084299096105,35.84223432614468],[129.21081720445227,35.84210522186931],[129.21167863855973,35.842072543961734],[129.21169077699562,35.84214651539526],[129.2116924267021,35.84218863695725],[129.21159477444158,35.842183328130176],[129.21159522859708,35.84227998644982],[129.2114570365242,35.842285166840234],[129.2114376038048,35.84231615874641],[129.21159240767116,35.84230998499747],[129.21159687949125,35.84329626955652],[129.2114069899298,35.84329171664219],[129.21119114082612,35.84329872671094],[129.21101074575765,35.8433099735448],[129.210975485285,35.843080495569005],[129.21095006094433,35.84306406503137],[129.21092321799546,35.84306800521887],[129.2109603914502,35.843090525759806],[129.21098192406646,35.8433107267693],[129.21060886646748,35.843353221606755],[129.21043722098875,35.84336226231495],[129.21043914197054,35.84333080533822],[129.21043460039758,35.84332533363312],[129.21041810688186,35.84332506489797],[129.21041540033602,35.843365094130796],[129.21024574652844,35.84336964287615],[129.21014220479816,35.84337723999539],[129.21007709796964,35.84337342357441],[129.210076241907,35.843253621852504],[129.21008531858132,35.84316488701185],[129.21009316188005,35.84288836076633],[129.21037077945576,35.842904290290825],[129.21041026322936,35.84299747402983],[129.21051632566665,35.84298892598254],[129.2106445987627,35.842944856957935]],[[129.21008965187443,35.84094755984686],[129.21006265245765,35.84066316297141],[129.21005730570317,35.840536086882864],[129.2100242464703,35.84013961193233],[129.20999888309927,35.83996840927169],[129.20997291360234,35.83969665509139],[129.2103408490923,35.83975444430361],[129.21066492725632,35.83983584940759],[129.21074158400347,35.839851262529464],[129.21116294233445,35.839961372934496],[129.21122176693774,35.83997222048202],[129.21159541487995,35.84007157057711],[129.2115987667375,35.84048636538442],[129.21159117443807,35.841074273500354],[129.21159200054348,35.84180305032611],[129.21152422801208,35.84179948268437],[129.21150286524184,35.841820474095734],[129.2115918123153,35.841824013742716],[129.211589632218,35.8419920737399],[129.21085507282916,35.84202170911372],[129.21084345073865,35.84198807666712],[129.21083371752033,35.841990869475154],[129.2108373359634,35.842024164378465],[129.21016893455902,35.842058105426915],[129.21022574510604,35.84141377482238],[129.21011498259404,35.84141043426388],[129.21010514381734,35.84105586328682],[129.21008965187443,35.84094755984686]],[[129.21076141553334,35.843903701073806],[129.21077099781067,35.84386864377643],[129.21073543155032,35.84387235577641],[129.21065239547622,35.84385285308247],[129.21054812104268,35.84383876774608],[129.21050022555957,35.84394016961461],[129.2104597546535,35.844091190401066],[129.21042624616842,35.8441620598969],[129.2102987021872,35.844147248739844],[129.21016310091008,35.844120131348866],[129.21007452199336,35.84411019113421],[129.2100783279622,35.843458481445055],[129.210074960845,35.8434069357713],[129.21032390684942,35.843399987355944],[129.21032527768355,35.84347955636421],[129.2103410742403,35.84347996151085],[129.2103508642687,35.843397435028876],[129.21056723185728,35.84338962345386],[129.21056248469625,35.84340282601782],[129.2105918897902,35.84340081914088],[129.21059829542043,35.84338268385042],[129.21066945226124,35.84338046910558],[129.21068003877252,35.843394843644404],[129.21071717200778,35.84339358934582],[129.21070735635604,35.843373490528634],[129.2109271101714,35.843352748480704],[129.21092158266913,35.84358698405543],[129.21095658803833,35.84359312364361],[129.21095248207942,35.843441819888696],[129.21096562195797,35.84334115436159],[129.21114149474903,35.843335962874995],[129.21114660482368,35.84336816464586],[129.2111789559887,35.84336681941033],[129.21117709694647,35.84333338626756],[129.21130542668203,35.84333176533116],[129.21138588999003,35.843337005277604],[129.21139475174323,35.8435243326983],[129.2113776013131,35.84357723900897],[129.21129586311923,35.84360917785739],[129.21131539382716,35.843623653885516],[129.21139472882305,35.8435912505716],[129.21140309345057,35.8435688939659],[129.21143812657618,35.84351835373511],[129.21142040704447,35.84345609928458],[129.21141326236832,35.843332325036634],[129.2115970555152,35.843329435260294],[129.21159863603734,35.844180501130076],[129.2111375003891,35.844160938278414],[129.21097533124404,35.844183689263836],[129.2108416678061,35.84416960133881],[129.21064755506788,35.84417624811338],[129.21047386114677,35.844168835612145],[129.21048427111052,35.844107451380765],[129.2105303805666,35.84394967942616],[129.21055994283262,35.84387251702556],[129.21066519677012,35.84388021979489],[129.21076141553334,35.843903701073806]],[[129.2114712695777,35.844291920007336],[129.2115891822111,35.84429351640645],[129.21158888084503,35.844447856022256],[129.2114697521407,35.84445112849904],[129.21146968045738,35.84446592715167],[129.21158770750233,35.844464639351386],[129.21158591682007,35.84459570227606],[129.21154281000173,35.844627979302366],[129.21091703408527,35.84463989555995],[129.21069750303943,35.84463301388634],[129.21026007175723,35.844654386245494],[129.21012621131462,35.844654086996236],[129.21009408845322,35.844349709473],[129.21013384537514,35.8443441698611],[129.21013073889475,35.84432454602576],[129.2100912544144,35.844328444888355],[129.21006914824267,35.84415046832151],[129.2101914825435,35.8441583221064],[129.21027137337612,35.84418135447048],[129.21057521092,35.84423244979882],[129.2112519066273,35.84423502867864],[129.21159013997297,35.8442285706446],[129.21159021787398,35.84426230430237],[129.21147265434624,35.84427135105869],[129.2114712695777,35.844291920007336]],[[129.21148457115456,35.844912037959],[129.21149486169202,35.844818208854356],[129.21149281042733,35.844699328538915],[129.21155072226813,35.844698506317485],[129.21158844203697,35.84473055191503],[129.21158787197552,35.84491311914166],[129.21148457115456,35.844912037959]],[[129.21149547142863,35.84521744353955],[129.211587479672,35.84521764320674],[129.21158721022195,35.84543024855531],[129.2114895453504,35.84543005877398],[129.21148454650884,35.84532678425935],[129.21149547142863,35.84521744353955]],[[129.21149076362653,35.84519517286634],[129.21149080232342,35.844928528958356],[129.21158647914456,35.844930623853216],[129.21158654644444,35.845195365937684],[129.21149076362653,35.84519517286634]],[[129.21130854156868,35.844825392841955],[129.211311233649,35.8448430616556],[129.2113856215476,35.844835721742875],[129.21147035936383,35.84484946196344],[129.21146661803954,35.845097249181514],[129.21146996135286,35.84519818334375],[129.21146259839009,35.8453192431003],[129.2114671069813,35.84544650974757],[129.21158614230478,35.84544503993485],[129.21158484683335,35.84583941115834],[129.21152150450501,35.84588425993595],[129.21107619135148,35.84589955659849],[129.2110550784813,35.845582623811204],[129.21101599172695,35.8455822413466],[129.21096535565889,35.844708991293665],[129.21147077951198,35.84469810528823],[129.21147095896504,35.844820774125466],[129.21130854156868,35.844825392841955]],[[129.211194677081,35.84822862987209],[129.21131400232488,35.84825159269301],[129.2114084760593,35.8482955078028],[129.21133647940198,35.84840498216684],[129.21131061177087,35.848460472210945],[129.21124982237882,35.84846255208066],[129.21120007300956,35.848453356045766],[129.211194677081,35.84822862987209]],[[129.21019435598697,35.845639548691956],[129.21019726860416,35.84528941701515],[129.21018498942288,35.84521208405012],[129.2101346945319,35.84473599590397],[129.21085397315133,35.844715782557444],[129.21089477793504,35.84590464048922],[129.21018084354432,35.84592385343685],[129.21019435598697,35.845639548691956]],[[129.21011780824384,35.84729498020556],[129.21013490501906,35.84711532243239],[129.21014184158838,35.846932077295115],[129.21029651711106,35.84694104642524],[129.21030815490687,35.847010034897615],[129.21039267709565,35.84699139433977],[129.21058312140326,35.84695935713375],[129.21059164426026,35.84701392198944],[129.21056497424414,35.84716016913308],[129.21057447109527,35.84728215478633],[129.21011780824384,35.84729498020556]]],[[[129.21756258294684,35.8453741304619],[129.21757199359257,35.845750196096134],[129.21810365580083,35.84571429741992],[129.21809944178753,35.84520263842703],[129.2181121628933,35.84501225348643],[129.2181508625139,35.84464248196834],[129.218148733268,35.84439683209175],[129.21787573869662,35.84441046421336],[129.21774798155477,35.84443602833852],[129.21757332139418,35.844427870789346],[129.2174301763702,35.84444058338327],[129.21743094721086,35.84471677907791],[129.21756180913252,35.84471749015733],[129.21756258294684,35.8453741304619]]]]},"properties":{"reg":"역사문화환경보호지구","key":"reg_boho","note":"국토계획법 용도지구","parcels":831,"area_ha":58.6,"parts":5,"source":"V-World 토지이용계획 속성(getLandUseAttr) 포함·저촉 필지 합집합(접함 제외) — 지정 필지 외곽, 법정 경계선 아님"}},{"type":"Feature","geometry":{"type":"MultiPolygon","coordinates":[[[[129.2092553314522,35.83824906475858],[129.20918797433882,35.83840790953665],[129.20914755680036,35.8384901194084],[129.20903116780008,35.83867496878947],[129.20908285838587,35.83869673484634],[129.20926235804703,35.838354498990434],[129.20929875458108,35.83825415384678],[129.20932321883865,35.83815783088228],[129.20932724973434,35.838031315288156],[129.2093211504312,35.83791647940114],[129.2094574770727,35.83789065703861],[129.20955285888576,35.837884759981065],[129.20967695607612,35.83788900625625],[129.2097528326494,35.83872888587603],[129.20982129304704,35.839301340982864],[129.20983000460024,35.839478063671386],[129.20946657737184,35.83938834930972],[129.20885045585976,35.83922401644219],[129.2088227341777,35.839289639294286],[129.21362920486987,35.84054116318962],[129.21365439010395,35.84044711827906],[129.21369121183542,35.84035853241893],[129.21371775877876,35.84033112356699],[129.21374757864834,35.84025675376499],[129.2138008610429,35.84035164245553],[129.21385629152903,35.84036463735723],[129.21385435095775,35.840374845272464],[129.21397055709534,35.840419377944905],[129.2145361538358,35.84067282666177],[129.21505105988123,35.84081486006903],[129.2151614305672,35.840853931363604],[129.21520131527004,35.8408596735061],[129.21518446997317,35.840798220144926],[129.21519207024897,35.84069360748068],[129.21517997615007,35.84031540111742],[129.215189502181,35.840198356773136],[129.215181181582,35.84015406608375],[129.21513265640917,35.839996983245705],[129.2150815188521,35.83995948297847],[129.2150541638691,35.839945363933595],[129.2150124162206,35.83990512517155],[129.21499046176396,35.83982456532171],[129.21493259915795,35.83972261046834],[129.21482477738863,35.83946913587113],[129.21480307148084,35.83940687994412],[129.21477332657798,35.83935523311282],[129.2147763245431,35.83935401087467],[129.21473765616443,35.83932389170069],[129.214621553454,35.83926793171538],[129.21449362682762,35.83916530777957],[129.21446115979722,35.83912264602983],[129.21447351313748,35.83910393104516],[129.21450436752474,35.83915864652247],[129.2146391665108,35.83926084368244],[129.21476054824666,35.83932070571083],[129.21476935917826,35.83932914380692],[129.21481948278515,35.839405679185944],[129.21484478140454,35.8394786355915],[129.2149454768856,35.83971210604831],[129.2149637534639,35.839750214516826],[129.21500639297696,35.83980939600385],[129.21503659815536,35.839899954085745],[129.21511113262508,35.83993261812993],[129.21511740419012,35.839964042607704],[129.2151516027302,35.839995859047924],[129.21520386640412,35.840143679384845],[129.21524957548095,35.840039025964536],[129.21528089286352,35.840003569124555],[129.2153346995735,35.839955031160606],[129.21541385894812,35.83986743289807],[129.2154981385251,35.839712285730705],[129.21553539045013,35.83963227844002],[129.21568590380033,35.83924266089063],[129.21570274273125,35.839042363920406],[129.2157151096018,35.83897778527433],[129.21567876685484,35.8389758492775],[129.21561473150763,35.83900293783163],[129.2152939808961,35.838957761419955],[129.21517628730751,35.83892761662339],[129.21507169891177,35.83891816817902],[129.21482646766006,35.838984286938896],[129.21474439794022,35.839014146846466],[129.21450284695297,35.83902873390086],[129.21452544860912,35.838970770440206],[129.21463936858228,35.83899711027605],[129.21474332313838,35.83899716918671],[129.21483259574148,35.838962195412655],[129.21506541680392,35.838899289124754],[129.21519077418023,35.8389146218621],[129.21546622829237,35.83897052298476],[129.21559038848883,35.83898511841077],[129.21565994908758,35.838958822136014],[129.2157248060637,35.83895329001437],[129.21574941724126,35.838877369823834],[129.21575974213067,35.83880257462674],[129.21578067961804,35.83877232736253],[129.21581445271818,35.83870368193899],[129.21584506055527,35.83862282118842],[129.21596513120826,35.838528705621506],[129.2160773289575,35.83842934969879],[129.21617133910536,35.83828813601632],[129.21625882546604,35.838137137318085],[129.21632866443485,35.83785001832241],[129.21634708507983,35.83788307911419],[129.21633155416376,35.83797258308367],[129.21629455383092,35.83809606654031],[129.21628236116683,35.83816345684627],[129.21627307095753,35.83814968431024],[129.21614436798095,35.83835884227202],[129.21607461168423,35.838453395362855],[129.21587303442405,35.83862436650223],[129.2158485526461,35.83865780152112],[129.21583717237047,35.83870642628286],[129.21579544991658,35.83878656782578],[129.21577427661884,35.83881144405752],[129.21577070465094,35.83888256813615],[129.21605103095865,35.83888570901559],[129.21605135878002,35.83890057907012],[129.21584345151751,35.8389051679476],[129.21577693766162,35.83892428493878],[129.21575139173487,35.83896952822057],[129.21572582567853,35.83906492614425],[129.21570074484669,35.83923751350353],[129.21565107442393,35.83937965901842],[129.21559406905115,35.83952276206274],[129.21556712673032,35.83962101034896],[129.2155083280443,35.83974354999908],[129.2154518082081,35.83984507740563],[129.21542151994953,35.83988863470312],[129.21535726787397,35.83995899255187],[129.215300629818,35.839995972516334],[129.21526051787347,35.84005801387803],[129.21524355574445,35.84010973979238],[129.21521356326082,35.84016873493471],[129.21519420890002,35.840314862094935],[129.21520572381928,35.84058028698009],[129.2152066992751,35.84080776090774],[129.21522607576685,35.84086376621003],[129.21526663508365,35.84086929083067],[129.21526850577357,35.840910573793366],[129.21534253922343,35.84092113991331],[129.2155299678111,35.840930449606475],[129.21573521916096,35.84092409954809],[129.2157368290424,35.840905350665444],[129.21596142071184,35.840900281564316],[129.21627897804294,35.84085415617676],[129.2164603770797,35.84083993453037],[129.21660577877668,35.840882357565945],[129.21671244671708,35.840882085461956],[129.2168942420258,35.84084249224703],[129.21701785927766,35.84083524084759],[129.21715065616016,35.840874351202544],[129.21709040873458,35.84113994969861],[129.21711874025425,35.84115061473413],[129.21714237426397,35.84101244666485],[129.21718532197013,35.840902516153875],[129.2173002544682,35.84091311580072],[129.21755076441443,35.84092273262807],[129.21782065068038,35.84097535778025],[129.2178236826377,35.84099542317192],[129.21779288424852,35.84106276597736],[129.21775251669095,35.84112390736687],[129.21774151271782,35.841204841441666],[129.2177407614132,35.841303214287],[129.21776937679675,35.84130422626494],[129.21776104304544,35.84119042233624],[129.21777121144584,35.84113604060404],[129.2178485534199,35.841007455153914],[129.21801465013877,35.840983074580244],[129.2182663576154,35.84093640466111],[129.21849580529974,35.84086926195118],[129.2186269466017,35.84083671523151],[129.21868387002132,35.84082761788278],[129.21869022996793,35.84080159629663],[129.2187175276362,35.84076187390526],[129.2187168873124,35.840750303005464],[129.21873643039115,35.8407447249859],[129.21874757593824,35.84072421941097],[129.2188048011591,35.84068783159186],[129.21876594004598,35.8406881451986],[129.21872457800998,35.84071303140447],[129.2186619096374,35.84076664290811],[129.21858639462025,35.84080958875587],[129.21844643152522,35.84084209728351],[129.21829337654424,35.84088364177374],[129.21807548459492,35.840930521183516],[129.2179964117114,35.84095150058412],[129.21788492016273,35.84096081304449],[129.21781411047948,35.84095956161888],[129.21766587837215,35.84092675246977],[129.2175469588533,35.840907165860436],[129.2174014550328,35.84089669348093],[129.21730278946217,35.84089687071286],[129.21720815136993,35.840884224850996],[129.2172214195173,35.84085035006092],[129.2174121747031,35.84084143657265],[129.2174396204754,35.84069685369802],[129.21739851008286,35.84067588336523],[129.21731943549446,35.840659433386605],[129.21726313327886,35.840664960021556],[129.21721069758146,35.84068407054857],[129.21722586788712,35.84058828543743],[129.21724917147793,35.84053668305154],[129.21725029172364,35.84045579379575],[129.2172627414663,35.84041402551251],[129.2172538931137,35.84021616280417],[129.2172584033243,35.84005054989184],[129.21727066324092,35.83991522138657],[129.2172821881296,35.839915665595775],[129.21727644227167,35.84011491186405],[129.21803995871696,35.838676088491866],[129.2181138976529,35.838880503133076],[129.21819382758304,35.83905331807625],[129.21760926325115,35.84015187790365],[129.21760922555873,35.84017470665114],[129.21759574433676,35.840174812007746],[129.21757117625418,35.840221225533334],[129.2175936328265,35.840220653414164],[129.2175654485715,35.840345815711125],[129.2175472273372,35.8404674001468],[129.2175461390531,35.84053955622877],[129.21766201347924,35.840738389039124],[129.21763415365356,35.84073836705192],[129.21765639129143,35.840840628006305],[129.21803433032818,35.840824283832724],[129.21829782941373,35.8407912916073],[129.2183072475513,35.84065660074075],[129.21832122670196,35.84057479575684],[129.21850866699344,35.840548213267866],[129.21851054472572,35.84048988093772],[129.21847512060103,35.840484131839055],[129.21849460522762,35.840359579869435],[129.21858485499578,35.83996427252397],[129.21861774422814,35.840035015358],[129.21893988510953,35.839938431658666],[129.2193715691226,35.83982522774833],[129.21948795139514,35.839945441799365],[129.21955336796424,35.8399824095784],[129.21966687990985,35.84001625279768],[129.2196678390841,35.840067415056176],[129.21959398107515,35.840205764924754],[129.21955749949868,35.84037980855102],[129.2196067546774,35.840319146107284],[129.2196340983298,35.840203466019055],[129.219688438086,35.840059491712786],[129.2198141130194,35.84006854633937],[129.22015337380938,35.84017296125515],[129.2203226931679,35.84019844683817],[129.2203210625206,35.840293865210306],[129.22078891539883,35.840280052364946],[129.22078982213046,35.84029581358328],[129.22084046753426,35.84031029437296],[129.22068643493546,35.840357755899106],[129.22056775351493,35.84040056542098],[129.22069026731765,35.84040297366323],[129.22084991763032,35.84034959868667],[129.22090700619276,35.840324322535736],[129.2211144930057,35.84028242290055],[129.22118219317574,35.840260065301734],[129.2213019864802,35.84034765508734],[129.22145665171126,35.84044929451008],[129.2216738640922,35.84056623954289],[129.22195927793123,35.84072970780209],[129.2218947051496,35.84088234487379],[129.221842765729,35.84105252411426],[129.22188887697854,35.84105620678003],[129.22189012811785,35.84109235364145],[129.22206068049567,35.84109053563008],[129.22208944750017,35.84111033737312],[129.22211228238172,35.841534090437605],[129.22208177669123,35.84156199507644],[129.22190496847074,35.8415674566328],[129.221903735052,35.84159391163055],[129.21875300440647,35.84170418432716],[129.21874864200572,35.84178082553735],[129.21894262734696,35.84178667527217],[129.2209485331893,35.84171381273291],[129.22116512018036,35.84170332299567],[129.2212228588637,35.8416887073025],[129.2213875292528,35.84167677995788],[129.2218041242098,35.84166466116118],[129.2218615822886,35.841668701558504],[129.22186249745153,35.84167942475962],[129.22208175044295,35.841672443358185],[129.22210148843823,35.84168529500452],[129.22216425870826,35.8428478827345],[129.22215564695358,35.84285582955026],[129.22197688933596,35.84285787004494],[129.22185827235856,35.84287304837934],[129.22184821787658,35.84287964594349],[129.22180640492664,35.84288963636242],[129.22174100876705,35.84289732674307],[129.22165074421906,35.842918311029905],[129.22129224460872,35.842966913812],[129.2209757174815,35.84298317411346],[129.22053347596224,35.84296974129333],[129.22053196026584,35.842982091183856],[129.2208626415193,35.84300086484536],[129.2212501317951,35.8429886208383],[129.22144501324115,35.8429731232845],[129.2216452777696,35.84294292517489],[129.22168741112668,35.842928698348985],[129.2218409757331,35.84290255097827],[129.22202017122106,35.842898707381586],[129.22211018781894,35.84294811091172],[129.22216197938985,35.84298406582209],[129.22217707192848,35.84315788926071],[129.2222332700691,35.84314625003888],[129.22228278335078,35.84343843448896],[129.22226439908582,35.84371452116461],[129.22227411820674,35.84382652868888],[129.22225359833675,35.844011052268606],[129.222222459192,35.84411826809691],[129.22218386349095,35.84421098748525],[129.22218820531484,35.844259917384996],[129.2219891791658,35.84425875062637],[129.22198892984494,35.844248657084115],[129.22168682817934,35.844279583167314],[129.2213685069613,35.844289358795976],[129.22083816515985,35.84432241253356],[129.22059233251363,35.84432709689178],[129.22061096487556,35.84436038212971],[129.22063527895023,35.844366673578556],[129.22109105849967,35.84434934864404],[129.2212931436795,35.844335820919596],[129.22166491281314,35.84432017957269],[129.22181534659876,35.84432170634686],[129.22187120830478,35.844308175286955],[129.22202259487463,35.84429401830491],[129.22212243844248,35.8442940152784],[129.22213419153093,35.844620877054005],[129.22214404279953,35.84462076884012],[129.222154491176,35.84475629764055],[129.222156600427,35.8449183384972],[129.22216434934037,35.84491850451722],[129.22216497842842,35.8450656774649],[129.22229272280072,35.84506760580408],[129.22231009623013,35.84554487578124],[129.22223937216344,35.84558799534019],[129.22212607016078,35.84560523704909],[129.22205489457886,35.8456052775892],[129.22201479916214,35.845596428805585],[129.2218204416972,35.84560354470331],[129.2218059604113,35.84561060100314],[129.22127328894462,35.84564492268896],[129.22067767213298,35.845653400852854],[129.22064527493123,35.845706687755396],[129.2206734129506,35.84570660939677],[129.22071175872185,35.84569512962481],[129.22095560192457,35.84567394676639],[129.22136711999804,35.845671698402356],[129.22172314579464,35.84564480202726],[129.2218882357549,35.84562156253724],[129.22203347388378,35.8456326968734],[129.22214519124975,35.84562280334718],[129.22241861773017,35.845568108803],[129.2224575515106,35.84586847783186],[129.22248091899232,35.846175733971116],[129.2225152555772,35.846343041894364],[129.22260332283187,35.84626690452828],[129.22265644277005,35.846242211667466],[129.2229374862762,35.84607187159205],[129.2232188348697,35.845908172503954],[129.22334248720435,35.84584731720806],[129.22355232488806,35.84573074951374],[129.22378541456987,35.845581008499245],[129.2238421804956,35.84558983485854],[129.22390703080498,35.845552439153295],[129.2238428314453,35.84554941260297],[129.2247667208221,35.84499285408241],[129.22497869716167,35.844878650201395],[129.22512072387514,35.84481472168382],[129.22526068743238,35.84476117022564],[129.22526014216803,35.84473650403283],[129.22531957655985,35.844737889415946],[129.22533433754663,35.844732057871276],[129.22559367175472,35.84469848061284],[129.22604560955995,35.844653133207224],[129.2261341249821,35.84463964729282],[129.22612386996008,35.84462611166592],[129.22609008784735,35.84442232110599],[129.22607293550982,35.84427876603164],[129.22606248957345,35.844130737231296],[129.22579919808257,35.844153733201374],[129.22536863241197,35.84415790681732],[129.22526878369925,35.844183598172926],[129.22512710764195,35.844194559759636],[129.22487728969423,35.84424227695785],[129.22462766987348,35.84425018505971],[129.22449940414626,35.84425927344183],[129.22349088563482,35.84428337468508],[129.22332153872136,35.84427532382426],[129.2230906549068,35.84428983635754],[129.22289902203906,35.844292370495886],[129.22289151286407,35.84426293160829],[129.22272397714806,35.84426929656755],[129.22260683557832,35.844255665243],[129.22260754223893,35.844248310222284],[129.22273034289512,35.84424972772351],[129.2227351873103,35.844200510555886],[129.22272472063062,35.84413843370271],[129.22266202886985,35.84396433748114],[129.22266707701655,35.84386888581284],[129.2226658171629,35.84373406112642],[129.22263718752032,35.84354881680536],[129.22263176660604,35.84323086574695],[129.22260684462333,35.84302542657604],[129.22269496190293,35.842988583521695],[129.22276983924033,35.84296717616128],[129.22283335376977,35.8429555502236],[129.22283224368,35.84293846456528],[129.2226850690476,35.84297364097932],[129.2226353368374,35.84300176139134],[129.22255064502454,35.84299659984333],[129.22247852801786,35.84165882647463],[129.22283549644263,35.84164314565032],[129.2228338616995,35.84158462088885],[129.22341432538892,35.841583181383484],[129.22465905784432,35.84151441803413],[129.22548597214177,35.84147558578756],[129.2290953452586,35.84134031253665],[129.22912570657456,35.840495720366626],[129.22910808039026,35.84050560442065],[129.22910455428473,35.84081335205587],[129.22908689382308,35.841252970352805],[129.22906517110187,35.841309024197976],[129.22903606841115,35.84132733863874],[129.2287701692141,35.84133284376824],[129.2271488860188,35.84139021752876],[129.22641425170428,35.84140097680683],[129.22549218555235,35.84143758650407],[129.22469247589027,35.841479396467925],[129.2237378499381,35.841522190694434],[129.222877835458,35.84155587168473],[129.22287899629097,35.84154342327854],[129.22247501399514,35.84155718090755],[129.2224432953907,35.84073262211627],[129.2224177591764,35.84073630110519],[129.22238874496023,35.84059138829723],[129.2223701797764,35.84034672388711],[129.2223856453808,35.84009621989832],[129.22240823368753,35.84001544434621],[129.22241039937734,35.83994623333004],[129.22241055319336,35.83990989462206],[129.22237839058434,35.83971916799573],[129.22238508721668,35.83957152181466],[129.22237645986286,35.83939803790187],[129.22237681071957,35.83913333090647],[129.22238705747623,35.83899665541991],[129.22240412968182,35.83893449180943],[129.22242107364127,35.83869835097781],[129.22244326930942,35.83867570680048],[129.22252421953766,35.8386823533688],[129.22268276361658,35.838682710558054],[129.22286753860524,35.838694627330526],[129.22292219168583,35.83870170960859],[129.22321018845915,35.838705026944396],[129.2233726766368,35.838690820746336],[129.2235285951078,35.838690307454215],[129.22375652275713,35.83870511724913],[129.2237996721236,35.83869894497989],[129.22399254984225,35.83871896530243],[129.22430663115688,35.83872888294308],[129.2244436025683,35.83872113951106],[129.2246311943961,35.83870326318088],[129.22463175989043,35.83873128292855],[129.22458562865563,35.838731898230165],[129.224608082009,35.83888054489402],[129.2246169242464,35.839042095695135],[129.22463759783992,35.83912826193901],[129.22463924761664,35.83917984646561],[129.2246214409406,35.83928346928327],[129.22462082154988,35.83944962500639],[129.22460144952646,35.83955160143432],[129.22459502857163,35.839709269127475],[129.22461334132578,35.83985350732472],[129.22458497380262,35.839853893453686],[129.22464564163593,35.84000057650638],[129.22462820928862,35.84000078912633],[129.22464080598246,35.84016701942653],[129.2252382643431,35.84013538315305],[129.2254544440689,35.84011956005883],[129.2254671107011,35.84005018522229],[129.22574779334624,35.840060377628966],[129.22606573882035,35.84006485792163],[129.2260806112151,35.840027385199164],[129.22616777037447,35.84003014029633],[129.2263323794544,35.840045036523236],[129.22658355260208,35.84005101025885],[129.22669541893742,35.84005763215079],[129.2267037806824,35.8400280734883],[129.2261675984779,35.84001235894458],[129.22546937929556,35.840002775215],[129.22547542868034,35.83988284353996],[129.22546822330563,35.83971362013453],[129.22549874771985,35.839622185440554],[129.22551702106216,35.83949989673016],[129.22552541013405,35.83935002113438],[129.2255554165377,35.83914923864225],[129.22554496144133,35.83895405624693],[129.22557294014308,35.838823403837715],[129.22555431936038,35.8387236610882],[129.2258180513724,35.8387298112908],[129.22635263731092,35.83872029537861],[129.2266238110646,35.83873169319243],[129.22679310972214,35.83875413249152],[129.22685045310158,35.838769147957514],[129.2270812701535,35.83876431678661],[129.22726319301734,35.83876546220761],[129.2276037447335,35.83875387173097],[129.2279342428631,35.838780025587944],[129.22821840838813,35.83878651054332],[129.22830811393658,35.83876581978805],[129.22865497624255,35.838754854310174],[129.22890346529138,35.838775762002825],[129.2291522584436,35.838782969595165],[129.22914797542012,35.8387598786543],[129.22890964974957,35.83875928444959],[129.2287571996518,35.838741818212554],[129.22865576642883,35.83873696299039],[129.22829536889992,35.838748386616544],[129.22821516300365,35.83876234512278],[129.2280723228615,35.83876521012668],[129.22789255229972,35.8387580505335],[129.22784883253286,35.838742559279176],[129.22761817982402,35.83872725767403],[129.22734437120783,35.83873521690876],[129.22719801964527,35.83872929126567],[129.22683490535366,35.83873118038255],[129.22671315413828,35.83871186049405],[129.22664279124055,35.83869179531405],[129.22648311243407,35.83868548820586],[129.22631969005877,35.83869006598563],[129.22615911942313,35.83868541841672],[129.22598534228297,35.83869185365142],[129.2257245872046,35.83869336790494],[129.2256307428129,35.83869878825254],[129.22554075799923,35.838687302879705],[129.22554694116724,35.838579591886045],[129.2255442714716,35.83813008000084],[129.2255733503952,35.83798143655567],[129.22559053009454,35.837836456343325],[129.22555989676397,35.83764879191489],[129.22556074454513,35.83746221336825],[129.2255781428581,35.83727692879472],[129.2256028092381,35.83726350823353],[129.22568898498383,35.83725531735049],[129.22604391625447,35.83724272211075],[129.2262981188447,35.837282073135434],[129.22639149850906,35.83728907237605],[129.22651732415326,35.83728615110895],[129.22660035758548,35.83729402574831],[129.22700786649978,35.83729062106103],[129.22710861782525,35.83730159845249],[129.22719050511893,35.8372916571048],[129.22730645401612,35.83724829640605],[129.2274836409543,35.83723939243804],[129.22759513218028,35.837243905280545],[129.2277405169377,35.837272805152416],[129.22805018457993,35.8372776743256],[129.2281628881418,35.837276452399934],[129.22820709784557,35.83726989802344],[129.22839658625875,35.83727434406544],[129.2286020701013,35.83725616522098],[129.22883655703697,35.83725512702891],[129.22908763873912,35.83724372861708],[129.22908675904685,35.83720699529623],[129.22883370013295,35.837227509093196],[129.22860038280015,35.83723113165931],[129.22838627520642,35.837248704919936],[129.2282059375261,35.837243313310395],[129.2277374508476,35.83724934235063],[129.2276052506643,35.83722517627359],[129.22746104704817,35.83721853491484],[129.22730674367835,35.83722553026317],[129.22718559223668,35.83726479102866],[129.22711526639253,35.83727694576979],[129.22679466802725,35.83726194659523],[129.2267743763839,35.83722931428913],[129.2266029325114,35.83722994198269],[129.2264027525823,35.83723730148479],[129.22640119881046,35.837263251407634],[129.22629369574406,35.83726000977366],[129.22604874037103,35.83722644551679],[129.22595097094128,35.83722486171442],[129.22582006807886,35.837232775784024],[129.22558661004797,35.83723759142629],[129.2256065941315,35.83707447279455],[129.22560650169137,35.83681730099025],[129.2255801790348,35.83667464598578],[129.22558661928315,35.83657970520235],[129.22563251742957,35.836484880093565],[129.22573416672336,35.83640634470801],[129.22572462674688,35.8363829840553],[129.22557588000345,35.83640930766039],[129.2254879154532,35.836402928565775],[129.2252487522446,35.83642082232303],[129.22520824694868,35.83650887786483],[129.22517668178028,35.83660382934758],[129.2251268734219,35.836666189482195],[129.22511247400465,35.83673328738095],[129.22508400706803,35.83680040243885],[129.22494597231793,35.83679876655117],[129.22474682033308,35.83680530124443],[129.22454650915776,35.83680499726374],[129.22456192988076,35.837003703507655],[129.22457199754953,35.83725517891285],[129.2244372364376,35.837256870994146],[129.22426458837828,35.83725041375349],[129.22400803610415,35.83722536562984],[129.2238558350988,35.83724813356043],[129.2237513378396,35.837243153688476],[129.22320673705977,35.83730557992759],[129.22287114154818,35.837326296506454],[129.22262149221413,35.83734774627179],[129.22252762679727,35.83738100387739],[129.2223260480646,35.837431051423586],[129.22232218482097,35.83735900350453],[129.22232550834858,35.83719637566201],[129.22231508807988,35.837138606592916],[129.22231502023973,35.83695038043339],[129.22232303950204,35.83686466573231],[129.22231351372304,35.83674624081692],[129.22231331165216,35.83663737906602],[129.22232980867972,35.836511606194],[129.22231149533616,35.836341411527336],[129.22229062878299,35.8362044056128],[129.22228775344843,35.835965588338155],[129.22225843643707,35.8357226378245],[129.22225794205897,35.83567602601719],[129.22225217190544,35.83564270834485],[129.2222223052128,35.83564075341448],[129.22222904619886,35.8357009085679],[129.2221129184681,35.83573183645386],[129.2219640850955,35.83575484815864],[129.2217081645447,35.835708082808026],[129.22159778673768,35.835713088686],[129.2219697058146,35.8357821998353],[129.2222388402549,35.83572449434875],[129.22226299302022,35.83597707971744],[129.2222697718671,35.83621865666224],[129.2222941046914,35.83652015257217],[129.22216964121714,35.83652298580262],[129.22208211898598,35.83637647687327],[129.2220417958919,35.836263696209365],[129.22199406374634,35.8362492195795],[129.22192124664554,35.83624499110774],[129.2218960591611,35.83620217379751],[129.2218197000726,35.836161820599386],[129.22176646499184,35.83616254906277],[129.2217069023785,35.83614447097217],[129.22166871188207,35.83614634344984],[129.22166913631824,35.83608765319321],[129.22158885985263,35.8360675040642],[129.22144552390014,35.83604546953487],[129.22115314202605,35.83602580727065],[129.22112579292093,35.83604182742862],[129.22123586244857,35.83605328840732],[129.22123905722756,35.836152221924976],[129.22126642953233,35.83614862094091],[129.22127678573972,35.83605507916193],[129.22137339299712,35.83605319006614],[129.2216389535312,35.83609553134816],[129.22164827918584,35.83614592124487],[129.2216297081322,35.83615030830781],[129.22165906131065,35.83617064083787],[129.22168763739793,35.836174103361955],[129.22167885722624,35.836229005647404],[129.22164402171128,35.83623539625122],[129.2216563224734,35.836260951225626],[129.2216969893735,35.8362420135292],[129.2217139732953,35.83622401145873],[129.2217179240542,35.836179770810126],[129.22176537272094,35.83618382059322],[129.22181877182317,35.83620237860525],[129.22185073963203,35.836207610337105],[129.22189569392094,35.83626219779675],[129.22194855126025,35.83626092921824],[129.22200575036717,35.83626878232436],[129.22203220842113,35.836306757560564],[129.2220643737438,35.836383322903124],[129.22194683181377,35.83640753890126],[129.22194973749592,35.8364256577318],[129.22204167720864,35.83640876181613],[129.22204543519715,35.836426897105255],[129.22210635127578,35.83644201643822],[129.2221375356794,35.83649205072626],[129.22214822651685,35.83653968925783],[129.22229972953403,35.83654094311366],[129.22228498019774,35.836746239168434],[129.22229224839205,35.836852807769716],[129.22219715187,35.83685301850393],[129.22219550900888,35.83687127185569],[129.2222901975834,35.836871620648154],[129.2222842273895,35.83694589470589],[129.22229980743958,35.83720012702897],[129.22230104460897,35.83732704793821],[129.22212026034583,35.837328182087454],[129.22208119179993,35.83730094590058],[129.22206658067955,35.83725655005604],[129.22205631543426,35.83717075177267],[129.22202635729207,35.837143958483985],[129.22191493330257,35.837143586106315],[129.22186197477268,35.83712848813713],[129.22185872906567,35.837107485926715],[129.22182978518921,35.837079212677004],[129.2217936649486,35.837061416100696],[129.22173328322012,35.837067583182396],[129.2216952074017,35.837079071807686],[129.22169913397073,35.83710215466507],[129.22173165988576,35.83708893679522],[129.22177777460806,35.837082696729425],[129.22181099966912,35.837086168726266],[129.22182126179,35.83709088148036],[129.22182631671714,35.83711373695197],[129.22184431362723,35.837133792840476],[129.2218626202308,35.83714576393636],[129.22186150245275,35.83714980359075],[129.2219228507289,35.83716092967934],[129.22201190129672,35.83715559312493],[129.22202973397688,35.83718427425929],[129.22204137339543,35.83726270680189],[129.22183784554574,35.8372683254314],[129.22184076432487,35.83728317269672],[129.22188749450228,35.83728732288476],[129.22187792973335,35.83736267599909],[129.22183755901457,35.83740085492028],[129.22187806022566,35.837425862468606],[129.22190528502452,35.83736078727776],[129.22191854118165,35.8372915018225],[129.22204675422827,35.837283317550344],[129.2220548087641,35.8373061945439],[129.22208234553565,35.837345880158885],[129.22212529141603,35.83735037967605],[129.22229928290602,35.83735033950138],[129.2223070491485,35.837452878583804],[129.2222940049107,35.837554590700655],[129.22221732248144,35.8375578769338],[129.22209291720912,35.83755033658131],[129.22189384614518,35.837526872768215],[129.22182799744172,35.83755743777602],[129.22183794465002,35.837572326229164],[129.22190472333492,35.83754184963547],[129.2219423176402,35.83754427714314],[129.22200180804683,35.83758385909194],[129.22203504652714,35.837568107318056],[129.2220981272479,35.83757320977991],[129.22229885925762,35.83757290421401],[129.2223004281998,35.83765578938354],[129.22228689291705,35.837764045480405],[129.22221067358473,35.837762770528826],[129.2220997825041,35.83774731040421],[129.22197284181993,35.83772358811508],[129.22182055239153,35.837686916129854],[129.22170227990154,35.837671784608624],[129.22162454412708,35.837678452085164],[129.22141015850056,35.83763639567813],[129.22143404144606,35.83752330805764],[129.22142386796617,35.83747052237988],[129.22156715482686,35.83747385605696],[129.22156135549864,35.83744995648764],[129.22139932044615,35.837455101834294],[129.2214072208513,35.837578594815184],[129.22139379392675,35.83763430768418],[129.2211696624024,35.837610104437836],[129.2208250730006,35.83759695372062],[129.22056255153748,35.83756262625259],[129.2204259710733,35.83753482822033],[129.22026422022444,35.837482327503324],[129.22013836837945,35.837455735313505],[129.22008115125124,35.83742138457343],[129.21986567752052,35.837349261650935],[129.21977780775896,35.83731305580913],[129.21947404033605,35.83720725054799],[129.21919041139125,35.8370991278712],[129.21901231982372,35.8370363717876],[129.21884689467976,35.83699139224053],[129.2186914837442,35.83695763296806],[129.2184681830349,35.83692456387624],[129.2182616200707,35.83688430824488],[129.21805505734466,35.83685220858058],[129.21799484095467,35.83682558596904],[129.21785694521446,35.83663869851904],[129.2177956326097,35.836591430114645],[129.21774654865396,35.83657618816725],[129.21768725885903,35.83660133160246],[129.2175870190041,35.836672043811134],[129.21745974646242,35.83663501487475],[129.21755523605927,35.83647371753864],[129.21745170324644,35.836432031501964],[129.2172767362348,35.83635311679737],[129.2167947443783,35.836164222823356],[129.21663486554698,35.83611857236999],[129.2165999543987,35.836162679015096],[129.21656540091428,35.83623269598426],[129.2164896129704,35.83623074970375],[129.21647220852452,35.83607691020401],[129.21638923303868,35.83606506295275],[129.2163716150506,35.83605358547621],[129.21632164104304,35.83611441014737],[129.21624601353602,35.8361144551916],[129.21624159646228,35.83611821229023],[129.2162835500544,35.83619430206195],[129.21629204761118,35.83629595703246],[129.21621320108073,35.836366548747904],[129.21614278386505,35.83638620465843],[129.2159350531969,35.836264789427545],[129.215846495173,35.83613208495009],[129.21576364966145,35.836069775973364],[129.21565317735636,35.836035833491415],[129.21543308621443,35.83599303754004],[129.2153542988473,35.83601986382577],[129.2154044545789,35.83608832373675],[129.21529909424032,35.83614866975705],[129.21518424326462,35.83622771550074],[129.21523930139867,35.83632479050226],[129.21524258149856,35.8364046625706],[129.215342940401,35.836493131101676],[129.2153057542946,35.83660544811332],[129.21526099630566,35.83667193192983],[129.21532282297676,35.836705640430345],[129.21533771020506,35.836758937428776],[129.2151719447845,35.83677181375224],[129.21514130516363,35.83666331251517],[129.21503683977855,35.836669743860575],[129.21493546340236,35.836664164962016],[129.2149501626428,35.83676363699173],[129.21492718478157,35.836949389631336],[129.2147541323729,35.836922632711094],[129.21476353748685,35.83674894447609],[129.2149225445462,35.83665086741292],[129.21492116317924,35.83660621286613],[129.2146749388565,35.836497111822126],[129.2146410588974,35.83652996845215],[129.21469622604937,35.83656454172933],[129.21466163800446,35.83660578125784],[129.21463925325665,35.83659145501688],[129.2145720254121,35.836653382047494],[129.21455076840962,35.83663922392459],[129.2145731174216,35.83661059771368],[129.2145140511374,35.83651272740182],[129.21435842041646,35.83668568291475],[129.2142633649426,35.83682555420567],[129.21426518042995,35.83676349984279],[129.21432107997597,35.83652529027263],[129.21436177310932,35.83643260561585],[129.21443537642264,35.83629624207016],[129.2145547132452,35.836106353198915],[129.21470068633988,35.83592746629272],[129.21480759794244,35.835818098978244],[129.2148791691684,35.835708677160305],[129.21496567134068,35.83571925743933],[129.215062917386,35.83575344937463],[129.21513913064226,35.83576972569674],[129.21515194299064,35.83575985224092],[129.21506993497653,35.83574125198439],[129.21496296897075,35.83570619409429],[129.21489887788465,35.83569505129254],[129.2149424713153,35.8356070928477],[129.2149971273511,35.83555023494439],[129.21501134803978,35.83548355312359],[129.2149900844053,35.83530510706431],[129.21523674178977,35.83523027031028],[129.21535791474474,35.83521859081535],[129.21548571122713,35.83519639982479],[129.21562520193436,35.83515608172004],[129.21591253625172,35.835094933203806],[129.2159068768267,35.83508119921622],[129.215615821058,35.83514134494797],[129.21548229432682,35.83518105759653],[129.2152380717535,35.83521856970074],[129.2151300606863,35.83524758378115],[129.21499185806147,35.83529375715742],[129.2149133650751,35.835074901480326],[129.2148555929826,35.83486900500441],[129.2147409586359,35.834867180655195],[129.21469553681223,35.8348260109622],[129.2146684421968,35.83475545498074],[129.21461362113058,35.834647032511704],[129.21459683004667,35.83458448839083],[129.21458014332282,35.834507154543275],[129.21458551647774,35.83440151832889],[129.2145657122946,35.83423032464796],[129.21482532156614,35.83420717958425],[129.2148293410077,35.834158261523015],[129.2148189225654,35.8340452450356],[129.2147574728278,35.8338047018759],[129.21461148460983,35.83336394233155],[129.2145793352956,35.833252974133245],[129.21455144675906,35.8331791389569],[129.21428930838866,35.832813460833066],[129.21425214270016,35.832750943705726],[129.2142005753907,35.832625166149754],[129.21418479746816,35.83253556457394],[129.21419857002428,35.83244190913896],[129.21419874251853,35.83238213780683],[129.21419169002428,35.83233558260198],[129.21417778007967,35.83233628315828],[129.21418511095632,35.832387623518926],[129.2141817505938,35.832451384026115],[129.2141649564631,35.83251596140744],[129.2140964504845,35.832504204116326],[129.2140494670731,35.83249104783186],[129.21394899745226,35.832445793375996],[129.21394747826577,35.832378265255514],[129.21393908372536,35.832326422059154],[129.21392847293123,35.83230260270208],[129.21379015050613,35.832289688847176],[129.21349681131832,35.83225376003844],[129.21347885985853,35.832216299622985],[129.21354827515387,35.83203752198472],[129.21357869518755,35.83187785657806],[129.21354467580753,35.831878547484045],[129.21353639771885,35.83194522770027],[129.21349978792745,35.83205802088615],[129.21344909587603,35.83218998148744],[129.2134228171451,35.83220906227217],[129.21332090331256,35.832215622809876],[129.21287714775167,35.83214664724059],[129.21288614567734,35.83210078472581],[129.21289206020577,35.83202321257614],[129.2128854276506,35.83194691523576],[129.21285488023113,35.831954755780465],[129.21287043485864,35.832027540572724],[129.2128648190565,35.83210925795504],[129.21284043169948,35.83215298452795],[129.2127861444328,35.832164967497576],[129.21255321193294,35.832237567079346],[129.21244248549382,35.832309969792256],[129.21239404644885,35.832336299263034],[129.2120520597799,35.832377536368114],[129.2119780695267,35.832396916719595],[129.21172799455198,35.83248304547799],[129.2117049527953,35.8324623569886],[129.21165265062507,35.83239206969557],[129.211638027857,35.83231552489836],[129.21161126284858,35.83231825742688],[129.21162610191962,35.83238870037338],[129.21169293011405,35.83247366169176],[129.2117164758144,35.83249239358518],[129.21166498798144,35.832521071349944],[129.2115670059832,35.83255412033217],[129.2113785933452,35.83260055757697],[129.21126323246162,35.832615773847714],[129.21125001684825,35.83238412108751],[129.21123968499543,35.83235665093455],[129.21124740726913,35.832221017058394],[129.21127441226338,35.83210764649609],[129.21127053053175,35.83207512708661],[129.2112554568434,35.83204575455613],[129.21125147759992,35.831993002207795],[129.2112228832065,35.83193978811656],[129.2112223079638,35.83189362699095],[129.21122420268964,35.831860818109874],[129.21131865777087,35.83167806858188],[129.21129621891464,35.83167186207903],[129.21121174427543,35.83184532029041],[129.21120647631588,35.83190004449479],[129.2112125135019,35.83194837711934],[129.21122927243587,35.83199151784573],[129.211237364528,35.83205107648223],[129.211254132409,35.832084988368074],[129.21123769893634,35.832131882154194],[129.2112209879533,35.832350897526744],[129.2112319813728,35.83238583790553],[129.21123692569412,35.83251091403615],[129.21124776482247,35.83258814142304],[129.2112337096861,35.83262621680983],[129.21110759122448,35.832666722809236],[129.21100703058536,35.83270838278822],[129.2108854496158,35.83274890768148],[129.2107093787499,35.8327751523551],[129.21050360060056,35.83279645550436],[129.21037684024446,35.832803435281846],[129.2101030300517,35.83279948573037],[129.20979850592224,35.832786477137944],[129.20962080762595,35.8328042242325],[129.20956225538282,35.8328023248399],[129.2096747313898,35.830089433215534],[129.20983444710689,35.830036496275554],[129.20994021914828,35.82999118716525],[129.2102524436874,35.82992287105905],[129.21036794364542,35.82988189772319],[129.21062139725174,35.829824822265],[129.21091219883496,35.82977917216748],[129.21090979463204,35.82975289583756],[129.21089420884232,35.82975164321595],[129.21083765776174,35.829764999156126],[129.21056829587894,35.82980323052122],[129.21036892593224,35.82985553438434],[129.21024763423284,35.82990778343589],[129.21012875053503,35.82992872769027],[129.20994265400626,35.82997429347304],[129.2098244479128,35.83002166998281],[129.20967334978437,35.83006469623179],[129.20971477409933,35.82915388186588],[129.2097286960845,35.828365847582965],[129.21003704125727,35.82846681201137],[129.21006248996878,35.828456349370704],[129.20972870555232,35.82834829116592],[129.20974870308777,35.82750523378157],[129.2097806022451,35.82676585380381],[129.20981052566577,35.82631662652072],[129.20983807300485,35.826262530633706],[129.21015926975178,35.82650305856534],[129.2104423742563,35.826700373694706],[129.21070307780926,35.826858477583855],[129.21096921275637,35.827011073793365],[129.21117255757298,35.82721477184922],[129.21133479759834,35.827366593119855],[129.21144609997484,35.82744363609728],[129.21147178740273,35.82748197557449],[129.21144251662577,35.82751173199896],[129.21151734442125,35.82757248088201],[129.21155627307814,35.827621206669136],[129.21156758893915,35.82766111238447],[129.21156501019337,35.82782481141325],[129.21160060658093,35.82815013743833],[129.2116023071454,35.82827466954876],[129.2116118653794,35.828390860345706],[129.21160963183902,35.82856793333955],[129.21162301784096,35.82865838667823],[129.21161944126075,35.828800376252495],[129.21162418152215,35.82886050854406],[129.21156754376636,35.82885328938547],[129.2112147381482,35.82877719093049],[129.21099363546827,35.82873680388367],[129.2109170053032,35.82871902954893],[129.21083044348478,35.82869107028581],[129.21084724936142,35.8287187184777],[129.21093353177926,35.82874141490068],[129.21123923914848,35.828801932618205],[129.21185504499863,35.82893407948648],[129.21213404256446,35.82900887244795],[129.21250319379809,35.829163537726906],[129.21266189384576,35.829221561010144],[129.21306111347403,35.82933347039337],[129.2131999590799,35.82936616667041],[129.2136821138417,35.8294977283804],[129.2137792407341,35.82951933111818],[129.21393961952924,35.82954638271237],[129.2139707385905,35.829525031107075],[129.21390495260283,35.82952381354051],[129.21379906164145,35.829502622937525],[129.21352819474484,35.829436020904645],[129.2134205037484,35.8293995659279],[129.2131826689577,35.82933156199646],[129.21304238705352,35.82929975145464],[129.21290851290638,35.829263702603406],[129.21282527033202,35.82923590116795],[129.2126785879109,35.829202551300845],[129.2124960519466,35.8291370894942],[129.21252152945056,35.82908320394106],[129.21255007235882,35.82900419509306],[129.21258095760072,35.82886942163299],[129.21264321173527,35.82886611283038],[129.2127608021197,35.8288925201673],[129.21276635137184,35.8288734128725],[129.2126449733025,35.82885430332803],[129.21258166623485,35.82885283734278],[129.21260718832585,35.82871974060927],[129.21263833842667,35.82860565040835],[129.21264981058022,35.82849124328295],[129.2126625115805,35.82842713289978],[129.21273040271376,35.828300162298],[129.21269747784623,35.82822885898366],[129.2125994451494,35.828152866361954],[129.21240568364024,35.82801814483204],[129.2122119766079,35.827903782187065],[129.21213940661582,35.82783922649782],[129.21206446404187,35.82779395271494],[129.2119980020943,35.827766707109696],[129.21175688070937,35.827600000892126],[129.211582887037,35.827507178722406],[129.21146364022846,35.827430798654206],[129.21135224828467,35.82734915946028],[129.2109902629023,35.82700311509112],[129.21045943581356,35.82669490046445],[129.20988870304487,35.826266840971044],[129.20943479331942,35.8259398955267],[129.20921011759006,35.825816010258286],[129.20900538616058,35.82570977271739],[129.20862405929378,35.82551984251008],[129.2084785014601,35.82549435348433],[129.20844554432628,35.82549395961057],[129.20844363546698,35.82550892369823],[129.20845309221696,35.82555383487927],[129.20845251130186,35.82561567085116],[129.20846909432152,35.82573280518915],[129.2085065318234,35.82580073124056],[129.20853837295638,35.825955124119986],[129.2085732172807,35.82602160359762],[129.20866818893163,35.82614009889397],[129.20882483549653,35.826373586747415],[129.2089969642198,35.82655565821775],[129.20931252843727,35.82680110995469],[129.20940839319613,35.82689210587943],[129.2094735897737,35.827007596776355],[129.20950754559294,35.827085108841295],[129.20952286242854,35.827148891028685],[129.20953014121082,35.827228251762556],[129.20959908338935,35.82771003224882],[129.20969366505582,35.82770752518442],[129.20966965401126,35.82915396002855],[129.2096265261419,35.83008222557536],[129.2095924307021,35.83114283322206],[129.20954946338043,35.831972212781665],[129.20948885825774,35.833320734820624],[129.2094601857746,35.83499732896675],[129.20944844370499,35.83526486779461],[129.20947323091957,35.835475041824154],[129.20950977358842,35.83593157061174],[129.20956314278703,35.83641455799902],[129.20944409680686,35.83644072009556],[129.20938440396802,35.83644386059064],[129.20937620942192,35.83631922268498],[129.20937702971324,35.836205158886514],[129.2093327304721,35.83621170649424],[129.20933410166128,35.8363639885744],[129.2093278399261,35.83651357108501],[129.20932073327012,35.83653017541312],[129.20931641242422,35.83659217996737],[129.20931802125622,35.83694167344336],[129.2092972391512,35.837163822764374],[129.20930531871022,35.83718497017306],[129.20929982245275,35.83730981199087],[129.20929351735757,35.83738764593955],[129.2092747361545,35.83745612844592],[129.20927238298108,35.83751297443001],[129.20927570194328,35.83786892686709],[129.2092819010675,35.83791596145965],[129.20928299743176,35.8380265430815],[129.2092749567149,35.83816462865951],[129.2092553314522,35.83824906475858]],[[129.22526991059163,35.83984814974845],[129.22525159348592,35.83984860744402],[129.22525757204176,35.83963240431828],[129.22523427358055,35.83938828087701],[129.22532297380403,35.839387448773],[129.22544392016584,35.83941551369764],[129.22545197059029,35.83946406709169],[129.22545735916265,35.83959337750149],[129.22541374570255,35.83976142485142],[129.22539809375075,35.8398476856714],[129.22535652375745,35.83986857299387],[129.22529785129848,35.839869195991525],[129.22526991059163,35.83984814974845]],[[129.22374531167895,35.83868966350785],[129.2235425481538,35.838672932595514],[129.22337090568658,35.83866696790751],[129.22321800478306,35.838681904452706],[129.22294019523653,35.838684102043494],[129.22291002127736,35.83867156716874],[129.22285775859348,35.8386683288228],[129.22252782474678,35.83866528605995],[129.22244247385345,35.83866026983658],[129.22242584047274,35.83864515039127],[129.2224147280709,35.8385653920975],[129.22238549643856,35.83822198814342],[129.2223522303333,35.83806413210386],[129.22232664895884,35.837759682476126],[129.2223314017222,35.83772536311841],[129.22253986913356,35.83772445712092],[129.2226818762861,35.83772912567336],[129.22270537076304,35.83771994374319],[129.2226731140769,35.837606896120185],[129.22266993261485,35.83757722378107],[129.22278797919708,35.837550852158905],[129.2229113926263,35.837543982615884],[129.222892578022,35.83735325849572],[129.22317303685224,35.83733824935868],[129.2234361216278,35.83731639511046],[129.22357949693603,35.837291967694846],[129.22373315731969,35.837276497548274],[129.22401640575904,35.83726576222704],[129.2246437151148,35.83728929330034],[129.22464725489624,35.83737156192878],[129.22464014844905,35.83755707059594],[129.22465438523375,35.83762140248867],[129.2246518306419,35.83778025270674],[129.2246365265109,35.83791182770579],[129.22461923055596,35.8381937801036],[129.22462245522192,35.83831766005613],[129.22461735866685,35.83849764029353],[129.22463097009327,35.83869036552557],[129.22443606012908,35.838703570101394],[129.22418489771854,35.83870778499527],[129.2240090789113,35.83870058523195],[129.2238779048658,35.83868365921918],[129.2237818700212,35.838681574757906],[129.22374531167895,35.83868966350785]],[[129.22256801387908,35.83739272696317],[129.22263134733532,35.8373732786031],[129.22284101637806,35.837343088228536],[129.22287317725807,35.83748136200289],[129.22287448311712,35.83752511533245],[129.22279576172267,35.83753149698156],[129.2226506721049,35.83756459665173],[129.22265063435682,35.837602836799945],[129.2226772271979,35.837713019863216],[129.22233905068785,35.83769770769502],[129.22233693390353,35.83764080659895],[129.22231936637354,35.83763998269312],[129.22232907064762,35.837451369079346],[129.22245721724744,35.837415155585056],[129.22256801387908,35.83739272696317]],[[129.2226708232275,35.84442080440734],[129.22267456896083,35.844294802769724],[129.22269209038203,35.84429443705518],[129.222693967755,35.84442021202863],[129.2226708232275,35.84442080440734]],[[129.22178923224416,35.838668760229226],[129.22179687946095,35.83852828626738],[129.22181706832163,35.83843230208917],[129.2218138235443,35.83835161003535],[129.22177345440107,35.8383264940777],[129.2217040227943,35.838322439523495],[129.2216455255371,35.8383059546736],[129.22163886872286,35.83821209257555],[129.22161898221637,35.838117101108544],[129.22182299653906,35.83810649803747],[129.22189049107544,35.838114575655034],[129.22199338090041,35.838110268195024],[129.22219513174727,35.838085699256446],[129.22232213881563,35.838065250879374],[129.22236292858787,35.83821813621979],[129.22240201136592,35.838645527660496],[129.2223880921965,35.83878300300757],[129.22238181450084,35.838930026575056],[129.22236631785734,35.83897761406169],[129.22208760525,35.838969843509595],[129.2220085389114,35.83894011215855],[129.22193090565844,35.83887625677155],[129.2218496794285,35.83884590741413],[129.221765906927,35.838831352583036],[129.22178923224416,35.838668760229226]],[[129.22210347721054,35.83936155202221],[129.2219891763625,35.839350640366604],[129.2219670502634,35.83929454205478],[129.2219523562245,35.83914828700474],[129.22196435631662,35.83909698382178],[129.22177345221158,35.83911038401937],[129.22168813904628,35.83913920014571],[129.221633105977,35.838882489562835],[129.2217650511746,35.838850109180704],[129.2218421376066,35.83886437885947],[129.2219341226427,35.83889884522781],[129.22199396167196,35.83896004753657],[129.22200004520963,35.83895457479415],[129.22208605935322,35.83899116092808],[129.2222610622634,35.83899533679986],[129.2223611722488,35.8390099874341],[129.222350216149,35.83913834567761],[129.22235861202978,35.839575734254936],[129.22226703046817,35.839575379814264],[129.22217907374605,35.839557011658314],[129.22213784519968,35.83946550308394],[129.22210347721054,35.83936155202221]],[[129.22201198637555,35.840117716037184],[129.2221631293865,35.84011841193832],[129.22235128645235,35.840107422507906],[129.2223327482816,35.84030767840697],[129.22234520344546,35.840560321108725],[129.22235525308426,35.840639937135116],[129.22217481779725,35.840641899887565],[129.2220911882759,35.840623722001034],[129.2219749005004,35.84057142856014],[129.22164712421855,35.840354629840164],[129.22139772946545,35.840215221397344],[129.22128536502805,35.84017642083858],[129.22137153077747,35.84016330322661],[129.22201198637555,35.840117716037184]],[[129.22172194202204,35.837701616035176],[129.2217958078739,35.837712385783874],[129.22196855921823,35.83775187722744],[129.2222968214301,35.83779611177235],[129.2223033591892,35.83790665621271],[129.22231954462035,35.838047753353784],[129.22221572520738,35.83806806000396],[129.22207704459885,35.83808578088114],[129.22192766394988,35.83809659961892],[129.22181470164836,35.83808876761479],[129.22161314167778,35.838090326629604],[129.22150909464588,35.83809642937208],[129.22143264269508,35.83809118884946],[129.22130396193432,35.838066739027255],[129.22128649678365,35.83805491050956],[129.22133700300103,35.8378469355821],[129.2213583017351,35.83766367229393],[129.22154860436777,35.83768619772377],[129.22161504152757,35.83770429934438],[129.22172194202204,35.837701616035176]],[[129.21878164962587,35.83763728366971],[129.2189499546007,35.83747166275695],[129.21928996274315,35.83716963261608],[129.21962692827736,35.83727729775396],[129.2193427616452,35.83751919529362],[129.21903510163048,35.83779984341627],[129.2187800818242,35.8381054593633],[129.2186088138582,35.83803326327214],[129.2184832793745,35.83800546110252],[129.2186395824985,35.837801351846934],[129.21878164962587,35.83763728366971]],[[129.21854388013764,35.83843689765871],[129.2183568805335,35.83874989722668],[129.21815124381186,35.838485595263606],[129.21827417716707,35.838298132199235],[129.2184613185331,35.83802932983009],[129.21848058109424,35.838030719027266],[129.21861205167377,35.83806385489313],[129.2187619666421,35.838127068064345],[129.21854388013764,35.83843689765871]],[[129.21771039508783,35.83692502841854],[129.2177023754586,35.83698388553545],[129.2175338133575,35.836973607992824],[129.2175382333105,35.83693009665317],[129.2174478082748,35.83685303096819],[129.21750554932194,35.8367954183553],[129.2176264300129,35.836695639793994],[129.21778060009237,35.83660289404849],[129.21784310756854,35.83664183274823],[129.21789164609655,35.83671297123739],[129.21792005663943,35.836773646380536],[129.21790472704174,35.836822440688564],[129.2177915782393,35.83678994700127],[129.21775695749332,35.836872013809],[129.21775488648984,35.83685073934044],[129.21771039508783,35.83692502841854]],[[129.2172268060731,35.840722200581666],[129.21721506859973,35.84078177629222],[129.21720082749096,35.84075063661068],[129.2172268060731,35.840722200581666]],[[129.21697933608667,35.84067405817531],[129.21700934595196,35.840634178093694],[129.21707420221537,35.84059109914379],[129.2170631551747,35.84058680197082],[129.21710620676225,35.84055619937502],[129.21716631684293,35.840501728070166],[129.21719559358252,35.84044868198497],[129.21720825305556,35.84038595100492],[129.21721584516612,35.840386427907596],[129.2172162708066,35.84048178385414],[129.21718395143256,35.84069473529006],[129.21715606151895,35.84071221553273],[129.21717955476853,35.84071837397235],[129.21718891765968,35.84075882331893],[129.21721341387965,35.84082471484074],[129.21720190994063,35.84085199832151],[129.21715499738335,35.84085475923646],[129.21703684991988,35.840825887855104],[129.21690729093424,35.84082164095525],[129.21669408342134,35.840861452672655],[129.2167099622008,35.84080642992437],[129.21684775845605,35.840786932347115],[129.2169710693973,35.84067054910887],[129.21697933608667,35.84067405817531]],[[129.21714033559763,35.83655007774689],[129.2170905725193,35.83652922195467],[129.2170329384875,35.83648731801736],[129.21701424172562,35.836457628283256],[129.217173386703,35.836505794035965],[129.21714033559763,35.83655007774689]],[[129.2167921378738,35.836389753778654],[129.21685350015383,35.83640835664121],[129.2168470550743,35.836419354443805],[129.21678782370242,35.836398489362246],[129.2167921378738,35.836389753778654]],[[129.21668076325872,35.836929589277645],[129.21665155923205,35.83678377406141],[129.21676018680935,35.836851299543156],[129.21668076325872,35.836929589277645]],[[129.21643070304756,35.83699173643725],[129.21622069211224,35.83695723344674],[129.21621541434126,35.83690858432498],[129.21624429647468,35.83690649588865],[129.2163058526722,35.836888360848526],[129.2163255084256,35.83680991685753],[129.2164080634115,35.83680920146029],[129.21644791839583,35.83684977660824],[129.21644396145837,35.83691744061314],[129.21646290301004,35.83697559665744],[129.21643070304756,35.83699173643725]],[[129.21632499647188,35.83782770016305],[129.21631708654772,35.83771753687417],[129.216300282983,35.83761004765728],[129.2163193103756,35.837618683680276],[129.2163372674074,35.837694203456536],[129.21633567416671,35.83782753425365],[129.21632499647188,35.83782770016305]],[[129.2156999627116,35.83676082479018],[129.21562739319515,35.83682001269319],[129.21556952907048,35.836679711088706],[129.21554988481518,35.83663213003222],[129.2156999627116,35.83676082479018]],[[129.2150176866318,35.8369031659133],[129.21499143922756,35.83688893672706],[129.21496683744235,35.83688578098951],[129.21497427698088,35.83681208147346],[129.21511297262276,35.836812583049955],[129.21512231844642,35.8368843871468],[129.2150176866318,35.8369031659133]],[[129.21303029933662,35.8355239717955],[129.21302593862552,35.8355364978541],[129.21297285514945,35.83556503477531],[129.21288942646237,35.835590560800696],[129.21269810941087,35.83560426274427],[129.2126062714312,35.83561818622048],[129.21257644008205,35.83545817636046],[129.2125773153357,35.835400017064664],[129.21265386750565,35.83513936681896],[129.21266086563952,35.835019470043],[129.21269055643208,35.8348508297519],[129.21271004314687,35.83477008842598],[129.2127624287521,35.83455780566825],[129.21281996234984,35.83440879070597],[129.21286602500973,35.8343957587122],[129.21304689880492,35.834376595277554],[129.21304357542022,35.834442149158896],[129.21306157524228,35.834493542889874],[129.21314115463164,35.83453600493074],[129.21313242392236,35.834661690829655],[129.21314553987665,35.83471609431437],[129.21326953143608,35.83474485111902],[129.21340880390727,35.83475968355149],[129.21361839029433,35.83476206261048],[129.21366422490175,35.83478390013713],[129.21369259420837,35.83486380908648],[129.2134787579728,35.83493649388294],[129.2133965015209,35.83505291842371],[129.2133264697981,35.83512998173006],[129.2132905814069,35.835177549951666],[129.21324307335905,35.83528821722916],[129.21322917834365,35.8353113948621],[129.21320141473714,35.83532188026711],[129.21320242514426,35.83533975931664],[129.21326067568907,35.83533151838447],[129.21331312602217,35.83518563950601],[129.21349089465932,35.83494719736728],[129.21368578959382,35.83488537903831],[129.2138507215629,35.834839394257195],[129.21391793849506,35.83483601293319],[129.21391734503948,35.83475870462358],[129.21388623323026,35.83441812256179],[129.21388403961495,35.834296872045016],[129.21391504004217,35.834288444626274],[129.21406470029996,35.83427267847159],[129.2145476686366,35.83423324965522],[129.21454698551415,35.83440412817305],[129.2145710652797,35.83458487655062],[129.21459699027056,35.83466509604715],[129.21464635478986,35.8347527904035],[129.21467417932797,35.83481901007533],[129.21473078690227,35.83488357444416],[129.21481351667143,35.834891007148855],[129.21484208411746,35.834916326667305],[129.2149489769078,35.83523022300125],[129.21496634249914,35.83529636203826],[129.2149837967676,35.83545755590441],[129.21498088950474,35.83554152165245],[129.21492918288902,35.835604511832386],[129.21487524356266,35.83569758972576],[129.21456766557296,35.835693475990716],[129.21442017559164,35.8356981355093],[129.21430111511185,35.835688856223186],[129.21422545200716,35.83566712582409],[129.21406671784183,35.83560570703288],[129.21391275640264,35.83557002834878],[129.2134899960016,35.83552465782531],[129.21327660554755,35.83549512153077],[129.21321700447183,35.835494983211376],[129.21305727373522,35.83551634478677],[129.21303029933662,35.8355239717955]],[[129.21484370968648,35.83571363391234],[129.21479262106027,35.83581324077889],[129.21472851760004,35.835876081634865],[129.2146981281788,35.83591864758027],[129.2145516698712,35.83609405651366],[129.21441946967718,35.836295495178625],[129.2143869226175,35.83636327286491],[129.21433852374594,35.83643846887905],[129.21427984495344,35.836423377695226],[129.21431580739312,35.836312378989355],[129.21432637623238,35.83620421912516],[129.21434570513128,35.83609804452081],[129.2143822138208,35.83599688648687],[129.21435289518752,35.83584375272364],[129.21431258322593,35.83571436836748],[129.21469726898857,35.8357050795627],[129.21484370968648,35.83571363391234]],[[129.2130824844081,35.8335648022635],[129.21317059688894,35.8332950826922],[129.21319329597645,35.83318237722089],[129.21323294369546,35.83308792828295],[129.21330915707503,35.83310118658364],[129.21360057470616,35.8331250785075],[129.21363065872686,35.83326731504271],[129.21364769120783,35.833267104725856],[129.2136232450484,35.83312239782622],[129.21425400664083,35.833142345063294],[129.21431869845773,35.83315958862787],[129.2145227793447,35.83318239823234],[129.2145575653952,35.83324472121437],[129.2146086399216,35.83341348918516],[129.2147215309306,35.83374486846379],[129.2147992213861,35.83404500061702],[129.2148067711574,35.83414482787404],[129.21478868929148,35.83417481757194],[129.2146926554018,35.83418752438728],[129.21455751432683,35.83421497284209],[129.21403686089383,35.834254567490454],[129.21379371414014,35.834258881661604],[129.21363132935824,35.83426761314052],[129.21361009918826,35.83425013929469],[129.2135814557695,35.83424178116958],[129.21356378119313,35.83425448395833],[129.21355220084448,35.83427812619837],[129.2131988824202,35.83433121098193],[129.21307588268934,35.834333942087554],[129.2128329686913,35.834363534014486],[129.21289035596791,35.834109397276414],[129.21300907462035,35.83376984008423],[129.21304609719257,35.833695250412525],[129.2130824844081,35.8335648022635]],[[129.21332529464186,35.83280178931432],[129.21334821850732,35.83276128269698],[129.2134599540245,35.83277706487183],[129.21361767261965,35.832787718778484],[129.2137517635243,35.832782299827585],[129.21383188442545,35.83278758382996],[129.21388850503703,35.832795549981334],[129.21393723303675,35.83281957234122],[129.21404876581903,35.83282981162781],[129.21416008491653,35.832830470881724],[129.21416292876978,35.83279295574728],[129.214249439471,35.832783078119945],[129.21430299782816,35.832866925890144],[129.21450796110418,35.83315802761221],[129.21431224453323,35.833146585981055],[129.21424658689344,35.83312823558292],[129.21420758582946,35.833124501337295],[129.21391468954573,35.833118935948384],[129.21359517541583,35.8331007632502],[129.21332606854367,35.83307628222567],[129.21325545657308,35.83306347370431],[129.21326928293564,35.83297712743978],[129.21332529464186,35.83280178931432]],[[129.21451096564977,35.83674137130576],[129.2145105483197,35.836763290475915],[129.21448080001744,35.83680157428089],[129.21444046868393,35.836780503329265],[129.214483218451,35.83672574658615],[129.21451096564977,35.83674137130576]],[[129.21344852919697,35.83262608026896],[129.21351413308147,35.83265356989445],[129.21352400905087,35.83261753844543],[129.2133952799164,35.83259147597197],[129.21345028844175,35.8324136701162],[129.21347453527304,35.83228808295628],[129.21360245996357,35.83229067816623],[129.21367009407243,35.832303455693754],[129.21391183056164,35.83233283307062],[129.21392267872454,35.8323751186615],[129.21391900751678,35.83245105562464],[129.21405934795806,35.83251504871886],[129.21416258011968,35.832533738300015],[129.21418675664756,35.83263517647758],[129.21423737307646,35.83276545296927],[129.2141417444363,35.83278426010255],[129.21406360474924,35.832808074224964],[129.21399857741133,35.83281014494197],[129.21395872568735,35.83280692583299],[129.21389030539305,35.83278172159594],[129.2138122701254,35.83277413575575],[129.2137427749315,35.832773330221585],[129.21361248325846,35.83277989605917],[129.21335131550472,35.83274807389751],[129.2133944452546,35.83261472073008],[129.21344852919697,35.83262608026896]],[[129.21306878440006,35.83447838917098],[129.21306231297598,35.83444625291847],[129.2130626562264,35.83437544097358],[129.21342526106753,35.834318302606945],[129.213782627368,35.83428497445631],[129.2138107746259,35.83429402737365],[129.21384293860856,35.83436920703143],[129.2138622203794,35.83461073542736],[129.21386022283562,35.83470009805139],[129.21386932152,35.83476690076382],[129.2138664344265,35.83481318513341],[129.21370843197823,35.834859545238004],[129.2136857461587,35.83477762547892],[129.21363993058947,35.83475462531236],[129.21344525620918,35.83474113459784],[129.21326608424326,35.83473460095059],[129.2131590845636,35.83469855914085],[129.2131444839256,35.83466439137051],[129.2131535038874,35.83451427203017],[129.21312561276264,35.83450581333435],[129.21306878440006,35.83447838917098]],[[129.21271293791582,35.84020446568634],[129.21271860623213,35.8401214234898],[129.2127296959715,35.84009601576224],[129.21329741846517,35.84025626825703],[129.21363607762376,35.840366254344396],[129.21360852567193,35.84041530398189],[129.21352685062385,35.84041534898373],[129.21271293791582,35.84020446568634]],[[129.20953762392529,35.833431639576695],[129.2095622321645,35.83281462696897],[129.20972944643316,35.83281263398587],[129.2098330515021,35.832800629998715],[129.20998310612262,35.83280944538209],[129.20999152498067,35.832825013422486],[129.21011100793115,35.8328157034292],[129.21035212895805,35.83281706910876],[129.21058256478207,35.832803861626694],[129.21086771247718,35.83276732412315],[129.21096957856437,35.832746462879825],[129.21110674458743,35.83268566860146],[129.21124744161614,35.83263774689354],[129.21136586100658,35.83261978549101],[129.21159190603262,35.83256601839267],[129.21167970868112,35.83252981478686],[129.2117252888996,35.83250205761458],[129.21175319366176,35.83249503310732],[129.21198445367742,35.832408811076554],[129.21221645749623,35.83238224116315],[129.2123620047325,35.83237760578956],[129.21230822893,35.832528632795004],[129.21226409743898,35.83262703678519],[129.21217864284642,35.83275593947164],[129.21212350932353,35.83282480163192],[129.21208896207352,35.83285624376598],[129.21207362096118,35.832876620915364],[129.21187132472323,35.83316454665508],[129.21189426908563,35.83316502020154],[129.21209351035756,35.832881191460366],[129.2121430865947,35.83282434373032],[129.212258029728,35.8326636743042],[129.21232683542553,35.83253776588705],[129.21239061167242,35.83238084516208],[129.21241631629857,35.83235381656845],[129.21245431538526,35.83233458925555],[129.21255934605324,35.83225531998274],[129.21261880959705,35.832242057257154],[129.21267293362772,35.83233968491328],[129.2126785246653,35.83237801434644],[129.21266287364986,35.83241500219007],[129.2125750993793,35.8324115603913],[129.21252931217467,35.83241535396002],[129.21247840531058,35.832404159667036],[129.2124787522769,35.832418164513115],[129.21268635619336,35.83244323319983],[129.2126987180226,35.83238455799954],[129.21276913157448,35.832414626173986],[129.2127792955105,35.832399431222804],[129.212752529702,35.832385157382724],[129.21274880388646,35.832344886982675],[129.21270509592352,35.83234811818715],[129.21268866280406,35.832328022110474],[129.21264349944636,35.83222890066495],[129.21281025791617,35.8321807240477],[129.212867265284,35.8321719717778],[129.21300433620124,35.83218885440674],[129.21322424913862,35.83222317438483],[129.21344102384637,35.832246792621476],[129.21341221194433,35.83241203389789],[129.2133847646449,35.83251195903132],[129.21335594324518,35.83257795444531],[129.21332407211162,35.83257086369821],[129.2132781225936,35.8325469173046],[129.2132719990971,35.83256238456567],[129.2131405190866,35.832554784305415],[129.21311194795024,35.832556727247145],[129.2131073609064,35.8325714798053],[129.21322027780676,35.83257381344548],[129.2132706386995,35.83257938457382],[129.21336061269483,35.83260670516167],[129.2133061167099,35.83275261476395],[129.21326692126533,35.83287556051781],[129.21314001470688,35.83287745139375],[129.21314619550378,35.832896042347066],[129.21325998580843,35.83289785168478],[129.21323395734282,35.83299040203602],[129.21320794491794,35.833047352904764],[129.21312582531914,35.833031356122426],[129.21304630941384,35.83304559169981],[129.21305099034447,35.833062022293376],[129.21311276141572,35.83304645707001],[129.21320134385599,35.83306638094693],[129.2131740429171,35.83316742331662],[129.2131573130721,35.83321073089502],[129.21313934089764,35.833303014681476],[129.21298584153652,35.833727368928244],[129.21286148293103,35.83411039437576],[129.21284507696825,35.83424257376166],[129.21279791242782,35.834386811900146],[129.21257605110898,35.834400468210944],[129.21244780954717,35.834413229799004],[129.21236908534027,35.83443443922554],[129.21223636566086,35.83443213050579],[129.21177396875711,35.83450047125936],[129.21153188031903,35.83452872526053],[129.21118254569657,35.83454466558814],[129.21121018288858,35.834477735477854],[129.21120285377233,35.83447267422053],[129.2112053827423,35.83444112599938],[129.2111669205214,35.8345414213069],[129.21114394110882,35.834553015442964],[129.2109933135115,35.83454225581219],[129.21085865851316,35.834540588833804],[129.21024541910654,35.8345886558894],[129.20996199873906,35.83461961918459],[129.2099113596466,35.834635037307024],[129.20973312529566,35.834644043357216],[129.20962088721538,35.83467387094236],[129.20960199381028,35.834694803687064],[129.20948060045805,35.83471535509031],[129.20950368439526,35.83416704768394],[129.20952539645177,35.83416596464944],[129.20953762392529,35.833431639576695]],[[129.20999109981554,35.839515039507624],[129.20995541047444,35.83931022906151],[129.2098921744219,35.83862391894224],[129.2098094311197,35.837888704587556],[129.21007807500897,35.837882731956206],[129.2103229069318,35.837900521036495],[129.21031602561365,35.83802841151902],[129.21030237689405,35.83807005501279],[129.21019260810758,35.83809359711105],[129.21004177827896,35.83816031721495],[129.21009503288232,35.83815803474439],[129.2101567496443,35.838124229817986],[129.21019300520712,35.83810998116683],[129.2102815804558,35.83810416745146],[129.2103303035305,35.83809169959947],[129.2103438757453,35.83802931844713],[129.2103544179108,35.83789617631879],[129.21039636045,35.8378600713939],[129.21050927817706,35.83783879478528],[129.21054507262235,35.83784714119628],[129.21054638106602,35.837826959906664],[129.21053413553767,35.83782541303132],[129.21039132841565,35.83783205123014],[129.21044584528326,35.83766965913911],[129.2104714312977,35.837609167731046],[129.2104983680336,35.83757416135179],[129.21059963081018,35.83757830218639],[129.2106129029335,35.837553512708666],[129.2105220975842,35.837540151921225],[129.210563626037,35.83739695197438],[129.21091499275107,35.83745452495365],[129.21096102877416,35.837451623803304],[129.21095784581064,35.83743656043104],[129.21090580999206,35.83743913857247],[129.21074327987705,35.83741197858547],[129.21056736924442,35.837372467478794],[129.21058780551314,35.83730666762013],[129.21063956934648,35.83719206455991],[129.21068608101774,35.83702469334343],[129.2107544484026,35.836826452241795],[129.21091609213636,35.836857921744176],[129.21097152917028,35.83687779685234],[129.2110239813635,35.83690321983455],[129.21103795799925,35.83692756529951],[129.21118493754923,35.836946703852895],[129.2113060656539,35.83694619502286],[129.2114043183084,35.83696338154245],[129.21147540540684,35.83696628555624],[129.21149433051895,35.83697416547355],[129.21150701593163,35.836995674197595],[129.21153055200008,35.836968271075634],[129.21150669831908,35.83695915605111],[129.2112838076645,35.83692517163862],[129.21107762985102,35.83690373913422],[129.210913375616,35.836835025682554],[129.21074548715399,35.83679843893008],[129.21076248791792,35.83669736102857],[129.21078038354995,35.836629384526184],[129.21087544246188,35.836627578663695],[129.21089418298885,35.83664108280541],[129.21091157148996,35.836641295843016],[129.21091285880578,35.83647835636898],[129.2109246305072,35.83644708947005],[129.21091694294438,35.83620884805212],[129.21146216821853,35.83610953409973],[129.2114928131004,35.83631020726253],[129.21150900367857,35.83633466596907],[129.21164124734827,35.83636932223],[129.2116450973831,35.83637709329663],[129.21176217947684,35.83639554439951],[129.21176015749109,35.83644718963981],[129.21170740557264,35.8365808293501],[129.21170899204293,35.83660322267047],[129.21187840992883,35.836686679481396],[129.21189136489173,35.8367012660846],[129.211904453685,35.83669108606627],[129.21187806093388,35.836663490896164],[129.2117479247319,35.83660141514606],[129.2117362682039,35.83658393323868],[129.21176144851367,35.83652538895987],[129.2117981523749,35.836387829828716],[129.21183679898894,35.83637412625838],[129.21188713684734,35.83637009967267],[129.21201849169339,35.836369878646714],[129.21211833379448,35.836356320117105],[129.2121397099173,35.836345179233646],[129.21215249574706,35.836329285785176],[129.21208394173502,35.83635073855602],[129.21185988535962,35.83636515444698],[129.21177789357796,35.836377816327065],[129.21162998709858,35.83635519227363],[129.2115465806197,35.83632244241344],[129.21151075204847,35.83628832958057],[129.21148982188802,35.83610333924582],[129.21159227182827,35.83606309054181],[129.21168486221032,35.836036233566595],[129.21181781148334,35.83600291602033],[129.21200762006004,35.835966623746636],[129.212145022403,35.835922257708006],[129.21215063444396,35.835935036628385],[129.21216803485015,35.835931437170046],[129.2121635399994,35.835918403941754],[129.21236555198246,35.83585961249897],[129.21254369797268,35.83576200968262],[129.21259229444098,35.83572331471706],[129.21268630328547,35.835814329153486],[129.21272004194446,35.83588664034661],[129.21274358529155,35.83586643796918],[129.2127147132268,35.83580541090943],[129.21263452941284,35.83572737726456],[129.21261149984844,35.835640717334584],[129.21270361090285,35.83562124166541],[129.21288311959626,35.835603775228456],[129.21295516055133,35.835591193191796],[129.21310080386286,35.83553302241111],[129.2132167642021,35.83550452788775],[129.2132918729636,35.835509406497714],[129.21341485735343,35.83552935969487],[129.2134172634426,35.83561839008251],[129.21332048412646,35.83563453989658],[129.21330867036295,35.83566623970749],[129.2133087837491,35.83567974926674],[129.2131939790198,35.83570587155139],[129.2132189283895,35.83579418628813],[129.21316778192033,35.83583113756989],[129.21309117672473,35.83591721581024],[129.21298858014262,35.835968578479104],[129.21288606849654,35.83600194292047],[129.21290621133105,35.83605166557614],[129.2129199328091,35.836113169868355],[129.21291811496235,35.836191410698014],[129.21290274207607,35.836266719268615],[129.21288520283167,35.836305612080274],[129.2128525333083,35.836340232531576],[129.21289225295857,35.83633890992841],[129.2128660357083,35.83640676619469],[129.2128614529314,35.836485813996596],[129.21282388708187,35.83661484912574],[129.21278097331367,35.83665550792919],[129.21266767851034,35.83669651572606],[129.2126001948273,35.836729331688296],[129.2125093690899,35.836787450674905],[129.21249927805323,35.836863840426666],[129.21251935965256,35.83695313719038],[129.21251592258145,35.836992681118346],[129.21257862917602,35.83712017014154],[129.2125921983486,35.83726207534869],[129.21257419434355,35.83736799497703],[129.2123555407968,35.83735895174791],[129.2121718574626,35.83732699108839],[129.21211363324676,35.837421156735985],[129.21201033260328,35.83755471390269],[129.2119736559827,35.83765655644085],[129.21193485241704,35.83774516331146],[129.21192071710155,35.83791654294211],[129.21192382099755,35.838027319293886],[129.2120320060968,35.83801203384998],[129.21217724616324,35.83801291488294],[129.21231446496375,35.838027562904244],[129.2123814668195,35.83806733471658],[129.21245100689492,35.83813351770467],[129.21242203107877,35.83821331126195],[129.21238200548962,35.838283399704046],[129.21229516996056,35.838386204553785],[129.2121808822225,35.838416894301595],[129.21208126127544,35.83841878129398],[129.21200719189443,35.83843127623357],[129.21212697358962,35.83849001717441],[129.2122104973966,35.83854107081861],[129.2122751370246,35.83860403601679],[129.21233214980754,35.83867504470718],[129.2124055940987,35.838802659143674],[129.21237487313874,35.83883376115403],[129.21236649908272,35.83889826936834],[129.21240168013776,35.8389715153817],[129.21241288368842,35.83908110585834],[129.21239064637243,35.83919367507737],[129.21234478056462,35.83928635008088],[129.21223624840783,35.83937191595987],[129.21211325352962,35.839417122036814],[129.21198934100576,35.83944182613745],[129.2118971808534,35.83945282958173],[129.21184142427495,35.83942168983543],[129.21174885564378,35.83942050896891],[129.2116643032447,35.83940775096235],[129.21161122159356,35.8393793822833],[129.21156322725997,35.83932842835231],[129.21155346367655,35.83928178765943],[129.21156269633101,35.839202623663674],[129.2115201326916,35.839074558201645],[129.2114945334482,35.83897032820292],[129.2114846626777,35.8388619880466],[129.21145727141723,35.83883791843119],[129.21140804216654,35.838746590545654],[129.21139628146997,35.83857202074094],[129.2114896517756,35.83844099596476],[129.2114562958799,35.83843412362766],[129.21145141880018,35.838469262914664],[129.2113681289174,35.838574034638626],[129.2113817627615,35.83874541074601],[129.21141366557163,35.83885607370639],[129.21145508231797,35.838914447477286],[129.21146252213342,35.83896975326326],[129.2114968926535,35.83907593266808],[129.21151845729736,35.839177988688476],[129.21151942244833,35.839246004409645],[129.21150051080713,35.83930223045567],[129.21145093134587,35.839330147717426],[129.21134559680604,35.83940725347275],[129.2112835286684,35.83946332952644],[129.21126005809916,35.839499105096394],[129.21123477149865,35.839585038443154],[129.21125249197095,35.83968587551109],[129.2112737835077,35.839692669826064],[129.2112567668182,35.83958589228961],[129.21127843262596,35.839507842192134],[129.2113052196316,35.8394705106768],[129.21135371512128,35.83942601235199],[129.21146441065392,35.83934616643246],[129.21151990423468,35.83932799937656],[129.21159725395302,35.83940484901788],[129.21165788588755,35.83943381734922],[129.2117785201107,35.839450243405196],[129.21185117899483,35.83947328739893],[129.2118925784481,35.839499720711004],[129.21196284772282,35.839606981702225],[129.21197667691155,35.83978052037002],[129.2119929858617,35.83985364633338],[129.21205032326984,35.83990484507987],[129.21214266474615,35.839932928448356],[129.21207109736596,35.83989170449172],[129.21201871861808,35.8398530605046],[129.21199790434676,35.83979653446492],[129.211995246889,35.83971655310761],[129.21197785348457,35.83959323838166],[129.2119348676138,35.83951517521493],[129.21190205966235,35.83946869206759],[129.2119999780693,35.83945449711721],[129.21218774271085,35.83941654083333],[129.2122570779079,35.83937978339983],[129.21237358952587,35.83930643347465],[129.21245164676697,35.83924888678904],[129.21258264993187,35.83920604560077],[129.21266216210833,35.83919640672106],[129.2127196612359,35.83921677307616],[129.21276071542712,35.83945939876068],[129.21275718858482,35.83952351994792],[129.2127643436933,35.83960049221713],[129.2127995483429,35.83969907222402],[129.21261055102212,35.84011574622953],[129.21253900981856,35.840180662811505],[129.21216192672793,35.840080474500944],[129.21169424269664,35.83996545571581],[129.21092943460377,35.83975699790828],[129.20999109981554,35.839515039507624]],[[129.21110036892586,35.835382567353605],[129.21109111377774,35.8352133464829],[129.21109177185232,35.8351016622426],[129.21112084461907,35.83476833770931],[129.21112917721638,35.834607909397725],[129.21114213279247,35.83456401386767],[129.21118766313694,35.83455885137229],[129.21155071651324,35.83454927692575],[129.21176959756366,35.83451746750124],[129.21193116786833,35.834505991145456],[129.21210930697862,35.834469538890964],[129.21224276155064,35.83444838688202],[129.21238479679113,35.834453545227895],[129.2125361057466,35.83441649953171],[129.21263004419333,35.83441053948266],[129.21269340587284,35.83440171304442],[129.21276105670452,35.834403477751785],[129.21276209112733,35.8344555051902],[129.21271998984585,35.83458096132116],[129.21265173361374,35.83484782470432],[129.2126254118507,35.83499727142174],[129.21262436094673,35.835118617775535],[129.21259510996595,35.83519433823936],[129.21254414451934,35.83537482225617],[129.21254411807485,35.83548184591674],[129.21258373587216,35.8356887397202],[129.21254499790584,35.835726281792624],[129.21247008910044,35.83578444490346],[129.2123263332069,35.835845180174225],[129.21202309763873,35.83594320915898],[129.21167837293575,35.83601814778807],[129.2114617454808,35.836091915373295],[129.21113722694568,35.83613632780969],[129.21113722142064,35.83605850475997],[129.2111049891011,35.83593139440793],[129.21110048665045,35.83582704635623],[129.21113731529064,35.835652463781436],[129.2111345752733,35.83557857495211],[129.21110036892586,35.835382567353605]],[[129.21163528367796,35.828806684358476],[129.2116404015666,35.828661645855284],[129.2116277868588,35.82857411122834],[129.21161590689104,35.82816915415711],[129.2115811222114,35.827820114761586],[129.2115866806541,35.827707845013755],[129.21165542734724,35.82764470923404],[129.21168389496478,35.82762514733087],[129.21174502325573,35.827623319017626],[129.21187210660318,35.82770833711191],[129.21192884243436,35.82775300300587],[129.21197837499,35.82778135079006],[129.21203607496437,35.82780133864681],[129.21211694996953,35.82784265456449],[129.2121935069026,35.82791667544286],[129.21227673476827,35.82797718380786],[129.21238947500152,35.82804069557774],[129.2125791279542,35.82817855169571],[129.21263956074665,35.828231529317655],[129.21266449411857,35.82829405046466],[129.21265905229097,35.82836623233072],[129.21260951842163,35.82861756151965],[129.21258416707852,35.828706469545985],[129.21255640508377,35.828879721006466],[129.21249436733802,35.82908600946336],[129.21246625080832,35.82912126174291],[129.2123123143919,35.82905656057582],[129.21212715349208,35.82898589357144],[129.21164110727014,35.82886214626713],[129.21163528367796,35.828806684358476]],[[129.2095604914223,35.83506429858935],[129.20948299920806,35.83473542181306],[129.20961105901878,35.834703539142154],[129.20966455337015,35.8346752823769],[129.20968584294096,35.8346691800735],[129.2099192266293,35.83465534688816],[129.2100053846391,35.834632368727235],[129.21068429504615,35.834569471161984],[129.21092063804028,35.83455320651438],[129.21109972607061,35.83455750870145],[129.21109346664971,35.83476557355709],[129.21107102571568,35.835053481465025],[129.21106190021098,35.83525756776834],[129.21107087085835,35.835369136076665],[129.21110364496246,35.83556346985445],[129.2111073262125,35.83565858151536],[129.2110728326649,35.83582888807681],[129.2110755094688,35.83594188231467],[129.21110303090035,35.83606635121213],[129.2110940602324,35.83613996304862],[129.2108903466482,35.83618784116463],[129.21059606987782,35.83623824683909],[129.21052555374763,35.8362586566844],[129.2101834731918,35.83632155472087],[129.21011939028364,35.83633038108812],[129.21002955483715,35.836323354036985],[129.20995171659465,35.83633726921611],[129.20984714093186,35.83633962258609],[129.20967337374498,35.83638232760842],[129.20962627378117,35.83592683560563],[129.2096047382799,35.83552530227271],[129.2095604914223,35.83506429858935]],[[129.2101838677259,35.836374998243194],[129.21031633518234,35.83631363625122],[129.2106229090832,35.836246401524],[129.21089926726808,35.83620882477838],[129.21089811763343,35.83635256736547],[129.21088492478808,35.836415840174546],[129.21087891012627,35.836489861416155],[129.210861948772,35.836593228447164],[129.21075269527302,35.83660984855127],[129.21071444505114,35.836753556587155],[129.2105749988054,35.83673690982936],[129.21034890436096,35.83675548121923],[129.21032265947753,35.83673765501456],[129.21027584153575,35.83666164371157],[129.21027557662742,35.83661545504037],[129.21042370794555,35.836597154544926],[129.21042804817733,35.83658086138715],[129.21026979170352,35.83659573669849],[129.2102124628343,35.8364703911038],[129.2101838677259,35.836374998243194]],[[129.2097554559566,35.83664127713346],[129.20981606306853,35.83664911211059],[129.20984339205228,35.83666677432166],[129.2098618779408,35.83670147649754],[129.20988267109274,35.83678044413497],[129.20990168657727,35.836780636472334],[129.20987539414125,35.836698037318634],[129.20982542055216,35.836583277502385],[129.2097455085188,35.83661268865385],[129.20969135350572,35.83661732479451],[129.20967731643853,35.83640445551252],[129.20977556909477,35.83637545423313],[129.20985795414686,35.83635645723922],[129.20996540764827,35.83635415294268],[129.2101224817164,35.83634015429894],[129.21017701256412,35.83643684500465],[129.2102043826761,35.836499785931764],[129.21025301856585,35.83661494446554],[129.2102655685699,35.83667785704519],[129.2102921661587,35.836733147667765],[129.21033197496055,35.836765748855356],[129.21034000814473,35.83677755931246],[129.2103684509661,35.83678095265932],[129.21044617075705,35.83676393711215],[129.21058211041918,35.83675181316565],[129.2106979879862,35.83676665338156],[129.21069350824527,35.83678459608122],[129.210665033605,35.836785952461014],[129.21066832294954,35.83681627384231],[129.21068104161793,35.83685054431589],[129.21064892403717,35.836982038707845],[129.2106556132848,35.837029982646165],[129.21060531223134,35.83717895689404],[129.2105817030819,35.83722505191261],[129.21035146208644,35.83716967384415],[129.21024859893416,35.83716704968149],[129.210213004476,35.83715886505863],[129.21010472755907,35.83715145551854],[129.21008636037507,35.83719177333269],[129.21004450089993,35.83722993286189],[129.2099337204922,35.83726406618316],[129.20982909966958,35.837321576193936],[129.2097894237851,35.83733561436487],[129.2097578497641,35.83733693985202],[129.20974600801136,35.83723575886995],[129.209733973397,35.8372259380606],[129.20969187565524,35.83664772309815],[129.2097554559566,35.83664127713346]],[[129.20972788696415,35.83736186630919],[129.2098329599964,35.83735026534126],[129.20994121431733,35.83728971180812],[129.21005578845686,35.8372503266137],[129.21008520869853,35.837233827715636],[129.21010597292232,35.83720437483109],[129.2101390721345,35.83717263838682],[129.21021974699713,35.837180762766174],[129.21055508005455,35.837244574270095],[129.21046745182832,35.83753936373311],[129.2103792433462,35.83777771777932],[129.2103636546771,35.83785196290818],[129.21033483867822,35.83787947411212],[129.21003323741553,35.83786999398121],[129.20980940485805,35.83787019293411],[129.2097635435172,35.837503886775934],[129.20973868139583,35.837481578831074],[129.20972788696415,35.83736186630919]],[[129.2094263006387,35.826875708148165],[129.20938378153375,35.82682024650172],[129.2091063390354,35.826582263581805],[129.20901529404807,35.826510212436816],[129.20891744010595,35.826415695725515],[129.2088618648478,35.82634819765696],[129.20862790049273,35.82602281618531],[129.20858352349472,35.825975982439196],[129.20855036710793,35.82583931047237],[129.2085427560051,35.82575513754034],[129.208515045479,35.82575093135971],[129.2084882092887,35.82566151920561],[129.20847557966997,35.82556672012379],[129.2084762367946,35.825508669282975],[129.20861177378447,35.8255362394498],[129.20919239061013,35.82582514354891],[129.20942393423945,35.82596429320668],[129.20973974097677,35.82619283592341],[129.20970323634404,35.82626221453074],[129.20968288984957,35.82631499109724],[129.20967076793747,35.826406705564835],[129.2096302120083,35.82763842041956],[129.20962008300694,35.82763861534558],[129.20959501605162,35.82734750136735],[129.20955589340866,35.827139154396576],[129.20947705103347,35.826930245269835],[129.2094263006387,35.826875708148165]],[[129.2096343692111,35.837437075509605],[129.2096733511447,35.83787333073094],[129.2095308257821,35.83787348742354],[129.20943939753718,35.83788022479856],[129.20931068549228,35.83789741801161],[129.20929653011564,35.837821376890425],[129.20930168115476,35.83754718032914],[129.20931275780987,35.83745706308885],[129.20960269762367,35.83746462753601],[129.2096343692111,35.837437075509605]],[[129.20939681487195,35.83686096528658],[129.2093540152174,35.83685274781095],[129.20934287032316,35.83676814859941],[129.20933908640717,35.83667108136099],[129.20934811670014,35.83653482357332],[129.20935587655325,35.836501319650345],[129.20937572747624,35.83648661294057],[129.20942638850784,35.83646214644474],[129.20954826346878,35.83644274786601],[129.20956425537213,35.83661598575537],[129.2095858713128,35.83664565357216],[129.20963065654226,35.83721913234947],[129.20948592267146,35.83723352356962],[129.20933360870086,35.83721035455987],[129.20934306849722,35.83694171123765],[129.2093555130287,35.836875348603556],[129.209395188345,35.83687811891328],[129.20939681487195,35.83686096528658]],[[129.20961399359985,35.83741623781984],[129.2095796353406,35.83743642225801],[129.20947193166938,35.83743673487924],[129.2093192975246,35.837426751712634],[129.20932567942762,35.8373359396123],[129.20932541259734,35.83723788393613],[129.20941134916197,35.837243431192086],[129.2095802691771,35.837263786483526],[129.20961663773494,35.83726324584073],[129.20962899941148,35.83739404105078],[129.20961399359985,35.83741623781984]]],[[[129.2174301763702,35.84444058338327],[129.21743094721086,35.84471677907791],[129.21756180913252,35.84471749015733],[129.21756258294684,35.8453741304619],[129.21757199359257,35.845750196096134],[129.21810365580083,35.84571429741992],[129.21809944178753,35.84520263842703],[129.2181121628933,35.84501225348643],[129.2181508625139,35.84464248196834],[129.218148733268,35.84439683209175],[129.21787573869662,35.84441046421336],[129.21774798155477,35.84443602833852],[129.21757332139418,35.844427870789346],[129.2174301763702,35.84444058338327]]],[[[129.21022515983267,35.84887862281226],[129.21027751042988,35.84886658129188],[129.21027595312503,35.84885103744398],[129.2100558738117,35.84886324403861],[129.21004945236075,35.848736043815634],[129.21005562394467,35.848657912794394],[129.21005055587207,35.84858253206704],[129.21006067864104,35.84855909102097],[129.21012979636774,35.84856691103703],[129.21020540236486,35.848549917356124],[129.2103166587329,35.848488727485446],[129.21043411906427,35.8484337002833],[129.2104693627098,35.8484328188567],[129.21049380251964,35.848461544235235],[129.2105395797085,35.84854738973493],[129.21058472089413,35.84866923222856],[129.21060294083935,35.848803829174265],[129.21054339327216,35.848827869976176],[129.21055689239276,35.84884245574413],[129.2106264013446,35.84884317294708],[129.21063592246156,35.84879301085319],[129.21063152777253,35.84874664020275],[129.21059221619993,35.84859796639778],[129.2105391806254,35.848500777802634],[129.2104978808386,35.848400044883824],[129.21058726287401,35.84831770443075],[129.21075080618064,35.848304928410876],[129.21082159024712,35.848310834478575],[129.2108125254614,35.84852193192894],[129.21086130829624,35.8486056090697],[129.2108842350373,35.84860190103369],[129.21083690529235,35.84851935694492],[129.21084617539063,35.84839060630804],[129.2108649203641,35.84830789301188],[129.21099320054148,35.84829279880271],[129.21105668041037,35.84830359322703],[129.21115250107192,35.84831253770562],[129.21117683230642,35.84849756684438],[129.21120031456172,35.848540893991824],[129.2111913640791,35.84858480947691],[129.21115029702077,35.84870738798606],[129.21115473146344,35.84878977247799],[129.21112204748266,35.848858973363996],[129.21109897282798,35.848886420614804],[129.21106571986175,35.84891190286513],[129.21096861556103,35.84891602867462],[129.2109627042666,35.849021241830634],[129.2108946723729,35.84903503236471],[129.21072775361418,35.84905711535346],[129.21061848098202,35.84908139598171],[129.2106049848421,35.84911855996011],[129.21061397299164,35.84918581357658],[129.2105865757299,35.84921974823434],[129.21054278126607,35.84923154067845],[129.21045511219157,35.84922037347968],[129.2104480782021,35.84924813518234],[129.2105391554135,35.84926363420659],[129.21050620958715,35.8493170517589],[129.21049136647002,35.84938934876864],[129.21036976384383,35.849368092457944],[129.21011645246577,35.84935955609259],[129.2101032968853,35.84936624817903],[129.21009628997822,35.84940862807919],[129.2101655326328,35.84967932428004],[129.21011523259935,35.84980245920025],[129.2100209626823,35.849824117636615],[129.21002142054093,35.84985101012279],[129.2101443317749,35.84983911655967],[129.21015818694545,35.84977830323025],[129.21018957458188,35.8497081946048],[129.21031956983518,35.84972567830032],[129.21040657035212,35.84972653646582],[129.21057694170472,35.84971607403238],[129.2107208742298,35.84969991643951],[129.21080269929564,35.84966908638985],[129.21093124849347,35.84964600670872],[129.21094649337925,35.8496382203782],[129.2110191609372,35.84963586759894],[129.21125270726148,35.849604186768424],[129.2113670785252,35.84960317593049],[129.21146844273193,35.84958118860402],[129.2115467650272,35.849552932729566],[129.21154418471855,35.84953995023684],[129.21145656927723,35.849570304235],[129.2113654800648,35.84958470311043],[129.21116419095333,35.849586757884424],[129.21106911819246,35.849601794360964],[129.21097784283998,35.84959176039669],[129.21093139919174,35.849572815984175],[129.21089602661385,35.849604844950115],[129.21083858146653,35.84963296489161],[129.21076744902714,35.84964658951767],[129.2106918063674,35.84968369048788],[129.21058373752774,35.849694576421946],[129.21044847062066,35.849697281153155],[129.2103742176225,35.84970717078833],[129.2102967853884,35.84969934733978],[129.21019077393694,35.84968430040075],[129.21017612591635,35.84961994959827],[129.21015029491477,35.84944058273919],[129.21012458695787,35.84938420916555],[129.21020163085657,35.849374918673945],[129.21039894693163,35.84939877432884],[129.21051434276762,35.84942130315624],[129.21053718320005,35.849481620094515],[129.210518643142,35.84953719634851],[129.21054461354493,35.849558474728234],[129.21058012123498,35.849527265767094],[129.21056276842418,35.849470030574935],[129.21055633058103,35.84942547499323],[129.21061780968677,35.84942861250717],[129.21063005616824,35.84940876370545],[129.21052568755834,35.84939530941268],[129.21052301306776,35.84933372268005],[129.21064246583776,35.84918970244468],[129.21062984411972,35.84914673481506],[129.21065062199017,35.8491045201746],[129.21078654859784,35.84907521819663],[129.2110080608684,35.84903946712908],[129.21099979822006,35.84897880942214],[129.21104763569977,35.84893861138955],[129.21108810150196,35.84891555894919],[129.21114067974352,35.84887228836137],[129.21117654350266,35.84882516253412],[129.21118706607604,35.84867198583105],[129.2112268090431,35.84858889336159],[129.21124779681557,35.848571913235084],[129.21123786859312,35.84854299144352],[129.21124504051704,35.84849627617333],[129.21129713749497,35.848476357730526],[129.21132525079358,35.84847072089257],[129.21136637797701,35.84852654456171],[129.2113697245704,35.84861190507131],[129.21136457920616,35.84871351191575],[129.21144791952676,35.848737258446924],[129.21144767479072,35.84876619799582],[129.21154380088657,35.848769004118004],[129.2115529533259,35.848755559500724],[129.2115013971552,35.84873292911995],[129.2114395421561,35.848708784587814],[129.211390574378,35.84870220089031],[129.21139489351228,35.848623126725926],[129.21143154597777,35.84862334208046],[129.21140145124107,35.84859121103733],[129.21139280721408,35.848549750634376],[129.21136915774963,35.84848921896328],[129.21134045733356,35.84844427871253],[129.21138146818353,35.848376144717605],[129.21144853683398,35.84832473743395],[129.2115068356139,35.84830173480218],[129.21157590605253,35.84833362644541],[129.21163304986206,35.848414116257665],[129.21165787126998,35.84845725171162],[129.21168494987282,35.8485587120808],[129.21171879888752,35.84858723148663],[129.2118067306181,35.848589069373276],[129.21180966882923,35.848607629970445],[129.2118583812186,35.848727086431744],[129.21187754875191,35.84880890435128],[129.2118851077822,35.848900485099804],[129.21186997301513,35.84895406384221],[129.21184654065092,35.848967533483],[129.2117884052678,35.84896871674238],[129.2117013545434,35.84896110930533],[129.21155197767212,35.84896064953743],[129.21146727977987,35.84896791744619],[129.21147221000362,35.84898629431956],[129.21173617146363,35.84897881201729],[129.2118399671469,35.848993419862474],[129.21184154066594,35.84924132378942],[129.21182570851252,35.849282367364985],[129.2118387600273,35.84931597013322],[129.21186340189536,35.84921973664366],[129.21185641379566,35.849013218558014],[129.21189059735477,35.84896295010021],[129.21190950798302,35.84891397012803],[129.21191231425826,35.84884905722714],[129.2118825451837,35.848734975120124],[129.21184446895674,35.848619023935065],[129.2118437398892,35.848598647959975],[129.2118914225997,35.84857972836197],[129.21202469171476,35.84855902755677],[129.21218744653248,35.84854937829915],[129.21233157119235,35.84853145199193],[129.21244253766798,35.848532798368154],[129.21266509071677,35.848523034455205],[129.2129229313766,35.84849977942618],[129.21306865205563,35.84849519693204],[129.2131000114033,35.848461425966335],[129.213361518571,35.84846841640682],[129.21336965861033,35.84854883163751],[129.21349353512613,35.84856782778066],[129.2136291570057,35.84864928668665],[129.21363906686898,35.849655937727604],[129.21363128047645,35.8496626477572],[129.2135121971534,35.84969002159477],[129.2132025603891,35.8497146218987],[129.21261481685423,35.84974844347952],[129.21208305095894,35.84976882560168],[129.21207911252554,35.84982417822535],[129.21233862353995,35.84981553978456],[129.2125239498094,35.849846686066215],[129.2125803163849,35.84984810482316],[129.2125804426099,35.84985660264836],[129.21250760128652,35.84985987301785],[129.21251605211563,35.849995261871236],[129.21206014356486,35.85001442914762],[129.21190368604198,35.850012080592364],[129.21146155371142,35.850045920849404],[129.21102246100492,35.85005711479726],[129.21072176242373,35.850075934141245],[129.2100517167159,35.850082686770456],[129.21005136962927,35.850089645017654],[129.21086070666496,35.8500864259963],[129.21086009856907,35.8501119774736],[129.21131743036796,35.850099075946154],[129.21170145485408,35.85007282727166],[129.21261261810432,35.85004233572762],[129.2128241985243,35.85003845792745],[129.21346074155633,35.85003836411651],[129.21376931374087,35.84999185565787],[129.21388337977385,35.84995506336765],[129.21396054333957,35.84991174809533],[129.21401894198965,35.849843041722664],[129.21407144368985,35.849721694769904],[129.21409984213187,35.84961544130634],[129.2141143449923,35.8494417809482],[129.21410139140056,35.84931252866197],[129.21406389181155,35.848688110279255],[129.2140029149683,35.84722593169872],[129.21396881275564,35.84722707350495],[129.21397553227098,35.847326775886664],[129.2139819338623,35.84761435332738],[129.21397121388094,35.84796533690119],[129.21400684025303,35.84829468961822],[129.21400648723528,35.848498435717666],[129.213980360168,35.84850163629644],[129.21398524796746,35.84863667988687],[129.2139962845237,35.84874871271419],[129.21398971823862,35.84895129816203],[129.21399939884833,35.849052978025284],[129.21401827851977,35.84907584538131],[129.2140446823691,35.849309023992575],[129.2140516978194,35.849577574874445],[129.21403503095763,35.849641430833806],[129.2140048973768,35.84969835395289],[129.21393410982103,35.847961707383284],[129.21391014666023,35.84722385161652],[129.21396823670185,35.8472185261597],[129.21396881257903,35.84722707088453],[129.21396658182158,35.847038103413894],[129.21394518320224,35.846850879582526],[129.21392280010247,35.84679669997067],[129.2139388592329,35.84715676590402],[129.21390452723355,35.8471588994728],[129.2138621904076,35.84619723265651],[129.21385342822137,35.845829493134616],[129.2138226296061,35.84514706702696],[129.21381362785044,35.845088005995215],[129.21381661902294,35.84504325364698],[129.21379804545526,35.8446489264832],[129.2137181082677,35.84465059981411],[129.21377950732935,35.84472057256512],[129.21382443501116,35.84552122677363],[129.21356419021092,35.84555244601254],[129.21356178668702,35.84551862634404],[129.21331473880954,35.845513285078866],[129.2133072462518,35.84552628529816],[129.2133407147751,35.84553687005956],[129.21333009219435,35.84558830509601],[129.21333837627932,35.845623195901624],[129.21336615214312,35.845661756476936],[129.21339489739273,35.84569021232439],[129.21330533612382,35.845744580411306],[129.2132639766987,35.845717949273926],[129.2132401999626,35.845684708015376],[129.2131805754887,35.84562031962394],[129.2131479716881,35.84559773765835],[129.21303851846764,35.84548526514318],[129.21296530211092,35.845429552569605],[129.21302301120312,35.845343850272165],[129.2130675165027,35.845342239793695],[129.2130889697715,35.84533011625617],[129.2131176384151,35.8452798210833],[129.2131644782953,35.84528200071994],[129.21320117713125,35.84530024045535],[129.21329144245306,35.84531099552576],[129.21329391883287,35.84528483688634],[129.2132285931345,35.84528260876239],[129.21320958948118,35.84525431595948],[129.21323703154448,35.845200688293694],[129.2133317956898,35.84515081733151],[129.21336222607655,35.84518865223135],[129.2133800525758,35.84518636767378],[129.21336871436213,35.845122705340934],[129.2133198389519,35.845104297859315],[129.21324600484584,35.84502017914122],[129.21311126397754,35.84493453639104],[129.2128384984599,35.84491454004322],[129.21265525632404,35.84491369056709],[129.21264968830693,35.84467141729489],[129.2126702208665,35.84455420968736],[129.21271594790747,35.84446248119365],[129.2127662581572,35.84438770615067],[129.21278044578756,35.844344835773825],[129.21277182017775,35.84421442201884],[129.21275399944975,35.84421463360078],[129.2127606296326,35.84425628673863],[129.21275049172073,35.84432360091063],[129.2127118256325,35.84440232098133],[129.21266813026767,35.84446708050039],[129.2126345447607,35.844587555545836],[129.2126173950488,35.844824271975874],[129.2126260281421,35.84491581480101],[129.21253174176718,35.844937177830765],[129.21242579020372,35.844942510000514],[129.21232972573316,35.844961253355315],[129.21227402764572,35.84495792631893],[129.21224117143018,35.84496943883632],[129.21223112863854,35.84503106590266],[129.2121357029039,35.84504025473169],[129.21196238793573,35.84502621052157],[129.21188025769644,35.84503591660973],[129.21172657667324,35.84503753745768],[129.211733847758,35.84422336242218],[129.21159013997297,35.8442285706446],[129.21159021787398,35.84426230430237],[129.21147265434624,35.84427135105869],[129.2114712695777,35.844291920007336],[129.2115891822111,35.84429351640645],[129.21158888084503,35.844447856022256],[129.2114697521407,35.84445112849904],[129.21146968045738,35.84446592715167],[129.21158770750233,35.844464639351386],[129.21158591682007,35.84459570227606],[129.21154281000173,35.844627979302366],[129.21091703408527,35.84463989555995],[129.21069750303943,35.84463301388634],[129.21051132652946,35.84464417090064],[129.21016390653548,35.84465586009264],[129.21012621131462,35.844654086996236],[129.2100977374985,35.84439899251061],[129.21009408845322,35.844349709473],[129.21013384537514,35.8443441698611],[129.21013073889475,35.84432454602576],[129.2100912544144,35.844328444888355],[129.21006914824267,35.84415046832151],[129.2100342373714,35.84415935215276],[129.21015718249873,35.845275111693574],[129.21014577893686,35.84599266167452],[129.21013401447684,35.84637810162456],[129.21010539779704,35.84696052092709],[129.21006419104685,35.84737249063713],[129.21156620328466,35.84731577207337],[129.2118849991581,35.847300433812855],[129.21248308949754,35.84728044985624],[129.21247254229746,35.847310489003085],[129.21245971089525,35.84731817215436],[129.21240659523156,35.84741283352796],[129.2124105388592,35.84748079885626],[129.21243983626474,35.84774687743577],[129.21247270526263,35.84777738110283],[129.2125118719792,35.8478033584406],[129.2125252665475,35.84784526104904],[129.21252711384975,35.847911607800796],[129.21255535799727,35.84795545806084],[129.21255617946306,35.84797303999745],[129.21254759055375,35.84799017882602],[129.21230822351467,35.848012238027515],[129.21226708385527,35.848031326564794],[129.21223016376487,35.848055373572926],[129.2121754606319,35.84805655099905],[129.21211906009148,35.84804375299452],[129.21209574515925,35.84802197460812],[129.21205096585288,35.8478870098435],[129.21193838615483,35.847865486950475],[129.21177957979427,35.847864944838896],[129.21173997248192,35.84787746040489],[129.2116478287762,35.84799490120865],[129.21157094279607,35.848181008508654],[129.21147654417095,35.848283131875725],[129.21131623195546,35.84821552980409],[129.21116089337133,35.84818694294598],[129.21092712967464,35.84821858792789],[129.21058057233407,35.84820215785124],[129.21048194545446,35.848237415077065],[129.21049685499048,35.848371900644295],[129.21042827267883,35.84841199934736],[129.21028675181284,35.8484773786501],[129.21022278040508,35.84851980345966],[129.21014890103336,35.84854513972413],[129.2100672350329,35.848539144000284],[129.2100751948745,35.84837033515211],[129.21005028616364,35.84852180634039],[129.21003712765517,35.84855692383631],[129.21002357787478,35.84868782681046],[129.21003545966497,35.848909180107476],[129.21005130310581,35.84905812914905],[129.21005685240146,35.848886080002366],[129.21022515983267,35.84887862281226]],[[129.21300811521738,35.846741570851414],[129.21302631277274,35.8467079762761],[129.21310921636163,35.84669710543072],[129.21329313018862,35.84669091426304],[129.21329220775198,35.84667288188103],[129.2128354829487,35.84669424355451],[129.2128128788245,35.8464104166587],[129.21287441199667,35.84639723129391],[129.21288023638078,35.84596830722825],[129.21281912094446,35.84597192960047],[129.21280657287036,35.84586099879268],[129.2128927048409,35.845857332418426],[129.2128919950178,35.845835956019435],[129.21279112075035,35.84583622356781],[129.21275215859018,35.84579939490244],[129.21273923862364,35.84576523320711],[129.21272893750333,35.845670899460785],[129.21273112338667,35.84561443230934],[129.21274453895754,35.845576700427095],[129.21274850076284,35.84551788690235],[129.21274205020342,35.84546052467006],[129.21275366859078,35.84536705363413],[129.21293621343543,35.84544259978316],[129.2130097994338,35.84551246134804],[129.2129704175848,35.84557603273518],[129.21299932614994,35.845578514367084],[129.21303871826893,35.845518818327335],[129.2131085221473,35.84558580248915],[129.21312291125633,35.84562709044517],[129.2131636840789,35.84563712164119],[129.21328670741767,35.84577825690621],[129.2132798193598,35.84581462546792],[129.2131082184464,35.845825652666534],[129.213109487802,35.8458492902161],[129.21336868296822,35.84583918108498],[129.21336861739107,35.84585614272369],[129.21328523978428,35.84585908358454],[129.21327505928554,35.84595192125408],[129.21336961265663,35.84594732943276],[129.21336856764432,35.84615371749527],[129.21353787873312,35.84615549171318],[129.21354747352737,35.846187865700685],[129.21329933796918,35.846190547450945],[129.21328756231674,35.8463578942515],[129.21333240483585,35.8463580044672],[129.21333274081792,35.84649682338346],[129.21330329983854,35.84649822715766],[129.21329452859888,35.8466727763791],[129.21342320726453,35.846674183031325],[129.2134122403588,35.846808425500576],[129.21331679853802,35.84686226320894],[129.213338676954,35.846930773694325],[129.21313542453532,35.846953771252984],[129.21312983780058,35.84698003449763],[129.21313191652789,35.84701664861293],[129.21315235385998,35.84704277589447],[129.21315786179275,35.84707433697008],[129.2130284728518,35.8471003585877],[129.21301867981637,35.847034981147495],[129.2129856505569,35.846931575816654],[129.21293268896028,35.84682540266337],[129.2129319428641,35.84674449878481],[129.21300811521738,35.846741570851414]],[[129.21306465130965,35.847372463287684],[129.21320529691792,35.84737086369001],[129.21321362806142,35.84738176314445],[129.21319873143142,35.84748284651589],[129.2132444831233,35.847491598145574],[129.21339677574161,35.84749476343368],[129.2133992078877,35.84757679088715],[129.2133886135797,35.84763477794643],[129.21332465047024,35.84765031110603],[129.21322906134466,35.84764497294807],[129.21307625455037,35.84765254223644],[129.21306604866302,35.84772766133834],[129.21300456996008,35.84776590144351],[129.21289328731334,35.847770152900644],[129.21289822301082,35.84779466721916],[129.21301069053115,35.84777805753934],[129.21306876977997,35.84775190917433],[129.21308658457048,35.84774916504368],[129.21308825377074,35.84783579922942],[129.2131020416078,35.84789644707194],[129.21310848775548,35.8479894717145],[129.21313035624297,35.848008368453186],[129.21314994706552,35.84804493369142],[129.2131500105302,35.84811047244807],[129.21313868401913,35.84818044738937],[129.21308281627222,35.84824329077404],[129.21307701404527,35.84843432984106],[129.21305947669515,35.84846239859308],[129.21280063825404,35.84848502479494],[129.21279005117887,35.848420766297174],[129.21274058087548,35.8482664241719],[129.21270046354854,35.84821186094636],[129.21265076917285,35.84818165728769],[129.21261623877987,35.84815088621604],[129.21259844017715,35.84811801286561],[129.21258027582707,35.8479972502957],[129.2125874651512,35.84795323866067],[129.21256034991734,35.847917677921636],[129.2125480490225,35.84779139840772],[129.21248174026636,35.847761494232714],[129.21246116716662,35.84773006773074],[129.2124466006813,35.84766779892981],[129.21246047840884,35.84755779507055],[129.2125524449784,35.847574667186215],[129.21257549949345,35.84762349244508],[129.21262816530805,35.84764729204465],[129.21263076870028,35.84762718059068],[129.21260128253974,35.84761587665275],[129.2125825025314,35.84759273851727],[129.21258065256148,35.84756299151618],[129.2124502282022,35.847536985186935],[129.21243839039764,35.84741828435019],[129.2124641479718,35.847359279374984],[129.2124859084149,35.84733751203709],[129.21252418105468,35.84732275445708],[129.21253678988793,35.847398184935884],[129.2125676808336,35.84743418967614],[129.2125707999745,35.84739983757185],[129.21255860384125,35.847396614496546],[129.21254300176642,35.847277731017115],[129.2130902558697,35.84725603983036],[129.21309007177055,35.8473117463977],[129.21306465130965,35.847372463287684]],[[129.21312038789978,35.84825621161365],[129.21316168440478,35.84817121412944],[129.21317887111954,35.848052903860335],[129.21313815507753,35.847943897346745],[129.21312522290708,35.84782618087708],[129.21310048917687,35.84772877231635],[129.21310598327722,35.847671785639676],[129.2132235819362,35.847665810482255],[129.2133421070882,35.84767939069319],[129.21337955987224,35.847768395155406],[129.21335133793292,35.84777881830081],[129.21338262308245,35.84813341385919],[129.2133457542661,35.84813501099239],[129.2133602520555,35.84842500752992],[129.21332897641918,35.848448585284004],[129.21310131893117,35.84845358279295],[129.21310390743224,35.84838623687065],[129.21312038789978,35.84825621161365]],[[129.21294997336273,35.84499255440654],[129.21306577939728,35.84498828592436],[129.21317009909393,35.84499784471557],[129.2132289975649,35.84503914437329],[129.213260298301,35.845071299891096],[129.21330331714296,35.84513932252106],[129.21312242385412,35.84524364549319],[129.21310201239834,35.84522708041481],[129.21308213305178,35.84524831282086],[129.2130454229186,35.84527164773108],[129.21301013880586,35.845331787169236],[129.21293703581065,35.84541463254953],[129.21280346638832,35.845353438311264],[129.2127416000307,35.845319993552145],[129.21268929328187,35.84516385380887],[129.2126596223916,35.845028240787705],[129.21265358011868,35.84495365493996],[129.21294333001072,35.84495017129508],[129.21294997336273,35.84499255440654]],[[129.21120404100634,35.84687864965814],[129.21118879221234,35.84698565461851],[129.21125911492834,35.84698914588742],[129.2112596144245,35.84687197353226],[129.21132626962054,35.84686996452833],[129.2113298166918,35.84677515586887],[129.21127301146825,35.84677642667895],[129.21127192553323,35.84683063874979],[129.21094094380382,35.84682909819009],[129.2107083556719,35.84683481174178],[129.21064230209853,35.846876231009375],[129.21057856961733,35.84692899293644],[129.21032781084963,35.84697069723494],[129.21032196189321,35.84691840787484],[129.21014191400576,35.84690478732562],[129.21016882809369,35.84641200927907],[129.2101835392196,35.846010576036804],[129.21076093018826,35.84599424160887],[129.21082883666466,35.84600109900175],[129.21089747959437,35.84599755464876],[129.2109017363109,35.84597039257037],[129.21104101353492,35.845958694882185],[129.21104230432925,35.84599071404095],[129.2112208227659,35.8460001451037],[129.21153683893735,35.84599888113432],[129.21158488756953,35.84604371543082],[129.21158490569744,35.84609675395565],[129.2116306669035,35.84610948069871],[129.21174685008597,35.84612164261144],[129.21178541864063,35.846135283130586],[129.21207326425306,35.846117466024324],[129.21230613991074,35.8461208429407],[129.21226856882606,35.84629175878668],[129.2122963856965,35.84629991136355],[129.21235393002982,35.84610128307793],[129.21246281706956,35.84611705308852],[129.21255811270967,35.84614602314737],[129.2127182933317,35.84617352721595],[129.21284913687398,35.84620396667563],[129.2128392439799,35.846372031121625],[129.2126378019466,35.84640936353933],[129.21246507808996,35.846506812639305],[129.21234774770193,35.84652569247963],[129.2122437046183,35.84650007222309],[129.21214855373066,35.84648409768578],[129.2120866434438,35.846480321818206],[129.21201159625627,35.84649425145644],[129.21184564529597,35.84650761921693],[129.2117493995691,35.846500397416],[129.21174659783654,35.84653350522456],[129.2120755309922,35.846510109574965],[129.21222282609665,35.846520404985974],[129.21233374129133,35.84654943795179],[129.21241555624889,35.84654550911856],[129.21247598799283,35.846530162891604],[129.21263977318614,35.846443102868896],[129.21267609701923,35.846536850128786],[129.21269300998998,35.84652806926754],[129.2126733008034,35.84643411256417],[129.21277822650845,35.84641687646809],[129.21278465257538,35.84646079208491],[129.21278193855647,35.84653097718001],[129.212790870165,35.84665562234648],[129.21279948429705,35.84668979160296],[129.21287801645948,35.846746035662704],[129.2129263145298,35.8468885554377],[129.21298119388632,35.847008252975755],[129.212994286331,35.84711142302514],[129.2130204704128,35.847134016327075],[129.2130288890195,35.847132018757485],[129.21305144488232,35.84719725656335],[129.21250198613762,35.847213940496],[129.21231918048863,35.84722525662087],[129.21216515948922,35.8472296725065],[129.21204112999757,35.84722727627386],[129.21188690213268,35.84723719880106],[129.21172257443357,35.8472412716657],[129.21158480279675,35.84723704242971],[129.21122757192913,35.84725172598659],[129.21123014148944,35.84721863662401],[129.2111993534395,35.84721724836029],[129.21119402456014,35.84725340678686],[129.21061384522665,35.8472736235331],[129.21060393096502,35.84715289134644],[129.21061565387944,35.847039160262625],[129.2106163463359,35.84692344759851],[129.21065886014242,35.8468923615964],[129.21073809940762,35.84686852978028],[129.21073907237343,35.84685545095142],[129.2109998115727,35.84686285552024],[129.21107721377268,35.84686028716612],[129.21120404100634,35.84687864965814]],[[129.21271770097883,35.84601693609165],[129.21278388536876,35.8460046438466],[129.21285664659996,35.84600966201945],[129.21285766241016,35.84615469837468],[129.21270980463876,35.84614070960484],[129.21261575279618,35.84612580599138],[129.21247003619763,35.84608015225607],[129.2124881535701,35.84601625787787],[129.21251433170718,35.84596564327985],[129.212650379748,35.84601795566199],[129.21271770097883,35.84601693609165]],[[129.21259518976584,35.84591008289553],[129.21262655046175,35.84587295037561],[129.21274370247014,35.84582476192909],[129.21278555072962,35.84591470519141],[129.21279710878426,35.84597791655992],[129.21271820038575,35.845996548941386],[129.2126694933891,35.84600005929992],[129.21263598531735,35.84597459478627],[129.21259087717846,35.84595771251652],[129.21259518976584,35.84591008289553]],[[129.21154948684037,35.848268043640175],[129.2115618738816,35.84822609585501],[129.2116127635383,35.84820599913555],[129.21161647200825,35.848147303277976],[129.21164042420122,35.848079199021335],[129.21166531188638,35.848030028376975],[129.21173552185812,35.84802819317713],[129.21175442955047,35.84805782021712],[129.211780266685,35.84815027024821],[129.21178426802726,35.84819416311242],[129.21181338102733,35.848189876285055],[129.2117974486484,35.848117425679995],[129.21177164981236,35.84803948570358],[129.21174625489837,35.847984544903845],[129.21172562081378,35.84797186437525],[129.21172159210062,35.847959524304244],[129.21171956627137,35.847946910354],[129.21174309083744,35.84792234619201],[129.21180128734662,35.847902678218986],[129.2118834645192,35.8479054273723],[129.21193065724853,35.84807410372002],[129.21193509454866,35.84811538219229],[129.21196712680157,35.848243970451946],[129.21199610165613,35.84831306356134],[129.2120262254874,35.84831427253386],[129.21200814219955,35.84826156309261],[129.2119980392958,35.84825040529762],[129.21198517240992,35.848165151604206],[129.21190772369528,35.84790754789292],[129.21190546059105,35.84789312284947],[129.21195572363766,35.84788735695036],[129.21200059831074,35.84789511921444],[129.2120139867828,35.847930623018115],[129.21204563816715,35.84796536480764],[129.21207904236672,35.848030845140386],[129.21210803984206,35.84806243719027],[129.21218071984734,35.84807790139286],[129.21228112922793,35.8480640262992],[129.21229924222877,35.848127911143415],[129.2123040872138,35.84819767738491],[129.21233084717556,35.84818266969072],[129.2122987566126,35.848032262377295],[129.21255773125924,35.84801558526484],[129.2125668653373,35.84811644608542],[129.2125885534234,35.84815084473181],[129.21264153872627,35.84821151388106],[129.2126839874341,35.84822271391288],[129.21275060485112,35.848368815533654],[129.21276413240457,35.84841486362516],[129.2127648695352,35.84848409631696],[129.21258941317475,35.848508648300665],[129.21243615265323,35.848508556953114],[129.2123261002938,35.84851379710094],[129.212000164495,35.848539333164375],[129.21185439438315,35.84856716668717],[129.21171972093975,35.84855911088845],[129.2116938804106,35.84846539910734],[129.21175472762283,35.848443293147156],[129.21181471471706,35.848430841044255],[129.21181642383922,35.84841154230006],[129.21175653222946,35.84841822623976],[129.21169767913108,35.84843672371419],[129.21163793321534,35.84837696722361],[129.21154948684037,35.848268043640175]],[[129.21225441425173,35.84504626520116],[129.21226292858935,35.844992670951946],[129.21231794704556,35.84499014106048],[129.212453864955,35.84496879524181],[129.21254000871912,35.844965759975615],[129.21262178926688,35.84494946591323],[129.212651301503,35.84511295488775],[129.21271673532473,35.84538561221108],[129.2126982549066,35.845391782207095],[129.21270493115756,35.845818151822606],[129.21264415005695,35.84582258464299],[129.21248754512897,35.845945357617],[129.21242448573773,35.846063450950766],[129.21236558910684,35.84606897083471],[129.21191773510455,35.84608652820018],[129.2118362694713,35.84610100971883],[129.21176995391252,35.84610563203523],[129.2117145617624,35.846096887694316],[129.21171783076258,35.84593045716789],[129.2117336582125,35.845929798601716],[129.2117212555804,35.845785322900305],[129.21172659523984,35.84509490199076],[129.21201841058456,35.845072752073136],[129.21217974620012,35.8450732804311],[129.21225441425173,35.84504626520116]],[[129.21158787197552,35.84491311914166],[129.21148457115456,35.844912037959],[129.21149486169202,35.844818208854356],[129.21149281042733,35.844699328538915],[129.21155072226813,35.844698506317485],[129.21158844203697,35.84473055191503],[129.21158787197552,35.84491311914166]],[[129.21148454650884,35.84532678425935],[129.21149547142863,35.84521744353955],[129.211587479672,35.84521764320674],[129.21158721022195,35.84543024855531],[129.2114895453504,35.84543005877398],[129.21148454650884,35.84532678425935]],[[129.21158654644444,35.845195365937684],[129.21149076362653,35.84519517286634],[129.21149080232342,35.844928528958356],[129.21158647914456,35.844930623853216],[129.21158654644444,35.845195365937684]],[[129.21147095896504,35.844820774125466],[129.21130854156868,35.844825392841955],[129.211311233649,35.8448430616556],[129.2113856215476,35.844835721742875],[129.21147035936383,35.84484946196344],[129.21146661803954,35.845097249181514],[129.21146996135286,35.84519818334375],[129.21146259839009,35.8453192431003],[129.2114671069813,35.84544650974757],[129.21158614230478,35.84544503993485],[129.21158484683335,35.84583941115834],[129.21152150450501,35.84588425993595],[129.21107619135148,35.84589955659849],[129.2110550784813,35.845582623811204],[129.21101599172695,35.8455822413466],[129.21096535565889,35.844708991293665],[129.21147077951198,35.84469810528823],[129.21147095896504,35.844820774125466]],[[129.21120007300956,35.848453356045766],[129.211194677081,35.84822862987209],[129.21131400232488,35.84825159269301],[129.2114084760593,35.8482955078028],[129.21133647940198,35.84840498216684],[129.21131061177087,35.848460472210945],[129.21124982237882,35.84846255208066],[129.21120007300956,35.848453356045766]],[[129.21018084354432,35.84592385343685],[129.21019435598697,35.845639548691956],[129.21019726860416,35.84528941701515],[129.21018498942288,35.84521208405012],[129.2101346945319,35.84473599590397],[129.21085397315133,35.844715782557444],[129.21089477793504,35.84590464048922],[129.21018084354432,35.84592385343685]],[[129.21057447109527,35.84728215478633],[129.21011780824384,35.84729498020556],[129.21013490501906,35.84711532243239],[129.21014184158838,35.846932077295115],[129.21029651711106,35.84694104642524],[129.21030815490687,35.847010034897615],[129.21039267709565,35.84699139433977],[129.21058312140326,35.84695935713375],[129.21059164426026,35.84701392198944],[129.21056497424414,35.84716016913308],[129.21057447109527,35.84728215478633]]]]},"properties":{"reg":"국가지정문화유산구역","key":"reg_cult","note":"지정구역·보호구역","parcels":833,"area_ha":53.6,"parts":3,"source":"V-World 토지이용계획 속성(getLandUseAttr) 포함·저촉 필지 합집합(접함 제외) — 지정 필지 외곽, 법정 경계선 아님"}},{"type":"Feature","geometry":{"type":"Polygon","coordinates":[[[129.2100572841704,35.84266302932392],[129.21009153986122,35.84168553664542],[129.21006471327036,35.8409303081333],[129.20996085178757,35.83996847525335],[129.20992851394757,35.839576694503485],[129.21362920935417,35.84054116436423],[129.21365439010395,35.84044711827906],[129.21424782548303,35.84062249793003],[129.21521702250664,35.84094249754022],[129.2152133288214,35.84089006934895],[129.21520131527004,35.8408596735061],[129.2152260311298,35.84086363110179],[129.21523082160772,35.84087929532961],[129.21523373711037,35.84094934563656],[129.21583730556122,35.841150410784635],[129.21629941512512,35.841295029448524],[129.21646801084046,35.84135955490915],[129.21665860815406,35.84142285108896],[129.21676949814722,35.841473266714104],[129.21684729247417,35.841544064750046],[129.21691822170462,35.84163846076668],[129.21696033697629,35.84176482168634],[129.21700883058838,35.841761201823445],[129.21704950559982,35.84175199920091],[129.21742431378277,35.84173869075848],[129.21740997853567,35.841154228536936],[129.21752970025986,35.841110320738274],[129.21759878320776,35.84105030842459],[129.21763398498462,35.84100666965046],[129.21765635784647,35.84097108408589],[129.21766537296918,35.84094445393992],[129.21755076441443,35.84092273262807],[129.2173002544682,35.84091311580072],[129.21718532197013,35.840902516153875],[129.21714237426397,35.84101244666485],[129.21711874025425,35.84115061473413],[129.21709040873458,35.84113994969861],[129.21715065616016,35.840874351202544],[129.21701785927766,35.84083524084759],[129.2168942420258,35.84084249224703],[129.21671244671708,35.840882085461956],[129.21660577877668,35.840882357565945],[129.2164603770797,35.84083993453037],[129.2165174145782,35.840832000616544],[129.21656641435027,35.840852073905026],[129.216626687551,35.84086598947509],[129.21669408342134,35.840861452672655],[129.21690729093424,35.84082164095525],[129.21703684991988,35.840825887855104],[129.21715499738335,35.84085475923646],[129.21720190994063,35.84085199832151],[129.21721341387965,35.84082471484074],[129.21718891765968,35.84075882331893],[129.21717955476853,35.84071837397235],[129.21719277515567,35.840691393837396],[129.21718395143256,35.84069473529006],[129.2172162708066,35.84048178385414],[129.21723031175776,35.8399934700444],[129.2172275588301,35.83985564671367],[129.21724936287373,35.839847126799],[129.2172527845436,35.83980680771019],[129.21723839407392,35.83959782448379],[129.21726441207585,35.839408343867845],[129.21727367686483,35.839277745002484],[129.21724691907397,35.839234884494225],[129.21725101771708,35.83912575368457],[129.21729707402994,35.8390565180082],[129.21730496164,35.83883431846673],[129.21728309893882,35.83871073314163],[129.2172445133448,35.83858762846001],[129.21722643036333,35.83850686377804],[129.21714627049832,35.83846076446809],[129.217102987666,35.83846275278456],[129.21698978137633,35.83851614767291],[129.21692794813407,35.838530471265386],[129.2168008382327,35.83859967180373],[129.21674045988706,35.83864044440763],[129.21665595707054,35.83870751361655],[129.21646110129433,35.83879875349331],[129.21642845684622,35.838793233141246],[129.21639021811419,35.838798258407415],[129.21623809425785,35.83884336757831],[129.21622741247683,35.83883075112834],[129.21626653250271,35.838815954779],[129.21638287446532,35.83878807839168],[129.21642367021684,35.83878313867964],[129.21652308997034,35.8387434860342],[129.21662833462702,35.83868856470075],[129.21673009164854,35.838620995958394],[129.2169328014499,35.83851199593296],[129.2170093706243,35.838486875962886],[129.2171076204741,35.83844461130341],[129.2171509123157,35.83844186591835],[129.217212080067,35.83847203816492],[129.2172553818654,35.8384688781489],[129.2174035828726,35.83835717229255],[129.2174707968285,35.8383312396853],[129.21754215506303,35.83832339670918],[129.21760079190864,35.83827739056498],[129.21774330184235,35.83805515608809],[129.2177951229673,35.838087588973835],[129.2177283685946,35.838140008702524],[129.21764247101322,35.838267717283195],[129.21762387293165,35.838290966958134],[129.21756939616716,35.83834046248711],[129.2173793259981,35.83842024035066],[129.21734779529066,35.838437664096105],[129.2173051220492,35.83846447184131],[129.21726773098283,35.83851676647613],[129.2172808392586,35.838599748149335],[129.2173232965911,35.838726108393686],[129.2173357510498,35.838821023793955],[129.21733195551198,35.838964365550424],[129.21731431712726,35.83906823034043],[129.2172793552641,35.839134814449636],[129.21727657553723,35.83922415142369],[129.21729831837075,35.83928300010838],[129.21726620894464,35.839577307139024],[129.21729049805654,35.83980386500196],[129.2172761792698,35.839854333717824],[129.2172584033243,35.84005054989184],[129.2172538931137,35.84021616280417],[129.2172627414663,35.84041402551251],[129.21725029172364,35.84045579379575],[129.21724917147793,35.84053668305154],[129.21722586788712,35.84058828543743],[129.21721069758146,35.84068407054857],[129.2172010322026,35.84071586599501],[129.21720082749096,35.84075063661068],[129.21722682294376,35.84082244665496],[129.2172205862698,35.84085738131138],[129.21720815136993,35.840884224850996],[129.21730278946217,35.84089687071286],[129.2174014550328,35.84089669348093],[129.2175469588533,35.840907165860436],[129.21766615131583,35.840926797424736],[129.21766330326014,35.84089962946012],[129.21829716747484,35.84080836248735],[129.21829337654424,35.84088364177374],[129.21844643152522,35.84084209728351],[129.21858639462025,35.84080958875587],[129.2186619096374,35.84076664290811],[129.21872457800998,35.84071303140447],[129.21876594004598,35.8406881451986],[129.2188048011591,35.84068783159186],[129.21874757593824,35.84072421941097],[129.21873643039115,35.8407447249859],[129.2187168873124,35.840750303005464],[129.2187175276362,35.84076187390526],[129.21869022996793,35.84080159629663],[129.21868387002132,35.84082761788278],[129.2186269466017,35.84083671523151],[129.21849580529974,35.84086926195118],[129.2182663576154,35.84093640466111],[129.21826748322331,35.841101944329374],[129.21817182050967,35.841103405646486],[129.2181726213112,35.84116586987622],[129.21803913923335,35.841164163785514],[129.21780186216276,35.84108359574204],[129.21777121144584,35.84113604060404],[129.21776104304544,35.84119042233624],[129.21776937679675,35.84130422626494],[129.21773589426846,35.84130304216062],[129.21770448141882,35.84133296676011],[129.21765884304514,35.84135261501375],[129.2177005138907,35.84135203658491],[129.21771433829323,35.84133914962836],[129.21774925671005,35.841321584509444],[129.21776587183066,35.84132194214538],[129.217766401716,35.84133773110048],[129.21788792174283,35.84136089978428],[129.2179541924501,35.841382095002665],[129.21795050887877,35.84140739072647],[129.2178555245008,35.8413775411285],[129.21773230944717,35.841357899351685],[129.2177110439692,35.841377386601906],[129.2177048012628,35.84146713534525],[129.21771515269236,35.84174117797244],[129.21875300440647,35.84170418432716],[129.21874864200572,35.84178082553735],[129.21797257582898,35.841805081813945],[129.2179772103543,35.841844602308335],[129.21795680048098,35.84184496352531],[129.21795406060463,35.84180613358011],[129.21765854934088,35.84181140610343],[129.21742570332228,35.841822558627385],[129.21742547155077,35.841839142051754],[129.21748364165776,35.84183638783443],[129.21748640928232,35.841844710413866],[129.21766144925988,35.84184808177916],[129.21767649040524,35.842039300057856],[129.2177458612836,35.84202801775884],[129.21776296653152,35.84204169499373],[129.21790731963713,35.842031169868335],[129.21792898697407,35.842008806872705],[129.2179700590104,35.84200313612541],[129.21798884928805,35.842286572553895],[129.2177226457465,35.842291540082435],[129.21772330487502,35.84236718083825],[129.21771666007385,35.842459697129435],[129.2177027643376,35.84255192004015],[129.21769508403546,35.8427890347873],[129.21771399496598,35.842978551717664],[129.21764291901886,35.84307564510064],[129.2176645452092,35.84307877859939],[129.21766963633195,35.843143821682574],[129.2175316924419,35.843489897489775],[129.2175398993272,35.84356919275004],[129.21742103413177,35.84356700907429],[129.21741186370105,35.84313217232993],[129.21730356720755,35.84314529080018],[129.21740205093687,35.84353440891525],[129.21741968244316,35.84367680179775],[129.2174292043332,35.8440452427757],[129.2174301763702,35.84444058338327],[129.21757332139418,35.844427870789346],[129.21774798155477,35.84443602833852],[129.21787573869662,35.84441046421336],[129.218148733268,35.84439683209175],[129.2181508625139,35.84464248196834],[129.2181121628933,35.84501225348643],[129.21809944178753,35.84520263842703],[129.21810449515115,35.845843850568805],[129.21782160520087,35.84583915997607],[129.2178193399018,35.845991412184205],[129.21779527096334,35.84622632120481],[129.21787238878179,35.84625792437788],[129.21789888550555,35.8463544455719],[129.21789947638476,35.846474148496995],[129.2176123733528,35.846493267180364],[129.21765189431383,35.84665250081982],[129.21762170874925,35.84665281647931],[129.2177017203936,35.846857301280174],[129.2176147376067,35.846861846844384],[129.21763070314313,35.84705888537683],[129.2176653620501,35.84705897624217],[129.21777339691673,35.84704133364371],[129.21778445704118,35.847070487186514],[129.21775322921374,35.847074301603946],[129.21780654240558,35.84718115693447],[129.21782075067736,35.84736679778643],[129.21785502285866,35.84760753194049],[129.2177404796736,35.847625672999676],[129.21767493256021,35.84761603041143],[129.21767970804441,35.84769925221543],[129.21785691567857,35.84770937874309],[129.21785912098966,35.847767334129536],[129.21787525333852,35.84782989685906],[129.21764819930138,35.847856622005594],[129.21765372292003,35.84788512760371],[129.21763349596293,35.84788411853971],[129.21764723183702,35.84798144680279],[129.21765321228875,35.848111639394],[129.21781555825038,35.84810422752668],[129.21781763333888,35.848155000186246],[129.21783697018304,35.84820729191625],[129.217646762002,35.848220296785136],[129.21763167091265,35.848333367650554],[129.21779793465478,35.84832408300885],[129.2182195108462,35.848323341394135],[129.21827667191792,35.84831823634713],[129.21825547663758,35.84835194526321],[129.21819929057625,35.84835738200401],[129.21820632379303,35.84847682091784],[129.2182294963319,35.848571716735165],[129.21822674934887,35.84871754384084],[129.2182182486833,35.848905010028304],[129.21819368728822,35.84909712858435],[129.21816204741114,35.8492712258951],[129.2181226922694,35.84943738808406],[129.2181069956344,35.84946133295047],[129.2180726406222,35.84959843241558],[129.21802685171858,35.84974357100411],[129.21793398934844,35.84998091105587],[129.21783239163378,35.850177277943594],[129.2177058441726,35.85019514316859],[129.21750863826105,35.850197102086796],[129.21745369788158,35.850180698973155],[129.21745359720384,35.85021297288636],[129.2177542848278,35.85021906527124],[129.21781040706765,35.85021001484376],[129.21758186328404,35.85054289687907],[129.21762968775838,35.85054365803629],[129.21773281654674,35.85040527494434],[129.21785547526312,35.850202750743655],[129.21789522110595,35.850196334374],[129.21779694807762,35.85035343682519],[129.2176943682933,35.85049825390393],[129.21759471972348,35.850622849263026],[129.21769278003978,35.850676279707216],[129.2178653141914,35.85043824745219],[129.2180298170211,35.850174633149244],[129.21808053941714,35.85016644851341],[129.21785599157377,35.85052727160233],[129.21778200088818,35.85062961547379],[129.2176966537118,35.85073252949513],[129.21786813857216,35.850834043930504],[129.21793598371173,35.850731053168026],[129.21795116152896,35.85089834271547],[129.21790041640088,35.850987964201245],[129.21783327948836,35.85105835548717],[129.2177095414726,35.85127158841878],[129.21760822514003,35.85137664002513],[129.21756695694592,35.851348523176036],[129.2175214471428,35.85129934273706],[129.21757345909984,35.8512479951822],[129.21755428847837,35.85104092263066],[129.21745739574322,35.85103408510436],[129.21745470422846,35.85076410276064],[129.217463388709,35.850753912049164],[129.21729179493775,35.85026877152437],[129.21721156520374,35.84999283592645],[129.21718807967355,35.84980251622811],[129.21718633231697,35.84972138890837],[129.21719141212148,35.84964132279023],[129.21718023065316,35.84964056764722],[129.2171752719466,35.84967585061279],[129.21678016909377,35.84969347561981],[129.21656862606886,35.84972308197046],[129.2164905890613,35.849725195363206],[129.21609346923864,35.84976267624307],[129.2159175397298,35.84976427911008],[129.21576645377118,35.84977512028662],[129.21559683492583,35.84976468876509],[129.21559233840188,35.8499327256882],[129.2155335218122,35.84993605694714],[129.21551937994678,35.84976920682567],[129.21516853123816,35.84977353538626],[129.21481124043078,35.84984422433106],[129.21451591321045,35.84985504053727],[129.21424820125424,35.849847755101294],[129.21406898622385,35.84986272660653],[129.21408612588934,35.8498183998804],[129.21468257807845,35.849804049674916],[129.21483792110268,35.84979545542548],[129.2151311137412,35.84973585628822],[129.21513000929554,35.849730029090956],[129.21469061958916,35.849752069373416],[129.21425952839746,35.84978243953382],[129.21418059499584,35.84972252002497],[129.21415596948842,35.84912325082209],[129.21414383795343,35.84912361476733],[129.21414138692566,35.8490887227286],[129.21414966534638,35.84908853686697],[129.21413375170368,35.84855495323716],[129.214174566573,35.84851379303789],[129.2143352415263,35.848509263678125],[129.21432867393585,35.84844967565517],[129.21424429416274,35.84845555703283],[129.2140980926663,35.848474868219796],[129.21411130982298,35.84843336933153],[129.21412666305275,35.84843319796343],[129.2141068016049,35.84787662139439],[129.21416217804673,35.847841608988425],[129.21487531404287,35.847831107715905],[129.2148028995311,35.84780868620389],[129.21480509253658,35.84777607510107],[129.21416861305391,35.84778489998746],[129.21410049995183,35.847738633207385],[129.21409861520317,35.84769607052343],[129.21406683587688,35.84770078620858],[129.21406849829097,35.84765590103701],[129.21409796174703,35.847658615745814],[129.21408108873803,35.847226180956525],[129.21396881275564,35.84722707350495],[129.21396863935712,35.84721233842724],[129.2112753670856,35.84731357643363],[129.2102119437417,35.84735835483484],[129.21006684832525,35.84735157703091],[129.21010539779704,35.84696052092709],[129.21013401447684,35.84637810162456],[129.21014577893686,35.84599266167452],[129.21015718249873,35.845275111693574],[129.2100342373714,35.84415935215276],[129.2100424230609,35.8435737866414],[129.2100323539619,35.8433257349651],[129.21004225053375,35.84291593727134],[129.2100572841704,35.84266302932392]],[[129.21768540668103,35.841527494466064],[129.21766780027417,35.84152899164571],[129.21767203810506,35.841658971376226],[129.2176471815158,35.84166039500305],[129.21764785398588,35.8416797887031],[129.2175893464619,35.84168052480557],[129.2175889728052,35.84173048178974],[129.2176744522085,35.84172056750139],[129.21767500882376,35.84174213342307],[129.21769137575046,35.84174073407737],[129.21768540668103,35.841527494466064]],[[129.21756180913252,35.84471749015733],[129.21743094721086,35.84471677907791],[129.2174311777428,35.84479773795017],[129.21756190503157,35.844793654621235],[129.21756180913252,35.84471749015733]],[[129.21729544325626,35.84311285136895],[129.21741072731842,35.84310087395109],[129.21742439851832,35.84197005961594],[129.2173837423777,35.84197808169317],[129.217373496681,35.84196731213248],[129.21739813437853,35.84195451517531],[129.21738234751606,35.84182688141604],[129.21726631630142,35.841832046694456],[129.21724841539566,35.84188010647135],[129.21723303067049,35.84188044051797],[129.21723743313183,35.841830314077626],[129.21697764858405,35.84184258658288],[129.21729544325626,35.84311285136895]],[[129.217298421302,35.84580565495484],[129.2171733885949,35.84582444518785],[129.21717496752566,35.84599876209392],[129.21722364519707,35.84651582985264],[129.2172559336993,35.84703442304984],[129.21730921238077,35.84703483206994],[129.217298421302,35.84580565495484]],[[129.2156127781444,35.84846779644597],[129.21554256446188,35.84846915837962],[129.2155474599776,35.848721418390724],[129.21554199143017,35.84882435982838],[129.21555439972136,35.84902172035374],[129.21555555247463,35.84919114416871],[129.2155886945316,35.849454340051686],[129.21558847374536,35.849631643220036],[129.21561135564707,35.849726522021236],[129.21579922675573,35.8497362450331],[129.2161321504056,35.84971859013856],[129.21628896572932,35.84968959611297],[129.21701237689703,35.84963838956695],[129.21700923958642,35.84960807716887],[129.2171673651617,35.84889807763798],[129.21730735958073,35.848883974075704],[129.217301374482,35.8483950660353],[129.21663785052348,35.848417462304965],[129.21663864652592,35.84843370141849],[129.21707086358273,35.84841721795285],[129.21689717533528,35.84932829601273],[129.21686067608312,35.849556801096675],[129.21675689472383,35.84963001529549],[129.21562923718864,35.84970318384905],[129.21559157616377,35.849019121607654],[129.2155878823742,35.8488062891319],[129.2155729980919,35.84850733516384],[129.2156127781444,35.84846779644597]],[[129.2172902960401,35.84477176466114],[129.21729406086297,35.84445353553281],[129.21714626927687,35.844463110770604],[129.21713806634082,35.84458552425817],[129.21710742758157,35.84479435380174],[129.2171038622626,35.84489621045959],[129.21710684798504,35.8451486632396],[129.21711641457085,35.84534596573127],[129.21712995229083,35.84548907794643],[129.2171525228251,35.845619998059995],[129.21716315849565,35.84579099113061],[129.21729710054288,35.84577984553156],[129.2172902960401,35.84477176466114]],[[129.2167351556734,35.8483623480518],[129.2167362249006,35.84838391285836],[129.21708095196612,35.848365486159565],[129.2173030571122,35.8483583100609],[129.2172970527928,35.84795624641491],[129.2172518724087,35.84785626181537],[129.21730009183435,35.84784813607727],[129.21730138259574,35.84754418734911],[129.21728389018284,35.847526932797386],[129.21727585443097,35.84758441991331],[129.217246881214,35.84760742676595],[129.2171648365142,35.84760858345281],[129.21714023811742,35.847632465652104],[129.2171173171748,35.84766672723097],[129.21711866066912,35.848150731861914],[129.2170847258333,35.84834470558862],[129.2167351556734,35.8483623480518]],[[129.2153891780964,35.844452507224126],[129.21537715990561,35.84445359209127],[129.21538119876004,35.844477810504266],[129.21541248533526,35.844512696276304],[129.21549711416085,35.844518701126205],[129.2157632774095,35.84450827701336],[129.21581301032978,35.84451208172246],[129.2158958021392,35.844510023379996],[129.21598483657584,35.8445160470631],[129.21603675274966,35.844508492031906],[129.21604282544692,35.8444658069993],[129.21602881082612,35.8444407502319],[129.21605168699278,35.844439348500195],[129.21606100030928,35.84446143953453],[129.2160616807832,35.844498911905916],[129.21628183492058,35.84451663410838],[129.21647650218307,35.8445061559408],[129.216615428084,35.84449268597326],[129.21669054654583,35.84447745553206],[129.21690582366335,35.844450320707345],[129.21711574548237,35.84444039997015],[129.2171001309671,35.844319209855755],[129.2171203491816,35.84431732601459],[129.21713783621544,35.84441464766486],[129.21719290407475,35.84442648137926],[129.21728672957948,35.844419553547155],[129.21729173756057,35.84437226497617],[129.2172912621397,35.843861707654916],[129.21728164725957,35.84362214559533],[129.21722541305036,35.843371527776775],[129.2170841634691,35.84336817627624],[129.21708436072367,35.843518774829754],[129.21709170264688,35.84354039166162],[129.21709502816873,35.84400432223157],[129.2167800568964,35.84428685204878],[129.21660616735917,35.8442933730762],[129.21660170957819,35.84424890257335],[129.21659183659474,35.844249143310776],[129.21659064999798,35.84429395043084],[129.2164849335251,35.84429655166583],[129.21648749695584,35.84437195816171],[129.21641898199866,35.84437719081463],[129.21628981702986,35.844377520906626],[129.216179548835,35.844386712438386],[129.216168488885,35.84429976156544],[129.2159568838194,35.8443052044391],[129.21596332976833,35.844323028673685],[129.2160532817639,35.8443245804686],[129.21604538809396,35.84439804644397],[129.2159088145421,35.84440949275511],[129.21590326006725,35.84438153687631],[129.2159111471068,35.84434257077487],[129.21594383458438,35.844305678353074],[129.2153863864383,35.844319758056145],[129.2153891780964,35.844452507224126]],[[129.2172977335971,35.84727738059109],[129.2172968417199,35.847114326481176],[129.21726018468306,35.84711625789673],[129.21728910464014,35.84727790530184],[129.2172977335971,35.84727738059109]],[[129.2171142421591,35.84711964720613],[129.21711775544765,35.8476119034338],[129.21713032986057,35.847611664568774],[129.2171530117445,35.84759132772195],[129.21722202264982,35.84758837391991],[129.2172529469934,35.847582775711324],[129.2172611469607,35.84747965803598],[129.21725652271365,35.84724369215697],[129.21723794284262,35.84711509015882],[129.2171142421591,35.84711964720613]],[[129.21720585168748,35.846657244995214],[129.21711110567222,35.84666842416083],[129.2171119633496,35.846784891120215],[129.21719529360365,35.8467682486934],[129.2171906357027,35.846912186628415],[129.2171378413208,35.84690663956339],[129.21712757207186,35.84692010463751],[129.21711042642875,35.846920477879756],[129.21711274748617,35.84704181431869],[129.21723345877695,35.847037104065535],[129.21720585168748,35.846657244995214]],[[129.21714777349004,35.84307655275039],[129.21707961818555,35.843079279658156],[129.21708412938258,35.84334331084417],[129.2172157271056,35.84333453081945],[129.21714777349004,35.84307655275039]],[[129.2171120112862,35.846509007343684],[129.21711116023664,35.846651777980824],[129.2172046996126,35.846645406480285],[129.21719226882493,35.84651785991654],[129.2171120112862,35.846509007343684]],[[129.21707285898876,35.84651272079477],[129.21708437519527,35.84647704668226],[129.2171838225899,35.84648915224887],[129.2171872307237,35.84641510846531],[129.2171693818768,35.846249761172956],[129.21710775187987,35.846255495573985],[129.2171114083288,35.84645717969527],[129.2165616113582,35.84646526684101],[129.21656411696767,35.84652001327822],[129.21707285898876,35.84651272079477]],[[129.21714243649407,35.84582771820178],[129.21710314043037,35.84582776168032],[129.21710591059772,35.846229569922045],[129.21716465117285,35.846219640884044],[129.21714243649407,35.84582771820178]],[[129.2171340969623,35.84574025785855],[129.21711780034383,35.845677974688286],[129.21710000407643,35.84567916022101],[129.21710126025926,35.8457588374663],[129.216711892707,35.84576979170134],[129.21671210426126,35.84577844332093],[129.21635032345625,35.84579017612182],[129.21634041295553,35.845805316814406],[129.21638139591914,35.845835615651005],[129.2165564447691,35.845830841294756],[129.21688919267405,35.845803415084596],[129.21713334115202,35.845792270343324],[129.2171340969623,35.84574025785855]],[[129.21707596033022,35.84282284589965],[129.2170787342974,35.84299398691957],[129.2171252001646,35.84298930717196],[129.21708307935498,35.84282222820902],[129.21707596033022,35.84282284589965]],[[129.21709782720322,35.84555275848741],[129.2170990180967,35.84565432354404],[129.21711453050284,35.845651817272305],[129.21711969619776,35.84560956642185],[129.21710428706172,35.84555216500654],[129.21709782720322,35.84555275848741]],[[129.21681552766938,35.8444894616068],[129.2168088858045,35.84456713422367],[129.2170859916446,35.84477988213827],[129.2171113410318,35.844592106278675],[129.21711560501842,35.84447029468602],[129.21681552766938,35.8444894616068]],[[129.21663945441537,35.84244983320972],[129.21664479254235,35.84250829677483],[129.21699790167074,35.842485367341965],[129.21698320196754,35.84242659589179],[129.21663945441537,35.84244983320972]],[[129.2169932568391,35.84582239686541],[129.2169430729196,35.84582191127437],[129.21690622559404,35.84582810381814],[129.216907066756,35.84583407648214],[129.2169934258847,35.84583177848939],[129.2169932568391,35.84582239686541]],[[129.21539477290835,35.84459017916786],[129.2161419313835,35.84456579493852],[129.21641377030417,35.844558405471474],[129.21644570869188,35.8445639270814],[129.21678410323696,35.844551235514544],[129.2167796890549,35.844494789120816],[129.2166177248467,35.84451929577528],[129.21629690495564,35.8445471865844],[129.21612286161744,35.844533825612075],[129.2159415650502,35.84454402699601],[129.2154028711713,35.84455575709417],[129.21539477290835,35.84459017916786]],[[129.2165714002244,35.843113004882156],[129.21659266382392,35.84313354236511],[129.2165930606452,35.843186219731656],[129.2166072153685,35.843185293143314],[129.21660815634775,35.843304211427025],[129.2166622603171,35.843303736035615],[129.2166625904877,35.843130911699255],[129.21668957893147,35.84310476020557],[129.2165714002244,35.843113004882156]],[[129.21657679107958,35.84395354622266],[129.2165801986628,35.84395291826076],[129.2165861965114,35.84408958209824],[129.2165974326457,35.84408953804151],[129.21660227577019,35.84390980799866],[129.21657744820823,35.84390995171724],[129.21657679107958,35.84395354622266]],[[129.21642192119984,35.84748081058755],[129.2164487175027,35.84747554441936],[129.2164619182503,35.847362855590546],[129.2164895411833,35.8473644618125],[129.21649208434377,35.847182984293745],[129.21654231206253,35.84714087150304],[129.21642933410516,35.84714718401927],[129.21642192119984,35.84748081058755]],[[129.2164487928949,35.8475814140736],[129.21648262240464,35.84766638518743],[129.21648742902272,35.84751547887654],[129.2164445488824,35.847518271107276],[129.2164487928949,35.8475814140736]],[[129.21647976630243,35.84806153061338],[129.2164811495935,35.847962949310684],[129.2164534860149,35.84796272436342],[129.21644670927319,35.848048075803305],[129.21647976630243,35.84806153061338]],[[129.2163729129436,35.84844693117457],[129.21645103443774,35.84844479808725],[129.21644840123486,35.84842480407247],[129.21637211539021,35.84844286184594],[129.2163729129436,35.84844693117457]],[[129.2160192436649,35.845927379105994],[129.21598026509554,35.8459179134649],[129.21602917885645,35.8466077328575],[129.2160386937117,35.846605922382274],[129.21605092438756,35.846794559148286],[129.2160411860339,35.84679559494865],[129.21605944685126,35.84704894869227],[129.21601785508153,35.84708460429057],[129.21617088707535,35.84707895953527],[129.21612290894643,35.847036830708355],[129.2161129843538,35.84678799537124],[129.21611876099206,35.84678739022863],[129.21610765477826,35.84660942225811],[129.21609744344727,35.8466074577462],[129.21609661114525,35.846561486483594],[129.21614432413196,35.84652998369473],[129.2163861019039,35.84652549592712],[129.21640883238112,35.846482186274265],[129.21641296970043,35.8464647937668],[129.21613745052744,35.84647266747665],[129.21608578765614,35.84643912510972],[129.21605416740613,35.84594378258605],[129.2160192436649,35.845927379105994]],[[129.21624733899017,35.84251537056051],[129.21625195426105,35.842529016410715],[129.21638473828963,35.84252365973438],[129.21637996640536,35.8424661324834],[129.2160746659893,35.84247843029669],[129.21607434595794,35.842495789001724],[129.21624733899017,35.84251537056051]],[[129.2160380502068,35.8458039734376],[129.21605801953868,35.845886248930455],[129.21608479635694,35.84585339561977],[129.21635170401015,35.8458464747314],[129.21628428156689,35.84580167697574],[129.2161976849719,35.8457971542495],[129.2160380502068,35.8458039734376]],[[129.2161479367296,35.84893439223174],[129.21616069194124,35.84907091942002],[129.21620848820004,35.84906425438145],[129.21618376548233,35.84893280679232],[129.2161479367296,35.84893439223174]],[[129.21592976729806,35.84299763017892],[129.21595668812435,35.84298671181909],[129.21594853192465,35.84305721315967],[129.21604851557584,35.84305280675763],[129.21600121743347,35.84301919451116],[129.21599972884104,35.84258145989237],[129.216057908549,35.84253684326878],[129.21617510675304,35.84253211781944],[129.2161752872687,35.84252509021277],[129.21605932577276,35.842516445442804],[129.21605935758578,35.84247897139906],[129.21593264252667,35.8424835235812],[129.21593506289702,35.84288109340662],[129.21597252637937,35.842899848085814],[129.21595854669056,35.84297811057436],[129.2159356622745,35.84298040454059],[129.21592976729806,35.84299763017892]],[[129.21555148412435,35.847961594820575],[129.21551023989204,35.847966183548195],[129.21551145615896,35.848093374728094],[129.21550350092957,35.84827196247453],[129.21553861264763,35.84844447118391],[129.21579696017463,35.84842898686984],[129.21597039057477,35.848433571215935],[129.21615701499053,35.848429533821495],[129.21616429505093,35.84837760874637],[129.21562367788843,35.848393020502904],[129.21556977166514,35.848361275410845],[129.21555148412435,35.847961594820575]],[[129.21606948869487,35.848454889090014],[129.21611581921618,35.84849326265952],[129.21611125179794,35.84845380510405],[129.21606948869487,35.848454889090014]],[[129.21545426249557,35.845914617625944],[129.21549379214173,35.84587792716702],[129.2158922755048,35.84586061581423],[129.2158864162312,35.84582226907466],[129.21545134963438,35.84584398957686],[129.21545426249557,35.845914617625944]],[[129.21576993510794,35.84846715189107],[129.2158717966531,35.84846382991695],[129.21587188564763,35.848455648198254],[129.21581781398223,35.84845310316079],[129.21576899686576,35.8484597708276],[129.21576993510794,35.84846715189107]],[[129.21551832032972,35.847706501132684],[129.21553924244844,35.84770739207068],[129.2155150517739,35.847215136651215],[129.21555519707837,35.84717660881768],[129.2154846571795,35.84717893351044],[129.2154791380268,35.84730011635476],[129.21548337564,35.84746005357986],[129.21551832032972,35.847706501132684]],[[129.2155506890855,35.84794379624771],[129.21554024128744,35.84773238202365],[129.21551007409712,35.84773557210674],[129.2155147490792,35.847864622717765],[129.21550850372358,35.8479462419881],[129.2155506890855,35.84794379624771]],[[129.21554712704733,35.84709922166879],[129.21549684149022,35.84705824349297],[129.2154908365715,35.84686618911192],[129.21548246358594,35.84686584362453],[129.21547412069006,35.84691997817888],[129.21548023058483,35.84710110045995],[129.21554712704733,35.84709922166879]],[[129.21552192493718,35.849394822779324],[129.21552903808853,35.84966404086923],[129.2155422205816,35.84966339552432],[129.21554154864006,35.849508111467884],[129.21553433049425,35.8493944332509],[129.21552192493718,35.849394822779324]],[[129.2155163478821,35.84581106196409],[129.215454629351,35.8457660722706],[129.2154591791118,35.84581230571544],[129.2155163478821,35.84581106196409]],[[129.21463556949283,35.849045062181766],[129.21544524444045,35.8490108203839],[129.21550748944966,35.84904774187218],[129.2154944352488,35.848918940535],[129.21544342845633,35.84895292735669],[129.2151948623522,35.84896335553229],[129.21518015069483,35.848975764862764],[129.2151332857113,35.84898981756295],[129.21491711327448,35.84901812242717],[129.21488216027618,35.8490036113026],[129.21478017342218,35.84901567985738],[129.21467574330057,35.84901653210539],[129.21463556949283,35.849045062181766]],[[129.21549754317283,35.84863211914338],[129.21549543399803,35.848454308624284],[129.21547772208314,35.84845416893038],[129.21548735009654,35.84863213224608],[129.21549754317283,35.84863211914338]],[[129.21540363940028,35.84782611189982],[129.21545829077803,35.84786305291419],[129.2154562815612,35.847714055737995],[129.2153868040155,35.847768966596675],[129.21491039417344,35.847774716495344],[129.21489970059,35.8478324334857],[129.21540363940028,35.84782611189982]],[[129.21514855554304,35.84643845682812],[129.2152384855465,35.846479073592434],[129.21530118317162,35.84647919637351],[129.21543667764337,35.84646852774712],[129.21544754023333,35.846428610078775],[129.21543860459636,35.84628751731015],[129.2154411486897,35.846179669229016],[129.21542569052002,35.846107632815844],[129.21536959204826,35.84611219386516],[129.21538269684413,35.84640437374947],[129.21534621736708,35.84643110665876],[129.21514855554304,35.84643845682812]],[[129.21541955089359,35.84706116598233],[129.21537915893302,35.84710567526304],[129.21543424541943,35.84710435987788],[129.2154340796371,35.846968437572876],[129.21544528261268,35.84688213197981],[129.21544793920884,35.846799680926026],[129.21544117380375,35.846646471505665],[129.21539886107743,35.84664450171348],[129.21541955089359,35.84706116598233]],[[129.2154431016194,35.8473676367599],[129.21543964033143,35.84718003208361],[129.21537786680256,35.84718209776746],[129.2154178965724,35.84722005924375],[129.2154323760319,35.84736810359606],[129.2154431016194,35.8473676367599]],[[129.21543770083989,35.84556331106507],[129.21541228223734,35.84507184116337],[129.2153896945475,35.84507356671016],[129.2154001228718,35.84528832502533],[129.21542557530185,35.845563883430266],[129.21543770083989,35.84556331106507]],[[129.21539723088202,35.84661868272706],[129.21543891620655,35.84661371509717],[129.21543425373133,35.84650160792912],[129.21537100833024,35.84650361314189],[129.2153947179708,35.84652381300801],[129.21539723088202,35.84661868272706]],[[129.21527751649845,35.84109650378623],[129.21527994321983,35.84113875009618],[129.21541842243636,35.841145417432536],[129.2154189693703,35.84114345427046],[129.21527751649845,35.84109650378623]],[[129.21540172520818,35.8449214512562],[129.21539090508588,35.84492164342973],[129.21538851931163,35.84504812651511],[129.2154115327302,35.845048301848266],[129.21540172520818,35.8449214512562]],[[129.21402698337312,35.84640987057761],[129.21402797437017,35.846515765675605],[129.21420605203244,35.84649636209958],[129.21431045034876,35.846475758557],[129.21430944258992,35.84647004421946],[129.21409032973122,35.8464788843775],[129.21404457691108,35.846444636712775],[129.2140220834797,35.84596325587532],[129.2140677849891,35.84593275785201],[129.2153093604476,35.84588836750828],[129.21536081800485,35.84592402851576],[129.215362791933,35.84595834459674],[129.21538838913,35.845956018873075],[129.21539556602113,35.84608527236158],[129.21541416811908,35.846083211434134],[129.21540702181105,35.84586230979483],[129.21539896495398,35.84577635391264],[129.21535245461584,35.845777482148215],[129.21531755044512,35.84581364833366],[129.21405491654593,35.8458600497512],[129.21401655461912,35.845832674546465],[129.2139644711093,35.84463665471494],[129.21475980444285,35.8445876147274],[129.21476134969205,35.8446107650991],[129.21503229951466,35.844601938334336],[129.2150216896975,35.844570963198656],[129.21515436551834,35.84456297661363],[129.21512908849337,35.84449053401265],[129.21484123669353,35.84453664868316],[129.21463137369065,35.84454393369356],[129.214455508456,35.844565280678054],[129.21429569285357,35.84460712946017],[129.21390938999824,35.84461972748162],[129.21394761770364,35.84492488625442],[129.21393168445488,35.844985406325534],[129.21394711239162,35.845470026227204],[129.21399064932072,35.84590208055181],[129.21399540508423,35.84601673816256],[129.2140142877676,35.8462028128613],[129.21402698337312,35.84640987057761]],[[129.21536134914408,35.845425457800665],[129.21537750333655,35.84575230170618],[129.21539660027145,35.845753168962766],[129.2153967397574,35.845636105366935],[129.2153731161233,35.845424929016914],[129.21536134914408,35.845425457800665]],[[129.2153513815091,35.84509393335029],[129.21534335010082,35.84487657286011],[129.2153220425683,35.844876836090776],[129.21532922345236,35.84509424987316],[129.2153513815091,35.84509393335029]],[[129.2153090773177,35.84459521852662],[129.21532198917575,35.84485694559802],[129.2153444891961,35.8448555717076],[129.21534505785948,35.84455199363355],[129.21533362389678,35.84447383053851],[129.2151563382655,35.84448134688742],[129.215189516337,35.844598297184845],[129.2153090773177,35.84459521852662]],[[129.21491184600342,35.84433385919123],[129.2149206547023,35.8444734561975],[129.21513807992946,35.84444222904771],[129.2153045325795,35.84442788250117],[129.21530106439366,35.84432346082465],[129.21491184600342,35.84433385919123]],[[129.21439562812938,35.84088695665432],[129.2144867157912,35.840923308763635],[129.21453553255625,35.84183955070223],[129.21449823649473,35.841874828673994],[129.21466374964362,35.84186708183602],[129.21462396547648,35.841841169352875],[129.21457969774605,35.840962483511404],[129.21461081239707,35.84097512695531],[129.21461106076367,35.84096039106734],[129.21483041920496,35.84104288084408],[129.21497537399097,35.84108806447175],[129.21518716862786,35.84113169609408],[129.215184444104,35.84106919019866],[129.21419460746245,35.84075099332032],[129.21395930235371,35.84068608723338],[129.21395624229854,35.840691786727945],[129.21399168062135,35.84070746142525],[129.21442116144442,35.84088804183789],[129.21439562812938,35.84088695665432]],[[129.2151626509616,35.84458573647013],[129.21512027602594,35.84459667815737],[129.21512094434482,35.84459991222941],[129.2151846244371,35.84459854922191],[129.2151626509616,35.84458573647013]],[[129.21477091211247,35.84841802373256],[129.21477186434083,35.848438552490556],[129.21493433826086,35.84843170289791],[129.2149335660881,35.84841371543964],[129.21477091211247,35.84841802373256]],[[129.21387806616656,35.844545727130075],[129.2138905770614,35.84457166101943],[129.21422666785767,35.84456657826306],[129.21449170793142,35.8445126916632],[129.21478055175191,35.84449390197115],[129.21489398754744,35.84447700942167],[129.21488444077846,35.844334592811386],[129.21381368840264,35.8443631935522],[129.21388983117242,35.844545156572885],[129.21387806616656,35.844545727130075]],[[129.21462666097884,35.841988140498714],[129.21467055722127,35.84194577596316],[129.2144838403161,35.84195511054578],[129.2145372663592,35.841987064305656],[129.21455836883385,35.842378088465765],[129.2145913314652,35.8430772380609],[129.21459099059183,35.843082222579476],[129.21453948467263,35.84313113463521],[129.21469623205763,35.84312273636553],[129.21468807731154,35.84308666477214],[129.21467620875632,35.843077411962845],[129.21462666097884,35.841988140498714]],[[129.21458508731897,35.84843123353904],[129.21466947244178,35.848435507716424],[129.21466868014562,35.848420728630444],[129.2145852336578,35.84842298760306],[129.21458508731897,35.84843123353904]],[[129.21411506722092,35.846536198522344],[129.21445548150746,35.846521867275804],[129.21444483886026,35.84649932785534],[129.21430007047854,35.84649434806702],[129.21421101406253,35.84651403583633],[129.21411400264128,35.846529050024486],[129.21411506722092,35.846536198522344]],[[129.21437757876632,35.84647613362917],[129.2144416817018,35.84647773950565],[129.2144412047848,35.84646496964138],[129.2143774908612,35.846467419176875],[129.21437757876632,35.84647613362917]],[[129.2141007522695,35.8465317707347],[129.21402384680366,35.846545306931525],[129.21402218585408,35.84665297316722],[129.21403261915043,35.84676717910757],[129.21405606049063,35.846765749717925],[129.21404996055682,35.84656639504843],[129.2141007522695,35.8465317707347]],[[129.21405178354013,35.84709604728227],[129.21404661097029,35.84715710708643],[129.2140749262672,35.84715689477094],[129.21406054983905,35.84680126002882],[129.21404130567868,35.8468033849699],[129.21405114391064,35.846955913096494],[129.21405178354013,35.84709604728227]],[[129.2139388592329,35.84715676590402],[129.21391990404805,35.84674429741757],[129.21390354487613,35.8465331635159],[129.2138973350932,35.84621359131016],[129.21387707260112,35.84607868298621],[129.21385926271932,35.84581324230022],[129.21383587664283,35.845220738830314],[129.21381362785044,35.845088005995215],[129.21383208550003,35.8448491150867],[129.2138198558761,35.84469200374996],[129.21371423822256,35.844427799601796],[129.2136913133656,35.84437769453078],[129.21351228036207,35.84438161555202],[129.2134964734073,35.84438985382946],[129.213396376069,35.84438605587427],[129.21310041968792,35.84439000216318],[129.21276873091014,35.844401860442595],[129.21275512837227,35.8444065798713],[129.21271594790747,35.84446248119365],[129.2126702208665,35.84455420968736],[129.21264968830693,35.84467141729489],[129.21265525632404,35.84491369056709],[129.2127178086777,35.84491376087833],[129.21269319182397,35.8448974734965],[129.2126782553567,35.84467046584233],[129.2137181082677,35.84465059981411],[129.21377950732935,35.84472057256512],[129.21380638456614,35.84519863821803],[129.21353791327644,35.845203753710265],[129.2135370723568,35.845191408069255],[129.21343853977405,35.84519780953999],[129.2133800525758,35.84518636767378],[129.21336222607655,35.84518865223135],[129.2133317956898,35.84515081733151],[129.21323703154448,35.845200688293694],[129.21320958948118,35.84525431595948],[129.2132285931345,35.84528260876239],[129.21329391883287,35.84528483688634],[129.21329144245306,35.84531099552576],[129.21320117713125,35.84530024045535],[129.2131644782953,35.84528200071994],[129.2131176384151,35.8452798210833],[129.2130889697715,35.84533011625617],[129.2130675165027,35.845342239793695],[129.21302301120312,35.845343850272165],[129.21296530211092,35.845429552569605],[129.21303851846764,35.84548526514318],[129.2131479716881,35.84559773765835],[129.2131805754887,35.84562031962394],[129.2132401999626,35.845684708015376],[129.2132639766987,35.845717949273926],[129.21330533612382,35.845744580411306],[129.21339489739273,35.84569021232439],[129.21345034324915,35.84567757814875],[129.21345802280194,35.845693255363585],[129.2133368539967,35.84577085937262],[129.2133162094208,35.84584152672194],[129.213109487802,35.8458492902161],[129.2131082184464,35.845825652666534],[129.2132798193598,35.84581462546792],[129.21328670741767,35.84577825690621],[129.2131636840789,35.84563712164119],[129.21312291125633,35.84562709044517],[129.2131085221473,35.84558580248915],[129.21303871826893,35.845518818327335],[129.21299932614994,35.845578514367084],[129.2129704175848,35.84557603273518],[129.2130097994338,35.84551246134804],[129.21293621343543,35.84544259978316],[129.21275366859078,35.84536705363413],[129.21274205020342,35.84546052467006],[129.21274850076284,35.84551788690235],[129.21274453895754,35.845576700427095],[129.21273112338667,35.84561443230934],[129.21272893750333,35.845670899460785],[129.21273923862364,35.84576523320711],[129.21275215859018,35.84579939490244],[129.21279112075035,35.84583622356781],[129.2128919950178,35.845835956019435],[129.2128927048409,35.845857332418426],[129.21280657287036,35.84586099879268],[129.21281912094446,35.84597192960047],[129.21288023638078,35.84596830722825],[129.21287441199667,35.84639723129391],[129.2128128788245,35.8464104166587],[129.2128354829487,35.84669424355451],[129.21329220775198,35.84667288188103],[129.21329313018862,35.84669091426304],[129.21310921636163,35.84669710543072],[129.21302631277274,35.8467079762761],[129.21300811521738,35.846741570851414],[129.2129319428641,35.84674449878481],[129.21293268896028,35.84682540266337],[129.2129856505569,35.846931575816654],[129.21301867981637,35.847034981147495],[129.2130284728518,35.8471003585877],[129.21305016833495,35.84709589525609],[129.21308451315733,35.8471944315012],[129.2139388592329,35.84715676590402]],[[129.213698946837,35.84062551478176],[129.2138617899633,35.840686619803364],[129.21386355825547,35.840660696708994],[129.2137023223448,35.84061846105195],[129.213698946837,35.84062551478176]],[[129.21275243481895,35.8409463767765],[129.2127524978767,35.841006256920515],[129.21281107338217,35.84100628010441],[129.2134040160636,35.84097474663866],[129.21340314855902,35.840923250706965],[129.21275243481895,35.8409463767765]],[[129.21294333001072,35.84495017129508],[129.21265358011868,35.84495365493996],[129.2126596223916,35.845028240787705],[129.21268929328187,35.84516385380887],[129.2127416000307,35.845319993552145],[129.21280346638832,35.845353438311264],[129.21293703581065,35.84541463254953],[129.21301013880586,35.845331787169236],[129.2130454229186,35.84527164773108],[129.21308213305178,35.84524831282086],[129.21310201239834,35.84522708041481],[129.21312242385412,35.84524364549319],[129.21330331714296,35.84513932252106],[129.213260298301,35.845071299891096],[129.2132289975649,35.84503914437329],[129.21317009909393,35.84499784471557],[129.21306577939728,35.84498828592436],[129.21294997336273,35.84499255440654],[129.21294333001072,35.84495017129508]],[[129.21107721377268,35.84686028716612],[129.21087292991626,35.84686166171579],[129.21073907237343,35.84685545095142],[129.21073809940762,35.84686852978028],[129.21065886014242,35.8468923615964],[129.2106163463359,35.84692344759851],[129.21061565387944,35.847039160262625],[129.21060393096502,35.84715289134644],[129.21061384522665,35.8472736235331],[129.21119402456014,35.84725340678686],[129.2111993534395,35.84721724836029],[129.21123014148944,35.84721863662401],[129.21122757192913,35.84725172598659],[129.21158480279675,35.84723704242971],[129.21172257443357,35.8472412716657],[129.21188690213268,35.84723719880106],[129.21204112999757,35.84722727627386],[129.21216515948922,35.8472296725065],[129.21231918048863,35.84722525662087],[129.21250198613762,35.847213940496],[129.21305144488232,35.84719725656335],[129.2130288890195,35.847132018757485],[129.2130204704128,35.847134016327075],[129.212994286331,35.84711142302514],[129.21298119388632,35.847008252975755],[129.2129263145298,35.8468885554377],[129.21287801645948,35.846746035662704],[129.21279948429705,35.84668979160296],[129.212790870165,35.84665562234648],[129.21278193855647,35.84653097718001],[129.21278465257538,35.84646079208491],[129.21277822650845,35.84641687646809],[129.2126733008034,35.84643411256417],[129.21269300998998,35.84652806926754],[129.21267609701923,35.846536850128786],[129.21263977318614,35.846443102868896],[129.21247598799283,35.846530162891604],[129.21241555624889,35.84654550911856],[129.21233374129133,35.84654943795179],[129.21222282609665,35.846520404985974],[129.2120755309922,35.846510109574965],[129.21174659783654,35.84653350522456],[129.2117493995691,35.846500397416],[129.21184564529597,35.84650761921693],[129.21201159625627,35.84649425145644],[129.2120866434438,35.846480321818206],[129.21214855373066,35.84648409768578],[129.2122437046183,35.84650007222309],[129.21234774770193,35.84652569247963],[129.21246507808996,35.846506812639305],[129.2126378019466,35.84640936353933],[129.2128392439799,35.846372031121625],[129.21284913687398,35.84620396667563],[129.2127182933317,35.84617352721595],[129.21255811270967,35.84614602314737],[129.21246281706956,35.84611705308852],[129.21235393002982,35.84610128307793],[129.2122963856965,35.84629991136355],[129.21226856882606,35.84629175878668],[129.21230613991074,35.8461208429407],[129.21207326425306,35.846117466024324],[129.21178541864063,35.846135283130586],[129.21174685008597,35.84612164261144],[129.2116306669035,35.84610948069871],[129.21158490569744,35.84609675395565],[129.21158488756953,35.84604371543082],[129.21153683893735,35.84599888113432],[129.2112208227659,35.8460001451037],[129.21104230432925,35.84599071404095],[129.21104101353492,35.845958694882185],[129.2109017363109,35.84597039257037],[129.21089747959437,35.84599755464876],[129.21082883666466,35.84600109900175],[129.21076093018826,35.84599424160887],[129.2101835392196,35.846010576036804],[129.21016882809369,35.84641200927907],[129.21014191400576,35.84690478732562],[129.21032196189321,35.84691840787484],[129.21032781084963,35.84697069723494],[129.21057856961733,35.84692899293644],[129.21064230209853,35.846876231009375],[129.2107083556719,35.84683481174178],[129.21094094380382,35.84682909819009],[129.21127192553323,35.84683063874979],[129.21127301146825,35.84677642667895],[129.2113298166918,35.84677515586887],[129.21132626962054,35.84686996452833],[129.2112596144245,35.84687197353226],[129.21125911492834,35.84698914588742],[129.21118879221234,35.84698565461851],[129.21120404100634,35.84687864965814],[129.21107721377268,35.84686028716612]],[[129.21251433170718,35.84596564327985],[129.2124881535701,35.84601625787787],[129.21247003619763,35.84608015225607],[129.21261575279618,35.84612580599138],[129.21270980463876,35.84614070960484],[129.21285766241016,35.84615469837468],[129.21285664659996,35.84600966201945],[129.21278388536876,35.8460046438466],[129.21271770097883,35.84601693609165],[129.212650379748,35.84601795566199],[129.21251433170718,35.84596564327985]],[[129.21283990108313,35.84485076512241],[129.21282361810898,35.84485070363518],[129.212820121487,35.84491376123842],[129.2128384984599,35.84491454004322],[129.21283990108313,35.84485076512241]],[[129.21172829704582,35.84281764287528],[129.2117312919623,35.84329269984177],[129.21180113353748,35.84330384325766],[129.21194605892123,35.84331184498205],[129.21208430259068,35.84330877286275],[129.2122893051482,35.84329382217726],[129.21247816803702,35.8432952121115],[129.2125711713411,35.84327910566416],[129.21257229799187,35.843148701777565],[129.2125442565249,35.8431514637944],[129.21254714434198,35.84313012612733],[129.21257248531893,35.843127495028426],[129.21256825166228,35.84302522857743],[129.2125844632528,35.84299431425101],[129.21262257207363,35.842964479001765],[129.2126244238603,35.84298241964261],[129.2126355055261,35.8429830400594],[129.21260958269042,35.842999993061746],[129.21260677949036,35.843220326653736],[129.21265255625386,35.84321860594652],[129.21264506695505,35.8430615762383],[129.21272411995332,35.84306099569027],[129.21272473701083,35.84304323997408],[129.21273972144627,35.843042132132666],[129.21274744882183,35.84303007784357],[129.21277806254807,35.8430372880979],[129.21278368622035,35.84307441359736],[129.21279601493126,35.84303673380616],[129.21279419795516,35.8428740173501],[129.2127770270882,35.84288476231001],[129.2127837115436,35.84283423547407],[129.21276836682952,35.842824691175046],[129.21266930702757,35.842827379788524],[129.2126868863488,35.842794678568055],[129.21264379034244,35.84277203378004],[129.2127899011234,35.842768235038555],[129.2127807903548,35.842625943622494],[129.21260970011025,35.84263079564112],[129.21261590470894,35.842758365745375],[129.21254304559653,35.84276123353185],[129.21253500786293,35.842635243831396],[129.21233033778032,35.8426413260476],[129.21233629311644,35.84278780483704],[129.2124089813869,35.84278728973914],[129.21244134972514,35.842779986868905],[129.21249487567508,35.84278289405774],[129.21245887987638,35.84279138394884],[129.2124573673112,35.84283464662228],[129.21243383666075,35.842835363868154],[129.21243313401206,35.84279573712265],[129.21226232051393,35.84283421381294],[129.21222052545264,35.84283049284925],[129.21216895443152,35.84280505085147],[129.21208578742315,35.84281947243708],[129.21203923945777,35.842835046497775],[129.21184801342125,35.842835363372004],[129.21174455356257,35.84284849540508],[129.21172829704582,35.84281764287528]],[[129.2117457182029,35.8427990778087],[129.21176449493615,35.84281730428687],[129.21185318205764,35.84281000215073],[129.2119424292309,35.8428177768873],[129.2120745697533,35.842800890287734],[129.21206501190986,35.842622982183464],[129.21207149558856,35.84262196142132],[129.21206961737053,35.84262747135267],[129.21214117882124,35.84262365981507],[129.2121484853578,35.84261568896562],[129.21253338065915,35.84259761047243],[129.21252862606403,35.8425075839064],[129.21260655038333,35.84248645690917],[129.21259211586764,35.842373411388486],[129.21259967574989,35.84237335304517],[129.21259529953466,35.84227576432243],[129.2126786595488,35.842275942302116],[129.21267361088698,35.84215437248755],[129.21264110192993,35.84203751940185],[129.21253682141167,35.842041262528845],[129.21243306487835,35.842038065016695],[129.21239993626654,35.84204238608031],[129.2123795871877,35.84213682778171],[129.21235688818984,35.842133848425824],[129.21237366346634,35.84204411752751],[129.21226216271938,35.8420507841257],[129.2122659910497,35.842138081545386],[129.21223076835352,35.842145821974746],[129.21222522290682,35.842053777975146],[129.21212113685473,35.84205154510957],[129.21200196988764,35.84205572843953],[129.2120937608097,35.84231844434407],[129.2121101303107,35.84233468322501],[129.21208023075334,35.84234208982997],[129.2120408962763,35.84226412849069],[129.21198338527537,35.84205570691964],[129.21172925822833,35.84206488490774],[129.2117303508596,35.842294368406485],[129.21172536908733,35.84237795908975],[129.21183317770917,35.84237294874023],[129.21183369168222,35.84239992226646],[129.21172713914714,35.84239856759087],[129.211721176035,35.84248779280454],[129.2117457182029,35.8427990778087]],[[129.21260655038333,35.84248645690917],[129.21261018707648,35.842596006832295],[129.21276229854396,35.84259498368422],[129.21276749408463,35.84254151983768],[129.21275765299916,35.842511985138685],[129.21272730294956,35.84250812706625],[129.21272603502274,35.8424933127382],[129.21279034073646,35.84248744069239],[129.212791265535,35.84244382755841],[129.21273008122856,35.84246220347365],[129.21260655038333,35.84248645690917]],[[129.21259087717846,35.84595771251652],[129.21263598531735,35.84597459478627],[129.2126694933891,35.84600005929992],[129.21271820038575,35.845996548941386],[129.21279710878426,35.84597791655992],[129.21278555072962,35.84591470519141],[129.21274370247014,35.84582476192909],[129.21262655046175,35.84587295037561],[129.21259518976584,35.84591008289553],[129.21259087717846,35.84595771251652]],[[129.21173409655475,35.84366335214006],[129.2117301558267,35.84417918058541],[129.21208385344693,35.84415216362632],[129.21268011922962,35.84413763447759],[129.21278847599683,35.84412140174086],[129.21274763121338,35.84402966319904],[129.21268264284,35.84383174072203],[129.21267699730367,35.84383247588788],[129.21268139730708,35.843914104160085],[129.21267120035998,35.843888175087194],[129.21263081612452,35.843686113651636],[129.2125871269615,35.843631953168554],[129.21256010073984,35.84361689568815],[129.21253464161092,35.843616769166175],[129.21247463182473,35.843569090255336],[129.2123877442587,35.84348293003943],[129.2123688189648,35.84347141823651],[129.2123512161391,35.84331552381369],[129.21204543152763,35.84333932126353],[129.21187338979598,35.84334074915185],[129.21189165166473,35.84350344693119],[129.21189244667048,35.843582331975675],[129.21186315101437,35.84359226096923],[129.21186756444035,35.84349048406172],[129.21184226775682,35.84334645447416],[129.2118066073248,35.84333115958701],[129.21173131646913,35.84333134541219],[129.21173409655475,35.84366335214006]],[[129.21275399944975,35.84421463360078],[129.21173281215192,35.84425457452762],[129.21172657667324,35.84503753745768],[129.21188025769644,35.84503591660973],[129.21196238793573,35.84502621052157],[129.2121357029039,35.84504025473169],[129.21223112863854,35.84503106590266],[129.21224117143018,35.84496943883632],[129.21227402764572,35.84495792631893],[129.21232972573316,35.844961253355315],[129.21242579020372,35.844942510000514],[129.21253174176718,35.844937177830765],[129.2126260281421,35.84491581480101],[129.2126173950488,35.844824271975874],[129.2126345447607,35.844587555545836],[129.21266813026767,35.84446708050039],[129.2127118256325,35.84440232098133],[129.21275049172073,35.84432360091063],[129.2127606296326,35.84425628673863],[129.21275399944975,35.84421463360078]],[[129.2127011677739,35.843488593853365],[129.21274498703087,35.84348753879923],[129.21273810211082,35.84329970330675],[129.21269257885493,35.84330520885237],[129.2127011677739,35.843488593853365]],[[129.21172918572753,35.841366268511976],[129.21172012098341,35.84172724738382],[129.21172741270684,35.841986317117424],[129.21267619214035,35.8419506042292],[129.2126567623281,35.84164840401079],[129.2126175934631,35.8416497255716],[129.21262993710542,35.84156276024351],[129.21263761540015,35.841361001811315],[129.21257577303697,35.84136047958147],[129.21258817027655,35.8411767739186],[129.21260434681608,35.84117454644937],[129.21262589338048,35.84108107594235],[129.21270790660952,35.84107473121544],[129.212721143445,35.841007438601494],[129.212716850738,35.84091214790331],[129.21272403433426,35.8407827427183],[129.21253545816094,35.84076616658274],[129.21230573546222,35.84077718653754],[129.21223180247594,35.84090064335775],[129.21213405521772,35.84103465045868],[129.21210946199056,35.84107704333281],[129.2121411351032,35.84109590506707],[129.21218076119348,35.841104343404574],[129.21241401162166,35.841091758332375],[129.21247689746284,35.841068422709554],[129.21249429000463,35.84109487091534],[129.21242721552736,35.84112062925132],[129.21230953933875,35.841135508112934],[129.2121624507143,35.84112837581075],[129.21207734252616,35.84110287539176],[129.2120326513505,35.84116310316781],[129.21197526159585,35.84122230771902],[129.2119204635115,35.84126119351526],[129.21172918572753,35.841366268511976]],[[129.2126715510729,35.84370768672982],[129.21267013370777,35.84367370644606],[129.21272057145632,35.84366388429416],[129.2126656039153,35.843589231208504],[129.2126574626449,35.84354956346653],[129.21267662066376,35.84353192838141],[129.21266854099883,35.843306720136034],[129.2123853077321,35.84331099378592],[129.2123819455932,35.84332879036734],[129.21238607908654,35.843401667224136],[129.21239923348318,35.843466047482266],[129.21242618803115,35.84347914941203],[129.2124419042246,35.84352026389839],[129.2124915122308,35.8435649599275],[129.21253494090863,35.843587685294835],[129.2125944387338,35.84358834684914],[129.2126564372892,35.84367637117836],[129.21266102136534,35.84370833181526],[129.2126715510729,35.84370768672982]],[[129.21217974620012,35.8450732804311],[129.21201841058456,35.845072752073136],[129.21172659523984,35.84509490199076],[129.2117212555804,35.845785322900305],[129.2117336582125,35.845929798601716],[129.21171783076258,35.84593045716789],[129.2117145617624,35.846096887694316],[129.21176995391252,35.84610563203523],[129.2118362694713,35.84610100971883],[129.21191773510455,35.84608652820018],[129.21236558910684,35.84606897083471],[129.21242448573773,35.846063450950766],[129.21248754512897,35.845945357617],[129.21264415005695,35.84582258464299],[129.21270493115756,35.845818151822606],[129.2126982549066,35.845391782207095],[129.21271673532473,35.84538561221108],[129.212651301503,35.84511295488775],[129.21262178926688,35.84494946591323],[129.21254000871912,35.844965759975615],[129.212453864955,35.84496879524181],[129.21231794704556,35.84499014106048],[129.21226292858935,35.844992670951946],[129.21225441425173,35.84504626520116],[129.21217974620012,35.8450732804311]],[[129.21253131902498,35.84075238923253],[129.21256509068047,35.840712517160036],[129.21264537685684,35.840338718217176],[129.21172955848544,35.84010659290028],[129.21173759387304,35.840555248508714],[129.21173292446275,35.84134019193516],[129.21189985754384,35.841250126188996],[129.2119790149548,35.841180816578465],[129.21205421643873,35.841084764727896],[129.2121936904502,35.840891283106274],[129.21228903857843,35.84073332491921],[129.2123202410256,35.84073330623113],[129.21231439658467,35.84074996258484],[129.2123519990437,35.840759188504904],[129.21253131902498,35.84075238923253]],[[129.21208887027424,35.84264995084813],[129.21209550163138,35.84279690612796],[129.21215915621605,35.84278328480754],[129.2121969872887,35.8427948896717],[129.21231730124188,35.84278871237142],[129.21231009985848,35.84264401123033],[129.21208887027424,35.84264995084813]],[[129.21037077945576,35.842904290290825],[129.21009316188005,35.84288836076633],[129.21008531858132,35.84316488701185],[129.210076241907,35.843253621852504],[129.21007709796964,35.84337342357441],[129.21014220479816,35.84337723999539],[129.21024574652844,35.84336964287615],[129.21041540033602,35.843365094130796],[129.21041810688186,35.84332506489797],[129.21043460039758,35.84332533363312],[129.21043914197054,35.84333080533822],[129.21043722098875,35.84336226231495],[129.21060886646748,35.843353221606755],[129.21098192406646,35.8433107267693],[129.2109603914502,35.843090525759806],[129.21092321799546,35.84306800521887],[129.21095006094433,35.84306406503137],[129.210975485285,35.843080495569005],[129.21101074575765,35.8433099735448],[129.21119114082612,35.84329872671094],[129.2114069899298,35.84329171664219],[129.21159687949125,35.84329626955652],[129.21159240767116,35.84230998499747],[129.2114376038048,35.84231615874641],[129.2114570365242,35.842285166840234],[129.21159522859708,35.84227998644982],[129.21159477444158,35.842183328130176],[129.2116924267021,35.84218863695725],[129.21169077699562,35.84214651539526],[129.21167863855973,35.842072543961734],[129.21081720445227,35.84210522186931],[129.21084299096105,35.84223432614468],[129.21082908743608,35.842351873428804],[129.21082003449544,35.84235240291184],[129.21079872632453,35.84210360476732],[129.21054466245513,35.8421158804427],[129.21055602950142,35.84215781387847],[129.21059061037664,35.8422048981246],[129.21062245151276,35.842262432621624],[129.21062706186913,35.842302557282174],[129.21052670015126,35.84238256467342],[129.21044436036274,35.84241691033289],[129.21039409458075,35.84245412924591],[129.2103775011819,35.8424410268719],[129.21041160038533,35.84240151084731],[129.2104448258272,35.8423791471287],[129.21049297670527,35.842375422340204],[129.2105305168968,35.842343831300994],[129.21059115430285,35.84230670243369],[129.2106047848623,35.84227901032499],[129.2105720335815,35.84220786852443],[129.21053677562332,35.84217693585984],[129.21053108555262,35.84211761643719],[129.21048548457685,35.84212283288206],[129.2103651219671,35.8421227898038],[129.21016367670305,35.84213410800144],[129.21013944857404,35.84235024290394],[129.2101197139957,35.842447918644346],[129.2101213737571,35.84247728751558],[129.21010933969094,35.842603258159365],[129.21010231356567,35.84285365575108],[129.21040092394122,35.84288461766749],[129.21042367015332,35.842956191477626],[129.21045972658246,35.84296648414844],[129.2106123136903,35.84293336812892],[129.21073157792543,35.84291511748733],[129.21077703381957,35.84293877726414],[129.2107933193057,35.84295258309328],[129.2106445987627,35.842944856957935],[129.21051632566665,35.84298892598254],[129.21041026322936,35.84299747402983],[129.21037077945576,35.842904290290825]],[[129.21011498259404,35.84141043426388],[129.21022574510604,35.84141377482238],[129.21016893455902,35.842058105426915],[129.2108373359634,35.842024164378465],[129.21083371752033,35.841990869475154],[129.21084345073865,35.84198807666712],[129.21085507282916,35.84202170911372],[129.211589632218,35.8419920737399],[129.2115918123153,35.841824013742716],[129.21150286524184,35.841820474095734],[129.21152422801208,35.84179948268437],[129.21159200054348,35.84180305032611],[129.21159117443807,35.841074273500354],[129.2115987667375,35.84048636538442],[129.21159541487995,35.84007157057711],[129.21122176693774,35.83997222048202],[129.21116294233445,35.839961372934496],[129.21074158400347,35.839851262529464],[129.21066492725632,35.83983584940759],[129.2103408490923,35.83975444430361],[129.20997291360234,35.83969665509139],[129.20999888309927,35.83996840927169],[129.2100242464703,35.84013961193233],[129.21005730570317,35.840536086882864],[129.21006265245765,35.84066316297141],[129.21008965187443,35.84094755984686],[129.21010514381734,35.84105586328682],[129.21011498259404,35.84141043426388]],[[129.21055994283262,35.84387251702556],[129.2105303805666,35.84394967942616],[129.21048427111052,35.844107451380765],[129.21047386114677,35.844168835612145],[129.21064755506788,35.84417624811338],[129.2108416678061,35.84416960133881],[129.21097533124404,35.844183689263836],[129.2111375003891,35.844160938278414],[129.21159863603734,35.844180501130076],[129.2115970555152,35.843329435260294],[129.21141326236832,35.843332325036634],[129.21142040704447,35.84345609928458],[129.21143812657618,35.84351835373511],[129.21140309345057,35.8435688939659],[129.21139472882305,35.8435912505716],[129.21131539382716,35.843623653885516],[129.21129586311923,35.84360917785739],[129.2113776013131,35.84357723900897],[129.21139475174323,35.8435243326983],[129.21138588999003,35.843337005277604],[129.21130542668203,35.84333176533116],[129.21117709694647,35.84333338626756],[129.2111789559887,35.84336681941033],[129.21114660482368,35.84336816464586],[129.21114149474903,35.843335962874995],[129.21096562195797,35.84334115436159],[129.21095248207942,35.843441819888696],[129.21095658803833,35.84359312364361],[129.21092158266913,35.84358698405543],[129.2109271101714,35.843352748480704],[129.21070735635604,35.843373490528634],[129.21071717200778,35.84339358934582],[129.21068003877252,35.843394843644404],[129.21066945226124,35.84338046910558],[129.21059829542043,35.84338268385042],[129.2105918897902,35.84340081914088],[129.21056248469625,35.84340282601782],[129.21056723185728,35.84338962345386],[129.2103508642687,35.843397435028876],[129.2103410742403,35.84347996151085],[129.21032527768355,35.84347955636421],[129.21032390684942,35.843399987355944],[129.210074960845,35.8434069357713],[129.2100783279622,35.843458481445055],[129.21007452199336,35.84411019113421],[129.21016310091008,35.844120131348866],[129.2102987021872,35.844147248739844],[129.21042624616842,35.8441620598969],[129.2104597546535,35.844091190401066],[129.21050022555957,35.84394016961461],[129.21054812104268,35.84383876774608],[129.21065239547622,35.84385285308247],[129.21073543155032,35.84387235577641],[129.21077099781067,35.84386864377643],[129.21076141553334,35.843903701073806],[129.21066519677012,35.84388021979489],[129.21055994283262,35.84387251702556]],[[129.21057521092,35.84423244979882],[129.21027137337612,35.84418135447048],[129.2101914825435,35.8441583221064],[129.21006914824267,35.84415046832151],[129.2100912544144,35.844328444888355],[129.21013073889475,35.84432454602576],[129.21013384537514,35.8443441698611],[129.21009408845322,35.844349709473],[129.21012621131462,35.844654086996236],[129.21026007175723,35.844654386245494],[129.21069750303943,35.84463301388634],[129.21091703408527,35.84463989555995],[129.21154281000173,35.844627979302366],[129.21158591682007,35.84459570227606],[129.21158770750233,35.844464639351386],[129.21146968045738,35.84446592715167],[129.2114697521407,35.84445112849904],[129.21158888084503,35.844447856022256],[129.2115891822111,35.84429351640645],[129.2114712695777,35.844291920007336],[129.21147265434624,35.84427135105869],[129.21159021787398,35.84426230430237],[129.21159013997297,35.8442285706446],[129.2112519066273,35.84423502867864],[129.21057521092,35.84423244979882]],[[129.21158844203697,35.84473055191503],[129.21155072226813,35.844698506317485],[129.21149281042733,35.844699328538915],[129.21149486169202,35.844818208854356],[129.21148457115456,35.844912037959],[129.21158787197552,35.84491311914166],[129.21158844203697,35.84473055191503]],[[129.2114895453504,35.84543005877398],[129.21158721022195,35.84543024855531],[129.211587479672,35.84521764320674],[129.21149547142863,35.84521744353955],[129.21148454650884,35.84532678425935],[129.2114895453504,35.84543005877398]],[[129.21158647914456,35.844930623853216],[129.21149080232342,35.844928528958356],[129.21149076362653,35.84519517286634],[129.21158654644444,35.845195365937684],[129.21158647914456,35.844930623853216]],[[129.21147077951198,35.84469810528823],[129.21096535565889,35.844708991293665],[129.21101599172695,35.8455822413466],[129.2110550784813,35.845582623811204],[129.21107619135148,35.84589955659849],[129.21152150450501,35.84588425993595],[129.21158484683335,35.84583941115834],[129.21158614230478,35.84544503993485],[129.2114671069813,35.84544650974757],[129.21146259839009,35.8453192431003],[129.21146996135286,35.84519818334375],[129.21146661803954,35.845097249181514],[129.21147035936383,35.84484946196344],[129.2113856215476,35.844835721742875],[129.211311233649,35.8448430616556],[129.21130854156868,35.844825392841955],[129.21147095896504,35.844820774125466],[129.21147077951198,35.84469810528823]],[[129.21085397315133,35.844715782557444],[129.2101346945319,35.84473599590397],[129.21018498942288,35.84521208405012],[129.21019726860416,35.84528941701515],[129.21019435598697,35.845639548691956],[129.21018084354432,35.84592385343685],[129.21089477793504,35.84590464048922],[129.21085397315133,35.844715782557444]],[[129.21056497424414,35.84716016913308],[129.21059164426026,35.84701392198944],[129.21058312140326,35.84695935713375],[129.21039267709565,35.84699139433977],[129.21030815490687,35.847010034897615],[129.21029651711106,35.84694104642524],[129.21014184158838,35.846932077295115],[129.21013490501906,35.84711532243239],[129.21011780824384,35.84729498020556],[129.21057447109527,35.84728215478633],[129.21056497424414,35.84716016913308]]]},"properties":{"reg":"방화지구","key":"reg_fire","note":"내화구조 의무","parcels":1837,"area_ha":39.6,"parts":1,"source":"V-World 토지이용계획 속성(getLandUseAttr) 포함·저촉 필지 합집합(접함 제외) — 지정 필지 외곽, 법정 경계선 아님"}},{"type":"Feature","geometry":{"type":"MultiPolygon","coordinates":[[[[129.21434570513128,35.83609804452081],[129.2143822138208,35.83599688648687],[129.21435289518752,35.83584375272364],[129.21431258322593,35.83571436836748],[129.21405619087105,35.835617640196986],[129.21391021845452,35.8355853631217],[129.21355673182455,35.8355482159573],[129.21341485735343,35.83552935969487],[129.2134172634426,35.83561839008251],[129.21332048412646,35.83563453989658],[129.21330867036295,35.83566623970749],[129.2133087837491,35.83567974926674],[129.2131939790198,35.83570587155139],[129.2132189283895,35.83579418628813],[129.21316778192033,35.83583113756989],[129.21309117672473,35.83591721581024],[129.21298858014262,35.835968578479104],[129.21288606849654,35.83600194292047],[129.21290621133105,35.83605166557614],[129.2129199328091,35.836113169868355],[129.21291811496235,35.836191410698014],[129.21290274207607,35.836266719268615],[129.21288520283167,35.836305612080274],[129.2128525333083,35.836340232531576],[129.21289225295857,35.83633890992841],[129.2128660357083,35.83640676619469],[129.2128614529314,35.836485813996596],[129.21282388708187,35.83661484912574],[129.21278097331367,35.83665550792919],[129.21266767851034,35.83669651572606],[129.2126001948273,35.836729331688296],[129.2125093690899,35.836787450674905],[129.21249927805323,35.836863840426666],[129.21251935965256,35.83695313719038],[129.21251592258145,35.836992681118346],[129.21257862917602,35.83712017014154],[129.2125921983486,35.83726207534869],[129.21257419434355,35.83736799497703],[129.21270496795714,35.837390062161155],[129.21276623916472,35.83740592462919],[129.2129361965657,35.837495597617874],[129.21302592878078,35.83755486820405],[129.21312311325775,35.83756951366705],[129.21317700650718,35.83760783007091],[129.21320348763672,35.83765173744019],[129.21323448438633,35.837733038768754],[129.21325349522317,35.83776471128535],[129.21328524246374,35.83777021605798],[129.21334478116543,35.837746254995714],[129.2133857409177,35.837736521369415],[129.21345594000155,35.8377340182693],[129.21351860472444,35.83774931911851],[129.2135414789601,35.837697988557245],[129.2135816557617,35.83770599286791],[129.21360644343545,35.83773316690264],[129.21370267465724,35.8377263908395],[129.21375047633094,35.83772980327318],[129.21379585620366,35.83765924527428],[129.21376015946262,35.837612884886305],[129.21383176073334,35.837496983671244],[129.21393739465262,35.83730154091234],[129.21417834443338,35.83682728189474],[129.2142661682867,35.83669408372181],[129.21433852374594,35.83643846887905],[129.21427984495344,35.836423377695226],[129.21431580739312,35.836312378989355],[129.21432637623238,35.83620421912516],[129.21434570513128,35.83609804452081]]],[[[129.2100424230609,35.8435737866414],[129.2100342373714,35.84415935215276],[129.21015718249873,35.845275111693574],[129.21014577893686,35.84599266167452],[129.21013401447684,35.84637810162456],[129.21010539779704,35.84696052092709],[129.21006419104685,35.84737249063713],[129.21156620328466,35.84731577207337],[129.2118849991581,35.847300433812855],[129.21248308949754,35.84728044985624],[129.21247254229746,35.847310489003085],[129.21245971089525,35.84731817215436],[129.21240659523156,35.84741283352796],[129.2124105388592,35.84748079885626],[129.21243983626474,35.84774687743577],[129.21247270526263,35.84777738110283],[129.2125118719792,35.8478033584406],[129.2125252665475,35.84784526104904],[129.21252711384975,35.847911607800796],[129.21255535799727,35.84795545806084],[129.21255617946306,35.84797303999745],[129.21254759055375,35.84799017882602],[129.21230822351467,35.848012238027515],[129.21226708385527,35.848031326564794],[129.21223016376487,35.848055373572926],[129.2121754606319,35.84805655099905],[129.21211906009148,35.84804375299452],[129.21209574515925,35.84802197460812],[129.21205096585288,35.8478870098435],[129.21193838615483,35.847865486950475],[129.21177957979427,35.847864944838896],[129.21173997248192,35.84787746040489],[129.2116478287762,35.84799490120865],[129.21157094279607,35.848181008508654],[129.21147654417095,35.848283131875725],[129.21131623195546,35.84821552980409],[129.21116089337133,35.84818694294598],[129.21092712967464,35.84821858792789],[129.21058057233407,35.84820215785124],[129.21048194545446,35.848237415077065],[129.21049685499048,35.848371900644295],[129.21042827267883,35.84841199934736],[129.21028675181284,35.8484773786501],[129.21022278040508,35.84851980345966],[129.21014890103336,35.84854513972413],[129.2100672350329,35.848539144000284],[129.2100751948745,35.84837033515211],[129.21005028616364,35.84852180634039],[129.21003712765517,35.84855692383631],[129.21002357787478,35.84868782681046],[129.21003545966497,35.848909180107476],[129.21005130310581,35.84905812914905],[129.21005685240146,35.848886080002366],[129.21022515983267,35.84887862281226],[129.21027751042988,35.84886658129188],[129.21027595312503,35.84885103744398],[129.2100558738117,35.84886324403861],[129.21004945236075,35.848736043815634],[129.21005562394467,35.848657912794394],[129.21005055587207,35.84858253206704],[129.21006067864104,35.84855909102097],[129.21012979636774,35.84856691103703],[129.21020540236486,35.848549917356124],[129.2103166587329,35.848488727485446],[129.21043411906427,35.8484337002833],[129.2104693627098,35.8484328188567],[129.21049380251964,35.848461544235235],[129.2105395797085,35.84854738973493],[129.21058472089413,35.84866923222856],[129.21060294083935,35.848803829174265],[129.21054339327216,35.848827869976176],[129.21055689239276,35.84884245574413],[129.2106264013446,35.84884317294708],[129.21063592246156,35.84879301085319],[129.21063152777253,35.84874664020275],[129.21059221619993,35.84859796639778],[129.2105391806254,35.848500777802634],[129.2104978808386,35.848400044883824],[129.21058726287401,35.84831770443075],[129.21075080618064,35.848304928410876],[129.21082159024712,35.848310834478575],[129.2108125254614,35.84852193192894],[129.21086130829624,35.8486056090697],[129.2108842350373,35.84860190103369],[129.21083690529235,35.84851935694492],[129.21084617539063,35.84839060630804],[129.2108649203641,35.84830789301188],[129.21099320054148,35.84829279880271],[129.21105668041037,35.84830359322703],[129.21115250107192,35.84831253770562],[129.21117683230642,35.84849756684438],[129.21120031456172,35.848540893991824],[129.2111913640791,35.84858480947691],[129.21115029702077,35.84870738798606],[129.21115473146344,35.84878977247799],[129.21112204748266,35.848858973363996],[129.21109897282798,35.848886420614804],[129.21106571986175,35.84891190286513],[129.21096861556103,35.84891602867462],[129.2109627042666,35.849021241830634],[129.2108946723729,35.84903503236471],[129.21072775361418,35.84905711535346],[129.21061848098202,35.84908139598171],[129.2106049848421,35.84911855996011],[129.21061397299164,35.84918581357658],[129.2105865757299,35.84921974823434],[129.21054278126607,35.84923154067845],[129.21045511219157,35.84922037347968],[129.2104480782021,35.84924813518234],[129.2105391554135,35.84926363420659],[129.21050620958715,35.8493170517589],[129.21049136647002,35.84938934876864],[129.21036976384383,35.849368092457944],[129.21011645246577,35.84935955609259],[129.2101032968853,35.84936624817903],[129.21009628997822,35.84940862807919],[129.2101655326328,35.84967932428004],[129.21011523259935,35.84980245920025],[129.2100209626823,35.849824117636615],[129.21002142054093,35.84985101012279],[129.2101443317749,35.84983911655967],[129.21015818694545,35.84977830323025],[129.21018957458188,35.8497081946048],[129.21031956983518,35.84972567830032],[129.21040657035212,35.84972653646582],[129.21057694170472,35.84971607403238],[129.2107208742298,35.84969991643951],[129.21080269929564,35.84966908638985],[129.21093124849347,35.84964600670872],[129.21094649337925,35.8496382203782],[129.2110191609372,35.84963586759894],[129.21125270726148,35.849604186768424],[129.2113670785252,35.84960317593049],[129.21146844273193,35.84958118860402],[129.2115467650272,35.849552932729566],[129.21154418471855,35.84953995023684],[129.21145656927723,35.849570304235],[129.2113654800648,35.84958470311043],[129.21116419095333,35.849586757884424],[129.21106911819246,35.849601794360964],[129.21097784283998,35.84959176039669],[129.21093139919174,35.849572815984175],[129.21089602661385,35.849604844950115],[129.21083858146653,35.84963296489161],[129.21076744902714,35.84964658951767],[129.2106918063674,35.84968369048788],[129.21058373752774,35.849694576421946],[129.21044847062066,35.849697281153155],[129.2103742176225,35.84970717078833],[129.2102967853884,35.84969934733978],[129.21019077393694,35.84968430040075],[129.21017612591635,35.84961994959827],[129.21015029491477,35.84944058273919],[129.21012458695787,35.84938420916555],[129.21020163085657,35.849374918673945],[129.21039894693163,35.84939877432884],[129.21051434276762,35.84942130315624],[129.21053718320005,35.849481620094515],[129.210518643142,35.84953719634851],[129.21054461354493,35.849558474728234],[129.21058012123498,35.849527265767094],[129.21056276842418,35.849470030574935],[129.21055633058103,35.84942547499323],[129.21061780968677,35.84942861250717],[129.21063005616824,35.84940876370545],[129.21052568755834,35.84939530941268],[129.21052301306776,35.84933372268005],[129.21064246583776,35.84918970244468],[129.21062984411972,35.84914673481506],[129.21065062199017,35.8491045201746],[129.21078654859784,35.84907521819663],[129.2110080608684,35.84903946712908],[129.21099979822006,35.84897880942214],[129.21104763569977,35.84893861138955],[129.21108810150196,35.84891555894919],[129.21114067974352,35.84887228836137],[129.21117654350266,35.84882516253412],[129.21118706607604,35.84867198583105],[129.2112268090431,35.84858889336159],[129.21124779681557,35.848571913235084],[129.21123786859312,35.84854299144352],[129.21124504051704,35.84849627617333],[129.21129713749497,35.848476357730526],[129.21132525079358,35.84847072089257],[129.21136637797701,35.84852654456171],[129.2113697245704,35.84861190507131],[129.21136457920616,35.84871351191575],[129.21144791952676,35.848737258446924],[129.21144767479072,35.84876619799582],[129.21154380088657,35.848769004118004],[129.2115529533259,35.848755559500724],[129.2115013971552,35.84873292911995],[129.2114395421561,35.848708784587814],[129.211390574378,35.84870220089031],[129.21139489351228,35.848623126725926],[129.21143154597777,35.84862334208046],[129.21140145124107,35.84859121103733],[129.21139280721408,35.848549750634376],[129.21136915774963,35.84848921896328],[129.21134045733356,35.84844427871253],[129.21138146818353,35.848376144717605],[129.21144853683398,35.84832473743395],[129.2115068356139,35.84830173480218],[129.21157590605253,35.84833362644541],[129.21163304986206,35.848414116257665],[129.21165787126998,35.84845725171162],[129.21168494987282,35.8485587120808],[129.21171879888752,35.84858723148663],[129.2118067306181,35.848589069373276],[129.21180966882923,35.848607629970445],[129.2118583812186,35.848727086431744],[129.2118832991971,35.84884441252459],[129.2118851077822,35.848900485099804],[129.21186997301513,35.84895406384221],[129.21184654065092,35.848967533483],[129.2117884052678,35.84896871674238],[129.2117013545434,35.84896110930533],[129.21155197767212,35.84896064953743],[129.21146727977987,35.84896791744619],[129.21147221000362,35.84898629431956],[129.21173617146363,35.84897881201729],[129.2118399671469,35.848993419862474],[129.21184154066594,35.84924132378942],[129.21182570851252,35.849282367364985],[129.2118387600273,35.84931597013322],[129.21186340189536,35.84921973664366],[129.21185641379566,35.849013218558014],[129.21189059735477,35.84896295010021],[129.2119044224141,35.84893115393907],[129.21196149428832,35.84977371606727],[129.21208305095894,35.84976882560168],[129.21207911252554,35.84982417822535],[129.21233862353995,35.84981553978456],[129.2125239498094,35.849846686066215],[129.2125803163849,35.84984810482316],[129.2125804426099,35.84985660264836],[129.21250760128652,35.84985987301785],[129.21251605211563,35.849995261871236],[129.21206014356486,35.85001442914762],[129.21190368604198,35.850012080592364],[129.21146155371142,35.850045920849404],[129.21102246100492,35.85005711479726],[129.21072176242373,35.850075934141245],[129.2100517167159,35.850082686770456],[129.21005136962927,35.850089645017654],[129.21086070666496,35.8500864259963],[129.21085991923837,35.85015324599144],[129.2109127728046,35.85015125813339],[129.21091726976854,35.850164781175536],[129.2110512656602,35.850154138126065],[129.21132926801067,35.85015516705481],[129.2116998380063,35.85011872171407],[129.21186533507532,35.850131824636975],[129.2119448940408,35.85011897770248],[129.21231881169192,35.85011787158675],[129.21265972167447,35.85010534040493],[129.21279549268868,35.85010882387985],[129.2127728976453,35.850325325657366],[129.21275377262384,35.85041025696212],[129.21273882534024,35.850580312917444],[129.21273052768532,35.850611357514936],[129.21269550661842,35.85062555967772],[129.2126422186928,35.850693544433156],[129.21263432630266,35.85083153955015],[129.21265837171018,35.85088212045942],[129.2126659870925,35.85094443746674],[129.21266511828983,35.851130294588856],[129.211903796601,35.85115590984673],[129.21190443868082,35.851189435189724],[129.21091070656954,35.85120090476035],[129.21086934280035,35.85117339862236],[129.21086614770817,35.850168601438924],[129.21080013856243,35.85019845766859],[129.21080434008533,35.851418020762345],[129.2107698566347,35.85143907993216],[129.21013555992494,35.85127831868777],[129.2100926017225,35.85123369131726],[129.2100932876707,35.85132651878758],[129.21257365620406,35.85195270085989],[129.21300046663856,35.85205649518439],[129.21335432517188,35.85211859869272],[129.21346284450254,35.85213030378329],[129.2138220223777,35.85215274157505],[129.21421102252359,35.85214989052973],[129.21421645823003,35.85239863461896],[129.21430864278423,35.852395425156175],[129.2148165487577,35.85232194690887],[129.21510208414486,35.85226845520162],[129.21565704209544,35.852115403319054],[129.2156793532745,35.85231383285342],[129.21570915820777,35.85231113906005],[129.21570352442214,35.852204495310765],[129.2156904289566,35.85210183035646],[129.21578807341726,35.85207082452178],[129.21605941663296,35.851968544209434],[129.21630533478273,35.8518635869695],[129.21665718165468,35.8516803733987],[129.21695776655386,35.85148689537847],[129.2171422330547,35.85135378343432],[129.21728055153122,35.85124251024213],[129.21734250455316,35.85141989094223],[129.21732378924133,35.85142146569715],[129.2173554682993,35.8516079943633],[129.21734918090263,35.85162858117224],[129.21742710199138,35.851558540294],[129.21767997896364,35.85130224802812],[129.21772163495376,35.851428338917806],[129.2177352275316,35.85139515750619],[129.21801232797233,35.85110355506524],[129.2183904642574,35.850682476442834],[129.21894906774324,35.85032943889764],[129.21909086592737,35.850188695477975],[129.22202108801233,35.84811982597984],[129.22202113729492,35.84813762556499],[129.2233706358024,35.84715446471374],[129.2241773456851,35.84658674436771],[129.22459664443713,35.84628603973776],[129.2249890487203,35.846043153763205],[129.22538727282955,35.84583562069527],[129.22608036334924,35.84550780453337],[129.22571339532183,35.84562628317759],[129.22533783162453,35.84581002719066],[129.22532383278028,35.845642015261994],[129.22529936745792,35.84565343355216],[129.22522433060692,35.84557499437421],[129.22531455703188,35.84552001234066],[129.22528969024404,35.84520692844315],[129.22526640358018,35.84517255308165],[129.22524472412223,35.845107415067446],[129.22524543537503,35.84503748577157],[129.22526130467318,35.84489815003795],[129.22526014216803,35.84473650403283],[129.22531957655985,35.844737889415946],[129.22533433754663,35.844732057871276],[129.22559367175472,35.84469848061284],[129.22604560955995,35.844653133207224],[129.2261341249821,35.84463964729282],[129.22612386996008,35.84462611166592],[129.22609008784735,35.84442232110599],[129.22607293550982,35.84427876603164],[129.22606248957345,35.844130737231296],[129.22631341747507,35.844104086716754],[129.22648352189412,35.844094269170334],[129.22654374533005,35.844104764108216],[129.22661338062423,35.844382705314395],[129.22667200321075,35.84456689205846],[129.22659933371685,35.844602005719246],[129.22641827146126,35.84464379324871],[129.22625893032605,35.84472999853259],[129.22606124130132,35.84479914251768],[129.22617282695225,35.84481378652739],[129.22627502314094,35.84477643687103],[129.2264371285539,35.84468913587944],[129.2265987580384,35.84464114807803],[129.22678122759243,35.84457644786738],[129.2270603694596,35.844459005059356],[129.2272474040067,35.844361021426316],[129.22746487639355,35.844262403466765],[129.2275449053936,35.844238721310965],[129.22756638571622,35.84423701358861],[129.227648169213,35.84419971919004],[129.2276327266869,35.84417203481847],[129.22758198115062,35.844201574139454],[129.22741992276443,35.844253926120125],[129.2273034389289,35.844299577074665],[129.22704301101678,35.844434839083895],[129.2268476920847,35.84451567813797],[129.22673614297662,35.844553000751276],[129.22667848637005,35.84445997365207],[129.22664756800114,35.844318201895994],[129.22660187106075,35.844148510054836],[129.22658810780058,35.84406862200722],[129.22652567222738,35.84405479660932],[129.22639258472012,35.84405844410273],[129.22639183881017,35.844049484414114],[129.22691660503017,35.84400587404599],[129.22719019321346,35.84395277256724],[129.2272291470274,35.84392603141203],[129.22716989154395,35.842741161160674],[129.2269180229654,35.84275843321275],[129.22632393524836,35.84278704334852],[129.22608808944,35.84278694362988],[129.22604429924982,35.842307308031586],[129.22629178251415,35.84230935980675],[129.22651701308382,35.842274618648986],[129.22645584924325,35.84171501170883],[129.22644050487722,35.8414787235934],[129.22712253484875,35.84145397639285],[129.22753698123685,35.84144605961246],[129.22906876208452,35.84138817420983],[129.22906972692536,35.84135395190949],[129.22907515881343,35.84134108818214],[129.2290953452586,35.84134031253665],[129.22909941179194,35.84128370631645],[129.22912570657456,35.840495720366626],[129.22910808039026,35.84050560442065],[129.22910455428473,35.84081335205587],[129.22908689382308,35.841252970352805],[129.22906517110187,35.841309024197976],[129.22903606841115,35.84132733863874],[129.2287701692141,35.84133284376824],[129.2271488860188,35.84139021752876],[129.22641425170428,35.84140097680683],[129.22549218555235,35.84143758650407],[129.22469247589027,35.841479396467925],[129.2237378499381,35.841522190694434],[129.222877835458,35.84155587168473],[129.22287899629097,35.84154342327854],[129.2226639618806,35.841550749857284],[129.2226242123336,35.84054920029584],[129.22261063407987,35.84002780676591],[129.22242757437948,35.84002485389629],[129.22244118335132,35.84063758012081],[129.2223888474518,35.84059273899536],[129.2223701797764,35.84034672388711],[129.2223856453808,35.84009621989832],[129.22235488988932,35.84008169419308],[129.22227766956826,35.840087468907704],[129.2221641696681,35.840082387041434],[129.22192587951224,35.84008805163388],[129.221440395805,35.84011390583233],[129.22129735883092,35.84013065142023],[129.22123171076174,35.840162585625876],[129.22123669992462,35.84006125790825],[129.22126451927969,35.83999854307832],[129.22104189622368,35.8399457491852],[129.2210105060243,35.84001811386917],[129.2209284039422,35.840160345979484],[129.2208897959383,35.84018012682369],[129.2207400946661,35.84010005354843],[129.22079599243403,35.83997999509207],[129.2208191872036,35.83991389108836],[129.22072241111667,35.83991244542595],[129.2207241861848,35.83947547980223],[129.220681730623,35.83947659368555],[129.22068149256867,35.83992516461394],[129.2204452776878,35.83992463089293],[129.22044279055606,35.839933882256204],[129.22039431726066,35.83993637690338],[129.22038004350514,35.83997835612148],[129.22021690393623,35.83992577678751],[129.22026395500066,35.83982858138032],[129.22032925890437,35.83967130238166],[129.22036315786264,35.839476507403226],[129.22017493402603,35.83944256649253],[129.22006163286412,35.83946113109618],[129.21994276332128,35.839471297046124],[129.21988058203866,35.83948390139943],[129.21979295083645,35.83981840661009],[129.2197648981729,35.83980848072153],[129.21980016365515,35.839695814399576],[129.21984927702783,35.83947054767492],[129.21984325548414,35.83938966234895],[129.21936687795602,35.839404965013564],[129.2193666074649,35.83939509680815],[129.21906884147876,35.83934555378983],[129.21904262540198,35.839306874506235],[129.21905323884707,35.83928617158656],[129.219004182262,35.83930192412773],[129.21879666424343,35.83912894396547],[129.2187089301117,35.83930136765899],[129.21861953550535,35.8394941625515],[129.21843307798665,35.83941761359637],[129.2185173934269,35.83927796575944],[129.21845759581606,35.839231082519454],[129.21859610993133,35.83897656246474],[129.21848923837396,35.83889706689153],[129.21834731981284,35.839165562357934],[129.21826834690222,35.83914125390665],[129.21820926001067,35.83909920897653],[129.21816525189712,35.83910730946444],[129.21819382758304,35.83905331807625],[129.2181138976529,35.838880503133076],[129.21803995871696,35.838676088491866],[129.2179193174225,35.83890158249325],[129.21778752589177,35.83941520829487],[129.2177332894634,35.839410763597854],[129.21764644239536,35.83954393544462],[129.21757957924854,35.839617949243966],[129.2175319904055,35.839632274568764],[129.2174083655879,35.83986474907015],[129.21744142995198,35.83986166145522],[129.21745432318787,35.84002849584255],[129.21731546486185,35.84003947019114],[129.21727644227167,35.84011491186405],[129.21727139054866,35.84035202784929],[129.21725997238158,35.84035210465228],[129.2172538931137,35.84021616280417],[129.2172584033243,35.84005054989184],[129.2172761792698,35.839854333717824],[129.21729049805654,35.83980386500196],[129.21726620894464,35.839577307139024],[129.21729831837075,35.83928300010838],[129.21727657553723,35.83922415142369],[129.2172793552641,35.839134814449636],[129.21731431712726,35.83906823034043],[129.21733195551198,35.838964365550424],[129.2173357510498,35.838821023793955],[129.2173232965911,35.838726108393686],[129.2172808392586,35.838599748149335],[129.21726773098283,35.83851676647613],[129.2173051220492,35.83846447184131],[129.2173793259981,35.83842024035066],[129.21756939616716,35.83834046248711],[129.21762387293165,35.838290966958134],[129.2177283685946,35.838140008702524],[129.2177951229673,35.838087588973835],[129.21774330184235,35.83805515608809],[129.21760079190864,35.83827739056498],[129.21754215506303,35.83832339670918],[129.2174707968285,35.8383312396853],[129.2174035828726,35.83835717229255],[129.2172553818654,35.8384688781489],[129.217212080067,35.83847203816492],[129.2171509123157,35.83844186591835],[129.2171076204741,35.83844461130341],[129.2170093706243,35.838486875962886],[129.2169328014499,35.83851199593296],[129.21673009164854,35.838620995958394],[129.21662833462702,35.83868856470075],[129.21652308997034,35.8387434860342],[129.21642367021684,35.83878313867964],[129.21638287446532,35.83878807839168],[129.21626653250271,35.838815954779],[129.21622741247683,35.83883075112834],[129.21623809425785,35.83884336757831],[129.21639021811419,35.838798258407415],[129.21642845684622,35.838793233141246],[129.21646110129433,35.83879875349331],[129.21665595707054,35.83870751361655],[129.21674045988706,35.83864044440763],[129.2168008382327,35.83859967180373],[129.21692794813407,35.838530471265386],[129.21698978137633,35.83851614767291],[129.217102987666,35.83846275278456],[129.21714627049832,35.83846076446809],[129.21722643036333,35.83850686377804],[129.2172445133448,35.83858762846001],[129.21728309893882,35.83871073314163],[129.21730496164,35.83883431846673],[129.21729707402994,35.8390565180082],[129.21725101771708,35.83912575368457],[129.21724691907397,35.839234884494225],[129.21727367686483,35.839277745002484],[129.21726441207585,35.839408343867845],[129.21723839407392,35.83959782448379],[129.2172527845436,35.83980680771019],[129.21724936287373,35.839847126799],[129.2172275588301,35.83985564671367],[129.21723031175776,35.8399934700444],[129.2172162708066,35.84048178385414],[129.21718395143256,35.84069473529006],[129.21719277515567,35.840691393837396],[129.21717955476853,35.84071837397235],[129.21718891765968,35.84075882331893],[129.21721341387965,35.84082471484074],[129.21720190994063,35.84085199832151],[129.21715499738335,35.84085475923646],[129.21703684991988,35.840825887855104],[129.21690729093424,35.84082164095525],[129.21669408342134,35.840861452672655],[129.216626687551,35.84086598947509],[129.21656641435027,35.840852073905026],[129.2165174145782,35.840832000616544],[129.2164603770797,35.84083993453037],[129.21660577877668,35.840882357565945],[129.21671244671708,35.840882085461956],[129.2168942420258,35.84084249224703],[129.21701785927766,35.84083524084759],[129.21715065616016,35.840874351202544],[129.21709040873458,35.84113994969861],[129.2170886353607,35.84133948974679],[129.21706624180533,35.84133483440593],[129.2170391696255,35.841473759385366],[129.21686798809614,35.841456993899726],[129.21684729247417,35.841544064750046],[129.21676949814722,35.841473266714104],[129.21665860815406,35.84142285108896],[129.21646801084046,35.84135955490915],[129.21629941512512,35.841295029448524],[129.21583730556122,35.841150410784635],[129.21523373711037,35.84094934563656],[129.21523082160772,35.84087929532961],[129.2152260311298,35.84086363110179],[129.21520131527004,35.8408596735061],[129.2152133288214,35.84089006934895],[129.21521702250664,35.84094249754022],[129.21424782548303,35.84062249793003],[129.21365439010395,35.84044711827906],[129.21362920935417,35.84054116436423],[129.20992851394757,35.839576694503485],[129.20996085178757,35.83996847525335],[129.21006471327036,35.8409303081333],[129.21009153986122,35.84168553664542],[129.2100572841704,35.84266302932392],[129.21004225053375,35.84291593727134],[129.2100323539619,35.8433257349651],[129.2100424230609,35.8435737866414]],[[129.22234520344546,35.840560321108725],[129.22235525308426,35.840639937135116],[129.22217481779725,35.840641899887565],[129.2220911882759,35.840623722001034],[129.2219749005004,35.84057142856014],[129.2218736934297,35.840504975741865],[129.2219012615385,35.840415584213986],[129.22193018067162,35.84026244474685],[129.2219506239963,35.84018632366992],[129.2220161464073,35.84018506787297],[129.2220142640485,35.84014882302825],[129.22197646371052,35.840120385831916],[129.2221631293865,35.84011841193832],[129.22235128645235,35.840107422507906],[129.2223327482816,35.84030767840697],[129.22234520344546,35.840560321108725]],[[129.22179509767682,35.84026567560245],[129.22152920774005,35.84028947810242],[129.22139772946545,35.840215221397344],[129.22128536502805,35.84017642083858],[129.22137153077747,35.84016330322661],[129.22178397670365,35.84013463612786],[129.22179509767682,35.84026567560245]],[[129.2196858693099,35.8396105473582],[129.21941878556265,35.839614132303026],[129.2194135625328,35.83948915632231],[129.2194564391274,35.839459869024886],[129.2197713498901,35.83944846440283],[129.2198317785983,35.83951527249307],[129.21978963023565,35.83969315681992],[129.2197530427791,35.839804068100975],[129.21969936104983,35.83978405868511],[129.21964371287868,35.83973725983414],[129.2196858693099,35.8396105473582]],[[129.21967828433006,35.8429680525958],[129.2197353966128,35.842966777258944],[129.21973562309776,35.84300904548249],[129.21967771205442,35.84301203607016],[129.21967828433006,35.8429680525958]],[[129.21908214403814,35.839413826487565],[129.21911158362064,35.839412907978385],[129.21930841378952,35.8394533329743],[129.21934747978645,35.839483643322225],[129.21934984055338,35.839638634642945],[129.21932739685832,35.83963170114955],[129.21924911551457,35.83955292049774],[129.21908214403814,35.839413826487565]],[[129.21714237426397,35.84101244666485],[129.21718578513043,35.84090133063021],[129.2172691391954,35.84091016626401],[129.21726905817656,35.8409154294154],[129.21719028723368,35.840921271278575],[129.21714658316836,35.84115660314949],[129.2171945546756,35.84116878307073],[129.21719584398323,35.84122390123891],[129.21714341448586,35.841155921851026],[129.21711873993968,35.84115061657316],[129.21714237426397,35.84101244666485]],[[129.2172668577747,35.84042391519239],[129.21725970969607,35.84049503719859],[129.21724975512794,35.84049453962257],[129.21725029172364,35.84045579379575],[129.2172600294369,35.84042312424356],[129.2172668577747,35.84042391519239]],[[129.2172536302024,35.84053931071105],[129.21723537084856,35.840672282959524],[129.21721069758146,35.84068407054857],[129.21722586788712,35.84058828543743],[129.21724843579165,35.840538312122064],[129.2172536302024,35.84053931071105]],[[129.21721506859973,35.84078177629222],[129.21720082749096,35.84075063661068],[129.2172268060731,35.840722200581666],[129.21721506859973,35.84078177629222]],[[129.217080733876,35.84141845902034],[129.2170864727849,35.84141900294228],[129.2170856654284,35.84160405715691],[129.21704703064444,35.84160227890138],[129.2170524668207,35.841516893692145],[129.217080733876,35.84141845902034]],[[129.21174455356257,35.84284849540508],[129.21184801342125,35.842835363372004],[129.21203923945777,35.842835046497775],[129.21208578742315,35.84281947243708],[129.21216895443152,35.84280505085147],[129.21222052545264,35.84283049284925],[129.21226232051393,35.84283421381294],[129.21243313401206,35.84279573712265],[129.21243383666075,35.842835363868154],[129.2124573673112,35.84283464662228],[129.21245887987638,35.84279138394884],[129.21249487567508,35.84278289405774],[129.21244134972514,35.842779986868905],[129.2124089813869,35.84278728973914],[129.21233629311644,35.84278780483704],[129.21233033778032,35.8426413260476],[129.21253500786293,35.842635243831396],[129.21254304559653,35.84276123353185],[129.21261590470894,35.842758365745375],[129.21260970011025,35.84263079564112],[129.2127807903548,35.842625943622494],[129.2127899011234,35.842768235038555],[129.21264379034244,35.84277203378004],[129.2126868863488,35.842794678568055],[129.21266930702757,35.842827379788524],[129.21276836682952,35.842824691175046],[129.2127837115436,35.84283423547407],[129.2127770270882,35.84288476231001],[129.21279419795516,35.8428740173501],[129.21279601493126,35.84303673380616],[129.21278368622035,35.84307441359736],[129.21277806254807,35.8430372880979],[129.21274744882183,35.84303007784357],[129.21273972144627,35.843042132132666],[129.21272473701083,35.84304323997408],[129.21272411995332,35.84306099569027],[129.21264506695505,35.8430615762383],[129.21265255625386,35.84321860594652],[129.21260677949036,35.843220326653736],[129.21260958269042,35.842999993061746],[129.2126355055261,35.8429830400594],[129.2126244238603,35.84298241964261],[129.21262257207363,35.842964479001765],[129.2125844632528,35.84299431425101],[129.21256825166228,35.84302522857743],[129.21257248531893,35.843127495028426],[129.21254714434198,35.84313012612733],[129.2125442565249,35.8431514637944],[129.21257229799187,35.843148701777565],[129.2125711713411,35.84327910566416],[129.21247816803702,35.8432952121115],[129.2122893051482,35.84329382217726],[129.21208430259068,35.84330877286275],[129.21194605892123,35.84331184498205],[129.21180113353748,35.84330384325766],[129.2117312919623,35.84329269984177],[129.21172829704582,35.84281764287528],[129.21174455356257,35.84284849540508]],[[129.21279951157692,35.84495168603444],[129.21279849887668,35.844991378867114],[129.21270249609327,35.84499162876046],[129.21271656118748,35.845227803148795],[129.2127104498971,35.84522856787311],[129.21268929328187,35.84516385380887],[129.2126596223916,35.845028240787705],[129.21265358011868,35.84495365493996],[129.21279951157692,35.84495168603444]],[[129.21252862606403,35.8425075839064],[129.21253338065915,35.84259761047243],[129.2121484853578,35.84261568896562],[129.21214117882124,35.84262365981507],[129.21206961737053,35.84262747135267],[129.21207149558856,35.84262196142132],[129.21206501190986,35.842622982183464],[129.2120745697533,35.842800890287734],[129.2119424292309,35.8428177768873],[129.21185318205764,35.84281000215073],[129.21176449493615,35.84281730428687],[129.2117457182029,35.8427990778087],[129.211721176035,35.84248779280454],[129.21172713914714,35.84239856759087],[129.21183369168222,35.84239992226646],[129.21183317770917,35.84237294874023],[129.21172536908733,35.84237795908975],[129.2117303508596,35.842294368406485],[129.21172925822833,35.84206488490774],[129.21198338527537,35.84205570691964],[129.2120408962763,35.84226412849069],[129.21208023075334,35.84234208982997],[129.2121101303107,35.84233468322501],[129.2120937608097,35.84231844434407],[129.21200196988764,35.84205572843953],[129.21212113685473,35.84205154510957],[129.21222522290682,35.842053777975146],[129.21223076835352,35.842145821974746],[129.2122659910497,35.842138081545386],[129.21226216271938,35.8420507841257],[129.21237366346634,35.84204411752751],[129.21235688818984,35.842133848425824],[129.2123795871877,35.84213682778171],[129.21239993626654,35.84204238608031],[129.21243306487835,35.842038065016695],[129.21253682141167,35.842041262528845],[129.21264110192993,35.84203751940185],[129.21267361088698,35.84215437248755],[129.2126786595488,35.842275942302116],[129.21259529953466,35.84227576432243],[129.21259967574989,35.84237335304517],[129.21259211586764,35.842373411388486],[129.21260655038333,35.84248645690917],[129.21252862606403,35.8425075839064]],[[129.21273008122856,35.84246220347365],[129.212791265535,35.84244382755841],[129.21279034073646,35.84248744069239],[129.21272603502274,35.8424933127382],[129.21272730294956,35.84250812706625],[129.21275765299916,35.842511985138685],[129.21276749408463,35.84254151983768],[129.21276229854396,35.84259498368422],[129.21261018707648,35.842596006832295],[129.21260655038333,35.84248645690917],[129.21273008122856,35.84246220347365]],[[129.21120404100634,35.84687864965814],[129.21118879221234,35.84698565461851],[129.21125911492834,35.84698914588742],[129.2112596144245,35.84687197353226],[129.21132626962054,35.84686996452833],[129.2113298166918,35.84677515586887],[129.21127301146825,35.84677642667895],[129.21127192553323,35.84683063874979],[129.21094094380382,35.84682909819009],[129.2107083556719,35.84683481174178],[129.21064230209853,35.846876231009375],[129.21057856961733,35.84692899293644],[129.21032781084963,35.84697069723494],[129.21032196189321,35.84691840787484],[129.21014191400576,35.84690478732562],[129.21016882809369,35.84641200927907],[129.2101835392196,35.846010576036804],[129.21076093018826,35.84599424160887],[129.21082883666466,35.84600109900175],[129.21089747959437,35.84599755464876],[129.2109017363109,35.84597039257037],[129.21104101353492,35.845958694882185],[129.21104230432925,35.84599071404095],[129.2112208227659,35.8460001451037],[129.21153683893735,35.84599888113432],[129.21158488756953,35.84604371543082],[129.21158490569744,35.84609675395565],[129.2116306669035,35.84610948069871],[129.21174685008597,35.84612164261144],[129.21178541864063,35.846135283130586],[129.21207326425306,35.846117466024324],[129.21230613991074,35.8461208429407],[129.21226856882606,35.84629175878668],[129.2122963856965,35.84629991136355],[129.21235393002982,35.84610128307793],[129.21246281706956,35.84611705308852],[129.21255811270967,35.84614602314737],[129.2127182933317,35.84617352721597],[129.21267710054173,35.84640181410491],[129.2126378019466,35.84640936353933],[129.21246507808996,35.846506812639305],[129.21234774770193,35.84652569247963],[129.2122437046183,35.84650007222309],[129.21214855373066,35.84648409768578],[129.2120866434438,35.846480321818206],[129.21201159625627,35.84649425145644],[129.21184564529597,35.84650761921693],[129.2117493995691,35.846500397416],[129.21174659783654,35.84653350522456],[129.2120755309922,35.846510109574965],[129.21222282609665,35.846520404985974],[129.21233374129133,35.84654943795179],[129.21241555624889,35.84654550911856],[129.21247598799283,35.846530162891604],[129.21263977318614,35.846443102868896],[129.21267609701923,35.846536850128786],[129.21269300998998,35.84652806926754],[129.2126733008034,35.84643411256417],[129.21277822650845,35.84641687646809],[129.21278465257538,35.84646079208491],[129.21278193855647,35.84653097718001],[129.212790870165,35.84665562234648],[129.21279948429705,35.84668979160296],[129.21275674815033,35.846690948247705],[129.2127622594434,35.84677392563721],[129.2126325216312,35.84678930368289],[129.2126491074648,35.84692016304083],[129.21264928949506,35.847043111210574],[129.21268133358217,35.847150844362694],[129.2126914020297,35.847149024167074],[129.21269301178617,35.847171660730496],[129.21268689741552,35.84720773047809],[129.21231918048863,35.84722525662087],[129.21216515948922,35.8472296725065],[129.21204112999757,35.84722727627386],[129.21188690213268,35.84723719880106],[129.21172257443357,35.8472412716657],[129.21158480279675,35.84723704242971],[129.21122757192913,35.84725172598659],[129.21123014148944,35.84721863662401],[129.2111993534395,35.84721724836029],[129.21119402456014,35.84725340678686],[129.21061384522665,35.8472736235331],[129.21060393096502,35.84715289134644],[129.21061565387944,35.847039160262625],[129.2106163463359,35.84692344759851],[129.21065886014242,35.8468923615964],[129.21073809940762,35.84686852978028],[129.21073907237343,35.84685545095142],[129.21087292991626,35.84686166171579],[129.21107721377268,35.84686028716612],[129.21120404100634,35.84687864965814]],[[129.21274370247014,35.84582476192909],[129.21278555072962,35.84591470519141],[129.21279710878426,35.84597791655992],[129.21271820038575,35.845996548941386],[129.2126694933891,35.84600005929992],[129.21263598531735,35.84597459478627],[129.21259087717846,35.84595771251652],[129.21259518976584,35.84591008289553],[129.21262655046175,35.84587295037561],[129.21274370247014,35.84582476192909]],[[129.2118066073248,35.84333115958701],[129.21184226775682,35.84334645447416],[129.21186756444035,35.84349048406172],[129.21186315101437,35.84359226096923],[129.21189244667048,35.843582331975675],[129.21189165166473,35.84350344693119],[129.21187338979598,35.84334074915185],[129.21204543152763,35.84333932126353],[129.2123512161391,35.84331552381369],[129.2123688189648,35.84347141823651],[129.2123877442587,35.84348293003943],[129.21247463182473,35.843569090255336],[129.21253464161092,35.843616769166175],[129.21256010073984,35.84361689568815],[129.2125871269615,35.843631953168554],[129.21263081612452,35.843686113651636],[129.21267120035998,35.843888175087194],[129.21268139730708,35.843914104160085],[129.21267699730367,35.84383247588788],[129.21268264284,35.84383174072203],[129.21274763121338,35.84402966319904],[129.21278847599683,35.84412140174086],[129.21268011922962,35.84413763447759],[129.21208385344693,35.84415216362632],[129.2117301558267,35.84417918058541],[129.21173131646913,35.84333134541219],[129.2118066073248,35.84333115958701]],[[129.21278518465866,35.847721297035406],[129.2126649112674,35.84772051709233],[129.2126627774491,35.84762964784153],[129.21273999609156,35.847636911371886],[129.21273870766314,35.84765196450596],[129.2127924343326,35.84765835903783],[129.21278518465866,35.847721297035406]],[[129.2127664671717,35.85047333091216],[129.21277290302223,35.850410809137124],[129.21277948178897,35.850386977552084],[129.21279427193252,35.85038722191847],[129.21277810425048,35.85047435277415],[129.2127664671717,35.85047333091216]],[[129.212783571687,35.85061421133529],[129.21276149937947,35.85061470077131],[129.21276086380803,35.85058860623994],[129.212783571687,35.85061421133529]],[[129.2126635228452,35.851234157339846],[129.21270273355597,35.85120092245447],[129.2127713613666,35.85119836842774],[129.2127805452239,35.85140536919383],[129.21266928981174,35.85140511415598],[129.2126635228452,35.851234157339846]],[[129.21275399944975,35.84421463360078],[129.2127606296326,35.84425628673863],[129.21275049172073,35.84432360091063],[129.2127118256325,35.84440232098133],[129.21266813026767,35.84446708050039],[129.2126345447607,35.844587555545836],[129.2126173950488,35.844824271975874],[129.2126260281421,35.84491581480101],[129.21253174176718,35.844937177830765],[129.21242579020372,35.844942510000514],[129.21232972573316,35.844961253355315],[129.21227402764572,35.84495792631893],[129.21224117143018,35.84496943883632],[129.21223112863854,35.84503106590266],[129.2121357029039,35.84504025473169],[129.21196238793573,35.84502621052157],[129.21188025769644,35.84503591660973],[129.21172657667324,35.84503753745768],[129.21173281215192,35.84425457452762],[129.21275399944975,35.84421463360078]],[[129.21154948684037,35.848268043640175],[129.2115618738816,35.84822609585501],[129.2116127635383,35.84820599913555],[129.21161647200825,35.848147303277976],[129.21164042420122,35.848079199021335],[129.21166531188638,35.848030028376975],[129.21173552185812,35.84802819317713],[129.21175442955047,35.84805782021712],[129.211780266685,35.84815027024821],[129.21178426802726,35.84819416311242],[129.21181338102733,35.848189876285055],[129.2117974486484,35.848117425679995],[129.21177164981236,35.84803948570358],[129.21174625489837,35.847984544903845],[129.21172562081378,35.84797186437525],[129.21171956627137,35.847946910354],[129.21174309083744,35.84792234619201],[129.21180128734662,35.847902678218986],[129.2118834645192,35.8479054273723],[129.21193065724853,35.84807410372002],[129.21193509454866,35.84811538219229],[129.21196712680157,35.848243970451946],[129.21199610165613,35.84831306356134],[129.2120262254874,35.84831427253386],[129.21200814219955,35.84826156309261],[129.2119980392958,35.84825040529762],[129.21198517240992,35.848165151604206],[129.21190772369528,35.84790754789292],[129.21190546059105,35.84789312284947],[129.21195572363766,35.84788735695036],[129.21200059831074,35.84789511921444],[129.2120139867828,35.847930623018115],[129.21204563816715,35.84796536480764],[129.21207904236672,35.848030845140386],[129.21210803984206,35.84806243719027],[129.21218071984734,35.84807790139286],[129.21228112922793,35.8480640262992],[129.21229924222877,35.848127911143415],[129.2123040872138,35.84819767738491],[129.21233084717556,35.84818266969072],[129.2122987566126,35.848032262377295],[129.21255773125924,35.84801558526484],[129.2125668653373,35.84811644608542],[129.2125885534234,35.84815084473181],[129.21264153872627,35.84821151388106],[129.2126839874341,35.84822271391288],[129.21275060485112,35.848368815533654],[129.21276413240457,35.84841486362516],[129.2127648695352,35.84848409631696],[129.21258941317475,35.848508648300665],[129.21243615265323,35.848508556953114],[129.2123261002938,35.84851379710094],[129.212000164495,35.848539333164375],[129.21185439438315,35.84856716668717],[129.21171972093975,35.84855911088845],[129.2116938804106,35.84846539910734],[129.21175472762283,35.848443293147156],[129.21181471471706,35.848430841044255],[129.21181642383922,35.84841154230006],[129.21175653222946,35.84841822623976],[129.21169767913108,35.84843672371419],[129.21162793890517,35.84836499808305],[129.21154948684037,35.848268043640175]],[[129.21274620060984,35.84456291739958],[129.21275057107897,35.844587261493814],[129.2126638865402,35.844590748485885],[129.2126702208665,35.84455420968736],[129.21274620060984,35.84456291739958]],[[129.21269257885493,35.84330520885237],[129.21273810211082,35.84329970330675],[129.21274498703087,35.84348753879923],[129.2127011677739,35.843488593853365],[129.21269257885493,35.84330520885237]],[[129.21258027582707,35.8479972502957],[129.2125874651512,35.84795323866067],[129.21256034991734,35.847917677921636],[129.2125480490225,35.84779139840772],[129.21248174026636,35.847761494232714],[129.21246116716662,35.84773006773074],[129.2124466006813,35.84766779892981],[129.21246047840884,35.84755779507055],[129.2125524449784,35.847574667186215],[129.21257549949345,35.84762349244508],[129.21264546542133,35.84765501239197],[129.2126430881233,35.84779799081057],[129.21274606211853,35.84779546656693],[129.212736518711,35.84794937171497],[129.2127243982777,35.84797472714836],[129.21270335887823,35.84797206038337],[129.21271035278946,35.84806310133503],[129.2125917755414,35.84807161359212],[129.21258027582707,35.8479972502957]],[[129.2119204635115,35.84126119351526],[129.21197526159585,35.84122230771902],[129.2120326513505,35.84116310316781],[129.21207734252616,35.84110287539176],[129.2121624507143,35.84112837581075],[129.21230953933875,35.841135508112934],[129.21242721552736,35.84112062925132],[129.21249429000463,35.84109487091534],[129.21247689746284,35.841068422709554],[129.21241401162166,35.841091758332375],[129.21218076119348,35.841104343404574],[129.2121411351032,35.84109590506707],[129.21210946199056,35.84107704333281],[129.21213405521772,35.84103465045868],[129.21223180247594,35.84090064335775],[129.21230573546222,35.84077718653754],[129.21253545816094,35.84076616658274],[129.21272403433426,35.8407827427183],[129.212716850738,35.84091214790331],[129.212721143445,35.841007438601494],[129.21270790660952,35.84107473121544],[129.21262589338048,35.84108107594235],[129.21260434681608,35.84117454644937],[129.21258817027655,35.8411767739186],[129.21257577303697,35.84136047958147],[129.21263761540015,35.841361001811315],[129.21262993710542,35.84156276024351],[129.2126175934631,35.8416497255716],[129.2126567623281,35.84164840401079],[129.21267619214035,35.8419506042292],[129.21172741270684,35.841986317117424],[129.21172012098341,35.84172724738382],[129.21172918572753,35.841366268511976],[129.2119204635115,35.84126119351526]],[[129.21256811215048,35.84742986292009],[129.2125707999745,35.84739983757185],[129.21255860384125,35.847396614496546],[129.21254300176642,35.847277731017115],[129.2126981372698,35.84727196081359],[129.2127337661472,35.84738314844512],[129.21270864329682,35.84738923098103],[129.21271311872138,35.84744474910657],[129.21256811215048,35.84742986292009]],[[129.21266102136534,35.84370833181526],[129.2126564372892,35.84367637117836],[129.2125944387338,35.84358834684914],[129.21253494090863,35.843587685294835],[129.2124915122308,35.8435649599275],[129.2124419042246,35.84352026389839],[129.21242618803115,35.84347914941203],[129.21239923348318,35.843466047482266],[129.21238607908654,35.843401667224136],[129.2123819455932,35.84332879036734],[129.2123853077321,35.84331099378592],[129.21266854099883,35.843306720136034],[129.21267662066376,35.84353192838141],[129.2126574626449,35.84354956346653],[129.2126656039153,35.843589231208504],[129.21272057145632,35.84366388429416],[129.21267013370777,35.84367370644606],[129.2126715510729,35.84370768672982],[129.21266102136534,35.84370833181526]],[[129.21265525632404,35.84491369056709],[129.21264968830693,35.84467141729489],[129.2126782553567,35.84467046584233],[129.21269319182397,35.8448974734965],[129.2127178086777,35.84491376087833],[129.21265525632404,35.84491369056709]],[[129.21226292858935,35.844992670951946],[129.21231794704556,35.84499014106048],[129.212453864955,35.84496879524181],[129.21254000871912,35.844965759975615],[129.21262178926688,35.84494946591323],[129.212651301503,35.84511295488775],[129.21271673532473,35.84538561221108],[129.2126982549066,35.845391782207095],[129.21270493115756,35.845818151822606],[129.21264415005695,35.84582258464299],[129.21248754512897,35.845945357617],[129.21242448573773,35.846063450950766],[129.21236558910684,35.84606897083471],[129.21191773510455,35.84608652820018],[129.2118362694713,35.84610100971883],[129.21176995391252,35.84610563203523],[129.2117145617624,35.846096887694316],[129.21171783076258,35.84593045716789],[129.2117336582125,35.845929798601716],[129.2117212555804,35.845785322900305],[129.21172659523984,35.84509490199076],[129.21201841058456,35.845072752073136],[129.21217974620012,35.8450732804311],[129.21225441425173,35.84504626520116],[129.21226292858935,35.844992670951946]],[[129.212650379748,35.84601795566199],[129.21271770097883,35.84601693609165],[129.21270980463876,35.84614070960484],[129.21261575279618,35.84612580599138],[129.21247003619763,35.84608015225607],[129.2124881535701,35.84601625787787],[129.21251433170718,35.84596564327985],[129.212650379748,35.84601795566199]],[[129.21228903857843,35.84073332491921],[129.2121936904502,35.840891283106274],[129.21205421643873,35.841084764727896],[129.2119790149548,35.841180816578465],[129.21189985754384,35.841250126188996],[129.21173292446275,35.84134019193516],[129.21173759387304,35.840555248508714],[129.21172955848544,35.84010659290028],[129.21264537685684,35.840338718217176],[129.21256509068047,35.840712517160036],[129.21253131902498,35.84075238923253],[129.2123519990437,35.840759188504904],[129.21231439658467,35.84074996258484],[129.2123202410256,35.84073330623113],[129.21228903857843,35.84073332491921]],[[129.21261695592995,35.85187493712187],[129.2125805901236,35.85189572974202],[129.2120589481374,35.851764612051916],[129.21202396980166,35.851724027013695],[129.2119994942755,35.85125938587508],[129.21203615821295,35.85122579516898],[129.21255518373567,35.851206408972914],[129.21259721779893,35.851235986224864],[129.21261695592995,35.85187493712187]],[[129.21243839039764,35.84741828435019],[129.2124641479718,35.847359279374984],[129.2124859084149,35.84733751203709],[129.21252418105468,35.84732275445708],[129.21253678988793,35.847398184935884],[129.2125676808336,35.84743418967614],[129.21258065256148,35.84756299151618],[129.2124502282022,35.847536985186935],[129.21243839039764,35.84741828435019]],[[129.21231730124188,35.84278871237142],[129.2121969872887,35.8427948896717],[129.21215915621605,35.84278328480754],[129.21209550163138,35.84279690612796],[129.21208887027424,35.84264995084813],[129.21231009985848,35.84264401123033],[129.21231730124188,35.84278871237142]],[[129.21187015512353,35.85124411091737],[129.2119120692043,35.851270263872586],[129.211934238036,35.8517000307312],[129.21189976285984,35.85172415445621],[129.2109123114416,35.851474431069484],[129.21087003112027,35.85143521029239],[129.21086974612464,35.85128470218727],[129.21090420933868,35.85125598240615],[129.21187015512353,35.85124411091737]],[[129.21189194723434,35.848742915083726],[129.21188537076213,35.8487437559943],[129.21184446895674,35.848619023935065],[129.2118437398892,35.848598647959975],[129.21188112767936,35.84858389213571],[129.21189194723434,35.848742915083726]],[[129.2106445987627,35.842944856957935],[129.2107933193057,35.84295258309328],[129.21077703381957,35.84293877726414],[129.21073157792543,35.84291511748733],[129.2106123136903,35.84293336812892],[129.21045972658246,35.84296648414844],[129.21042367015332,35.842956191477626],[129.21040092394122,35.84288461766749],[129.21010231356567,35.84285365575108],[129.21010933969094,35.842603258159365],[129.2101213737571,35.84247728751558],[129.2101197139957,35.842447918644346],[129.21013944857404,35.84235024290394],[129.21016367670305,35.84213410800144],[129.2103651219671,35.8421227898038],[129.21048548457685,35.84212283288206],[129.21053108555262,35.84211761643719],[129.21053677562332,35.84217693585984],[129.2105720335815,35.84220786852443],[129.2106047848623,35.84227901032499],[129.21059115430285,35.84230670243369],[129.2105305168968,35.842343831300994],[129.21049297670527,35.842375422340204],[129.2104448258272,35.8423791471287],[129.21041160038533,35.84240151084731],[129.2103775011819,35.8424410268719],[129.21039409458075,35.84245412924591],[129.21044436036274,35.84241691033289],[129.21052670015126,35.84238256467342],[129.21062706186913,35.842302557282174],[129.21062245151276,35.842262432621624],[129.21059061037664,35.8422048981246],[129.21055602950142,35.84215781387847],[129.21054466245513,35.8421158804427],[129.21079872632453,35.84210360476732],[129.21082003449544,35.84235240291184],[129.21082908743608,35.842351873428804],[129.21084299096105,35.84223432614468],[129.21081720445227,35.84210522186931],[129.21167863855973,35.842072543961734],[129.21169077699562,35.84214651539526],[129.2116924267021,35.84218863695725],[129.21159477444158,35.842183328130176],[129.21159522859708,35.84227998644982],[129.2114570365242,35.842285166840234],[129.2114376038048,35.84231615874641],[129.21159240767116,35.84230998499747],[129.21159687949125,35.84329626955652],[129.2114069899298,35.84329171664219],[129.21119114082612,35.84329872671094],[129.21101074575765,35.8433099735448],[129.210975485285,35.843080495569005],[129.21095006094433,35.84306406503137],[129.21092321799546,35.84306800521887],[129.2109603914502,35.843090525759806],[129.21098192406646,35.8433107267693],[129.21060886646748,35.843353221606755],[129.21043722098875,35.84336226231495],[129.21043914197054,35.84333080533822],[129.21043460039758,35.84332533363312],[129.21041810688186,35.84332506489797],[129.21041540033602,35.843365094130796],[129.21024574652844,35.84336964287615],[129.21014220479816,35.84337723999539],[129.21007709796964,35.84337342357441],[129.210076241907,35.843253621852504],[129.21008531858132,35.84316488701185],[129.21009316188005,35.84288836076633],[129.21037077945576,35.842904290290825],[129.21041026322936,35.84299747402983],[129.21051632566665,35.84298892598254],[129.2106445987627,35.842944856957935]],[[129.21010514381734,35.84105586328682],[129.21008965187443,35.84094755984686],[129.21006265245765,35.84066316297141],[129.21005730570317,35.840536086882864],[129.2100275569515,35.8401738176687],[129.20999888309927,35.83996840927169],[129.20997291360234,35.83969665509139],[129.2103408490923,35.83975444430361],[129.21066492725632,35.83983584940759],[129.21074158400347,35.839851262529464],[129.21116294233445,35.839961372934496],[129.21122176693774,35.83997222048202],[129.21159541487995,35.84007157057711],[129.2115987667375,35.84048636538442],[129.21159117443807,35.841074273500354],[129.21159200054348,35.84180305032611],[129.21152422801208,35.84179948268437],[129.21150286524184,35.841820474095734],[129.2115918123153,35.841824013742716],[129.211589632218,35.8419920737399],[129.21085507282916,35.84202170911372],[129.21084345073865,35.84198807666712],[129.21083371752033,35.841990869475154],[129.2108373359634,35.842024164378465],[129.21016893455902,35.842058105426915],[129.21022574510604,35.84141377482238],[129.21011498259404,35.84141043426388],[129.21010514381734,35.84105586328682]],[[129.21076141553334,35.843903701073806],[129.21077099781067,35.84386864377643],[129.21073543155032,35.84387235577641],[129.21065239547622,35.84385285308247],[129.21054812104268,35.84383876774608],[129.21050022555957,35.84394016961461],[129.2104597546535,35.844091190401066],[129.21042624616842,35.8441620598969],[129.2102987021872,35.844147248739844],[129.21016310091008,35.844120131348866],[129.21007452199336,35.84411019113421],[129.2100783279622,35.843458481445055],[129.210074960845,35.8434069357713],[129.21032390684942,35.843399987355944],[129.21032527768355,35.84347955636421],[129.2103410742403,35.84347996151085],[129.2103508642687,35.843397435028876],[129.21056723185728,35.84338962345386],[129.21056248469625,35.84340282601782],[129.2105918897902,35.84340081914088],[129.21059829542043,35.84338268385042],[129.21066945226124,35.84338046910558],[129.21068003877252,35.843394843644404],[129.21071717200778,35.84339358934582],[129.21070735635604,35.843373490528634],[129.2109271101714,35.843352748480704],[129.21092158266913,35.84358698405543],[129.21095658803833,35.84359312364361],[129.21095248207942,35.843441819888696],[129.21096562195797,35.84334115436159],[129.21114149474903,35.843335962874995],[129.21114660482368,35.84336816464586],[129.2111789559887,35.84336681941033],[129.21117709694647,35.84333338626756],[129.21130542668203,35.84333176533116],[129.21138588999003,35.843337005277604],[129.21139475174323,35.8435243326983],[129.2113776013131,35.84357723900897],[129.21129586311923,35.84360917785739],[129.21131539382716,35.843623653885516],[129.21139472882305,35.8435912505716],[129.21140309345057,35.8435688939659],[129.21143812657618,35.84351835373511],[129.21142040704447,35.84345609928458],[129.21141326236832,35.843332325036634],[129.2115970555152,35.843329435260294],[129.21159863603734,35.844180501130076],[129.2111375003891,35.844160938278414],[129.21097533124404,35.844183689263836],[129.2108416678061,35.84416960133881],[129.21064755506788,35.84417624811338],[129.21047386114677,35.844168835612145],[129.21048427111052,35.844107451380765],[129.2105303805666,35.84394967942616],[129.21055994283262,35.84387251702556],[129.21066519677012,35.84388021979489],[129.21076141553334,35.843903701073806]],[[129.21159013997297,35.8442285706446],[129.21159021787398,35.84426230430237],[129.21147265434624,35.84427135105869],[129.2114712695777,35.844291920007336],[129.2115891822111,35.84429351640645],[129.21158888084503,35.844447856022256],[129.2114697521407,35.84445112849904],[129.21146968045738,35.84446592715167],[129.21158770750233,35.844464639351386],[129.21158591682007,35.84459570227606],[129.21154281000173,35.844627979302366],[129.21091703408527,35.84463989555995],[129.21069750303943,35.84463301388634],[129.21026007175723,35.844654386245494],[129.21012621131462,35.844654086996236],[129.21009408845322,35.844349709473],[129.21013384537514,35.8443441698611],[129.21013073889475,35.84432454602576],[129.2100912544144,35.844328444888355],[129.21006914824267,35.84415046832151],[129.2101914825435,35.8441583221064],[129.21027137337612,35.84418135447048],[129.21057521092,35.84423244979882],[129.2112519066273,35.84423502867864],[129.21159013997297,35.8442285706446]],[[129.21149486169202,35.844818208854356],[129.21149281042733,35.844699328538915],[129.21155072226813,35.844698506317485],[129.21158844203697,35.84473055191503],[129.21158787197552,35.84491311914166],[129.21148457115456,35.844912037959],[129.21149486169202,35.844818208854356]],[[129.211587479672,35.84521764320674],[129.21158721022195,35.84543024855531],[129.2114895453504,35.84543005877398],[129.21148454650884,35.84532678425935],[129.21149547142863,35.84521744353955],[129.211587479672,35.84521764320674]],[[129.21149080232342,35.844928528958356],[129.21158647914456,35.844930623853216],[129.21158654644444,35.845195365937684],[129.21149076362653,35.84519517286634],[129.21149080232342,35.844928528958356]],[[129.21130854156868,35.844825392841955],[129.211311233649,35.8448430616556],[129.2113856215476,35.844835721742875],[129.21147035936383,35.84484946196344],[129.21146661803954,35.845097249181514],[129.21146996135286,35.84519818334375],[129.21146259839009,35.8453192431003],[129.2114671069813,35.84544650974757],[129.21158614230478,35.84544503993485],[129.21158484683335,35.84583941115834],[129.21152150450501,35.84588425993595],[129.21107619135148,35.84589955659849],[129.2110550784813,35.845582623811204],[129.21101599172695,35.8455822413466],[129.21096535565889,35.844708991293665],[129.21147077951198,35.84469810528823],[129.21147095896504,35.844820774125466],[129.21130854156868,35.844825392841955]],[[129.211194677081,35.84822862987209],[129.21131400232488,35.84825159269301],[129.2114084760593,35.8482955078028],[129.21133647940198,35.84840498216684],[129.21131061177087,35.848460472210945],[129.21124982237882,35.84846255208066],[129.21120007300956,35.848453356045766],[129.211194677081,35.84822862987209]],[[129.21018084354432,35.84592385343685],[129.21019435598697,35.845639548691956],[129.21019726860416,35.84528941701515],[129.21018498942288,35.84521208405012],[129.2101346945319,35.84473599590397],[129.21085397315133,35.844715782557444],[129.21089477793504,35.84590464048922],[129.21018084354432,35.84592385343685]],[[129.21011780824384,35.84729498020556],[129.21013490501906,35.84711532243239],[129.21014184158838,35.846932077295115],[129.21029651711106,35.84694104642524],[129.21030815490687,35.847010034897615],[129.21039267709565,35.84699139433977],[129.21058312140326,35.84695935713375],[129.21059164426026,35.84701392198944],[129.21056497424414,35.84716016913308],[129.21057447109527,35.84728215478633],[129.21011780824384,35.84729498020556]]]]},"properties":{"reg":"중점경관관리구역","key":"reg_scenic","note":"경관계획","parcels":4945,"area_ha":130.9,"parts":2,"source":"V-World 토지이용계획 속성(getLandUseAttr) 포함·저촉 필지 합집합(접함 제외) — 지정 필지 외곽, 법정 경계선 아님"}},{"type":"Feature","geometry":{"type":"MultiPolygon","coordinates":[[[[129.21431580739312,35.836312378989355],[129.21432637623238,35.83620421912516],[129.21434570513128,35.83609804452081],[129.2143822138208,35.83599688648687],[129.21435289518752,35.83584375272364],[129.21431258322593,35.83571436836748],[129.21405619087105,35.835617640196986],[129.21391021845452,35.8355853631217],[129.21355673182455,35.8355482159573],[129.21341485735343,35.83552935969487],[129.2134172634426,35.83561839008251],[129.21332048412646,35.83563453989658],[129.21330867036295,35.83566623970749],[129.2133087837491,35.83567974926674],[129.2131939790198,35.83570587155139],[129.2132189283895,35.83579418628813],[129.21316778192033,35.83583113756989],[129.21309117672473,35.83591721581024],[129.21298858014262,35.835968578479104],[129.21288606849654,35.83600194292047],[129.21290621133105,35.83605166557614],[129.2129199328091,35.836113169868355],[129.21291811496235,35.836191410698014],[129.21290274207607,35.836266719268615],[129.21288520283167,35.836305612080274],[129.2128525333083,35.836340232531576],[129.21289225295857,35.83633890992841],[129.2128660357083,35.83640676619469],[129.2128614529314,35.836485813996596],[129.21282388708187,35.83661484912574],[129.21278097331367,35.83665550792919],[129.21266767851034,35.83669651572606],[129.2126001948273,35.836729331688296],[129.2125093690899,35.836787450674905],[129.21249927805323,35.836863840426666],[129.21251935965256,35.83695313719038],[129.21251592258145,35.836992681118346],[129.21257862917602,35.83712017014154],[129.2125921983486,35.83726207534869],[129.21257419434355,35.83736799497703],[129.21270496795714,35.837390062161155],[129.21276623916472,35.83740592462919],[129.2129361965657,35.837495597617874],[129.21302592878078,35.83755486820405],[129.21312311325775,35.83756951366705],[129.21317700650718,35.83760783007091],[129.21320348763672,35.83765173744019],[129.21323448438633,35.837733038768754],[129.21325349522317,35.83776471128535],[129.21328524246374,35.83777021605798],[129.21334478116543,35.837746254995714],[129.2133857409177,35.837736521369415],[129.21345594000155,35.8377340182693],[129.21351860472444,35.83774931911851],[129.2135414789601,35.837697988557245],[129.2135816557617,35.83770599286791],[129.21360644343545,35.83773316690264],[129.21370267465724,35.8377263908395],[129.21375047633094,35.83772980327318],[129.21379585620366,35.83765924527428],[129.21376015946262,35.837612884886305],[129.21383176073334,35.837496983671244],[129.21393739465262,35.83730154091234],[129.21417834443338,35.83682728189474],[129.2142661682867,35.83669408372181],[129.21433852374594,35.83643846887905],[129.21427984495344,35.836423377695226],[129.21431580739312,35.836312378989355]]],[[[129.2195271059907,35.836901648179904],[129.21951577152922,35.836864978809636],[129.21942567381186,35.83685969867517],[129.2194085904051,35.836979163454465],[129.2192565389933,35.836967885036785],[129.2192550767167,35.83698361451873],[129.21921524968903,35.8369821725785],[129.21921844633437,35.83696522326578],[129.21909804382253,35.83695581598123],[129.21910219709622,35.83692844647616],[129.21895649699226,35.8369245734745],[129.21896767282945,35.83683021929275],[129.21871315955502,35.83681716083557],[129.2186914837442,35.83695763296806],[129.2184681830349,35.83692456387624],[129.2182616200707,35.83688430824488],[129.21805505734466,35.83685220858058],[129.21799484095467,35.83682558596904],[129.21785694521446,35.83663869851904],[129.2177956326097,35.836591430114645],[129.21778060009237,35.83660289404849],[129.21784310756854,35.83664183274823],[129.21789164609655,35.83671297123739],[129.21792005663943,35.836773646380536],[129.21797393905217,35.836843991122066],[129.21805956658906,35.836874236045595],[129.2184391348513,35.836955078607986],[129.21880768221948,35.83700831655189],[129.21892029899882,35.83704026949205],[129.21917469959888,35.8371374054293],[129.21928996274315,35.83716963261608],[129.21974166635255,35.837315690016496],[129.21984535304142,35.837364205274],[129.2200634258408,35.837443677714155],[129.22003012209376,35.83751243163586],[129.21996352320627,35.83762084705113],[129.21989212565674,35.83768671407624],[129.2197700549719,35.83775160062016],[129.21965131153104,35.83779477887573],[129.21940623053936,35.837913179265456],[129.21939637077347,35.83792202039104],[129.21927133191141,35.83798649723377],[129.21915102943606,35.83808315805201],[129.21899210348369,35.83816547765617],[129.21894941527526,35.83818248941449],[129.21888957191464,35.83814702531242],[129.2186088138582,35.83803326327214],[129.2184832793745,35.83800546110252],[129.21833223925276,35.83799228706733],[129.21781709157284,35.83801350264848],[129.21774330184235,35.83805515608809],[129.2177951229673,35.838087588973835],[129.21789813890265,35.838044062349255],[129.21835277284111,35.838021477584704],[129.2184805810943,35.83803071902728],[129.21861205167377,35.83806385489313],[129.21883665521247,35.838155412537255],[129.2189506763919,35.83821063319968],[129.21910115105737,35.83811789246841],[129.21917023174308,35.838086791362706],[129.21928353883538,35.83799814631191],[129.21953861065967,35.8378660650812],[129.2196774575849,35.837807961773066],[129.21978788948832,35.83777311713669],[129.21990091792296,35.837704362617025],[129.2199876803866,35.8376231644098],[129.2200483486816,35.837519509360085],[129.2201071605558,35.83746542646263],[129.22024029676288,35.83749659279371],[129.22056565067382,35.83759082074727],[129.2210331830468,35.83763919387462],[129.22115758407529,35.83763313545419],[129.2213287370746,35.8376631405674],[129.2213182855095,35.83776629884816],[129.22128354206146,35.83794675678865],[129.22124834810705,35.83804820286917],[129.22127403575934,35.838079654612635],[129.22141967190106,35.83811569056272],[129.22144374908842,35.83812504654426],[129.22158263260283,35.838120601451934],[129.2216114980154,35.83822453491285],[129.2216117632506,35.838328556804576],[129.22175784390546,35.83834499833413],[129.22178928597458,35.8383559269482],[129.22178587315997,35.83844263353779],[129.22177112866657,35.8385301720234],[129.22175210678645,35.838764054442166],[129.22173326499845,35.83883889279193],[129.22162809243736,35.83886261715426],[129.22168813904628,35.83913920014571],[129.22177345221158,35.83911038401937],[129.22182917732383,35.83910881282129],[129.221714535628,35.83923072786422],[129.22155177744054,35.839372098794655],[129.221399636784,35.83948664687726],[129.22121509309915,35.839595314774],[129.2214962368643,35.839745210126644],[129.2215849037195,35.839776213015305],[129.22178062723893,35.83978791312494],[129.22205681913533,35.839767723201824],[129.22205345766048,35.83985289755785],[129.22201185318013,35.83988963678703],[129.22212025567495,35.83988869878959],[129.22212038230705,35.83989445754869],[129.22219107183437,35.83988861381685],[129.22236629449117,35.83990746148802],[129.2223722941276,35.84002342339042],[129.22236437493717,35.84006946481451],[129.22235488988932,35.84008169419308],[129.2223856453808,35.84009621989832],[129.22240823368753,35.84001544434621],[129.22241055318207,35.839909897288386],[129.222512781901,35.839949731185754],[129.2227141993481,35.839950964794134],[129.2226602587355,35.83869362106315],[129.2232001085973,35.83871818577771],[129.22337293198441,35.838706997726575],[129.22353166379415,35.83870718221172],[129.2237612632712,35.83873009115296],[129.22404736932054,35.83874198988672],[129.22434266717025,35.8387398384198],[129.22463175984836,35.838731280843994],[129.2246311943961,35.83870326318088],[129.2246383865196,35.838702446539784],[129.2250731588963,35.83870113373734],[129.2251770501607,35.83871033143694],[129.22546028507023,35.83870091757095],[129.22560754243494,35.83871413475966],[129.2259370162807,35.83870701283083],[129.22632490505936,35.83870639590478],[129.2266465758026,35.83871892488286],[129.22683305122064,35.83875655406705],[129.22767845903093,35.83874707989934],[129.2279342428631,35.838780025587944],[129.22821840838813,35.83878651054332],[129.22830811393658,35.83876581978805],[129.22865497624255,35.838754854310174],[129.22890346529138,35.838775762002825],[129.2291522584436,35.838782969595165],[129.22914797542012,35.8387598786543],[129.22890964974957,35.83875928444959],[129.2287571996518,35.838741818212554],[129.22865576642883,35.83873696299039],[129.22829536889992,35.838748386616544],[129.22821516300365,35.83876234512278],[129.2280723228615,35.83876521012668],[129.22789255229972,35.8387580505335],[129.22784883253286,35.838742559279176],[129.22761817982402,35.83872725767403],[129.22734437120783,35.83873521690876],[129.22719801964527,35.83872929126567],[129.22683490535366,35.83873118038255],[129.22671315413828,35.83871186049405],[129.22664279124055,35.83869179531405],[129.22648311243407,35.83868548820586],[129.22631969005877,35.83869006598563],[129.22615911942313,35.83868541841672],[129.22598534228297,35.83869185365142],[129.2257245872046,35.83869336790494],[129.2256307428129,35.83869878825254],[129.22554075799923,35.838687302879705],[129.22516895923167,35.8386945746085],[129.22506559699076,35.83868456479191],[129.22494804689612,35.83868307105101],[129.22463097009327,35.83869036552557],[129.22443606012908,35.838703570101394],[129.22418489771854,35.83870778499527],[129.2240090789113,35.83870058523195],[129.2238779048658,35.83868365921918],[129.2237818700212,35.838681574757906],[129.22374531167895,35.83868966350785],[129.2235425481538,35.838672932595514],[129.22337090568658,35.83866696790751],[129.22321800478306,35.838681904452706],[129.22303896926462,35.838684118263274],[129.22294019523653,35.838684102043494],[129.22291002127736,35.83867156716874],[129.22285775859348,35.8386683288228],[129.22265565785318,35.83866698855666],[129.22264687237956,35.83835695641303],[129.2226269699051,35.838176896076206],[129.22261870581104,35.837875199516496],[129.22262723778036,35.83787460701633],[129.22262017902477,35.83782376241486],[129.2226273603259,35.837727333374445],[129.2226818762861,35.83772912567336],[129.22270537076304,35.83771994374319],[129.2226731140769,35.837606896120185],[129.22266993261485,35.83757722378107],[129.22278797919708,35.837550852158905],[129.22289959684593,35.83754503177518],[129.22288836816537,35.83747930620316],[129.2228775900717,35.8373446971853],[129.223179281117,35.83733094671941],[129.22343641082446,35.837308959255694],[129.2235948266791,35.83728017803846],[129.223747355595,35.83726778323082],[129.2238532827372,35.837265568477505],[129.2240111623568,35.837254911861486],[129.2241298747233,35.83725720648282],[129.22426788719315,35.83727038837276],[129.22443533417166,35.837277170695394],[129.22456821342965,35.83727141746741],[129.22463181294532,35.83727999646563],[129.22484415369917,35.83729513056116],[129.22496775554183,35.83729645092884],[129.22512868736823,35.83728884240996],[129.22523458895716,35.83728935727724],[129.22545942659886,35.83726539778879],[129.2255497295014,35.83726068715512],[129.2255302278159,35.83761511340779],[129.22554521028542,35.83769245786605],[129.22552741663054,35.837721448230475],[129.22545855941746,35.83775623868708],[129.22536176406555,35.83781399996249],[129.22521619728067,35.83794106803277],[129.22515543410924,35.83798498193002],[129.22512374191078,35.83801912621773],[129.22509705677342,35.838058722760636],[129.22485716570114,35.83822939713993],[129.22471538127607,35.83829273913395],[129.22462245522192,35.83831766005613],[129.2246207789009,35.83833563410998],[129.22471845414563,35.83830707232667],[129.22491886517713,35.83821533108159],[129.22511790135616,35.838063749003645],[129.22517198015535,35.83799251262882],[129.22537570729966,35.83782484307296],[129.22553982136483,35.837728346711216],[129.22557303481634,35.83771573036018],[129.22555989676397,35.83764879191489],[129.22556074454513,35.83746221336825],[129.2255781428581,35.83727692879472],[129.2256028092381,35.83726350823353],[129.22581640499948,35.837248671676235],[129.22604391625447,35.83724272211075],[129.2262981188447,35.837282073135434],[129.22639149850906,35.83728907237605],[129.22651732415326,35.83728615110895],[129.22660035758548,35.83729402574831],[129.22700786649978,35.83729062106103],[129.22710861782525,35.83730159845249],[129.22719050511893,35.8372916571048],[129.22730645401612,35.83724829640605],[129.2274836409543,35.83723939243804],[129.22759513218028,35.837243905280545],[129.2277405169377,35.837272805152416],[129.22805018457993,35.8372776743256],[129.2281628881418,35.837276452399934],[129.22820709784557,35.83726989802344],[129.22839658625875,35.83727434406544],[129.2286020701013,35.83725616522098],[129.22883655703697,35.83725512702891],[129.22908763873912,35.83724372861708],[129.22908675904685,35.83720699529623],[129.22883370013295,35.837227509093196],[129.22860038280015,35.83723113165931],[129.22838627520642,35.837248704919936],[129.2282059375261,35.837243313310395],[129.2277374508476,35.83724934235063],[129.2276052506643,35.83722517627359],[129.22746104704817,35.83721853491484],[129.22730674367835,35.83722553026317],[129.22718559223668,35.83726479102866],[129.22711526639253,35.83727694576979],[129.22679466802725,35.83726194659523],[129.2267743763839,35.83722931428913],[129.2266029325114,35.83722994198269],[129.2264027525823,35.83723730148479],[129.22640119881046,35.837263251407634],[129.22629369574406,35.83726000977366],[129.22604874037103,35.83722644551679],[129.22595097094128,35.83722486171442],[129.22582006807886,35.837232775784024],[129.22558661004797,35.83723759142629],[129.2252314931833,35.83726688584165],[129.22513441392405,35.837262776587465],[129.2249651341847,35.83728130577455],[129.22464428424732,35.83726329115273],[129.22457199754953,35.83725517891285],[129.2244372364376,35.837256870994146],[129.22426458837828,35.83725041375349],[129.22400803610415,35.83722536562984],[129.2238558350988,35.83724813356043],[129.2237513378396,35.837243153688476],[129.22320673705977,35.83730557992759],[129.22287114154818,35.837326296506454],[129.22262851881456,35.83734713851622],[129.22260184308035,35.83725088892857],[129.22260518812055,35.83698852859488],[129.22246098090488,35.836992263654274],[129.22247484096133,35.83689748063089],[129.22249595087254,35.83683871629075],[129.2224899161155,35.83668212599725],[129.22231347059716,35.8367226912047],[129.22231331165216,35.83663737906602],[129.22232980867972,35.836511606194],[129.22231149533616,35.836341411527336],[129.22229062878299,35.8362044056128],[129.22228775344843,35.835965588338155],[129.22225217190544,35.83564270834485],[129.2222223052128,35.83564075341448],[129.22222904619886,35.8357009085679],[129.2221129184681,35.83573183645386],[129.2219640850955,35.83575484815864],[129.2217081645447,35.835708082808026],[129.22159778673768,35.835713088686],[129.2219697058146,35.8357821998353],[129.2222388402549,35.83572449434875],[129.22226299302022,35.83597707971744],[129.2222697718671,35.83621865666224],[129.2222941046914,35.83652015257217],[129.22216964121714,35.83652298580262],[129.22208211898598,35.83637647687327],[129.2220417958919,35.836263696209365],[129.22199406374634,35.8362492195795],[129.22192124664554,35.83624499110774],[129.2218960591611,35.83620217379751],[129.2218197000726,35.836161820599386],[129.22176646499184,35.83616254906277],[129.2217069023785,35.83614447097217],[129.22166871188207,35.83614634344984],[129.22166913631824,35.83608765319321],[129.22158885985263,35.8360675040642],[129.22144552390014,35.83604546953487],[129.22115314202605,35.83602580727065],[129.22112579292093,35.83604182742862],[129.22123586244857,35.83605328840732],[129.22123905722756,35.836152221924976],[129.22126642953233,35.83614862094091],[129.22127678573972,35.83605507916193],[129.22137339299712,35.83605319006614],[129.2216389535312,35.83609553134816],[129.22164827918584,35.83614592124487],[129.2216297081322,35.83615030830781],[129.22165906131065,35.83617064083787],[129.22168763739793,35.836174103361955],[129.22167885722624,35.836229005647404],[129.22164402171128,35.83623539625122],[129.2216563224734,35.836260951225626],[129.2216969893735,35.8362420135292],[129.2217139732953,35.83622401145873],[129.2217179240542,35.836179770810126],[129.22176537272094,35.83618382059322],[129.22181877182317,35.83620237860525],[129.22185073963203,35.836207610337105],[129.22189569392094,35.83626219779675],[129.22194855126025,35.83626092921824],[129.22200575036717,35.83626878232436],[129.22203220842113,35.836306757560564],[129.2220643737438,35.836383322903124],[129.22194683181377,35.83640753890126],[129.22194973749592,35.8364256577318],[129.22204167720864,35.83640876181613],[129.22204543519715,35.836426897105255],[129.22210635127578,35.83644201643822],[129.2221375356794,35.83649205072626],[129.22214822651685,35.83653968925783],[129.22229972953403,35.83654094311366],[129.22229444748515,35.836595929137765],[129.22202803655838,35.8366629576965],[129.221614307603,35.836797588063554],[129.22148760133712,35.83684614516527],[129.22116971467662,35.83697869687219],[129.221158862462,35.83681612199738],[129.22117631499134,35.836807420059216],[129.22119465502863,35.83674728209429],[129.22095672045887,35.83646856331291],[129.22035609516814,35.8368126658474],[129.22035325849714,35.836791338399166],[129.2201346233947,35.83678471562698],[129.21996658152713,35.836790554919745],[129.21989779784275,35.83676796841705],[129.21984612502675,35.83676945925479],[129.21980024774086,35.83679771571391],[129.21956343265353,35.83696957766207],[129.21954433985923,35.83690195037405],[129.2195271059907,35.836901648179904]],[[129.22260576651595,35.837496103096164],[129.22270995784416,35.83740674157275],[129.2227054412489,35.83736260661271],[129.22284101637806,35.837343088228536],[129.22287317725807,35.83748136200289],[129.22287448311712,35.83752511533245],[129.22279576172267,35.83753149698156],[129.2226506721049,35.83756459665173],[129.22265063435682,35.837602836799945],[129.2226772271979,35.837713019863216],[129.22262777986637,35.8377110019352],[129.22261415528715,35.837603683014024],[129.22263436515706,35.83760321822712],[129.22260576651595,35.837496103096164]],[[129.22218061191532,35.836979377243146],[129.22216239749605,35.83698471004673],[129.22216108629357,35.83696685867069],[129.22200122779446,35.836994234694814],[129.22199067649248,35.83693701559883],[129.22185694300904,35.836937918812325],[129.22186192113807,35.83687297454279],[129.22151022207518,35.836997577024896],[129.2215085427267,35.836954572397566],[129.2216245914524,35.8369103427771],[129.22186552703988,35.83683212323065],[129.22219185633296,35.83674732048763],[129.22227615793082,35.8367458768513],[129.22228498019774,35.836746239168434],[129.22229224839205,35.836852807769716],[129.22219715187,35.83685301850393],[129.22219550900888,35.83687127185569],[129.2222901975834,35.836871620648154],[129.22228519002044,35.83695777142656],[129.2221932839287,35.836955047230326],[129.22218061191532,35.836979377243146]]],[[[129.2144732702292,35.84651363437453],[129.21445112790218,35.846359154342025],[129.21459450283854,35.84633988378797],[129.21464449920768,35.84631349664208],[129.21470571048806,35.84622568742653],[129.21472222864307,35.84621012056912],[129.2148074474168,35.84620429144313],[129.21499704175523,35.8461579909807],[129.2151092322015,35.84612577018222],[129.2152051870117,35.8461112606772],[129.21527752684366,35.8461200273326],[129.21542569052002,35.846107632815844],[129.2154411486897,35.846179669229016],[129.21543860459636,35.84628751731015],[129.21544754023333,35.846428610078775],[129.21543667764337,35.84646852774712],[129.21530118317162,35.84647919637351],[129.2152384855465,35.846479073592434],[129.21516492849014,35.84644582212268],[129.2149993716523,35.846440799028485],[129.21500743471654,35.846471391143965],[129.21507516729085,35.846458518087076],[129.21515712875214,35.84647215248535],[129.21521589534925,35.84649651690716],[129.21529753822168,35.84650690727691],[129.21543425373133,35.84650160792912],[129.21543891620655,35.84661371509717],[129.21532314430073,35.846627403867735],[129.2152574702272,35.846644283963606],[129.2152490167842,35.84667450889314],[129.21516706266635,35.846663695457096],[129.2151678561548,35.846687144564264],[129.2152408262051,35.84669544146955],[129.21520774048878,35.84686906299103],[129.21522019254508,35.846901648058086],[129.21526156594996,35.846796903319536],[129.2152677740369,35.846680712172414],[129.2152750023759,35.84666420644235],[129.2153602886089,35.84664210924619],[129.21544117380375,35.846646471505665],[129.21544793920884,35.846799680926026],[129.21544528261268,35.84688213197981],[129.2154340796371,35.846968437572876],[129.21543424541943,35.84710435987788],[129.21404661097029,35.84715710708643],[129.21405220207927,35.84718236823732],[129.21404553740945,35.84722769486073],[129.2150899965176,35.84719186566265],[129.21510207956507,35.847289107046294],[129.21510294693576,35.84744330030493],[129.2150765996909,35.847541754585656],[129.21508992412097,35.847544632924624],[129.21511070716832,35.84753840439404],[129.2151278959637,35.84744263408804],[129.21513147970344,35.847259998489434],[129.21512163010584,35.84719069187722],[129.21543964033143,35.84718003208361],[129.21544478634524,35.84745977080891],[129.2154579538253,35.84778333201666],[129.21545734688198,35.848138416404424],[129.21547558897103,35.84841833003766],[129.2152246366653,35.84841756900394],[129.21479101646548,35.84843912233165],[129.21457113795464,35.84843052698624],[129.21411130982298,35.848433369331566],[129.2140980926663,35.848474868219796],[129.21424429416274,35.84845555703283],[129.21432867393585,35.84844967565517],[129.21453801360906,35.84845394610781],[129.21455916490356,35.848572855509794],[129.21460364146606,35.84874187807036],[129.21462988128548,35.84874769866291],[129.21460406520148,35.84865201373652],[129.2145625898659,35.84845864310318],[129.21471028002117,35.848457912474075],[129.21472413906054,35.84851157531225],[129.2147452669299,35.84850999668088],[129.21474413984984,35.84846114194701],[129.21499597859594,35.84845804506109],[129.21499611320712,35.84854955769296],[129.21502324403295,35.8485491579955],[129.215020264947,35.848457821655856],[129.21518420766114,35.848445543593556],[129.21520652138133,35.84854350577563],[129.2151912839563,35.848603348802015],[129.2152302176274,35.84859562794578],[129.2152374639998,35.84854865094676],[129.2152234395148,35.848441715606796],[129.21532195200328,35.84844288320113],[129.2153631812934,35.84845324629333],[129.21549543399803,35.84845430862435],[129.21549981980658,35.84859108344303],[129.21549261898255,35.84872087618659],[129.21535434100915,35.84873110822028],[129.21524754084663,35.84875202699517],[129.21506677787184,35.84876668730329],[129.2150677523646,35.84877920392573],[129.21525409399842,35.84876847215178],[129.21526329138516,35.84878438086666],[129.2151683102401,35.84895257874703],[129.21490461594024,35.84898111228651],[129.21478448452768,35.84898446193824],[129.21462587427513,35.84899599097315],[129.21459827465384,35.84906533699133],[129.21445250183197,35.84907975406466],[129.21414138692566,35.8490887227286],[129.21414383795343,35.84912361476733],[129.21440532987623,35.84911569837278],[129.21462014292126,35.84910045594368],[129.21464265216943,35.84904003230741],[129.21467574330057,35.84901653210539],[129.21478017342218,35.84901567985738],[129.21488216027618,35.8490036113026],[129.21491711327448,35.84901812242717],[129.2151332857113,35.84898981756295],[129.21518015069483,35.848975764862764],[129.21519334360397,35.84896666581861],[129.21521994450757,35.84890899261977],[129.21532095567036,35.84876447781438],[129.2154925275991,35.848740424449346],[129.21548760663558,35.848861795459534],[129.21552567913525,35.84925857478597],[129.21554154864006,35.849508111467884],[129.2155422205816,35.84966339552444],[129.21559588034444,35.84966078543712],[129.21558847374536,35.849631643220036],[129.2155886945316,35.849454340051686],[129.21555555247463,35.84919114416871],[129.21555439972136,35.84902172035374],[129.21554199143017,35.84882435982838],[129.2155474599776,35.848721418390724],[129.21554256446188,35.84846915837962],[129.2157174014944,35.84846577353977],[129.21573497347,35.84854969359708],[129.21573842837822,35.84862831243825],[129.21575130930935,35.84869257559253],[129.21577535812511,35.848690441809325],[129.2157569690896,35.848632019563524],[129.2157593842485,35.84853810506499],[129.21573965028264,35.848463779109125],[129.21581781398223,35.84845310316079],[129.21593166932448,35.84845846073509],[129.21638337502077,35.84844019656002],[129.21644840123486,35.84842480407247],[129.217301374482,35.8483950660353],[129.21730735958073,35.848883974075704],[129.21744299582684,35.8485567390818],[129.21744098248706,35.84836942701873],[129.21819929057625,35.84835738200401],[129.21825547663758,35.84835194526321],[129.218233029341,35.84838524185899],[129.21822341847852,35.84879118192243],[129.2182917317319,35.84879183376086],[129.2183015984638,35.84894767802112],[129.21832487210716,35.84914467616499],[129.21836423679093,35.84933591331072],[129.21841741466093,35.84932719236355],[129.21846705907856,35.84950459475956],[129.21868061123286,35.8500133156164],[129.2187095706311,35.850175839603814],[129.21865729847522,35.85019619416953],[129.2185744746011,35.85026579409061],[129.2185818005446,35.85028522981135],[129.21860875189404,35.850291877395996],[129.2190512299101,35.84997997485843],[129.21906187275118,35.84992494333827],[129.21902649006063,35.849847531620235],[129.21908599958093,35.8497972917769],[129.21907496228343,35.84973628818029],[129.2190004655155,35.84979415816403],[129.21891583506644,35.849620563134735],[129.21892251629555,35.849580995107345],[129.21903162063003,35.84958927377081],[129.21904308078533,35.84932689035329],[129.21908344792607,35.84900512533803],[129.2191052452841,35.848940646537514],[129.21911322808873,35.84884801068606],[129.21908769485077,35.84874438621421],[129.21911416281802,35.84873635321127],[129.2191301154811,35.84867195708882],[129.21912943082376,35.84861179993343],[129.2191175879532,35.848547616377196],[129.21905747315424,35.848314355717555],[129.21950582418978,35.84832477265067],[129.21984430333592,35.84830903508536],[129.22031007455456,35.848302032260115],[129.22044437915022,35.84829254079032],[129.2204705122693,35.84825542478058],[129.22051690709546,35.84824802207709],[129.22051410773625,35.847588285541605],[129.22063873855015,35.847592656354536],[129.22065776899916,35.847644649105],[129.22069946798499,35.847648601626794],[129.22067095110697,35.84708081236419],[129.22053588471232,35.84707809756588],[129.2205221214216,35.84695600863085],[129.22060536199427,35.84695124216708],[129.22068088720766,35.8469666059174],[129.22069806832275,35.846918790322206],[129.22051622677284,35.84691763657188],[129.22051392730285,35.84690271434574],[129.22046774447784,35.84570647180578],[129.220592707099,35.845706837691615],[129.22059228492645,35.84566201029685],[129.22046615071412,35.8456663381103],[129.2204248959948,35.844632682605344],[129.2206203724768,35.844625539753345],[129.22061096487556,35.84436038212971],[129.22059215442107,35.84432683425085],[129.22058011350535,35.843937175322125],[129.22053318714615,35.84393955905727],[129.22054192824152,35.84423215197147],[129.2198415780462,35.84424182624895],[129.21984134725292,35.84423839290572],[129.219773031163,35.844239346172266],[129.2197429541897,35.84379007357362],[129.21940387946123,35.84380612715799],[129.21900658913756,35.84302953690958],[129.21921725056006,35.84302439680574],[129.21921205797824,35.8430077420973],[129.21897831553633,35.8430201519945],[129.2189756242791,35.84296689297689],[129.2190289724118,35.842965354413046],[129.21902117191024,35.84286514950752],[129.21895742008115,35.84286706739576],[129.2189563845192,35.8428526492659],[129.21886385951538,35.84285678217189],[129.21886904708265,35.842932477808276],[129.2188828827028,35.842932272529524],[129.21888982188796,35.84300084511853],[129.21881536109467,35.842992751389914],[129.21877597822035,35.84296856996394],[129.21879142242136,35.842803297804366],[129.21878248459387,35.8425660147685],[129.2187678087283,35.84236769413665],[129.21876642771946,35.84217383768561],[129.21874898179823,35.84179989538173],[129.2182004063772,35.84180977224531],[129.2181861423156,35.84183958429403],[129.2182071055496,35.84183919500269],[129.21820523706788,35.84188881220746],[129.21816990695604,35.84195447793378],[129.21814187266907,35.841955582942525],[129.2180954158777,35.84206920621392],[129.21811103847045,35.84207085437885],[129.21803087065652,35.84235727202987],[129.2179991182994,35.84244435397464],[129.2179185775419,35.84256933124006],[129.21790958584631,35.84261276967392],[129.21784923550382,35.84272589513466],[129.21781133572233,35.84287271394856],[129.21777384282706,35.8429778311658],[129.2177614382141,35.84299957362248],[129.21772285665304,35.843001346416024],[129.2176645452092,35.84307877859939],[129.21766355780045,35.8430983375058],[129.21770004745738,35.84304357498107],[129.21772538646704,35.843015824955216],[129.2177566780674,35.843011622892696],[129.217613749668,35.84336844166123],[129.2175398993272,35.84356919275004],[129.2175496513177,35.84356925632895],[129.2175664867014,35.84367921462719],[129.21741968244316,35.84367680179775],[129.2174292043332,35.8440452427757],[129.2174301763702,35.84444058338327],[129.21729406086297,35.84445353553281],[129.21729034583748,35.84479423273386],[129.21729710054288,35.84577984553156],[129.21716315849565,35.84579099113061],[129.2171525228251,35.845619998059995],[129.21712995229083,35.84548907794643],[129.21711641457085,35.84534596573127],[129.21710684798504,35.8451486632396],[129.2171038622626,35.84489621045959],[129.21710742758157,35.84479435380174],[129.21713806634082,35.84458552425817],[129.21714626927687,35.844463110770604],[129.21711560501842,35.84447029468602],[129.2171113410318,35.844592106278675],[129.21708889018515,35.844746575750456],[129.21707923181677,35.84485477912761],[129.2170755791583,35.84503481036169],[129.21707988769603,35.845138022788184],[129.2167927518354,35.84515868954723],[129.21679181684578,35.84518134864591],[129.21688843799765,35.845180463502125],[129.21690050052337,35.84516299368044],[129.2170874528366,35.84516026107608],[129.21710332942362,35.845410933278785],[129.21710324090796,35.845529691681094],[129.2170119247352,35.845531612387475],[129.2170168637029,35.84555691963818],[129.21710357242054,35.84554950285545],[129.21711969619776,35.84560956642185],[129.21711453050284,35.845651817272305],[129.21704307599182,35.84566333726793],[129.21704550861205,35.84568281792619],[129.21711780034383,35.845677974688286],[129.2171340969623,35.84574025785855],[129.21713334115202,35.845792270343324],[129.21688919267405,35.845803415084596],[129.2165564447691,35.845830841294756],[129.21638139591914,35.845835615651005],[129.21634041295553,35.845805316814406],[129.2163699798902,35.845760444790734],[129.2163200652932,35.84576345408803],[129.21630946085185,35.845779866781044],[129.21618894480497,35.84576190395899],[129.21555618518062,35.84581019525638],[129.2154591791118,35.84581230571544],[129.21545241941487,35.845743615474106],[129.2154329229036,35.84564343120045],[129.2154001228718,35.84528832502533],[129.2153896945475,35.84507356671016],[129.21543057546825,35.84507026745835],[129.21542974173488,35.84504834153073],[129.21538851931163,35.84504812651511],[129.215393141349,35.844803086437274],[129.21538871083905,35.84461652655437],[129.2154028711713,35.84455575709417],[129.21533967913024,35.844515214178266],[129.21534649463197,35.84462950759362],[129.2153444891961,35.8448555717076],[129.21532198917575,35.84485694559802],[129.2153220425683,35.844876836090776],[129.21534335010082,35.84487657286011],[129.21535331708705,35.8451463172686],[129.21533192390467,35.84514768919096],[129.21533452714726,35.84518140933204],[129.21535033353592,35.84518121897719],[129.2153967397574,35.845636105366935],[129.21539660027145,35.845753168962766],[129.2153594182561,35.845753126995355],[129.21535981748042,35.8457698895325],[129.21535245461584,35.845777482148215],[129.21539896495398,35.84577635391264],[129.21540702181105,35.84586230979483],[129.21541416811908,35.846083211434134],[129.21527905926783,35.84609708779822],[129.21519706129862,35.8460903390953],[129.21511390529457,35.84609755275503],[129.21505372398366,35.846115162000196],[129.21504544800547,35.84612488316921],[129.21470118418318,35.8461930071269],[129.214672954457,35.84624574427708],[129.21464050292568,35.846284456449574],[129.21457582815893,35.84631898087224],[129.21443137886314,35.846333864221435],[129.2144416817018,35.84647773950565],[129.21431635620766,35.846474599878505],[129.21420605203244,35.84649636209958],[129.21402797437017,35.846515765675605],[129.21402384680366,35.846545306931525],[129.21421101406253,35.84651403583633],[129.21430007047854,35.84649434806702],[129.21444483886026,35.84649932785534],[129.21446864020595,35.84654977368558],[129.21446120717215,35.846514620092385],[129.2144732702292,35.84651363437453]],[[129.21743874724373,35.84709585728616],[129.2175576302851,35.84709451701634],[129.21779322119428,35.847069416948514],[129.21780059364391,35.84708985303144],[129.2178212830425,35.84709002307313],[129.21783284291027,35.84709938426973],[129.21785392427114,35.84715012271648],[129.21787337156806,35.84722685614055],[129.21794259298719,35.84743592051217],[129.21793413964852,35.84743732366354],[129.21827667191792,35.84831823634713],[129.2182195108462,35.848323341394135],[129.21784398450293,35.84832388293994],[129.21744442695766,35.84833742647304],[129.21743874724373,35.84709585728616]],[[129.2175974489045,35.84640963985035],[129.21760015613674,35.84649355935644],[129.21761238724494,35.84649333007108],[129.21765189431383,35.84665250081982],[129.21770905066265,35.84679696744996],[129.217693827032,35.846799905878456],[129.21771593450708,35.846873939809875],[129.2177087669178,35.84687594446908],[129.21777339691374,35.84704133364419],[129.2176653620501,35.84705897624217],[129.217437127983,35.84705796264899],[129.21743298695964,35.846224620538926],[129.21743667489523,35.84589047555071],[129.21756548009915,35.84589128044394],[129.21756904349814,35.84640917722011],[129.2175974489045,35.84640963985035]],[[129.21743259303335,35.84570773645777],[129.2174311777428,35.84479773795017],[129.21756190503157,35.844793654621235],[129.21756308621602,35.84539644321016],[129.217571137927,35.84570816334229],[129.21743259303335,35.84570773645777]],[[129.21730921238077,35.84703483206994],[129.2172559336993,35.84703442304984],[129.21722364519707,35.84651582985264],[129.21717496752566,35.84599876209392],[129.2171733885949,35.84582444518785],[129.217298421302,35.84580565495484],[129.21730921238077,35.84703483206994]],[[129.21648709641585,35.84779158003198],[129.2166071069749,35.84780155837771],[129.21672595289766,35.84780247211933],[129.2167465598278,35.847776154769356],[129.21675679547533,35.84772971306862],[129.21678257260908,35.84769547347862],[129.21684127260292,35.847690591669576],[129.21692944853982,35.8477216528949],[129.21702744190299,35.84771129304164],[129.21710319417056,35.84768784181306],[129.21714023811742,35.847632465652104],[129.2171648365142,35.84760858345281],[129.217246881214,35.84760742676595],[129.21727585443097,35.84758441991331],[129.21728389018284,35.847526932797386],[129.21730138259574,35.84754418734911],[129.21730009183435,35.84784813607727],[129.2172518724087,35.84785626181537],[129.2172970527928,35.84795624641491],[129.2173030571122,35.8483583100609],[129.21708095196612,35.848365486159565],[129.2167362249006,35.84838391285836],[129.21672630191637,35.84821838011852],[129.2167005819592,35.84812636355098],[129.21662911663736,35.84808144707528],[129.21648756799848,35.84806471187002],[129.21644670927319,35.848048075803305],[129.21646038015388,35.84787575947536],[129.21648709641585,35.84779158003198]],[[129.2172977335971,35.84727738059109],[129.21728910464014,35.84727790530184],[129.21726018468306,35.84711625789673],[129.2172968417199,35.847114326481176],[129.2172977335971,35.84727738059109]],[[129.21621427463086,35.84741383143896],[129.21618277468082,35.84733729953131],[129.21608336998443,35.84730440123424],[129.21604101758828,35.847205663852016],[129.21603059996735,35.847160016132634],[129.21635190321138,35.847151438945055],[129.2166581842594,35.847134380002146],[129.21723794284262,35.84711509015882],[129.21725652271365,35.84724369215697],[129.2172611469607,35.84747965803598],[129.2172529469934,35.847582775711324],[129.21722202264982,35.84758837391991],[129.2171530117445,35.84759132772195],[129.21713032986057,35.847611664568774],[129.21709561820634,35.847669875478225],[129.21704242584752,35.84769334031005],[129.21687090954455,35.84767555077116],[129.21677363492847,35.84767332776521],[129.21673727611966,35.847711984406736],[129.2167091498985,35.84778224212629],[129.21659000989354,35.8477789946581],[129.2165125273907,35.847756178507545],[129.21648584894936,35.847735425404345],[129.21645553548225,35.847741824434856],[129.2163232213166,35.84772574845073],[129.2162920306373,35.84761621226366],[129.2162265169444,35.847499824824055],[129.21621427463086,35.84741383143896]],[[129.2168881020615,35.84627202187606],[129.21695522263195,35.84627042349158],[129.2171693818768,35.846249761172956],[129.2171872307237,35.84641510846531],[129.2171838225899,35.84648915224887],[129.21708437519527,35.84647704668226],[129.21707532956597,35.84650497461559],[129.21719226882493,35.84651785991654],[129.2172146547229,35.84674803495603],[129.21723345877695,35.847037104065535],[129.21648341113587,35.847066017607546],[129.2164706276424,35.84688622314436],[129.21645034583918,35.8467007191527],[129.2165741752048,35.84667845300211],[129.21656158772714,35.846452415061826],[129.21683700896457,35.84640426370403],[129.2168073851803,35.84629295836919],[129.2168881020615,35.84627202187606]],[[129.21548474488432,35.84662237561367],[129.21548173050294,35.846394454917274],[129.21560551182063,35.84640380569178],[129.2157675428504,35.84639436917959],[129.21576215999679,35.84636852192219],[129.21557134063772,35.84638326400562],[129.21547929221836,35.8463686114158],[129.21547095658957,35.84625722277314],[129.21557233513386,35.84624257714178],[129.21557242097566,35.846233330165965],[129.2154771640325,35.846231571162285],[129.21545134963438,35.84584398957686],[129.2158864162312,35.84582226907466],[129.2160380502068,35.8458039734376],[129.2161976849719,35.8457971542495],[129.21628428156689,35.84580167697574],[129.21636659691487,35.8458563978992],[129.21637787559496,35.84584782486924],[129.2165408137137,35.8458427207052],[129.21656434437116,35.84605077717621],[129.21659366457786,35.84604982344433],[129.21657446322854,35.84584223689249],[129.21686572226903,35.84583491077328],[129.2169430729196,35.84582191127437],[129.21705229701743,35.84582296812478],[129.21703892466027,35.84590865590884],[129.2170707685653,35.84591177118288],[129.21708086925656,35.845827891764834],[129.21714243649407,35.84582771820178],[129.21716465117285,35.846219640884044],[129.21693581777077,35.84625398343899],[129.21677613289094,35.846267148496594],[129.21677087762427,35.846386924993084],[129.21658086878233,35.84641891714733],[129.21651366572726,35.846435115716595],[129.2165253645588,35.846475542870564],[129.21653686232355,35.84664649838141],[129.21639472014377,35.846675502544265],[129.21641488373788,35.84676391512786],[129.21641999192,35.846876589240786],[129.2164403914437,35.84695395207401],[129.216451530043,35.847066040523266],[129.21593728898492,35.847087929510515],[129.21548023058483,35.84710110045995],[129.21547412069006,35.84691997817888],[129.21548950477455,35.8468201554022],[129.21549015195936,35.84664902495157],[129.2156083793877,35.84663874738114],[129.21579328466166,35.846643239443004],[129.21590971993945,35.846662174276155],[129.21591620872624,35.846630051169385],[129.21560085353943,35.84661867193451],[129.21548474488432,35.84662237561367]],[[129.2166415983492,35.84811652839507],[129.21669577191528,35.84816928065404],[129.21670113132444,35.84838703996503],[129.21658577726154,35.84838826492347],[129.21643812961202,35.8484005878494],[129.21629112592726,35.84842184983735],[129.21618567650654,35.84842618404134],[129.21620615925835,35.848242806262306],[129.216224648209,35.84820270367069],[129.21626735210725,35.84818109649849],[129.2163751980545,35.84817481123854],[129.2164212073673,35.84814338349348],[129.21645445925898,35.848089546453885],[129.21661638043625,35.84809968413017],[129.2166415983492,35.84811652839507]],[[129.21581602217063,35.847914744966985],[129.2158139589805,35.847896714643646],[129.2157234743307,35.84790852014501],[129.21560025675547,35.847940923385266],[129.21550850372358,35.8479462419881],[129.2155147490792,35.847864622717765],[129.21551007409712,35.84773557210674],[129.21563366431045,35.84772247306018],[129.21573932077234,35.847725484156406],[129.2157385174492,35.84770667651008],[129.21569289343788,35.847704387562715],[129.21559898272722,35.847709935393155],[129.21551832032972,35.847706501132684],[129.21548337564,35.84746005357986],[129.2154791380268,35.84730011635476],[129.2154846571795,35.84717893351044],[129.2160010712819,35.84716180826364],[129.21600671864005,35.84721183556077],[129.21606038337836,35.847334967607885],[129.216108368627,35.84733038467674],[129.2161573548215,35.847364508609644],[129.216193200284,35.84741050743491],[129.21620534185982,35.847520735603915],[129.2162564196079,35.847591527603356],[129.2162761023954,35.84764938869543],[129.21621103454237,35.84766553821472],[129.2162146792986,35.84769123533953],[129.2162744616135,35.84767720419007],[129.21629268687525,35.84773641074566],[129.21644908937623,35.847773307600974],[129.21641776520082,35.84791794208464],[129.21640520905078,35.84810137783184],[129.21638227328063,35.84815082534908],[129.2161934315597,35.84816979174606],[129.21615701499053,35.848429533821495],[129.21597039057477,35.848433571215935],[129.21579696017463,35.84842898686984],[129.21553861264763,35.84844447118391],[129.21550350092957,35.84827196247453],[129.21551145615896,35.848093374728094],[129.21551023989204,35.847966183548195],[129.21570755125498,35.84794784301301],[129.21581602217063,35.847914744966985]]],[[[129.2203540968849,35.85239412765557],[129.22029970055996,35.852383105316406],[129.22018706661945,35.85213936034931],[129.22010107680026,35.85216489599621],[129.2205347930301,35.85310114344276],[129.22057548807544,35.85306910195749],[129.22055140223875,35.85304613699347],[129.22054426519256,35.85298295444743],[129.22049522330192,35.85288624072304],[129.22052642431848,35.85287189905731],[129.22035330082812,35.85249519514316],[129.22036452885862,35.852455925306785],[129.2211592230007,35.85201187178936],[129.2212408577858,35.852017003835336],[129.22137580442242,35.85219371716198],[129.22146664734998,35.852221994296656],[129.22142853012045,35.85226120530877],[129.22152802529698,35.8523879189742],[129.22150941188585,35.8524384500269],[129.22140292786247,35.85249488288669],[129.22135398118712,35.85258930616628],[129.22154659611115,35.852486238240964],[129.22160440185468,35.85249709154464],[129.22185978289724,35.85286147595328],[129.2219023888942,35.85280415048795],[129.22166010617224,35.852464589593964],[129.22167141948057,35.85242036261208],[129.2218347334315,35.852322304781005],[129.22221625564558,35.8521056022371],[129.22222141157667,35.85209660731519],[129.2228028351161,35.85177562152375],[129.2228635113126,35.85179972630679],[129.22286533077667,35.85198036025372],[129.22297335789386,35.852001737072776],[129.2229756298657,35.852265375188],[129.22235131993034,35.852643237326035],[129.22197164864394,35.85283753184436],[129.2218244728206,35.85290702672924],[129.22134390029316,35.853176253808606],[129.2212049646197,35.85325958504652],[129.22090633478342,35.85345013198615],[129.22090657874534,35.85342215678365],[129.2208441318556,35.853454760815694],[129.22084250442072,35.85347080601197],[129.22069698775815,35.85350840129514],[129.22067182671594,35.85355337443876],[129.2205221962305,35.853612769205505],[129.22055239608267,35.85368108286739],[129.22103607660995,35.85348908128122],[129.22124370109768,35.85338439121608],[129.22174709890416,35.853274039876894],[129.2220343133985,35.85323570565696],[129.22211203748367,35.8532353376568],[129.22218045468458,35.853264124068716],[129.22243267734675,35.853190551253725],[129.2225121600422,35.853181653949115],[129.22285402422824,35.8531219748012],[129.2228526979917,35.85303913447038],[129.22259410898795,35.85308815184496],[129.2224831792468,35.85311834046419],[129.22215878540248,35.85318657537333],[129.2217373152225,35.853222920963994],[129.2216282209706,35.8532404879488],[129.2210984904095,35.853380251003955],[129.22125196168028,35.85328485122237],[129.221716518161,35.85301626671929],[129.2219419337646,35.85289674432996],[129.22207369045546,35.85284793422886],[129.2222315467809,35.85279767910194],[129.22230725252348,35.8527482777431],[129.22280472236278,35.852450752519644],[129.22285819188795,35.852470715818896],[129.22286303203984,35.85285390883369],[129.22288074446425,35.8528538761991],[129.22288009785555,35.852828354028354],[129.22315309156025,35.85282822924256],[129.22318449673548,35.85279594264972],[129.2233987836885,35.852792786788655],[129.2233993775225,35.85279569634204],[129.2232669336346,35.85283038044365],[129.22316311366708,35.85285333756596],[129.223606189844,35.85285248327261],[129.2236015609309,35.85283606206646],[129.22422498014862,35.85284585820642],[129.22457490683763,35.852756724437285],[129.22476644846256,35.85285261300344],[129.22488977425854,35.85285347428298],[129.22488966222477,35.85283326849711],[129.22484166607072,35.85282706700925],[129.2247437187357,35.85280043689259],[129.22468786221722,35.85269531988386],[129.22468178151487,35.85259941128401],[129.2248876944209,35.85248301087813],[129.22488712743746,35.852383496051914],[129.2248411277577,35.85226409401334],[129.22480557643522,35.852128161659444],[129.22497228101392,35.852103824424994],[129.22514459193016,35.852089119885555],[129.2256907101889,35.85205458468014],[129.2256841639546,35.85217122749191],[129.22568941590964,35.852184682348195],[129.22568994612624,35.85223932406803],[129.2257171996097,35.85223881357572],[129.22571179866557,35.85217637613145],[129.22572541887743,35.85205192431568],[129.22579479321064,35.85204704524879],[129.22597130840177,35.85201980431834],[129.22615315229214,35.85199792460786],[129.22616719588774,35.8520238002375],[129.22620308007527,35.85201795612898],[129.22623159971394,35.85197971688035],[129.22637051904286,35.851975581594914],[129.22639488671567,35.85198418797468],[129.22653155636485,35.8520066165139],[129.22653147429378,35.85196973756971],[129.22644806608815,35.85194825477407],[129.22641709397422,35.85193338807723],[129.22615231742358,35.85196097497082],[129.22597235440998,35.85199030449307],[129.22577808458578,35.85200250067634],[129.22579149841172,35.851824469996174],[129.22597315300237,35.85181804732775],[129.2261314401113,35.85178082734154],[129.2262771790774,35.85177695880159],[129.22642692595497,35.8517536786963],[129.22646747368742,35.851780297771256],[129.22648251090595,35.85153482352343],[129.22653044717157,35.85150830913928],[129.2265303041027,35.85144592496517],[129.22657933074393,35.8514409663905],[129.22657589688475,35.85140104750081],[129.22660982649307,35.851400938874605],[129.22658717954175,35.85124124396075],[129.22711553623068,35.85118372667574],[129.2272513363928,35.85118882501901],[129.2273589696427,35.85125474736763],[129.2274753401778,35.85129044332644],[129.2275347137233,35.85131545846225],[129.2276390451034,35.85130222107486],[129.22776443778244,35.85127161292252],[129.22779631371182,35.85122666168787],[129.22763790080293,35.85125010400978],[129.22750302413993,35.85125060112165],[129.22733857943118,35.851188706130955],[129.22734095202622,35.85098308174723],[129.2273737392493,35.85093153176771],[129.22722964733592,35.850922276357494],[129.22703976352716,35.850934286088005],[129.22677926136075,35.85096892311674],[129.22675288984806,35.85096407877748],[129.22658743639963,35.85097961994896],[129.2265716588475,35.85082589644438],[129.22689355265786,35.85079823754616],[129.22703528196575,35.85077856770527],[129.2272263825699,35.850785896497435],[129.22725833323497,35.85079460562046],[129.22726707332936,35.850792759663],[129.2272655560487,35.850753468062116],[129.2272031002942,35.85074613207086],[129.22720238688393,35.850677989981286],[129.22707542271635,35.850747588526865],[129.22688905939737,35.85075171449422],[129.2265617945203,35.85079031559031],[129.22652775364153,35.85071569285104],[129.22655295127433,35.85068123597349],[129.22659763455113,35.850655475689166],[129.22679433260706,35.850575427611666],[129.22684924528068,35.850522583546756],[129.22680428647982,35.85050567931675],[129.22676206294744,35.85046954630166],[129.22664453864195,35.850518578220516],[129.22649508991594,35.8506152016781],[129.226466831074,35.85072203456418],[129.2264923396731,35.850781964915846],[129.2265484692105,35.850948077130994],[129.2265606747771,35.85100908684305],[129.22634584275005,35.85102252111678],[129.22607057112072,35.85102133256708],[129.22553796868536,35.8510805745607],[129.225164655461,35.85110526131173],[129.2249115745262,35.851189268916606],[129.22485238726793,35.85122640225891],[129.2248698843608,35.85130759929241],[129.22470118224533,35.85130985048645],[129.22469657050854,35.85127985647864],[129.22466561415092,35.85129805611943],[129.22467004218984,35.851325707222465],[129.2245880509655,35.85134332568777],[129.22449441002755,35.8513990795329],[129.22465012121535,35.85138683086954],[129.22469238340648,35.85164231950266],[129.2242874206807,35.851675984682],[129.22428645363757,35.851583563408326],[129.2242342823388,35.85160021607457],[129.22424027312005,35.85162857628191],[129.22409673920524,35.85167669859582],[129.22407999648547,35.85164731285128],[129.2242110993115,35.85155590859352],[129.22428553475848,35.85149648644958],[129.2242780249976,35.850810370577996],[129.2243418850654,35.85080930584513],[129.22433141422115,35.85074650821269],[129.22427852512524,35.85074775988609],[129.22427799057635,35.85047752137165],[129.22405824967393,35.85056410602505],[129.22405165187365,35.85056011670044],[129.22405156747246,35.85045860918231],[129.22411527238177,35.85042985848816],[129.2242585343894,35.85040010410481],[129.22432755407434,35.85035599517399],[129.22449968835357,35.85029532818889],[129.22450128765286,35.85030114728931],[129.224544735298,35.8502885843449],[129.2244160956475,35.84981556818117],[129.22442008004325,35.84968873701521],[129.2244519673994,35.84941015581871],[129.22443445555118,35.849090055590594],[129.22448212904325,35.84895414887189],[129.2248793339487,35.849301140063346],[129.22493852621525,35.84943202656886],[129.2255488887573,35.84996089655837],[129.22561134560968,35.8499334902587],[129.22499480281272,35.849415356944924],[129.2249727940988,35.849394966562265],[129.22491449481413,35.849290403900625],[129.22446207035375,35.848874975300035],[129.22442494108998,35.84890616432799],[129.2243931769209,35.84916544055445],[129.22440364724886,35.84940214323923],[129.22436248096702,35.84973532128063],[129.2243896816112,35.84994169291751],[129.22442439652585,35.85003648497943],[129.22448978685318,35.85026588473468],[129.22434456741883,35.8503160022397],[129.22424625974617,35.85036518543669],[129.2241354718289,35.85038512812333],[129.22405197632878,35.85041477167332],[129.22405309896322,35.850317371612505],[129.22402452979617,35.85020334442346],[129.2241235458949,35.850177926031364],[129.2241664707559,35.8501882288804],[129.2242371122414,35.85031636371015],[129.224277539382,35.85031622567308],[129.2242659915565,35.850240370927985],[129.2242187875021,35.85009724094996],[129.224225497065,35.850093704628925],[129.22409749430665,35.84989925401139],[129.2239995808952,35.8497962153071],[129.22376589398274,35.84960135614544],[129.22381251296918,35.849567013419026],[129.22376383367248,35.849525519841166],[129.22371383245815,35.84956170735239],[129.22364367192097,35.849506239026894],[129.2236960514179,35.849429752296494],[129.223634158736,35.84943330049511],[129.2235783372033,35.84938698934926],[129.22358308801955,35.84934001647365],[129.223150088845,35.84960556696686],[129.2231775297448,35.84964089037211],[129.2232449883541,35.84965238299732],[129.223297725505,35.84964850041282],[129.2229833619125,35.84990280896564],[129.22263855681123,35.85019402479382],[129.22253094107168,35.85008861444175],[129.22250359179364,35.85011019559031],[129.22290088680145,35.85048264436558],[129.22282302754246,35.85054493794067],[129.22283469150983,35.85055551514333],[129.22284042405195,35.85074209917584],[129.22287087776328,35.85080185896607],[129.22268608499382,35.85085742782604],[129.2225876490358,35.85090088696978],[129.22257700298928,35.85089012762108],[129.22214541052048,35.85110028109698],[129.22228045464533,35.85109637395751],[129.22262821311747,35.85092603828111],[129.22279882598156,35.85086671038234],[129.22284638366713,35.85089088440249],[129.22285929340413,35.85165629131313],[129.22284404531018,35.851690521797806],[129.22243242839028,35.85191572638674],[129.2223773393728,35.85191437666066],[129.22223713983863,35.85174025167558],[129.2221218825486,35.85169421127544],[129.22211727455428,35.851697193857746],[129.22231680225462,35.851940407848595],[129.2223090636042,35.851984114612925],[129.22203822313696,35.85213312883849],[129.22163864376665,35.85237351267019],[129.22158564202638,35.852362452308256],[129.22128047742933,35.851960621342755],[129.221282135957,35.85190775105238],[129.2217219196694,35.851530818589495],[129.22175335937882,35.85152700275267],[129.22178321511745,35.851450810513185],[129.22180209465833,35.85138457916653],[129.2212414316583,35.85186390764639],[129.22118590734743,35.85186526191661],[129.22108243014648,35.85175534549862],[129.22109227053267,35.851710823845316],[129.22100322629973,35.85177257790012],[129.22114050841878,35.851913390491966],[129.22113499757918,35.85195830979532],[129.22071268612504,35.85219356795463],[129.22066496971206,35.85221232887821],[129.22066889691402,35.85221535892304],[129.2203540968849,35.85239412765557]],[[129.22730070063466,35.851107791101555],[129.2266218192635,35.85119865814326],[129.22659011646812,35.851038763891694],[129.22674412939313,35.85102136055392],[129.22673924841635,35.85100603044821],[129.22689266593852,35.850989502247664],[129.22706174737897,35.85097682882919],[129.22706566698477,35.85099274653828],[129.2272769435953,35.85097870480967],[129.22730070063466,35.851107791101555]],[[129.226551567474,35.8514176760518],[129.2265518680531,35.8513986861763],[129.22657054314297,35.85139861514532],[129.22656897882362,35.851416985526456],[129.226551567474,35.8514176760518]],[[129.22640093407134,35.85141295617143],[129.2264008340889,35.851424591480686],[129.22625348891282,35.851443550079416],[129.2262338680631,35.85143407860514],[129.22606585843076,35.85143073366503],[129.22586379592394,35.8514544715225],[129.2257760814043,35.851550645318845],[129.22570814733777,35.85157543928564],[129.22571077315376,35.85142287098627],[129.22576477229555,35.85137537353258],[129.22589675996718,35.85129633091831],[129.22620839362864,35.851272487272986],[129.22637686102684,35.85125380463618],[129.2265343438529,35.85124191071561],[129.2265659582945,35.85139405440222],[129.22650004987747,35.85140689446296],[129.22640093407134,35.85141295617143]],[[129.22570760739703,35.85110841314494],[129.22587074857006,35.851085343061776],[129.2258824753304,35.851106248161685],[129.22602245637924,35.85108658277985],[129.2260215603615,35.85107111001101],[129.22618531652148,35.851050273448955],[129.22619652104262,35.8510665380631],[129.22646170342873,35.85105827308901],[129.226470716523,35.85119615630094],[129.22572648399344,35.851246773694655],[129.22570760739703,35.85110841314494]],[[129.22591961343852,35.85175763749894],[129.2257086294927,35.851786015165096],[129.22569726377426,35.85164957829548],[129.22579932443148,35.85159629524527],[129.22596882617316,35.85156333546827],[129.22602814781172,35.85155432930268],[129.22609903000213,35.8515779086798],[129.22625472484438,35.85156375633297],[129.2263891964738,35.85153332189439],[129.22641972213967,35.851715497259136],[129.2259906286943,35.851765534961935],[129.22591961343852,35.85175763749894]],[[129.22513909904413,35.852052908922865],[129.22512450736457,35.85204461755577],[129.22481793698685,35.85206720525879],[129.22477766584228,35.851898241884356],[129.2249660320592,35.85188494074991],[129.2249680839164,35.851894210783556],[129.22566609783962,35.85183712322912],[129.2257186245946,35.8518720657704],[129.2257197236934,35.85192822954174],[129.22565078050866,35.852023322760104],[129.22513909904413,35.852052908922865]],[[129.22550460346937,35.85153710128574],[129.22566602388707,35.851456904526046],[129.2256471572075,35.85166422694947],[129.22566137045297,35.8517897804386],[129.22547193984926,35.85180237266015],[129.22545603383435,35.85155502754059],[129.22550460346937,35.85153710128574]],[[129.2255812055587,35.851417912491684],[129.22543722225228,35.851479015227554],[129.22526677259881,35.85156073358169],[129.22489831632132,35.85164048577671],[129.22477957640584,35.85164391493739],[129.22475106577096,35.85139730512346],[129.22506758678946,35.85136724575008],[129.2252644217535,35.85136232803004],[129.2254247793851,35.851353016793446],[129.22555920480906,35.85135338805417],[129.2255812055587,35.851417912491684]],[[129.22557563681593,35.85126430501216],[129.22521248516497,35.851308719323704],[129.22520150596452,35.85128984958955],[129.22490920734492,35.8513043537862],[129.22489668786773,35.85122966353316],[129.22494779785274,35.85119392410145],[129.22503753869387,35.85118447431291],[129.225201497533,35.85114497384982],[129.22554186447562,35.85112354785549],[129.22557563681593,35.85126430501216]],[[129.22477946766986,35.85185782654085],[129.22476080923286,35.85170198122197],[129.22493568930895,35.851691832527415],[129.22510788000417,35.85165039722519],[129.2252657456805,35.85162469712211],[129.2254007565955,35.85157722016978],[129.22542267564415,35.85179775095139],[129.2249707945973,35.85184633140716],[129.22477946766986,35.85185782654085]],[[129.2247883577783,35.852402939331164],[129.2248584566862,35.85244707837432],[129.22471314834075,35.85253394939922],[129.22463665117286,35.85260055857965],[129.2246382290377,35.852729082720636],[129.2244029509157,35.85266151121618],[129.22429584380203,35.85263705171028],[129.22428996450577,35.85216582670129],[129.22442827337812,35.852149104347646],[129.2244807334752,35.852132685386835],[129.22476311944183,35.85214299400184],[129.22478297804025,35.852260948582554],[129.22484006384906,35.85235841166841],[129.2247883577783,35.852402939331164]],[[129.22443049978253,35.85210606558918],[129.22427046343265,35.85212396380545],[129.22406096024721,35.85212422588554],[129.22405933137,35.851969187077955],[129.22457200255974,35.85192543604458],[129.22473532825003,35.85190033935035],[129.22477542968824,35.8520719797632],[129.22461928120237,35.85210247067647],[129.22443049978253,35.85210606558918]],[[129.22458132246035,35.85188153693805],[129.22405874155862,35.851920547773894],[129.2240577090425,35.85176499414442],[129.22471123217417,35.851704191268574],[129.22473076813685,35.851861134488445],[129.22458132246035,35.85188153693805]],[[129.22439495966051,35.85270555203839],[129.22439539251158,35.852757364020476],[129.22429671140728,35.85278492698143],[129.22429546841386,35.852673021240655],[129.22439495966051,35.85270555203839]],[[129.2229599015351,35.850960567081216],[129.2229396720362,35.850947004519],[129.2229445909711,35.85086362656197],[129.22295489734591,35.85086365165342],[129.2229599015351,35.850960567081216]]]]},"properties":{"reg":"지구단위계획구역","key":"reg_jdp","note":"국토계획법 지구단위계획","parcels":586,"area_ha":32.3,"parts":4,"source":"V-World 토지이용계획 속성(getLandUseAttr) 포함·저촉 필지 합집합(접함 제외) — 지정 필지 외곽, 법정 경계선 아님"}}]}