{"type":"FeatureCollection","features":[{"type":"Feature","geometry":{"type":"Polygon","coordinates":[[[129.205370798428,35.8530166955233],[129.205371003149,35.8529450927107],[129.205370518511,35.8529288259156],[129.20537051851,35.8529288258937],[129.20537051851,35.8529288258505],[129.205370518511,35.8529288258293],[129.20539043836,35.8522429327444],[129.205391703334,35.8521100414548],[129.205391703335,35.8521100414497],[129.205391703335,35.8521100414435],[129.205391703335,35.8521100414424],[129.205393001444,35.852037785701],[129.205393001447,35.8520377856563],[129.205393001454,35.8520377855671],[129.205393001466,35.8520377854785],[129.205393001484,35.8520377853903],[129.205393001507,35.8520377853028],[129.205393001536,35.8520377852165],[129.205393001569,35.8520377851313],[129.205393001608,35.8520377850477],[129.205393001652,35.852037784966],[129.205393001701,35.852037784886],[129.205393001755,35.852037784808],[129.205393001813,35.8520377847323],[129.205393001876,35.8520377846589],[129.205393001943,35.8520377845883],[129.205393002015,35.8520377845206],[129.20539300209,35.8520377844557],[129.205393002169,35.8520377843939],[129.205393002253,35.8520377843354],[129.205393002339,35.8520377842804],[129.205393002429,35.852037784229],[129.205393002521,35.8520377841812],[129.205393002617,35.8520377841372],[129.205393002715,35.852037784097],[129.205393002816,35.8520377840609],[129.205393002918,35.8520377840291],[129.205393003022,35.8520377840013],[129.205393003128,35.8520377839777],[129.205393003236,35.8520377839585],[129.205393003344,35.8520377839436],[129.205393003453,35.8520377839331],[129.205393003562,35.852037783927],[129.205393003672,35.8520377839254],[129.205393003727,35.8520377839256],[129.205460546761,35.8520394898156],[129.205745578349,35.8520460713443],[129.205828130074,35.8520469040154],[129.205906044311,35.8520476825893],[129.20618702001,35.8520486908617],[129.206187020013,35.8520486908617],[129.206187020022,35.8520486908617],[129.206187020029,35.8520486908618],[129.206260316358,35.8520494491006],[129.206262203591,35.8519913419693],[129.206281242803,35.8513104897687],[129.206281609395,35.8512335045278],[129.206281784804,35.8511985449507],[129.206281784804,35.8511985449444],[129.206281784804,35.8511985449314],[129.206281784804,35.8511985449248],[129.206283474936,35.8511240542218],[129.206284010904,35.8510997189929],[129.206294951823,35.8506190647772],[129.206294951825,35.8506190647338],[129.206294951832,35.8506190646471],[129.206294951844,35.850619064561],[129.206294951862,35.8506190644752],[129.206294951884,35.8506190643901],[129.206294951912,35.8506190643061],[129.206294951944,35.8506190642234],[129.206294951981,35.8506190641419],[129.206294952023,35.8506190640621],[129.20629495207,35.850619063984],[129.206294952121,35.8506190639077],[129.206294952177,35.8506190638336],[129.206294952237,35.8506190637618],[129.206294952301,35.8506190636924],[129.206294952369,35.8506190636254],[129.206294952441,35.8506190635613],[129.206294952517,35.8506190635002],[129.206294952596,35.8506190634421],[129.206294952679,35.8506190633874],[129.206294952765,35.8506190633357],[129.206294952854,35.8506190632875],[129.206294952945,35.8506190632429],[129.206294953039,35.8506190632018],[129.206294953136,35.8506190631646],[129.206294953234,35.8506190631312],[129.206294953334,35.8506190631017],[129.206294953437,35.8506190630761],[129.20629495354,35.8506190630545],[129.206294953645,35.8506190630371],[129.20629495375,35.8506190630238],[129.206294953856,35.8506190630146],[129.206294953962,35.8506190630096],[129.206294954069,35.8506190630088],[129.206294954176,35.8506190630122],[129.206294954282,35.8506190630197],[129.206294954388,35.8506190630315],[129.206294954493,35.8506190630473],[129.206294954597,35.8506190630673],[129.206294954648,35.8506190630783],[129.206333934438,35.8506281896028],[129.206333934442,35.8506281896038],[129.206922278218,35.8507680135259],[129.206922278271,35.8507680135395],[129.206922278375,35.8507680135689],[129.206922278477,35.8507680136026],[129.206922278577,35.8507680136403],[129.206922278675,35.8507680136821],[129.20692227877,35.8507680137277],[129.206922278862,35.8507680137773],[129.206922278951,35.8507680138304],[129.206922279036,35.8507680138869],[129.206922279119,35.8507680139469],[129.206922279197,35.8507680140103],[129.206922279271,35.8507680140767],[129.206922279341,35.8507680141462],[129.206922279407,35.8507680142183],[129.206922279468,35.850768014293],[129.206922279525,35.8507680143701],[129.206922279577,35.8507680144492],[129.206922279624,35.8507680145305],[129.206922279666,35.8507680146136],[129.206922279702,35.8507680146982],[129.206922279734,35.8507680147844],[129.20692227976,35.8507680148716],[129.206922279781,35.85076801496],[129.206922279796,35.8507680150489],[129.206922279806,35.8507680151382],[129.206922279811,35.850768015228],[129.206922279812,35.8507680152728],[129.206922243077,35.8507712602144],[129.2069247355,35.8508231664365],[129.207703647267,35.8510169069876],[129.207703647268,35.8510169069879],[129.207737577451,35.8510253836429],[129.207737577503,35.851025383657],[129.207737577606,35.8510253836873],[129.207737577707,35.8510253837218],[129.207737577806,35.8510253837603],[129.207737577902,35.8510253838028],[129.207737577996,35.8510253838491],[129.207737578086,35.8510253838989],[129.207737578174,35.8510253839525],[129.207737578258,35.8510253840097],[129.207737578339,35.85102538407],[129.207737578416,35.8510253841335],[129.207737578489,35.8510253842001],[129.207737578557,35.8510253842693],[129.207737578622,35.8510253843414],[129.207737578682,35.8510253844161],[129.207737578738,35.8510253844931],[129.207737578788,35.8510253845722],[129.207737578834,35.8510253846533],[129.207737578875,35.8510253847359],[129.207737578911,35.8510253848201],[129.207737578941,35.851025384906],[129.207737578967,35.8510253849928],[129.207737578987,35.8510253850805],[129.207737579001,35.8510253851688],[129.207737579007,35.8510253852131],[129.207743344703,35.8510804690262],[129.207743344705,35.8510804690518],[129.207743344709,35.8510804691034],[129.20774334471,35.8510804691294],[129.207756298137,35.8514614232213],[129.207758909419,35.8515379433297],[129.207759210136,35.8515469557563],[129.207762062063,35.8516308745749],[129.207762062064,35.8516308745825],[129.207762062064,35.8516308745965],[129.207762062064,35.8516308746028],[129.207767029805,35.8519633014005],[129.207767029805,35.8519633014032],[129.207767029805,35.8519633014123],[129.207767029805,35.8519633014186],[129.207767135777,35.8520041725029],[129.207771056206,35.8520516958405],[129.207846924859,35.8520586402707],[129.208094790457,35.8520554658233],[129.208154753941,35.85205428142],[129.208154753996,35.85205428142],[129.208154754106,35.8520542814222],[129.208154754215,35.8520542814289],[129.208154754324,35.85205428144],[129.208154754431,35.8520542814553],[129.208154754538,35.852054281475],[129.208154754644,35.8520542814991],[129.208154754748,35.8520542815273],[129.20815475485,35.8520542815597],[129.20815475495,35.8520542815961],[129.208154755047,35.8520542816365],[129.208154755142,35.8520542816808],[129.208154755235,35.852054281729],[129.208154755324,35.8520542817808],[129.208154755409,35.8520542818357],[129.208154755492,35.8520542818943],[129.208154755571,35.8520542819566],[129.208154755646,35.8520542820216],[129.208154755717,35.8520542820894],[129.208154755784,35.8520542821602],[129.208154755846,35.8520542822334],[129.208154755904,35.8520542823091],[129.208154755957,35.8520542823871],[129.208154756005,35.8520542824671],[129.208154756049,35.8520542825491],[129.208154756087,35.8520542826326],[129.20815475612,35.8520542827174],[129.208154756148,35.8520542828035],[129.208154756171,35.8520542828909],[129.208154756188,35.8520542829789],[129.2081547562,35.8520542830675],[129.208154756207,35.8520542831564],[129.208154756209,35.852054283201],[129.208162602476,35.8526035809561],[129.208171039344,35.8529876785129],[129.208175441221,35.8530205661853],[129.208175441221,35.8530205661873],[129.208175441222,35.8530205661908],[129.208175441222,35.8530205661923],[129.208180084787,35.8530565633528],[129.208180084791,35.8530565633888],[129.208180084796,35.8530565634609],[129.208180084798,35.8530565634971],[129.208189780521,35.853380103675],[129.208189780521,35.8533801036774],[129.208189780521,35.8533801036812],[129.208189780521,35.8533801036826],[129.208206019308,35.8540362464495],[129.208233395026,35.8540361906725],[129.208543063801,35.8540340168205],[129.208543063806,35.8540340168205],[129.208543063809,35.8540340168205],[129.208623578039,35.8540336703288],[129.208623578092,35.8540336703295],[129.208623578197,35.8540336703332],[129.208623578302,35.8540336703409],[129.208623578407,35.8540336703527],[129.208623578511,35.8540336703686],[129.208623578613,35.8540336703884],[129.208623578715,35.8540336704122],[129.208623578814,35.8540336704399],[129.208623578912,35.8540336704714],[129.208623579009,35.8540336705067],[129.208623579103,35.8540336705457],[129.208623579194,35.8540336705884],[129.208623579284,35.8540336706345],[129.20862357937,35.8540336706841],[129.208623579453,35.8540336707368],[129.208623579533,35.8540336707927],[129.20862357961,35.8540336708519],[129.208623579683,35.8540336709139],[129.208623579752,35.8540336709782],[129.208623579817,35.8540336710455],[129.208623579879,35.8540336711153],[129.208623579936,35.8540336711874],[129.20862357999,35.8540336712618],[129.208623580038,35.854033671338],[129.208623580082,35.8540336714159],[129.208623580122,35.8540336714956],[129.208623580157,35.8540336715767],[129.208623580187,35.854033671659],[129.208623580212,35.8540336717424],[129.208623580232,35.8540336718267],[129.208623580248,35.8540336719117],[129.208623580258,35.8540336719972],[129.208623580262,35.8540336720399],[129.208627416716,35.8540952027226],[129.208627416717,35.8540952027411],[129.208627416719,35.8540952027782],[129.208627416719,35.8540952027968],[129.208630989352,35.8544004053147],[129.208634490681,35.8546323195491],[129.208637836598,35.8548539463903],[129.208637836598,35.8548539463919],[129.208639101463,35.8549528650528],[129.208639101462,35.8549528650979],[129.208639101458,35.8549528651877],[129.208639101448,35.8549528652769],[129.208639101433,35.8549528653659],[129.208639101412,35.8549528654543],[129.208639101386,35.8549528655416],[129.208639101354,35.8549528656276],[129.208639101318,35.8549528657123],[129.208639101276,35.8549528657957],[129.208639101229,35.8549528658771],[129.208639101177,35.8549528659562],[129.208639101121,35.8549528660333],[129.208639101059,35.8549528661081],[129.208639100994,35.8549528661803],[129.208639100924,35.8549528662496],[129.20863910085,35.8549528663161],[129.208639100771,35.8549528663797],[129.208639100689,35.8549528664399],[129.208639100604,35.8549528664965],[129.208639100515,35.8549528665497],[129.208639100423,35.8549528665992],[129.208639100328,35.854952866645],[129.20863910023,35.8549528666868],[129.20863910013,35.8549528667246],[129.208639100027,35.8549528667585],[129.208639099923,35.8549528667879],[129.208639099818,35.854952866813],[129.20863909971,35.854952866834],[129.208639099656,35.8549528668434],[129.208398498027,35.8549895296166],[129.208380625994,35.8549922466661],[129.208380625991,35.8549922466667],[129.208380625988,35.8549922466672],[129.208014651066,35.8550469148902],[129.20799601821,35.8550501462827],[129.208088371322,35.8553967042308],[129.208111004904,35.855449614324],[129.208111004921,35.8554496143666],[129.208111004952,35.8554496144524],[129.208111004977,35.8554496145392],[129.208111004998,35.8554496146271],[129.208111005013,35.855449614716],[129.208111005022,35.8554496148051],[129.208111005026,35.855449614894],[129.208111005025,35.8554496149834],[129.208111005018,35.8554496150728],[129.208111005006,35.8554496151616],[129.208111004988,35.8554496152501],[129.208111004965,35.8554496153376],[129.208111004937,35.8554496154239],[129.208111004904,35.855449615509],[129.208111004865,35.8554496155926],[129.208111004821,35.8554496156746],[129.208111004772,35.8554496157551],[129.208111004719,35.8554496158332],[129.208111004661,35.8554496159087],[129.208111004598,35.8554496159822],[129.208111004531,35.8554496160529],[129.20811100446,35.8554496161209],[129.208111004384,35.8554496161861],[129.208111004305,35.8554496162479],[129.208111004222,35.8554496163064],[129.208111004136,35.8554496163616],[129.208111004046,35.8554496164134],[129.208111003953,35.8554496164614],[129.208111003858,35.8554496165054],[129.20811100376,35.8554496165456],[129.208111003659,35.8554496165819],[129.208111003557,35.8554496166141],[129.208111003505,35.8554496166291],[129.208059870275,35.8554633134606],[129.208059870223,35.8554633134733],[129.208059870119,35.8554633134967],[129.208059870066,35.8554633135073],[129.207946327562,35.8554840116096],[129.207946327551,35.8554840116115],[129.207946327529,35.8554840116153],[129.207946327518,35.8554840116172],[129.207920301474,35.8554883121632],[129.207900237149,35.8554916165326],[129.207900237138,35.8554916165343],[129.207900237118,35.8554916165375],[129.207900237108,35.8554916165391],[129.207628213431,35.8555320627675],[129.207595424238,35.8555372202436],[129.207539794909,35.8555459585722],[129.20740318392,35.8555679667074],[129.207386731628,35.85557075416],[129.207393488147,35.8556064671506],[129.207495238463,35.8560126201931],[129.207495238464,35.856012620198],[129.207495238465,35.8560126202042],[129.207495238466,35.8560126202057],[129.207526316047,35.8561413384198],[129.207570071137,35.8563225666513],[129.20757007114,35.8563225666636],[129.207570071146,35.8563225666887],[129.207570071149,35.8563225667013],[129.207579443838,35.8563681443788],[129.207579443845,35.8563681444224],[129.207579443858,35.8563681445095],[129.207579443865,35.8563681445967],[129.207579443868,35.8563681446845],[129.207579443864,35.8563681447728],[129.207579443856,35.8563681448602],[129.207579443842,35.8563681449468],[129.207579443824,35.8563681450332],[129.2075794438,35.8563681451189],[129.207579443771,35.8563681452035],[129.207579443737,35.8563681452866],[129.207579443698,35.8563681453684],[129.207579443654,35.8563681454487],[129.207579443605,35.856368145527],[129.207579443552,35.8563681456033],[129.207579443495,35.8563681456775],[129.207579443433,35.8563681457492],[129.207579443366,35.8563681458184],[129.207579443296,35.8563681458848],[129.207579443222,35.8563681459484],[129.207579443144,35.8563681460092],[129.207579443062,35.8563681460666],[129.207579442978,35.8563681461207],[129.20757944289,35.8563681461715],[129.207579442799,35.8563681462187],[129.207579442705,35.8563681462623],[129.207579442609,35.856368146302],[129.207579442511,35.8563681463379],[129.207579442411,35.8563681463699],[129.207579442309,35.8563681463979],[129.207579442205,35.8563681464219],[129.2075794421,35.8563681464416],[129.207579442047,35.8563681464504],[129.207544857974,35.8563732239547],[129.207136541374,35.8564444829962],[129.207136541359,35.8564444829986],[129.207136541329,35.8564444830035],[129.207136541313,35.856444483006],[129.206660116009,35.856516378442],[129.206660116007,35.8565163784424],[129.206660116001,35.8565163784432],[129.206660115998,35.8565163784436],[129.206634816639,35.8565200896343],[129.206608223532,35.8565239922871],[129.206432628105,35.8565496444179],[129.20640979888,35.856553387177],[129.206409798827,35.8565533871846],[129.206409798721,35.8565533871977],[129.206409798615,35.8565533872065],[129.206409798507,35.8565533872111],[129.2064097984,35.8565533872116],[129.206409798293,35.8565533872078],[129.206409798186,35.8565533871997],[129.20640979808,35.8565533871874],[129.206409797974,35.8565533871709],[129.20640979787,35.8565533871504],[129.206409797767,35.8565533871257],[129.206409797665,35.8565533870969],[129.206409797566,35.8565533870643],[129.206409797468,35.8565533870277],[129.206409797373,35.8565533869873],[129.20640979728,35.8565533869431],[129.206409797191,35.8565533868956],[129.206409797104,35.8565533868444],[129.206409797019,35.8565533867896],[129.206409796939,35.8565533867318],[129.206409796862,35.856553386671],[129.206409796789,35.8565533866071],[129.206409796719,35.8565533865403],[129.206409796654,35.8565533864709],[129.206409796593,35.8565533863992],[129.206409796536,35.856553386325],[129.206409796484,35.8565533862486],[129.206409796436,35.8565533861703],[129.206409796394,35.8565533860901],[129.206409796355,35.8565533860084],[129.206409796322,35.8565533859254],[129.206409796294,35.8565533858411],[129.206409796281,35.8565533857986],[129.206316547995,35.856209610359],[129.206305327814,35.8561687844268],[129.206302563102,35.8561587288201],[129.206292856467,35.8561234192366],[129.206216776118,35.8558512728745],[129.206216776117,35.8558512728717],[129.206216776116,35.8558512728672],[129.206203801874,35.8558039630635],[129.205850300793,35.8558717702987],[129.205825116527,35.855876607446],[129.205825116502,35.8558766074506],[129.20582511645,35.8558766074595],[129.205825116424,35.8558766074638],[129.205481724142,35.8559285980212],[129.205434605578,35.855945080866],[129.205434605527,35.8559450808827],[129.205434605424,35.8559450809139],[129.205434605319,35.8559450809409],[129.205434605212,35.8559450809637],[129.205434605105,35.8559450809821],[129.205434604996,35.8559450809961],[129.205434604886,35.8559450810057],[129.205434604776,35.8559450810109],[129.205434604721,35.8559450810124],[129.205380104172,35.8559454256804],[129.205092404587,35.8559958248055],[129.205052869094,35.8560027501696],[129.205064031774,35.8560433219484],[129.205064031775,35.8560433219528],[129.205064031778,35.8560433219638],[129.20506403178,35.8560433219704],[129.20509836364,35.8561758278044],[129.205137614778,35.8563273158648],[129.205142866543,35.8563463682089],[129.205142866544,35.8563463682137],[129.205142866547,35.8563463682216],[129.205142866547,35.8563463682248],[129.205150222814,35.8563742316145],[129.205150222824,35.8563742316569],[129.205150222841,35.8563742317421],[129.205150222854,35.8563742318282],[129.205150222861,35.8563742319144],[129.205150222863,35.8563742320004],[129.20515022286,35.8563742320867],[129.205150222852,35.8563742321729],[129.205150222839,35.8563742322586],[129.205150222821,35.8563742323438],[129.205150222798,35.8563742324281],[129.20515022277,35.8563742325111],[129.205150222737,35.8563742325932],[129.205150222699,35.8563742326741],[129.205150222657,35.8563742327533],[129.20515022261,35.8563742328306],[129.205150222558,35.8563742329061],[129.205150222502,35.8563742329797],[129.205150222442,35.8563742330508],[129.205150222378,35.8563742331193],[129.205150222309,35.8563742331855],[129.205150222237,35.8563742332488],[129.205150222162,35.8563742333093],[129.205150222082,35.8563742333669],[129.205150222,35.8563742334212],[129.205150221914,35.8563742334723],[129.205150221826,35.8563742335199],[129.205150221735,35.8563742335638],[129.205150221641,35.8563742336044],[129.205150221545,35.8563742336412],[129.205150221447,35.8563742336743],[129.205150221347,35.8563742337035],[129.205150221246,35.8563742337288],[129.205150221143,35.85637423375],[129.205150221039,35.8563742337672],[129.205150220934,35.8563742337804],[129.205150220829,35.8563742337894],[129.205150220723,35.8563742337943],[129.205150220617,35.8563742337951],[129.205150220564,35.8563742337945],[129.205099080728,35.8563726167804],[129.204812477653,35.8564240859738],[129.204812477651,35.8564240859742],[129.204753530452,35.8564345676176],[129.204753530436,35.8564345676204],[129.204753530403,35.8564345676258],[129.204753530387,35.8564345676284],[129.204377600487,35.856491756903],[129.204373251908,35.8564924848031],[129.204362384316,35.856494305858],[129.204362384264,35.8564943058657],[129.204362384159,35.856494305879],[129.204362384053,35.8564943058883],[129.204362383947,35.8564943058934],[129.204362383841,35.8564943058943],[129.204362383735,35.8564943058911],[129.204362383629,35.8564943058837],[129.204362383523,35.8564943058722],[129.204362383419,35.8564943058566],[129.204362383315,35.8564943058369],[129.204362383213,35.8564943058133],[129.204362383112,35.8564943057856],[129.204362383013,35.856494305754],[129.204362382916,35.8564943057186],[129.204362382821,35.8564943056795],[129.204362382729,35.8564943056366],[129.204362382639,35.8564943055903],[129.204362382552,35.8564943055404],[129.204362382468,35.856494305487],[129.204362382387,35.8564943054305],[129.204362382311,35.8564943053714],[129.204362382237,35.8564943053089],[129.204362382167,35.8564943052439],[129.204362382101,35.856494305176],[129.204362382039,35.8564943051052],[129.204362381981,35.8564943050324],[129.204362381928,35.8564943049577],[129.204362381879,35.8564943048808],[129.204362381835,35.856494304802],[129.204362381796,35.8564943047216],[129.204362381761,35.8564943046398],[129.204362381731,35.8564943045567],[129.204362381717,35.856494304515],[129.204357189315,35.8564767748427],[129.204349049898,35.8564542665878],[129.204349049888,35.8564542665577],[129.204349049869,35.8564542664975],[129.20434904986,35.8564542664673],[129.204343798161,35.8564348985529],[129.204343798156,35.8564348985316],[129.204343798146,35.8564348984896],[129.204343798141,35.856434898469],[129.2042916347,35.856187277253],[129.204284291841,35.8561524216605],[129.204284291837,35.856152421636],[129.204284291828,35.8561524215875],[129.204284291824,35.8561524215634],[129.204280448422,35.8561254350054],[129.204276615584,35.8560984762438],[129.204276615582,35.8560984762292],[129.204276615578,35.8560984761994],[129.204276615577,35.8560984761842],[129.204276479245,35.856097125093],[129.204220467671,35.8558777742673],[129.204168896823,35.8556765226094],[129.204168896814,35.855676522566],[129.204168896797,35.8556765224788],[129.204168896785,35.855676522391],[129.204168896779,35.8556765223029],[129.204168896778,35.8556765222147],[129.204168896782,35.8556765221265],[129.204168896792,35.8556765220383],[129.204168896806,35.8556765219509],[129.204168896826,35.8556765218644],[129.204168896852,35.8556765217785],[129.204168896882,35.8556765216936],[129.204168896918,35.8556765216102],[129.204168896958,35.8556765215283],[129.204168897003,35.8556765214481],[129.204168897054,35.8556765213699],[129.204168897108,35.8556765212937],[129.204168897168,35.8556765212196],[129.204168897231,35.8556765211481],[129.204168897299,35.8556765210794],[129.204168897371,35.8556765210133],[129.204168897447,35.8556765209502],[129.204168897526,35.8556765208902],[129.20416889761,35.8556765208333],[129.204168897696,35.85567652078],[129.204168897785,35.8556765207301],[129.204168897878,35.8556765206838],[129.204168897973,35.8556765206413],[129.20416889807,35.8556765206026],[129.20416889817,35.8556765205679],[129.204168898272,35.8556765205372],[129.204168898375,35.8556765205106],[129.20416889848,35.8556765204881],[129.204168898533,35.8556765204778],[129.204196631049,35.8556717421808],[129.20419663106,35.855671742179],[129.204196631081,35.8556717421755],[129.204196631092,35.8556717421737],[129.204550066593,35.8556167730517],[129.204602334174,35.855608646339],[129.204683902549,35.8555959632435],[129.204945153142,35.8555538919186],[129.204933604619,35.8554672854788],[129.204933604614,35.855467285437],[129.204933604608,35.8554672853533],[129.204933604606,35.8554672853115],[129.204922347152,35.8548614401708],[129.204922347152,35.8548614401456],[129.204922347153,35.8548614400956],[129.204922347153,35.8548614400707],[129.204923800723,35.8548321563564],[129.204923255524,35.8548293966992],[129.204917754138,35.8548015233443],[129.204914079298,35.8547929592131],[129.204890034859,35.8547368879453],[129.204890034842,35.8547368879011],[129.20489003481,35.8547368878122],[129.204890034783,35.8547368877222],[129.204890034763,35.8547368876311],[129.204890034748,35.8547368875392],[129.204890034739,35.8547368874468],[129.204890034736,35.8547368874007],[129.204889423324,35.8547187824414],[129.204889423323,35.854718782417],[129.204889423323,35.8547187823682],[129.204889423324,35.8547187823438],[129.204894593748,35.854561133026],[129.204894687492,35.8545582712678],[129.204903159587,35.8542999255326],[129.204911074237,35.8540585717773],[129.20491260571,35.8539952852671],[129.204824282946,35.8539933800687],[129.204824282938,35.8539933800686],[129.204824282926,35.8539933800682],[129.204824282921,35.8539933800681],[129.204474350705,35.8539827149985],[129.204438458276,35.8539818837726],[129.204438458222,35.8539818837702],[129.204438458114,35.8539818837635],[129.204438458007,35.8539818837524],[129.204438457901,35.8539818837372],[129.204438457796,35.8539818837177],[129.204438457692,35.853981883694],[129.20443845759,35.8539818836664],[129.204438457489,35.8539818836347],[129.20443845739,35.853981883599],[129.204438457294,35.8539818835594],[129.2044384572,35.8539818835161],[129.204438457109,35.8539818834692],[129.204438457021,35.8539818834185],[129.204438456936,35.8539818833645],[129.204438456854,35.8539818833073],[129.204438456776,35.8539818832468],[129.204438456701,35.8539818831832],[129.204438456631,35.8539818831168],[129.204438456564,35.8539818830478],[129.204438456502,35.8539818829761],[129.204438456444,35.853981882902],[129.20443845639,35.8539818828257],[129.204438456341,35.8539818827474],[129.204438456297,35.8539818826673],[129.204438456258,35.8539818825854],[129.204438456224,35.8539818825021],[129.204438456194,35.8539818824178],[129.20443845617,35.8539818823322],[129.204438456151,35.8539818822455],[129.204438456137,35.8539818821584],[129.204438456129,35.853981882071],[129.204438456125,35.8539818819832],[129.204438456125,35.8539818819392],[129.204439811854,35.8539186926048],[129.204439810241,35.8539181517515],[129.204439810241,35.8539181517413],[129.204439810241,35.8539181517203],[129.204439810241,35.8539181517096],[129.204447451322,35.8536194201781],[129.204447451322,35.853619420174],[129.204447451322,35.8536194201736],[129.204462235744,35.8530872076903],[129.204464051476,35.8530046955756],[129.204464051478,35.8530046955312],[129.204464051486,35.8530046954426],[129.204464051498,35.8530046953545],[129.204464051516,35.8530046952669],[129.204464051539,35.8530046951801],[129.204464051568,35.8530046950944],[129.204464051602,35.8530046950097],[129.20446405164,35.8530046949266],[129.204464051684,35.8530046948456],[129.204464051733,35.8530046947661],[129.204464051786,35.8530046946886],[129.204464051844,35.8530046946133],[129.204464051906,35.8530046945403],[129.204464051973,35.8530046944701],[129.204464052044,35.8530046944027],[129.204464052119,35.8530046943382],[129.204464052198,35.8530046942768],[129.20446405228,35.8530046942185],[129.204464052366,35.8530046941637],[129.204464052455,35.8530046941123],[129.204464052547,35.8530046940646],[129.204464052642,35.8530046940207],[129.204464052739,35.8530046939804],[129.204464052839,35.8530046939443],[129.20446405294,35.8530046939123],[129.204464053044,35.8530046938843],[129.204464053149,35.8530046938604],[129.204464053256,35.8530046938408],[129.204464053363,35.8530046938256],[129.204464053471,35.8530046938146],[129.20446405358,35.8530046938081],[129.204464053689,35.8530046938059],[129.204464053744,35.8530046938058],[129.204532826007,35.8530060555246],[129.20453282601,35.8530060555246],[129.204848093699,35.853012858263],[129.204942593374,35.8530140502323],[129.205024670924,35.853015083092],[129.205301388381,35.8530159564077],[129.205301388386,35.8530159564077],[129.205301388396,35.8530159564078],[129.205301388401,35.8530159564078],[129.205370798428,35.8530166955233]]]},"properties":{"trarNo":"11073","mainTrarNm":"성건파출소","ctprvnNm":"경상북도","signguNm":"경주시","trarArea":158477,"coordNum":760,"stdrDt":"2024-01-01"}},{"type":"Feature","geometry":{"type":"Polygon","coordinates":[[[129.201265148805,35.8422653080976],[129.201344086669,35.8422635555939],[129.201344086733,35.842263555594],[129.20134408686,35.8422635555971],[129.201344086986,35.8422635556062],[129.201344087112,35.8422635556211],[129.201344087174,35.8422635556301],[129.201363743216,35.8422668399361],[129.201474941203,35.8422712780699],[129.201604629227,35.8422607869671],[129.201604629291,35.8422607869634],[129.20160462942,35.8422607869592],[129.20160462955,35.842260786961],[129.201604629678,35.842260786969],[129.201604629743,35.8422607869745],[129.201676278063,35.8422686806946],[129.20167627807,35.8422686806954],[129.201676278083,35.8422686806969],[129.201676278089,35.8422686806977],[129.201773015029,35.8422802991471],[129.201888506527,35.8422934187663],[129.201939793789,35.8422992442468],[129.20200293441,35.8423008144249],[129.202115798192,35.8423037084658],[129.202204860527,35.8423040476523],[129.202204860541,35.8423040476525],[129.202204860571,35.8423040476529],[129.202204860587,35.8423040476532],[129.202234665989,35.8423048270351],[129.202236407105,35.8423048725783],[129.202234373117,35.8422905066495],[129.202234373111,35.8422905065934],[129.202234373104,35.842290506481],[129.202234373102,35.8422905064248],[129.202234382063,35.8422897860386],[129.202216889481,35.8417501195065],[129.202216889481,35.8417501194698],[129.202216889482,35.8417501193963],[129.202216889487,35.8417501193229],[129.202216889496,35.8417501192497],[129.202216889501,35.8417501192133],[129.202247460745,35.8415692146935],[129.202238067428,35.8412943315285],[129.202238067428,35.8412943315265],[129.202229995971,35.8410379857925],[129.202229771317,35.8410319291492],[129.202225528931,35.8409186410373],[129.20221847222,35.8407301840053],[129.20221847222,35.8407301839905],[129.20221847222,35.8407301839595],[129.202218472219,35.8407301839433],[129.20221854485,35.8407150874266],[129.20221854485,35.8407150874218],[129.202219004663,35.8406557843536],[129.202219212443,35.8406286203509],[129.202219285155,35.8406179312533],[129.202208903907,35.8402357735201],[129.202204913125,35.8401062252194],[129.202204913124,35.8401062251935],[129.202204913125,35.8401062251421],[129.202204913125,35.8401062251166],[129.202207617534,35.8400374119006],[129.202188723594,35.8400365149994],[129.202188723546,35.8400365149963],[129.202188723451,35.8400365149884],[129.202188723357,35.8400365149771],[129.202188723263,35.8400365149626],[129.20218872317,35.8400365149448],[129.202188723078,35.8400365149237],[129.202188723032,35.8400365149123],[129.201878318121,35.8399534153353],[129.201878318069,35.8399534153202],[129.201878317965,35.8399534152876],[129.201878317864,35.8399534152509],[129.201878317764,35.8399534152101],[129.201878317668,35.8399534151652],[129.201878317574,35.8399534151165],[129.201878317484,35.8399534150642],[129.201878317397,35.8399534150081],[129.201878317313,35.8399534149485],[129.201878317234,35.8399534148855],[129.201878317158,35.8399534148193],[129.201878317086,35.8399534147501],[129.201878317019,35.8399534146782],[129.201878316956,35.8399534146036],[129.201878316898,35.8399534145264],[129.201878316844,35.8399534144471],[129.201878316796,35.8399534143659],[129.201878316753,35.8399534142825],[129.201878316715,35.8399534141972],[129.201878316682,35.8399534141108],[129.201878316655,35.8399534140233],[129.201878316633,35.8399534139346],[129.201878316616,35.8399534138455],[129.201878316605,35.8399534137554],[129.2018783166,35.8399534136644],[129.2018783166,35.839953413574],[129.201878316606,35.8399534134844],[129.201878316617,35.8399534133944],[129.201878316634,35.8399534133044],[129.201878316657,35.8399534132158],[129.201878316684,35.8399534131285],[129.201878316718,35.8399534130422],[129.201878316735,35.8399534129993],[129.20192795961,35.8398437914574],[129.202007587414,35.8396679605153],[129.202187692638,35.8392588340236],[129.202228327838,35.8391665034926],[129.202228327857,35.8391665034512],[129.202228327899,35.8391665033692],[129.202228327946,35.839166503289],[129.202228327997,35.8391665032107],[129.202228328053,35.8391665031346],[129.202228328114,35.8391665030608],[129.202228328179,35.8391665029896],[129.202228328249,35.8391665029211],[129.202228328322,35.8391665028555],[129.202228328399,35.8391665027929],[129.20222832848,35.8391665027332],[129.202228328565,35.839166502677],[129.202228328652,35.8391665026245],[129.202228328743,35.8391665025753],[129.202228328837,35.8391665025299],[129.202228328933,35.8391665024884],[129.202228329032,35.8391665024506],[129.202228329133,35.8391665024169],[129.202228329236,35.8391665023875],[129.20222832934,35.839166502362],[129.202228329446,35.8391665023407],[129.202228329553,35.8391665023238],[129.202228329661,35.8391665023112],[129.20222832977,35.8391665023029],[129.202228329879,35.839166502299],[129.202228329988,35.8391665022995],[129.202228330097,35.8391665023043],[129.202228330205,35.8391665023135],[129.202228330259,35.8391665023192],[129.20236273223,35.8391833850708],[129.202473518581,35.8391861081348],[129.20285832883,35.8391934061278],[129.202847729263,35.8390286672373],[129.202847729261,35.8390286672078],[129.20284772926,35.8390286671486],[129.20284772926,35.8390286671189],[129.202852709745,35.8387261890992],[129.202852709746,35.8387261890615],[129.202852709752,35.8387261889858],[129.202852709755,35.8387261889478],[129.202859917926,35.8386661988379],[129.202859917933,35.8386661987887],[129.202859917952,35.8386661986907],[129.202859917977,35.838666198594],[129.202859918008,35.8386661984982],[129.202859918026,35.8386661984506],[129.202867399091,35.8386476659119],[129.20286739911,35.8386476658678],[129.202867399151,35.8386476657807],[129.202867399174,35.8386476657376],[129.20288827585,35.8386097325291],[129.202888275874,35.8386097324881],[129.202888275924,35.8386097324071],[129.20288827598,35.8386097323283],[129.202888276041,35.8386097322519],[129.202888276072,35.8386097322142],[129.202926973077,35.8385658940589],[129.202926973105,35.8385658940281],[129.202926973163,35.8385658939677],[129.202926973225,35.8385658939094],[129.202926973289,35.8385658938532],[129.202926973322,35.8385658938257],[129.202983749261,35.8385204291302],[129.202983749268,35.8385204291246],[129.202983749283,35.8385204291128],[129.202983749291,35.8385204291065],[129.202995320733,35.8385115070734],[129.202995320775,35.8385115070432],[129.202995320859,35.8385115069842],[129.202995320947,35.8385115069287],[129.202995321039,35.838511506877],[129.202995321133,35.8385115068291],[129.202995321231,35.8385115067851],[129.20299532133,35.8385115067452],[129.202995321433,35.8385115067094],[129.202995321537,35.8385115066778],[129.202995321643,35.8385115066506],[129.202995321751,35.8385115066277],[129.20299532186,35.8385115066093],[129.20299532197,35.8385115065953],[129.202995322081,35.8385115065859],[129.202995322192,35.838511506581],[129.202995322303,35.8385115065807],[129.202995322414,35.8385115065849],[129.202995322525,35.8385115065937],[129.20299532258,35.8385115065992],[129.203085615937,35.8385224146281],[129.203085615947,35.8385224146295],[129.203085615968,35.8385224146321],[129.203085615977,35.8385224146334],[129.203120530795,35.8385271747549],[129.203280860549,35.8385490248535],[129.203280860557,35.8385490248545],[129.203280860572,35.8385490248567],[129.20328086058,35.8385490248579],[129.203578332075,35.8385931244723],[129.203653293416,35.8386042370577],[129.203664228562,35.8386058558886],[129.203712154292,35.8386129334419],[129.203776415178,35.8386224597757],[129.20388650503,35.8386387846978],[129.203940366343,35.8386467698651],[129.204111157875,35.8386720930741],[129.204111157887,35.8386720930759],[129.204111157913,35.83867209308],[129.204111157926,35.8386720930822],[129.204621271083,35.8387579557096],[129.204664659473,35.8387652462166],[129.204664659477,35.8387652462173],[129.204664659481,35.838765246218],[129.204665748779,35.8387654328623],[129.204666338199,35.8387655329474],[129.204708808713,35.8387726791392],[129.205106483241,35.8388396168236],[129.205439340592,35.8388956416674],[129.205517348259,35.8389087733167],[129.205686246916,35.8389372253857],[129.205964742593,35.8389840669553],[129.205964928675,35.8389840981627],[129.205976666214,35.8389860609425],[129.206003136832,35.8389904814806],[129.206014715358,35.8389924235788],[129.206015028156,35.8389924757901],[129.206507536514,35.839074280866],[129.206599684817,35.8390895886814],[129.206663733151,35.8391002243243],[129.206669013741,35.839101028977],[129.206860630482,35.8391276223416],[129.206860630498,35.839127622344],[129.206860630529,35.8391276223487],[129.206860630545,35.8391276223511],[129.206995346357,35.8391496060223],[129.206995346375,35.8391496060254],[129.206995346413,35.8391496060321],[129.206995346432,35.8391496060357],[129.207086529686,35.8391672047208],[129.207123748799,35.8391743868217],[129.20712374885,35.8391743868327],[129.207123748952,35.8391743868567],[129.207123749053,35.8391743868847],[129.207123749152,35.8391743869165],[129.207123749249,35.8391743869523],[129.207123749344,35.8391743869917],[129.207123749436,35.8391743870348],[129.207123749526,35.8391743870815],[129.207123749613,35.8391743871318],[129.207123749696,35.8391743871852],[129.207123749776,35.8391743872418],[129.207123749853,35.8391743873016],[129.207123749927,35.8391743873645],[129.207123749997,35.83917438743],[129.207123750062,35.839174387498],[129.207123750124,35.8391743875687],[129.207123750181,35.8391743876418],[129.207123750234,35.839174387717],[129.207123750282,35.8391743877937],[129.207123750326,35.8391743878726],[129.207123750365,35.8391743879535],[129.2071237504,35.8391743880355],[129.207123750429,35.8391743881187],[129.207123750454,35.839174388203],[129.207123750473,35.8391743882881],[129.207123750488,35.839174388374],[129.207123750497,35.8391743884604],[129.207123750501,35.8391743885469],[129.207123750502,35.8391743885902],[129.207123195408,35.8392306514129],[129.207123195407,35.8392306514267],[129.207123195407,35.8392306514542],[129.207123195406,35.839230651468],[129.207116770337,35.8393661395934],[129.20711098416,35.83955189662],[129.207110041822,35.8396151207927],[129.20710890761,35.8396858715505],[129.207106095614,35.8398619349615],[129.207105624657,35.8398934794375],[129.207103468357,35.8400277593733],[129.207385599933,35.8400392187778],[129.20784080602,35.840043880387],[129.207840806074,35.8400438803886],[129.207840806182,35.8400438803941],[129.20784080629,35.8400438804038],[129.207840806397,35.8400438804178],[129.207840806503,35.8400438804361],[129.207840806608,35.8400438804585],[129.207840806711,35.8400438804851],[129.207840806812,35.8400438805158],[129.207840806912,35.8400438805506],[129.20784080701,35.8400438805892],[129.207840807104,35.8400438806316],[129.207840807197,35.8400438806778],[129.207840807286,35.8400438807276],[129.207840807373,35.8400438807809],[129.207840807456,35.8400438808377],[129.207840807535,35.8400438808977],[129.207840807611,35.8400438809607],[129.207840807683,35.8400438810267],[129.207840807751,35.8400438810955],[129.207840807814,35.8400438811669],[129.207840807874,35.8400438812408],[129.207840807928,35.8400438813169],[129.207840807979,35.8400438813952],[129.207840808024,35.8400438814753],[129.207840808064,35.8400438815569],[129.2078408081,35.8400438816402],[129.20784080813,35.840043881725],[129.207840808156,35.8400438818108],[129.207840808176,35.8400438818977],[129.207840808191,35.8400438819851],[129.2078408082,35.8400438820727],[129.207840808205,35.8400438821609],[129.207840808206,35.8400438822051],[129.207840167318,35.8401039432528],[129.207841281182,35.8401920391814],[129.207841281182,35.8401920391832],[129.207841991546,35.8402613159169],[129.207841991545,35.8402613159565],[129.207841991542,35.8402613160352],[129.207841991534,35.8402613161134],[129.207841991522,35.8402613161916],[129.207841991515,35.8402613162306],[129.207828578211,35.8403263205208],[129.2078208602,35.8403676283797],[129.207820860198,35.8403676283905],[129.207820860194,35.8403676284125],[129.207820860192,35.8403676284238],[129.207813815812,35.8403999226234],[129.207813815811,35.8403999226294],[129.207813815811,35.8403999226306],[129.207799712171,35.8404634041731],[129.207795785641,35.8404859430774],[129.207793543698,35.8405174441266],[129.207790520727,35.8405682356197],[129.207790030682,35.8405925250138],[129.207790987795,35.8405994184687],[129.207793734608,35.8406124815975],[129.207798703859,35.8406300026128],[129.207798703864,35.8406300026318],[129.207798703874,35.8406300026701],[129.207798703879,35.8406300026893],[129.207802791687,35.840647929335],[129.207802791699,35.8406479293972],[129.207802791716,35.840647929522],[129.207802791722,35.8406479295845],[129.207804012273,35.8406704134601],[129.207804012274,35.8406704134656],[129.207804012274,35.8406704134786],[129.207804012275,35.8406704134862],[129.207805215507,35.84070339818],[129.207805215508,35.8407033982009],[129.207805215508,35.8407033982426],[129.207805215508,35.8407033982633],[129.207803830936,35.8407716338003],[129.207803172943,35.8408038913042],[129.207803172943,35.8408038913056],[129.207803172943,35.8408038913086],[129.207800811075,35.8409045187038],[129.207800811075,35.8409045187061],[129.20779607863,35.8410823889222],[129.207793208146,35.8412086601362],[129.207792403605,35.8413678226435],[129.207792403605,35.8413678226502],[129.207792403605,35.8413678226627],[129.207792403605,35.8413678226685],[129.207790132705,35.8414705239747],[129.207790313091,35.8415399199131],[129.207791499932,35.8415501450512],[129.207816924388,35.8415706418749],[129.207816924428,35.8415706419084],[129.207816924504,35.8415706419771],[129.207816924576,35.8415706420487],[129.207816924644,35.8415706421234],[129.207816924707,35.8415706422008],[129.207816924765,35.8415706422807],[129.207816924818,35.8415706423629],[129.207816924865,35.8415706424474],[129.207816924907,35.8415706425337],[129.207816924944,35.8415706426216],[129.207816924975,35.8415706427109],[129.207816925,35.8415706428014],[129.20781692502,35.8415706428929],[129.207816925033,35.8415706429851],[129.207816925041,35.8415706430776],[129.207816925043,35.8415706431705],[129.207816925043,35.8415706432168],[129.207812171862,35.841684857599],[129.207809719582,35.8417846749146],[129.207809719582,35.8417846749198],[129.207800929315,35.8420617343812],[129.207800929314,35.8420617343927],[129.207800929313,35.8420617344157],[129.207800929312,35.8420617344273],[129.207797580162,35.8421147157981],[129.207797580159,35.8421147158396],[129.207797580149,35.8421147159225],[129.207797580134,35.8421147160047],[129.207797580115,35.8421147160865],[129.207797580091,35.8421147161678],[129.207797580062,35.8421147162477],[129.207797580047,35.8421147162874],[129.207765874228,35.8421903856134],[129.207765874208,35.842190385656],[129.207765874167,35.8421903857398],[129.207765874121,35.8421903858217],[129.20776587407,35.8421903859018],[129.207765874014,35.8421903859799],[129.207765873953,35.8421903860554],[129.207765873888,35.8421903861281],[129.207765873819,35.8421903861983],[129.207765873744,35.8421903862659],[129.207765873666,35.8421903863301],[129.207765873585,35.8421903863909],[129.207765873499,35.8421903864484],[129.20776587341,35.8421903865024],[129.207765873318,35.8421903865527],[129.207765873223,35.8421903865991],[129.207765873126,35.8421903866416],[129.207765873025,35.8421903866802],[129.207765872923,35.8421903867145],[129.207765872818,35.8421903867447],[129.207765872712,35.8421903867705],[129.207765872604,35.8421903867919],[129.207765872495,35.8421903868089],[129.207765872386,35.8421903868215],[129.207765872275,35.8421903868296],[129.20776587222,35.8421903868325],[129.207547856368,35.8421974126214],[129.207401541704,35.8422021695527],[129.207396496621,35.8422029711762],[129.207405762474,35.8433475605071],[129.207413757487,35.8433474558928],[129.20741375749,35.8433474558927],[129.207413757495,35.8433474558927],[129.207413757499,35.8433474558927],[129.207473230365,35.8433469315664],[129.207680674147,35.8433451026966],[129.207680674153,35.8433451026965],[129.207680674166,35.8433451026965],[129.207680674173,35.8433451026965],[129.207900185999,35.8433452582434],[129.20790082579,35.8433409776633],[129.207900825798,35.8433409776206],[129.207900825816,35.8433409775352],[129.207900825839,35.8433409774503],[129.207900825867,35.8433409773667],[129.207900825899,35.8433409772848],[129.207900825937,35.8433409772038],[129.20790082598,35.843340977124],[129.207900826026,35.8433409770463],[129.207900826078,35.843340976971],[129.207900826134,35.8433409768973],[129.207900826194,35.8433409768258],[129.207900826258,35.8433409767568],[129.207900826327,35.8433409766903],[129.207900826399,35.8433409766267],[129.207900826475,35.8433409765661],[129.207900826554,35.8433409765085],[129.207900826637,35.8433409764538],[129.207900826723,35.8433409764026],[129.207900826811,35.843340976355],[129.207900826902,35.8433409763108],[129.207900826996,35.84334097627],[129.207900827093,35.8433409762331],[129.207900827191,35.8433409762],[129.207900827291,35.8433409761708],[129.207900827392,35.8433409761455],[129.207900827496,35.8433409761242],[129.2079008276,35.8433409761069],[129.207900827705,35.8433409760938],[129.207900827811,35.8433409760848],[129.207900827917,35.8433409760799],[129.20790082797,35.8433409760785],[129.208339195779,35.8433380770139],[129.208340487496,35.8433321914081],[129.208340487507,35.843332191365],[129.208340487531,35.8433321912793],[129.208340487561,35.8433321911948],[129.208340487595,35.8433321911114],[129.208340487634,35.8433321910291],[129.208340487679,35.8433321909488],[129.208340487727,35.8433321908708],[129.208340487781,35.8433321907943],[129.208340487839,35.8433321907202],[129.208340487901,35.8433321906484],[129.208340487968,35.843332190579],[129.208340488039,35.8433321905125],[129.208340488113,35.843332190449],[129.208340488192,35.8433321903884],[129.208340488274,35.8433321903311],[129.208340488359,35.8433321902771],[129.208340488447,35.8433321902264],[129.208340488539,35.8433321901794],[129.208340488632,35.8433321901361],[129.208340488729,35.8433321900965],[129.208340488828,35.8433321900608],[129.208340488928,35.8433321900291],[129.208340489031,35.8433321900014],[129.208340489135,35.8433321899778],[129.20834048924,35.8433321899585],[129.208340489347,35.8433321899433],[129.208340489454,35.8433321899323],[129.208340489562,35.8433321899256],[129.208340489615,35.8433321899234],[129.208392408618,35.8433310369522],[129.208393719127,35.8433283600124],[129.208393719148,35.843328359972],[129.208393719193,35.8433283598921],[129.208393719242,35.8433283598139],[129.208393719297,35.8433283597379],[129.208393719355,35.8433283596642],[129.208393719418,35.8433283595928],[129.208393719485,35.8433283595238],[129.208393719557,35.8433283594578],[129.208393719632,35.8433283593948],[129.208393719711,35.8433283593347],[129.208393719793,35.8433283592778],[129.208393719879,35.8433283592243],[129.208393719967,35.8433283591742],[129.208393720059,35.8433283591277],[129.208393720153,35.843328359085],[129.20839372025,35.843328359046],[129.208393720349,35.8433283590108],[129.20839372045,35.8433283589797],[129.208393720552,35.8433283589526],[129.208393720656,35.8433283589296],[129.208393720762,35.8433283589107],[129.208393720869,35.8433283588961],[129.208393720976,35.8433283588857],[129.208393721083,35.8433283588796],[129.208393721137,35.8433283588777],[129.208605327018,35.8433247762294],[129.208605974478,35.8433188909054],[129.208605974484,35.8433188908618],[129.208605974499,35.8433188907747],[129.208605974519,35.8433188906881],[129.208605974544,35.8433188906026],[129.208605974574,35.8433188905183],[129.20860597461,35.8433188904352],[129.20860597465,35.8433188903538],[129.208605974695,35.8433188902738],[129.208605974745,35.843318890196],[129.208605974799,35.8433188901201],[129.208605974858,35.8433188900463],[129.208605974921,35.843318889975],[129.208605974989,35.8433188899064],[129.20860597506,35.8433188898405],[129.208605975136,35.8433188897776],[129.208605975215,35.8433188897177],[129.208605975298,35.8433188896608],[129.208605975383,35.8433188896075],[129.208605975472,35.8433188895578],[129.208605975564,35.8433188895115],[129.208605975658,35.8433188894688],[129.208605975755,35.8433188894301],[129.208605975854,35.8433188893952],[129.208605975956,35.8433188893643],[129.208605976058,35.8433188893375],[129.208605976163,35.8433188893147],[129.208605976268,35.8433188892961],[129.208605976375,35.8433188892818],[129.208605976482,35.8433188892717],[129.208605976589,35.8433188892658],[129.208605976644,35.843318889264],[129.208901056,35.8433146399491],[129.208979915141,35.8433128997597],[129.209016715735,35.8433112224103],[129.209019664247,35.8432670127032],[129.209015534849,35.8431477393683],[129.209008927599,35.8429568489037],[129.209008927599,35.8429568488991],[129.209008927599,35.8429568488988],[129.209008834299,35.8429539456235],[129.209008834299,35.8429539456154],[129.209008834298,35.8429539455985],[129.209008834298,35.8429539455897],[129.209007915505,35.842852872891],[129.20899439592,35.8428083027875],[129.20899221774,35.8428011146333],[129.20899221773,35.8428011145979],[129.208992217712,35.8428011145263],[129.208992217697,35.8428011144537],[129.208992217687,35.8428011143812],[129.208992217682,35.8428011143452],[129.208981244238,35.84268939722],[129.208981244237,35.842689397205],[129.208981244235,35.8426893971752],[129.208981244234,35.8426893971604],[129.208978842665,35.8426475462491],[129.208976598399,35.8426081758064],[129.208976598398,35.8426081757728],[129.208976598397,35.8426081757047],[129.208976598399,35.8426081756362],[129.208976598405,35.8426081755683],[129.208976598409,35.8426081755344],[129.208987336583,35.8425249794384],[129.208983789067,35.8425012379555],[129.208983789065,35.8425012379362],[129.20898378906,35.8425012378968],[129.208983789058,35.8425012378767],[129.20896972037,35.8423529534219],[129.208969720369,35.8423529534185],[129.208969720369,35.8423529534126],[129.208969720369,35.84235295341],[129.208956644819,35.8422022406293],[129.208956644817,35.8422022405986],[129.208956644814,35.8422022405374],[129.208956644813,35.8422022405068],[129.208956634868,35.8421990421758],[129.208955202551,35.8421467364221],[129.208955202551,35.8421467363787],[129.208955202554,35.8421467362923],[129.208955202561,35.8421467362063],[129.208955202574,35.8421467361206],[129.208955202592,35.8421467360355],[129.208955202615,35.8421467359511],[129.208955202643,35.8421467358676],[129.208955202676,35.8421467357854],[129.208955202713,35.8421467357044],[129.208955202756,35.8421467356252],[129.208955202802,35.8421467355478],[129.208955202854,35.8421467354722],[129.208955202909,35.8421467353987],[129.208955202969,35.8421467353275],[129.208955203034,35.8421467352584],[129.208955203102,35.8421467351921],[129.208955203174,35.842146735129],[129.208955203249,35.8421467350683],[129.208955203328,35.8421467350105],[129.208955203411,35.8421467349561],[129.208955203496,35.842146734905],[129.208955203584,35.8421467348572],[129.208955203676,35.8421467348128],[129.208955203769,35.8421467347721],[129.208955203865,35.8421467347351],[129.208955203963,35.842146734702],[129.208955204063,35.8421467346727],[129.208955204165,35.8421467346473],[129.208955204267,35.8421467346259],[129.208955204371,35.8421467346085],[129.208955204477,35.8421467345952],[129.208955204582,35.842146734586],[129.208955204635,35.8421467345825],[129.208993500446,35.8421449097059],[129.209006469983,35.8421442924952],[129.209006470008,35.8421442924943],[129.209006470056,35.8421442924929],[129.209006470079,35.8421442924924],[129.209138806187,35.8421426677243],[129.209485599343,35.8421317495066],[129.209485599398,35.842131749506],[129.20948559951,35.8421317495071],[129.209485599621,35.8421317495127],[129.209485599732,35.8421317495228],[129.209485599841,35.8421317495375],[129.20948559995,35.8421317495567],[129.209485600058,35.8421317495803],[129.209485600164,35.8421317496083],[129.209485600268,35.8421317496405],[129.20948560037,35.842131749677],[129.20948560047,35.8421317497179],[129.209485600567,35.8421317497626],[129.20948560066,35.8421317498109],[129.209485600751,35.8421317498633],[129.209485600839,35.8421317499195],[129.209485600923,35.842131749979],[129.209485601003,35.8421317500418],[129.209485601079,35.842131750108],[129.209485601151,35.8421317501772],[129.209485601219,35.8421317502492],[129.209485601282,35.842131750324],[129.209485601341,35.8421317504012],[129.209485601394,35.8421317504805],[129.209485601443,35.8421317505621],[129.209485601487,35.8421317506459],[129.209485601525,35.8421317507311],[129.209485601558,35.8421317508173],[129.209485601585,35.8421317509052],[129.209485601608,35.8421317509943],[129.209485601624,35.842131751084],[129.209485601635,35.8421317511743],[129.209485601641,35.842131751265],[129.209485601642,35.8421317513101],[129.209485491031,35.8422025821276],[129.209485410136,35.8422542666567],[129.209485410135,35.8422542666892],[129.209485410132,35.8422542667541],[129.20948541013,35.8422542667866],[129.209479632797,35.842318228589],[129.209478674909,35.8423753245716],[129.209478674907,35.8423753246165],[129.2094786749,35.8423753247063],[129.209478674887,35.8423753247958],[129.209478674869,35.8423753248846],[129.209478674846,35.8423753249721],[129.209478674817,35.842375325059],[129.209478674783,35.842375325145],[129.209478674744,35.8423753252292],[129.2094786747,35.8423753253112],[129.20947867465,35.8423753253917],[129.209478674596,35.8423753254702],[129.209478674537,35.8423753255463],[129.209478674474,35.8423753256197],[129.209478674406,35.8423753256907],[129.209478674333,35.8423753257589],[129.209478674257,35.842375325824],[129.209478674177,35.8423753258858],[129.209478674093,35.8423753259443],[129.209478674005,35.8423753259994],[129.209478673915,35.8423753260508],[129.209478673821,35.8423753260983],[129.209478673725,35.8423753261421],[129.209478673625,35.8423753261821],[129.209478673524,35.8423753262179],[129.209478673421,35.8423753262494],[129.209478673316,35.8423753262768],[129.209478673209,35.8423753262998],[129.209478673101,35.8423753263185],[129.209478672992,35.8423753263327],[129.209478672882,35.8423753263426],[129.209478672827,35.8423753263464],[129.20931019511,35.842383476784],[129.209328874042,35.8426484819732],[129.209379473662,35.8426466802851],[129.209612072937,35.8426383934352],[129.209614043026,35.842595554356],[129.20961404303,35.8425955543114],[129.209614043039,35.8425955542224],[129.209614043054,35.8425955541336],[129.209614043075,35.8425955540458],[129.2096140431,35.8425955539591],[129.209614043131,35.8425955538733],[129.209614043167,35.8425955537888],[129.209614043209,35.8425955537059],[129.209614043255,35.8425955536249],[129.209614043306,35.8425955535457],[129.209614043362,35.8425955534685],[129.209614043422,35.8425955533939],[129.209614043487,35.842595553322],[129.209614043556,35.8425955532526],[129.20961404363,35.8425955531862],[129.209614043707,35.8425955531227],[129.209614043788,35.8425955530624],[129.209614043873,35.8425955530055],[129.209614043961,35.8425955529522],[129.209614044052,35.8425955529024],[129.209614044146,35.8425955528562],[129.209614044243,35.8425955528141],[129.209614044342,35.8425955527759],[129.209614044444,35.8425955527417],[129.209614044548,35.8425955527116],[129.209614044653,35.8425955526858],[129.209614044759,35.8425955526643],[129.209614044867,35.8425955526471],[129.209614044975,35.8425955526343],[129.209614045085,35.8425955526258],[129.20961404514,35.8425955526227],[129.209698966125,35.8425924492438],[129.209698479555,35.8425627168295],[129.209698385298,35.8425569333039],[129.209698385298,35.8425569332985],[129.209698385298,35.8425569332899],[129.209698385298,35.8425569332867],[129.209697773001,35.8424233969431],[129.209697773003,35.842423396898],[129.209697773008,35.8424233968078],[129.209697773018,35.8424233967176],[129.209697773035,35.8424233966283],[129.209697773056,35.8424233965398],[129.209697773084,35.8424233964522],[129.209697773116,35.8424233963661],[129.209697773154,35.8424233962811],[129.209697773197,35.8424233961976],[129.209697773245,35.8424233961162],[129.209697773298,35.8424233960366],[129.209697773356,35.8424233959594],[129.209697773418,35.842423395885],[129.209697773485,35.842423395813],[129.209697773556,35.8424233957439],[129.209697773632,35.8424233956777],[129.209697773711,35.8424233956145],[129.209697773794,35.8424233955548],[129.209697773881,35.8424233954988],[129.209697773971,35.8424233954461],[129.209697774065,35.8424233953971],[129.209697774161,35.842423395352],[129.20969777426,35.8424233953109],[129.209697774361,35.842423395274],[129.209697774464,35.8424233952413],[129.20969777457,35.8424233952128],[129.209697774676,35.8424233951886],[129.209697774785,35.8424233951689],[129.209697774894,35.8424233951535],[129.209697775004,35.8424233951426],[129.20969777506,35.8424233951383],[129.209828031909,35.8424159143504],[129.20982971912,35.8422775889119],[129.20982649884,35.8421947841608],[129.209823561342,35.842119272014],[129.209823561342,35.8421192719701],[129.209823561343,35.8421192718826],[129.20982356135,35.8421192717956],[129.209823561363,35.8421192717087],[129.20982356138,35.8421192716223],[129.209823561403,35.8421192715367],[129.20982356143,35.8421192714523],[129.209823561463,35.842119271369],[129.2098235615,35.8421192712871],[129.209823561542,35.8421192712067],[129.20982356159,35.842119271128],[129.209823561641,35.8421192710513],[129.209823561698,35.8421192709768],[129.209823561758,35.8421192709046],[129.209823561823,35.8421192708349],[129.209823561892,35.8421192707678],[129.209823561965,35.8421192707034],[129.209823562041,35.842119270642],[129.209823562121,35.842119270584],[129.209823562205,35.8421192705289],[129.209823562292,35.8421192704771],[129.209823562381,35.842119270429],[129.209823562474,35.8421192703846],[129.209823562569,35.8421192703437],[129.209823562666,35.8421192703066],[129.209823562766,35.8421192702734],[129.209823562867,35.8421192702442],[129.209823562969,35.8421192702191],[129.209823563074,35.842119270198],[129.209823563179,35.842119270181],[129.209823563285,35.8421192701683],[129.209823563392,35.8421192701598],[129.209823563446,35.8421192701566],[129.209973728276,35.8421132564902],[129.210015951212,35.8421113808008],[129.210095747773,35.8421077712825],[129.21015170449,35.8421052411938],[129.210358058362,35.8420958155733],[129.210358058364,35.8420958155732],[129.210358058365,35.8420958155731],[129.210542283416,35.842087645829],[129.210761625452,35.8420779092813],[129.21079613362,35.842076398297],[129.210872311296,35.8420730209965],[129.211013444984,35.8420667632279],[129.211013444988,35.8420667632277],[129.211013444998,35.8420667632273],[129.211013445003,35.8420667632271],[129.211617267198,35.8420441826532],[129.211683638317,35.8420417189819],[129.211683251891,35.8420084377837],[129.211679881242,35.8417421692343],[129.211679881242,35.8417421692263],[129.211679881241,35.841742169211],[129.211679881242,35.8417421692038],[129.211681506947,35.841543837918],[129.211682733548,35.8413965889755],[129.211685512055,35.8410632348975],[129.211686903095,35.8408962797207],[129.211688641658,35.8403427098244],[129.211688749398,35.8403079495051],[129.21168893023,35.840250881653],[129.211689469316,35.8400984787372],[129.211689469316,35.8400984787109],[129.211689469318,35.8400984786581],[129.21168946932,35.8400984786317],[129.211689583663,35.8400969661122],[129.211689583668,35.8400969660692],[129.211689583679,35.8400969659832],[129.211689583696,35.8400969658973],[129.211689583718,35.8400969658126],[129.211689583744,35.8400969657294],[129.211689583776,35.8400969656468],[129.211689583812,35.8400969655653],[129.211689583854,35.8400969654856],[129.211689583899,35.8400969654075],[129.21168958395,35.8400969653313],[129.211689584004,35.8400969652574],[129.211689584063,35.8400969651854],[129.211689584127,35.8400969651158],[129.211689584194,35.8400969650488],[129.211689584265,35.8400969649846],[129.21168958434,35.8400969649231],[129.211689584418,35.8400969648648],[129.2116895845,35.8400969648095],[129.211689584585,35.8400969647574],[129.211689584673,35.8400969647088],[129.211689584764,35.8400969646637],[129.211689584857,35.8400969646221],[129.211689584952,35.8400969645842],[129.21168958505,35.8400969645501],[129.21168958515,35.8400969645199],[129.211689585251,35.8400969644936],[129.211689585353,35.8400969644713],[129.211689585457,35.840096964453],[129.211689585562,35.8400969644388],[129.211689585668,35.8400969644287],[129.211689585774,35.8400969644228],[129.21168958588,35.840096964421],[129.211689585986,35.8400969644233],[129.211689586092,35.8400969644298],[129.211689586198,35.8400969644405],[129.211689586302,35.8400969644552],[129.211689586406,35.840096964474],[129.211689586508,35.8400969644969],[129.211689586559,35.8400969645093],[129.212104263774,35.8402070876105],[129.212115392342,35.8402096970478],[129.212144443094,35.8402156239506],[129.212167622456,35.8402203717215],[129.212167622493,35.8402203717295],[129.212167622566,35.8402203717467],[129.212167622603,35.8402203717558],[129.212319398878,35.8402606701308],[129.212319398887,35.8402606701331],[129.212319398906,35.8402606701383],[129.212319398915,35.8402606701411],[129.212454190528,35.8402986526079],[129.212458654187,35.8402998530704],[129.21269006204,35.8403591432742],[129.212690062051,35.8403591432771],[129.212690062075,35.8403591432833],[129.212690062087,35.8403591432866],[129.213020815847,35.8404504930223],[129.213020815849,35.8404504930227],[129.213020815855,35.8404504930244],[129.21302081586,35.8404504930258],[129.213388902915,35.8405542000113],[129.213388902922,35.8405542000133],[129.213388902925,35.8405542000141],[129.213510788961,35.840588989049],[129.213717224922,35.8406479078961],[129.21371722497,35.8406479079109],[129.213717225066,35.8406479079422],[129.213717225113,35.8406479079588],[129.213969393759,35.8407420917456],[129.214011637905,35.8407578697358],[129.21402044387,35.8407611615437],[129.214099952242,35.8407908473996],[129.214099952268,35.8407908474096],[129.21409995232,35.8407908474301],[129.214099952345,35.8407908474406],[129.21444144028,35.8409361789206],[129.214487578529,35.8409558104526],[129.214516758743,35.8409682286691],[129.21460374449,35.841005250012],[129.214621309912,35.8410116987487],[129.214809202445,35.8410702530359],[129.214823719852,35.8410741633507],[129.215017939119,35.8411185113937],[129.215031091353,35.8411210493454],[129.21511696547,35.8411346407788],[129.215117402704,35.8411347094851],[129.215149161007,35.8411396639758],[129.215203496559,35.8411481380474],[129.21529701147,35.8411627325296],[129.215302498958,35.8411635114779],[129.215322650889,35.8411660892443],[129.215323348026,35.8411661771845],[129.215388287592,35.8411742539724],[129.21540059763,35.841175404218],[129.215524720729,35.8411831953136],[129.215544726741,35.8411834665665],[129.215694173035,35.841178153266],[129.215704895193,35.8411774882753],[129.216142469231,35.8411387107295],[129.216149572959,35.8411379546052],[129.216366844961,35.8411109343395],[129.2169479509,35.8410384142295],[129.216952885274,35.8410377363098],[129.217149662616,35.8410082118089],[129.217149662671,35.8410082118019],[129.21714966278,35.8410082117901],[129.217149662889,35.8410082117827],[129.217149662999,35.8410082117797],[129.217149663109,35.8410082117812],[129.217149663219,35.8410082117871],[129.217149663328,35.8410082117975],[129.217149663437,35.8410082118123],[129.217149663544,35.8410082118315],[129.217149663651,35.841008211855],[129.217149663755,35.8410082118827],[129.217149663858,35.8410082119146],[129.217149663958,35.8410082119505],[129.217149664057,35.8410082119906],[129.217149664153,35.8410082120347],[129.217149664246,35.8410082120825],[129.217149664336,35.8410082121342],[129.217149664423,35.8410082121894],[129.217149664506,35.8410082122478],[129.217149664585,35.8410082123097],[129.217149664661,35.8410082123747],[129.217149664733,35.8410082124427],[129.2171496648,35.8410082125136],[129.217149664863,35.8410082125871],[129.217149664921,35.8410082126629],[129.217149664975,35.8410082127411],[129.217149665024,35.8410082128212],[129.217149665068,35.8410082129033],[129.217149665107,35.8410082129869],[129.21714966514,35.8410082130722],[129.217149665169,35.8410082131591],[129.217149665192,35.8410082132466],[129.21714966521,35.841008213335],[129.217149665222,35.841008213424],[129.217149665229,35.8410082135132],[129.217149665231,35.8410082136028],[129.217149665227,35.8410082136924],[129.217149665217,35.8410082137816],[129.217149665211,35.8410082138262],[129.217132348245,35.8411111916846],[129.217131829237,35.8411145994937],[129.217124850465,35.8411657309039],[129.217123933774,35.8411759894805],[129.217115307299,35.8413790115991],[129.21711520812,35.8413835323249],[129.217114673978,35.8417652546996],[129.217114673977,35.8417652547248],[129.217114673975,35.8417652547753],[129.217114673974,35.8417652548006],[129.217111976792,35.8418036293018],[129.217109034635,35.8418455326607],[129.217108787192,35.8418555116267],[129.21711352926,35.8420862412266],[129.217114230509,35.842120172904],[129.217114230509,35.8421201729123],[129.217114230509,35.8421201729284],[129.217114230509,35.8421201729363],[129.217113846271,35.8424099048221],[129.217113837454,35.8424189138416],[129.217113824542,35.8424263433956],[129.217113819687,35.8424328443799],[129.217113700485,35.8425196180635],[129.21711355759,35.8426247267058],[129.21711355759,35.8426247267127],[129.21711355759,35.8426247267268],[129.21711355759,35.842624726734],[129.217112248703,35.8426881803027],[129.21711144656,35.8427270892639],[129.217110398799,35.8427774793164],[129.217105007092,35.843038960147],[129.217103901392,35.8430925684843],[129.217103888128,35.8430933440785],[129.217103491353,35.8431225661414],[129.217102289995,35.84321031624],[129.217095209701,35.8437270601172],[129.217093675383,35.8438390706405],[129.217093680952,35.8438424491348],[129.217100715733,35.8442563714633],[129.217100715733,35.8442563714771],[129.217100715733,35.8442563715047],[129.217100715733,35.8442563715185],[129.217098213806,35.8443774048886],[129.217098206213,35.8443815523104],[129.217098838048,35.8444186989319],[129.217113605667,35.8452885390781],[129.217113605667,35.8452885390812],[129.217113605667,35.8452885390873],[129.217113605667,35.8452885390901],[129.217117792673,35.8457649734593],[129.217118035452,35.8457933495941],[129.217118037765,35.8457935894325],[129.217118066284,35.8457962461476],[129.217118066284,35.8457962461506],[129.217120368739,35.8460549896738],[129.217120368739,35.8460549896767],[129.217120368739,35.8460549896819],[129.217120368739,35.8460549896841],[129.21712066525,35.8462134722859],[129.217121033828,35.8464150518613],[129.217121035048,35.846415406525],[129.217121416737,35.8464909811557],[129.217124249135,35.8470589498255],[129.217124249135,35.8470589498272],[129.217124313183,35.8470826082089],[129.217124377678,35.847106431873],[129.217124377678,35.847106431875],[129.217124377678,35.8471064318772],[129.217124292415,35.8476022402489],[129.217124287551,35.8476495183885],[129.217124287783,35.8476497563284],[129.217124322903,35.84766681517],[129.217124591622,35.8478110489047],[129.217124648203,35.8478401278516],[129.217124696629,35.8478660755381],[129.217124696629,35.8478660755394],[129.217124696629,35.8478660755444],[129.217124696629,35.8478660755481],[129.217124627103,35.8478802158669],[129.217124246029,35.8479561502619],[129.217123965637,35.8480120464967],[129.217123006809,35.848203563254],[129.217123006809,35.8482035632783],[129.217123006807,35.848203563327],[129.217123006806,35.8482035633513],[129.217112880694,35.8483453482454],[129.217112028921,35.8483572053898],[129.217111401319,35.8483660875185],[129.217109674063,35.8483905531946],[129.21710965481,35.8483908256948],[129.217109654806,35.848390825738],[129.217109654795,35.8483908258239],[129.217109654778,35.8483908259092],[129.217109654757,35.8483908259938],[129.217109654731,35.8483908260775],[129.2171096547,35.8483908261601],[129.217109654664,35.8483908262412],[129.217109654624,35.8483908263211],[129.217109654578,35.8483908263994],[129.217109654528,35.8483908264757],[129.217109654474,35.8483908265499],[129.217109654415,35.8483908266219],[129.217109654353,35.8483908266915],[129.217109654286,35.8483908267586],[129.217109654215,35.8483908268231],[129.217109654141,35.8483908268847],[129.217109654063,35.8483908269432],[129.217109653982,35.8483908269988],[129.217109653897,35.8483908270513],[129.21710965381,35.8483908271003],[129.21710965372,35.8483908271457],[129.217109653627,35.8483908271876],[129.217109653532,35.8483908272258],[129.217109653435,35.8483908272603],[129.217109653335,35.848390827291],[129.217109653234,35.8483908273177],[129.217109653183,35.8483908273301],[129.217064756351,35.8484008184263],[129.217064756321,35.8484008184325],[129.217064756263,35.8484008184441],[129.217064756233,35.8484008184496],[129.217045283321,35.8484042330631],[129.217045283268,35.8484042330714],[129.21704528316,35.8484042330858],[129.217045283106,35.8484042330919],[129.217010200002,35.8484074948988],[129.217010199983,35.8484074949005],[129.217010199945,35.8484074949034],[129.217010199926,35.8484074949048],[129.216937363918,35.8484122131006],[129.216937363917,35.8484122131007],[129.216937363909,35.8484122131012],[129.216937363903,35.8484122131016],[129.216913766032,35.8484136069142],[129.216913766031,35.8484136069143],[129.216913766028,35.8484136069144],[129.216913766027,35.8484136069145],[129.216908198883,35.8484139235727],[129.216908198881,35.8484139235728],[129.216735703824,35.848423588064],[129.21673570382,35.8484235880642],[129.216735703813,35.8484235880646],[129.216735703811,35.8484235880647],[129.216510024131,35.8484351851035],[129.21651002411,35.8484351851044],[129.216510024067,35.8484351851059],[129.216510024046,35.8484351851065],[129.216492811317,35.8484355311203],[129.216492811249,35.84843553112],[129.216492811112,35.8484355311158],[129.216492811043,35.848435531112],[129.21648572548,35.8484349580414],[129.216485725434,35.8484349580369],[129.216485725342,35.8484349580262],[129.216485725251,35.8484349580125],[129.21648572516,35.8484349579956],[129.216485725115,35.8484349579864],[129.216479299836,35.8484335280811],[129.216479299774,35.8484335280658],[129.216479299652,35.8484335280322],[129.216479299532,35.848433527993],[129.216479299415,35.8484335279481],[129.216479299358,35.8484335279242],[129.216473647946,35.8484310141891],[129.216473647895,35.8484310141649],[129.216473647794,35.8484310141141],[129.216473647697,35.848431014059],[129.216473647603,35.8484310139997],[129.216473647557,35.848431013969],[129.216462889497,35.8484234175838],[129.216462889473,35.8484234175661],[129.216462889425,35.8484234175302],[129.216462889401,35.848423417512],[129.216448689287,35.8484121329063],[129.216443703039,35.848409888476],[129.216437745123,35.8484087999616],[129.216427526413,35.8484083401786],[129.216427526359,35.8484083401751],[129.21642752625,35.8484083401658],[129.216427526143,35.8484083401522],[129.216427526036,35.8484083401343],[129.21642752593,35.8484083401121],[129.216427525826,35.8484083400857],[129.216427525724,35.8484083400552],[129.216427525623,35.8484083400206],[129.216427525525,35.8484083399821],[129.216427525429,35.8484083399396],[129.216427525336,35.8484083398934],[129.216427525246,35.8484083398435],[129.216427525159,35.8484083397898],[129.216427525075,35.8484083397329],[129.216427524995,35.8484083396726],[129.216427524919,35.8484083396093],[129.216427524846,35.8484083395433],[129.216427524778,35.8484083394741],[129.216427524714,35.8484083394021],[129.216427524654,35.8484083393278],[129.216427524599,35.8484083392511],[129.216427524548,35.8484083391724],[129.216427524503,35.8484083390919],[129.216427524462,35.8484083390095],[129.216427524426,35.8484083389255],[129.216427524396,35.8484083388402],[129.216427524371,35.8484083387538],[129.216427524351,35.8484083386665],[129.216427524336,35.8484083385788],[129.216427524326,35.8484083384903],[129.216427524322,35.8484083384014],[129.216427524324,35.8484083383126],[129.216427524326,35.8484083382683],[129.216457266342,35.848013979699],[129.216459073127,35.847990030164],[129.216459756884,35.8479810163267],[129.216461417518,35.8479565543183],[129.216457609197,35.8479356249518],[129.216457609192,35.8479356249197],[129.216457609183,35.8479356248558],[129.216457609179,35.8479356248239],[129.216455191409,35.847909655014],[129.216455191406,35.8479096549501],[129.216455191405,35.8479096548223],[129.216455191407,35.8479096547583],[129.216458031877,35.8478748437366],[129.216458031883,35.8478748436891],[129.216458031897,35.8478748435944],[129.216458031917,35.8478748435005],[129.216458031943,35.8478748434075],[129.216458031957,35.8478748433613],[129.216467907275,35.8478466794693],[129.216467907282,35.847846679448],[129.216467907299,35.8478466794049],[129.216467907308,35.847846679383],[129.216481578239,35.8478139935208],[129.216488553397,35.8477939377816],[129.216489420988,35.8477873935457],[129.216488259587,35.8477792302286],[129.216488259587,35.8477792302263],[129.216488259587,35.8477792302228],[129.216488259586,35.8477792302216],[129.216487999584,35.8477773382564],[129.216485790984,35.8477710789697],[129.216468655706,35.8477585917169],[129.216446272685,35.8477504124477],[129.216421358766,35.8477435448161],[129.216421358713,35.8477435448004],[129.216421358609,35.8477435447667],[129.216421358557,35.8477435447488],[129.216403486114,35.8477369073223],[129.21640348606,35.8477369073008],[129.216403485953,35.8477369072555],[129.21640348585,35.8477369072056],[129.216403485751,35.8477369071512],[129.216403485702,35.8477369071229],[129.216391466155,35.847729547815],[129.216391466115,35.8477295477896],[129.216391466037,35.8477295477369],[129.216391465961,35.8477295476812],[129.21639146589,35.8477295476229],[129.216391465854,35.8477295475932],[129.216382067128,35.847721209684],[129.216382067095,35.8477212096534],[129.216382067031,35.8477212095912],[129.216382066971,35.8477212095271],[129.216382066914,35.8477212094605],[129.21638206686,35.8477212093918],[129.216382066811,35.8477212093213],[129.216382066766,35.8477212092491],[129.216382066725,35.8477212091753],[129.216382066687,35.8477212091001],[129.216382066654,35.8477212090236],[129.216382066639,35.8477212089851],[129.216374394918,35.8477004761659],[129.216374394909,35.8477004761422],[129.216374394893,35.8477004760942],[129.216374394886,35.84770047607],[129.216366106318,35.8476725969902],[129.216361389254,35.8476597443971],[129.21636007598,35.8476573229831],[129.216353672592,35.8476471952365],[129.216349582302,35.8476407135354],[129.216334053535,35.847624951387],[129.216317330138,35.8476137703731],[129.216317330089,35.8476137703382],[129.216317329994,35.8476137702663],[129.216317329904,35.8476137701902],[129.216317329819,35.8476137701097],[129.216317329778,35.8476137700683],[129.216302064701,35.8475973584275],[129.216285040614,35.8475809142201],[129.216261556121,35.8475583257685],[129.216261556085,35.847558325732],[129.216261556015,35.8475583256573],[129.216261555981,35.8475583256191],[129.216244809459,35.8475383210271],[129.216244809426,35.847538320986],[129.216244809365,35.8475383209028],[129.216244809335,35.8475383208607],[129.216232526982,35.8475195875953],[129.216228146672,35.847512907936],[129.216228146647,35.8475129078946],[129.216228146599,35.847512907811],[129.216228146556,35.8475129077256],[129.216228146518,35.8475129076384],[129.216228146486,35.84751290755],[129.21622814646,35.8475129074601],[129.216228146448,35.8475129074149],[129.216222713844,35.8474889982013],[129.216222713835,35.8474889981534],[129.21622271382,35.8474889980573],[129.216222713814,35.8474889980092],[129.216219087913,35.847449917153],[129.216212262273,35.8474184491206],[129.216205733176,35.8473905666933],[129.216190180219,35.847361709991],[129.216172624821,35.847345456748],[129.216151720679,35.8473352469375],[129.216105795537,35.8473196834649],[129.216083670703,35.8473126028096],[129.216083670646,35.8473126027898],[129.216083670534,35.8473126027477],[129.216083670424,35.8473126027004],[129.216083670317,35.8473126026482],[129.216083670215,35.8473126025911],[129.216083670116,35.8473126025296],[129.216083670068,35.8473126024978],[129.216068220803,35.8473017700309],[129.216068220765,35.847301770003],[129.216068220691,35.8473017699458],[129.21606822062,35.8473017698862],[129.216068220553,35.8473017698238],[129.216068220489,35.8473017697588],[129.216068220429,35.8473017696915],[129.216068220372,35.8473017696218],[129.21606822032,35.8473017695503],[129.216068220272,35.8473017694768],[129.216068220228,35.8473017694017],[129.216068220207,35.8473017693639],[129.216054355895,35.8472749281447],[129.216054355877,35.8472749281079],[129.216054355843,35.8472749280339],[129.216054355827,35.8472749279966],[129.216027872698,35.8472077234516],[129.216027872685,35.8472077234163],[129.216027872661,35.8472077233456],[129.21602787265,35.8472077233102],[129.216003982675,35.8471243122718],[129.215716174012,35.8471358026453],[129.215716174009,35.8471358026455],[129.215542621874,35.8471423306825],[129.215474118954,35.8471449126726],[129.215474118899,35.8471449126736],[129.215474118789,35.8471449126733],[129.215474118679,35.8471449126686],[129.21547411857,35.8471449126594],[129.215474118461,35.8471449126458],[129.215474118353,35.8471449126278],[129.215474118247,35.8471449126055],[129.215474118142,35.8471449125789],[129.215474118039,35.8471449125481],[129.215474117938,35.8471449125132],[129.215474117839,35.8471449124742],[129.215474117742,35.8471449124313],[129.215474117648,35.8471449123845],[129.215474117558,35.847144912334],[129.21547411747,35.84714491228],[129.215474117386,35.8471449122224],[129.215474117305,35.8471449121614],[129.215474117229,35.8471449120973],[129.215474117156,35.8471449120303],[129.215474117087,35.8471449119603],[129.215474117023,35.8471449118876],[129.215474116964,35.8471449118124],[129.215474116908,35.8471449117348],[129.215474116858,35.8471449116551],[129.215474116813,35.8471449115739],[129.215474116773,35.8471449114906],[129.215474116738,35.8471449114057],[129.215474116708,35.8471449113196],[129.215474116683,35.8471449112323],[129.215474116664,35.8471449111442],[129.21547411665,35.8471449110552],[129.215474116641,35.847144910966],[129.215474116638,35.8471449109214],[129.215472047633,35.84708345889],[129.215469641473,35.8470119582701],[129.215468202279,35.8469790735639],[129.215466351489,35.8469367453152],[129.215466067713,35.8469302027516],[129.215453787892,35.8466485121057],[129.21545353969,35.8466427984036],[129.215453363563,35.8466387343006],[129.215452997502,35.8466304791792],[129.21545251436,35.8466193589938],[129.215452514359,35.8466193589697],[129.215452514359,35.8466193589217],[129.215452514359,35.8466193588977],[129.215454497253,35.8465294015981],[129.215455248808,35.8464959834783],[129.21536356061,35.8464950561853],[129.215222374312,35.8464968485267],[129.214911767405,35.8465013757575],[129.214911767398,35.8465013757576],[129.214911767393,35.8465013757577],[129.214700653577,35.8465033832016],[129.214495621637,35.8465053314218],[129.214495621636,35.8465053314218],[129.214495621631,35.8465053314219],[129.214495621628,35.8465053314219],[129.214493607841,35.8465053439354],[129.214492921575,35.8465053537296],[129.214492921571,35.8465053537296],[129.214492921565,35.8465053537297],[129.214492921563,35.8465053537297],[129.214481851549,35.8465054639383],[129.214481851545,35.8465054639384],[129.214479339702,35.8465054862641],[129.214479339698,35.8465054862641],[129.214479339694,35.8465054862641],[129.214027928565,35.8465081162946],[129.214027998644,35.8465156923151],[129.214027998642,35.8465156923694],[129.214027998635,35.8465156924781],[129.214027998629,35.8465156925324],[129.214023872246,35.8465452336357],[129.214022209127,35.8466529004727],[129.214032643826,35.8467671053709],[129.214041329926,35.8468033113655],[129.214041329939,35.8468033114281],[129.214041329958,35.8468033115536],[129.214041329964,35.8468033116166],[129.214046107678,35.8468773855625],[129.214046107679,35.846877385607],[129.21404610768,35.8468773856959],[129.214046107675,35.8468773857845],[129.214046107664,35.846877385873],[129.214046107649,35.8468773859608],[129.214046107627,35.846877386048],[129.214046107601,35.8468773861341],[129.21404610757,35.8468773862192],[129.214046107533,35.846877386303],[129.214046107491,35.8468773863851],[129.214046107445,35.8468773864654],[129.214046107394,35.8468773865438],[129.214046107338,35.8468773866201],[129.214046107277,35.846877386694],[129.214046107212,35.8468773867655],[129.214046107143,35.8468773868342],[129.214046107069,35.8468773868999],[129.214046106992,35.8468773869627],[129.214046106911,35.8468773870222],[129.214046106827,35.8468773870786],[129.214046106739,35.8468773871316],[129.214046106648,35.8468773871809],[129.214046106555,35.8468773872262],[129.214046106459,35.846877387268],[129.21404610636,35.8468773873059],[129.214046106259,35.8468773873397],[129.214046106156,35.8468773873695],[129.214046106051,35.8468773873951],[129.214046105946,35.8468773874163],[129.214046105839,35.8468773874334],[129.214046105731,35.8468773874462],[129.214046105622,35.8468773874546],[129.214046105567,35.8468773874577],[129.213620834016,35.8468931184676],[129.213524433708,35.8469059423844],[129.213454884691,35.8469412808417],[129.213403123069,35.8469863837317],[129.213378054667,35.8470337554785],[129.213378054649,35.8470337555114],[129.213378054611,35.8470337555764],[129.213378054569,35.8470337556402],[129.213378054525,35.8470337557025],[129.213378054502,35.8470337557333],[129.213317909684,35.8471106748226],[129.213299287796,35.8471438563884],[129.213299287768,35.8471438564346],[129.213299287709,35.8471438565256],[129.213299287644,35.8471438566139],[129.213299287573,35.8471438566989],[129.213299287535,35.8471438567405],[129.213264912707,35.8471801244075],[129.213264912679,35.8471801244365],[129.21326491262,35.8471801244938],[129.213264912557,35.8471801245493],[129.213264912492,35.8471801246025],[129.213264912459,35.8471801246284],[129.213208185397,35.8472229205171],[129.213208185355,35.8472229205468],[129.213208185271,35.8472229206042],[129.213208185184,35.8472229206579],[129.213208185093,35.8472229207083],[129.213208185,35.847222920755],[129.213208184903,35.8472229207978],[129.213208184805,35.8472229208365],[129.213208184704,35.8472229208714],[129.2132081846,35.8472229209021],[129.213208184496,35.8472229209286],[129.21320818439,35.8472229209508],[129.213208184282,35.8472229209687],[129.213208184174,35.8472229209822],[129.213208184065,35.8472229209914],[129.21320818401,35.8472229209949],[129.213083255646,35.8472283400603],[129.213080322043,35.8472284711412],[129.213080321989,35.8472284711425],[129.213080321879,35.847228471143],[129.21308032177,35.8472284711391],[129.213080321661,35.8472284711308],[129.213080321553,35.8472284711181],[129.213080321446,35.8472284711011],[129.21308032134,35.8472284710799],[129.213080321235,35.8472284710543],[129.213080321132,35.8472284710245],[129.21308032103,35.8472284709906],[129.213080320932,35.8472284709529],[129.213080320835,35.8472284709111],[129.213080320741,35.8472284708654],[129.21308032065,35.847228470816],[129.213080320562,35.847228470763],[129.213080320478,35.8472284707066],[129.213080320397,35.8472284706469],[129.213080320319,35.8472284705839],[129.213080320246,35.8472284705181],[129.213080320177,35.8472284704493],[129.213080320111,35.8472284703775],[129.213080320051,35.8472284703035],[129.213080319995,35.8472284702272],[129.213080319943,35.8472284701486],[129.213080319897,35.8472284700678],[129.213080319855,35.8472284699855],[129.213080319819,35.8472284699018],[129.213080319787,35.8472284698165],[129.213080319773,35.8472284697735],[129.213058790196,35.8471574806916],[129.213005342449,35.847001477406],[129.212967419825,35.8468940251144],[129.212933090623,35.8468051697817],[129.212927918881,35.8467917950986],[129.212922859262,35.8467786910786],[129.212922735305,35.8467783845482],[129.212922735302,35.8467783845417],[129.212922735298,35.8467783845302],[129.212922735296,35.8467783845252],[129.212896853799,35.8467113762311],[129.212891550967,35.8466988039598],[129.212888277852,35.8466910239999],[129.212883596358,35.8466831920442],[129.212857038464,35.8466446011553],[129.212850548663,35.8466351685457],[129.212844824679,35.846626850076],[129.212839924785,35.8466197296555],[129.21283992476,35.8466197296166],[129.212839924711,35.8466197295373],[129.212839924688,35.8466197294969],[129.212836586713,35.846613517144],[129.212836586695,35.8466135171089],[129.212836586661,35.8466135170378],[129.212836586631,35.8466135169657],[129.212836586605,35.8466135168925],[129.212836586582,35.8466135168183],[129.212836586563,35.8466135167436],[129.212836586555,35.8466135167062],[129.212835578136,35.8466083817741],[129.212835578128,35.8466083817247],[129.212835578115,35.8466083816253],[129.212835578111,35.8466083815754],[129.212834881578,35.8465964864314],[129.212834881576,35.8465964864036],[129.212834881575,35.846596486348],[129.212834881575,35.8465964863203],[129.212836128165,35.846524203316],[129.212836128165,35.8465242033132],[129.212836128166,35.846524203306],[129.212836128166,35.8465242033015],[129.212836431446,35.8465130277149],[129.212836431449,35.846513027662],[129.21283643146,35.8465130275564],[129.212836431467,35.8465130275037],[129.212837848327,35.8465048235772],[129.212837848334,35.8465048235437],[129.212837848348,35.8465048234773],[129.212837848356,35.8465048234442],[129.212838857898,35.8465010534434],[129.212838857899,35.8465010534404],[129.212838857899,35.846501053439],[129.212841356743,35.8464918298262],[129.212843909794,35.8464823980981],[129.212846059304,35.8464744361774],[129.212860495706,35.8464087100931],[129.212860495707,35.8464087100892],[129.212860495709,35.8464087100813],[129.21286049571,35.8464087100773],[129.212860562559,35.8464084206611],[129.212863894987,35.8463926520781],[129.212866835931,35.8463787587539],[129.212866946471,35.8463782361852],[129.21287625169,35.8462971083257],[129.212882836959,35.8462342797857],[129.212885887051,35.8461871109409],[129.212886026738,35.8461849570991],[129.212887040048,35.8461669489193],[129.212887304544,35.8461622069409],[129.212889371262,35.846073386161],[129.212890087483,35.8459718141279],[129.21288831848,35.8458975998542],[129.212782996984,35.8458983352589],[129.212729985997,35.8459064039046],[129.212729985942,35.8459064039117],[129.212729985833,35.8459064039239],[129.212729985722,35.8459064039315],[129.212729985611,35.8459064039346],[129.212729985501,35.8459064039333],[129.212729985391,35.8459064039274],[129.21272998528,35.845906403917],[129.212729985171,35.8459064039021],[129.212729985063,35.845906403883],[129.212729984957,35.8459064038594],[129.212729984851,35.8459064038314],[129.212729984748,35.8459064037992],[129.212729984647,35.845906403763],[129.212729984548,35.8459064037226],[129.212729984451,35.845906403678],[129.212729984358,35.8459064036297],[129.212729984267,35.8459064035777],[129.21272998418,35.8459064035221],[129.212729984097,35.8459064034631],[129.212729984017,35.8459064034006],[129.212729983941,35.845906403335],[129.21272998387,35.8459064032664],[129.212729983802,35.8459064031949],[129.212729983739,35.8459064031208],[129.212729983681,35.8459064030444],[129.212729983627,35.8459064029656],[129.212729983579,35.8459064028847],[129.212729983535,35.845906402802],[129.212729983496,35.8459064027173],[129.212729983463,35.8459064026313],[129.212729983435,35.8459064025442],[129.212729983413,35.8459064024559],[129.212729983395,35.8459064023669],[129.212729983384,35.8459064022773],[129.212729983379,35.8459064022325],[129.212724478269,35.8458255251292],[129.212720938592,35.8457847056575],[129.212720938591,35.8457847056467],[129.21272093859,35.8457847056254],[129.212720938589,35.845784705615],[129.212718790769,35.8457474415952],[129.212718790768,35.8457474415848],[129.212718790768,35.8457474415667],[129.212718790767,35.8457474415589],[129.212713120744,35.84557477168],[129.212702171664,35.84534902881],[129.212700925448,35.8453232594635],[129.212683507227,35.8450392472409],[129.212683507227,35.8450392472383],[129.212683507227,35.8450392472347],[129.212678086661,35.8449442750015],[129.212678086661,35.844944274997],[129.212678086661,35.8449442749929],[129.212677722584,35.8449371277616],[129.212677571045,35.8449342000798],[129.212676801804,35.8449193851385],[129.212676579658,35.844915024655],[129.212275960506,35.845004752571],[129.212244406264,35.8450523838301],[129.212244406237,35.8450523838681],[129.212244406181,35.8450523839432],[129.212244406121,35.8450523840161],[129.212244406057,35.8450523840864],[129.212244405988,35.8450523841541],[129.212244405916,35.845052384219],[129.212244405839,35.8450523842809],[129.212244405759,35.8450523843398],[129.212244405676,35.8450523843952],[129.21224440559,35.8450523844474],[129.2122444055,35.8450523844963],[129.212244405408,35.8450523845415],[129.212244405313,35.8450523845828],[129.212244405216,35.8450523846205],[129.212244405166,35.8450523846384],[129.212185946111,35.8450722068151],[129.212185946063,35.8450722068303],[129.212185945966,35.845072206859],[129.212185945868,35.845072206884],[129.212185945768,35.8450722069052],[129.212185945667,35.8450722069226],[129.212185945565,35.845072206936],[129.212185945462,35.8450722069457],[129.212185945359,35.8450722069514],[129.212185945308,35.8450722069533],[129.211727942985,35.8450801922608],[129.211727942981,35.8450801922608],[129.211630849935,35.8450816414542],[129.2116309596,35.8450898856753],[129.211662360296,35.8452232066556],[129.211662360305,35.8452232066976],[129.21166236032,35.845223206782],[129.21166236033,35.845223206867],[129.211662360335,35.8452232069521],[129.211662360336,35.8452232069946],[129.211662410391,35.8453631328877],[129.21166241039,35.8453631329331],[129.211662410384,35.8453631330231],[129.211662410373,35.8453631331122],[129.211662410357,35.8453631332013],[129.211662410335,35.8453631332898],[129.211662410308,35.8453631333771],[129.211662410275,35.8453631334631],[129.211662410237,35.8453631335477],[129.211662410194,35.8453631336307],[129.211662410146,35.8453631337118],[129.211662410093,35.8453631337908],[129.211662410035,35.8453631338676],[129.211662409973,35.8453631339421],[129.211662409906,35.8453631340139],[129.211662409835,35.8453631340826],[129.211662409759,35.8453631341486],[129.211662409679,35.8453631342117],[129.211662409596,35.8453631342712],[129.21166240951,35.8453631343268],[129.21166240942,35.8453631343793],[129.211662409327,35.8453631344281],[129.211662409231,35.8453631344729],[129.211662409132,35.8453631345139],[129.211662409031,35.8453631345507],[129.211662408928,35.8453631345834],[129.211662408823,35.8453631346118],[129.211662408717,35.8453631346359],[129.211662408609,35.8453631346557],[129.2116624085,35.845363134671],[129.21166240839,35.8453631346819],[129.211662408279,35.8453631346883],[129.211662408169,35.8453631346902],[129.211662408113,35.84536313469],[129.211555872657,35.8453606319083],[129.211298355294,35.8453545815316],[129.21129835524,35.8453545815293],[129.211298355133,35.8453545815225],[129.211298355026,35.8453545815114],[129.21129835492,35.8453545814962],[129.211298354815,35.8453545814768],[129.211298354711,35.8453545814532],[129.211298354609,35.8453545814255],[129.211298354509,35.8453545813938],[129.21129835441,35.8453545813582],[129.211298354314,35.8453545813187],[129.211298354221,35.8453545812757],[129.21129835413,35.8453545812288],[129.211298354041,35.8453545811783],[129.211298353956,35.8453545811244],[129.211298353875,35.8453545810673],[129.211298353797,35.845354581007],[129.211298353722,35.8453545809437],[129.211298353652,35.8453545808775],[129.211298353585,35.8453545808083],[129.211298353522,35.8453545807368],[129.211298353465,35.8453545806631],[129.211298353411,35.845354580587],[129.211298353362,35.8453545805088],[129.211298353318,35.8453545804288],[129.211298353279,35.8453545803472],[129.211298353244,35.8453545802641],[129.211298353215,35.8453545801803],[129.211298353191,35.8453545800949],[129.211298353171,35.8453545800082],[129.211298353157,35.8453545799212],[129.211298353148,35.8453545798335],[129.211298353145,35.8453545797459],[129.211298353146,35.8453545796588],[129.211298353153,35.8453545795713],[129.211298353158,35.8453545795274],[129.21131477597,35.8452362109176],[129.21124408659,35.8452369221911],[129.211244086534,35.8452369221905],[129.211244086423,35.845236922187],[129.211244086312,35.8452369221791],[129.211244086202,35.8452369221666],[129.211244086092,35.8452369221495],[129.211244085984,35.845236922128],[129.211244085878,35.8452369221021],[129.211244085773,35.8452369220719],[129.21124408567,35.8452369220374],[129.211244085569,35.8452369219987],[129.211244085471,35.845236921956],[129.211244085375,35.8452369219093],[129.211244085283,35.8452369218588],[129.211244085194,35.8452369218046],[129.211244085108,35.8452369217467],[129.211244085026,35.8452369216853],[129.211244084948,35.8452369216207],[129.211244084874,35.8452369215529],[129.211244084804,35.8452369214825],[129.211244084739,35.8452369214091],[129.211244084678,35.8452369213329],[129.211244084622,35.8452369212545],[129.211244084571,35.8452369211742],[129.211244084525,35.8452369210917],[129.211244084484,35.8452369210071],[129.211244084448,35.8452369209211],[129.211244084418,35.845236920834],[129.211244084393,35.8452369207456],[129.211244084374,35.8452369206563],[129.21124408436,35.8452369205663],[129.211244084352,35.8452369204757],[129.21124408435,35.8452369203851],[129.21124408435,35.8452369203399],[129.211248097067,35.8451161496549],[129.211242633086,35.8451149955333],[129.211194015702,35.845104719617],[129.21119401565,35.8451047196048],[129.211194015546,35.8451047195783],[129.211194015444,35.8451047195479],[129.211194015344,35.8451047195133],[129.211194015246,35.8451047194747],[129.21119401515,35.8451047194322],[129.211194015057,35.8451047193859],[129.211194014967,35.8451047193359],[129.211194014881,35.8451047192828],[129.211194014797,35.845104719226],[129.211194014718,35.845104719166],[129.211194014641,35.8451047191029],[129.211194014569,35.8451047190364],[129.211194014501,35.8451047189674],[129.211194014437,35.8451047188959],[129.211194014377,35.8451047188218],[129.211194014322,35.8451047187454],[129.211194014272,35.845104718667],[129.211194014226,35.8451047185867],[129.211194014186,35.8451047185046],[129.21119401415,35.8451047184206],[129.211194014119,35.8451047183356],[129.211194014094,35.8451047182497],[129.211194014074,35.8451047181627],[129.211194014059,35.8451047180748],[129.211194014049,35.8451047179866],[129.211194014046,35.8451047179425],[129.211185170617,35.8449199790201],[129.211143237712,35.8449015402799],[129.211024001604,35.844906153971],[129.210921350452,35.8449101247899],[129.210921350398,35.8449101247909],[129.21092135029,35.8449101247907],[129.210921350182,35.8449101247863],[129.210921350074,35.8449101247776],[129.210921349967,35.8449101247646],[129.210921349861,35.8449101247474],[129.210921349756,35.8449101247259],[129.210921349652,35.8449101247002],[129.210921349551,35.8449101246707],[129.210921349451,35.844910124637],[129.210921349353,35.8449101245994],[129.210921349258,35.8449101245579],[129.210921349165,35.8449101245127],[129.210921349075,35.8449101244639],[129.210921348988,35.8449101244115],[129.210921348904,35.8449101243557],[129.210921348824,35.8449101242967],[129.210921348747,35.8449101242346],[129.210921348674,35.8449101241694],[129.210921348606,35.8449101241015],[129.210921348541,35.8449101240309],[129.210921348481,35.8449101239579],[129.210921348425,35.8449101238823],[129.210921348373,35.8449101238047],[129.210921348327,35.8449101237257],[129.210921348285,35.8449101236444],[129.210921348248,35.8449101235612],[129.210921348216,35.8449101234771],[129.21092134819,35.8449101233918],[129.210921348168,35.8449101233055],[129.210921348152,35.8449101232186],[129.210921348141,35.844910123131],[129.210921348136,35.844910123087],[129.210913183191,35.8447876529039],[129.210913183191,35.8447876528988],[129.21091318319,35.8447876528981],[129.210908715776,35.8447175697528],[129.210900832841,35.844595078384],[129.21076861218,35.8445986074239],[129.210768612175,35.844598607424],[129.210768612166,35.8445986074242],[129.210768612164,35.8445986074242],[129.210537738635,35.8446033643449],[129.210547597701,35.8451766124699],[129.2105516159,35.8454102864632],[129.210565613568,35.8454100871537],[129.210565613623,35.8454100871541],[129.210565613732,35.8454100871569],[129.210565613841,35.8454100871642],[129.210565613949,35.8454100871758],[129.210565614057,35.8454100871917],[129.210565614164,35.845410087212],[129.210565614269,35.8454100872366],[129.210565614372,35.8454100872654],[129.210565614474,35.8454100872982],[129.210565614574,35.8454100873351],[129.210565614671,35.8454100873761],[129.210565614765,35.8454100874208],[129.210565614857,35.8454100874693],[129.210565614946,35.8454100875215],[129.210565615031,35.8454100875772],[129.210565615113,35.8454100876362],[129.210565615191,35.8454100876982],[129.210565615266,35.8454100877635],[129.210565615336,35.8454100878319],[129.210565615402,35.8454100879029],[129.210565615464,35.8454100879764],[129.210565615521,35.8454100880524],[129.210565615574,35.8454100881304],[129.210565615621,35.8454100882105],[129.210565615664,35.8454100882929],[129.210565615702,35.8454100883765],[129.210565615735,35.8454100884614],[129.210565615762,35.8454100885476],[129.210565615784,35.8454100886347],[129.210565615801,35.8454100887228],[129.210565615813,35.8454100888114],[129.210565615819,35.8454100889004],[129.21056561582,35.8454100889449],[129.210566710984,35.8455542225595],[129.210566967078,35.8455879499769],[129.210566967078,35.845587950021],[129.210566967073,35.8455879501091],[129.210566967063,35.845587950197],[129.210566967048,35.8455879502843],[129.210566967027,35.8455879503709],[129.210566967002,35.8455879504566],[129.210566966971,35.8455879505412],[129.210566966935,35.8455879506245],[129.210566966895,35.8455879507062],[129.210566966849,35.8455879507862],[129.210566966799,35.8455879508643],[129.210566966744,35.8455879509403],[129.210566966684,35.8455879510139],[129.21056696662,35.8455879510852],[129.210566966552,35.8455879511539],[129.21056696648,35.8455879512197],[129.210566966404,35.8455879512826],[129.210566966325,35.8455879513423],[129.210566966241,35.845587951399],[129.210566966155,35.8455879514521],[129.210566966066,35.8455879515017],[129.210566965973,35.8455879515477],[129.210566965878,35.8455879515901],[129.21056696578,35.8455879516286],[129.210566965681,35.845587951663],[129.210566965579,35.8455879516936],[129.210566965476,35.84558795172],[129.210566965371,35.8455879517422],[129.210566965265,35.8455879517604],[129.210566965158,35.8455879517742],[129.21056696505,35.8455879517837],[129.210566964942,35.845587951789],[129.210566964888,35.8455879517905],[129.210456946928,35.8455889025529],[129.210289421043,35.845592601132],[129.210289421031,35.8455926011322],[129.210289421004,35.8455926011326],[129.21028942099,35.8455926011327],[129.210239222034,35.845592727109],[129.210163573773,35.845592917885],[129.210166649638,35.8458023524992],[129.210166899371,35.8458177454972],[129.210166899371,35.8458177455403],[129.210166899367,35.8458177456265],[129.210166899358,35.8458177457128],[129.210166899344,35.8458177457984],[129.210166899326,35.8458177458831],[129.210166899302,35.8458177459671],[129.210166899273,35.8458177460502],[129.21016689924,35.845817746132],[129.210166899201,35.8458177462124],[129.210166899158,35.8458177462913],[129.210166899111,35.8458177463686],[129.210166899059,35.8458177464437],[129.210166899002,35.8458177465166],[129.210166898942,35.8458177465874],[129.210166898877,35.8458177466557],[129.210166898808,35.8458177467214],[129.210166898736,35.8458177467845],[129.21016689866,35.8458177468446],[129.21016689858,35.8458177469015],[129.210166898497,35.8458177469553],[129.210166898412,35.8458177470059],[129.210166898323,35.8458177470531],[129.210166898231,35.8458177470968],[129.210166898137,35.8458177471368],[129.210166898041,35.8458177471732],[129.210166897943,35.8458177472057],[129.210166897843,35.8458177472344],[129.210166897742,35.8458177472592],[129.210166897639,35.8458177472799],[129.210166897535,35.8458177472967],[129.21016689743,35.8458177473094],[129.210166897325,35.8458177473179],[129.210166897272,35.8458177473212],[129.20970378488,35.8458372340153],[129.209684902523,35.8458380238036],[129.209315980016,35.8458535505699],[129.209210987767,35.8458579769534],[129.209022786028,35.8458663771291],[129.2090127031,35.8458668189623],[129.208992205237,35.8458677100536],[129.208986405503,35.8458679638415],[129.20885105001,35.8458769479672],[129.208851049999,35.8458769479679],[129.20885104998,35.8458769479691],[129.208851049971,35.8458769479696],[129.208782385059,35.8458805092554],[129.208767864433,35.8458812648044],[129.208720527362,35.84588370774],[129.208714240847,35.8458840333468],[129.208633002399,35.8458882746149],[129.208633002388,35.8458882746155],[129.208633002364,35.8458882746166],[129.208633002352,35.845888274617],[129.208417412563,35.8458957210576],[129.208407429334,35.8458960622582],[129.208407429319,35.8458960622586],[129.208407429288,35.8458960622594],[129.208407429271,35.8458960622596],[129.208372251993,35.8458964471174],[129.208265802752,35.8459025341051],[129.208265802736,35.8459025341059],[129.208265802705,35.8459025341073],[129.208265802689,35.8459025341079],[129.208254623393,35.8459029139389],[129.208173262796,35.8459070367343],[129.207888319969,35.8459214875885],[129.207888319939,35.8459214875897],[129.207888319878,35.8459214875914],[129.207888319848,35.8459214875919],[129.207873254543,35.8459215764612],[129.207814743422,35.8459219106465],[129.207742662867,35.8459233148491],[129.207742662857,35.8459233148492],[129.207742662837,35.8459233148495],[129.207742662828,35.8459233148495],[129.207722662963,35.8459234206785],[129.207724555957,35.8460727256959],[129.20772687144,35.8462314056226],[129.207726978102,35.8462388062457],[129.207727019173,35.8462414443255],[129.207727138062,35.846249673245],[129.207732803896,35.8466378502977],[129.207732803896,35.8466378502999],[129.207732803896,35.8466378503042],[129.207732803896,35.8466378503064],[129.207733592886,35.8467286489443],[129.207733751844,35.8467475752822],[129.207734539648,35.8468376987072],[129.207736462955,35.8469175740715],[129.207736624509,35.8469243329539],[129.20773855759,35.847004612057],[129.20774153553,35.8471286562923],[129.207742811918,35.8471813591179],[129.207742973473,35.8471881180003],[129.207744239973,35.8472410823978],[129.207744239973,35.8472410823998],[129.207744239973,35.8472410824057],[129.207744239973,35.8472410824097],[129.207745802982,35.8473400904851],[129.207778732875,35.8474333482915],[129.207778732889,35.8474333483354],[129.207778732914,35.8474333484233],[129.207778732934,35.8474333485119],[129.207778732948,35.8474333486014],[129.207778732957,35.8474333486915],[129.207778732961,35.8474333487818],[129.207778732958,35.8474333488719],[129.20777873295,35.847433348962],[129.207778732937,35.847433349052],[129.207778732918,35.8474333491409],[129.207778732894,35.8474333492288],[129.207778732864,35.8474333493158],[129.207778732829,35.8474333494016],[129.207778732789,35.8474333494857],[129.207778732743,35.8474333495681],[129.207778732693,35.8474333496486],[129.207778732638,35.8474333497266],[129.207778732578,35.8474333498025],[129.207778732513,35.8474333498761],[129.207778732444,35.8474333499467],[129.207778732371,35.8474333500144],[129.207778732293,35.8474333500791],[129.207778732212,35.8474333501406],[129.207778732127,35.8474333501987],[129.207778732039,35.847433350253],[129.207778731947,35.8474333503038],[129.207778731852,35.8474333503509],[129.207778731755,35.847433350394],[129.207778731655,35.8474333504331],[129.207778731552,35.8474333504681],[129.207778731448,35.8474333504988],[129.207778731342,35.8474333505252],[129.207778731235,35.8474333505473],[129.207778731126,35.847433350565],[129.207778731016,35.8474333505782],[129.207778730906,35.8474333505869],[129.20777873085,35.8474333505902],[129.207703155958,35.8474362207036],[129.207703155954,35.8474362207037],[129.207703155951,35.8474362207038],[129.207574593589,35.8474407490545],[129.20757459358,35.8474407490548],[129.207574593559,35.8474407490554],[129.207574593548,35.8474407490556],[129.207534540191,35.8474415428481],[129.207503807029,35.8474421509657],[129.207455246805,35.8474431071137],[129.207455246803,35.8474431071137],[129.2074552468,35.8474431071138],[129.207285824984,35.8474461568895],[129.207104010502,35.8474521897721],[129.20710401045,35.8474521897728],[129.207104010347,35.8474521897723],[129.207104010245,35.847452189768],[129.207104010142,35.8474521897597],[129.20710401004,35.8474521897475],[129.207104009939,35.8474521897316],[129.207104009889,35.8474521897226],[129.207101076823,35.8474516094394],[129.206967412665,35.8474567144655],[129.206858224834,35.8474608766029],[129.20682982043,35.8474619599011],[129.206829820423,35.8474619599014],[129.206829820412,35.8474619599017],[129.206829820408,35.8474619599019],[129.206611390511,35.8474684789121],[129.206407384702,35.8474752533005],[129.206407384648,35.8474752533013],[129.206407384541,35.8474752533006],[129.206407384433,35.8474752532957],[129.206407384326,35.8474752532865],[129.20640738422,35.847475253273],[129.206407384115,35.8474752532555],[129.206407384011,35.8474752532338],[129.206407383908,35.847475253208],[129.206407383807,35.8474752531781],[129.206407383708,35.8474752531444],[129.206407383611,35.8474752531067],[129.206407383516,35.8474752530653],[129.206407383424,35.8474752530201],[129.206407383335,35.8474752529714],[129.206407383249,35.8474752529192],[129.206407383165,35.8474752528636],[129.206407383086,35.8474752528048],[129.20640738301,35.8474752527429],[129.206407382938,35.8474752526782],[129.206407382869,35.8474752526107],[129.206407382805,35.8474752525406],[129.206407382745,35.847475252468],[129.20640738269,35.8474752523929],[129.206407382639,35.8474752523159],[129.206407382592,35.8474752522369],[129.206407382551,35.8474752521562],[129.206407382514,35.8474752520741],[129.206407382482,35.8474752519905],[129.206407382455,35.8474752519056],[129.206407382434,35.8474752518199],[129.206407382417,35.8474752517333],[129.206407382406,35.8474752516462],[129.206407382401,35.8474752516028],[129.206386599806,35.8471806953462],[129.206385811607,35.8471711435376],[129.206385023511,35.8471616998977],[129.20638502351,35.8471616998925],[129.20638502351,35.8471616998835],[129.206385023509,35.8471616998797],[129.206373331985,35.8469973765076],[129.206369424691,35.8469845678988],[129.206366164709,35.8469739117056],[129.206366164699,35.8469739116681],[129.20636616468,35.8469739115928],[129.206366164665,35.8469739115168],[129.206366164654,35.8469739114404],[129.20636616465,35.8469739114022],[129.206365765547,35.8469694961597],[129.206365765547,35.8469694961566],[129.206365765547,35.8469694961541],[129.206362742489,35.8469343971885],[129.206359524846,35.8469011201944],[129.206354576414,35.8468499046711],[129.206347378359,35.8467753977302],[129.206345174553,35.846752487895],[129.20633874848,35.8466856903551],[129.206335765774,35.8466546952936],[129.206335765773,35.8466546952919],[129.206335765773,35.8466546952886],[129.206335765773,35.8466546952871],[129.206327167422,35.8465609803345],[129.206327167422,35.8465609803292],[129.206327167421,35.846560980319],[129.206327167421,35.8465609803141],[129.206323847255,35.8465182661563],[129.206323847254,35.8465182661473],[129.206323847253,35.8465182661298],[129.206323847253,35.8465182661213],[129.206323556461,35.8465128595037],[129.20632355646,35.8465128594587],[129.206323556461,35.8465128593684],[129.206323556467,35.8465128592782],[129.206323556479,35.8465128591885],[129.206323556496,35.8465128590991],[129.206323556519,35.8465128590108],[129.206323556547,35.8465128589237],[129.20632355658,35.8465128588377],[129.206323556619,35.8465128587528],[129.206323556663,35.8465128586698],[129.206323556712,35.8465128585891],[129.206323556766,35.8465128585102],[129.206323556824,35.8465128584336],[129.206323556888,35.8465128583595],[129.206323556921,35.846512858323],[129.206337522629,35.8464981351375],[129.206337522665,35.8464981351019],[129.206337522738,35.8464981350322],[129.206337522816,35.8464981349656],[129.206337522898,35.8464981349023],[129.206337522983,35.8464981348425],[129.206337523072,35.8464981347863],[129.206337523165,35.8464981347338],[129.206337523261,35.8464981346853],[129.20633752336,35.8464981346408],[129.206337523461,35.8464981346005],[129.206337523565,35.8464981345646],[129.206337523671,35.8464981345329],[129.206337523779,35.8464981345055],[129.206337523888,35.8464981344827],[129.206337523998,35.8464981344645],[129.20633752411,35.846498134451],[129.206337524222,35.846498134442],[129.206337524335,35.8464981344377],[129.206337524391,35.8464981344368],[129.206524156368,35.8464988072082],[129.206837046679,35.8464992643939],[129.206947286657,35.8464952721935],[129.206949030781,35.8464687380113],[129.206958930832,35.8462812892068],[129.206958930832,35.8462812891999],[129.206958930833,35.8462812891965],[129.206967610646,35.8461340860028],[129.206432593157,35.8461513111317],[129.206428388176,35.8461516322901],[129.206428388132,35.8461516322927],[129.206428388045,35.8461516322965],[129.206428388002,35.8461516322977],[129.206410012736,35.8461518536421],[129.20634145286,35.846157539556],[129.206341452807,35.8461575395593],[129.2063414527,35.846157539564],[129.206341452592,35.8461575395644],[129.206341452485,35.8461575395606],[129.206341452378,35.8461575395525],[129.206341452272,35.8461575395402],[129.206341452166,35.8461575395237],[129.206341452062,35.8461575395031],[129.206341451959,35.8461575394784],[129.206341451858,35.8461575394496],[129.206341451758,35.846157539417],[129.206341451661,35.8461575393804],[129.206341451566,35.8461575393401],[129.206341451473,35.8461575392959],[129.206341451383,35.8461575392481],[129.206341451296,35.8461575391969],[129.206341451212,35.8461575391424],[129.206341451132,35.8461575390846],[129.206341451055,35.8461575390237],[129.206341450982,35.8461575389597],[129.206341450912,35.846157538893],[129.206341450847,35.8461575388237],[129.206341450786,35.8461575387516],[129.206341450729,35.8461575386774],[129.206341450677,35.8461575386011],[129.206341450629,35.8461575385227],[129.206341450586,35.8461575384428],[129.206341450548,35.8461575383611],[129.206341450515,35.8461575382782],[129.206341450487,35.8461575381939],[129.206341450464,35.8461575381082],[129.206341450446,35.846157538022],[129.206341450433,35.8461575379351],[129.206341450425,35.8461575378479],[129.206341450423,35.8461575378045],[129.206337240012,35.8460097143404],[129.206326364927,35.8456802891345],[129.206324742377,35.8456310204584],[129.206324442979,35.8456220079978],[129.206322833872,35.8455730564557],[129.206322510948,35.8455635133758],[129.20604202343,35.8455728445533],[129.205738238733,35.8456194531982],[129.205738345649,35.8456199132683],[129.205738345658,35.8456199133112],[129.205738345673,35.8456199133975],[129.205738345682,35.8456199134845],[129.205738345687,35.8456199135716],[129.205738345686,35.8456199136587],[129.20573834568,35.8456199137458],[129.205738345669,35.8456199138325],[129.205738345653,35.8456199139187],[129.205738345632,35.8456199140042],[129.205738345605,35.8456199140887],[129.205738345574,35.8456199141719],[129.205738345538,35.8456199142539],[129.205738345497,35.8456199143346],[129.205738345451,35.8456199144134],[129.205738345401,35.8456199144901],[129.205738345346,35.845619914565],[129.205738345286,35.8456199146376],[129.205738345223,35.8456199147078],[129.205738345155,35.8456199147754],[129.205738345084,35.8456199148402],[129.205738345008,35.8456199149021],[129.205738344929,35.845619914961],[129.205738344847,35.8456199150167],[129.205738344761,35.8456199150692],[129.205738344673,35.8456199151181],[129.205738344582,35.8456199151636],[129.205738344487,35.8456199152054],[129.205738344391,35.8456199152435],[129.205738344293,35.8456199152776],[129.205738344192,35.8456199153079],[129.20573834409,35.8456199153341],[129.205738343987,35.8456199153564],[129.205738343935,35.8456199153665],[129.20559212544,35.8456452390344],[129.205592125414,35.8456452390386],[129.205592125362,35.8456452390466],[129.205592125336,35.8456452390503],[129.205575138964,35.845647495946],[129.205362764622,35.8456757183936],[129.205362764553,35.845675718401],[129.205362764415,35.8456757184121],[129.205362764347,35.8456757184159],[129.205345114309,35.84567624933],[129.20518394699,35.8456810963856],[129.205042928578,35.8456955943857],[129.205042928523,35.8456955943902],[129.205042928413,35.845695594397],[129.205042928302,35.8456955943993],[129.205042928191,35.8456955943971],[129.205042928136,35.8456955943949],[129.205039329398,35.8456953759258],[129.205020543419,35.8456943074425],[129.205020543417,35.8456943074424],[129.205019201993,35.8456942291198],[129.205019201934,35.845694229115],[129.205019201815,35.8456942291028],[129.205019201698,35.8456942290854],[129.205019201581,35.8456942290629],[129.205019201467,35.8456942290353],[129.205019201354,35.8456942290027],[129.205019201299,35.8456942289852],[129.205013662508,35.8456923459593],[129.20498605556,35.8456835858412],[129.20498605552,35.8456835858278],[129.204986055441,35.8456835857999],[129.204986055402,35.8456835857854],[129.204942831624,35.8456666166857],[129.204904889172,35.8456634915517],[129.204862362934,35.8456646278428],[129.204782639206,35.8456719713735],[129.204782639152,35.8456719713774],[129.204782639044,35.845671971383],[129.204782638936,35.8456719713843],[129.204782638828,35.8456719713813],[129.20478263872,35.8456719713739],[129.204782638612,35.8456719713623],[129.204782638506,35.8456719713465],[129.204782638401,35.8456719713264],[129.204782638296,35.8456719713021],[129.204782638194,35.8456719712737],[129.204782638093,35.8456719712414],[129.204782637995,35.8456719712049],[129.204782637898,35.8456719711646],[129.204782637804,35.8456719711205],[129.204782637713,35.8456719710727],[129.204782637625,35.8456719710214],[129.20478263754,35.8456719709666],[129.204782637459,35.8456719709085],[129.204782637381,35.8456719708473],[129.204782637307,35.845671970783],[129.204782637237,35.8456719707159],[129.204782637171,35.845671970646],[129.204782637109,35.8456719705735],[129.204782637052,35.8456719704987],[129.204782636999,35.8456719704217],[129.204782636951,35.8456719703426],[129.204782636908,35.845671970262],[129.204782636869,35.8456719701796],[129.204782636836,35.8456719700953],[129.204782636807,35.8456719700102],[129.204782636784,35.8456719699245],[129.204782636766,35.8456719698375],[129.204782636754,35.8456719697498],[129.204782636746,35.8456719696619],[129.204782636744,35.8456719696177],[129.20478173231,35.8456344786147],[129.20478147109,35.8456232587575],[129.204780554667,35.8455851559042],[129.204773797147,35.8455397888194],[129.204765442275,35.845497128951],[129.204765442268,35.8454971289127],[129.204765442257,35.8454971288359],[129.204765442253,35.8454971287974],[129.204763277193,35.8454727985237],[129.204763277191,35.8454727984948],[129.204763277188,35.8454727984372],[129.204763277187,35.8454727984084],[129.204762907852,35.8454366141863],[129.204762614203,35.8454082069563],[129.204762570696,35.8454040551755],[129.204712601278,35.8454192620796],[129.204712601233,35.8454192620923],[129.204712601143,35.8454192621161],[129.204712601098,35.8454192621273],[129.20468643733,35.8454252091135],[129.204686437309,35.8454252091181],[129.204686437267,35.845425209127],[129.204686437246,35.8454252091312],[129.204637922003,35.845434574399],[129.204637921959,35.8454345744068],[129.204637921869,35.845434574421],[129.204637921824,35.8454345744273],[129.204503881095,35.8454510768697],[129.204492704401,35.8454524569684],[129.204483321147,35.8454536178002],[129.204478352843,35.8454542300875],[129.204478352836,35.8454542300883],[129.204478352823,35.8454542300899],[129.204478352816,35.8454542300907],[129.203896783193,35.8455199384207],[129.20389678314,35.8455199384256],[129.203896783033,35.8455199384334],[129.203896782925,35.845519938437],[129.203896782818,35.8455199384363],[129.203896782711,35.8455199384314],[129.203896782604,35.8455199384222],[129.203896782498,35.8455199384089],[129.203896782392,35.8455199383914],[129.203896782288,35.8455199383697],[129.203896782186,35.8455199383439],[129.203896782084,35.8455199383141],[129.203896781985,35.8455199382803],[129.203896781889,35.8455199382428],[129.203896781794,35.8455199382014],[129.203896781702,35.8455199381562],[129.203896781612,35.8455199381075],[129.203896781526,35.8455199380554],[129.203896781443,35.8455199379999],[129.203896781364,35.8455199379412],[129.203896781288,35.8455199378794],[129.203896781215,35.8455199378148],[129.203896781147,35.8455199377473],[129.203896781083,35.845519937677],[129.203896781023,35.8455199376044],[129.203896780967,35.8455199375297],[129.203896780916,35.8455199374527],[129.20389678087,35.8455199373736],[129.203896780828,35.845519937293],[129.203896780791,35.845519937211],[129.20389678076,35.8455199371274],[129.203896780745,35.8455199370853],[129.203896412713,35.8455187751106],[129.203891302932,35.8455115206667],[129.203877713992,35.845499917642],[129.203863455686,35.8454907760217],[129.203845065592,35.8454801992659],[129.203820747084,35.8454720386914],[129.203792277318,35.8454634077472],[129.203769737656,35.8454576595322],[129.203738888799,35.8454538456466],[129.203702150305,35.8454539069068],[129.203667768924,35.8454539653778],[129.203639122392,35.8454552388547],[129.203639122336,35.845455238856],[129.203639122224,35.8454552388564],[129.203639122113,35.8454552388522],[129.203639122002,35.8454552388434],[129.203639121892,35.8454552388302],[129.203639121783,35.8454552388124],[129.203639121675,35.8454552387902],[129.203639121568,35.8454552387635],[129.203639121463,35.8454552387324],[129.20363912136,35.8454552386972],[129.20363912126,35.845455238658],[129.203639121163,35.8454552386146],[129.203639121067,35.845455238567],[129.203639120975,35.8454552385157],[129.203639120886,35.8454552384607],[129.203639120801,35.8454552384022],[129.20363912072,35.8454552383403],[129.203639120642,35.8454552382751],[129.203639120569,35.8454552382068],[129.2036391205,35.8454552381355],[129.203639120435,35.8454552380616],[129.203639120375,35.8454552379851],[129.20363912032,35.8454552379064],[129.20363912027,35.8454552378254],[129.203639120225,35.8454552377421],[129.203639120185,35.8454552376573],[129.20363912015,35.8454552375713],[129.203639120121,35.8454552374838],[129.203639120097,35.8454552373951],[129.203639120079,35.8454552373056],[129.203639120066,35.8454552372155],[129.203639120059,35.8454552371249],[129.203639120057,35.8454552370795],[129.203635482357,35.8452389703964],[129.203627637855,35.8447725291659],[129.203627637856,35.8447725291218],[129.20362763786,35.8447725290337],[129.203627637869,35.8447725289458],[129.203627637883,35.8447725288584],[129.203627637903,35.844772528772],[129.203627637928,35.8447725286862],[129.203627637958,35.8447725286012],[129.203627637993,35.8447725285177],[129.203627638032,35.8447725284362],[129.203627638077,35.844772528356],[129.203627638127,35.8447725282773],[129.203627638181,35.844772528201],[129.20362763824,35.8447725281271],[129.203627638303,35.8447725280554],[129.20362763837,35.8447725279864],[129.203627638442,35.8447725279201],[129.203627638517,35.8447725278568],[129.203627638596,35.8447725277966],[129.203627638678,35.8447725277394],[129.203627638764,35.8447725276857],[129.203627638853,35.8447725276356],[129.203627638945,35.8447725275889],[129.203627639039,35.8447725275461],[129.203627639137,35.844772527507],[129.203627639236,35.8447725274718],[129.203627639337,35.8447725274406],[129.20362763944,35.8447725274135],[129.203627639545,35.8447725273905],[129.20362763965,35.8447725273718],[129.203627639757,35.8447725273572],[129.203627639865,35.8447725273469],[129.203627639973,35.8447725273409],[129.203627640027,35.844772527339],[129.203657847003,35.844772056602],[129.203681343918,35.8447716738082],[129.203677349999,35.8445912897116],[129.203673363478,35.8444112498782],[129.203672004857,35.8443498613455],[129.203672004857,35.844349861344],[129.203672004857,35.8443498613389],[129.203672004857,35.8443498613353],[129.203669399765,35.8441783940206],[129.203669399764,35.8441783940036],[129.203669399765,35.8441783939684],[129.203669399765,35.8441783939503],[129.203669585182,35.8441727245585],[129.203670420423,35.8441139976806],[129.203671379224,35.8440469167326],[129.203671290969,35.8440337850888],[129.203666408482,35.8438808513936],[129.203659047867,35.8436628966753],[129.203659047866,35.8436628966582],[129.203659047866,35.8436628966243],[129.203659047866,35.8436628966074],[129.203659912543,35.8435935884869],[129.203659912543,35.8435935884684],[129.203659912545,35.8435935884312],[129.203659912546,35.8435935884126],[129.203663254102,35.8435406993762],[129.203598906948,35.8435432227722],[129.203297350302,35.8435551396594],[129.203297350292,35.8435551396598],[129.203297350273,35.8435551396604],[129.203297350264,35.8435551396606],[129.203046808743,35.8435615628241],[129.20296732908,35.8435636153001],[129.20296846208,35.8436132885867],[129.202969920596,35.8436779778901],[129.202970120856,35.8436869809531],[129.202971553357,35.8437502462671],[129.202971553357,35.843750246269],[129.202971741244,35.8437590331482],[129.202974698492,35.8438908091482],[129.202975134266,35.8439102048752],[129.20297893924,35.8440796052308],[129.202980935472,35.8441684558984],[129.202981134822,35.8441774679884],[129.202983155355,35.8442670404043],[129.202983155355,35.8442670404092],[129.202983155355,35.8442670404156],[129.202983155355,35.8442670404171],[129.202983614441,35.8443001601222],[129.202983614441,35.8443001601233],[129.202983698269,35.8443069282343],[129.202984131242,35.8443378946442],[129.202990281163,35.8447867340561],[129.202990281162,35.8447867340996],[129.202990281158,35.8447867341872],[129.202990281149,35.8447867342751],[129.202990281134,35.844786734362],[129.202990281115,35.844786734448],[129.20299028109,35.8447867345334],[129.20299028106,35.844786734618],[129.202990281025,35.8447867347011],[129.202990280985,35.8447867347822],[129.202990280941,35.844786734862],[129.202990280891,35.8447867349402],[129.202990280837,35.8447867350161],[129.202990280779,35.8447867350895],[129.202990280716,35.8447867351608],[129.202990280649,35.8447867352297],[129.202990280578,35.8447867352958],[129.202990280503,35.8447867353591],[129.202990280425,35.8447867354192],[129.202990280343,35.8447867354757],[129.202990280258,35.8447867355293],[129.202990280169,35.8447867355796],[129.202990280078,35.8447867356261],[129.202990279984,35.8447867356689],[129.202990279888,35.844786735708],[129.202990279789,35.8447867357434],[129.202990279688,35.8447867357747],[129.202990279586,35.844786735802],[129.202990279482,35.8447867358252],[129.202990279377,35.8447867358442],[129.202990279271,35.8447867358591],[129.202990279164,35.8447867358697],[129.202990279057,35.8447867358761],[129.202990279003,35.8447867358783],[129.202966358827,35.8447872083801],[129.202939993693,35.8447877218453],[129.202768132606,35.8447920203706],[129.202609410445,35.8447959900042],[129.202261139756,35.8448046935853],[129.202034668685,35.8448103526208],[129.202009741413,35.8448110032719],[129.202001461837,35.8448112197363],[129.202001461835,35.8448112197363],[129.201772232605,35.8448169290725],[129.201772232593,35.8448169290727],[129.201772232571,35.844816929073],[129.20177223256,35.8448169290732],[129.201147255885,35.8448222674321],[129.201077839153,35.8448253301085],[129.200772222342,35.8448712429651],[129.200772222288,35.8448712429721],[129.200772222179,35.8448712429839],[129.200772222069,35.8448712429914],[129.20077222196,35.8448712429944],[129.20077222185,35.8448712429929],[129.20077222174,35.8448712429871],[129.200772221631,35.8448712429768],[129.200772221523,35.8448712429621],[129.200772221415,35.844871242943],[129.200772221309,35.8448712429197],[129.200772221205,35.8448712428922],[129.200772221103,35.8448712428604],[129.200772221002,35.8448712428244],[129.200772220903,35.8448712427845],[129.200772220808,35.8448712427407],[129.200772220715,35.8448712426931],[129.200772220625,35.8448712426417],[129.200772220538,35.8448712425868],[129.200772220455,35.8448712425285],[129.200772220376,35.8448712424669],[129.2007722203,35.8448712424021],[129.200772220228,35.8448712423343],[129.200772220161,35.8448712422637],[129.200772220097,35.8448712421905],[129.200772220039,35.8448712421149],[129.200772219985,35.844871242037],[129.200772219936,35.8448712419572],[129.200772219892,35.8448712418753],[129.200772219853,35.8448712417916],[129.200772219819,35.8448712417065],[129.200772219803,35.8448712416636],[129.20071713566,35.8447056385772],[129.200544167946,35.8442714413933],[129.200544167944,35.844271441389],[129.200544167941,35.8442714413814],[129.20054416794,35.8442714413781],[129.200479872355,35.8441050417682],[129.200479872339,35.8441050417226],[129.20047987231,35.8441050416309],[129.200479872297,35.8441050415848],[129.200440502269,35.8439466216238],[129.20044050226,35.8439466215786],[129.200440502243,35.8439466214877],[129.200440502236,35.8439466214421],[129.200422460921,35.8437967287895],[129.200422460917,35.8437967287452],[129.200422460912,35.843796728656],[129.200422460911,35.8437967286111],[129.200422656042,35.8436842611115],[129.200422344845,35.8436437046887],[129.200421932311,35.8435891711566],[129.200421932312,35.8435891711174],[129.200421932316,35.8435891710391],[129.200421932319,35.8435891709998],[129.200439155225,35.8434161923191],[129.200439155229,35.8434161922867],[129.200439155238,35.8434161922225],[129.200439155243,35.8434161921907],[129.200481094542,35.8431941812794],[129.200481094552,35.8431941812312],[129.200481094577,35.8431941811357],[129.200481094591,35.8431941810884],[129.200540843544,35.8430119749686],[129.200554849425,35.8429692416101],[129.200554849435,35.8429692415817],[129.200554849456,35.842969241526],[129.200554849466,35.8429692414987],[129.200818524501,35.8423327920793],[129.200844457291,35.8422702291906],[129.200865537962,35.8422193642406],[129.200932943766,35.8420565487948],[129.200932943785,35.8420565487541],[129.200932943824,35.842056548673],[129.200932943867,35.8420565485932],[129.200932943916,35.8420565485157],[129.200932943969,35.8420565484402],[129.200932944026,35.8420565483668],[129.200932944088,35.8420565482957],[129.200932944154,35.8420565482271],[129.200932944224,35.842056548161],[129.200932944297,35.8420565480979],[129.200932944374,35.8420565480379],[129.200932944455,35.8420565479809],[129.200932944539,35.8420565479272],[129.200932944626,35.8420565478768],[129.200932944716,35.8420565478298],[129.200932944809,35.8420565477864],[129.200932944905,35.8420565477467],[129.200932945002,35.8420565477109],[129.200932945101,35.8420565476791],[129.200932945202,35.842056547651],[129.200932945305,35.8420565476269],[129.20093294541,35.842056547607],[129.200932945514,35.8420565475912],[129.20093294562,35.8420565475795],[129.200932945727,35.842056547572],[129.200932945834,35.8420565475687],[129.200932945941,35.8420565475696],[129.200932946047,35.8420565475747],[129.200932946154,35.842056547584],[129.200932946259,35.8420565475975],[129.200932946364,35.842056547615],[129.200932946467,35.8420565476367],[129.20093294657,35.8420565476625],[129.20093294667,35.8420565476922],[129.200932946769,35.8420565477259],[129.200932946865,35.8420565477634],[129.200932946959,35.8420565478045],[129.200932947051,35.8420565478494],[129.20093294714,35.842056547898],[129.200932947226,35.8420565479499],[129.200932947308,35.8420565480048],[129.200932947387,35.8420565480632],[129.200932947463,35.8420565481247],[129.200932947535,35.8420565481891],[129.200932947603,35.8420565482562],[129.200932947668,35.8420565483259],[129.200932947727,35.8420565483977],[129.200932947783,35.8420565484721],[129.200932947834,35.8420565485488],[129.20093294788,35.8420565486273],[129.200932947922,35.8420565487073],[129.200932947959,35.842056548789],[129.200932947991,35.8420565488723],[129.200932948018,35.8420565489565],[129.20093294804,35.8420565490414],[129.200932948057,35.8420565491273],[129.200932948064,35.8420565491706],[129.200935249597,35.8420733330217],[129.200935249601,35.8420733330669],[129.200935249608,35.8420733331577],[129.200935249609,35.8420733332488],[129.200935249605,35.8420733333397],[129.200935249595,35.8420733334302],[129.200935249579,35.8420733335202],[129.200935249558,35.8420733336093],[129.200935249531,35.8420733336976],[129.200935249516,35.8420733337416],[129.200911414987,35.8421377579327],[129.200918611834,35.8421962549689],[129.200979603728,35.8422066796026],[129.20108539751,35.8422148943445],[129.201085397562,35.8422148943496],[129.201085397667,35.8422148943619],[129.201085397771,35.8422148943783],[129.201085397874,35.8422148943987],[129.201085397975,35.842214894423],[129.201085398075,35.8422148944513],[129.201085398174,35.8422148944834],[129.20108539827,35.8422148945194],[129.201085398364,35.8422148945591],[129.201085398456,35.8422148946024],[129.201085398544,35.842214894649],[129.20108539863,35.8422148946992],[129.201085398713,35.8422148947527],[129.201085398793,35.8422148948094],[129.20108539887,35.8422148948691],[129.201085398942,35.8422148949317],[129.201085399012,35.842214894997],[129.201085399077,35.842214895065],[129.201085399138,35.8422148951354],[129.201085399195,35.8422148952082],[129.201085399247,35.842214895283],[129.201085399295,35.8422148953599],[129.201085399339,35.8422148954386],[129.201085399377,35.8422148955188],[129.201085399411,35.8422148956003],[129.201085399441,35.8422148956832],[129.201085399465,35.8422148957671],[129.201085399484,35.8422148958519],[129.201085399499,35.8422148959374],[129.201085399508,35.8422148960233],[129.201085399512,35.8422148961093],[129.201085399511,35.8422148961955],[129.201085399506,35.8422148962814],[129.201085399495,35.8422148963672],[129.201085399479,35.8422148964525],[129.201085399458,35.8422148965371],[129.201085399446,35.8422148965791],[129.201068392603,35.8422698899171],[129.201265148802,35.8422653080976],[129.201265148805,35.8422653080976],[129.213717559684,35.8442163251005],[129.213714527616,35.8442127879808],[129.213669553563,35.8441925027721],[129.213662417115,35.8441925018088],[129.213606235278,35.8441947654123],[129.213606235225,35.8441947654134],[129.213606235121,35.8441947654135],[129.213606235017,35.8441947654098],[129.213606234913,35.8441947654019],[129.213606234809,35.8441947653901],[129.213606234707,35.8441947653743],[129.213606234605,35.8441947653546],[129.213606234505,35.8441947653311],[129.213606234406,35.8441947653037],[129.213606234309,35.8441947652726],[129.213606234214,35.8441947652377],[129.21360623412,35.8441947651992],[129.213606234029,35.8441947651571],[129.213606233941,35.8441947651116],[129.213606233898,35.8441947650881],[129.213600514722,35.8441915021379],[129.213600514679,35.8441915021122],[129.213600514595,35.8441915020591],[129.213600514514,35.8441915020027],[129.213600514436,35.8441915019433],[129.213600514362,35.8441915018809],[129.213600514292,35.8441915018157],[129.213600514226,35.8441915017479],[129.213600514164,35.8441915016775],[129.213600514106,35.8441915016047],[129.213600514053,35.8441915015299],[129.213600514004,35.8441915014528],[129.213600513959,35.8441915013741],[129.213600513919,35.8441915012937],[129.213600513885,35.8441915012119],[129.213600513854,35.8441915011287],[129.213600513829,35.8441915010444],[129.213600513809,35.8441915009592],[129.213600513794,35.8441915008734],[129.213600513784,35.8441915007874],[129.213600513779,35.8441915007009],[129.21360051378,35.8441915006138],[129.213600513785,35.8441915005273],[129.213600513789,35.8441915004843],[129.21360163943,35.84418223358],[129.213561458903,35.8441833556488],[129.213556533368,35.8445204281227],[129.21362035113,35.8445184928786],[129.21377299588,35.844513665058],[129.213864362052,35.8445107750772],[129.213835200456,35.8444366527721],[129.213810366073,35.8443748018741],[129.213787527092,35.8443745471661],[129.21378752704,35.8443745471645],[129.213787526937,35.8443745471595],[129.213787526833,35.8443745471504],[129.213787526731,35.8443745471374],[129.213787526629,35.8443745471206],[129.213787526529,35.8443745470998],[129.21378752643,35.8443745470753],[129.213787526332,35.844374547047],[129.213787526236,35.844374547015],[129.213787526142,35.8443745469794],[129.21378752605,35.8443745469401],[129.21378752596,35.8443745468975],[129.213787525874,35.8443745468517],[129.213787525789,35.8443745468024],[129.213787525708,35.8443745467499],[129.21378752563,35.8443745466944],[129.213787525555,35.8443745466361],[129.213787525483,35.8443745465749],[129.213787525415,35.8443745465111],[129.213787525351,35.8443745464447],[129.21378752532,35.844374546411],[129.213782376643,35.8443686736311],[129.21378237661,35.8443686735919],[129.213782376548,35.8443686735121],[129.213782376491,35.8443686734297],[129.213782376439,35.844368673345],[129.213782376393,35.8443686732584],[129.213782376352,35.8443686731698],[129.213782376317,35.8443686730796],[129.213782376288,35.844368672988],[129.213782376265,35.8443686728952],[129.213782376248,35.8443686728017],[129.213782376237,35.8443686727073],[129.213782376232,35.8443686726128],[129.213782376231,35.8443686725656],[129.213783081142,35.8443119032329],[129.213765783133,35.8442745888301],[129.213763769865,35.8442702455351],[129.213717559684,35.8442163251005],[129.20476546879,35.8428248491318],[129.20476571595,35.8428824833375],[129.205513335702,35.8428628753507],[129.205529873377,35.8428624422472],[129.205552328958,35.8428618530078],[129.205906719553,35.8428525536894],[129.205924679508,35.8423282057074],[129.205925991228,35.8422353010213],[129.20592609478,35.8422270058307],[129.205926094782,35.8422270057874],[129.205926094788,35.842227005701],[129.205926094799,35.8422270056151],[129.205926094815,35.8422270055296],[129.205926094837,35.8422270054449],[129.205926094863,35.8422270053611],[129.205926094894,35.8422270052783],[129.20592609493,35.8422270051969],[129.205926094971,35.8422270051169],[129.205926095017,35.8422270050388],[129.205926095067,35.8422270049628],[129.205926095121,35.8422270048885],[129.20592609518,35.8422270048162],[129.205926095243,35.8422270047466],[129.20592609531,35.8422270046795],[129.205926095381,35.842227004615],[129.205926095455,35.8422270045535],[129.205926095533,35.8422270044949],[129.205926095615,35.8422270044392],[129.2059260957,35.8422270043869],[129.205926095787,35.8422270043382],[129.205926095878,35.8422270042928],[129.205926095971,35.8422270042511],[129.205926096066,35.8422270042129],[129.205926096164,35.8422270041784],[129.205926096263,35.8422270041479],[129.205926096364,35.8422270041214],[129.205926096467,35.8422270040988],[129.20592609657,35.8422270040802],[129.205926096675,35.8422270040657],[129.205926096781,35.8422270040553],[129.205926096887,35.842227004049],[129.20592609694,35.8422270040469],[129.206404331836,35.8422175078583],[129.206426390537,35.8415468039368],[129.20644535796,35.8408870024141],[129.206446116593,35.8408591067007],[129.20644797183,35.8407931526218],[129.206379822456,35.8407965400991],[129.206337977028,35.8407985939461],[129.206337977006,35.840798593947],[129.206337976961,35.8407985939485],[129.206337976939,35.8407985939491],[129.206046718129,35.840803335205],[129.206001831278,35.8408065211223],[129.205946930316,35.8408103901188],[129.205946930261,35.8408103901216],[129.205946930151,35.8408103901249],[129.205946930041,35.8408103901237],[129.205946929931,35.8408103901181],[129.205946929822,35.840810390108],[129.205946929714,35.8408103900936],[129.205946929606,35.8408103900748],[129.2059469295,35.8408103900516],[129.205946929395,35.8408103900242],[129.205946929292,35.8408103899926],[129.205946929191,35.8408103899568],[129.205946929093,35.840810389917],[129.205946928997,35.8408103898734],[129.205946928904,35.8408103898259],[129.205946928813,35.8408103897746],[129.205946928727,35.8408103897198],[129.205946928643,35.8408103896615],[129.205946928563,35.8408103895999],[129.205946928487,35.8408103895352],[129.205946928415,35.8408103894675],[129.205946928348,35.8408103893969],[129.205946928284,35.8408103893237],[129.205946928226,35.8408103892482],[129.205946928172,35.8408103891702],[129.205946928122,35.8408103890898],[129.205946928078,35.8408103890079],[129.205946928039,35.8408103889244],[129.205946928004,35.8408103888393],[129.205946927976,35.840810388753],[129.205946927952,35.8408103886656],[129.205946927934,35.8408103885771],[129.205946927921,35.8408103884882],[129.205946927914,35.8408103883989],[129.205946927912,35.8408103883094],[129.205946927912,35.8408103882647],[129.205949069795,35.840756553222],[129.205952965774,35.8406573996368],[129.205956027158,35.8405130237516],[129.205959461852,35.8403505126482],[129.205961062749,35.8402758167325],[129.20520336494,35.8402929018296],[129.205197897215,35.8402930290168],[129.205180200343,35.8402934370518],[129.204925549159,35.8402991677838],[129.204925549157,35.8402991677838],[129.204780392197,35.840302261632],[129.204717031681,35.8403041622115],[129.204718286955,35.8403408297298],[129.204722192891,35.8404572200182],[129.204722372448,35.840462609293],[129.204723006799,35.840481281909],[129.204723246297,35.8404884372578],[129.204724936073,35.8405388869108],[129.204724936073,35.8405388869136],[129.204724936073,35.8405388869195],[129.204724936074,35.8405388869228],[129.204727397282,35.8406360373317],[129.204727617483,35.8406442567145],[129.204727801135,35.8406512857464],[129.204731456074,35.8407954166883],[129.204732983943,35.8408473533902],[129.204732983943,35.8408473534344],[129.204732983941,35.8408473535228],[129.204732983933,35.840847353611],[129.204732983919,35.8408473536988],[129.204732983901,35.840847353786],[129.204732983877,35.8408473538723],[129.204732983848,35.8408473539576],[129.204732983814,35.8408473540416],[129.204732983775,35.8408473541238],[129.204732983731,35.8408473542047],[129.204732983682,35.8408473542838],[129.204732983628,35.8408473543608],[129.20473298357,35.8408473544355],[129.204732983507,35.8408473545078],[129.20473298344,35.8408473545774],[129.204732983369,35.8408473546443],[129.204732983294,35.8408473547084],[129.204732983216,35.8408473547693],[129.204732983133,35.840847354827],[129.204732983048,35.8408473548814],[129.204732982959,35.8408473549323],[129.204732982867,35.8408473549796],[129.204732982772,35.8408473550231],[129.204732982675,35.8408473550628],[129.204732982576,35.8408473550986],[129.204732982475,35.8408473551304],[129.204732982371,35.8408473551581],[129.204732982267,35.8408473551817],[129.204732982161,35.840847355201],[129.204732982054,35.840847355216],[129.204732981946,35.8408473552269],[129.204732981837,35.8408473552333],[129.204732981783,35.8408473552355],[129.204671331993,35.8408485590439],[129.204634154154,35.8408492614435],[129.204442692176,35.8408549293676],[129.204416848567,35.8408556944697],[129.204335244899,35.8408581124283],[129.204271861216,35.8408599860974],[129.204059202715,35.8408662831401],[129.204025987694,35.8408672590893],[129.203970627101,35.8408689025104],[129.203943024299,35.8408697240137],[129.203931368807,35.8408700678175],[129.203931368795,35.8408700678178],[129.203931368773,35.8408700678183],[129.203931368763,35.8408700678184],[129.203643926134,35.8408738954123],[129.203584159995,35.8408746987359],[129.20358951894,35.8409365767856],[129.203592140629,35.8409664934841],[129.203592140631,35.8409664934995],[129.203592140633,35.8409664935307],[129.203592140634,35.8409664935468],[129.203609000854,35.8413427824253],[129.2036176589,35.8415402594723],[129.203617658901,35.8415402594751],[129.203617658901,35.8415402594815],[129.203617658901,35.841540259485],[129.203618899349,35.8415755308579],[129.20373279613,35.8415760873614],[129.204034731102,35.8415719106291],[129.204044082932,35.8415717860976],[129.204053558594,35.8415716534985],[129.204061482434,35.8415715411068],[129.204061482435,35.8415715411068],[129.204069385417,35.8415714371239],[129.204328241965,35.841567855349],[129.204328241966,35.841567855349],[129.204382244903,35.8415671604556],[129.204390988011,35.8415670463359],[129.204394164708,35.8415670048748],[129.204401613963,35.8415669109128],[129.204643480964,35.8415637984644],[129.204688304655,35.8415621906518],[129.204746063158,35.8415585512239],[129.204746063211,35.8415585512216],[129.204746063317,35.8415585512191],[129.204746063423,35.8415585512207],[129.204746063529,35.8415585512265],[129.204746063635,35.8415585512364],[129.204746063739,35.8415585512505],[129.204746063843,35.8415585512685],[129.204746063946,35.8415585512906],[129.204746064047,35.8415585513168],[129.204746064147,35.8415585513469],[129.204746064245,35.8415585513807],[129.20474606434,35.8415585514184],[129.204746064434,35.8415585514598],[129.204746064524,35.8415585515048],[129.204746064613,35.8415585515534],[129.204746064698,35.8415585516053],[129.204746064779,35.8415585516602],[129.204746064858,35.8415585517185],[129.204746064933,35.8415585517798],[129.204746065004,35.8415585518439],[129.204746065072,35.841558551911],[129.204746065135,35.8415585519804],[129.204746065194,35.8415585520521],[129.204746065249,35.8415585521261],[129.2047460653,35.841558552202],[129.204746065346,35.84155855228],[129.204746065387,35.8415585523598],[129.204746065424,35.841558552441],[129.204746065456,35.8415585525236],[129.204746065482,35.8415585526073],[129.204746065504,35.8415585526917],[129.204746065521,35.8415585527771],[129.204746065533,35.8415585528635],[129.20474606554,35.8415585529498],[129.204746065542,35.8415585530361],[129.204746065538,35.8415585531226],[129.20474606553,35.8415585532087],[129.204746065516,35.8415585532945],[129.204746065508,35.8415585533373],[129.204738472183,35.8415932467307],[129.204738418452,35.8415937873027],[129.204742356912,35.8417058958181],[129.204757545519,35.8420752026417],[129.204757545519,35.8420752026489],[129.20475754552,35.8420752026627],[129.20475754552,35.8420752026693],[129.204760119917,35.8421905137913],[129.204760333582,35.8421964614958],[129.204760333582,35.8421964615008],[129.204760333582,35.8421964615078],[129.204760333582,35.8421964615098],[129.204761718254,35.8422488942526],[129.204761743515,35.8422498675052],[129.204761743515,35.8422498675076],[129.204761743515,35.8422498675133],[129.204761743515,35.8422498675164],[129.204763377232,35.8423391785504],[129.204763377232,35.8423391785565],[129.204763377233,35.8423391785668],[129.204763377233,35.8423391785709],[129.204763912402,35.8424617395824],[129.20476546879,35.8428248491318],[129.205213129418,35.8396319841209],[129.205213662325,35.8397130927713],[129.205611160033,35.8397058258319],[129.205597888903,35.8396148230945],[129.205534643896,35.8391811691763],[129.205192375869,35.8391836890518],[129.205188590465,35.8393311818497],[129.205184150894,35.8395041311893],[129.205183306957,35.8395373686866],[129.205212520248,35.8395396457242],[129.205212520302,35.8395396457295],[129.205212520409,35.8395396457422],[129.205212520516,35.8395396457592],[129.205212520621,35.8395396457804],[129.205212520725,35.8395396458058],[129.205212520827,35.8395396458353],[129.205212520927,35.8395396458688],[129.205212521025,35.8395396459063],[129.205212521121,35.8395396459475],[129.205212521214,35.8395396459926],[129.205212521305,35.8395396460415],[129.205212521392,35.8395396460938],[129.205212521476,35.8395396461496],[129.205212521557,35.8395396462086],[129.205212521634,35.8395396462707],[129.205212521707,35.8395396463359],[129.205212521776,35.8395396464042],[129.205212521841,35.8395396464749],[129.205212521902,35.8395396465479],[129.205212521958,35.8395396466235],[129.205212522009,35.8395396467011],[129.205212522056,35.8395396467807],[129.205212522098,35.8395396468623],[129.205212522135,35.8395396469453],[129.205212522167,35.8395396470293],[129.205212522194,35.8395396471149],[129.205212522215,35.8395396472015],[129.205212522232,35.8395396472888],[129.205212522243,35.8395396473766],[129.205212522249,35.8395396474647],[129.205212522251,35.839539647509],[129.205213129418,35.8396319841209],[129.203338151312,35.8428033751562],[129.203196384459,35.8428049739913],[129.203196384442,35.8428049739914],[129.203196384405,35.8428049739913],[129.203196384387,35.8428049739912],[129.20316986404,35.842804567538],[129.203164790762,35.8429952977729],[129.203164790762,35.8429952977741],[129.203160440879,35.8431492386758],[129.203157104105,35.8432923599309],[129.203156387593,35.8433230513809],[129.203666563299,35.8433130437751],[129.203666563353,35.8433130437751],[129.203666563462,35.8433130437774],[129.203666563571,35.843313043784],[129.203666563679,35.8433130437949],[129.203666563787,35.8433130438103],[129.203666563894,35.84331304383],[129.203666563999,35.8433130438538],[129.203666564102,35.8433130438819],[129.203666564205,35.8433130439142],[129.203666564304,35.8433130439505],[129.203666564402,35.8433130439907],[129.203666564496,35.8433130440348],[129.203666564588,35.8433130440826],[129.203666564677,35.843313044134],[129.203666564763,35.843313044189],[129.203666564846,35.8433130442474],[129.203666564925,35.8433130443092],[129.203666564999,35.8433130443739],[129.20366656507,35.8433130444415],[129.203666565137,35.8433130445119],[129.203666565199,35.8433130445848],[129.203666565257,35.8433130446602],[129.203666565311,35.843313044738],[129.203666565359,35.8433130448177],[129.203666565403,35.8433130448993],[129.203666565441,35.8433130449825],[129.203666565475,35.8433130450671],[129.203666565503,35.843313045153],[129.203666565526,35.8433130452399],[129.203666565544,35.8433130453277],[129.203666565556,35.843313045416],[129.203666565563,35.8433130455048],[129.203666565565,35.8433130455492],[129.203666833849,35.8433271401724],[129.203669241424,35.8434514911454],[129.203669241423,35.8434514911802],[129.203669241421,35.8434514912498],[129.20366924142,35.8434514912845],[129.203667154064,35.8434791173389],[129.203663258775,35.8435406955839],[129.203714290943,35.8435386990391],[129.20398806648,35.8435279098647],[129.20398806649,35.8435279098644],[129.203988066509,35.8435279098638],[129.203988066517,35.8435279098635],[129.204050786041,35.8435263062688],[129.204082772132,35.8435254883631],[129.204229410192,35.8435217396221],[129.204346237701,35.8435187525804],[129.204647151302,35.843511053053],[129.204647151318,35.8435110530527],[129.204647151351,35.8435110530523],[129.204647151367,35.8435110530521],[129.204660766084,35.8435110293496],[129.204766639057,35.8435108413832],[129.204766588425,35.8434694762607],[129.204766043904,35.8429611716849],[129.204765960637,35.8429416600839],[129.204765711538,35.8428824870514],[129.204633403601,35.8428854408044],[129.204545964073,35.8428878065137],[129.204416953459,35.8428912866122],[129.204175445352,35.8428978057114],[129.204128195626,35.8428990817509],[129.203783145234,35.8429083966405],[129.203659235791,35.842911741378],[129.203659235736,35.8429117413783],[129.203659235627,35.8429117413769],[129.203659235518,35.8429117413711],[129.203659235409,35.8429117413609],[129.203659235302,35.8429117413463],[129.203659235195,35.8429117413275],[129.203659235089,35.8429117413042],[129.203659234985,35.8429117412769],[129.203659234884,35.8429117412456],[129.203659234783,35.8429117412101],[129.203659234685,35.8429117411704],[129.20365923459,35.8429117411269],[129.203659234497,35.8429117410797],[129.203659234408,35.8429117410289],[129.203659234321,35.8429117409746],[129.203659234238,35.8429117409168],[129.203659234159,35.8429117408558],[129.203659234083,35.8429117407916],[129.203659234011,35.8429117407242],[129.203659233944,35.8429117406543],[129.203659233881,35.842911740582],[129.203659233822,35.8429117405069],[129.203659233768,35.8429117404295],[129.203659233719,35.8429117403502],[129.203659233674,35.8429117402689],[129.203659233635,35.8429117401859],[129.2036592336,35.8429117401014],[129.203659233571,35.8429117400157],[129.203659233547,35.842911739929],[129.203659233528,35.8429117398414],[129.203659233515,35.8429117397532],[129.203659233507,35.8429117396645],[129.203659233504,35.84291173962],[129.203657963016,35.8428689602182],[129.203657963016,35.8428689602161],[129.203657963015,35.8428689602086],[129.203657963015,35.8428689602031],[129.20365662803,35.8428001322042],[129.203587194706,35.8428008391573],[129.203338151312,35.8428033751562],[129.201265148805,35.8422653080976]]]},"properties":{"trarNo":"11071","mainTrarNm":"경주고속터미널","ctprvnNm":"경상북도","signguNm":"경주시","trarArea":793195,"coordNum":3352,"stdrDt":"2024-01-01"}},{"type":"Feature","geometry":{"type":"Polygon","coordinates":[[[129.207133372627,35.8380516267788],[129.207133837919,35.8380234855079],[129.207133837921,35.8380234854647],[129.207133837927,35.8380234853782],[129.207133837939,35.8380234852916],[129.207133837956,35.8380234852059],[129.207133837978,35.8380234851212],[129.207133838004,35.8380234850372],[129.207133838036,35.8380234849545],[129.207133838073,35.8380234848731],[129.207133838114,35.8380234847928],[129.20713383816,35.8380234847146],[129.20713383821,35.8380234846387],[129.207133838266,35.8380234845643],[129.207133838325,35.8380234844918],[129.207133838389,35.8380234844222],[129.207133838456,35.8380234843554],[129.207133838528,35.8380234842911],[129.207133838603,35.8380234842299],[129.207133838682,35.8380234841714],[129.207133838764,35.8380234841159],[129.207133838849,35.838023484064],[129.207133838937,35.8380234840154],[129.207133839028,35.8380234839703],[129.207133839122,35.8380234839289],[129.207133839218,35.8380234838912],[129.207133839316,35.8380234838572],[129.207133839416,35.8380234838272],[129.207133839517,35.8380234838011],[129.207133839621,35.838023483779],[129.207133839725,35.8380234837609],[129.20713383983,35.838023483747],[129.207133839936,35.8380234837372],[129.207133840042,35.8380234837316],[129.207133840148,35.8380234837302],[129.207133840255,35.8380234837329],[129.207133840308,35.8380234837353],[129.207241578078,35.8380304764425],[129.207601634639,35.8380538457617],[129.207661318396,35.8380577192956],[129.20766157035,35.8380505237191],[129.207662798576,35.8379736442053],[129.207662420534,35.8379472295802],[129.207662190859,35.8379311962069],[129.207662190859,35.8379311962042],[129.207661982199,35.8379147487475],[129.207661982199,35.8379147487335],[129.207661982199,35.8379147487061],[129.2076619822,35.8379147486929],[129.207667479661,35.8376906885987],[129.207667479661,35.8376906885952],[129.207667479661,35.83769068859],[129.207671305122,35.8375653630292],[129.207669781943,35.8375540098625],[129.207668552628,35.8375492361644],[129.207658597161,35.8375300562503],[129.207657786299,35.8375288959297],[129.207655763648,35.8375260056601],[129.20765259784,35.8375216405705],[129.207652597817,35.8375216405372],[129.207652597773,35.8375216404699],[129.207652597732,35.8375216404009],[129.207652597695,35.8375216403308],[129.207652597677,35.8375216402954],[129.207650639101,35.8375174527572],[129.207650639087,35.8375174527248],[129.20765063906,35.8375174526597],[129.207650639036,35.8375174525939],[129.207650639015,35.8375174525273],[129.207650639005,35.8375174524939],[129.207649689356,35.837513849206],[129.207649689347,35.837513849167],[129.207649689331,35.8375138490885],[129.207649689319,35.8375138490095],[129.207649689311,35.8375138489302],[129.207649689309,35.8375138488903],[129.207648923047,35.8374958696095],[129.207648923047,35.8374958696015],[129.207648923046,35.8374958695855],[129.207648923046,35.8374958695775],[129.207648552029,35.8374779937595],[129.207646900532,35.8373986282512],[129.207646900532,35.837398628247],[129.207646900532,35.8373986282403],[129.207646900532,35.8373986282377],[129.207646046555,35.8373251687859],[129.207646046555,35.8373251687774],[129.207646046555,35.8373251687603],[129.207646046555,35.8373251687518],[129.207646580337,35.8372791589347],[129.207646580337,35.8372791589297],[129.207646580337,35.8372791589236],[129.207647750514,35.8372180076177],[129.207647750514,35.8372180076162],[129.207647750514,35.8372180076153],[129.207648291517,35.8371919603315],[129.20764883403,35.8371661384018],[129.207648980482,35.8371584060264],[129.207649156277,35.8371495634984],[129.207651460502,35.8370305852051],[129.207652511155,35.8369234703309],[129.207652511155,35.8369234703283],[129.207652511155,35.8369234703261],[129.207652743038,35.8369059853037],[129.207652860562,35.8368871938413],[129.207652860562,35.8368871938397],[129.207652860562,35.8368871938367],[129.207652860562,35.8368871938353],[129.20765301047,35.8368727020231],[129.207653145848,35.8368605795406],[129.207653251823,35.8368502875029],[129.207653573566,35.8368207257142],[129.207653991645,35.8367727784307],[129.207653991645,35.8367727784165],[129.207653991646,35.8367727783874],[129.207653991646,35.8367727783726],[129.207657016698,35.8367100997143],[129.207657016701,35.8367100996697],[129.207657016711,35.8367100995811],[129.207657016726,35.836710099493],[129.207657016746,35.8367100994056],[129.207657016772,35.8367100993193],[129.207657016803,35.836710099234],[129.207657016839,35.83671009915],[129.20765701688,35.8367100990675],[129.207657016926,35.8367100989869],[129.207657016976,35.8367100989081],[129.207657017032,35.8367100988313],[129.207657017092,35.8367100987571],[129.207657017157,35.8367100986853],[129.207657017225,35.8367100986161],[129.207657017298,35.8367100985497],[129.207657017375,35.8367100984865],[129.207657017456,35.8367100984266],[129.20765701754,35.8367100983698],[129.207657017627,35.8367100983165],[129.207657017718,35.8367100982667],[129.207657017811,35.8367100982207],[129.207657017907,35.8367100981785],[129.207657018006,35.83671009814],[129.207657018107,35.8367100981057],[129.207657018209,35.8367100980757],[129.207657018314,35.8367100980496],[129.20765701842,35.8367100980277],[129.207657018527,35.8367100980102],[129.207657018581,35.8367100980025],[129.207699638549,35.8367048884665],[129.207718356968,35.8366459067763],[129.207720593516,35.8366334202029],[129.207720390306,35.8365979116544],[129.207719441187,35.8364406364269],[129.207719385271,35.8364318305458],[129.207718825139,35.8363393364088],[129.207718825139,35.8363393364063],[129.20771854321,35.8362349269017],[129.207718134594,35.8360769381142],[129.207718134594,35.8360769381029],[129.207718134594,35.8360769380791],[129.207718134595,35.8360769380665],[129.207721485529,35.8359649070971],[129.207722666685,35.835916561322],[129.207723938517,35.8358646470509],[129.207724057821,35.8358595735595],[129.207727581816,35.8357157453983],[129.207727671631,35.8357118785244],[129.207727671631,35.8357118785234],[129.207727671631,35.8357118785182],[129.207727671631,35.8357118785141],[129.207727895164,35.835704488511],[129.207728690118,35.8356779453974],[129.207728690118,35.8356779453866],[129.207728690119,35.8356779453656],[129.207728690119,35.8356779453552],[129.207731510411,35.8356299395776],[129.207731510417,35.8356299395125],[129.207731510437,35.8356299393829],[129.207731510449,35.8356299393184],[129.207736831275,35.8356077412611],[129.207736433848,35.8355910604827],[129.207736433849,35.8355910604378],[129.207736433852,35.8355910603481],[129.207736433861,35.8355910602587],[129.207736433875,35.8355910601696],[129.207736433895,35.8355910600812],[129.20773643392,35.8355910599938],[129.20773643395,35.8355910599077],[129.207736433986,35.8355910598228],[129.207736434027,35.8355910597393],[129.207736434073,35.8355910596577],[129.207736434124,35.8355910595779],[129.207736434179,35.8355910595004],[129.20773643424,35.8355910594252],[129.207736434304,35.8355910593526],[129.207736434373,35.8355910592829],[129.207736434447,35.8355910592158],[129.207736434524,35.8355910591517],[129.207736434605,35.835591059091],[129.20773643469,35.8355910590338],[129.207736434778,35.8355910589799],[129.20773643487,35.8355910589296],[129.207736434964,35.8355910588831],[129.207736435061,35.8355910588406],[129.20773643516,35.835591058802],[129.207736435262,35.8355910587675],[129.207736435366,35.8355910587371],[129.207736435471,35.8355910587111],[129.207736435578,35.8355910586893],[129.207736435687,35.8355910586718],[129.207736435796,35.8355910586588],[129.20773643585,35.8355910586534],[129.207835319261,35.8355833363623],[129.207835319271,35.8355833363615],[129.207835319293,35.8355833363599],[129.207835319305,35.8355833363592],[129.207912173837,35.8355786081696],[129.208062783945,35.8355692461824],[129.208062783947,35.8355692461824],[129.208137491122,35.8355646926152],[129.208203445736,35.8355606591968],[129.208203445749,35.8355606591961],[129.208203445773,35.8355606591948],[129.208203445786,35.8355606591942],[129.208241792169,35.8355590159794],[129.208377746371,35.8355531037383],[129.208377746442,35.835553103737],[129.208377746584,35.8355531037383],[129.208377746655,35.8355531037408],[129.208412007219,35.8355551984583],[129.208412007253,35.8355551984607],[129.208412007319,35.8355551984664],[129.208412007351,35.8355551984696],[129.208440659197,35.8355583672764],[129.208440659243,35.8355583672822],[129.208440659334,35.8355583672954],[129.208440659423,35.8355583673115],[129.208440659512,35.8355583673307],[129.2084406596,35.835558367353],[129.208440659687,35.8355583673781],[129.208440659729,35.8355583673914],[129.208466990625,35.8355670367438],[129.208466990668,35.8355670367591],[129.208466990755,35.8355670367914],[129.208466990841,35.8355670368267],[129.208466990924,35.8355670368649],[129.208466991005,35.835567036906],[129.208466991084,35.8355670369499],[129.20846699116,35.8355670369964],[129.208466991234,35.8355670370457],[129.20846699127,35.835567037071],[129.208480760763,35.835577060237],[129.208493297501,35.8355250664532],[129.208505477605,35.835450521188],[129.208506148235,35.8354400301862],[129.208504003438,35.8354152851005],[129.208497561943,35.8353515601025],[129.208495888558,35.8353378010415],[129.208487385756,35.8352899772747],[129.208452394253,35.8352239485567],[129.208452394236,35.8352239485218],[129.208452394203,35.8352239484514],[129.208452394173,35.83522394838],[129.208452394148,35.8352239483076],[129.208452394126,35.8352239482346],[129.208452394107,35.8352239481607],[129.208452394099,35.8352239481235],[129.208450543083,35.8352143987954],[129.208450543075,35.8352143987424],[129.208450543062,35.8352143986357],[129.208450543058,35.8352143985819],[129.208450074854,35.835204232803],[129.208450074853,35.835204232773],[129.208450074853,35.8352042327129],[129.208450074854,35.8352042326828],[129.208450177426,35.8352013752974],[129.208450177427,35.835201375273],[129.20845017743,35.8352013752245],[129.208450177432,35.8352013752004],[129.20845079247,35.8351953634191],[129.208450792471,35.8351953634144],[129.208450792472,35.8351953634072],[129.208450792472,35.8351953634046],[129.208450825937,35.8351950654364],[129.208450825938,35.835195065431],[129.208450825939,35.8351950654197],[129.20845082594,35.8351950654138],[129.208453212306,35.8351764058058],[129.208453581982,35.8351696908775],[129.20845239768,35.8351482793323],[129.208440449375,35.8349329187014],[129.208432249021,35.8347971326673],[129.208432249019,35.834797132623],[129.208432249019,35.8347971325344],[129.208432249024,35.8347971324459],[129.208432249035,35.8347971323577],[129.208432249051,35.83479713227],[129.208432249072,35.8347971321832],[129.208432249099,35.8347971320974],[129.20843224913,35.8347971320126],[129.208432249167,35.8347971319291],[129.208432249209,35.8347971318473],[129.208432249256,35.8347971317673],[129.208432249307,35.8347971316891],[129.208432249363,35.8347971316132],[129.208432249424,35.8347971315396],[129.208432249488,35.8347971314686],[129.208432249557,35.8347971314002],[129.208432249631,35.8347971313346],[129.208432249708,35.834797131272],[129.208432249789,35.8347971312124],[129.208432249873,35.8347971311563],[129.20843224996,35.8347971311037],[129.208432250051,35.8347971310547],[129.208432250144,35.8347971310095],[129.20843225024,35.8347971309678],[129.208432250339,35.8347971309299],[129.208432250439,35.8347971308961],[129.208432250541,35.8347971308665],[129.208432250646,35.834797130841],[129.208432250751,35.8347971308196],[129.208432250858,35.8347971308026],[129.208432250966,35.8347971307898],[129.208432251074,35.8347971307813],[129.208432251128,35.8347971307781],[129.2085661481,35.8347920418075],[129.208595695168,35.8347906119617],[129.20861470634,35.8347893445604],[129.20867817732,35.8347841346049],[129.20887728954,35.8347677759024],[129.208889339933,35.8347667904634],[129.20889625467,35.8347660664814],[129.20890848119,35.8347647747306],[129.208908481196,35.8347647747299],[129.208908481203,35.8347647747293],[129.209041980061,35.8347513493853],[129.209107694867,35.8347447379185],[129.209107694873,35.8347447379179],[129.209107694883,35.8347447379169],[129.209107694888,35.8347447379165],[129.20912819812,35.8347428370941],[129.209128198124,35.8347428370937],[129.209128198133,35.834742837093],[129.209128198137,35.8347428370926],[129.20915235401,35.834740749987],[129.209225546348,35.8347325572478],[129.209225546352,35.8347325572473],[129.209225546361,35.8347325572464],[129.209225546365,35.834732557246],[129.209362339175,35.8347181255029],[129.209448251876,35.8347069453104],[129.209448251934,35.8347069453041],[129.209448252052,35.834706945294],[129.20944825217,35.834706945289],[129.209448252288,35.8347069452892],[129.209448252347,35.8347069452905],[129.209516261294,35.8347100001104],[129.209528601593,35.8347102040492],[129.209553274941,35.8347073225166],[129.209805541158,35.8346724132151],[129.209805541162,35.8346724132146],[129.209805541167,35.8346724132139],[129.209826772011,35.8346695463367],[129.209834959479,35.8346684417863],[129.209856810528,35.8346654831404],[129.209921678565,35.8346567187981],[129.209969994015,35.8346501913123],[129.210070642339,35.8346366148348],[129.210070642344,35.8346366148341],[129.21007064236,35.834636614832],[129.210070642371,35.8346366148306],[129.210077723408,35.8346357468768],[129.210077723469,35.8346357468708],[129.21007772359,35.8346357468614],[129.210077723651,35.8346357468581],[129.21010391895,35.8346349079462],[129.210103919004,35.8346349079455],[129.210103919111,35.8346349079463],[129.210103919218,35.8346349079513],[129.210103919325,35.8346349079606],[129.210103919378,35.8346349079662],[129.210133114831,35.8346386068263],[129.210133114871,35.834638606832],[129.210133114951,35.8346386068447],[129.210133115031,35.8346386068598],[129.21013311511,35.8346386068772],[129.210133115149,35.8346386068865],[129.210156340313,35.8346444965045],[129.210178251596,35.8346436924189],[129.210240579543,35.8346414115322],[129.210254974387,35.834639899475],[129.210359436421,35.8346289486052],[129.210359436428,35.8346289486045],[129.210359436441,35.8346289486033],[129.210359436446,35.8346289486027],[129.210362900023,35.8346286180323],[129.210396117591,35.834625360455],[129.210497505602,35.834615406103],[129.210502573103,35.8346149102584],[129.21051645948,35.834613534314],[129.210516459487,35.8346135343133],[129.2105164595,35.8346135343121],[129.210516459506,35.8346135343116],[129.210542075661,35.8346112458373],[129.2105555525,35.8346099784919],[129.210585945853,35.8346064103931],[129.210852100025,35.8345751334136],[129.210886277256,35.8345710452847],[129.21089998623,35.8345693995716],[129.210899986235,35.834569399571],[129.210899986244,35.83456939957],[129.210899986247,35.8345693995696],[129.211038934164,35.8345536379854],[129.211038934211,35.8345536379809],[129.211038934304,35.8345536379735],[129.211038934351,35.8345536379707],[129.211056197405,35.8345528863895],[129.211056197443,35.8345528863884],[129.211056197517,35.8345528863872],[129.211056197553,35.8345528863871],[129.211124432533,35.8345536328672],[129.211124432575,35.8345536328683],[129.211124432657,35.8345536328717],[129.211124432738,35.8345536328775],[129.211124432819,35.8345536328858],[129.21112443286,35.8345536328906],[129.21114183777,35.8345559452005],[129.211182011843,35.8345511441785],[129.211182011898,35.834551144173],[129.211182012008,35.8345511441644],[129.211182012119,35.8345511441603],[129.21118201223,35.8345511441607],[129.211182012341,35.8345511441656],[129.211182012451,35.8345511441751],[129.21118201256,35.834551144189],[129.211182012669,35.8345511442073],[129.211182012776,35.83455114423],[129.211182012881,35.8345511442571],[129.211182012986,35.8345511442886],[129.211182013088,35.8345511443241],[129.211182013187,35.8345511443638],[129.211182013284,35.8345511444074],[129.211182013378,35.834551144455],[129.211182013469,35.8345511445064],[129.211182013557,35.8345511445614],[129.211182013641,35.8345511446199],[129.211182013722,35.8345511446817],[129.211182013799,35.8345511447468],[129.211182013871,35.834551144815],[129.21118201394,35.834551144886],[129.211182014004,35.8345511449595],[129.211182014063,35.8345511450357],[129.211182014118,35.8345511451145],[129.211182014167,35.8345511451952],[129.211182014212,35.8345511452778],[129.211182014251,35.8345511453621],[129.211182014286,35.8345511454477],[129.211182014314,35.8345511455348],[129.211182014338,35.834551145623],[129.211182014356,35.834551145712],[129.211182014369,35.8345511458018],[129.211182014376,35.8345511458918],[129.211182014377,35.8345511459819],[129.211182014373,35.834551146072],[129.211182014364,35.834551146162],[129.211182014349,35.8345511462514],[129.211182014328,35.83455114634],[129.211182014302,35.8345511464277],[129.211182014288,35.8345511464714],[129.211173432429,35.8345748643407],[129.21117343242,35.8345748643636],[129.211173432402,35.834574864409],[129.211173432393,35.8345748644314],[129.211163850408,35.8345969610877],[129.211162103278,35.8346056616863],[129.21115920527,35.8346400037113],[129.211147128148,35.8348749899449],[129.211144601892,35.8349241671396],[129.211144601892,35.8349241671408],[129.211141227818,35.8349879343626],[129.211218136412,35.8349881876032],[129.211359583418,35.834988030927],[129.211506783152,35.8349873233611],[129.211506783177,35.8349873233613],[129.211506783227,35.8349873233619],[129.211506783251,35.8349873233625],[129.211536126446,35.8349882539977],[129.211536126465,35.8349882539984],[129.211536126503,35.8349882540001],[129.211536126522,35.8349882540012],[129.2115976739,35.8349919324677],[129.211597673902,35.8349919324678],[129.211752980888,35.8350014843717],[129.211786409478,35.8350030481817],[129.211805226516,35.8350034652186],[129.211830127343,35.8350029716134],[129.211927640551,35.835000628461],[129.211927640553,35.835000628461],[129.211927640558,35.8350006284609],[129.211927640562,35.8350006284608],[129.212072068279,35.8349977618622],[129.2120720683,35.8349977618619],[129.212072068344,35.8349977618617],[129.212072068367,35.8349977618618],[129.212154415041,35.8349987889612],[129.212258354573,35.8349993189682],[129.212258354594,35.8349993189684],[129.212258354634,35.8349993189692],[129.212258354655,35.8349993189698],[129.2123290852,35.8350018087393],[129.212329085221,35.8350018087402],[129.212329085262,35.8350018087423],[129.212329085283,35.8350018087435],[129.21241830721,35.8350076904709],[129.212663377205,35.8350229959859],[129.212664463831,35.8350155692448],[129.212664463835,35.8350155692187],[129.212664463845,35.8350155691669],[129.21266446385,35.8350155691412],[129.21268969251,35.8349004983575],[129.212718148892,35.8347420982452],[129.212718148899,35.8347420982137],[129.212718148913,35.8347420981505],[129.212718148921,35.8347420981189],[129.21275415309,35.8346088213264],[129.212792814291,35.8344592807385],[129.212796637764,35.834440212037],[129.212806857521,35.8343792607671],[129.21280685753,35.8343792607228],[129.21280685755,35.8343792606345],[129.212806857576,35.8343792605471],[129.212806857607,35.8343792604608],[129.212806857643,35.8343792603759],[129.212806857685,35.8343792602926],[129.212806857731,35.8343792602113],[129.212806857783,35.8343792601317],[129.212806857839,35.8343792600541],[129.2128068579,35.8343792599792],[129.212806857965,35.8343792599071],[129.212806858035,35.8343792598375],[129.212806858109,35.8343792597708],[129.212806858187,35.8343792597071],[129.212806858269,35.8343792596466],[129.212806858354,35.8343792595896],[129.212806858443,35.8343792595363],[129.212806858535,35.8343792594865],[129.212806858629,35.8343792594404],[129.212806858727,35.8343792593983],[129.212806858827,35.8343792593603],[129.212806858929,35.8343792593263],[129.212806859033,35.8343792592965],[129.212806859139,35.834379259271],[129.212806859192,35.8343792592593],[129.212837401866,35.8343732210786],[129.212837401925,35.8343732210682],[129.212837402045,35.8343732210501],[129.212837402166,35.8343732210375],[129.212837402288,35.8343732210303],[129.212837402349,35.834373221028],[129.212851745514,35.8343730156503],[129.212951563414,35.8343679731121],[129.212998152027,35.834365494194],[129.213005642893,35.8343647960205],[129.213017902775,35.8343636205711],[129.213028912218,35.8343625738321],[129.213040032831,35.834361499368],[129.213183220592,35.8343422672295],[129.213183220651,35.8343422672229],[129.21318322077,35.8343422672123],[129.213183220888,35.8343422672069],[129.213183221007,35.8343422672067],[129.213183221126,35.8343422672116],[129.213183221244,35.8343422672218],[129.213183221303,35.8343422672282],[129.213244878481,35.8343503145771],[129.21364710227,35.8343087883791],[129.213703752483,35.8343024244917],[129.213703752495,35.8343024244903],[129.213703752522,35.8343024244876],[129.213703752535,35.8343024244863],[129.213738994547,35.834299162354],[129.213738994581,35.8342991623513],[129.213738994648,35.8342991623467],[129.213738994682,35.8342991623449],[129.213762510586,35.8342981661334],[129.213785680915,35.8342961327252],[129.213820270407,35.8342931070524],[129.213820270462,35.8342931070487],[129.213820270572,35.8342931070435],[129.213820270682,35.8342931070428],[129.213820270792,35.8342931070466],[129.213820270901,35.8342931070548],[129.21382027101,35.8342931070674],[129.213820271118,35.8342931070844],[129.213820271225,35.8342931071058],[129.21382027133,35.8342931071314],[129.213820271433,35.8342931071612],[129.213820271535,35.8342931071952],[129.213820271635,35.8342931072333],[129.213820271732,35.8342931072754],[129.213820271826,35.8342931073214],[129.213820271917,35.8342931073709],[129.213820272006,35.8342931074242],[129.213820272091,35.834293107481],[129.213820272172,35.8342931075412],[129.21382027225,35.8342931076049],[129.213820272323,35.8342931076713],[129.213820272359,35.8342931077051],[129.213866393437,35.8343391425663],[129.213866393472,35.8343391426026],[129.213866393539,35.8343391426769],[129.213866393601,35.8343391427542],[129.213866393659,35.8343391428337],[129.213866393711,35.8343391429153],[129.213866393758,35.8343391429991],[129.2138663938,35.8343391430848],[129.213866393836,35.8343391431721],[129.213866393867,35.8343391432608],[129.213866393892,35.8343391433506],[129.213866393911,35.8343391434414],[129.213866393925,35.8343391435329],[129.21386639393,35.8343391435788],[129.213874147017,35.8344285979558],[129.213874147017,35.8344285979611],[129.213874147018,35.8344285979716],[129.213874147019,35.834428597977],[129.213882260281,35.834540969435],[129.213882260282,35.8345409694455],[129.213882260283,35.8345409694683],[129.213882260284,35.8345409694808],[129.213886877174,35.8346538433444],[129.21389252255,35.8347454633993],[129.213893136468,35.8347554747178],[129.213893875946,35.8347675144037],[129.213900540447,35.8348758867704],[129.213900540448,35.8348758867768],[129.213900540448,35.8348758867873],[129.213900540448,35.8348758867916],[129.21390501027,35.8349709606812],[129.213906679532,35.8349741572117],[129.213909118118,35.8349759098069],[129.213909118162,35.8349759098398],[129.213909118246,35.8349759099072],[129.213909118326,35.8349759099783],[129.213909118401,35.8349759100527],[129.213909118471,35.83497591013],[129.213909118535,35.8349759102105],[129.213909118567,35.8349759102515],[129.213914395185,35.8349832909421],[129.213946495195,35.8350053138502],[129.213968413579,35.835007168291],[129.21397361563,35.8350074745062],[129.214179456322,35.8350159336568],[129.214548949333,35.8350298704221],[129.214832264711,35.835038281191],[129.214832264727,35.8350382811916],[129.214832264759,35.8350382811929],[129.214832264775,35.8350382811937],[129.214887279012,35.8350412200411],[129.214896179009,35.8350416916002],[129.21491039251,35.8350424497167],[129.214940246973,35.835044037522],[129.214940246977,35.8350440375222],[129.214940246981,35.8350440375225],[129.215127831053,35.8350545550076],[129.21512783107,35.8350545550088],[129.215127831105,35.8350545550111],[129.215127831121,35.8350545550124],[129.215207148823,35.8350610294975],[129.215207148848,35.8350610294998],[129.215207148898,35.8350610295049],[129.215207148924,35.8350610295077],[129.215333252181,35.835076107835],[129.215333252234,35.8350761078424],[129.21533325234,35.8350761078593],[129.215333252445,35.8350761078806],[129.215333252548,35.8350761079058],[129.215333252649,35.8350761079348],[129.215333252748,35.8350761079681],[129.215333252846,35.8350761080054],[129.215333252941,35.8350761080464],[129.215333253034,35.835076108091],[129.215333253124,35.8350761081394],[129.215333253211,35.8350761081911],[129.215333253294,35.8350761082463],[129.215333253374,35.8350761083047],[129.215333253451,35.8350761083663],[129.215333253524,35.8350761084309],[129.215333253593,35.8350761084982],[129.215333253658,35.835076108568],[129.215333253718,35.8350761086404],[129.215333253775,35.8350761087154],[129.215333253826,35.8350761087923],[129.215333253873,35.8350761088711],[129.215333253916,35.8350761089517],[129.215333253953,35.8350761090341],[129.215333253985,35.8350761091177],[129.215333254013,35.8350761092022],[129.215333254035,35.835076109288],[129.215333254052,35.8350761093747],[129.215333254064,35.8350761094618],[129.215333254071,35.8350761095491],[129.215333254073,35.8350761096368],[129.215333254069,35.8350761097246],[129.21533325406,35.8350761098119],[129.215333254046,35.8350761098988],[129.215333254026,35.835076109985],[129.215333254002,35.8350761100702],[129.215333253972,35.8350761101545],[129.215333253938,35.8350761102377],[129.215333253898,35.8350761103193],[129.215333253854,35.8350761103991],[129.215333253805,35.8350761104771],[129.215333253751,35.8350761105534],[129.215333253693,35.8350761106272],[129.215333253631,35.8350761106983],[129.215333253565,35.8350761107672],[129.215333253494,35.8350761108337],[129.215333253419,35.835076110897],[129.215333253381,35.8350761109277],[129.215298540173,35.8351028587199],[129.215266752388,35.8351392999171],[129.215266752378,35.8351392999282],[129.215266752358,35.8351392999509],[129.215266752347,35.8351392999625],[129.215219076411,35.8351904857146],[129.21515451982,35.8352618894697],[129.215039102011,35.8353894230627],[129.215022974913,35.8354073098701],[129.215022974909,35.8354073098739],[129.215022974907,35.8354073098768],[129.215019470849,35.8354111605818],[129.215019470848,35.8354111605827],[129.2149700097,35.835465368287],[129.214970009685,35.8354653683031],[129.214970009654,35.8354653683351],[129.214970009639,35.8354653683511],[129.214961510579,35.8354738555025],[129.214961510548,35.8354738555321],[129.214961510484,35.8354738555904],[129.214961510417,35.8354738556465],[129.214961510348,35.8354738557001],[129.214961510275,35.835473855751],[129.2149615102,35.8354738557995],[129.214961510162,35.8354738558232],[129.214954768364,35.8354778320717],[129.214954768315,35.8354778320985],[129.214954768218,35.8354778321501],[129.214954768117,35.8354778321973],[129.214954768013,35.8354778322402],[129.21495476796,35.8354778322605],[129.214947470133,35.8354804587997],[129.214947470089,35.8354804588149],[129.214947469998,35.8354804588437],[129.214947469905,35.8354804588694],[129.214947469812,35.8354804588916],[129.214947469765,35.8354804589018],[129.214940168892,35.8354819153486],[129.214940168868,35.8354819153532],[129.214940168819,35.8354819153619],[129.214940168796,35.835481915366],[129.214924350335,35.8354844669989],[129.214924350328,35.8354844669999],[129.214924350315,35.8354844670019],[129.214924350309,35.8354844670029],[129.21483816561,35.8354975156778],[129.214838165598,35.8354975156795],[129.214838165576,35.8354975156825],[129.214838165566,35.8354975156839],[129.214429675004,35.8355525955528],[129.21442967499,35.8355525955546],[129.214429674962,35.8355525955581],[129.214429674948,35.8355525955597],[129.214244552859,35.8355736598708],[129.214244552843,35.8355736598726],[129.21424455281,35.8355736598759],[129.214244552794,35.8355736598774],[129.214073815289,35.835588924034],[129.214073815237,35.8355889240377],[129.214073815133,35.835588924043],[129.21407381508,35.8355889240446],[129.214011616067,35.8355896653454],[129.21401161606,35.8355896653454],[129.214011616055,35.8355896653455],[129.213933079985,35.8355902628443],[129.213933079944,35.8355902628439],[129.213933079862,35.8355902628421],[129.213933079821,35.8355902628405],[129.213783364905,35.8355823270103],[129.213783364898,35.83558232701],[129.213783364892,35.8355823270096],[129.213593895945,35.8355713141667],[129.213478457985,35.8355715181549],[129.213430936784,35.8355768295047],[129.213383483398,35.835587456834],[129.213340368645,35.835602259298],[129.21333169895,35.8356052406587],[129.213331698947,35.8356052406597],[129.213233638635,35.8356386959883],[129.213141987567,35.8356775210535],[129.213027971985,35.8357336436365],[129.212938991123,35.8357774752822],[129.212938991112,35.8357774752874],[129.21293899109,35.8357774752981],[129.212938991079,35.8357774753035],[129.212834196736,35.8358264184078],[129.212834196715,35.8358264184171],[129.212834196674,35.8358264184354],[129.212834196654,35.8358264184443],[129.212756364595,35.8358592873469],[129.212729377296,35.8358908506804],[129.212705589456,35.8359186690398],[129.212705589421,35.8359186690782],[129.212705589349,35.8359186691538],[129.212705589312,35.8359186691909],[129.212688995651,35.8359342455018],[129.212651073436,35.8359708132666],[129.212651073419,35.8359708132829],[129.212651073385,35.8359708133144],[129.212651073368,35.8359708133297],[129.212279111579,35.8362972315713],[129.212245556015,35.8363271308331],[129.212218803914,35.8363525663093],[129.212080381068,35.8364841751706],[129.212080381038,35.8364841751983],[129.212080380976,35.8364841752526],[129.212080380944,35.8364841752791],[129.212063494648,35.8364977867942],[129.211865972752,35.8366748180674],[129.211817646306,35.8367181327441],[129.211817646303,35.8367181327466],[129.21174292273,35.8367846131757],[129.211708575613,35.8368167484581],[129.211708575597,35.836816748473],[129.211708575564,35.8368167485019],[129.211708575548,35.836816748516],[129.211694650083,35.8368286879327],[129.211690254274,35.8368324719011],[129.211623638827,35.8368921963362],[129.211582569988,35.8369318339408],[129.211561503349,35.836955248242],[129.211561503319,35.8369552482737],[129.211561503257,35.8369552483362],[129.211561503226,35.8369552483669],[129.211550515741,35.8369654249678],[129.211514013436,35.8369992325106],[129.211451364337,35.8370608061201],[129.211451364334,35.8370608061232],[129.211451364328,35.8370608061295],[129.211451364325,35.8370608061326],[129.211393293535,35.8371168388562],[129.211308285756,35.8371989567561],[129.211283500083,35.8372228837924],[129.211250655327,35.8372545738627],[129.211136887661,35.837364465143],[129.211019233789,35.8374780194308],[129.211012410321,35.8374846019343],[129.210992108362,35.8375042028063],[129.2107418815,35.8377457147028],[129.210741881489,35.8377457147126],[129.210741881469,35.8377457147319],[129.210741881458,35.8377457147415],[129.210439114903,35.8380216286001],[129.210439114893,35.8380216286096],[129.210439114871,35.8380216286288],[129.21043911486,35.8380216286385],[129.21039248807,35.8380617254442],[129.21032884853,35.8381212824032],[129.210305210145,35.8381441156159],[129.21027553272,35.8381727917261],[129.210275532708,35.8381727917375],[129.210275532683,35.8381727917607],[129.21027553267,35.8381727917725],[129.209974810002,35.8384440128759],[129.209974809955,35.8384440129159],[129.209974809858,35.8384440129933],[129.209974809808,35.8384440130308],[129.209935588748,35.8384716592623],[129.209935588695,35.8384716592976],[129.209935588586,35.8384716593653],[129.20993558853,35.8384716593977],[129.209815735203,35.8385369548761],[129.209824453808,35.8386289738762],[129.20985533819,35.8389138329111],[129.209886393392,35.8392002418697],[129.209886393394,35.8392002419003],[129.209886393398,35.8392002419616],[129.2098863934,35.8392002419923],[129.20988829089,35.8392779091136],[129.20988829089,35.8392779091342],[129.20988829089,35.839277909176],[129.20988829089,35.8392779091971],[129.209885756999,35.8393561037129],[129.209885756996,35.8393561037582],[129.209885756988,35.8393561038488],[129.209885756973,35.8393561039388],[129.209885756954,35.8393561040282],[129.209885756928,35.8393561041169],[129.209885756898,35.8393561042042],[129.209885756862,35.8393561042898],[129.209885756821,35.8393561043742],[129.209885756774,35.8393561044569],[129.209885756723,35.8393561045375],[129.209885756666,35.8393561046157],[129.209885756605,35.8393561046916],[129.209885756539,35.8393561047652],[129.209885756469,35.8393561048357],[129.209885756394,35.8393561049031],[129.209885756316,35.8393561049675],[129.209885756233,35.8393561050285],[129.209885756147,35.8393561050861],[129.209885756057,35.8393561051403],[129.209885755965,35.8393561051906],[129.209885755869,35.8393561052369],[129.20988575577,35.8393561052793],[129.209885755669,35.8393561053177],[129.209885755566,35.8393561053518],[129.20988575546,35.8393561053817],[129.209885755353,35.8393561054072],[129.209885755245,35.8393561054282],[129.209885755135,35.8393561054448],[129.209885755025,35.8393561054568],[129.209885754914,35.8393561054644],[129.209885754802,35.8393561054673],[129.209885754691,35.8393561054657],[129.20988575458,35.8393561054595],[129.209885754469,35.8393561054487],[129.209885754359,35.8393561054335],[129.20988575425,35.8393561054137],[129.209885754196,35.8393561054027],[129.209783977943,35.8393331783238],[129.209767691858,35.8393295100862],[129.20975378812,35.8393268964406],[129.209055820359,35.8392211814812],[129.20905582035,35.8392211814797],[129.209055820331,35.8392211814767],[129.209055820321,35.8392211814752],[129.208925922499,35.8391995905478],[129.208913944438,35.8391976001044],[129.208913600133,35.8391975431986],[129.208855598897,35.839188008922],[129.208720189177,35.8391657551018],[129.208714053264,35.839164749176],[129.208714053262,35.8391647491755],[129.207913162131,35.8390317932936],[129.207891667525,35.8390282405934],[129.207862647376,35.8390234389165],[129.207851559592,35.8390215957779],[129.207688642385,35.8389945299855],[129.207584445452,35.8389772081251],[129.207584445442,35.8389772081233],[129.207584445419,35.8389772081194],[129.207584445408,35.8389772081174],[129.207416619066,35.8389463851663],[129.207409369725,35.8389451912453],[129.207267893541,35.8389245502017],[129.207267893493,35.8389245501939],[129.207267893399,35.8389245501765],[129.207267893352,35.838924550167],[129.207259314277,35.838922654285],[129.207163118565,35.8389040916029],[129.207125650865,35.8388968602132],[129.207125650813,35.8388968602022],[129.207125650711,35.8388968601782],[129.207125650611,35.8388968601504],[129.207125650512,35.8388968601186],[129.207125650416,35.838896860083],[129.207125650321,35.8388968600437],[129.207125650229,35.8388968600007],[129.20712565014,35.8388968599542],[129.207125650053,35.8388968599041],[129.207125649969,35.8388968598508],[129.207125649889,35.8388968597944],[129.207125649812,35.8388968597348],[129.207125649739,35.8388968596723],[129.207125649669,35.838896859607],[129.207125649604,35.8388968595394],[129.207125649542,35.838896859469],[129.207125649485,35.8388968593959],[129.207125649432,35.838896859321],[129.207125649383,35.8388968592443],[129.207125649339,35.8388968591657],[129.2071256493,35.8388968590853],[129.207125649266,35.8388968590035],[129.207125649236,35.8388968589208],[129.207125649211,35.8388968588367],[129.207125649192,35.8388968587517],[129.207125649177,35.838896858666],[129.207125649167,35.83889685858],[129.207125649163,35.8388968584937],[129.207125649162,35.8388968584505],[129.207125957083,35.8388450828452],[129.207123506845,35.8386633859465],[129.207123506845,35.8386633859342],[129.207123506845,35.8386633859109],[129.207123506845,35.8386633858998],[129.207127600178,35.8384395531325],[129.207129156991,35.838335104003],[129.207133372627,35.8380516267818],[129.207133372627,35.8380516267788],[129.209003585148,35.8371948618942],[129.209014287202,35.8371946907313],[129.209024467677,35.8371945197809],[129.208988019407,35.8368735213441],[129.208987189398,35.8368667241893],[129.208987189394,35.8368667241451],[129.208987189388,35.8368667240563],[129.208987189388,35.8368667239673],[129.208987189394,35.8368667238785],[129.208987189404,35.8368667237903],[129.20898718942,35.8368667237024],[129.208987189442,35.8368667236151],[129.208987189468,35.8368667235289],[129.2089871895,35.8368667234439],[129.208987189537,35.8368667233603],[129.208987189579,35.8368667232784],[129.208987189626,35.8368667231981],[129.208987189677,35.8368667231196],[129.208987189734,35.8368667230435],[129.208987189795,35.8368667229698],[129.20898718986,35.8368667228985],[129.208987189929,35.83686672283],[129.208987190003,35.8368667227643],[129.20898719008,35.8368667227018],[129.208987190161,35.8368667226423],[129.208987190246,35.836866722586],[129.208987190334,35.8368667225334],[129.208987190425,35.8368667224845],[129.208987190519,35.8368667224391],[129.208987190615,35.8368667223976],[129.208987190714,35.83686672236],[129.208987190815,35.8368667223264],[129.208987190918,35.8368667222969],[129.208987191023,35.8368667222715],[129.208987191129,35.8368667222504],[129.208987191236,35.8368667222336],[129.208987191344,35.8368667222211],[129.208987191398,35.836866722216],[129.208995511236,35.8368660991694],[129.208992174991,35.8368343293595],[129.208984796569,35.8367642162165],[129.208984796568,35.8367642162036],[129.208984796566,35.8367642161792],[129.208984796565,35.8367642161677],[129.208971420621,35.8365777119867],[129.208967839978,35.8365277898788],[129.208687708682,35.8365722489809],[129.208687708664,35.8365722489835],[129.208687708631,35.8365722489884],[129.208687708614,35.8365722489907],[129.208615835432,35.8365817911299],[129.208566195361,35.8365886086204],[129.208614908101,35.8366247528025],[129.208614908142,35.8366247528343],[129.208614908222,35.8366247528997],[129.208614908297,35.8366247529683],[129.208614908368,35.83662475304],[129.208614908434,35.8366247531145],[129.208614908496,35.8366247531917],[129.208614908553,35.8366247532714],[129.208614908604,35.8366247533533],[129.208614908651,35.8366247534371],[129.208614908692,35.8366247535229],[129.208614908728,35.8366247536104],[129.208614908758,35.8366247536992],[129.208614908771,35.8366247537438],[129.20861887495,35.8366392834783],[129.208618874963,35.8366392835344],[129.208618874985,35.8366392836471],[129.208618874994,35.8366392837037],[129.208622613584,35.8366722630007],[129.208622613585,35.8366722630137],[129.208622613588,35.83667226304],[129.208622613589,35.8366722630534],[129.208628397643,35.8367472372046],[129.208628397644,35.836747237223],[129.208628397646,35.8367472372597],[129.208628397647,35.836747237278],[129.208629745133,35.836797209443],[129.208629745133,35.8367972094488],[129.208629745133,35.8367972094581],[129.208629745133,35.8367972094616],[129.208630840445,35.8368737242055],[129.208633181852,35.8369227031899],[129.208633181852,35.8369227031987],[129.208633181853,35.8369227032164],[129.208633181853,35.8369227032253],[129.208634549154,35.8369805153828],[129.208634549154,35.8369805153842],[129.208636952056,35.8370914106785],[129.208636952056,35.837091410682],[129.208636952056,35.8370914106855],[129.208638391796,35.8371771175516],[129.208638450661,35.8371784686536],[129.208649027108,35.8372026291314],[129.208668071604,35.837193394943],[129.208668071647,35.8371933949229],[129.208668071736,35.8371933948844],[129.208668071826,35.8371933948491],[129.208668071918,35.8371933948172],[129.208668072012,35.8371933947888],[129.208668072108,35.8371933947638],[129.208668072204,35.8371933947425],[129.208668072302,35.8371933947247],[129.208668072401,35.8371933947104],[129.208668072501,35.8371933946999],[129.208668072601,35.8371933946931],[129.208668072701,35.8371933946899],[129.208668072751,35.8371933946892],[129.208792126632,35.8371940643982],[129.209003585148,35.8371948618942],[129.207133372627,35.8380516267788]]]},"properties":{"trarNo":"11075","mainTrarNm":"황남파출소","ctprvnNm":"경상북도","signguNm":"경주시","trarArea":183600,"coordNum":1109,"stdrDt":"2024-01-01"}},{"type":"Feature","geometry":{"type":"Polygon","coordinates":[[[129.218211769919,35.8417797023573],[129.218213954652,35.8417796638939],[129.218282830717,35.8417776105462],[129.21837113554,35.8417744327716],[129.218370058965,35.8418470811959],[129.218369344216,35.8419008851086],[129.21836894799,35.8419306561642],[129.218368918615,35.8419328868705],[129.218368626607,35.8419548639572],[129.218368617149,35.8419556574016],[129.218368280463,35.8419815169458],[129.218368244034,35.8419843445344],[129.218370304605,35.8420655861609],[129.218370490298,35.8420729612954],[129.218375009158,35.842223806026],[129.218377361307,35.8423549968163],[129.218377405955,35.8423789271202],[129.218377827102,35.8426100792603],[129.218378007615,35.8426263485633],[129.218379791164,35.8427867079632],[129.218380679021,35.8428665519061],[129.218381221865,35.8429158303771],[129.218382020919,35.8429886845469],[129.21840510933,35.8429874104372],[129.218771442439,35.8429671826932],[129.218834009665,35.8430213586346],[129.218890164308,35.8430512256671],[129.218896126934,35.8430538096632],[129.218901618212,35.8430543044495],[129.218916836462,35.8430537369263],[129.219007750164,35.8430470740386],[129.219015743678,35.8430464917897],[129.219046990813,35.8431112286755],[129.219202234258,35.8434328699405],[129.21943143569,35.8438602158506],[129.219442704413,35.8443741603449],[129.21944852833,35.8444106738458],[129.219455571444,35.8444548352519],[129.219461602858,35.8444926511413],[129.219505892299,35.844711412636],[129.219508038333,35.8453260694617],[129.219513221945,35.8457438246083],[129.219502716012,35.8461393671354],[129.219667726806,35.8461431055378],[129.219711561057,35.8461634106185],[129.219730093272,35.8461719943402],[129.219735162926,35.8461762840759],[129.219750216723,35.8462730777884],[129.220429469607,35.8465876049328],[129.220436673938,35.8467640384946],[129.220438349302,35.8468052485881],[129.22044670358,35.8470096911526],[129.220454156871,35.8471922611716],[129.220467966685,35.8475307184109],[129.220477313771,35.8477597817065],[129.22048024487,35.8478314351078],[129.220482916023,35.8478969503949],[129.220488506281,35.8480337676791],[129.220480437878,35.8481150036803],[129.220473850403,35.8482147647895],[129.220473190364,35.8482247528188],[129.219908848541,35.8482497980939],[129.219908933381,35.8482801788467],[129.219629523172,35.8482843186056],[129.219619421647,35.8483390789879],[129.219602457844,35.8485470184813],[129.219593931304,35.8486514346563],[129.21958840587,35.8487192101268],[129.219582482502,35.8487917349294],[129.219568998485,35.8489570040228],[129.219557002914,35.849103983143],[129.219077340534,35.849081204571],[129.219042986302,35.8493022615981],[129.219031609835,35.8495504860953],[129.218685147572,35.8495758883315],[129.218607996527,35.8495790105575],[129.218546026279,35.8495815161914],[129.218515188853,35.8495827632722],[129.218417290266,35.8495923312265],[129.218417131038,35.8495907000098],[129.218392328187,35.8495887614272],[129.218367198284,35.8495880868889],[129.218326561969,35.8495862296375],[129.218323578254,35.8495860947261],[129.218310626324,35.8495859374268],[129.218268130917,35.8495137338337],[129.2182498167,35.8495208750501],[129.218188633737,35.8494467165634],[129.218278568067,35.8488663300841],[129.218257383546,35.84880648938],[129.218256673506,35.8486805543454],[129.218255009716,35.8483855740482],[129.218256028165,35.8483855630863],[129.218275507706,35.8483847165236],[129.218270879173,35.8483672109081],[129.218262009009,35.8483671656022],[129.218252269755,35.8483675870667],[129.218226975748,35.8483678587076],[129.218034640293,35.8483679438495],[129.217760438465,35.8483702495679],[129.217277156223,35.8483738849561],[129.217277774671,35.8483651325667],[129.217278627936,35.8483532522691],[129.217289016289,35.8482077990722],[129.217289992595,35.8480126316754],[129.217290273087,35.847956736254],[129.217290653893,35.8478807956853],[129.217290725007,35.8478662770927],[129.217290676582,35.8478399516018],[129.217290619791,35.8478108766875],[129.217290350258,35.847666632378],[129.217290315432,35.847649563176],[129.217290321335,35.8476022926127],[129.217290404633,35.8471063254758],[129.217290339342,35.8470824008884],[129.217290274735,35.8470585592293],[129.217287473108,35.8464970427406],[129.217287441919,35.8464904623136],[129.217287058851,35.8464148842282],[129.217286690108,35.8462133020823],[129.21728639206,35.8460544305869],[129.217284084855,35.8457951988523],[129.217284055268,35.8457924407195],[129.217283811793,35.8457640517923],[129.217279619973,35.8452871544383],[129.217277077688,35.8451374227352],[129.217269894277,35.8447143834123],[129.217264842923,35.8444168622295],[129.217264211295,35.8443797136609],[129.21726675622,35.8442566068387],[129.217259685181,35.8438406118881],[129.217261219947,35.8437286285517],[129.217261983032,35.8436728226447],[129.217268298418,35.8432118575195],[129.217269499694,35.8431241001556],[129.217269895844,35.8430948718104],[129.217271001936,35.8430412633391],[129.217276393061,35.8427798011401],[129.217277439892,35.8427294010162],[129.217278242738,35.8426904839438],[129.217279573183,35.8426259705472],[129.217279717636,35.8425198027384],[129.217279836616,35.8424329938887],[129.217279840891,35.8424265680079],[129.217279854733,35.8424190962623],[129.217279863027,35.8424100839517],[129.217280248498,35.8421191415372],[129.217279522079,35.8420840127558],[129.217274779812,35.8418532829108],[129.217277720616,35.8418113874062],[129.217447728167,35.8418037907374],[129.2175652708,35.8418010015119],[129.217642618203,35.841792237535],[129.217720023512,35.8417888284231],[129.217741250963,35.8417878875654],[129.218211769919,35.8417797023573]]]},"properties":{"trarNo":"11072","mainTrarNm":"경주(역포)시외터미널","ctprvnNm":"경상북도","signguNm":"경주시","trarArea":162159,"coordNum":156,"stdrDt":"2024-01-01"}},{"type":"Feature","geometry":{"type":"Polygon","coordinates":[[[129.221927097868,35.8562187932986],[129.221903528873,35.8561672036986],[129.221878067532,35.8561114727435],[129.221798227382,35.8559376123961],[129.221770676242,35.8558776157807],[129.221770676239,35.8558776157754],[129.221770676237,35.8558776157709],[129.221750424674,35.8558326613083],[129.221731922788,35.8557915987247],[129.221731922785,35.8557915987177],[129.221731922779,35.855791598704],[129.221731922776,35.8557915986973],[129.221626134648,35.8555445262717],[129.22160192805,35.8554945152627],[129.221584826827,35.8554591732489],[129.221584826822,35.8554591732388],[129.221584826813,35.8554591732199],[129.221584826809,35.8554591732111],[129.221474218654,35.8552146325381],[129.22147421865,35.8552146325281],[129.221474218641,35.8552146325081],[129.221474218637,35.855214632498],[129.22145398105,35.8551664161947],[129.221453981034,35.8551664161532],[129.221453981004,35.8551664160697],[129.22145398098,35.8551664159851],[129.22145398096,35.8551664158996],[129.221453980946,35.8551664158135],[129.221453980936,35.8551664157269],[129.221453980932,35.8551664156402],[129.221453980933,35.8551664155532],[129.221453980939,35.8551664154663],[129.22145398095,35.8551664153798],[129.221453980966,35.8551664152942],[129.221453980988,35.855166415209],[129.221453981014,35.8551664151246],[129.221453981046,35.8551664150415],[129.221453981082,35.8551664149597],[129.221453981123,35.8551664148795],[129.221453981169,35.8551664148009],[129.221453981219,35.8551664147242],[129.221453981274,35.8551664146497],[129.221453981333,35.8551664145773],[129.221453981396,35.8551664145074],[129.221453981464,35.8551664144399],[129.221453981535,35.8551664143753],[129.22145398161,35.8551664143136],[129.221453981689,35.8551664142548],[129.221453981771,35.8551664141991],[129.221453981856,35.8551664141468],[129.221453981945,35.8551664140979],[129.221453982036,35.8551664140526],[129.221453982129,35.8551664140109],[129.221453982225,35.8551664139728],[129.221453982324,35.8551664139386],[129.221453982373,35.8551664139225],[129.221509443172,35.8551496122847],[129.221509443217,35.8551496122718],[129.221509443309,35.8551496122479],[129.221509443401,35.8551496122271],[129.221509443494,35.8551496122096],[129.221509443589,35.8551496121953],[129.221509443684,35.8551496121845],[129.221509443779,35.855149612177],[129.221509443874,35.8551496121728],[129.221509443922,35.8551496121716],[129.222458153976,35.8551418941235],[129.222458153977,35.8551418941235],[129.222458153983,35.8551418941235],[129.222458153988,35.8551418941234],[129.222492027525,35.855141768961],[129.222483409046,35.8547925256904],[129.222483409046,35.8547925256853],[129.222483409046,35.8547925256739],[129.222483409046,35.8547925256675],[129.222483137048,35.8547626046962],[129.22248299024,35.8547454812471],[129.22248299024,35.8547454812431],[129.22248299024,35.8547454812353],[129.22248299024,35.8547454812315],[129.222483748427,35.8543841875933],[129.222483748428,35.8543841875495],[129.222483748434,35.8543841874618],[129.222483748444,35.8543841873743],[129.22248374846,35.8543841872874],[129.222483748481,35.854384187201],[129.222483748508,35.8543841871159],[129.222483748539,35.8543841870318],[129.222483748575,35.854384186949],[129.222483748616,35.8543841868677],[129.222483748662,35.8543841867883],[129.222483748713,35.854384186711],[129.222483748768,35.8543841866355],[129.222483748828,35.8543841865624],[129.222483748892,35.8543841864917],[129.22248374896,35.8543841864234],[129.222483749033,35.8543841863581],[129.222483749109,35.8543841862959],[129.222483749188,35.8543841862366],[129.222483749271,35.8543841861806],[129.222483749358,35.8543841861279],[129.222483749447,35.8543841860789],[129.222483749539,35.8543841860333],[129.222483749634,35.8543841859913],[129.222483749732,35.8543841859533],[129.222483749831,35.8543841859192],[129.222483749933,35.8543841858891],[129.222483750036,35.854384185863],[129.22248375014,35.8543841858411],[129.222483750246,35.8543841858233],[129.222483750352,35.8543841858097],[129.222483750459,35.8543841858004],[129.222483750567,35.8543841857953],[129.222483750621,35.8543841857939],[129.2225395334,35.8543837852392],[129.222941118781,35.8543771063112],[129.222940349859,35.8543397353695],[129.222933415079,35.8541349394034],[129.222931377232,35.8540746492145],[129.222931377232,35.8540746492117],[129.222927109031,35.8539413353886],[129.222924472744,35.8538810736224],[129.222923078077,35.8538491719589],[129.222923078077,35.8538491719419],[129.222923078076,35.8538491719083],[129.222923078076,35.8538491718918],[129.222923589177,35.8536005767123],[129.222923600344,35.8535950549419],[129.222923714066,35.8535367081446],[129.222923733848,35.8535276956913],[129.222923806627,35.8534939619121],[129.22292335124,35.8534775244347],[129.222923294816,35.8534755311536],[129.222922920409,35.8534622215546],[129.222922920408,35.8534622215432],[129.222922920408,35.853462221521],[129.222922920408,35.8534622215103],[129.222923216821,35.8533218511596],[129.22292323112,35.8533150925034],[129.222923249387,35.8533060611403],[129.222923483505,35.8531908008139],[129.222923102686,35.8530739385827],[129.222801190045,35.8530864470364],[129.222448416108,35.8531641343116],[129.222230186688,35.8532121934592],[129.222230186639,35.8532121934691],[129.222230186539,35.8532121934872],[129.222230186438,35.8532121935014],[129.222230186336,35.8532121935118],[129.222230186285,35.8532121935161],[129.222217080484,35.8532130376985],[129.222179195131,35.8532160455262],[129.222178608133,35.8532160918048],[129.222178608126,35.8532160918053],[129.222161973819,35.8532173210221],[129.222095587388,35.8532222465212],[129.221910038792,35.8532391968013],[129.221847614072,35.8532487657206],[129.221701396308,35.8532711774351],[129.221456969561,35.8533339100324],[129.221456969521,35.8533339100419],[129.221456969441,35.8533339100597],[129.221456969401,35.853333910068],[129.221101995832,35.8534018113725],[129.22110199578,35.8534018113814],[129.221101995675,35.8534018113972],[129.221101995569,35.8534018114089],[129.221101995462,35.8534018114164],[129.221101995356,35.8534018114196],[129.221101995249,35.8534018114187],[129.221101995142,35.8534018114136],[129.221101995036,35.8534018114043],[129.221101994931,35.8534018113909],[129.221101994826,35.8534018113733],[129.221101994723,35.8534018113517],[129.221101994621,35.853401811326],[129.22110199452,35.8534018112963],[129.221101994422,35.8534018112627],[129.221101994325,35.8534018112253],[129.221101994231,35.8534018111842],[129.221101994139,35.8534018111393],[129.221101994051,35.8534018110909],[129.221101993965,35.8534018110392],[129.221101993882,35.8534018109842],[129.221101993803,35.853401810926],[129.221101993727,35.8534018108647],[129.221101993655,35.8534018108005],[129.221101993587,35.8534018107336],[129.221101993523,35.8534018106638],[129.221101993463,35.8534018105918],[129.221101993408,35.8534018105176],[129.221101993357,35.8534018104413],[129.22110199331,35.8534018103631],[129.221101993268,35.8534018102831],[129.221101993231,35.8534018102015],[129.221101993199,35.8534018101186],[129.221101993172,35.8534018100347],[129.22110199315,35.8534018099496],[129.221101993133,35.8534018098638],[129.221101993121,35.8534018097774],[129.221101993114,35.8534018096904],[129.221101993112,35.8534018096035],[129.221101993115,35.8534018095166],[129.221101993124,35.8534018094299],[129.221101993138,35.8534018093438],[129.221101993156,35.8534018092582],[129.22110199318,35.8534018091737],[129.221101993209,35.8534018090899],[129.221101993243,35.8534018090073],[129.221101993281,35.8534018089262],[129.221101993325,35.8534018088466],[129.221101993373,35.8534018087689],[129.221101993425,35.8534018086933],[129.221101993482,35.8534018086197],[129.221101993544,35.8534018085486],[129.221101993609,35.8534018084799],[129.221101993678,35.8534018084138],[129.221101993752,35.8534018083506],[129.221101993829,35.8534018082903],[129.221101993909,35.853401808233],[129.221101993993,35.853401808179],[129.22110199408,35.8534018081283],[129.221101994124,35.8534018081039],[129.221133896641,35.8533850223988],[129.221224041181,35.8533279620749],[129.221308426441,35.8532745433055],[129.221370491791,35.8532241767459],[129.221370491828,35.8532241767172],[129.221370491903,35.8532241766615],[129.221370491981,35.8532241766088],[129.221370492062,35.853224176559],[129.221370492104,35.8532241765348],[129.221838800105,35.8529633624088],[129.22184919039,35.8529574854255],[129.221849190395,35.8529574854228],[129.221849190396,35.8529574854218],[129.221913718363,35.852921217636],[129.22194316398,35.8529046616177],[129.221995975891,35.8528749767204],[129.222810874139,35.8524170594653],[129.222816787058,35.852413623841],[129.222816787108,35.8524136238135],[129.22281678721,35.8524136237609],[129.222816787262,35.8524136237357],[129.222843167643,35.8524015883273],[129.222918247574,35.8523508365205],[129.222921717628,35.8522891673185],[129.222917182729,35.852047677014],[129.222917182728,35.8520476770038],[129.222917182728,35.8520476769832],[129.222917182728,35.8520476769727],[129.222917387665,35.8520256777365],[129.222917538777,35.8520085085402],[129.222917581443,35.8520037769298],[129.222916911427,35.8517666502275],[129.222916808838,35.8517299791813],[129.222916666863,35.8516786442019],[129.222916461268,35.8516329146824],[129.222916461269,35.8516329146391],[129.222916461274,35.8516329145524],[129.222916461284,35.8516329144659],[129.222916461299,35.85163291438],[129.222916461319,35.851632914295],[129.222916461344,35.8516329142107],[129.222916461374,35.8516329141275],[129.222916461409,35.8516329140455],[129.222916461448,35.851632913965],[129.222916461493,35.8516329138861],[129.222916461542,35.8516329138092],[129.222916461595,35.8516329137342],[129.222916461653,35.8516329136611],[129.222916461715,35.8516329135906],[129.222916461781,35.8516329135228],[129.222916461851,35.8516329134575],[129.222916461925,35.851632913395],[129.222916462003,35.8516329133354],[129.222916462084,35.851632913279],[129.222916462168,35.8516329132259],[129.222916462255,35.8516329131762],[129.222916462345,35.8516329131298],[129.222916462438,35.8516329130869],[129.222916462533,35.8516329130479],[129.22291646263,35.8516329130126],[129.22291646273,35.8516329129812],[129.222916462831,35.8516329129536],[129.222916462933,35.8516329129301],[129.222916463037,35.8516329129106],[129.222916463142,35.8516329128952],[129.222916463248,35.8516329128839],[129.222916463354,35.8516329128768],[129.222916463407,35.8516329128743],[129.223268113622,35.8516231440445],[129.223288458174,35.8516223762019],[129.223495314969,35.8516145233341],[129.223495315032,35.8516145233332],[129.223495315158,35.8516145233342],[129.223495315283,35.8516145233411],[129.223495315408,35.8516145233538],[129.223495315532,35.8516145233723],[129.223495315655,35.8516145233964],[129.223495315716,35.8516145234099],[129.223516552025,35.8516197744895],[129.223711029682,35.8516111505095],[129.223719208755,35.8516106121519],[129.22393721753,35.8515962303908],[129.22393721757,35.8515962303887],[129.223937217651,35.8515962303858],[129.223937217691,35.8515962303849],[129.224191417254,35.8515946148986],[129.224191417308,35.8515946148994],[129.224191417416,35.851594614903],[129.224191417524,35.8515946149109],[129.224191417631,35.8515946149231],[129.224191417737,35.8515946149395],[129.224191417842,35.8515946149601],[129.224191417946,35.8515946149849],[129.224191418048,35.8515946150137],[129.224191418149,35.8515946150467],[129.224191418247,35.8515946150836],[129.224191418343,35.8515946151243],[129.224191418436,35.8515946151688],[129.224191418527,35.8515946152169],[129.224191418614,35.8515946152686],[129.224191418699,35.8515946153238],[129.224191418779,35.8515946153822],[129.224191418857,35.8515946154436],[129.22419141893,35.8515946155081],[129.224191419,35.8515946155754],[129.224191419065,35.8515946156455],[129.224191419127,35.8515946157184],[129.224191419183,35.8515946157934],[129.224191419236,35.8515946158704],[129.224191419283,35.8515946159495],[129.224191419326,35.8515946160302],[129.224191419363,35.8515946161127],[129.224191419396,35.8515946161965],[129.224191419424,35.8515946162815],[129.224191419447,35.8515946163681],[129.224191419464,35.851594616455],[129.224191419476,35.8515946165421],[129.224191419483,35.85159461663],[129.224191419485,35.8515946166741],[129.224193457212,35.8517053315558],[129.224193457212,35.8517053315574],[129.224193457212,35.8517053315589],[129.224193897343,35.8517324050246],[129.224193991226,35.8517384788002],[129.224194457618,35.8517668671573],[129.224194457618,35.8517668671604],[129.224194457618,35.8517668671635],[129.224196497529,35.8519342341855],[129.224196654936,35.8519470752642],[129.224732215238,35.8519069948441],[129.224732215243,35.8519069948437],[129.224732215248,35.8519069948433],[129.224760968863,35.8519049504299],[129.224747692216,35.8517530808542],[129.224740754452,35.8516869148462],[129.224740754448,35.8516869148029],[129.224740754444,35.8516869147162],[129.224740754446,35.8516869146295],[129.224740754452,35.8516869145429],[129.224740754463,35.8516869144567],[129.22474075448,35.8516869143709],[129.224740754501,35.8516869142859],[129.224740754528,35.8516869142019],[129.224740754559,35.8516869141192],[129.224740754596,35.8516869140376],[129.224740754637,35.8516869139574],[129.224740754683,35.8516869138791],[129.224740754733,35.8516869138024],[129.224740754788,35.851686913728],[129.224740754847,35.8516869136562],[129.224740754911,35.8516869135865],[129.224740754978,35.8516869135192],[129.224740755049,35.8516869134548],[129.224740755124,35.8516869133932],[129.224740755203,35.8516869133346],[129.224740755285,35.8516869132791],[129.22474075537,35.8516869132269],[129.224740755458,35.8516869131783],[129.224740755549,35.8516869131331],[129.224740755643,35.8516869130914],[129.224740755739,35.8516869130535],[129.224740755837,35.8516869130194],[129.224740755937,35.8516869129892],[129.224740756038,35.8516869129629],[129.224740756141,35.8516869129406],[129.224740756245,35.8516869129224],[129.224740756351,35.8516869129083],[129.224740756403,35.8516869129023],[129.224768291062,35.8516843206341],[129.225011825144,35.8516612370776],[129.225313348917,35.8516202279717],[129.225368676159,35.8516079133093],[129.225432135228,35.8515703394262],[129.225446005082,35.8515620493568],[129.225608098272,35.8514652856778],[129.22560809832,35.8514652856502],[129.22560809842,35.8514652855971],[129.225608098471,35.8514652855717],[129.225670705352,35.8514357614094],[129.22569775852,35.851411737792],[129.225698477072,35.8514110703001],[129.225698477074,35.8514110702975],[129.225718627479,35.8513924121932],[129.225785245394,35.8513135000178],[129.225785245425,35.8513134999824],[129.22578524549,35.8513134999128],[129.22578524556,35.8513134998457],[129.225785245633,35.8513134997816],[129.225785245709,35.8513134997205],[129.22578524579,35.8513134996624],[129.225785245874,35.8513134996072],[129.225785245961,35.8513134995557],[129.22578524605,35.8513134995081],[129.225785246143,35.8513134994637],[129.225785246238,35.851313499423],[129.225785246336,35.8513134993862],[129.225785246435,35.8513134993532],[129.225785246537,35.8513134993243],[129.22578524664,35.8513134992994],[129.225785246744,35.8513134992785],[129.22578524685,35.8513134992619],[129.225785246956,35.8513134992494],[129.22578524701,35.8513134992442],[129.226576706781,35.8512524831174],[129.226576477027,35.8512455637819],[129.226576477027,35.8512455637372],[129.22657647703,35.8512455636476],[129.226576477038,35.8512455635581],[129.226576477051,35.851245563469],[129.22657647707,35.8512455633809],[129.226576477094,35.8512455632934],[129.226576477124,35.8512455632069],[129.226576477158,35.8512455631219],[129.226576477198,35.8512455630384],[129.226576477243,35.8512455629566],[129.226576477293,35.8512455628765],[129.226576477348,35.8512455627988],[129.226576477407,35.8512455627234],[129.226576477471,35.8512455626504],[129.22657647754,35.8512455625801],[129.226576477612,35.8512455625127],[129.226576477689,35.8512455624483],[129.226576477769,35.851245562387],[129.226576477853,35.8512455623292],[129.226576477941,35.8512455622748],[129.226576478031,35.8512455622239],[129.226576478125,35.8512455621768],[129.226576478222,35.8512455621335],[129.226576478321,35.8512455620942],[129.226576478421,35.8512455620592],[129.226576478525,35.8512455620281],[129.22657647863,35.8512455620011],[129.226576478737,35.8512455619785],[129.226576478845,35.8512455619603],[129.226576478953,35.8512455619465],[129.226576479008,35.8512455619407],[129.227312194544,35.8511822472515],[129.227312194598,35.8511822472479],[129.227312194708,35.851182247243],[129.227312194818,35.8511822472424],[129.227312194928,35.8511822472463],[129.227312195037,35.8511822472546],[129.227312195146,35.8511822472674],[129.227312195254,35.8511822472845],[129.22731219536,35.851182247306],[129.227312195465,35.8511822473317],[129.227312195569,35.8511822473616],[129.22731219567,35.8511822473957],[129.22731219577,35.8511822474338],[129.227312195867,35.8511822474759],[129.227312195961,35.8511822475218],[129.227312196052,35.8511822475716],[129.22731219614,35.851182247625],[129.227312196225,35.8511822476819],[129.227312196307,35.8511822477421],[129.227312196384,35.8511822478054],[129.227312196457,35.8511822478719],[129.227312196527,35.8511822479414],[129.227312196592,35.8511822480134],[129.227312196652,35.8511822480878],[129.227312196708,35.8511822481648],[129.22731219676,35.8511822482441],[129.227312196806,35.8511822483252],[129.227312196847,35.8511822484078],[129.227312196883,35.8511822484922],[129.227312196915,35.8511822485782],[129.22731219694,35.8511822486651],[129.227312196961,35.8511822487531],[129.227312196976,35.8511822488417],[129.227312196985,35.8511822489304],[129.22731219699,35.8511822490198],[129.227312196988,35.8511822491093],[129.227312196982,35.8511822491986],[129.227312196969,35.8511822492877],[129.227312196952,35.851182249376],[129.227312196929,35.8511822494634],[129.227312196901,35.8511822495498],[129.227312196867,35.8511822496349],[129.227312196829,35.8511822497186],[129.227312196785,35.8511822498008],[129.227312196737,35.851182249881],[129.227312196711,35.8511822499206],[129.227311623834,35.8511830880928],[129.2273095112,35.8512033505541],[129.22732381233,35.8512264583496],[129.227345105015,35.8512400265942],[129.227419372927,35.8512706195774],[129.227501058562,35.8512864540753],[129.227582778455,35.8512943667123],[129.227664493754,35.8512966009136],[129.227664493812,35.8512966009163],[129.227664493925,35.8512966009243],[129.227664494038,35.8512966009369],[129.22766449415,35.8512966009543],[129.227664494206,35.8512966009641],[129.227807567682,35.8513250720227],[129.227807567733,35.851325072034],[129.227807567835,35.8513250720585],[129.227807567935,35.8513250720869],[129.227807568033,35.8513250721192],[129.22780756813,35.8513250721553],[129.227807568224,35.8513250721951],[129.227807568316,35.8513250722388],[129.227807568405,35.8513250722858],[129.227807568491,35.8513250723362],[129.227807568574,35.8513250723899],[129.227807568654,35.8513250724467],[129.22780756873,35.8513250725066],[129.227807568803,35.8513250725695],[129.227807568872,35.8513250726352],[129.227807568937,35.8513250727035],[129.227807568998,35.8513250727742],[129.227807569055,35.8513250728472],[129.227807569107,35.8513250729224],[129.227807569155,35.8513250729994],[129.227807569198,35.8513250730782],[129.227807569237,35.8513250731588],[129.227807569271,35.8513250732407],[129.227807569299,35.8513250733236],[129.227807569323,35.8513250734078],[129.227807569343,35.8513250734929],[129.227807569357,35.8513250735785],[129.227807569365,35.8513250736645],[129.227807569369,35.8513250737508],[129.227807569368,35.8513250738375],[129.227807569362,35.8513250739237],[129.227807569351,35.8513250740092],[129.227807569334,35.8513250740946],[129.227807569325,35.8513250741373],[129.227802314277,35.8513458485241],[129.227808704646,35.8514209647153],[129.227808704649,35.851420964759],[129.227808704651,35.8514209648464],[129.227808704648,35.8514209649337],[129.22780870464,35.8514209650209],[129.227808704626,35.8514209651076],[129.227808704608,35.8514209651937],[129.227808704584,35.8514209652791],[129.227808704555,35.8514209653633],[129.227808704522,35.8514209654464],[129.227808704483,35.8514209655279],[129.22780870444,35.8514209656078],[129.227808704392,35.851420965686],[129.227808704339,35.851420965762],[129.227808704282,35.851420965836],[129.22780870422,35.8514209659076],[129.227808704155,35.8514209659768],[129.227808704085,35.8514209660433],[129.227808704011,35.8514209661069],[129.227808703934,35.8514209661676],[129.227808703853,35.8514209662252],[129.227808703769,35.8514209662794],[129.227808703682,35.8514209663303],[129.227808703591,35.8514209663777],[129.227808703498,35.8514209664215],[129.227808703403,35.8514209664614],[129.227808703305,35.8514209664976],[129.227808703206,35.8514209665298],[129.227808703104,35.8514209665582],[129.227808703001,35.8514209665825],[129.227808702896,35.8514209666027],[129.227808702844,35.8514209666118],[129.227695261485,35.8514382047766],[129.227695261439,35.8514382047828],[129.227695261346,35.8514382047936],[129.227695261253,35.8514382048012],[129.22769526116,35.8514382048056],[129.227695261113,35.851438204807],[129.227522351659,35.8514403778333],[129.227499260611,35.8514406648302],[129.227499260605,35.8514406648303],[129.227499260604,35.8514406648302],[129.227096122718,35.8514448921411],[129.227095749462,35.8517901138782],[129.22709591935,35.8518423048254],[129.227095977489,35.8518587164619],[129.227095977489,35.8518587164645],[129.227095977489,35.8518587164687],[129.227095559013,35.8522618800638],[129.227313580181,35.8522600677062],[129.227422018949,35.8522591664535],[129.227557794634,35.8522580378342],[129.227605743841,35.8522576385229],[129.227802717554,35.8522559990782],[129.228167350933,35.8522526171869],[129.228167350988,35.8522526171875],[129.228167351098,35.8522526171909],[129.228167351207,35.8522526171987],[129.228167351315,35.8522526172109],[129.228167351423,35.8522526172274],[129.228167351529,35.8522526172483],[129.228167351634,35.8522526172734],[129.228167351738,35.8522526173027],[129.228167351839,35.852252617336],[129.228167351938,35.8522526173735],[129.228167352036,35.8522526174151],[129.22816735213,35.8522526174603],[129.228167352221,35.8522526175093],[129.228167352309,35.8522526175619],[129.228167352395,35.8522526176181],[129.228167352476,35.8522526176776],[129.228167352554,35.8522526177402],[129.228167352628,35.852252617806],[129.228167352698,35.8522526178746],[129.228167352763,35.852252617946],[129.228167352824,35.8522526180199],[129.228167352881,35.8522526180962],[129.228167352933,35.8522526181748],[129.22816735298,35.8522526182553],[129.228167353022,35.8522526183376],[129.228167353059,35.8522526184214],[129.228167353091,35.8522526185067],[129.228167353118,35.8522526185931],[129.228167353139,35.8522526186804],[129.228167353155,35.8522526187686],[129.228167353166,35.8522526188572],[129.228167353171,35.8522526189462],[129.228167353171,35.8522526190357],[129.228167353166,35.8522526191247],[129.228167353155,35.8522526192132],[129.228167353139,35.8522526193014],[129.228167353117,35.8522526193891],[129.22816735309,35.8522526194755],[129.228167353058,35.8522526195604],[129.228167353021,35.8522526196442],[129.228167352978,35.8522526197264],[129.228167352931,35.8522526198068],[129.228167352879,35.8522526198853],[129.228167352822,35.8522526199615],[129.228167352793,35.852252619999],[129.22815280103,35.8522701404858],[129.228116017357,35.8523334589681],[129.228098702702,35.8523664869875],[129.227974576489,35.8526032532252],[129.227947844204,35.8526584869027],[129.227947844183,35.8526584869442],[129.227947844137,35.8526584870263],[129.227947844086,35.8526584871065],[129.227947844031,35.8526584871844],[129.22794784397,35.8526584872602],[129.227947843905,35.8526584873333],[129.227947843836,35.8526584874035],[129.227947843763,35.8526584874709],[129.227947843685,35.8526584875353],[129.227947843604,35.8526584875964],[129.227947843519,35.8526584876543],[129.22794784343,35.8526584877085],[129.227947843339,35.8526584877588],[129.227947843244,35.8526584878056],[129.227947843146,35.8526584878485],[129.227947843047,35.8526584878873],[129.227947842944,35.852658487922],[129.22794784284,35.8526584879525],[129.227947842734,35.8526584879787],[129.227947842627,35.8526584880005],[129.227947842518,35.852658488018],[129.227947842409,35.852658488031],[129.227947842298,35.8526584880395],[129.227947842188,35.8526584880435],[129.227947842132,35.8526584880444],[129.227444432825,35.8526563060875],[129.227327206229,35.8526557975999],[129.227272308915,35.8526555601964],[129.226993215286,35.8526543489291],[129.226987892724,35.852769983511],[129.226987892721,35.8527699835539],[129.226987892712,35.8527699836393],[129.226987892698,35.852769983724],[129.226987892679,35.8527699838083],[129.226987892655,35.852769983892],[129.226987892626,35.8527699839745],[129.226987892593,35.8527699840559],[129.226987892555,35.8527699841358],[129.226987892512,35.8527699842138],[129.226987892465,35.8527699842904],[129.226987892413,35.8527699843653],[129.226987892357,35.8527699844379],[129.226987892297,35.8527699845082],[129.226987892233,35.8527699845761],[129.226987892165,35.8527699846416],[129.226987892093,35.8527699847042],[129.226987892017,35.8527699847639],[129.226987891939,35.8527699848208],[129.226987891857,35.8527699848743],[129.226987891772,35.8527699849248],[129.226987891683,35.8527699849721],[129.226987891593,35.8527699850158],[129.2269878915,35.8527699850558],[129.226987891405,35.8527699850922],[129.226987891307,35.852769985125],[129.226987891208,35.8527699851539],[129.226987891108,35.8527699851789],[129.226987891006,35.8527699852],[129.226987890902,35.8527699852172],[129.226987890798,35.8527699852304],[129.226987890694,35.8527699852394],[129.226987890589,35.8527699852445],[129.226987890536,35.8527699852459],[129.226808623464,35.8527716086402],[129.22681028684,35.8530539394566],[129.227051801071,35.8530532502188],[129.227144469796,35.8530529861101],[129.227324505753,35.8530524762169],[129.227396393486,35.8530522736446],[129.227402357197,35.8530522572992],[129.227430736264,35.8530521773372],[129.227497301382,35.8530519890439],[129.227550006846,35.8530518359672],[129.227579033652,35.8530517538665],[129.227579033654,35.8530517538665],[129.227579033658,35.8530517538665],[129.227579033659,35.8530517538665],[129.227746261479,35.853051718724],[129.227746261535,35.8530517187251],[129.227746261645,35.8530517187296],[129.227746261755,35.8530517187386],[129.227746261865,35.853051718752],[129.227746261973,35.8530517187698],[129.22774626208,35.8530517187921],[129.227746262186,35.8530517188187],[129.22774626229,35.8530517188496],[129.227746262392,35.8530517188846],[129.227746262491,35.8530517189237],[129.227746262588,35.8530517189668],[129.227746262683,35.8530517190138],[129.227746262774,35.8530517190645],[129.227746262862,35.853051719119],[129.227746262947,35.8530517191771],[129.227746263028,35.8530517192384],[129.227746263105,35.8530517193031],[129.227746263178,35.8530517193708],[129.227746263247,35.853051719441],[129.227746263311,35.8530517195142],[129.227746263371,35.8530517195901],[129.227746263426,35.8530517196682],[129.227746263476,35.8530517197484],[129.227746263522,35.8530517198306],[129.227746263562,35.8530517199145],[129.227746263597,35.8530517199999],[129.227746263626,35.8530517200864],[129.227746263651,35.8530517201742],[129.22774626367,35.8530517202632],[129.227746263683,35.8530517203525],[129.227746263691,35.8530517204423],[129.227746263693,35.8530517205323],[129.22774626369,35.8530517206225],[129.227746263682,35.8530517207122],[129.227746263667,35.8530517208014],[129.227746263648,35.85305172089],[129.227746263623,35.8530517209779],[129.227746263592,35.8530517210645],[129.227746263576,35.8530517211074],[129.227719994823,35.8531145512057],[129.227615817645,35.8533893036495],[129.227604560173,35.8534211302601],[129.227585122236,35.8534760976062],[129.227585122232,35.8534760976151],[129.227585122227,35.8534760976299],[129.227585122225,35.8534760976359],[129.227482739607,35.8537479628683],[129.227473632134,35.8537727819515],[129.227410092458,35.853946013979],[129.227410092457,35.8539460139822],[129.227410092455,35.8539460139868],[129.227342864538,35.8541263247094],[129.227459874103,35.8541269723394],[129.227675878313,35.8541281676892],[129.227761587283,35.8541285557992],[129.227761587291,35.8541285557992],[129.227761587306,35.8541285557993],[129.227761587314,35.8541285557995],[129.227970741286,35.8541318838037],[129.227970741339,35.8541318838056],[129.227970741445,35.8541318838114],[129.227970741551,35.8541318838214],[129.227970741655,35.8541318838354],[129.227970741759,35.8541318838536],[129.227970741862,35.8541318838757],[129.227970741963,35.8541318839018],[129.227970742062,35.8541318839318],[129.22797074216,35.8541318839658],[129.227970742256,35.8541318840035],[129.227970742348,35.8541318840446],[129.227970742439,35.8541318840895],[129.227970742527,35.8541318841382],[129.227970742612,35.85413188419],[129.227970742694,35.8541318842449],[129.227970742772,35.8541318843031],[129.227970742847,35.8541318843641],[129.227970742919,35.8541318844281],[129.227970742986,35.8541318844951],[129.22797074305,35.8541318845644],[129.227970743109,35.8541318846359],[129.227970743164,35.8541318847098],[129.227970743214,35.8541318847859],[129.22797074326,35.8541318848637],[129.227970743302,35.8541318849431],[129.227970743338,35.8541318850242],[129.22797074337,35.8541318851065],[129.227970743397,35.8541318851901],[129.227970743419,35.8541318852747],[129.227970743436,35.85413188536],[129.227970743448,35.8541318854458],[129.227970743455,35.8541318855321],[129.227970743457,35.8541318856184],[129.227970743453,35.8541318857048],[129.22797074345,35.8541318857479],[129.227964633829,35.8541948225747],[129.227964633829,35.8541948225797],[129.227964633828,35.8541948225882],[129.227964633828,35.8541948225918],[129.227952334793,35.8543077358168],[129.227946454819,35.854361867224],[129.227934554618,35.8544709136414],[129.227934554612,35.8544709136856],[129.227934554596,35.8544709137739],[129.227934554576,35.8544709138614],[129.22793455455,35.8544709139481],[129.227934554519,35.8544709140337],[129.227934554483,35.8544709141179],[129.227934554442,35.8544709142006],[129.227934554396,35.8544709142814],[129.227934554345,35.8544709143599],[129.227934554289,35.8544709144367],[129.227934554229,35.8544709145113],[129.227934554164,35.8544709145831],[129.227934554095,35.8544709146523],[129.227934554022,35.8544709147186],[129.227934553945,35.8544709147818],[129.227934553864,35.854470914842],[129.22793455378,35.8544709148989],[129.227934553692,35.8544709149522],[129.227934553601,35.8544709150018],[129.227934553507,35.8544709150478],[129.227934553411,35.8544709150899],[129.227934553312,35.8544709151282],[129.227934553211,35.8544709151625],[129.227934553108,35.8544709151926],[129.227934553003,35.8544709152184],[129.227934552897,35.8544709152401],[129.227934552789,35.8544709152575],[129.227934552681,35.8544709152705],[129.227934552572,35.8544709152792],[129.227934552463,35.8544709152834],[129.227934552408,35.8544709152844],[129.227460565171,35.8544702250657],[129.226601455699,35.8544689680648],[129.22660174376,35.8547429987501],[129.226601797547,35.8547971980649],[129.227898818238,35.8547985012409],[129.227898818292,35.854798501242],[129.2278988184,35.8547985012463],[129.227898818508,35.854798501255],[129.227898818614,35.8547985012679],[129.22789881872,35.854798501285],[129.227898818825,35.8547985013064],[129.227898818928,35.8547985013318],[129.22789881903,35.8547985013614],[129.22789881913,35.8547985013948],[129.227898819227,35.8547985014322],[129.227898819323,35.8547985014736],[129.227898819416,35.8547985015187],[129.227898819505,35.8547985015673],[129.227898819592,35.8547985016195],[129.227898819676,35.8547985016749],[129.227898819756,35.8547985017337],[129.227898819833,35.8547985017956],[129.227898819906,35.8547985018605],[129.227898819974,35.8547985019281],[129.227898820039,35.8547985019984],[129.2278988201,35.8547985020712],[129.227898820156,35.8547985021463],[129.227898820207,35.8547985022235],[129.227898820254,35.8547985023028],[129.227898820296,35.8547985023839],[129.227898820333,35.8547985024665],[129.227898820365,35.8547985025501],[129.227898820392,35.8547985026352],[129.227898820414,35.8547985027216],[129.22789882043,35.8547985028084],[129.227898820442,35.8547985028953],[129.227898820448,35.8547985029831],[129.227898820449,35.8547985030712],[129.227898820445,35.854798503159],[129.227898820441,35.8547985032028],[129.227886379811,35.8549125525213],[129.227881578122,35.8549563175417],[129.227869073963,35.855071115101],[129.22786195336,35.8551365590689],[129.227861423905,35.8551413995537],[129.227861423899,35.8551413995971],[129.227861423884,35.8551413996837],[129.227861423864,35.8551413997698],[129.22786142384,35.8551413998548],[129.227861423809,35.8551413999388],[129.227861423774,35.8551414000215],[129.227861423735,35.8551414001025],[129.22786142369,35.855141400182],[129.227861423641,35.8551414002597],[129.227861423587,35.8551414003353],[129.227861423529,35.8551414004088],[129.227861423466,35.8551414004798],[129.227861423399,35.8551414005481],[129.227861423329,35.8551414006139],[129.227861423254,35.8551414006769],[129.227861423175,35.8551414007368],[129.227861423094,35.8551414007935],[129.227861423009,35.8551414008469],[129.227861422921,35.8551414008968],[129.22786142283,35.8551414009432],[129.227861422736,35.8551414009862],[129.22786142264,35.8551414010252],[129.227861422542,35.8551414010603],[129.227861422441,35.8551414010916],[129.227861422339,35.855141401119],[129.227861422236,35.8551414011422],[129.227861422131,35.8551414011613],[129.227861422025,35.8551414011762],[129.227861421919,35.8551414011869],[129.227861421812,35.8551414011935],[129.227861421704,35.8551414011958],[129.227861421596,35.8551414011938],[129.227861421543,35.8551414011918],[129.22778164509,35.8551367927229],[129.227676972549,35.855136854989],[129.227570483918,35.8551369198434],[129.227479494732,35.8551369744528],[129.227461249056,35.8551369853333],[129.227459497255,35.8551369870875],[129.227347289125,35.8551370519613],[129.22723741302,35.8551371138478],[129.227074199684,35.8551372132215],[129.226939868009,35.8551372938049],[129.226602172514,35.8551374768389],[129.226602285149,35.8552085826819],[129.226602414744,35.8553133524953],[129.226602599188,35.8554803358125],[129.226602943617,35.855805667446],[129.22660301058,35.8558686434315],[129.226603234456,35.8560810439593],[129.226603303419,35.8561407402991],[129.227647518741,35.8561367782343],[129.22764751877,35.8561367782345],[129.227647518829,35.8561367782355],[129.227647518859,35.8561367782364],[129.2277524272,35.8561409342483],[129.227752427255,35.8561409342517],[129.227752427366,35.8561409342606],[129.227752427476,35.8561409342741],[129.227752427585,35.8561409342921],[129.227752427693,35.8561409343145],[129.2277524278,35.8561409343414],[129.227752427904,35.8561409343726],[129.227752428007,35.856140934408],[129.227752428107,35.8561409344474],[129.227752428205,35.856140934491],[129.2277524283,35.8561409345387],[129.227752428392,35.8561409345901],[129.22775242848,35.8561409346451],[129.227752428565,35.8561409347037],[129.227752428646,35.8561409347657],[129.227752428724,35.856140934831],[129.227752428797,35.8561409348996],[129.227752428866,35.8561409349709],[129.22775242893,35.8561409350448],[129.22775242899,35.8561409351214],[129.227752429045,35.8561409352002],[129.227752429095,35.8561409352813],[129.227752429139,35.8561409353643],[129.227752429179,35.856140935449],[129.227752429214,35.8561409355351],[129.227752429243,35.8561409356226],[129.227752429266,35.8561409357115],[129.227752429284,35.856140935801],[129.227752429297,35.8561409358911],[129.227752429304,35.8561409359816],[129.227752429305,35.8561409360722],[129.227752429301,35.8561409361629],[129.227752429297,35.8561409362082],[129.227733881346,35.8563109645872],[129.227726437145,35.856379517911],[129.227700023336,35.8566215239773],[129.227710959385,35.8566216659077],[129.227710959438,35.8566216659095],[129.227710959545,35.8566216659151],[129.227710959652,35.8566216659249],[129.227710959758,35.856621665939],[129.227710959863,35.8566216659572],[129.227710959967,35.8566216659795],[129.227710960069,35.8566216660059],[129.22771096017,35.8566216660363],[129.227710960269,35.8566216660707],[129.227710960365,35.8566216661089],[129.227710960459,35.8566216661508],[129.227710960551,35.8566216661964],[129.227710960639,35.8566216662455],[129.227710960725,35.8566216662981],[129.227710960808,35.8566216663542],[129.227710960887,35.8566216664133],[129.227710960962,35.8566216664756],[129.227710961034,35.8566216665407],[129.227710961101,35.8566216666082],[129.227710961165,35.8566216666787],[129.227710961224,35.8566216667516],[129.227710961279,35.8566216668266],[129.227710961329,35.8566216669039],[129.227710961375,35.856621666983],[129.227710961416,35.8566216670637],[129.227710961452,35.856621667146],[129.227710961483,35.8566216672296],[129.227710961509,35.8566216673144],[129.22771096153,35.8566216674003],[129.227710961546,35.8566216674867],[129.227710961557,35.8566216675734],[129.227710961562,35.8566216676606],[129.227710961563,35.8566216677478],[129.227710961558,35.8566216678351],[129.227710961548,35.8566216679226],[129.227710961532,35.8566216680091],[129.227710961524,35.8566216680519],[129.227690690128,35.8567070904869],[129.227653589534,35.8570455244918],[129.227646336839,35.8571189268406],[129.227646336834,35.8571189268853],[129.227646336819,35.8571189269744],[129.2276463368,35.8571189270627],[129.227646336774,35.8571189271502],[129.227646336744,35.8571189272365],[129.227646336708,35.8571189273216],[129.227646336667,35.8571189274049],[129.227646336621,35.8571189274866],[129.227646336571,35.8571189275664],[129.227646336515,35.8571189276439],[129.227646336454,35.8571189277193],[129.22764633639,35.8571189277919],[129.22764633632,35.8571189278617],[129.227646336247,35.8571189279288],[129.227646336169,35.8571189279929],[129.227646336088,35.8571189280537],[129.227646336003,35.857118928111],[129.227646335915,35.8571189281648],[129.227646335823,35.8571189282149],[129.227646335729,35.8571189282613],[129.227646335631,35.857118928304],[129.227646335532,35.8571189283426],[129.22764633543,35.857118928377],[129.227646335326,35.8571189284072],[129.22764633522,35.8571189284333],[129.227646335113,35.857118928455],[129.227646335005,35.8571189284723],[129.227646334896,35.8571189284852],[129.227646334786,35.8571189284937],[129.227646334676,35.8571189284977],[129.22764633462,35.8571189284986],[129.226604327227,35.8571143867941],[129.226517393275,35.8571165865465],[129.226517393266,35.8571165865467],[129.226517393249,35.857116586547],[129.226517393241,35.8571165865471],[129.226401418889,35.8571180569372],[129.226308726843,35.8571196090938],[129.226170993953,35.8571219184383],[129.225984418793,35.857125046651],[129.225859324314,35.8571271451863],[129.22564966397,35.8571306550457],[129.225652263608,35.8573727101116],[129.225652274451,35.85737367004],[129.225654324855,35.8575672997078],[129.225654685061,35.8576048074259],[129.225691694178,35.8576397243705],[129.225691694212,35.8576397244043],[129.225691694278,35.8576397244735],[129.22569169434,35.8576397245453],[129.225691694398,35.8576397246194],[129.225691694451,35.8576397246957],[129.2256916945,35.8576397247741],[129.225691694544,35.8576397248543],[129.225691694583,35.8576397249361],[129.225691694617,35.8576397250192],[129.225691694646,35.8576397251037],[129.22569169467,35.8576397251894],[129.225691694689,35.8576397252759],[129.225691694703,35.8576397253626],[129.225691694711,35.8576397254501],[129.225691694715,35.8576397255383],[129.225691694713,35.8576397256261],[129.225691694705,35.8576397257133],[129.225691694693,35.8576397258005],[129.225691694675,35.8576397258875],[129.225691694652,35.8576397259732],[129.225691694624,35.8576397260577],[129.225691694591,35.8576397261413],[129.225691694553,35.8576397262235],[129.22569169451,35.8576397263041],[129.225691694463,35.8576397263828],[129.225691694411,35.8576397264596],[129.225691694354,35.8576397265341],[129.225691694293,35.8576397266064],[129.225691694227,35.8576397266764],[129.225691694158,35.8576397267435],[129.225691694084,35.8576397268076],[129.225691694007,35.8576397268689],[129.225691693926,35.857639726927],[129.225691693842,35.8576397269818],[129.225691693755,35.8576397270333],[129.225691693664,35.8576397270812],[129.225691693571,35.8576397271255],[129.225691693476,35.857639727166],[129.225691693378,35.8576397272028],[129.225691693277,35.8576397272356],[129.225691693176,35.8576397272644],[129.225691693072,35.857639727289],[129.225691692967,35.8576397273096],[129.225691692861,35.857639727326],[129.225691692755,35.8576397273382],[129.225691692647,35.8576397273461],[129.22569169254,35.8576397273498],[129.225691692432,35.8576397273492],[129.225691692324,35.8576397273443],[129.225691692217,35.8576397273351],[129.225691692163,35.8576397273295],[129.225635775242,35.8576327030965],[129.225588479414,35.8576364593108],[129.225588479362,35.857636459314],[129.225588479257,35.8576364593183],[129.225588479205,35.8576364593194],[129.225330293726,35.8576369498165],[129.225239877735,35.8576371180362],[129.225162779809,35.857637261684],[129.225011993663,35.8576375512484],[129.225011993659,35.8576375512484],[129.225011993652,35.8576375512484],[129.225011993649,35.8576375512484],[129.224862755387,35.8576370629502],[129.224822943999,35.8576369305706],[129.224793827418,35.8576368303147],[129.224778162458,35.8576370940159],[129.224778162448,35.8576370940161],[129.224778162428,35.8576370940163],[129.224778162418,35.8576370940163],[129.224227673654,35.8576381244296],[129.224227417993,35.8576536697314],[129.224244339197,35.8584862201097],[129.224245540567,35.8585359036169],[129.224245540567,35.8585359036614],[129.224245540564,35.8585359037506],[129.224245540555,35.85853590384],[129.224245540541,35.8585359039286],[129.224245540521,35.8585359040162],[129.224245540497,35.8585359041032],[129.224245540467,35.8585359041891],[129.224245540431,35.8585359042737],[129.224245540391,35.8585359043568],[129.224245540345,35.8585359044382],[129.224245540295,35.8585359045176],[129.22424554024,35.8585359045948],[129.22424554018,35.8585359046696],[129.224245540116,35.8585359047421],[129.224245540048,35.8585359048121],[129.224245539975,35.858535904879],[129.224245539899,35.8585359049427],[129.224245539818,35.8585359050034],[129.224245539734,35.8585359050609],[129.224245539647,35.8585359051149],[129.224245539556,35.8585359051652],[129.224245539462,35.8585359052119],[129.224245539366,35.8585359052548],[129.224245539267,35.8585359052937],[129.224245539166,35.8585359053284],[129.224245539063,35.8585359053591],[129.224245538959,35.8585359053856],[129.224245538852,35.8585359054079],[129.224245538745,35.858535905426],[129.224245538636,35.8585359054396],[129.224245538527,35.8585359054488],[129.224245538418,35.8585359054536],[129.224245538363,35.8585359054549],[129.2238564811,35.85853725723],[129.223633279886,35.8585384094521],[129.223633279831,35.8585384094513],[129.223633279722,35.8585384094474],[129.223633279612,35.8585384094391],[129.223633279504,35.8585384094265],[129.223633279396,35.8585384094094],[129.223633279289,35.8585384093881],[129.223633279185,35.8585384093626],[129.223633279081,35.8585384093328],[129.223633278979,35.8585384092987],[129.22363327888,35.8585384092607],[129.223633278784,35.8585384092189],[129.22363327869,35.8585384091731],[129.223633278598,35.8585384091234],[129.22363327851,35.8585384090702],[129.223633278425,35.8585384090137],[129.223633278344,35.8585384089537],[129.223633278267,35.8585384088904],[129.223633278193,35.8585384088241],[129.223633278124,35.8585384087552],[129.223633278059,35.8585384086833],[129.223633277998,35.8585384086089],[129.223633277942,35.8585384085321],[129.22363327789,35.8585384084532],[129.223633277844,35.8585384083723],[129.223633277803,35.8585384082897],[129.223633277766,35.8585384082054],[129.223633277735,35.85853840812],[129.223633277709,35.8585384080332],[129.223633277688,35.8585384079456],[129.223633277673,35.8585384078572],[129.223633277663,35.8585384077682],[129.223633277658,35.858538407679],[129.223633277658,35.8585384076343],[129.223639459316,35.8579446178553],[129.223640417393,35.8575025087356],[129.2236384977,35.8574333886396],[129.223554816507,35.8574339935415],[129.223554816503,35.8574339935416],[129.223357545352,35.8574349263901],[129.2233492198,35.8574349683115],[129.223349219794,35.8574349683115],[129.223349219786,35.8574349683115],[129.223349219784,35.8574349683115],[129.223332614176,35.8574349541392],[129.223332614171,35.8574349541392],[129.223332614164,35.8574349541392],[129.223332614163,35.8574349541392],[129.223088041418,35.8574335578182],[129.222992382021,35.8574352031736],[129.22289934608,35.8574368000054],[129.22253062907,35.857451140867],[129.222431463272,35.8574675023253],[129.222431463219,35.8574675023329],[129.222431463113,35.8574675023461],[129.222431463007,35.857467502355],[129.2224314629,35.8574675023598],[129.222431462793,35.8574675023604],[129.222431462686,35.8574675023567],[129.222431462579,35.8574675023489],[129.222431462473,35.8574675023368],[129.222431462368,35.8574675023206],[129.222431462264,35.8574675023003],[129.222431462162,35.857467502276],[129.22243146206,35.8574675022476],[129.222431461961,35.8574675022151],[129.222431461863,35.8574675021789],[129.222431461769,35.857467502139],[129.222431461676,35.8574675020953],[129.222431461586,35.8574675020479],[129.222431461499,35.857467501997],[129.222431461415,35.8574675019429],[129.222431461334,35.8574675018855],[129.222431461257,35.8574675018251],[129.222431461184,35.8574675017617],[129.222431461114,35.8574675016953],[129.222431461049,35.8574675016264],[129.222431460988,35.8574675015548],[129.222431460931,35.857467501481],[129.222431460878,35.8574675014053],[129.22243146083,35.8574675013274],[129.222431460787,35.8574675012478],[129.222431460748,35.8574675011664],[129.22243146073,35.8574675011253],[129.222417861829,35.8574340725889],[129.2223963188,35.8573987106811],[129.222396318778,35.8573987106432],[129.222396318736,35.8573987105665],[129.222396318699,35.8573987104879],[129.222396318667,35.8573987104083],[129.222396318652,35.8573987103684],[129.2222509871,35.8569781852707],[129.222124071109,35.8566512011136],[129.222047121165,35.8564826625116],[129.222023703579,35.8564313736663],[129.222023703578,35.856431373665],[129.221927097868,35.8562187932986],[129.224767356328,35.851904500695],[129.224760973663,35.8519049537077],[129.22478807815,35.8521153962297],[129.224842459446,35.8521099774284],[129.224842459465,35.8521099774266],[129.224842459503,35.8521099774234],[129.224842459523,35.8521099774219],[129.225011855904,35.8520979378175],[129.225011855909,35.8520979378171],[129.225011855918,35.8520979378166],[129.225011855921,35.8520979378163],[129.225697497199,35.8520537423205],[129.225729659778,35.8520510148348],[129.225750179307,35.8520492731582],[129.225758314126,35.8520485820448],[129.22578738171,35.8520454437577],[129.226355724379,35.8519840894676],[129.226355724427,35.8519840894633],[129.226355724522,35.8519840894565],[129.226355724618,35.8519840894529],[129.226355724713,35.8519840894528],[129.226355724761,35.8519840894535],[129.226598800772,35.8519922041987],[129.226598777903,35.8519761905879],[129.226598599607,35.8517996720639],[129.226598577397,35.8517640284852],[129.226598553428,35.8517362693628],[129.226598264086,35.8517280330516],[129.226592022292,35.8515443699744],[129.226591769771,35.851540993018],[129.225822966963,35.8515659813593],[129.225807084546,35.8515671380665],[129.225680465741,35.8515790896754],[129.225676109104,35.85161987819],[129.225676109104,35.8516198781932],[129.225673141252,35.8516471465272],[129.225674019173,35.8516639979084],[129.22568544682,35.8518348981455],[129.225685446822,35.8518348981884],[129.225685446823,35.8518348982742],[129.225685446818,35.8518348983597],[129.225685446809,35.8518348984451],[129.225685446795,35.8518348985302],[129.225685446776,35.8518348986146],[129.225685446751,35.8518348986979],[129.225685446722,35.8518348987804],[129.225685446689,35.8518348988616],[129.22568544665,35.8518348989415],[129.225685446607,35.8518348990198],[129.225685446559,35.8518348990964],[129.225685446507,35.8518348991709],[129.225685446451,35.8518348992434],[129.225685446391,35.8518348993134],[129.225685446326,35.8518348993811],[129.225685446258,35.8518348994464],[129.225685446185,35.8518348995088],[129.22568544611,35.8518348995685],[129.225685446031,35.8518348996251],[129.225685445948,35.8518348996787],[129.225685445863,35.8518348997289],[129.225685445775,35.8518348997757],[129.225685445684,35.8518348998191],[129.22568544559,35.8518348998589],[129.225685445495,35.851834899895],[129.225685445397,35.8518348999275],[129.225685445298,35.8518348999561],[129.225685445197,35.8518348999808],[129.225685445095,35.8518349000016],[129.225685444992,35.8518349000185],[129.225685444887,35.8518349000313],[129.225685444835,35.8518349000366],[129.225655639019,35.851837388116],[129.225655639012,35.8518373881166],[129.225486625778,35.8518511855248],[129.225428575868,35.8518562328998],[129.225428575865,35.8518562329001],[129.225428575859,35.8518562329006],[129.225428575856,35.8518562329008],[129.225011813485,35.8518905620801],[129.225011813466,35.8518905620815],[129.225011813429,35.851890562084],[129.225011813411,35.8518905620852],[129.224798889221,35.851902251273],[129.224767356328,35.851904500695],[129.22419370757,35.852836677537],[129.224193720231,35.8530269578753],[129.224193797683,35.853054923602],[129.22419674078,35.8541070178879],[129.224197065859,35.8541363440004],[129.224197182774,35.8541464461906],[129.224197625823,35.8541862810488],[129.224198467398,35.8542299451133],[129.224199456858,35.8542828914754],[129.224210789548,35.8548832463028],[129.224212148078,35.854953180393],[129.224214564009,35.8550808828175],[129.224214564009,35.8550808828254],[129.224214564009,35.8550808828261],[129.224215384137,35.8551365406765],[129.224335466554,35.8551408604011],[129.225011952296,35.8551383692793],[129.2250119523,35.8551383692793],[129.225011952303,35.8551383692793],[129.22556743199,35.8551378389765],[129.225567431996,35.8551378389765],[129.225567431997,35.8551378389765],[129.225632347443,35.8551378890115],[129.225632378583,35.8550662239714],[129.225632788587,35.8542011954758],[129.225632821387,35.8541381350938],[129.225632853497,35.8540706493219],[129.225632931179,35.8538582885339],[129.225632942617,35.8538231574229],[129.225632996312,35.8536536239135],[129.225633198487,35.8530565931921],[129.225551168413,35.8530563220215],[129.225306176425,35.8530582571428],[129.225306176421,35.8530582571428],[129.225306176414,35.8530582571429],[129.225306176411,35.8530582571429],[129.225289127969,35.8530583072848],[129.225215909307,35.8530585150891],[129.225200543928,35.8530585617802],[129.225022567349,35.8530590641556],[129.224940271382,35.8530594517278],[129.224940271327,35.853059451727],[129.224940271217,35.8530594517231],[129.224940271108,35.8530594517147],[129.224940270999,35.853059451702],[129.224940270891,35.8530594516848],[129.224940270785,35.8530594516634],[129.224940270679,35.8530594516376],[129.224940270576,35.8530594516077],[129.224940270474,35.8530594515735],[129.224940270375,35.8530594515354],[129.224940270278,35.8530594514933],[129.224940270184,35.8530594514473],[129.224940270093,35.8530594513976],[129.224940270005,35.8530594513443],[129.22494026992,35.8530594512874],[129.224940269838,35.8530594512271],[129.224940269761,35.8530594511638],[129.224940269688,35.8530594510973],[129.224940269618,35.8530594510278],[129.224940269553,35.8530594509558],[129.224940269493,35.8530594508813],[129.224940269437,35.8530594508043],[129.224940269386,35.8530594507253],[129.224940269339,35.8530594506442],[129.224940269298,35.8530594505612],[129.224940269262,35.8530594504767],[129.224940269231,35.8530594503913],[129.224940269205,35.8530594503043],[129.224940269184,35.8530594502162],[129.224940269169,35.8530594501277],[129.22494026916,35.8530594500383],[129.224940269156,35.8530594499489],[129.224940269155,35.8530594499046],[129.224941636177,35.8529627791426],[129.224941401384,35.852879010027],[129.224941401384,35.8528790100165],[129.224941401384,35.8528790099943],[129.224941401384,35.8528790099827],[129.224941652361,35.8528698436621],[129.224943512925,35.8528032096561],[129.224943512925,35.8528032096504],[129.224946622731,35.8527160894739],[129.224946303815,35.8526614026574],[129.224946084737,35.8526228744511],[129.224941612348,35.852449158092],[129.224941612348,35.8524491580789],[129.224941612348,35.852449158053],[129.224941612348,35.8524491580403],[129.224941631996,35.8524471005646],[129.224941663958,35.8524436743733],[129.224728180939,35.8525672259986],[129.224685418271,35.8525951978504],[129.224668616797,35.8526834154249],[129.224663864176,35.8527098945249],[129.224663864168,35.8527098945642],[129.22466386415,35.8527098946426],[129.224663864127,35.8527098947202],[129.2246638641,35.852709894797],[129.224663864069,35.8527098948724],[129.224663864034,35.8527098949469],[129.224663863995,35.8527098950203],[129.224663863952,35.852709895092],[129.224663863929,35.8527098951272],[129.224648838492,35.8527323280066],[129.224648838465,35.8527323280454],[129.224648838407,35.8527323281219],[129.224648838345,35.8527323281959],[129.224648838279,35.8527323282674],[129.224648838208,35.8527323283363],[129.224648838133,35.852732328402],[129.224648838054,35.8527323284646],[129.224648837971,35.852732328524],[129.224648837885,35.8527323285799],[129.224648837796,35.8527323286323],[129.224648837703,35.852732328681],[129.224648837608,35.8527323287259],[129.224648837559,35.8527323287473],[129.224617744056,35.852745319358],[129.224617744004,35.8527453193784],[129.224617743898,35.852745319417],[129.22461774379,35.8527453194511],[129.22461774368,35.8527453194804],[129.224617743569,35.8527453195051],[129.224617743456,35.852745319525],[129.224617743342,35.85274531954],[129.224617743227,35.8527453195502],[129.224617743169,35.8527453195541],[129.224593679656,35.8527464186674],[129.224334651617,35.8528156013539],[129.224334651567,35.8528156013661],[129.224334651468,35.8528156013886],[129.224334651367,35.8528156014073],[129.224334651265,35.8528156014221],[129.224334651162,35.852815601433],[129.224334651059,35.85281560144],[129.224334651008,35.8528156014426],[129.224305018217,35.8528164856664],[129.224305018161,35.8528164856669],[129.224305018049,35.8528164856657],[129.224305017937,35.8528164856598],[129.224305017826,35.8528164856493],[129.224305017715,35.8528164856343],[129.224305017606,35.8528164856147],[129.224305017498,35.8528164855907],[129.224305017392,35.8528164855622],[129.224305017339,35.8528164855469],[129.224194274457,35.8527817128358],[129.224194011527,35.8528025473811],[129.224193859697,35.8528198238576],[129.22419370757,35.852836677537],[129.224219631045,35.8555030810158],[129.224219792309,35.855517275318],[129.224223981362,35.8559028162971],[129.224226308204,35.8561169446251],[129.224226308204,35.8561169446317],[129.224226308204,35.8561169446448],[129.224226308204,35.8561169446513],[129.224226133917,35.8561417209134],[129.224226133917,35.8561417209173],[129.224226133917,35.8561417209216],[129.224223450705,35.856354095647],[129.22422320586,35.8563735180896],[129.224221269276,35.856524093273],[129.224221477462,35.8566381526948],[129.224403214388,35.8566380319049],[129.22501195974,35.8566356215018],[129.225226819305,35.856634320657],[129.225593401677,35.8566320956697],[129.225593401678,35.8566320956697],[129.225593401683,35.8566320956697],[129.225593401686,35.8566320956697],[129.225632003844,35.8566319972374],[129.225630441977,35.856215029835],[129.225630441977,35.85621502983],[129.225630441977,35.8562150298216],[129.225630441977,35.8562150298181],[129.225630979303,35.8561461286871],[129.225631000115,35.8561434617909],[129.225631505886,35.8560774981607],[129.225631703895,35.8558826011165],[129.225631784858,35.8558032213466],[129.225632028979,35.8555632988727],[129.225632096332,35.8554967790179],[129.225098445419,35.8555001531854],[129.224898900098,35.8555016954119],[129.224898900095,35.8555016954119],[129.224898900087,35.8555016954119],[129.224898900083,35.855501695412],[129.224334663247,35.8555028513944],[129.2243346632,35.8555028513937],[129.224334663106,35.8555028513906],[129.224334663011,35.8555028513842],[129.224334662918,35.8555028513746],[129.224334662825,35.8555028513618],[129.224334662733,35.8555028513458],[129.224334662687,35.8555028513369],[129.224219352216,35.8554785515992],[129.224219631045,35.8555030810158],[129.223900460393,35.8521616641573],[129.223880286125,35.8521600073995],[129.223880286069,35.8521600073937],[129.223880285957,35.8521600073798],[129.223880285901,35.8521600073716],[129.22374797934,35.8521378561363],[129.223552857667,35.8521146579302],[129.22355285762,35.8521146579237],[129.223552857526,35.8521146579092],[129.22355285748,35.8521146579012],[129.22343560495,35.85209219926],[129.223435604893,35.8520921992477],[129.22343560478,35.8520921992207],[129.223435604668,35.8520921991889],[129.223435604559,35.8520921991522],[129.223435604452,35.8520921991108],[129.223435604348,35.8520921990649],[129.223435604297,35.8520921990409],[129.223373082586,35.8520609073266],[129.223339783947,35.8520843550017],[129.223339783927,35.8520843550153],[129.223339783887,35.852084355042],[129.223339783867,35.8520843550552],[129.223134895936,35.8522155677828],[129.223110648411,35.8522343131035],[129.22311064837,35.8522343131333],[129.223110648288,35.8522343131912],[129.223110648245,35.8522343132193],[129.223080140104,35.85225362747],[129.223283753835,35.8523775596592],[129.223292563072,35.8523805622561],[129.223292563128,35.8523805622764],[129.223292563237,35.8523805623194],[129.223292563291,35.8523805623422],[129.223371936556,35.8524163753481],[129.223381278031,35.8524160520292],[129.223399410061,35.8524154231844],[129.223399410109,35.8524154231836],[129.223399410204,35.8524154231836],[129.223399410299,35.852415423187],[129.223399410394,35.8524154231937],[129.223399410489,35.8524154232038],[129.223399410583,35.8524154232171],[129.223399410675,35.8524154232336],[129.223399410767,35.8524154232535],[129.223399410813,35.8524154232643],[129.223784196974,35.8525129755398],[129.223784196995,35.8525129755452],[129.223784197034,35.8525129755559],[129.223784197053,35.8525129755613],[129.223806522352,35.852519396512],[129.223829511685,35.8525260053551],[129.223829511706,35.8525260053612],[129.223829511747,35.8525260053738],[129.223829511768,35.8525260053804],[129.22419601304,35.8526449837192],[129.224196175328,35.8526319268794],[129.224196674946,35.8525848449441],[129.224197231604,35.8524950434089],[129.224197689441,35.8524211311007],[129.224198904371,35.852222494359],[129.224198955863,35.8522051370353],[129.22392727755,35.8521714291697],[129.223927277502,35.8521714291628],[129.223927277404,35.8521714291471],[129.223927277307,35.8521714291277],[129.223927277212,35.8521714291048],[129.223927277118,35.8521714290787],[129.223927277026,35.8521714290491],[129.22392727698,35.8521714290334],[129.223915697331,35.8521672148872],[129.223900460393,35.8521616641573],[129.221927097868,35.8562187932986]]]},"properties":{"trarNo":"11079","mainTrarNm":"경주동천동우체국","ctprvnNm":"경상북도","signguNm":"경주시","trarArea":239759,"coordNum":1653,"stdrDt":"2024-01-01"}}]}