{"type":"FeatureCollection","features":[{"type":"Feature","geometry":{"type":"MultiPolygon","coordinates":[[[[129.2101568243247,35.854771290371716],[129.21020342609955,35.854726985156994],[129.21118684172927,35.85455208892236],[129.21213976070086,35.854204072181695],[129.2126636634598,35.85401271868768],[129.21324434672823,35.85379737976059],[129.2132806106123,35.85385039038535],[129.21329179474822,35.85387647984772],[129.2141256926989,35.853372146222966],[129.2135201844942,35.85359600496419],[129.21339366337577,35.853642822726144],[129.21330540801947,35.85367542329743],[129.21310688975205,35.85374922487084],[129.21306397779324,35.853764801919446],[129.21293900814726,35.8538124275942],[129.21282398593775,35.85385408740118],[129.21279058533625,35.85386622287717],[129.212698016801,35.85390063308448],[129.21257171564258,35.853947269343756],[129.2123496365069,35.8540288617929],[129.2121891596988,35.85408781460345],[129.21205699417848,35.85413581247785],[129.21194628684844,35.854176833007955],[129.2118320392362,35.854218760882404],[129.2117202236755,35.85425942264463],[129.21168737585373,35.85427140363423],[129.21157699828433,35.85431167521044],[129.2115434867373,35.85432386460841],[129.2114102146676,35.854372350379585],[129.21136907236675,35.85438756323105],[129.21129286865252,35.85441500415309],[129.2112503978478,35.85443021928368],[129.21120947452263,35.854444530449484],[129.21116854880967,35.85445794035679],[129.2111382386615,35.85446673535965],[129.2111005115087,35.85447563341918],[129.21102095374036,35.85449064278765],[129.2108858452339,35.85451458116449],[129.21075328096796,35.85453779395936],[129.21055808591782,35.85457193058762],[129.210415120375,35.85459714385464],[129.21019392040571,35.85463556097574],[129.21016088041532,35.85461660201361],[129.21015795119214,35.854512693123766],[129.21015354828083,35.85435335999351],[129.21015294492742,35.8543343446927],[129.21015035917617,35.854234761195315],[129.2101448780155,35.85404415659665],[129.21014204797126,35.85393583140498],[129.21013861152036,35.85380731929049],[129.21013517791508,35.8536798886668],[129.21013486205496,35.85364383926115],[129.21013097478757,35.853512263676805],[129.21013037380825,35.853494149617916],[129.21012658687107,35.853358608360715],[129.21012598636625,35.85334067455031],[129.21011943979582,35.85308139660276],[129.210115321264,35.85294603616131],[129.21011218372516,35.852804815895],[129.21010924971216,35.85270325022794],[129.2101055361492,35.85257455831712],[129.2101047568278,35.85254752219959],[129.21009818458882,35.85230374574465],[129.21009744955384,35.852276709548946],[129.21009212785944,35.85207925511501],[129.21008877916395,35.8519841791485],[129.21008815483717,35.851957142759076],[129.21008402012862,35.851773295115464],[129.21008162976295,35.851663707368786],[129.21010603733848,35.851641764640284],[129.2099375477826,35.851598797093864],[129.20996952333658,35.85163452121034],[129.20997200207069,35.85173563706474],[129.20998146959448,35.852096030160425],[129.2099900700377,35.852421185900546],[129.2099932312101,35.85252924017442],[129.20999874515704,35.85273255238304],[129.21000451475726,35.852948932250804],[129.2100081893447,35.85308393296714],[129.2100130953449,35.85326642736124],[129.21001763975934,35.853437656765955],[129.2100206938527,35.85354706307971],[129.21002478699046,35.853715048763405],[129.2100258852816,35.85375398080734],[129.21002940652653,35.85387266916712],[129.21003079609153,35.853938277669364],[129.21003376595544,35.85405777810629],[129.21003659302528,35.85416502180514],[129.2100401338979,35.854291190487054],[129.2100428160565,35.85438536632626],[129.21004766770582,35.854547041927844],[129.21004985088416,35.85461976890967],[129.2100134505621,35.85467039214],[129.2096974407575,35.85473384731556],[129.20965284958123,35.854742756814844],[129.2094732681931,35.85477884737688],[129.20935175502984,35.854794919631274],[129.20920512037097,35.85481436981482],[129.20912400074405,35.85482505463398],[129.2090588219847,35.85483544148619],[129.20901455786333,35.85484245756139],[129.20884912068973,35.85486869914966],[129.2087266198229,35.85488819722172],[129.20856073986943,35.85491452930164],[129.20789910024484,35.85501958172741],[129.2077559053268,35.855042358853915],[129.20747051112903,35.85508773063853],[129.20730673293343,35.8551137419476],[129.2072623578639,35.85512078460503],[129.20710046076437,35.855146494999374],[129.20698526260546,35.85516480717629],[129.20694289780997,35.855135769292744],[129.20694669052628,35.855262739733575],[129.2069885868633,35.85525607995662],[129.20914183488102,35.854913977059226],[129.20949973397606,35.85486631280956],[129.21000018338177,35.854765866413736],[129.210047498213,35.85479511993992],[129.21025115398334,35.8555809705013],[129.21019466968494,35.85565640399554],[129.21049388735108,35.855487071009485],[129.21032968697926,35.85543224517377],[129.21030110246642,35.85532247771328],[129.2102732225228,35.855215394740405],[129.21025922048543,35.8551656160716],[129.21023118337422,35.85505765914789],[129.21020398501818,35.8549529001913],[129.2101761046756,35.85484556483993],[129.2101568243247,35.854771290371716]]]]},"properties":{"present_sn":"47130UQ151PS201401070468","lclas_cl":"UQS120","mlsfc_cl":"","sclas_cl":"","atrb_se":"UQS120","wtnnc_sn":"47130URZ200306260118","ntfc_sn":"47130NTC200306260003","dgm_nm":"소로1류","dgm_ar":"11346","dgm_lt":"2289","signgu_se":"47130","grad_se":"소로","road_ty":"1","road_no":"4","road_role":"PMI0004","excut_se":"EMA0002","sig_nam":"47","lcl_nam":"소로1류","mls_nam":"미분류","scl_nam":"미분류","atr_nam":"소로1류","pmi_nam":"국지도로","exc_nam":"미집행","_layer":"LT_C_UPISUQ151","_layer_nm":"도시계획시설_도로"},"id":"LT_C_UPISUQ151.173912"},{"type":"Feature","geometry":{"type":"MultiPolygon","coordinates":[[[[129.21334662903283,35.84420557055157],[129.21338017675117,35.844204520026395],[129.21346556920173,35.844206487361674],[129.21347214870173,35.844212315856645],[129.213503543747,35.84423424196246],[129.2135098577031,35.84411950166884],[129.21348818102985,35.844134879191664],[129.2133797302908,35.84413238474538],[129.21334437848964,35.84413349252605],[129.21322711546418,35.84413468156622],[129.21310915606534,35.84413624123094],[129.21297964008178,35.84413764086955],[129.2129313809082,35.84413845580698],[129.2127704559369,35.84414180310768],[129.2127526020164,35.84414201474758],[129.21271272226147,35.84414286894029],[129.21258300318203,35.8441469992967],[129.21251670837108,35.84415046838707],[129.2122975220672,35.84416046944319],[129.21221063774328,35.84416358694533],[129.21211831973952,35.844167182559055],[129.21202211598427,35.84417059564723],[129.2117306850034,35.844181956933326],[129.21173322190833,35.84425404350232],[129.2120261583802,35.8442426164846],[129.21212236222223,35.84423920339299],[129.21221470244734,35.84423560773708],[129.21230194103617,35.84423248059793],[129.21252202403713,35.844222441908784],[129.21263074098212,35.84421675330902],[129.21275440928548,35.844214102576785],[129.21277223001493,35.844213890994936],[129.21293343183467,35.84421053419205],[129.21298114869134,35.8442097292207],[129.21311046554868,35.84420832993097],[129.21322838077793,35.844206770342645],[129.21334662903283,35.84420557055157]]]]},"properties":{"present_sn":"47130UQ151PS201401071889","lclas_cl":"UQS121","mlsfc_cl":"","sclas_cl":"","atrb_se":"UQS121","wtnnc_sn":"47130URZ201007150025","ntfc_sn":"47130NTC201007150001","dgm_nm":"소로2류","dgm_ar":"1290","dgm_lt":"343","signgu_se":"47130","grad_se":"소로","road_ty":"2","road_no":"29","road_role":"PMI0004","excut_se":"EMA0002","sig_nam":"47","lcl_nam":"소로2류","mls_nam":"미분류","scl_nam":"미분류","atr_nam":"소로2류","pmi_nam":"국지도로","exc_nam":"미집행","_layer":"LT_C_UPISUQ151","_layer_nm":"도시계획시설_도로"},"id":"LT_C_UPISUQ151.174027"},{"type":"Feature","geometry":{"type":"MultiPolygon","coordinates":[[[[129.2196086798525,35.84179776251818],[129.21964521376768,35.841763908320566],[129.21946237867985,35.841771657387994],[129.21950275339555,35.841802479013474],[129.2195033220139,35.84182016051613],[129.21950456912984,35.84185927252385],[129.21950846759896,35.84198143896273],[129.21951073046728,35.84202769604248],[129.21951576162962,35.84217546494702],[129.21951816391928,35.84222412811072],[129.21952310975385,35.84236497556189],[129.21952585762347,35.84241048372058],[129.21952938299864,35.84254999088129],[129.21953400395662,35.842612565321375],[129.21953983220965,35.84274417334559],[129.21954164799922,35.84278883601696],[129.21954483043643,35.84285965049219],[129.21954850179037,35.842947326472405],[129.21954933041545,35.84296698123777],[129.21969380915354,35.84296138357716],[129.21967012338067,35.84294182438972],[129.21966283533527,35.84281077780208],[129.21965894845098,35.84276165770384],[129.21965184358913,35.842608566195494],[129.21964832498014,35.842544367508175],[129.21964168295122,35.84240667752233],[129.21963847926946,35.84236046721853],[129.21963061225495,35.84222005767531],[129.2196290121055,35.84217331272121],[129.2196211735994,35.84202308850389],[129.2196196610971,35.841976009926356],[129.21960978006504,35.841815542192975],[129.2196086798525,35.84179776251818]]]]},"properties":{"present_sn":"47130UQ151PS201401071885","lclas_cl":"UQS120","mlsfc_cl":"","sclas_cl":"","atrb_se":"UQS120","wtnnc_sn":"47130URZ201007150019","ntfc_sn":"47130NTC201007150001","dgm_nm":"소로1류","dgm_ar":"1395","dgm_lt":"299","signgu_se":"47130","grad_se":"소로","road_ty":"1","road_no":"26","road_role":"PMI0004","excut_se":"EMA0002","sig_nam":"47","lcl_nam":"소로1류","mls_nam":"미분류","scl_nam":"미분류","atr_nam":"소로1류","pmi_nam":"국지도로","exc_nam":"미집행","_layer":"LT_C_UPISUQ151","_layer_nm":"도시계획시설_도로"},"id":"LT_C_UPISUQ151.174075"},{"type":"Feature","geometry":{"type":"MultiPolygon","coordinates":[[[[129.21646188548888,35.83526095440762],[129.2161333962587,35.835065744650905],[129.2161480468656,35.83517548190914],[129.21602888487948,35.835305060335216],[129.2159946501558,35.8353414148433],[129.21576185173953,35.83558560965173],[129.21547811129776,35.83578640933653],[129.21526475261976,35.835872398926114],[129.21507714221053,35.835980756501236],[129.21483773425518,35.83612676089442],[129.21456140068963,35.83635487119646],[129.21451528755466,35.8363990241375],[129.2144275067446,35.8364900709058],[129.21440623073593,35.83651372138782],[129.21438546461346,35.83653765936315],[129.21436521949346,35.83656190283743],[129.21434549528007,35.83658641576099],[129.21432630308962,35.836611216139445],[129.21430764287425,35.83663628594812],[129.21428951458617,35.83666160716228],[129.21427194038583,35.83668718875547],[129.21425492022544,35.83671301270298],[129.21423845410547,35.83673907900499],[129.2142225420022,35.83676537864934],[129.21420720600398,35.83679189357206],[129.2141924350433,35.836818623793],[129.21417824016447,35.836845560280246],[129.21416462134403,35.836872694021594],[129.21415158962643,35.83690001598513],[129.21413176379983,35.83694457288135],[129.21376003207956,35.83773471713565],[129.21374617556242,35.837776604727786],[129.21373322712603,35.837818679977026],[129.21372118674776,35.83786093387123],[129.21371004333673,35.837903357417694],[129.2136998189827,35.837945932552614],[129.2136905025709,35.837988641270876],[129.213682105171,35.8380314835531],[129.21367462671242,35.83807443236208],[129.2136680671725,35.838117478685525],[129.2136624375971,35.83816061349155],[129.2136577379636,35.83820382776779],[129.21365395713335,35.838247094496516],[129.213649794733,35.838317489556836],[129.2136454128192,35.83845093653002],[129.21364002061762,35.838574922147416],[129.21363452286963,35.838721628487264],[129.21362181305892,35.83899060225439],[129.21362240980434,35.83901103256126],[129.21361097928553,35.83927829167926],[129.2136094474876,35.839314074046165],[129.21360821411645,35.839382958833426],[129.2136075203047,35.8394009039644],[129.21360368574264,35.839478066825485],[129.2136022724832,35.839508486538854],[129.2135989338476,35.839589001176485],[129.21359583175365,35.83966690176787],[129.21359149659258,35.83976807483245],[129.21358974949413,35.83981030152002],[129.21358705562614,35.83993345319381],[129.2135786463098,35.84012160415026],[129.21357755450592,35.84014804877662],[129.21349074163888,35.840213794993105],[129.21345765693732,35.84023847552701],[129.21340516223867,35.840277258806715],[129.2138381540147,35.84041434078615],[129.21380127098632,35.84035111111092],[129.2137479885882,35.840256222412165],[129.21375545641692,35.840146905522175],[129.21376094918085,35.840019152526196],[129.21376560781184,35.83991067875669],[129.21377324110446,35.83971393121857],[129.21377622725151,35.83963412017642],[129.21377715549448,35.8395878573275],[129.21378200643966,35.83946434133188],[129.21378336411783,35.839429703860084],[129.21379085818555,35.839267970151],[129.2137958543309,35.8391532681263],[129.21379758482158,35.83912562370154],[129.21380540968025,35.83892190011447],[129.2138063300882,35.838897627798566],[129.21381138104098,35.838670593739494],[129.21381246146507,35.83864406801217],[129.2138170936363,35.83852987131837],[129.2138199083593,35.83849375321469],[129.21382406165367,35.83844076132536],[129.2138267148847,35.838352352917845],[129.21382793356716,35.83832371801709],[129.2138271359816,35.83829854748302],[129.2138268807168,35.83827336697809],[129.21382716779607,35.8382481855148],[129.21382798617472,35.838223012125134],[129.2138293469686,35.83819786481451],[129.213831250129,35.83817272555794],[129.21383368468346,35.83814763042485],[129.21383666165144,35.83812256137071],[129.21384017003643,35.838097545452435],[129.21384422090614,35.838072582650476],[129.21384880321577,35.838047681996734],[129.2138539280332,35.83802284347162],[129.21385957329338,35.83799809415162],[129.2138670648688,35.837968411724596],[129.21391653378086,35.837820780463375],[129.21398651870504,35.83762174158506],[129.2140237300199,35.837551197937145],[129.2140905008354,35.83741294505782],[129.2143587011569,35.83686048993855],[129.2143660806109,35.836846949084915],[129.21437288399423,35.83683321097598],[129.21437675716854,35.83682467827744],[129.21445138310267,35.83670638299729],[129.21446730668103,35.83668440930864],[129.2144825377591,35.83666423033529],[129.2144981899925,35.83664426691383],[129.2145142855652,35.836624537029735],[129.21453079124885,35.83660503172928],[129.2145477070674,35.83658576002474],[129.21456504413692,35.836566739921274],[129.2145827803213,35.83654797145794],[129.21460091562034,35.836529454634594],[129.21461945003398,35.836511189451045],[129.2146376513143,35.8364925192923],[129.21465377729973,35.836475907664926],[129.21466696873975,35.836462870196264],[129.21468042628962,35.83645001250433],[129.21469416106544,35.836437352594366],[129.2147081730671,35.836424890466255],[129.2147224401587,35.83641262615919],[129.21473697343234,35.83640056866589],[129.21475176181994,35.83638871800592],[129.2147668053216,35.836377074179204],[129.21478208184953,35.836365655249864],[129.21479761351569,35.836354452166],[129.2149477133364,35.83622869541142],[129.2151749554082,35.83609010269547],[129.21535013375097,35.835988932042135],[129.2155517733179,35.83590767672196],[129.21590254025205,35.83570231413292],[129.21604513096582,35.835547008347234],[129.21606791546526,35.8355207322373],[129.21627879073333,35.83529835025574],[129.2162855761452,35.83529043415261],[129.21646188548888,35.83526095440762]]]]},"properties":{"present_sn":"47130UQ151PS201401070206","lclas_cl":"UQS118","mlsfc_cl":"","sclas_cl":"","atrb_se":"UQS118","wtnnc_sn":"47130URZ200205110047","ntfc_sn":"47130NTC200205110001","dgm_nm":"중로2류","dgm_ar":"10815","dgm_lt":"1419","signgu_se":"47130","grad_se":"중로","road_ty":"2","road_no":"24","road_role":"PMI0003","excut_se":"EMA0002","sig_nam":"47","lcl_nam":"중로2류","mls_nam":"미분류","scl_nam":"미분류","atr_nam":"중로2류","pmi_nam":"집산도로","exc_nam":"미집행","_layer":"LT_C_UPISUQ151","_layer_nm":"도시계획시설_도로"},"id":"LT_C_UPISUQ151.174079"},{"type":"Feature","geometry":{"type":"MultiPolygon","coordinates":[[[[129.21401792185597,35.8511526507462],[129.21408975965457,35.851150000164424],[129.21408513888846,35.85107780025681],[129.21404543438604,35.85107924941073],[129.21400415810675,35.85108076441886],[129.21270164624627,35.851128438915474],[129.21268963635896,35.851128874600356],[129.21266552807148,35.85112976414708],[129.21258099403263,35.85113285976987],[129.21254703429548,35.8511341000615],[129.21254081350915,35.851134327287966],[129.21206491224757,35.85115173621588],[129.21196332080333,35.85115545612045],[129.21192778569522,35.85115541021023],[129.21192735952943,35.85114913826217],[129.21189476359416,35.851188922409186],[129.2119048484032,35.851188904749506],[129.21187056484277,35.85124358048162],[129.2120365679453,35.85122526473238],[129.2122711200955,35.85121648090284],[129.2123043271093,35.851215242009815],[129.21242608568133,35.85121052207862],[129.21255559350843,35.851205878537094],[129.21270314334015,35.85120039201878],[129.2129575087745,35.851190842008414],[129.2131052806675,35.85118562498037],[129.21314114376963,35.85118411981603],[129.21331426339265,35.85117786650557],[129.21345196339496,35.8511733787933],[129.2134857220016,35.851171435626455],[129.21356187595165,35.8511683271205],[129.2136901676144,35.85116431537727],[129.21384480138684,35.85115854457208],[129.2139881461036,35.85115369478226],[129.21401792185597,35.8511526507462]]]]},"properties":{"present_sn":"47130UQ151PS201401070003","lclas_cl":"UQS121","mlsfc_cl":"","sclas_cl":"","atrb_se":"UQS121","wtnnc_sn":"47130URZ197412020083","ntfc_sn":"47130NTC197512170001","dgm_nm":"소로2류","dgm_ar":"1591","dgm_lt":"418","signgu_se":"47130","grad_se":"소로","road_ty":"2","road_no":"3","road_role":"PMI0004","excut_se":"EMA0002","sig_nam":"47","lcl_nam":"소로2류","mls_nam":"미분류","scl_nam":"미분류","atr_nam":"소로2류","pmi_nam":"국지도로","exc_nam":"미집행","_layer":"LT_C_UPISUQ151","_layer_nm":"도시계획시설_도로"},"id":"LT_C_UPISUQ151.174126"},{"type":"Feature","geometry":{"type":"MultiPolygon","coordinates":[[[[129.21668614078214,35.84986046723047],[129.2167772860289,35.8498547522662],[129.21686708726585,35.84993332447643],[129.21686091566542,35.849882108528305],[129.21685845842217,35.84968980435347],[129.21685854447855,35.84964794116765],[129.21686108620077,35.84955627054119],[129.2167573048329,35.84962948474571],[129.2167319565223,35.84963011596683],[129.21651801835787,35.849645874317225],[129.2163693622471,35.84965455791698],[129.2162988818678,35.84965923524427],[129.21621301556132,35.84966436361274],[129.2161670836951,35.84966738375616],[129.21614419522507,35.84966888467042],[129.21604254739984,35.84967555520721],[129.2158985868736,35.84968500491482],[129.21586832714715,35.849686987579],[129.21575410610302,35.849694482415146],[129.2157300665727,35.84969606641553],[129.21562964720974,35.84970265330038],[129.21553040094287,35.84970501115229],[129.21540137855797,35.849708070833664],[129.2152552396268,35.84971845193557],[129.2151926181501,35.84972290734551],[129.21516992617393,35.849727517035056],[129.21513657708144,35.84972918957152],[129.21495426943244,35.849738336811875],[129.21491778797653,35.849740168064656],[129.21469102953714,35.84975153882465],[129.21425993831195,35.84978190898565],[129.2141810049046,35.84972198947143],[129.21419458658858,35.850086349553756],[129.21430978389614,35.850004807825634],[129.2155339318243,35.84993552641769],[129.2156309462596,35.84993054089198],[129.21572221452578,35.84992523207072],[129.21588631144323,35.84991569257208],[129.21610614769156,35.84990291695895],[129.21637601109543,35.849886888103455],[129.21644205110164,35.84988164187466],[129.21668614078214,35.84986046723047]]],[[[129.20677312063435,35.850275190715834],[129.20678606068748,35.84986692062969],[129.20678404470334,35.849896494069625],[129.2066863152891,35.84997220373398],[129.20662470389803,35.84996508992432],[129.20649171170595,35.84996152263439],[129.206305823673,35.849956495223104],[129.206216907468,35.84995549315245],[129.20598805231955,35.84995291774805],[129.2054216698315,35.84994391252002],[129.2051884229278,35.849938161635514],[129.20502108303916,35.84993110903018],[129.20492954462313,35.84992628915061],[129.2048768171878,35.84992573852423],[129.2048204670749,35.849924085468096],[129.20478429112444,35.84992429989138],[129.2033735695202,35.84988769934296],[129.2033551925116,35.84988732465523],[129.20318788446855,35.849884000616285],[129.20298989980702,35.8498799256793],[129.202921569012,35.84987266802582],[129.20281307026974,35.84987166922512],[129.2026935098628,35.84978629584042],[129.2027289507467,35.85016550032159],[129.20273015549097,35.85021732916307],[129.202841511901,35.8501312084718],[129.2028625666992,35.85011359882248],[129.2028770314919,35.850103408485595],[129.20306317444448,35.85010850386027],[129.20321628221458,35.85011261797488],[129.20430117809767,35.85014182173381],[129.2043269624255,35.85014276958497],[129.20445516048747,35.85014592378103],[129.20459108663854,35.850149569477615],[129.20473004512704,35.850152885441666],[129.20479392291185,35.85015451679107],[129.20482231884912,35.850155108629856],[129.20492029389908,35.85015744826981],[129.20502229722504,35.850159321369325],[129.20542643664376,35.850171352761265],[129.20562629186315,35.850174996917346],[129.20579921265235,35.85017815480437],[129.20596627717248,35.85018120524597],[129.20629846246337,35.85018906618189],[129.2064428234756,35.850192479106425],[129.20660365102228,35.85019372778864],[129.20668356661642,35.850194339381034],[129.20677312063435,35.850275190715834]]],[[[129.20725388428917,35.850213245663184],[129.20749088990388,35.850212388947284],[129.20768693801122,35.850212052680455],[129.20775302444,35.85021157875545],[129.20809264763335,35.8502103644066],[129.208304411489,35.850208648235316],[129.20846835707556,35.85020845606856],[129.20855758030692,35.85020821221953],[129.20920759922475,35.85020474704409],[129.20927545540872,35.85020372847285],[129.20946120916477,35.85020367748747],[129.20959504528855,35.85020380626832],[129.20973131278578,35.85020239856245],[129.20976574043283,35.8502024290175],[129.20987477807492,35.850201879468926],[129.2099356623276,35.8502016837402],[129.21008565696957,35.85020043206841],[129.21020377263716,35.85020013683633],[129.21031989690172,35.85020029557382],[129.21043502156442,35.8501991941882],[129.21055169813937,35.8501989011166],[129.21066992426304,35.850198515109234],[129.2108005482058,35.850197927139924],[129.21086655735695,35.850168070908],[129.21086667945713,35.850206094405955],[129.21092467083636,35.85020452430541],[129.21113249182096,35.85019788920145],[129.21114446850984,35.85019750780521],[129.2112684858794,35.850193551169234],[129.2113312251136,35.85019154899623],[129.211548790347,35.85018595962922],[129.21171321025312,35.85018095854742],[129.21188155969085,35.85017585122294],[129.21190108428365,35.85017478961058],[129.2119944092661,35.850172598341096],[129.2120671338481,35.85017070446523],[129.2122156934286,35.85016683001425],[129.2122463329337,35.85016602824006],[129.2122927903476,35.850164829196444],[129.21241452937593,35.850161695511815],[129.2125275901424,35.85015878423334],[129.21260657980633,35.85015670779001],[129.21266056607791,35.85015600007556],[129.21281295738342,35.85014854920491],[129.2128252990039,35.85014803181197],[129.21297402934883,35.850141794849996],[129.2131065240599,35.85013706434723],[129.2131508419825,35.85013475119066],[129.2133316756779,35.85012040006255],[129.21337887507266,35.850123489237795],[129.2135204181574,35.85011620981184],[129.21365578906767,35.85010660688187],[129.21369887178685,35.85010188936855],[129.2137748972112,35.850088326463485],[129.21384294374434,35.850075723923226],[129.2139147801717,35.850056319224535],[129.21400633410022,35.85007084769884],[129.21403270835185,35.85008126455442],[129.2140226379863,35.84996219128007],[129.2140052455539,35.84973756761409],[129.21393628810384,35.84979035856654],[129.21383603587188,35.849818213142534],[129.21377528134744,35.84982958610986],[129.21370610819318,35.84983890104158],[129.21368606645058,35.84984109943458],[129.21356009981488,35.849856913434145],[129.21345926028113,35.84986798746922],[129.21333085199797,35.84987731654031],[129.2131991130932,35.84988719209216],[129.2130747871645,35.84989145768799],[129.21304046287491,35.84989277987284],[129.21284213004526,35.849899518748956],[129.2125115788533,35.84991071642992],[129.21238326867433,35.84991535781965],[129.21235392460846,35.84991622044276],[129.21225859948785,35.84991962317365],[129.21219704425386,35.8499213533795],[129.21197262995233,35.84992786617875],[129.21187630805952,35.84993109911507],[129.21186081164885,35.84993165798386],[129.21151250459968,35.849943073264484],[129.2114967755027,35.84994355138059],[129.21140422718406,35.84994631770609],[129.2113568401559,35.84994757210468],[129.21128387469028,35.849950403270405],[129.2111975259581,35.84995333886219],[129.2111222346219,35.84995572336429],[129.21105580612243,35.84995652418819],[129.21081920973552,35.84996114543082],[129.2106633199808,35.849964183741236],[129.21058559040512,35.84996549065235],[129.21054152298834,35.84996623425311],[129.21037210584845,35.849969304732326],[129.21021549635057,35.84997228062558],[129.21005895167792,35.84997465236512],[129.21000921380767,35.84997438720136],[129.2099106347515,35.84997386426922],[129.20979679356742,35.849974602427224],[129.2097089011353,35.849975665026804],[129.20941090930015,35.84997971393407],[129.20937451255776,35.84998016444612],[129.2092275202497,35.84998217610111],[129.20920175037526,35.849982527075596],[129.20859737256444,35.84998947349298],[129.2085259173425,35.849989921082724],[129.20839926885182,35.849990905295776],[129.2082597362114,35.849992371184356],[129.20808596566724,35.84999437344522],[129.20791748555797,35.84999599685394],[129.2077227813846,35.849997854301016],[129.20756616900948,35.8499997812974],[129.2074009774913,35.85000173180421],[129.2072968234031,35.85000284754303],[129.20717209149583,35.85000442200471],[129.20714675190874,35.850004222039814],[129.20706498558272,35.849946988417614],[129.2070617232642,35.85030424026526],[129.20717606514603,35.85021428014788],[129.20725388428917,35.850213245663184]]]]},"properties":{"present_sn":"47130UQ151PS201401070045","lclas_cl":"UQS116","mlsfc_cl":"","sclas_cl":"","atrb_se":"UQS116","wtnnc_sn":"47130URZ197505160004","ntfc_sn":"47130NTC197505200001","dgm_nm":"대로3류","dgm_ar":"32229","dgm_lt":"2779","signgu_se":"47130","grad_se":"대로","road_ty":"3","road_no":"7","road_role":"PMI0004","excut_se":"EMA0002","sig_nam":"47","lcl_nam":"대로3류","mls_nam":"미분류","scl_nam":"미분류","atr_nam":"대로3류","pmi_nam":"국지도로","exc_nam":"미집행","_layer":"LT_C_UPISUQ151","_layer_nm":"도시계획시설_도로"},"id":"LT_C_UPISUQ151.174167"},{"type":"Feature","geometry":{"type":"MultiPolygon","coordinates":[[[[129.21569412087072,35.85115670363609],[129.21573328531406,35.851110868380545],[129.21553498814504,35.85111543963023],[129.21559248161591,35.85115492907402],[129.21560362838764,35.8514840363734],[129.21560930589564,35.85161524812131],[129.21561532134615,35.85180626615003],[129.2156167764669,35.85182456792478],[129.21574733880317,35.851779534094234],[129.21569957048277,35.85175876435999],[129.2156985819217,35.85172049007547],[129.21569890871817,35.85160739174907],[129.2156990260454,35.85158927643371],[129.21569773847548,35.85150156916941],[129.21569562442326,35.85135764345854],[129.21569396968655,35.85124454865777],[129.21569116045984,35.85121669605541],[129.21569412087072,35.85115670363609]]],[[[129.21563254544392,35.84995728672514],[129.21563094588222,35.84993054049614],[129.21553393144688,35.84993552602181],[129.21553904253926,35.85000847304901],[129.21554798654915,35.85030896066485],[129.21555617103522,35.85049982166226],[129.21556319272705,35.85066579222154],[129.2155730234721,35.85077307743637],[129.2155802960909,35.85084293832807],[129.21558550359842,35.850964065950635],[129.21558762808763,35.85099665133482],[129.21554744500466,35.851030069145196],[129.21570849501316,35.851039272285156],[129.2156639836534,35.8510068616003],[129.21566697720732,35.850876860085066],[129.21564897281522,35.85031530576412],[129.21564444168624,35.85017402499189],[129.21563254544392,35.84995728672514]]]]},"properties":{"present_sn":"47130UQ151PS201401070494","lclas_cl":"UQS121","mlsfc_cl":"","sclas_cl":"","atrb_se":"UQS121","wtnnc_sn":"47130URZ202010151005","ntfc_sn":"47130NTC202010151001","dgm_nm":"소로2류","dgm_ar":"1740","dgm_lt":"461","signgu_se":"47130","grad_se":"소로","road_ty":"2","road_no":"2","road_role":"PMI0004","excut_se":"EMA0002","sig_nam":"47","lcl_nam":"소로2류","mls_nam":"미분류","scl_nam":"미분류","atr_nam":"소로2류","pmi_nam":"국지도로","exc_nam":"미집행","_layer":"LT_C_UPISUQ151","_layer_nm":"도시계획시설_도로"},"id":"LT_C_UPISUQ151.174282"},{"type":"Feature","geometry":{"type":"MultiPolygon","coordinates":[[[[129.22122630461817,35.841741218155754],[129.2212816675069,35.84169995680193],[129.2211128428659,35.84171065688045],[129.22116220722148,35.84174592270777],[129.22116227444346,35.841750230562035],[129.22116323807694,35.84181469524476],[129.22116783259608,35.84192343172284],[129.22117189172224,35.84202265197318],[129.22117768647988,35.84216924778176],[129.22118079733823,35.84226175544596],[129.22118442654045,35.84235758777483],[129.2211878846902,35.8424556104531],[129.22126011714766,35.84286779137799],[129.22121788855986,35.84290369329837],[129.2213752642703,35.84289878202172],[129.2213285876477,35.84286307877305],[129.22125792600264,35.842442648576224],[129.22125462602034,35.84235785596589],[129.22124986406206,35.84226070087273],[129.22124353570004,35.842129373227586],[129.22123966860013,35.842031585618585],[129.22123451109704,35.841931466128884],[129.22123055601605,35.84183387695231],[129.22122655202554,35.84174664323105],[129.22122630461817,35.841741218155754]]]]},"properties":{"present_sn":"47130UQ151PS201401071918","lclas_cl":"UQS122","mlsfc_cl":"","sclas_cl":"","atrb_se":"UQS122","wtnnc_sn":"47130URZ201007150095","ntfc_sn":"47130NTC201007150001","dgm_nm":"소로3류","dgm_ar":"860","dgm_lt":"303","signgu_se":"47130","grad_se":"소로","road_ty":"3","road_no":"170","road_role":"PMI0004","excut_se":"EMA0002","sig_nam":"47","lcl_nam":"소로3류","mls_nam":"미분류","scl_nam":"미분류","atr_nam":"소로3류","pmi_nam":"국지도로","exc_nam":"미집행","_layer":"LT_C_UPISUQ151","_layer_nm":"도시계획시설_도로"},"id":"LT_C_UPISUQ151.174315"},{"type":"Feature","geometry":{"type":"MultiPolygon","coordinates":[[[[129.2205423817231,35.841763492959736],[129.2205804014817,35.84173074430794],[129.22042491535126,35.84173367735984],[129.22046499233048,35.841764778591745],[129.2204660758229,35.84178445992743],[129.22047474541722,35.8419425054323],[129.22048046180123,35.842048977752974],[129.220485430157,35.84215713677287],[129.2204937425333,35.84233016169861],[129.2204995942767,35.84243753501504],[129.22050421069375,35.84251831468304],[129.22050508238152,35.84253341805012],[129.22050614700336,35.8425542800552],[129.2205169316701,35.84274480274282],[129.22051747286503,35.84276450308817],[129.2205250626605,35.84288401306896],[129.22046516618974,35.84293144688133],[129.2206510004409,35.84292660185424],[129.22060753418717,35.842894948096436],[129.22060131107986,35.84281762315595],[129.22058804950447,35.84265626945513],[129.2205757041343,35.84251008212136],[129.22054332513252,35.84178455346323],[129.2205423817231,35.841763492959736]]]]},"properties":{"present_sn":"47130UQ151PS201401071917","lclas_cl":"UQS122","mlsfc_cl":"","sclas_cl":"","atrb_se":"UQS122","wtnnc_sn":"47130URZ201007150094","ntfc_sn":"47130NTC201007150001","dgm_nm":"소로3류","dgm_ar":"943","dgm_lt":"304","signgu_se":"47130","grad_se":"소로","road_ty":"3","road_no":"169","road_role":"PMI0004","excut_se":"EMA0002","sig_nam":"47","lcl_nam":"소로3류","mls_nam":"미분류","scl_nam":"미분류","atr_nam":"소로3류","pmi_nam":"국지도로","exc_nam":"미집행","_layer":"LT_C_UPISUQ151","_layer_nm":"도시계획시설_도로"},"id":"LT_C_UPISUQ151.174316"},{"type":"Feature","geometry":{"type":"MultiPolygon","coordinates":[[[[129.21272155330024,35.84100690730718],[129.2127529077345,35.84100572562628],[129.2128114832444,35.841005748810446],[129.2134317838665,35.840972761146624],[129.21347211167475,35.8410036209394],[129.21347257079628,35.84088913425145],[129.21343423791205,35.84092162886548],[129.21256185450918,35.84095263520605],[129.21253354599253,35.840954577551045],[129.21240606907753,35.840963309163925],[129.21217434062504,35.840977865290355],[129.21212949923466,35.84098122445063],[129.21203972903,35.8409841846586],[129.21192062936564,35.8409881064249],[129.21173278647186,35.84099367147474],[129.21173311920558,35.8410526487406],[129.21184178027917,35.84104837591973],[129.2120692302841,35.841039848286435],[129.21213368275247,35.84103548142389],[129.21219781493838,35.841031385463616],[129.21234655289103,35.84102606855825],[129.21253567480878,35.841018625701345],[129.21272155330024,35.84100690730718]]]]},"properties":{"present_sn":"47130UQ151PS201401071910","lclas_cl":"UQS122","mlsfc_cl":"","sclas_cl":"","atrb_se":"UQS122","wtnnc_sn":"47130URZ201007150063","ntfc_sn":"47130NTC201007150001","dgm_nm":"소로3류","dgm_ar":"1023","dgm_lt":"337","signgu_se":"47130","grad_se":"소로","road_ty":"3","road_no":"70","road_role":"PMI0004","excut_se":"EMA0003","sig_nam":"47","lcl_nam":"소로3류","mls_nam":"미분류","scl_nam":"미분류","atr_nam":"소로3류","pmi_nam":"국지도로","exc_nam":"부분집행","_layer":"LT_C_UPISUQ151","_layer_nm":"도시계획시설_도로"},"id":"LT_C_UPISUQ151.174338"},{"type":"Feature","geometry":{"type":"MultiPolygon","coordinates":[[[[129.22667817007058,35.84130453633554],[129.2263003777206,35.84131811353854],[129.22575859242505,35.841336105417824],[129.22510799954875,35.84136135416708],[129.22500039919046,35.84136484390846],[129.22472480186698,35.84137377386326],[129.22452099333043,35.84138165970888],[129.22435555469474,35.84138763550471],[129.2243093916755,35.841389298296406],[129.22428307337236,35.84139041958045],[129.22423709876924,35.84139217212014],[129.22418596593576,35.84139385308882],[129.22410749584458,35.841396431856566],[129.2239708636481,35.84140443564403],[129.2239245016761,35.841406206806326],[129.22379656089763,35.8414111390687],[129.22374730624688,35.84141157265065],[129.2236013875672,35.84141966529323],[129.223448020415,35.841428050904],[129.2234255552915,35.84142963353357],[129.22328871281107,35.84143769100907],[129.22314317006834,35.841445674251524],[129.22312110202708,35.84144676040404],[129.22298471089522,35.84145395150064],[129.22287122903208,35.84146006380278],[129.22279007986526,35.84139876601285],[129.22279655374015,35.84154572100331],[129.22277116807706,35.8416435444112],[129.22277420105826,35.84170735636921],[129.2228502164612,35.841641839663275],[129.22299916865498,35.84163381444067],[129.22313495141466,35.84162666049949],[129.22315730724176,35.84162555578854],[129.2233041341056,35.84161750707088],[129.22344305745773,35.84160931955917],[129.22346494718448,35.84160778305166],[129.22361622299763,35.8415995094347],[129.22375603298738,35.84159175252262],[129.22380298551,35.84159134122082],[129.22393496625017,35.84158625727299],[129.22398399560637,35.84158438203043],[129.22411989770177,35.841576424642874],[129.22419489270092,35.841573960457055],[129.22424674503947,35.84157225111322],[129.22429403679524,35.84157045106514],[129.22432008953407,35.84156933928355],[129.22436535616856,35.841567705187586],[129.22453114935027,35.8415617197073],[129.22473446030548,35.841553852793275],[129.2251176699203,35.841541433043005],[129.22576837495015,35.84151618403034],[129.22644092640996,35.84149384670366],[129.2269616224828,35.841474377217196],[129.22707490877642,35.84146966737093],[129.2271278221937,35.841467468117195],[129.2271895481669,35.84146591921446],[129.2272716177589,35.8414641157595],[129.2272993432447,35.841463513902085],[129.22742104652787,35.84146049127645],[129.2274444333699,35.841459996680015],[129.22753742566422,35.841457442492626],[129.2276102441506,35.84145647634561],[129.22769289079162,35.84145130084081],[129.22776115190374,35.841447477204646],[129.22791943035784,35.84144200590036],[129.22801159727953,35.841437253850415],[129.22811948191378,35.84143254418911],[129.2282177714302,35.84142835723466],[129.22825146078168,35.84142699586765],[129.22833849526455,35.84142346993978],[129.22834757057618,35.841423101320274],[129.22840899642728,35.84142112877023],[129.22854368926232,35.84141634106594],[129.22857486688736,35.841415290779075],[129.22871833592444,35.84141005369444],[129.22881213525298,35.84140719056979],[129.22883569842213,35.84140643400648],[129.228972971491,35.84140209156491],[129.22902800298252,35.8414400652057],[129.2290118008684,35.84128590997139],[129.22900998506523,35.84116944482302],[129.22894993370377,35.84122243486251],[129.22882697149376,35.84122632661774],[129.22880362972498,35.841227073747945],[129.22870923295255,35.841229956020356],[129.2285653326132,35.8412352119337],[129.22853428785655,35.841236252954474],[129.22839980560386,35.84124103123774],[129.22833771584942,35.84124303207363],[129.2282064892941,35.841248344745054],[129.22810776837292,35.84125255052855],[129.22799867762677,35.84125730751498],[129.2279077393534,35.84126199415235],[129.2277488636255,35.84126749360286],[129.22767680668176,35.84127152265153],[129.2275999481345,35.84127633576698],[129.22753188918048,35.84127723887994],[129.2274378235134,35.841279822118416],[129.2274148019898,35.84128031602669],[129.22729302150097,35.84128333879068],[129.2272656502492,35.841283930968494],[129.2271831491905,35.841285744241965],[129.22711876705804,35.841287361215876],[129.2270636181467,35.84128965478678],[129.22695089653325,35.841294336525166],[129.22667817007058,35.84130453633554]]]]},"properties":{"present_sn":"47130UQ151PS201401070482","lclas_cl":"UQS117","mlsfc_cl":"","sclas_cl":"","atrb_se":"UQS117","wtnnc_sn":"47130URZ202107081002","ntfc_sn":"47130NTC202107081001","dgm_nm":"중로1류","dgm_ar":"11342","dgm_lt":"1203","signgu_se":"47130","grad_se":"중로","road_ty":"1","road_no":"40","road_role":"PMI0003","excut_se":"EMA0002","sig_nam":"47","lcl_nam":"중로1류","mls_nam":"미분류","scl_nam":"미분류","atr_nam":"중로1류","pmi_nam":"집산도로","exc_nam":"미집행","_layer":"LT_C_UPISUQ151","_layer_nm":"도시계획시설_도로"},"id":"LT_C_UPISUQ151.174359"},{"type":"Feature","geometry":{"type":"MultiPolygon","coordinates":[[[[129.21412763408358,35.8521505900048],[129.21412593338167,35.85209408470131],[129.21391007834436,35.85209942336736],[129.21386247469957,35.85209878651555],[129.21381343049194,35.852097611441025],[129.21379536188797,35.85209685928136],[129.21378021614484,35.852096228129774],[129.21376493763205,35.852095624248314],[129.21372607437885,35.85209307927791],[129.2136336219175,35.85208702392599],[129.2135225648729,35.85207847783742],[129.21345425211823,35.852074903244365],[129.21342535179272,35.85207225047605],[129.21340176538786,35.85206967845396],[129.21337086883977,35.852065677319544],[129.21314249954932,35.85202750634475],[129.21310605980915,35.85202045065946],[129.21297126203973,35.851992839390306],[129.2129482217619,35.85198747244584],[129.2127234582341,35.85193126934648],[129.2125809998934,35.851895199364314],[129.2123333057207,35.85183299744699],[129.21205935786782,35.85176408166085],[129.2119001725781,35.85172362406105],[129.21177754356654,35.85169247526873],[129.21164439138812,35.85165882125887],[129.21162564811388,35.85165405939408],[129.21158973469227,35.85164497451708],[129.2114777850332,35.85161666370402],[129.21132203540824,35.85157747009344],[129.2112885813736,35.851569047755675],[129.21112009231476,35.85152645137884],[129.21098483592596,35.85149225054544],[129.21091272108507,35.8514739006488],[129.21077026626736,35.851438549507876],[129.21063356848686,35.851403368427],[129.21021085387264,35.85129703504938],[129.2101359695095,35.85127778824705],[129.20994776422376,35.851230348698614],[129.20955507100658,35.85113153141475],[129.20930472285542,35.851068606835554],[129.20916293202404,35.851032621761654],[129.20860408208384,35.85089236058157],[129.20844323883438,35.850851540749055],[129.20810427429453,35.85076632515053],[129.20779355688833,35.85068799971821],[129.20766118318394,35.850654430072176],[129.2074945814796,35.850612447223035],[129.2072566430704,35.85055265146281],[129.20705658959906,35.850502614041005],[129.20705498798625,35.85056831786085],[129.20755977811353,35.85069579111918],[129.20766800295212,35.85072309357056],[129.20777678183055,35.85075057522294],[129.20801073415006,35.85080965580146],[129.20817357039755,35.85085074316027],[129.20833684984623,35.85089191965988],[129.2084541587102,35.850921549011524],[129.20859207147635,35.85095636998339],[129.20884474576957,35.85102019328497],[129.20903671630276,35.851068619435004],[129.2091796143804,35.85110469286868],[129.209294154477,35.851133605184614],[129.20952135183347,35.85119098212338],[129.20967355531457,35.85122938210517],[129.2098257589415,35.85126778189351],[129.2099592420448,35.8513015274737],[129.21011676311826,35.85134126954062],[129.21035160496655,35.851400524255816],[129.21054656837248,35.85144975390976],[129.21073787652145,35.851498088362966],[129.2108579565788,35.85152843153561],[129.21104793574312,35.85157640730999],[129.2112300499022,35.851622323639305],[129.21141216450758,35.85166832981605],[129.2115941683831,35.851714245784834],[129.21177617246727,35.85176016147692],[129.21191752224115,35.85179587385674],[129.21199120211153,35.851815590305435],[129.21205610294004,35.851830960048176],[129.21228873219835,35.85188967409621],[129.21247328488394,35.851936215132966],[129.2126078772308,35.85196995581599],[129.21267448977392,35.85198783670131],[129.2127205350064,35.85199778666629],[129.21294784485744,35.85205398528908],[129.21297365317392,35.85205952761145],[129.21299824305785,35.85206480169832],[129.21306303751473,35.852077485361065],[129.21313491761768,35.85209042688298],[129.2131432240754,35.852091854250055],[129.21332529961288,35.85212235610589],[129.21335287680736,35.852126993979105],[129.21338610003295,35.852131712014206],[129.21342264167623,35.852135432813164],[129.2134620606085,35.852138788025506],[129.2134910697417,35.852140719593734],[129.21367032803235,35.852152479917315],[129.2137403040313,35.85215704282321],[129.21382168135875,35.852161225041655],[129.21383950506393,35.85216146391823],[129.21386806756152,35.852161954186336],[129.21391799574087,35.85216249680137],[129.21396769987211,35.85216204841795],[129.21412787955072,35.85215960206048],[129.21412763408358,35.8521505900048]]]]},"properties":{"present_sn":"47130UQ151PS201406290004","lclas_cl":"UQS122","mlsfc_cl":"","sclas_cl":"","atrb_se":"UQS122","wtnnc_sn":"47130URZ200306260895","ntfc_sn":"47130NTC200306260003","dgm_nm":"소로3류","dgm_ar":"4753","dgm_lt":"1344","signgu_se":"47130","grad_se":"소로","road_ty":"3","road_no":"16","road_role":"PMI0004","excut_se":"EMA0002","sig_nam":"47","lcl_nam":"소로3류","mls_nam":"미분류","scl_nam":"미분류","atr_nam":"소로3류","pmi_nam":"국지도로","exc_nam":"미집행","_layer":"LT_C_UPISUQ151","_layer_nm":"도시계획시설_도로"},"id":"LT_C_UPISUQ151.174434"},{"type":"Feature","geometry":{"type":"MultiPolygon","coordinates":[[[[129.21462707123956,35.841987608880615],[129.21467096748566,35.841945244341716],[129.21448425056596,35.84195457892429],[129.21453767661293,35.84198653268707],[129.21454493080458,35.84209982504237],[129.2145475623378,35.84214428807721],[129.21455877908662,35.84237755688024],[129.21456517773947,35.842514445480695],[129.21457217426507,35.84266379731098],[129.21457953876305,35.84281828561193],[129.21458049944556,35.8428381114174],[129.2145911318747,35.843063900848044],[129.21459140084224,35.84308169105342],[129.21455551783927,35.84311576787025],[129.2145398949188,35.84313060311304],[129.21474267143992,35.843119689792275],[129.2146971076996,35.843089299366866],[129.21468848756948,35.8430861332469],[129.21467661901343,35.84307688043675],[129.2146772457657,35.84306290994412],[129.21466801262085,35.84285133977052],[129.21466724018322,35.84282741294256],[129.21466031520612,35.84267591601923],[129.21465975045277,35.84266341667759],[129.21465236251967,35.8425126325587],[129.21464552349715,35.84237255431755],[129.21463422404923,35.84212915561373],[129.21463216210876,35.84209488471386],[129.21462707123956,35.841987608880615]]],[[[129.21458010801013,35.840961951806754],[129.2144871260484,35.840922777055255],[129.2144938000131,35.84103439413625],[129.21451860908326,35.84150785823582],[129.21452264867187,35.84157804047171],[129.21452656848118,35.84165309868466],[129.2145319769619,35.84175502954946],[129.21453594281084,35.84183901907125],[129.21449864674625,35.84187429704575],[129.21466415990804,35.84186655020794],[129.21462437573803,35.84184063772241],[129.21461952369904,35.841748150982525],[129.2146075327877,35.84151101716855],[129.21458348393884,35.84103229744892],[129.21458010801013,35.840961951806754]]]]},"properties":{"present_sn":"47130UQ151PS201406280002","lclas_cl":"UQS121","mlsfc_cl":"","sclas_cl":"","atrb_se":"UQS121","wtnnc_sn":"47130URZ200306260185","ntfc_sn":"47130NTC200306260003","dgm_nm":"소로2류","dgm_ar":"1913","dgm_lt":"538","signgu_se":"47130","grad_se":"소로","road_ty":"2","road_no":"28","road_role":"PMI0004","excut_se":"EMA0002","sig_nam":"47","lcl_nam":"소로2류","mls_nam":"미분류","scl_nam":"미분류","atr_nam":"소로2류","pmi_nam":"국지도로","exc_nam":"미집행","_layer":"LT_C_UPISUQ151","_layer_nm":"도시계획시설_도로"},"id":"LT_C_UPISUQ151.174745"},{"type":"Feature","geometry":{"type":"MultiPolygon","coordinates":[[[[129.22037912080938,35.85244754633751],[129.2204955356389,35.852383102201934],[129.220512635291,35.852373634958084],[129.2205247056326,35.85236695272644],[129.22055793220412,35.85234855173832],[129.2207222685335,35.852255486463726],[129.2209038085345,35.85215471992177],[129.22105031800888,35.85207260988511],[129.22115963343478,35.85201134146],[129.2212825464013,35.8519072207148],[129.22135569088655,35.851844414046056],[129.22172233015027,35.85153028822215],[129.22182483419485,35.851444292388294],[129.22186625037415,35.85140931106285],[129.22191746283735,35.851366065324065],[129.2219773780875,35.85131544940235],[129.22209737411052,35.8512141090146],[129.22217387761148,35.85114949317753],[129.22224193048726,35.85111537305865],[129.22228086517242,35.85109584355608],[129.22240545167816,35.85103337430609],[129.22241219536141,35.8510301083984],[129.2226286236727,35.85092550786688],[129.22271027223633,35.850896112042385],[129.2227616770681,35.85087856019747],[129.22279923655043,35.85086617996393],[129.22284679423947,35.8508903539863],[129.2228416368062,35.850767315954904],[129.2228214591229,35.85080025772675],[129.22267945748246,35.850849817532335],[129.22260041644353,35.850877397027254],[129.22257741354073,35.850889597203626],[129.2222968809594,35.8510270217881],[129.2222260112274,35.85105928152769],[129.22214582103712,35.85109975069527],[129.22213936513262,35.851103007047044],[129.22211081555653,35.85112704170635],[129.22200666416524,35.8512135364977],[129.2219728885343,35.851241248798225],[129.2219644169977,35.851248194947544],[129.22190989364788,35.85129506980157],[129.22180250514654,35.85138404878719],[129.2217198870404,35.851455452985704],[129.22139130960045,35.85173430637068],[129.22136582263516,35.851757118560165],[129.22124184209977,35.85186337730495],[129.22113540801172,35.8519577794614],[129.22097975371227,35.852047512848735],[129.22089815491776,35.85209161578586],[129.22079447275613,35.85214843954687],[129.22071309652327,35.85219303763861],[129.22066930730867,35.852214828608666],[129.22059483169136,35.85225685448555],[129.22048737352523,35.85231747912392],[129.22038547736338,35.85237585843618],[129.22035450725397,35.85239359735481],[129.22030011092485,35.85238257501448],[129.2203537111965,35.85249466485089],[129.2203596871249,35.852473790054866],[129.22036493922795,35.85245539501133],[129.22037912080938,35.85244754633751]]]]},"properties":{"present_sn":"47130UQ151PS201401070657","lclas_cl":"UQS122","mlsfc_cl":"","sclas_cl":"","atrb_se":"UQS122","wtnnc_sn":"47130URZ200306260390","ntfc_sn":"47130NTC200306260003","dgm_nm":"소로3류","dgm_ar":"1781","dgm_lt":"617","signgu_se":"47130","grad_se":"소로","road_ty":"3","road_no":"82","road_role":"PMI0004","excut_se":"EMA0002","sig_nam":"47","lcl_nam":"소로3류","mls_nam":"미분류","scl_nam":"미분류","atr_nam":"소로3류","pmi_nam":"국지도로","exc_nam":"미집행","_layer":"LT_C_UPISUQ151","_layer_nm":"도시계획시설_도로"},"id":"LT_C_UPISUQ151.174775"},{"type":"Feature","geometry":{"type":"MultiPolygon","coordinates":[[[[129.22263875297975,35.85023598855561],[129.22264192688465,35.850190992356836],[129.22263896708435,35.85019349426445],[129.22251784108676,35.85029772128236],[129.22255878262155,35.85029944846341],[129.22259280087036,35.850331434290844],[129.22270675388563,35.850438581348534],[129.22273399936392,35.85046329751103],[129.22279297392166,35.85051678619292],[129.22281114127262,35.85053325460265],[129.22282343782737,35.85054440744168],[129.22283510179562,35.85055498464531],[129.22283533261344,35.85056235643767],[129.22283691515457,35.850613968057424],[129.22283732933002,35.85062756714307],[129.2228416365182,35.85076731590137],[129.22284679395156,35.85089035393277],[129.22284803778018,35.850963478987815],[129.22284925651564,35.851035540614355],[129.222849774642,35.8510666237383],[129.22285217342667,35.85120877332391],[129.22285389755245,35.85131131425672],[129.2228540551678,35.85132022731868],[129.22285510275015,35.85138248366744],[129.22285589881994,35.85142992394607],[129.22285970368438,35.85165576090789],[129.22286392159208,35.85179919591364],[129.2228645934603,35.85186567079429],[129.22286526748437,35.85193292074428],[129.22286652165857,35.85205754312739],[129.2228681444131,35.852219179118606],[129.222868819021,35.85228663635072],[129.22285860216263,35.85247018548224],[129.2228607811724,35.852585018588556],[129.2228646075939,35.85278672002518],[129.22286344231225,35.85285337852934],[129.22286412907573,35.85286148850271],[129.22296813330902,35.85286096337893],[129.22298620080855,35.85276172061265],[129.22298456863706,35.85272415957327],[129.22298467010944,35.852641235487425],[129.22297918556436,35.852484293122004],[129.22297794652113,35.85240100199186],[129.22297716969035,35.85234856876797],[129.22297617982767,35.85227526301357],[129.22297497602332,35.8521409521185],[129.22297422770458,35.85205498336982],[129.2229741485174,35.852046412639126],[129.22297376818057,35.85200120669718],[129.2229728508638,35.851918158304365],[129.2229718730024,35.85182926091665],[129.2229708967227,35.851740931311504],[129.22297011257953,35.85166994138008],[129.2229692650034,35.85156419940595],[129.22296842067664,35.85149147017289],[129.22296721711734,35.851389081497864],[129.22296689843682,35.851362062641364],[129.222962575647,35.85108144871263],[129.22296031182785,35.85096003661783],[129.2229499688453,35.85075970801952],[129.22294771561445,35.850586356914036],[129.2229121070177,35.85050802287874],[129.2229012970929,35.85048211386169],[129.22282199536696,35.850407762710105],[129.22268160563132,35.85027615045315],[129.22265199390992,35.85024840142355],[129.22263875297975,35.85023598855561]]]]},"properties":{"present_sn":"47130UQ151PS201401070485","lclas_cl":"UQS120","mlsfc_cl":"","sclas_cl":"","atrb_se":"UQS120","wtnnc_sn":"47130URZ200306260144","ntfc_sn":"47130NTC200306260003","dgm_nm":"소로1류","dgm_ar":"3033","dgm_lt":"629","signgu_se":"47130","grad_se":"소로","road_ty":"1","road_no":"30","road_role":"PMI0004","excut_se":"EMA0002","sig_nam":"47","lcl_nam":"소로1류","mls_nam":"미분류","scl_nam":"미분류","atr_nam":"소로1류","pmi_nam":"국지도로","exc_nam":"미집행","_layer":"LT_C_UPISUQ151","_layer_nm":"도시계획시설_도로"},"id":"LT_C_UPISUQ151.174807"},{"type":"Feature","geometry":{"type":"MultiPolygon","coordinates":[[[[129.21413481931862,35.85239544663985],[129.21413457384983,35.85238643458456],[129.21383148621914,35.852392468207114],[129.21379584182898,35.852393162067486],[129.2136440337317,35.852380091719496],[129.2134621077679,35.85236446069351],[129.2134212491176,35.85236092777107],[129.21327639259962,35.852339282831466],[129.21309343934965,35.85231193682061],[129.21296829585293,35.85229323091321],[129.21291479091875,35.85227980633651],[129.2127471867609,35.85223783255466],[129.21268573061514,35.8522233313439],[129.212630683722,35.852208665626996],[129.21239281491688,35.85214914130612],[129.21220826273756,35.852102960646874],[129.21207444595916,35.85206948853261],[129.2119617319059,35.8520412606257],[129.21193265353773,35.852034047489845],[129.21169526204767,35.85197462008618],[129.21151303706665,35.85192906515967],[129.2113308120553,35.85188341983127],[129.21114858748896,35.85183786435003],[129.21096647383095,35.851792308398394],[129.21078125861456,35.8517459464483],[129.2106568587817,35.851714799596266],[129.21046455432318,35.85166664699917],[129.210269591617,35.85161786783807],[129.21011074150877,35.851578128281865],[129.20994901144684,35.851537672512244],[129.20974441203035,35.8514864758425],[129.20959209802933,35.851448346519064],[129.20943967347253,35.85141021719343],[129.209333109257,35.85138354434517],[129.20921059387157,35.85135293348211],[129.2089530457629,35.85128848849623],[129.20876096498702,35.85124042290495],[129.20860189473996,35.85120059160413],[129.2084653115907,35.85116639922981],[129.20825329223317,35.85111332017248],[129.2080900133079,35.851072504060326],[129.20792695594938,35.851031687345134],[129.20777785608414,35.850994361318776],[129.20768192718927,35.85097037249125],[129.2074756690032,35.850918724171066],[129.20704864243177,35.85081184629285],[129.20704693336398,35.850878812042076],[129.2074215641534,35.8509722609949],[129.20766681388875,35.85103348587586],[129.20780782705125,35.851068662927084],[129.20809816142025,35.851140984995055],[129.20814158426856,35.851151815438556],[129.20845795095536,35.851230670980456],[129.20862222857167,35.851272205868604],[129.208989771853,35.851363228765194],[129.20900073850103,35.85136600369892],[129.2090230036667,35.851371462865224],[129.2092052250248,35.85141666108277],[129.20934668398675,35.8514524664276],[129.20952668981082,35.85149694698973],[129.20967104921027,35.851532665817565],[129.2097041484173,35.851540936008504],[129.2099375477826,35.851598797093864],[129.21010603733848,35.851641764640284],[129.21038363718634,35.85171103903484],[129.210612053497,35.85176796115833],[129.2107530692449,35.8518031347405],[129.21092155753476,35.85184529001864],[129.211114526669,35.85189335059733],[129.21124734549045,35.85192646502516],[129.21138836179617,35.85196163785903],[129.21154001270602,35.85199949568393],[129.2116568803836,35.85202867204585],[129.21169033445972,35.85203702218006],[129.21192650715153,35.85209597406511],[129.21209090166315,35.85213849536888],[129.21238113545863,35.85221170848895],[129.2126260623434,35.85227355466486],[129.21276763122313,35.85230791378108],[129.21296359225173,35.852356236497016],[129.2131682522705,35.8523869692126],[129.21337401970646,35.85241778975134],[129.21342308065476,35.85242518359325],[129.2137259196834,35.852450424779065],[129.21379744938162,35.852456336780165],[129.21413640355658,35.85244978914896],[129.21413481931862,35.85239544663985]]]]},"properties":{"present_sn":"47130UQ151PS201401070024","lclas_cl":"UQS122","mlsfc_cl":"","sclas_cl":"","atrb_se":"UQS122","wtnnc_sn":"47130URZ197412020316","ntfc_sn":"47130NTC197512170001","dgm_nm":"소로3류","dgm_ar":"4615","dgm_lt":"1346","signgu_se":"47130","grad_se":"소로","road_ty":"3","road_no":"20","road_role":"PMI0004","excut_se":"EMA0002","sig_nam":"47","lcl_nam":"소로3류","mls_nam":"미분류","scl_nam":"미분류","atr_nam":"소로3류","pmi_nam":"국지도로","exc_nam":"미집행","_layer":"LT_C_UPISUQ151","_layer_nm":"도시계획시설_도로"},"id":"LT_C_UPISUQ151.174997"},{"type":"Feature","geometry":{"type":"MultiPolygon","coordinates":[[[[129.2052528413713,35.86090203994791],[129.20531903806497,35.860807107374136],[129.20544908744006,35.86064889791833],[129.20562433552405,35.860441142033345],[129.20575698116468,35.860333037209955],[129.20585870616645,35.86027315654142],[129.20662055556755,35.85982473107078],[129.20731805043522,35.85941058634106],[129.20868033238463,35.85861051410758],[129.20900812275596,35.85841800957879],[129.20973821381483,35.85799332193332],[129.21015876498848,35.8577508414496],[129.21040679261972,35.85761307822245],[129.21097594366543,35.85728587140076],[129.21124887186525,35.857128965559696],[129.2142752103826,35.85527412007978],[129.21525266060956,35.85467592074849],[129.2153371169795,35.854630176296226],[129.21582801372895,35.854344299746884],[129.21590905653122,35.854297380344775],[129.21604280678764,35.854197346323204],[129.2167998174975,35.85375034272867],[129.21687274659436,35.85370829494354],[129.21699613342923,35.85363715444052],[129.21783083172275,35.853155829609285],[129.21793216860812,35.853183883232546],[129.21782849459012,35.85287417553891],[129.2177941500348,35.85295406999205],[129.2168074993121,35.85352475541695],[129.2166734688071,35.85360224155588],[129.21536735432798,35.85438833549359],[129.21443811859663,35.8549483635729],[129.2141393344998,35.855131053102944],[129.211138666933,35.85696308487819],[129.2109753390752,35.85705607216116],[129.21010713827422,35.8575766026527],[129.20969877011842,35.85780373161741],[129.20935944202205,35.85799397784761],[129.20906962153995,35.858158524118174],[129.20898377565277,35.858204924460814],[129.20891799887846,35.85824180896458],[129.20882287124044,35.85829517383945],[129.20871999703118,35.85835406763901],[129.20811033945273,35.85871018236294],[129.2077332076668,35.858934979754984],[129.20737278340968,35.8591481753041],[129.2071744892384,35.85926470383843],[129.20690390980434,35.85942391258476],[129.20662293727713,35.859588933489306],[129.2062398192104,35.85981826065969],[129.20596109277554,35.859979508965644],[129.20571334351862,35.86014534539815],[129.20558159756828,35.8602285742049],[129.20545441789594,35.86032245687762],[129.20538888528168,35.86040412203645],[129.20534243516983,35.860453787518914],[129.20513001628873,35.86071219304597],[129.20505508291942,35.86081965865341],[129.20501091983235,35.86089795277423],[129.20481478130466,35.86087319412802],[129.20498715136512,35.86143579464148],[129.20498860043668,35.861413630504344],[129.2049906747064,35.8613891671263],[129.20499502493703,35.86136716931191],[129.2050082853192,35.86133556712771],[129.2052528413713,35.86090203994791]]],[[[129.21861245100692,35.85278896336139],[129.2187569032529,35.85271029359927],[129.21876656443837,35.85270506691112],[129.21888399075888,35.85264150573156],[129.21899825636876,35.8525799869809],[129.21914621267933,35.85249968815816],[129.21921440497624,35.85246302798309],[129.21926834804285,35.85243382889943],[129.21935128349725,35.85238822857275],[129.2194661117527,35.85232626674372],[129.21963965887218,35.85223287981296],[129.2198666156557,35.85210582405229],[129.22003363488594,35.85201407066255],[129.22010881414087,35.85197025036608],[129.2201215372973,35.85196345883687],[129.22014721350314,35.85194893805717],[129.22024419279057,35.851894100790815],[129.22039562364722,35.85181015305325],[129.22076983740357,35.85159613607691],[129.22087475174186,35.85154079714418],[129.2210822840103,35.85139236987962],[129.2212685302082,35.85126891875026],[129.22137936166106,35.85117983480145],[129.22161868277513,35.8509944512911],[129.22163523967393,35.85098101938457],[129.22164591862668,35.850975691462],[129.22175570046636,35.8508876455226],[129.2219304725393,35.85075498560305],[129.22230665350867,35.85047519606204],[129.22251784137472,35.85029772133591],[129.22263896737223,35.85019349431799],[129.22264192717256,35.850190992410404],[129.22275846387436,35.850092568749254],[129.2228235793734,35.85003756275024],[129.222921396111,35.84995496329556],[129.2229837725022,35.84990227846687],[129.22306629008116,35.849835515004145],[129.22329813612083,35.849647969894],[129.2233380195221,35.849615685618026],[129.22362157134629,35.84938838042603],[129.2238231694786,35.849247502818635],[129.22414954402603,35.849018909455076],[129.22440561774314,35.84884354724771],[129.2244324316543,35.84882482361536],[129.22455880119577,35.84873684345377],[129.22469269554995,35.848644081572225],[129.22487649459407,35.84851675398782],[129.2249675715492,35.848448008572944],[129.2251393907657,35.84832802100828],[129.22533876316888,35.84818879427141],[129.2254006194304,35.84815297152296],[129.2258432257042,35.8478373755827],[129.22599192326567,35.847746792666214],[129.2260642651296,35.847700369315106],[129.22631873573198,35.84753262156087],[129.22644762160323,35.847447356466404],[129.2265374051386,35.84738796724505],[129.22674335233995,35.847254169397445],[129.22705670822958,35.847050638218306],[129.22706783462624,35.84704336227301],[129.2270923364781,35.84702950011892],[129.22724104689607,35.84693276910349],[129.22723888025837,35.84692991621285],[129.2271244256035,35.846778910516846],[129.2271094990777,35.84678891537653],[129.2270945392633,35.846798893259354],[129.22707954610928,35.846808826140425],[129.22706450857177,35.84681872305294],[129.2270494377201,35.846828583976105],[129.22703433355437,35.846838408909946],[129.22701918500513,35.84684819787517],[129.22700401421125,35.84685795083024],[129.22698879903382,35.84686766781674],[129.2269735505424,35.846877348813784],[129.2269582687114,35.846886984808954],[129.22694294252236,35.846896593847944],[129.22692759406328,35.84690615786425],[129.22691220124617,35.84691569492433],[129.2268967750896,35.84692518698248],[129.22688132668847,35.846934643030366],[129.22686583390382,35.846944063109554],[129.22685030777978,35.84695343818676],[129.22683473729774,35.84696278630767],[129.22681914454571,35.84697208940583],[129.2268035185052,35.84698136552689],[129.22678001276603,35.84699518970469],[129.22639322480092,35.84725100392348],[129.2259258636557,35.84755958235396],[129.22585688088384,35.84760383635198],[129.22519578786205,35.848051061223664],[129.22499508975145,35.84819120045416],[129.22482001143663,35.8483134650209],[129.22472926593926,35.8483819753848],[129.22379948199978,35.849026100683666],[129.22367522316668,35.84911324699254],[129.22342427005816,35.84930369410746],[129.2231471529208,35.84951629660521],[129.22291007038035,35.84970765434932],[129.22282586292346,35.849775790717764],[129.22276185201966,35.849829857386815],[129.2226640352939,35.84991246572586],[129.22259890871618,35.84996747165999],[129.2224832334486,35.85006517258482],[129.22215136133792,35.85034650358093],[129.22202792516293,35.85044029788142],[129.2216905196877,35.850687336207926],[129.22159528084723,35.85076219721497],[129.22104901513197,35.85119446231741],[129.22102113797118,35.85121357466972],[129.22092567464833,35.85127973849869],[129.22082897702916,35.85134797737723],[129.22078400768038,35.85137921563515],[129.22027101734352,35.851660916872866],[129.22008117294374,35.851768988678444],[129.2200027677338,35.851811093439935],[129.21950386639995,35.85207740848734],[129.21824702377853,35.85277004801193],[129.21814248310375,35.852740197930665],[129.21826023607377,35.853048591174066],[129.2182957827448,35.852963115690464],[129.21836812006845,35.85292383489635],[129.21839711329926,35.85290758711945],[129.2185439919833,35.85282950805806],[129.21861245100692,35.85278896336139]]],[[[129.23613494421556,35.8437080034612],[129.2362592738196,35.84367865025688],[129.2363536438198,35.84373713721838],[129.2363712937481,35.84341625776526],[129.23631744466522,35.84347314174953],[129.23623174161634,35.843493398054996],[129.23544680661803,35.843678882922234],[129.2347381064336,35.843847442455214],[129.23451466937544,35.84390150030791],[129.23409324889846,35.844008123500885],[129.23325829634595,35.844232615862715],[129.23285361079888,35.84434749392941],[129.23253055909169,35.84444328746113],[129.23208708589743,35.84458139963551],[129.23190925988737,35.84463887998385],[129.2317619620022,35.844688550824635],[129.2315983047872,35.844746273935606],[129.2314258086702,35.844809781735506],[129.2312433726555,35.84488114916573],[129.23020659534018,35.845293105482334],[129.22990277316936,35.84541913733643],[129.22967713447215,35.845518793615035],[129.2291221819567,35.84577300719402],[129.22910288075036,35.84578205625201],[129.2287818895989,35.845932487579105],[129.22871592690643,35.84596339901764],[129.228476265149,35.84607641804862],[129.22709124816313,35.84673513603058],[129.22730044938692,35.84684812028154],[129.22740900496018,35.846796364761545],[129.22752397221242,35.846741622959215],[129.2276444663327,35.846684166896274],[129.22778950131072,35.84661503837855],[129.2279354205624,35.846545547519206],[129.22811649325106,35.84645949732147],[129.2282218425198,35.84640945948689],[129.22833791430492,35.84635426419539],[129.22848582302643,35.84628404791088],[129.2287087907524,35.846178090178604],[129.2289957632692,35.84604190913192],[129.22908044349708,35.8460029950442],[129.2292304574252,35.84593394547866],[129.22934034215893,35.84588335731596],[129.22945022701072,35.845832859177335],[129.22958354762523,35.84577150145937],[129.22960477302132,35.84576181779677],[129.22967077036964,35.84573159075412],[129.22970957341965,35.845714032821476],[129.2297268195298,35.845706339444],[129.22975843760486,35.84569231001589],[129.22987540366825,35.84564089678633],[129.22997368606937,35.84559772034164],[129.2301556650249,35.845520407464285],[129.2303089032352,35.845456938162826],[129.23071932606058,35.8452938408656],[129.2308993280086,35.84522238875529],[129.2310576584354,35.84515944952617],[129.23107944006472,35.84515084603975],[129.23125944084447,35.845079213141744],[129.231348114502,35.8450439849417],[129.23139853349332,35.84502433136865],[129.23146863398455,35.84499715973599],[129.23151905369704,35.844977776485884],[129.23156870036567,35.84495902556953],[129.2316095013159,35.84494362619666],[129.23169066326727,35.84491381962689],[129.23184337350807,35.84485999275052],[129.23199741757574,35.84480814587095],[129.23204375476053,35.8447933666055],[129.23217436071684,35.84475147821288],[129.23222534269388,35.84473524796108],[129.23230342077437,35.84471094452226],[129.23243259243623,35.84467077097843],[129.23256176396708,35.84463059729596],[129.2326409479681,35.844606021136265],[129.23274512717617,35.84457418682679],[129.2328533989896,35.844541353172595],[129.23303157240738,35.844489458507255],[129.23329425127642,35.844416040975325],[129.23332345110626,35.84440823389674],[129.23344445294498,35.84437573564981],[129.2337085776519,35.84430492804583],[129.23383477769244,35.844271067485806],[129.2339869696634,35.84423021688405],[129.23423240118845,35.84416440116835],[129.23439034970616,35.84412389940623],[129.2346252900396,35.84406666509434],[129.23463790003646,35.844063666504894],[129.2348469603996,35.84401396234234],[129.23505613145448,35.84396434772599],[129.2352651912923,35.843914642837035],[129.23543077983967,35.84387529646931],[129.2355772320878,35.84384049340158],[129.23576239893484,35.84379651206281],[129.23594546379383,35.84375298516484],[129.23613494421556,35.8437080034612]]]]},"properties":{"present_sn":"47130UQ151PS201401070195","lclas_cl":"UQS117","mlsfc_cl":"","sclas_cl":"","atrb_se":"UQS117","wtnnc_sn":"47130URZ202208250003","ntfc_sn":"47130NTC202208250001","dgm_nm":"중로1류","dgm_ar":"70188","dgm_lt":"7136","signgu_se":"47130","grad_se":"중로","road_ty":"1","road_no":"2","road_role":"PMI0002","excut_se":"EMA0003","sig_nam":"47","lcl_nam":"중로1류","mls_nam":"미분류","scl_nam":"미분류","atr_nam":"중로1류","pmi_nam":"보조간선도로","exc_nam":"부분집행","_layer":"LT_C_UPISUQ151","_layer_nm":"도시계획시설_도로"},"id":"LT_C_UPISUQ151.175068"},{"type":"Feature","geometry":{"type":"MultiPolygon","coordinates":[[[[129.2126605458749,35.85300404647499],[129.2127388104663,35.85300300765178],[129.2127720237403,35.85300385050263],[129.21290142543273,35.852999837646],[129.21303537095903,35.85299770927294],[129.2130783217817,35.85299691264677],[129.21336768701448,35.85299180636798],[129.2135111522435,35.8529893903028],[129.2135683832523,35.85298838805256],[129.21367000396737,35.85298649627215],[129.21378114488715,35.85298449746088],[129.21389195345185,35.85298240900947],[129.21391686088458,35.85298209460255],[129.21402545562412,35.85298010006683],[129.21414368199126,35.852978268636804],[129.21414215886307,35.85290536029727],[129.2138103965103,35.852911174240134],[129.2137882569097,35.852911573859465],[129.21365442297576,35.85291397324914],[129.21350940828827,35.852916482344135],[129.21330849130243,35.85292008119974],[129.21305399628147,35.85292458519334],[129.21279108805228,35.852929193568386],[129.21264585261585,35.85293197238424],[129.21240154265226,35.85293663734669],[129.2121359786616,35.85294169957472],[129.21214336506583,35.85301378653892],[129.212321920592,35.85301031899488],[129.21251674967382,35.853006912730464],[129.2126605458749,35.85300404647499]]]]},"properties":{"present_sn":"47130UQ151PS201401070927","lclas_cl":"UQS121","mlsfc_cl":"","sclas_cl":"","atrb_se":"UQS121","wtnnc_sn":"47130URZ200306260871","ntfc_sn":"47130NTC200306260003","dgm_nm":"소로2류","dgm_ar":"1460","dgm_lt":"378","signgu_se":"47130","grad_se":"소로","road_ty":"2","road_no":"4","road_role":"PMI0004","excut_se":"EMA0002","sig_nam":"47","lcl_nam":"소로2류","mls_nam":"미분류","scl_nam":"미분류","atr_nam":"소로2류","pmi_nam":"국지도로","exc_nam":"미집행","_layer":"LT_C_UPISUQ151","_layer_nm":"도시계획시설_도로"},"id":"LT_C_UPISUQ151.175374"},{"type":"Feature","geometry":{"type":"MultiPolygon","coordinates":[[[[129.22362875018482,35.852859176142346],[129.2234589292826,35.85285840848139],[129.22349389307843,35.85289150983929],[129.22349452586266,35.853078788151834],[129.22349566205443,35.853406930693275],[129.22349630490342,35.8535978139655],[129.2234966676118,35.85368820853088],[129.2234980816242,35.85407628355393],[129.22349865806007,35.85420362890678],[129.22349897324008,35.854356389947405],[129.2235000316608,35.8547757389049],[129.2235007380757,35.85506882358465],[129.22346738006135,35.85509583254379],[129.2236219255724,35.855095637052585],[129.22358908125292,35.85506866031718],[129.22358847767728,35.854772871703105],[129.22358773797978,35.85438858072439],[129.2235874393254,35.85420211295986],[129.22358742154785,35.85407665919696],[129.2235866080519,35.85382467160288],[129.22358601887981,35.85361342002094],[129.22358518127135,35.85335278046481],[129.22358424816176,35.85305789362345],[129.2235841193335,35.852972004860234],[129.2235840439304,35.852944967538264],[129.22358380001575,35.852897201807124],[129.22362875018482,35.852859176142346]]],[[[129.2236235049471,35.85518557872111],[129.2234678524538,35.85518586638462],[129.22350081401993,35.855215186181745],[129.2235018671431,35.85551349743957],[129.22350283132786,35.8557799046575],[129.22350327120944,35.855897967369096],[129.2235038967902,35.85608263198065],[129.22346698542344,35.85610595238382],[129.22362629355473,35.85610583820959],[129.22359256089578,35.85607805199936],[129.22359199845727,35.85591609872809],[129.22359149761027,35.8557762259216],[129.22359114568224,35.855650051810834],[129.22358959239068,35.85521222823956],[129.2236235049471,35.85518557872111]]]]},"properties":{"present_sn":"47130UQ151PS201401070835","lclas_cl":"UQS121","mlsfc_cl":"","sclas_cl":"","atrb_se":"UQS121","wtnnc_sn":"47130URZ200306260759","ntfc_sn":"47130NTC200306260003","dgm_nm":"소로2류","dgm_ar":"2859","dgm_lt":"769","signgu_se":"47130","grad_se":"소로","road_ty":"2","road_no":"45","road_role":"PMI0004","excut_se":"EMA0002","sig_nam":"47","lcl_nam":"소로2류","mls_nam":"미분류","scl_nam":"미분류","atr_nam":"소로2류","pmi_nam":"국지도로","exc_nam":"미집행","_layer":"LT_C_UPISUQ151","_layer_nm":"도시계획시설_도로"},"id":"LT_C_UPISUQ151.175541"},{"type":"Feature","geometry":{"type":"MultiPolygon","coordinates":[[[[129.22619195268152,35.85230275572735],[129.2264881740799,35.852296253164205],[129.22653255745746,35.85233249037105],[129.2265323645072,35.852185857559135],[129.2264883017226,35.852223882649696],[129.2254002655137,35.85224421046529],[129.22488689326954,35.85226751700062],[129.22489087280098,35.85297580098419],[129.2248416001986,35.8530118524072],[129.22502414568328,35.85301025119523],[129.22497965898873,35.852976537123304],[129.22497891664108,35.85283035596608],[129.22497838894975,35.852721215728565],[129.22497736989138,35.852594772427175],[129.22497718139357,35.85248815505095],[129.22497707931916,35.85237288552384],[129.22502003487915,35.85233450254733],[129.22524738725565,35.8523236248975],[129.22535785357138,35.85231837214153],[129.2253816514392,35.85231724630203],[129.22539980452328,35.852316491476394],[129.22541961965584,35.852316274299824],[129.22546865856785,35.85231546189953],[129.22557946634527,35.852313542923824],[129.22600863927403,35.85230625276809],[129.22619195268152,35.85230275572735]]],[[[129.2275925247764,35.85229030477917],[129.2280338914786,35.85228893268638],[129.22805799454343,35.85231727657479],[129.2281395656159,35.85219473315888],[129.2280850496791,35.85221592519931],[129.22789619328418,35.85221655157605],[129.22766914503987,35.85221733967794],[129.22756298250437,35.852217692680114],[129.227529772135,35.85221780923518],[129.2274236095975,35.85221816211421],[129.2271531665096,35.85221912095461],[129.22699929056873,35.85221922959647],[129.22683312826217,35.85221990183315],[129.2266782572756,35.85222046255444],[129.22664307385676,35.85218835390631],[129.22664344688232,35.8523202960256],[129.2266766914458,35.852293106138866],[129.2269649580497,35.85229220505063],[129.22716145306683,35.852291565790935],[129.2275925247764,35.85229030477917]]]]},"properties":{"present_sn":"47130UQ151PS201401070829","lclas_cl":"UQS121","mlsfc_cl":"","sclas_cl":"","atrb_se":"UQS121","wtnnc_sn":"47130URZ200306260753","ntfc_sn":"47130NTC200306260003","dgm_nm":"소로2류","dgm_ar":"2925","dgm_lt":"783","signgu_se":"47130","grad_se":"소로","road_ty":"2","road_no":"39","road_role":"PMI0004","excut_se":"EMA0002","sig_nam":"47","lcl_nam":"소로2류","mls_nam":"미분류","scl_nam":"미분류","atr_nam":"소로2류","pmi_nam":"국지도로","exc_nam":"미집행","_layer":"LT_C_UPISUQ151","_layer_nm":"도시계획시설_도로"},"id":"LT_C_UPISUQ151.175546"},{"type":"Feature","geometry":{"type":"MultiPolygon","coordinates":[[[[129.2242361266562,35.84928222921052],[129.2242392331796,35.84923722407641],[129.22412328594402,35.84931177399767],[129.22417931578502,35.84931371600843],[129.2242029826756,35.849333364441186],[129.22439321169603,35.849489414500034],[129.22443959489613,35.849521232670284],[129.22476472892123,35.849786227101156],[129.22480262561467,35.84981544727544],[129.22484313987553,35.84987409736951],[129.22484469772002,35.849924339113834],[129.22484603725212,35.849967785845],[129.22485196643402,35.85015966878701],[129.22485108686394,35.850197342634694],[129.22485269232487,35.850319819402266],[129.22485526900005,35.850382036849005],[129.22485965460345,35.850536646985894],[129.2248647653176,35.85071691433044],[129.22487155378434,35.850824384668236],[129.22487022498092,35.850934754091156],[129.22487057629402,35.85094555040098],[129.2248724495207,35.851041124373204],[129.22487543485494,35.8511740350207],[129.22487413097593,35.851384064497715],[129.22495631703916,35.85137671069949],[129.22494545338023,35.851296420610794],[129.22494272862113,35.85119724323171],[129.22494389922585,35.85113310817906],[129.22494281020565,35.85101326211628],[129.22494227261328,35.85092818521179],[129.2249401399325,35.85082302243204],[129.22493081752972,35.850708085455814],[129.22492978912132,35.85069664150556],[129.22493023539695,35.85066631364584],[129.22492558353014,35.85057073582305],[129.22492566797112,35.85045878250848],[129.2249256891194,35.850430807698196],[129.22492575196202,35.85035061443881],[129.22492313387758,35.85021052013607],[129.22492302409316,35.85016744063306],[129.22491683227912,35.849878052038626],[129.22485180386295,35.84976618371507],[129.22444780712334,35.849449477994895],[129.22440258573133,35.84941350291314],[129.22425778281428,35.84929933983703],[129.2242361266562,35.84928222921052]]]]},"properties":{"present_sn":"47130UQ151PS201401070741","lclas_cl":"UQS122","mlsfc_cl":"","sclas_cl":"","atrb_se":"UQS122","wtnnc_sn":"47130URZ200306260513","ntfc_sn":"47130NTC200306260003","dgm_nm":"소로3류","dgm_ar":"1671","dgm_lt":"543","signgu_se":"47130","grad_se":"소로","road_ty":"3","road_no":"205","road_role":"PMI0004","excut_se":"EMA0002","sig_nam":"47","lcl_nam":"소로3류","mls_nam":"미분류","scl_nam":"미분류","atr_nam":"소로3류","pmi_nam":"국지도로","exc_nam":"미집행","_layer":"LT_C_UPISUQ151","_layer_nm":"도시계획시설_도로"},"id":"LT_C_UPISUQ151.175564"},{"type":"Feature","geometry":{"type":"MultiPolygon","coordinates":[[[[129.225466804376,35.849416381676434],[129.22536552298578,35.84933641331483],[129.2253666130499,35.849385529366344],[129.22535451886955,35.849395240328036],[129.22515823933796,35.84955285580703],[129.2251204657677,35.849587200620206],[129.22491084083472,35.84976267624917],[129.22485180386295,35.84976618371507],[129.22491683227912,35.849878052038626],[129.22494822648795,35.84981095874756],[129.22510009348744,35.84968444727034],[129.22511630613326,35.849670934410874],[129.2251168472893,35.849670482779146],[129.22516794809277,35.84962792080457],[129.22520838208706,35.84959487783478],[129.2254218541538,35.84941795251551],[129.225466804376,35.849416381676434]]],[[[129.22631718877545,35.84867090243724],[129.2265853532062,35.848447620572635],[129.22664619362592,35.848451994808514],[129.22652717635438,35.84835554975659],[129.22652488327626,35.8484098182741],[129.22614299636672,35.8487340633336],[129.22607650915822,35.84879213794896],[129.2260349595935,35.848825787135674],[129.22597957964228,35.84882652148569],[129.22608298953787,35.84891938223541],[129.22608540406128,35.84886488819113],[129.226152990998,35.848804224929836],[129.22622640785482,35.848738314468214],[129.22631718877545,35.84867090243724]]],[[[129.22602195244866,35.84895138250339],[129.22593772481937,35.848865785992004],[129.22592950778076,35.84891569450038],[129.22590912704752,35.84893881356014],[129.2258439058411,35.84899058594857],[129.2256627063335,35.84914068472059],[129.22561115267797,35.84918340096507],[129.22553640818532,35.84924203142913],[129.22550365255702,35.849269571588465],[129.2254237012177,35.849279580280445],[129.22553707489155,35.84936885397697],[129.22553624599496,35.84932210772551],[129.2256295594363,35.849245507766724],[129.22568903730075,35.849198216408645],[129.22580240371778,35.84910011114046],[129.22588874791748,35.849025371549175],[129.22592122499447,35.84899727302985],[129.22598485476934,35.84895429976571],[129.22602195244866,35.84895138250339]]],[[[129.22674544083242,35.84832539055575],[129.2269755429819,35.84813644465809],[129.22725687691303,35.847905448910495],[129.2275550285049,35.8476604605062],[129.22759371507965,35.847628672750474],[129.2276854430632,35.84754868546568],[129.22763242508603,35.84747258461369],[129.22762322647773,35.84749605243567],[129.22753639279924,35.84756878442128],[129.22733534644397,35.84773647941253],[129.22695732620718,35.84805178843634],[129.2266646263454,35.848295954006915],[129.22660880066243,35.848291597422715],[129.22674775256675,35.84836779901643],[129.22674544083242,35.84832539055575]]]]},"properties":{"present_sn":"47130UQ151PS201401070740","lclas_cl":"UQS122","mlsfc_cl":"","sclas_cl":"","atrb_se":"UQS122","wtnnc_sn":"47130URZ200306260512","ntfc_sn":"47130NTC200306260003","dgm_nm":"소로3류","dgm_ar":"2390","dgm_lt":"792","signgu_se":"47130","grad_se":"소로","road_ty":"3","road_no":"204","road_role":"PMI0004","excut_se":"EMA0002","sig_nam":"47","lcl_nam":"소로3류","mls_nam":"미분류","scl_nam":"미분류","atr_nam":"소로3류","pmi_nam":"국지도로","exc_nam":"미집행","_layer":"LT_C_UPISUQ151","_layer_nm":"도시계획시설_도로"},"id":"LT_C_UPISUQ151.175565"},{"type":"Feature","geometry":{"type":"MultiPolygon","coordinates":[[[[129.22432122791864,35.84160817244952],[129.224365356546,35.84156770558343],[129.22432008991152,35.84156933967941],[129.22429403717263,35.84157045146099],[129.22424674541693,35.84157225150906],[129.22419489307833,35.84157396085289],[129.22425010081454,35.841624274475606],[129.22425516920472,35.84170305239052],[129.22426256038065,35.841812901111396],[129.22426992886056,35.84192254258428],[129.22427489628106,35.84200478148289],[129.22428302171087,35.84213572710593],[129.22428596904524,35.84219222102462],[129.22429168802458,35.842293835407006],[129.2242987615768,35.84242068228398],[129.22430083424678,35.84253249656317],[129.2243046297547,35.84258354535339],[129.22430682582427,35.84261283191499],[129.22431582637904,35.842728148220466],[129.22432413663861,35.842830145324726],[129.224332626298,35.842861727414586],[129.22433494064788,35.84286997857484],[129.22435907575817,35.84295875202412],[129.22437490228384,35.84301340152052],[129.2243863233044,35.84306011015924],[129.22440522519332,35.84312992198676],[129.22443306389957,35.84323284718685],[129.22443544581944,35.84324150378184],[129.22446114768346,35.843336303661445],[129.22446403293355,35.84334682490959],[129.22449987946487,35.84347913401043],[129.2245120631263,35.843608422765726],[129.22453366740376,35.843738000456696],[129.22455246814997,35.84385064885625],[129.22456980524342,35.84395446771727],[129.22458777279948,35.844062052628566],[129.2246051471313,35.84416727736154],[129.2245760101209,35.844205697669885],[129.2247334613,35.84419132774005],[129.2246783399265,35.84416073355458],[129.224580345867,35.843568127302206],[129.22457882474578,35.84354669839848],[129.22456805357174,35.843475186172405],[129.22453252729815,35.84333079073312],[129.2245036451994,35.843226885131735],[129.2244564476578,35.843057041992594],[129.2244041405227,35.84286886786625],[129.22438771921608,35.84283109087985],[129.22436272462997,35.84241926587174],[129.22435790616186,35.84229139640356],[129.22435219839397,35.842189863116175],[129.22434927340242,35.84213345928277],[129.22433615677568,35.841919752087435],[129.22432877670758,35.84180995742764],[129.22432138559196,35.84170016278584],[129.224315583936,35.841612517929434],[129.22432122791864,35.84160817244952]]]]},"properties":{"present_sn":"47130UQ151PS201401070713","lclas_cl":"UQS122","mlsfc_cl":"","sclas_cl":"","atrb_se":"UQS122","wtnnc_sn":"47130URZ200306260479","ntfc_sn":"47130NTC200306260003","dgm_nm":"소로3류","dgm_ar":"1871","dgm_lt":"625","signgu_se":"47130","grad_se":"소로","road_ty":"3","road_no":"171","road_role":"PMI0004","excut_se":"EMA0002","sig_nam":"47","lcl_nam":"소로3류","mls_nam":"미분류","scl_nam":"미분류","atr_nam":"소로3류","pmi_nam":"국지도로","exc_nam":"미집행","_layer":"LT_C_UPISUQ151","_layer_nm":"도시계획시설_도로"},"id":"LT_C_UPISUQ151.175585"},{"type":"Feature","geometry":{"type":"MultiPolygon","coordinates":[[[[129.21975436235826,35.84308883657395],[129.2198258013991,35.843040345707145],[129.2196187602477,35.843041713078875],[129.21968309856828,35.84308414430134],[129.21973724785303,35.84369824799956],[129.2197734416024,35.844238815181214],[129.2198417576377,35.84423786191583],[129.2198060764769,35.84369870878696],[129.21978746438515,35.843555497893725],[129.219785691256,35.84353050043411],[129.21975436235826,35.84308883657395]]]]},"properties":{"present_sn":"47130UQ151PS201401070711","lclas_cl":"UQS122","mlsfc_cl":"","sclas_cl":"","atrb_se":"UQS122","wtnnc_sn":"47130URZ200306260475","ntfc_sn":"47130NTC200306260003","dgm_nm":"소로3류","dgm_ar":"843","dgm_lt":"297","signgu_se":"47130","grad_se":"소로","road_ty":"3","road_no":"167","road_role":"PMI0004","excut_se":"EMA0002","sig_nam":"47","lcl_nam":"소로3류","mls_nam":"미분류","scl_nam":"미분류","atr_nam":"소로3류","pmi_nam":"국지도로","exc_nam":"미집행","_layer":"LT_C_UPISUQ151","_layer_nm":"도시계획시설_도로"},"id":"LT_C_UPISUQ151.175586"},{"type":"Feature","geometry":{"type":"MultiPolygon","coordinates":[[[[129.224787700433,35.844238876051996],[129.2249747465518,35.84422310794602],[129.2257865944053,35.84415811129885],[129.22579960892946,35.84415320223117],[129.22587903534028,35.84414730396956],[129.2259072888974,35.84414521438336],[129.22606290044098,35.8441302062603],[129.22608083859672,35.84412847838563],[129.22626700676653,35.84410773500983],[129.22631382836212,35.844103555744674],[129.22643186117745,35.84409675573223],[129.22648393279448,35.84409373819821],[129.2265929076298,35.84409356114927],[129.2268136965588,35.84407560903141],[129.22718508706444,35.844044350685465],[129.22723539609314,35.84407559264824],[129.2272304726263,35.843943586798474],[129.22719784856235,35.843981428479665],[129.22691701596466,35.84400534306836],[129.2262310148285,35.84406235229082],[129.22502636553338,35.84416524180974],[129.22497095259902,35.8441688507389],[129.2247334613,35.84419132774005],[129.2245760101209,35.844205697669885],[129.22445529447884,35.844211148962906],[129.2239140155083,35.84422342669995],[129.22377360578278,35.84422814769694],[129.2236220589494,35.8442323123176],[129.22353311748384,35.84423193594485],[129.22339578245695,35.844231793081406],[129.22327036730607,35.84423506182499],[129.2231588789387,35.84423898969827],[129.22299712233163,35.8442417213516],[129.22289172065118,35.84424517811968],[129.2228937765196,35.8442918951337],[129.22289469852106,35.84431298268568],[129.22369475815154,35.84427892574829],[129.22387135262105,35.844274083810404],[129.22401606997698,35.8442699585598],[129.22430607561702,35.844264013677275],[129.2244514354147,35.844260057948766],[129.2244998148918,35.84425874247463],[129.22456077154678,35.84425442049677],[129.2246280806291,35.844249654092344],[129.22469469591226,35.84424615970144],[129.224787700433,35.844238876051996]]]]},"properties":{"present_sn":"47130UQ151PS201401070708","lclas_cl":"UQS122","mlsfc_cl":"","sclas_cl":"","atrb_se":"UQS122","wtnnc_sn":"47130URZ200306260472","ntfc_sn":"47130NTC200306260003","dgm_nm":"소로3류","dgm_ar":"2412","dgm_lt":"812","signgu_se":"47130","grad_se":"소로","road_ty":"3","road_no":"164","road_role":"PMI0004","excut_se":"EMA0002","sig_nam":"47","lcl_nam":"소로3류","mls_nam":"미분류","scl_nam":"미분류","atr_nam":"소로3류","pmi_nam":"국지도로","exc_nam":"미집행","_layer":"LT_C_UPISUQ151","_layer_nm":"도시계획시설_도로"},"id":"LT_C_UPISUQ151.175588"},{"type":"Feature","geometry":{"type":"MultiPolygon","coordinates":[[[[129.22365834446194,35.84316496683526],[129.22364367136643,35.84303951289695],[129.22360342555368,35.84306763419808],[129.22351071320992,35.84307206843989],[129.22331947317304,35.843079460381254],[129.22314883304045,35.843087066372455],[129.222983849087,35.84309466169615],[129.2228415635062,35.84310080002225],[129.22284468670983,35.84316118704572],[129.22298746944705,35.84315466927438],[129.22330042236172,35.84313868966051],[129.22346522387213,35.843129156551264],[129.22351123157236,35.8431269986819],[129.22360001526948,35.84312284207614],[129.22365834446194,35.84316496683526]]],[[[129.22425867013428,35.843105499504155],[129.22435810213244,35.8431013496357],[129.22440522519332,35.84312992198676],[129.2243863233044,35.84306011015924],[129.22437490228384,35.84301340152052],[129.2243321921078,35.843046817974766],[129.22417876944309,35.843052275560744],[129.22401618396938,35.84305856104388],[129.22385833545724,35.84306465729159],[129.2237396880823,35.84306892339896],[129.22370781317122,35.84303453656379],[129.22372446669746,35.84315962633164],[129.22376135463935,35.84312611271271],[129.22386032469004,35.84312300054818],[129.2239893726119,35.8431171739271],[129.22425867013428,35.843105499504155]]]]},"properties":{"present_sn":"47130UQ151PS201401070707","lclas_cl":"UQS122","mlsfc_cl":"","sclas_cl":"","atrb_se":"UQS122","wtnnc_sn":"47130URZ200306260471","ntfc_sn":"47130NTC200306260003","dgm_nm":"소로3류","dgm_ar":"898","dgm_lt":"325","signgu_se":"47130","grad_se":"소로","road_ty":"3","road_no":"163","road_role":"PMI0999","excut_se":"EMA0001","sig_nam":"47","lcl_nam":"소로3류","mls_nam":"미분류","scl_nam":"미분류","atr_nam":"소로3류","pmi_nam":"기타 도로시설","exc_nam":"집행완료","_layer":"LT_C_UPISUQ151","_layer_nm":"도시계획시설_도로"},"id":"LT_C_UPISUQ151.175605"},{"type":"Feature","geometry":{"type":"MultiPolygon","coordinates":[[[[129.21396607639466,35.8516365329675],[129.21407101351807,35.85163355348689],[129.21410994850024,35.851663045567015],[129.21410520959452,35.85154661256978],[129.21406898629937,35.85157912162823],[129.21390361205215,35.85158428083593],[129.21379203364927,35.85158754227949],[129.2136808982808,35.85159089296199],[129.21356898775562,35.851594154785],[129.21345674535763,35.851597507214144],[129.21331793615036,35.851601447126235],[129.21314425803027,35.85160616930334],[129.21311027519442,35.851607121395304],[129.21293394048718,35.85161194708464],[129.2128149450334,35.85161522067285],[129.21271432426516,35.851617830969346],[129.21267539005865,35.851588428559495],[129.21267913486884,35.85170648561127],[129.21271502549266,35.85167352693173],[129.21308983114045,35.85166223273253],[129.21344139377103,35.85165260061472],[129.21358385619547,35.851648654111536],[129.21370727874506,35.851645011443345],[129.21383590134815,35.85164027795985],[129.21396607639466,35.8516365329675]]]]},"properties":{"present_sn":"47130UQ151PS201401070947","lclas_cl":"UQS122","mlsfc_cl":"","sclas_cl":"","atrb_se":"UQS122","wtnnc_sn":"47130URZ200306260897","ntfc_sn":"47130NTC200306260003","dgm_nm":"소로3류","dgm_ar":"808","dgm_lt":"290","signgu_se":"47130","grad_se":"소로","road_ty":"3","road_no":"18","road_role":"PMI0004","excut_se":"EMA0002","sig_nam":"47","lcl_nam":"소로3류","mls_nam":"미분류","scl_nam":"미분류","atr_nam":"소로3류","pmi_nam":"국지도로","exc_nam":"미집행","_layer":"LT_C_UPISUQ151","_layer_nm":"도시계획시설_도로"},"id":"LT_C_UPISUQ151.175646"},{"type":"Feature","geometry":{"type":"MultiPolygon","coordinates":[[[[129.21347103665497,35.8530155973005],[129.2135111522435,35.8529893903028],[129.21336768701448,35.85299180636798],[129.2134042870894,35.853017337291554],[129.21340864413295,35.85315702318365],[129.21341613754922,35.85339367791589],[129.21342101097937,35.853519393531236],[129.21342343899983,35.85359978064244],[129.21339366337577,35.853642822726144],[129.2135201844942,35.85359600496419],[129.2134886973604,35.85357830592241],[129.21348293877213,35.853411224551735],[129.21348092064358,35.853318489606956],[129.21347995704477,35.853289200719516],[129.21347527694402,35.853144648659345],[129.21347440790979,35.85311761272636],[129.21347103665497,35.8530155973005]]]]},"properties":{"present_sn":"47130UQ151PS201401070943","lclas_cl":"UQS122","mlsfc_cl":"","sclas_cl":"","atrb_se":"UQS122","wtnnc_sn":"47130URZ200306260892","ntfc_sn":"47130NTC200306260003","dgm_nm":"소로3류","dgm_ar":"439","dgm_lt":"171","signgu_se":"47130","grad_se":"소로","road_ty":"3","road_no":"13","road_role":"PMI0004","excut_se":"EMA0002","sig_nam":"47","lcl_nam":"소로3류","mls_nam":"미분류","scl_nam":"미분류","atr_nam":"소로3류","pmi_nam":"국지도로","exc_nam":"미집행","_layer":"LT_C_UPISUQ151","_layer_nm":"도시계획시설_도로"},"id":"LT_C_UPISUQ151.175650"},{"type":"Feature","geometry":{"type":"MultiPolygon","coordinates":[[[[129.22646777726885,35.851800577482564],[129.22649755074033,35.8517987012096],[129.22653156173484,35.85182733327821],[129.22653128811518,35.851703078613816],[129.2264866723196,35.85174118585448],[129.226470148797,35.85174268582951],[129.22500820299038,35.85184225344246],[129.2248470150867,35.85185588264902],[129.224567977016,35.85187851766854],[129.2243943500642,35.85188961882692],[129.22428550603547,35.85189684142359],[129.2242892114559,35.85195509127885],[129.22441512765616,35.85194457448544],[129.22457453880062,35.8519328327668],[129.22483888893848,35.851910918996495],[129.2249941873325,35.85190507853351],[129.22511396259713,35.85189569899169],[129.22524212721896,35.851885672834264],[129.22536638488856,35.851875951231804],[129.22646777726885,35.851800577482564]]]]},"properties":{"present_sn":"47130UQ151PS201401070745","lclas_cl":"UQS122","mlsfc_cl":"","sclas_cl":"","atrb_se":"UQS122","wtnnc_sn":"47130URZ200306260517","ntfc_sn":"47130NTC200306260003","dgm_nm":"소로3류","dgm_ar":"1310","dgm_lt":"430","signgu_se":"47130","grad_se":"소로","road_ty":"3","road_no":"209","road_role":"PMI0004","excut_se":"EMA0002","sig_nam":"47","lcl_nam":"소로3류","mls_nam":"미분류","scl_nam":"미분류","atr_nam":"소로3류","pmi_nam":"국지도로","exc_nam":"미집행","_layer":"LT_C_UPISUQ151","_layer_nm":"도시계획시설_도로"},"id":"LT_C_UPISUQ151.175676"},{"type":"Feature","geometry":{"type":"MultiPolygon","coordinates":[[[[129.22506799753083,35.85136671538391],[129.2258742469929,35.85130844282003],[129.22605206094397,35.85129482622786],[129.22614137697943,35.85128783681857],[129.22621046133048,35.851282435330184],[129.22637981014313,35.851270095832916],[129.2264856738992,35.851262390246504],[129.22651917944242,35.851296358661536],[129.22651740936848,35.851163553936246],[129.2264816020347,35.85120821478617],[129.22520789019293,35.8512995823336],[129.2249820309631,35.851320785441175],[129.22494545338023,35.851296420610794],[129.22495631703916,35.85137671069949],[129.22506799753083,35.85136671538391]]]]},"properties":{"present_sn":"47130UQ151PS201401070744","lclas_cl":"UQS122","mlsfc_cl":"","sclas_cl":"","atrb_se":"UQS122","wtnnc_sn":"47130URZ200306260516","ntfc_sn":"47130NTC200306260003","dgm_nm":"소로3류","dgm_ar":"894","dgm_lt":"314","signgu_se":"47130","grad_se":"소로","road_ty":"3","road_no":"208","road_role":"PMI0004","excut_se":"EMA0002","sig_nam":"47","lcl_nam":"소로3류","mls_nam":"미분류","scl_nam":"미분류","atr_nam":"소로3류","pmi_nam":"국지도로","exc_nam":"미집행","_layer":"LT_C_UPISUQ151","_layer_nm":"도시계획시설_도로"},"id":"LT_C_UPISUQ151.175681"},{"type":"Feature","geometry":{"type":"MultiPolygon","coordinates":[[[[129.22528379111682,35.850788964564615],[129.2254593395214,35.85078495137154],[129.2254936813521,35.85078586971668],[129.22616169610447,35.850775718185126],[129.226258675576,35.85077391456645],[129.22632331010442,35.85077271214507],[129.22646440132675,35.85077008678903],[129.22649275052873,35.85078143450683],[129.22649448517234,35.85069012572336],[129.22645491036644,35.85072166242546],[129.22640689037584,35.850722293069715],[129.226125744265,35.8507259823827],[129.22599077238658,35.85072773972144],[129.2257213711139,35.850731279969274],[129.2257107663881,35.85073140790845],[129.22558520180726,35.850732381175305],[129.22554432223598,35.85073310630775],[129.22547801603358,35.85073426636387],[129.2252301038517,35.850738594599775],[129.22511650879952,35.85074058152497],[129.2249792186918,35.850740719793805],[129.22493081752972,35.850708085455814],[129.2249401399325,35.85082302243204],[129.22497919041223,35.850797705821634],[129.22513346973076,35.85079241683857],[129.22528379111682,35.850788964564615]]],[[[129.22487155378434,35.850824384668236],[129.2248647653176,35.85071691433044],[129.2248476538032,35.85072973486314],[129.22482358154642,35.85073943198461],[129.22474918264678,35.85074041741757],[129.22459599023912,35.85074245939255],[129.22458551837428,35.85074259599822],[129.2243318249096,35.85074597779095],[129.22432775141198,35.850746075470326],[129.2242789358095,35.85074722946423],[129.2242784356815,35.85080984016144],[129.2243422957542,35.850808775428746],[129.22446028583533,35.850806826142204],[129.22460219712724,35.850804471825356],[129.22461659200053,35.85080188554867],[129.22470637891334,35.850801114949924],[129.22483754459796,35.850799978977776],[129.22487155378434,35.850824384668236]]]]},"properties":{"present_sn":"47130UQ151PS201401070743","lclas_cl":"UQS122","mlsfc_cl":"","sclas_cl":"","atrb_se":"UQS122","wtnnc_sn":"47130URZ200306260515","ntfc_sn":"47130NTC200306260003","dgm_nm":"소로3류","dgm_ar":"1192","dgm_lt":"436","signgu_se":"47130","grad_se":"소로","road_ty":"3","road_no":"207","road_role":"PMI0004","excut_se":"EMA0002","sig_nam":"47","lcl_nam":"소로3류","mls_nam":"미분류","scl_nam":"미분류","atr_nam":"소로3류","pmi_nam":"국지도로","exc_nam":"미집행","_layer":"LT_C_UPISUQ151","_layer_nm":"도시계획시설_도로"},"id":"LT_C_UPISUQ151.175682"},{"type":"Feature","geometry":{"type":"MultiPolygon","coordinates":[[[[129.2146904460319,35.84783387017323],[129.21487745999735,35.84783111385218],[129.21490011056733,35.847831902776164],[129.21511847004678,35.84782778359381],[129.2151186616136,35.84782904500272],[129.21520232503917,35.847828743021225],[129.2154040494167,35.84782558119205],[129.21543642194692,35.84784802776114],[129.21545378733464,35.84785932554905],[129.21544821096447,35.84772022759585],[129.2153872140311,35.847768435884014],[129.21532748420697,35.84776911899224],[129.21527285733035,35.847769747929654],[129.2151967228434,35.84777062238256],[129.21509694439078,35.84777177314528],[129.214910804152,35.847774185780985],[129.21480550250706,35.847775544386316],[129.21472064574436,35.84777664130878],[129.2145377473684,35.84777848883909],[129.21442614823425,35.84778027285217],[129.21429041832806,35.847782432960685],[129.2141960870339,35.847783933828616],[129.21416902297491,35.847784369270606],[129.214100909868,35.84773810248636],[129.2141072115206,35.847876090685055],[129.21416258796694,35.84784107827631],[129.2141985297487,35.84784059107092],[129.21432426518265,35.84783891741875],[129.21442898011375,35.84783751521221],[129.21444950247977,35.847837244517905],[129.2145600176944,35.84783576882988],[129.21457937777814,35.847835509186844],[129.2146904460319,35.84783387017323]]]]},"properties":{"present_sn":"47130UQ151PS201401070637","lclas_cl":"UQS122","mlsfc_cl":"","sclas_cl":"","atrb_se":"UQS122","wtnnc_sn":"47130URZ200306260360","ntfc_sn":"47130NTC200306260003","dgm_nm":"소로3류","dgm_ar":"821","dgm_lt":"281","signgu_se":"47130","grad_se":"소로","road_ty":"3","road_no":"52","road_role":"PMI0004","excut_se":"EMA0002","sig_nam":"47","lcl_nam":"소로3류","mls_nam":"미분류","scl_nam":"미분류","atr_nam":"소로3류","pmi_nam":"국지도로","exc_nam":"미집행","_layer":"LT_C_UPISUQ151","_layer_nm":"도시계획시설_도로"},"id":"LT_C_UPISUQ151.175733"},{"type":"Feature","geometry":{"type":"MultiPolygon","coordinates":[[[[129.21269360165041,35.84489694252982],[129.21267866518352,35.84466993485642],[129.21262907369945,35.84467353687741],[129.21261234847248,35.844673656388466],[129.2126178048699,35.8448237410026],[129.21262643796314,35.844915283835554],[129.21263602689157,35.845033339765244],[129.21263887272747,35.84511307737404],[129.21264206967578,35.845216697491935],[129.2126433289743,35.84525747684528],[129.21264449585942,35.84528009617172],[129.21265992838576,35.845589828694905],[129.21265983337352,35.84559156827446],[129.21266925117288,35.845820388113644],[129.21266904101327,35.84584132452025],[129.21263486409345,35.845872531777914],[129.21280112438518,35.84588034175931],[129.21274726303844,35.8458435843513],[129.21274617645975,35.84576360933722],[129.21274052825137,35.84567070940383],[129.2127371380979,35.845598642399686],[129.21271826096466,35.84525067590174],[129.212713632739,35.84516670555444],[129.21270290591977,35.844991097801675],[129.21270104333485,35.844952410407885],[129.21269360165041,35.84489694252982]]]]},"properties":{"present_sn":"47130UQ151PS201401070633","lclas_cl":"UQS122","mlsfc_cl":"","sclas_cl":"","atrb_se":"UQS122","wtnnc_sn":"47130URZ200306260350","ntfc_sn":"47130NTC200306260003","dgm_nm":"소로3류","dgm_ar":"906","dgm_lt":"292","signgu_se":"47130","grad_se":"소로","road_ty":"3","road_no":"42","road_role":"PMI0004","excut_se":"EMA0002","sig_nam":"47","lcl_nam":"소로3류","mls_nam":"미분류","scl_nam":"미분류","atr_nam":"소로3류","pmi_nam":"국지도로","exc_nam":"미집행","_layer":"LT_C_UPISUQ151","_layer_nm":"도시계획시설_도로"},"id":"LT_C_UPISUQ151.175735"},{"type":"Feature","geometry":{"type":"MultiPolygon","coordinates":[[[[129.2248247928275,35.85313724733843],[129.22486742207124,35.85310075764927],[129.22469185142114,35.853102616041824],[129.22473601530405,35.85313966543946],[129.22473682719618,35.85331081104942],[129.22473780765506,35.85350259493438],[129.22473858039717,35.85365977125362],[129.22474062801146,35.854074251658155],[129.224707381286,35.85410117063304],[129.2248621457585,35.854100792893455],[129.22482885912095,35.85407399756445],[129.22482797118653,35.85387581466228],[129.2248257659135,35.85336580218567],[129.2248247928275,35.85313724733843]]]]},"properties":{"present_sn":"47130UQ151PS201401070825","lclas_cl":"UQS121","mlsfc_cl":"","sclas_cl":"","atrb_se":"UQS121","wtnnc_sn":"47130URZ200306260749","ntfc_sn":"47130NTC200306260003","dgm_nm":"소로2류","dgm_ar":"911","dgm_lt":"257","signgu_se":"47130","grad_se":"소로","road_ty":"2","road_no":"35","road_role":"PMI0004","excut_se":"EMA0002","sig_nam":"47","lcl_nam":"소로2류","mls_nam":"미분류","scl_nam":"미분류","atr_nam":"소로2류","pmi_nam":"국지도로","exc_nam":"미집행","_layer":"LT_C_UPISUQ151","_layer_nm":"도시계획시설_도로"},"id":"LT_C_UPISUQ151.175751"},{"type":"Feature","geometry":{"type":"MultiPolygon","coordinates":[[[[129.2183117478233,35.85575697556391],[129.21834751501888,35.855719536243484],[129.21818628678747,35.85575420074431],[129.21824963942677,35.85579298434993],[129.21826821919043,35.855851045300135],[129.21831914932886,35.85600727492914],[129.2183489533434,35.856105394121954],[129.21840569352455,35.856281044134],[129.2183789907934,35.85632576721758],[129.21853062409144,35.856291975978266],[129.21847369430287,35.856270295631255],[129.21843692005095,35.856141348340536],[129.21837490690865,35.85595228826939],[129.21833261760455,35.855826622426044],[129.2183117478233,35.85575697556391]]],[[[129.2169953883503,35.8536809114027],[129.21699613342923,35.85363715444052],[129.21687274659436,35.85370829494354],[129.21692803404505,35.85370890781167],[129.21695713751552,35.85372500600236],[129.21726560978595,35.853914931349834],[129.2173938428299,35.85399390273098],[129.21742342822094,35.85401209985107],[129.217508372186,35.85406520194825],[129.21788788839714,35.85437392670266],[129.2179742357792,35.85442990993406],[129.21799059923922,35.854475141154616],[129.21796765972684,35.854776001232544],[129.21799137918376,35.854998179344065],[129.2180690685447,35.85523676203127],[129.2180952256395,35.85531710624229],[129.21810617956356,35.85535151418551],[129.2181421406557,35.85546268143064],[129.2181602658133,35.855516471303176],[129.2181749862203,35.85555989394343],[129.21817672178028,35.855571165431186],[129.21817876507257,35.85557754258501],[129.21820426834827,35.855653498866744],[129.21816430016187,35.855697182359826],[129.2183203645475,35.85566482539072],[129.21826998147387,35.8556322009863],[129.21820640493377,35.85544195398351],[129.21817836058884,35.85535567397492],[129.21814999263378,35.85526843020612],[129.21813569148213,35.85522445704305],[129.21810934776005,35.855140625344454],[129.21806861139135,35.8550239059876],[129.2180665480402,35.855018285916195],[129.21805608909543,35.85498267841464],[129.21804808502466,35.85491754158598],[129.2180387664864,35.854824982132314],[129.2180452318808,35.85469477611509],[129.21806089797803,35.85447134638309],[129.2180577932637,35.85443288668936],[129.21799202313017,35.85437993969987],[129.21785792741682,35.85427055336822],[129.2178185508272,35.85423841364382],[129.2177696547169,35.85419852227882],[129.21768380094147,35.85412847853058],[129.21764019730892,35.85409290358257],[129.21757032064372,35.85403589911424],[129.21755293298133,35.8540251604608],[129.21745283336938,35.8539638301984],[129.2174235704737,35.853946164242515],[129.21728020121174,35.853857937215636],[129.21702302317013,35.85369838210968],[129.2170162031735,35.85369406834934],[129.2169953883503,35.8536809114027]]]]},"properties":{"present_sn":"47130UQ151PS201401070677","lclas_cl":"UQS122","mlsfc_cl":"","sclas_cl":"","atrb_se":"UQS122","wtnnc_sn":"47130URZ200306260419","ntfc_sn":"47130NTC200306260003","dgm_nm":"소로3류","dgm_ar":"2144","dgm_lt":"744","signgu_se":"47130","grad_se":"소로","road_ty":"3","road_no":"111","road_role":"PMI0004","excut_se":"EMA0002","sig_nam":"47","lcl_nam":"소로3류","mls_nam":"미분류","scl_nam":"미분류","atr_nam":"소로3류","pmi_nam":"국지도로","exc_nam":"미집행","_layer":"LT_C_UPISUQ151","_layer_nm":"도시계획시설_도로"},"id":"LT_C_UPISUQ151.175767"},{"type":"Feature","geometry":{"type":"MultiPolygon","coordinates":[[[[129.21933395271475,35.853353317214875],[129.21966065231783,35.853111315967155],[129.2197071306038,35.8531211903645],[129.2196649406683,35.85302392309995],[129.21965693939373,35.853045071911936],[129.21960562817364,35.85308139526772],[129.21948779318154,35.85316554241102],[129.21934991098922,35.853258332713935],[129.21922366433054,35.85335549085475],[129.21926625306347,35.85342060099229],[129.2194166114157,35.85368360114937],[129.2195040211517,35.853836366454544],[129.21948152131012,35.85388319109486],[129.2196222604181,35.853854996966284],[129.21957638521982,35.85383103492691],[129.21955024843854,35.853782730373155],[129.21933036201744,35.85340450564011],[129.21933395271475,35.853353317214875]]]]},"properties":{"present_sn":"47130UQ151PS201401070675","lclas_cl":"UQS122","mlsfc_cl":"","sclas_cl":"","atrb_se":"UQS122","wtnnc_sn":"47130URZ200306260416","ntfc_sn":"47130NTC200306260003","dgm_nm":"소로3류","dgm_ar":"724","dgm_lt":"251","signgu_se":"47130","grad_se":"소로","road_ty":"3","road_no":"108","road_role":"PMI0004","excut_se":"EMA0002","sig_nam":"47","lcl_nam":"소로3류","mls_nam":"미분류","scl_nam":"미분류","atr_nam":"소로3류","pmi_nam":"국지도로","exc_nam":"미집행","_layer":"LT_C_UPISUQ151","_layer_nm":"도시계획시설_도로"},"id":"LT_C_UPISUQ151.175768"},{"type":"Feature","geometry":{"type":"MultiPolygon","coordinates":[[[[129.2212835249726,35.851916835250684],[129.2212825464013,35.8519072207148],[129.22115963343478,35.85201134146],[129.22117421543317,35.852012261111746],[129.22124126822618,35.85201647350675],[129.22129725538673,35.85209052585916],[129.22134982835937,35.85215887952628],[129.22137621487198,35.8521931868489],[129.2214289405736,35.85226067500162],[129.22144462723278,35.85228076216159],[129.22152843575705,35.852387388678196],[129.22160481231992,35.852496561258114],[129.22165075671097,35.85256162836017],[129.221718741582,35.85265852320615],[129.22172889988428,35.85267300568006],[129.22177896704852,35.85274367094135],[129.22181736120717,35.852796530885335],[129.22185763823757,35.852853704344824],[129.22186019337983,35.852860945698644],[129.2218248833002,35.85290649647824],[129.2219720591354,35.85283700158812],[129.22191369178952,35.85281933605064],[129.22190279938047,35.852803620228656],[129.2218308426334,35.85269970303288],[129.22174979305834,35.852586222185664],[129.2216916920726,35.852504657510266],[129.22166051664198,35.85246405930502],[129.22158605249103,35.85236192201037],[129.22151115533535,35.85226326428099],[129.22149973355573,35.85224821631425],[129.22141915447082,35.852140412240345],[129.2213820761567,35.852090803262776],[129.22128088787306,35.8519600910096],[129.2212835249726,35.851916835250684]]]]},"properties":{"present_sn":"47130UQ151PS201401070674","lclas_cl":"UQS122","mlsfc_cl":"","sclas_cl":"","atrb_se":"UQS122","wtnnc_sn":"47130URZ200306260414","ntfc_sn":"47130NTC200306260003","dgm_nm":"소로3류","dgm_ar":"787","dgm_lt":"277","signgu_se":"47130","grad_se":"소로","road_ty":"3","road_no":"106","road_role":"PMI0004","excut_se":"EMA0002","sig_nam":"47","lcl_nam":"소로3류","mls_nam":"미분류","scl_nam":"미분류","atr_nam":"소로3류","pmi_nam":"국지도로","exc_nam":"미집행","_layer":"LT_C_UPISUQ151","_layer_nm":"도시계획시설_도로"},"id":"LT_C_UPISUQ151.175769"},{"type":"Feature","geometry":{"type":"MultiPolygon","coordinates":[[[[129.22190446793812,35.85152257302127],[129.22183376902535,35.85148875264066],[129.22182483419485,35.851444292388294],[129.22172233015027,35.85153028822215],[129.22178629411513,35.851522537389116],[129.22179848915562,35.851529004022716],[129.22191977449106,35.85159332002264],[129.22193765639392,35.8516026241559],[129.222033573603,35.85165255758351],[129.2220881539578,35.85167415946558],[129.22212229305944,35.851693680923646],[129.22218814106057,35.85178253128934],[129.2222823011957,35.851897330627],[129.22231721277893,35.851939877518404],[129.22230947412757,35.851983584286394],[129.22243283892368,35.85191519605501],[129.22237774990188,35.85191384632855],[129.22234704614897,35.85187571685245],[129.22234130309718,35.85186858951716],[129.22223755035807,35.85173972132816],[129.22221874381384,35.851716359455224],[129.22219620488755,35.85168837201543],[129.22216383505022,35.851648172678516],[129.22207937538758,35.851606239436954],[129.22197612018573,35.85155684223512],[129.22192385527973,35.8515318473577],[129.22190446793812,35.85152257302127]]]]},"properties":{"present_sn":"47130UQ151PS201401070664","lclas_cl":"UQS122","mlsfc_cl":"","sclas_cl":"","atrb_se":"UQS122","wtnnc_sn":"47130URZ200306260401","ntfc_sn":"47130NTC200306260003","dgm_nm":"소로3류","dgm_ar":"491","dgm_lt":"186","signgu_se":"47130","grad_se":"소로","road_ty":"3","road_no":"93","road_role":"PMI0004","excut_se":"EMA0002","sig_nam":"47","lcl_nam":"소로3류","mls_nam":"미분류","scl_nam":"미분류","atr_nam":"소로3류","pmi_nam":"국지도로","exc_nam":"미집행","_layer":"LT_C_UPISUQ151","_layer_nm":"도시계획시설_도로"},"id":"LT_C_UPISUQ151.175776"},{"type":"Feature","geometry":{"type":"MultiPolygon","coordinates":[[[[129.22336106888037,35.85285885959793],[129.2234589292826,35.85285840848139],[129.22362875018482,35.852859176142346],[129.2237272755553,35.85285899395252],[129.22387096786252,35.852858818221584],[129.22407111852488,35.85285853774647],[129.22406917881577,35.85278242187252],[129.22406902297303,35.85275042783126],[129.22403078855513,35.85278298866809],[129.22359028562866,35.852789454546034],[129.2234115959222,35.8527920738813],[129.2231849073211,35.85279541239549],[129.2231076329234,35.85279809646813],[129.2230375690578,35.8527981535749],[129.22298620109652,35.852761720666194],[129.22296813359696,35.85286096343246],[129.22300538471995,35.8528607776009],[129.22323420487965,35.85285954441338],[129.22336106888037,35.85285885959793]]]]},"properties":{"present_sn":"47130UQ151PS201401070655","lclas_cl":"UQS122","mlsfc_cl":"","sclas_cl":"","atrb_se":"UQS122","wtnnc_sn":"47130URZ200306260384","ntfc_sn":"47130NTC200306260003","dgm_nm":"소로3류","dgm_ar":"771","dgm_lt":"224","signgu_se":"47130","grad_se":"소로","road_ty":"3","road_no":"76","road_role":"PMI0004","excut_se":"EMA0002","sig_nam":"47","lcl_nam":"소로3류","mls_nam":"미분류","scl_nam":"미분류","atr_nam":"소로3류","pmi_nam":"국지도로","exc_nam":"미집행","_layer":"LT_C_UPISUQ151","_layer_nm":"도시계획시설_도로"},"id":"LT_C_UPISUQ151.175779"},{"type":"Feature","geometry":{"type":"MultiPolygon","coordinates":[[[[129.2157598643905,35.85210226745107],[129.21578747704424,35.8520706654803],[129.21565787416594,35.85211862670205],[129.21569487605274,35.85213290862765],[129.21570163860486,35.85218590803672],[129.21570393443207,35.85220396497318],[129.2157226611317,35.85230942277712],[129.2157447660474,35.85246490288086],[129.215729583752,35.85250009668532],[129.2157482304597,35.85248937462424],[129.21584125400122,35.852435917862216],[129.21584775326784,35.8524321841096],[129.21581164650505,35.8524132682159],[129.21579276547834,35.852299879712334],[129.2157925405094,35.85229855527759],[129.2157598643905,35.85210226745107]]]]},"properties":{"present_sn":"47130UQ151PS201401070599","lclas_cl":"UQS122","mlsfc_cl":"","sclas_cl":"","atrb_se":"UQS122","wtnnc_sn":"47130URZ200306260312","ntfc_sn":"47130NTC200306260003","dgm_nm":"소로3류","dgm_ar":"289","dgm_lt":"114","signgu_se":"47130","grad_se":"소로","road_ty":"3","road_no":"4","road_role":"PMI0004","excut_se":"EMA0002","sig_nam":"47","lcl_nam":"소로3류","mls_nam":"미분류","scl_nam":"미분류","atr_nam":"소로3류","pmi_nam":"국지도로","exc_nam":"미집행","_layer":"LT_C_UPISUQ151","_layer_nm":"도시계획시설_도로"},"id":"LT_C_UPISUQ151.175796"},{"type":"Feature","geometry":{"type":"MultiPolygon","coordinates":[[[[129.21728349102074,35.85123987537767],[129.2172611474899,35.85117299775754],[129.21714308218483,35.851270084978424],[129.21703764190872,35.85134870987906],[129.21702590584553,35.851356247348846],[129.2169268462416,35.85142426201676],[129.2168182003969,35.85150071144818],[129.2167434862189,35.851553279986824],[129.21670888894437,35.851576720360896],[129.21670023681855,35.85158256693917],[129.21667025839395,35.851602880707546],[129.21659080094372,35.85164538168068],[129.21654462761165,35.85167008645342],[129.21650201225577,35.85168825078616],[129.21645243260934,35.85171419632983],[129.21641306751383,35.85173486028848],[129.2163130584531,35.85178367954183],[129.21622941157844,35.85182450242967],[129.21615766837337,35.851858337338186],[129.21608699750198,35.851891647564166],[129.21600104149667,35.85192602147382],[129.21596085568018,35.85194209037922],[129.21590270645765,35.85196769950419],[129.21578702020128,35.85201196794799],[129.2156839409035,35.852051419162805],[129.2156190957994,35.85206945156989],[129.21546824998543,35.85212187557475],[129.2153125763698,35.85216156432078],[129.21516370109185,35.85220176350029],[129.21510811343995,35.852216778009584],[129.2150343465629,35.85223522251174],[129.21501857966712,35.852238278728585],[129.21487146624364,35.85226682126569],[129.21481157410642,35.85227842754835],[129.21472858810353,35.852289543050645],[129.21458794671307,35.85230836730332],[129.21442288976954,35.85232924444683],[129.21429368767147,35.85234537137319],[129.21429325034242,35.85240542236678],[129.214294895025,35.85246163035179],[129.21433880502033,35.85242219503373],[129.2143842381573,35.8523976366212],[129.21441816528315,35.85238814943954],[129.2145065617023,35.85237587997369],[129.21458667275698,35.85236595937206],[129.21468431715942,35.85235532265942],[129.21478192928123,35.85234090969161],[129.21490003074433,35.85232174672289],[129.21502153933497,35.85229341188126],[129.21513763790054,35.852266348284964],[129.21529553340775,35.85222534900114],[129.21541496837168,35.85219170008251],[129.21548262271043,35.85217264437129],[129.21565787416594,35.85211862670205],[129.21578747704424,35.8520706654803],[129.21578848343466,35.852070294173316],[129.21591646185115,35.85202345325832],[129.21596304104813,35.852005435270854],[129.21605982667214,35.85196801385352],[129.2161572908528,35.8519277341865],[129.21623171302085,35.851893867453306],[129.21627128472326,35.851875879894656],[129.21630574484166,35.8518630566059],[129.2163121788102,35.851859764556714],[129.21650445655393,35.85176123857119],[129.21665759174212,35.851679843021195],[129.2167085050476,35.851647676385696],[129.21674581416198,35.85162409596649],[129.21686665982358,35.851547750909546],[129.2169524858876,35.85149018747464],[129.21695817666526,35.85148636498646],[129.21704802551244,35.85142226922591],[129.2170580357012,35.85141512238744],[129.21714264318183,35.85135325303151],[129.21721483436298,35.851297128839484],[129.21728349102074,35.85123987537767]]]]},"properties":{"present_sn":"47130UQ151PS201401070598","lclas_cl":"UQS122","mlsfc_cl":"","sclas_cl":"","atrb_se":"UQS122","wtnnc_sn":"47130URZ200306260311","ntfc_sn":"47130NTC200306260003","dgm_nm":"소로3류","dgm_ar":"1986","dgm_lt":"633","signgu_se":"47130","grad_se":"소로","road_ty":"3","road_no":"3","road_role":"PMI0004","excut_se":"EMA0002","sig_nam":"47","lcl_nam":"소로3류","mls_nam":"미분류","scl_nam":"미분류","atr_nam":"소로3류","pmi_nam":"국지도로","exc_nam":"미집행","_layer":"LT_C_UPISUQ151","_layer_nm":"도시계획시설_도로"},"id":"LT_C_UPISUQ151.175805"},{"type":"Feature","geometry":{"type":"MultiPolygon","coordinates":[[[[129.22375944835136,35.842137372596156],[129.22379717084422,35.84210560584338],[129.22365259308592,35.842114723494106],[129.22369288589073,35.84214728327173],[129.22368938992776,35.84229079582604],[129.22368297833597,35.84239697496785],[129.2236805288241,35.84241166987689],[129.2236658080322,35.842471495051505],[129.2236581398484,35.8425319470729],[129.22364790823863,35.84260991512503],[129.22364566164757,35.84262593449563],[129.22363392135088,35.84272257022728],[129.22362680858683,35.84278771673126],[129.22362869672523,35.84283368601581],[129.22364152835985,35.842918028329485],[129.22364367136643,35.84303951289695],[129.22365834446194,35.84316496683526],[129.22366103855575,35.843257808648026],[129.22365816048497,35.84368642149894],[129.2236564343977,35.843817646704636],[129.22365429413225,35.84389561780629],[129.22365749417867,35.84409048919119],[129.22366014846173,35.844192857276006],[129.2236220589494,35.8442323123176],[129.22377360578278,35.84422814769694],[129.22373219259322,35.84420305238188],[129.223728490468,35.84398301902978],[129.2237263676584,35.843856929058006],[129.223724336435,35.843696212885135],[129.223727296404,35.84325740674306],[129.22372446669746,35.84315962633164],[129.22370781317122,35.84303453656379],[129.22371077855783,35.84300636701113],[129.2237101933943,35.84291166472032],[129.22369686283227,35.842755619867184],[129.22369990654957,35.84272775659372],[129.2237115711705,35.842631796933446],[129.2237137851452,35.84261599392205],[129.22372406013693,35.84253772837166],[129.22373141416418,35.842479746353],[129.22374592698927,35.842420777742944],[129.22374905154183,35.84240206200775],[129.2237556535342,35.842292746159394],[129.22375944835136,35.842137372596156]]]]},"properties":{"present_sn":"47130UQ151PS201401070706","lclas_cl":"UQS122","mlsfc_cl":"","sclas_cl":"","atrb_se":"UQS122","wtnnc_sn":"47130URZ200306260470","ntfc_sn":"47130NTC200306260003","dgm_nm":"소로3류","dgm_ar":"1473","dgm_lt":"504","signgu_se":"47130","grad_se":"소로","road_ty":"3","road_no":"162","road_role":"PMI0004","excut_se":"EMA0001","sig_nam":"47","lcl_nam":"소로3류","mls_nam":"미분류","scl_nam":"미분류","atr_nam":"소로3류","pmi_nam":"국지도로","exc_nam":"집행완료","_layer":"LT_C_UPISUQ151","_layer_nm":"도시계획시설_도로"},"id":"LT_C_UPISUQ151.175821"},{"type":"Feature","geometry":{"type":"MultiPolygon","coordinates":[[[[129.22413927294426,35.84209689728722],[129.2242373140655,35.842094552597814],[129.22428302171087,35.84213572710593],[129.22427489628106,35.84200478148289],[129.224233857682,35.842038086658],[129.22413690089047,35.84204025809795],[129.2239969352093,35.84204405925305],[129.22394805985385,35.84204569087853],[129.22392427486756,35.8420463747944],[129.22380113300693,35.842049901241985],[129.22377805634343,35.84205055678103],[129.2237312629308,35.842056519481446],[129.22355550590046,35.842058241333284],[129.2235218570791,35.8420583846215],[129.2233867430171,35.84206345587738],[129.2232214495258,35.84207042122126],[129.22305373753343,35.84207940058529],[129.2227922586191,35.84208735376739],[129.2227950097875,35.842145335149226],[129.22340566040012,35.84212333606817],[129.2235535582426,35.84211797079326],[129.22365259308592,35.842114723494106],[129.22379717084422,35.84210560584338],[129.22393068478348,35.842102258476096],[129.22395060728854,35.84210176195934],[129.2239976243582,35.84210057538623],[129.22413927294426,35.84209689728722]]]]},"properties":{"present_sn":"47130UQ151PS201401070705","lclas_cl":"UQS122","mlsfc_cl":"","sclas_cl":"","atrb_se":"UQS122","wtnnc_sn":"47130URZ200306260469","ntfc_sn":"47130NTC200306260003","dgm_nm":"소로3류","dgm_ar":"874","dgm_lt":"293","signgu_se":"47130","grad_se":"소로","road_ty":"3","road_no":"161","road_role":"PMI0004","excut_se":"EMA0002","sig_nam":"47","lcl_nam":"소로3류","mls_nam":"미분류","scl_nam":"미분류","atr_nam":"소로3류","pmi_nam":"국지도로","exc_nam":"미집행","_layer":"LT_C_UPISUQ151","_layer_nm":"도시계획시설_도로"},"id":"LT_C_UPISUQ151.175822"},{"type":"Feature","geometry":{"type":"MultiPolygon","coordinates":[[[[129.22524589250213,35.85313123665391],[129.2252834439014,35.85309998351561],[129.22512048935758,35.85310037703798],[129.22515744305895,35.85313221245746],[129.2251589364399,35.85346684329369],[129.2251616358663,35.85407319829885],[129.22512883210163,35.85410011656547],[129.22528359580733,35.85409946790998],[129.2252503090292,35.85407267269824],[129.22524861590338,35.85370649856999],[129.22524589250213,35.85313123665391]]]]},"properties":{"present_sn":"47130UQ151PS201401070824","lclas_cl":"UQS121","mlsfc_cl":"","sclas_cl":"","atrb_se":"UQS121","wtnnc_sn":"47130URZ200306260748","ntfc_sn":"47130NTC200306260003","dgm_nm":"소로2류","dgm_ar":"908","dgm_lt":"256","signgu_se":"47130","grad_se":"소로","road_ty":"2","road_no":"34","road_role":"PMI0004","excut_se":"EMA0002","sig_nam":"47","lcl_nam":"소로2류","mls_nam":"미분류","scl_nam":"미분류","atr_nam":"소로2류","pmi_nam":"국지도로","exc_nam":"미집행","_layer":"LT_C_UPISUQ151","_layer_nm":"도시계획시설_도로"},"id":"LT_C_UPISUQ151.175833"},{"type":"Feature","geometry":{"type":"MultiPolygon","coordinates":[[[[129.22605441835285,35.852719750261585],[129.22605328535917,35.85259276643591],[129.2260105454671,35.85262898637961],[129.22569271895736,35.85262953477872],[129.2256592868285,35.852629588143515],[129.22541186701773,35.85263001343747],[129.2251775099252,35.85263035982971],[129.22502086612107,35.852630651342004],[129.22497736989138,35.852594772427175],[129.22497838894975,35.852721215728565],[129.22502301231535,35.85268535314721],[129.22526378980533,35.852684814849354],[129.22539087617045,35.85268457810168],[129.22550157857793,35.85268437176593],[129.22561172747226,35.852684166360696],[129.2257226512822,35.85268395940831],[129.22583346413492,35.852683662435865],[129.2259440558354,35.85268345589922],[129.2260088167405,35.852683334907084],[129.22605441835285,35.852719750261585]]]]},"properties":{"present_sn":"47130UQ151PS201401070873","lclas_cl":"UQS122","mlsfc_cl":"","sclas_cl":"","atrb_se":"UQS122","wtnnc_sn":"47130URZ200306260811","ntfc_sn":"47130NTC200306260003","dgm_nm":"소로3류","dgm_ar":"620","dgm_lt":"229","signgu_se":"47130","grad_se":"소로","road_ty":"3","road_no":"29","road_role":"PMI0004","excut_se":"EMA0002","sig_nam":"47","lcl_nam":"소로3류","mls_nam":"미분류","scl_nam":"미분류","atr_nam":"소로3류","pmi_nam":"국지도로","exc_nam":"미집행","_layer":"LT_C_UPISUQ151","_layer_nm":"도시계획시설_도로"},"id":"LT_C_UPISUQ151.175843"},{"type":"Feature","geometry":{"type":"MultiPolygon","coordinates":[[[[129.22868407472365,35.85326880433959],[129.2287577635059,35.853138434564706],[129.22871495769803,35.85315122312694],[129.22855149727323,35.85309069785411],[129.22839246983267,35.85303178623416],[129.228371117056,35.852997488982844],[129.22830351412358,35.853127035912934],[129.22834554326735,35.85311361808947],[129.22850723053682,35.85317351611859],[129.22866758832538,35.85323296581847],[129.22868407472365,35.85326880433959]]],[[[129.22798934999304,35.85309256996807],[129.22819160403407,35.85309209841417],[129.22821126593766,35.853115764153976],[129.2282849327688,35.85297746371821],[129.22823695601454,35.85300152747828],[129.22806171343797,35.853001858052174],[129.22784108295411,35.85300236400628],[129.22782152753695,35.85297716588195],[129.22774432559777,35.85311835668727],[129.22778654243285,35.853093042224074],[129.22798934999304,35.85309256996807]]],[[[129.22697708365249,35.853095014625715],[129.2271983786249,35.853094509009296],[129.22733199710177,35.853094257937094],[129.22762735209054,35.85309352218134],[129.22765200058086,35.853118981125114],[129.22770019727145,35.85297739436451],[129.2276539944,35.85300244592602],[129.22727539172766,35.853003518456475],[129.22716479984828,35.85300381634433],[129.22695523988364,35.85300439000388],[129.22667870494854,35.85300517896201],[129.2266454186721,35.8529785643806],[129.22664571821147,35.85312366485008],[129.2266782968515,35.85309575521496],[129.22697708365249,35.853095014625715]]],[[[129.22899905622745,35.853356530707124],[129.22904442778142,35.853273079298376],[129.22904005036978,35.853271465340995],[129.2288547029448,35.853203050942724],[129.22883877154266,35.85316775214375],[129.22876607585175,35.85329694846591],[129.2288084414892,35.853285061966965],[129.2289958977844,35.85335534703937],[129.22899905622745,35.853356530707124]]],[[[129.22653504092526,35.853132974804964],[129.2265340277074,35.85297030132305],[129.22649051087618,35.85300580189139],[129.2262709881475,35.85300657326302],[129.22618707564197,35.85300682033773],[129.22601880654648,35.85300686451682],[129.225946075027,35.853007090529395],[129.22591286442525,35.853007242688506],[129.22580337981134,35.85300762738019],[129.22577016895497,35.8530076893755],[129.2256586916876,35.85300807765477],[129.22562537028014,35.853008193891235],[129.22544160439924,35.85300884296757],[129.22529791269608,35.853009327000535],[129.22526470198991,35.85300944293079],[129.22502414568328,35.85301025119523],[129.2248416001986,35.8530118524072],[129.22460303551753,35.85301229562703],[129.22440808650128,35.85301220683904],[129.22429406103086,35.85301187758094],[129.22429486644188,35.85310191083087],[129.22453520516848,35.85310236617792],[129.22469185142114,35.853102616041824],[129.22486742207124,35.85310075764927],[129.22499096660786,35.85310052790789],[129.22512048935758,35.85310037703798],[129.2252834439014,35.85309998351561],[129.2254129661411,35.853099652081696],[129.22554259882838,35.85309923017733],[129.22570621834387,35.853099105216295],[129.22588290207906,35.8530994062598],[129.2260319019375,35.85309687478558],[129.22618888002813,35.85309703195299],[129.226255855328,35.853096906686076],[129.22649198477026,35.85309646474472],[129.22653504092526,35.853132974804964]]]]},"properties":{"present_sn":"47130UQ151PS201401070804","lclas_cl":"UQS120","mlsfc_cl":"","sclas_cl":"","atrb_se":"UQS120","wtnnc_sn":"47130URZ200306260708","ntfc_sn":"47130NTC200306260003","dgm_nm":"소로1류","dgm_ar":"4067","dgm_lt":"966","signgu_se":"47130","grad_se":"소로","road_ty":"1","road_no":"10","road_role":"PMI0004","excut_se":"EMA0002","sig_nam":"47","lcl_nam":"소로1류","mls_nam":"미분류","scl_nam":"미분류","atr_nam":"소로1류","pmi_nam":"국지도로","exc_nam":"미집행","_layer":"LT_C_UPISUQ151","_layer_nm":"도시계획시설_도로"},"id":"LT_C_UPISUQ151.175897"},{"type":"Feature","geometry":{"type":"MultiPolygon","coordinates":[[[[129.22297037042622,35.852889051232474],[129.22300538471995,35.8528607776009],[129.22296813359696,35.85286096343246],[129.2228641293637,35.852861488556236],[129.22286571891328,35.852879753939575],[129.2228540455561,35.85309691330033],[129.22286520034368,35.85380428281505],[129.22286670950044,35.85394893043264],[129.2228720379254,35.85431257440424],[129.22287335898338,35.854429373777286],[129.2228754332237,35.85457816608141],[129.22287939986643,35.85485015555781],[129.22288104629973,35.85496452094998],[129.22288269925343,35.85508122957375],[129.2228845941718,35.85520532798609],[129.22288626066862,35.855326903321334],[129.22288776985775,35.855431715724606],[129.22288950723,35.85553896107603],[129.22289102695333,35.855647558699054],[129.22289254818523,35.85575669706626],[129.22289384424948,35.85586448397396],[129.22289547043428,35.855971549272745],[129.2228971033903,35.85608104792737],[129.22289791158826,35.856212448431926],[129.22289944793812,35.85636682942112],[129.22290040689094,35.85647281444251],[129.2229014805645,35.8565802412477],[129.22301384852202,35.8565798538759],[129.22301301254558,35.856438539701635],[129.2230125316262,35.8563452613992],[129.22301169014082,35.856201964483404],[129.22300836432416,35.8560809329763],[129.22300553051832,35.85589798480309],[129.22300376189105,35.855779564038826],[129.22299981130698,35.855513522819074],[129.22299521396437,35.85521395633991],[129.22299393071273,35.85507102071053],[129.2229830923703,35.85435851366024],[129.22298078474606,35.8542054859149],[129.22297888018448,35.85407796275678],[129.22297012497478,35.853477476953906],[129.2229664158656,35.85321855504963],[129.2229650439018,35.85312329559185],[129.22296298032396,35.852978378603076],[129.222961754914,35.8528960067282],[129.22297037042622,35.852889051232474]]]]},"properties":{"present_sn":"47130UQ151PS201401070798","lclas_cl":"UQS120","mlsfc_cl":"","sclas_cl":"","atrb_se":"UQS120","wtnnc_sn":"47130URZ200306260702","ntfc_sn":"47130NTC200306260003","dgm_nm":"소로1류","dgm_ar":"4124","dgm_lt":"850","signgu_se":"47130","grad_se":"소로","road_ty":"1","road_no":"4","road_role":"PMI0004","excut_se":"EMA0002","sig_nam":"47","lcl_nam":"소로1류","mls_nam":"미분류","scl_nam":"미분류","atr_nam":"소로1류","pmi_nam":"국지도로","exc_nam":"미집행","_layer":"LT_C_UPISUQ151","_layer_nm":"도시계획시설_도로"},"id":"LT_C_UPISUQ151.175909"},{"type":"Feature","geometry":{"type":"MultiPolygon","coordinates":[[[[129.21609785352584,35.84660692693891],[129.21609702122407,35.84656095567235],[129.21608619773497,35.846438594288166],[129.2160787754394,35.84631729030143],[129.21606651851837,35.846147669926644],[129.21606568826323,35.8461271048869],[129.21605914000014,35.8460220488675],[129.2160545774858,35.845943251722645],[129.21605216543855,35.84589433618414],[129.2160584296191,35.845885718062156],[129.21608520643966,35.84585286474884],[129.21592456168543,35.84585873927687],[129.21597945702513,35.845900747699766],[129.21598067516967,35.845917382598905],[129.2159895453293,35.84602148816752],[129.2159954573715,35.846095848755446],[129.21599844340352,35.84612772964604],[129.21599960739613,35.846148915952924],[129.21600542675083,35.84622584526628],[129.21601159591322,35.84631757247657],[129.21601401465432,35.8463525366528],[129.21602812959557,35.846562673901985],[129.21602958892973,35.84660720204989],[129.2160391037857,35.84660539157462],[129.2160513344613,35.846794028356506],[129.2160415961068,35.84679506415695],[129.21605985692383,35.84704841792195],[129.21601826515055,35.847084073523064],[129.21617129715648,35.847078428767965],[129.21612331902404,35.8470362999373],[129.21612015685656,35.84695140785885],[129.21611526622524,35.84682893675082],[129.2161133944323,35.846787464579165],[129.216119171071,35.84678685943655],[129.21610806485762,35.84660889145103],[129.21609785352584,35.84660692693891]]]]},"properties":{"present_sn":"47130UQ151PS201401070639","lclas_cl":"UQS122","mlsfc_cl":"","sclas_cl":"","atrb_se":"UQS122","wtnnc_sn":"47130URZ200306260362","ntfc_sn":"47130NTC200306260003","dgm_nm":"소로3류","dgm_ar":"874","dgm_lt":"310","signgu_se":"47130","grad_se":"소로","road_ty":"3","road_no":"54","road_role":"PMI0004","excut_se":"EMA0002","sig_nam":"47","lcl_nam":"소로3류","mls_nam":"미분류","scl_nam":"미분류","atr_nam":"소로3류","pmi_nam":"국지도로","exc_nam":"미집행","_layer":"LT_C_UPISUQ151","_layer_nm":"도시계획시설_도로"},"id":"LT_C_UPISUQ151.175913"},{"type":"Feature","geometry":{"type":"MultiPolygon","coordinates":[[[[129.22376610362574,35.84955656564754],[129.22412328594402,35.84931177399767],[129.2242392331796,35.84923722407641],[129.2242647730766,35.84922204475374],[129.22429056834991,35.84920714433936],[129.22431660795502,35.849192531866116],[129.22434288079705,35.849178198341896],[129.22436938690157,35.849164152779025],[129.22439611519874,35.849150395197874],[129.22443664089886,35.849130312279435],[129.22455915800546,35.84904606142843],[129.22467691347404,35.84896527108096],[129.22475085984942,35.84891401485035],[129.22483547300223,35.84891251474687],[129.22470434932228,35.84881298108611],[129.22470981534624,35.84884766001823],[129.22462007099895,35.84891025623953],[129.22450206054594,35.84899090280537],[129.22438496831424,35.84907143038895],[129.2243626160682,35.84908246709087],[129.2243478034195,35.849089929870814],[129.2243330463437,35.849097473658276],[129.22431836700545,35.8491051074247],[129.22430374324,35.84911282219872],[129.22428919721204,35.84912062695174],[129.22427471782663,35.84912851269185],[129.22426030510888,35.84913648843156],[129.22424595900839,35.849144536146],[129.2242316906453,35.84915267383951],[129.22421748892458,35.84916089252024],[129.2242033649161,35.8491691921677],[129.22418930754986,35.8491775728024],[129.22417532792107,35.849186043416296],[129.2241614149093,35.849194586005076],[129.22414757960965,35.84920320956068],[129.22413382202208,35.84921191408309],[129.22412014214646,35.849220699572406],[129.22410653995775,35.849229557016145],[129.224093015481,35.84923849542683],[129.22407956871632,35.84924751480444],[129.2240661996635,35.849256615149024],[129.22370028891916,35.849507389042905],[129.22364426020923,35.849505897431605],[129.2237663046352,35.84960082562481],[129.22376610362574,35.84955656564754]]],[[[129.22489900090102,35.84880935681677],[129.2253880006709,35.848476119975494],[129.2254616741672,35.84841475179546],[129.2253965050769,35.84836294325904],[129.22532575359017,35.84841235539006],[129.22515808851895,35.84852943346399],[129.22482581678585,35.84875339910393],[129.2247706557167,35.848749274756095],[129.22489599694396,35.84885132456965],[129.22489900090102,35.84880935681677]]]]},"properties":{"present_sn":"47130UQ151PS201401070584","lclas_cl":"UQS121","mlsfc_cl":"","sclas_cl":"","atrb_se":"UQS121","wtnnc_sn":"47130URZ200306260290","ntfc_sn":"47130NTC200306260003","dgm_nm":"소로2류","dgm_ar":"1652","dgm_lt":"453","signgu_se":"47130","grad_se":"소로","road_ty":"2","road_no":"133","road_role":"PMI0004","excut_se":"EMA0003","sig_nam":"47","lcl_nam":"소로2류","mls_nam":"미분류","scl_nam":"미분류","atr_nam":"소로2류","pmi_nam":"국지도로","exc_nam":"부분집행","_layer":"LT_C_UPISUQ151","_layer_nm":"도시계획시설_도로"},"id":"LT_C_UPISUQ151.175928"},{"type":"Feature","geometry":{"type":"MultiPolygon","coordinates":[[[[129.2177356377045,35.851394627109485],[129.21801273816868,35.85110302464526],[129.21831471498294,35.85076816174835],[129.21839087448586,35.85068194598905],[129.2186397766333,35.85050874499283],[129.2187543290271,35.85042760574388],[129.21905149517002,35.8502181314567],[129.21919874079762,35.85011434727689],[129.21933668009845,35.850011976724375],[129.21966641154611,35.849774485110395],[129.22013967196156,35.849435854664],[129.22058450331207,35.84911814711561],[129.22087719979612,35.84890909100815],[129.22106227580335,35.84876870781672],[129.22139348064098,35.84853534547404],[129.22145441596143,35.848493992769356],[129.221749999757,35.84828591159831],[129.2220191010439,35.84809697577723],[129.22280830291314,35.847563634375355],[129.2233758063145,35.8471539251961],[129.2241777563898,35.84658621359502],[129.2245970551764,35.84628550894165],[129.22498945949158,35.84604262294842],[129.2252643254215,35.845893693594505],[129.22536464340195,35.845837277766606],[129.22616059973728,35.84548150192596],[129.22671698697553,35.845223135534596],[129.22698928030638,35.845094295905845],[129.22754700313783,35.844832597545874],[129.22844891326054,35.844421540788865],[129.22879664593742,35.8442530978308],[129.22892482624377,35.8441910025168],[129.22918899914913,35.844081640261585],[129.2294610258673,35.84395522890152],[129.2300781262213,35.84367323613878],[129.23056554096758,35.84349245452743],[129.23096115900293,35.8433426509906],[129.23166064348143,35.84308638565833],[129.2320364139681,35.84294914396862],[129.23233720732344,35.8428403894729],[129.2330750556744,35.842579238535976],[129.23335223322076,35.84247323075696],[129.2332134938394,35.84222135561965],[129.23315277631045,35.84234527741631],[129.23307324309096,35.842374550104445],[129.23280287275634,35.84247289252551],[129.2326422667859,35.842531305159504],[129.2319464007523,35.84278441490037],[129.23157428606785,35.842918666174015],[129.23112709754446,35.84307879046921],[129.2308270347818,35.84318460246687],[129.2307581003297,35.84320877034382],[129.2305347517402,35.843293922774414],[129.23014110110603,35.84343906170368],[129.2301059571579,35.84345069160641],[129.22999121710032,35.84349361106549],[129.2299009952988,35.843536700114264],[129.22966741523175,35.84364825897863],[129.22949842182638,35.843724789446114],[129.22927193107068,35.84383078238881],[129.2291837994505,35.843869613036205],[129.22894598069573,35.84397438310224],[129.22891370120175,35.84398917963392],[129.22786359268073,35.844470041584955],[129.22753356552627,35.84462209085245],[129.22737475880726,35.84469333586659],[129.22622789249664,35.84522735883335],[129.22616263573292,35.8452575285297],[129.2253242435803,35.84564148441492],[129.22529977925936,35.845652903754704],[129.2251328843915,35.84573079406329],[129.22502573527467,35.845790683205585],[129.2247956874379,35.84591927765653],[129.22475776713918,35.84594415952427],[129.22458834084256,35.84605530989341],[129.22442227239097,35.846164038443696],[129.2242379546462,35.84628629230127],[129.22421367271838,35.84630368636679],[129.22416868814827,35.84633590830106],[129.2240407465518,35.846426576717676],[129.22388734669812,35.84653373091154],[129.22382185629232,35.84658004114755],[129.22357519550314,35.84675465475869],[129.22338870952785,35.846886311347106],[129.22307947183884,35.847105047494],[129.22266723068392,35.8474036699762],[129.22249737669424,35.84752641724936],[129.22232588716176,35.847650347923576],[129.22206019188306,35.847841233901455],[129.22176008947065,35.84803962668555],[129.22172198304165,35.8480659589427],[129.22167170115156,35.848100731168444],[129.22157625617166,35.848167986019874],[129.22153398588492,35.8481977686164],[129.2212485667786,35.848398891049555],[129.2209143017119,35.84863441257232],[129.2207286844793,35.84877521110111],[129.2204678287143,35.84896153339574],[129.22035925946773,35.84903922963355],[129.21999355436085,35.849300266135586],[129.2195199405803,35.84963914900488],[129.21918870668307,35.84987771543084],[129.21905164019455,35.84997944434845],[129.21890653809635,35.850081728398045],[129.2186091621421,35.850291346910346],[129.2185914843308,35.85030387016566],[129.2185167734053,35.85035679129492],[129.21851303894255,35.85035942968756],[129.21849209071428,35.85037427504539],[129.21828914898458,35.850526285567305],[129.21816934477016,35.85062222334192],[129.21813992943075,35.8506457899731],[129.21805373273403,35.850737386097364],[129.2177626822854,35.85105230205811],[129.21766599911635,35.85117570382921],[129.21760067693978,35.85116844010264],[129.2177165135338,35.85144131918901],[129.2177356377045,35.851394627109485]]]]},"properties":{"present_sn":"47130UQ151PS201401070447","lclas_cl":"UQS117","mlsfc_cl":"","sclas_cl":"","atrb_se":"UQS117","wtnnc_sn":"47130URZ199607080055","ntfc_sn":"47130NTC199607130001","dgm_nm":"중로1류","dgm_ar":"36170","dgm_lt":"3554","signgu_se":"47130","grad_se":"중로","road_ty":"1","road_no":"15","road_role":"PMI0002","excut_se":"EMA0002","sig_nam":"47","lcl_nam":"중로1류","mls_nam":"미분류","scl_nam":"미분류","atr_nam":"중로1류","pmi_nam":"보조간선도로","exc_nam":"미집행","_layer":"LT_C_UPISUQ151","_layer_nm":"도시계획시설_도로"},"id":"LT_C_UPISUQ151.175943"},{"type":"Feature","geometry":{"type":"MultiPolygon","coordinates":[[[[129.20433742716432,35.85914458723293],[129.2046507636605,35.85896210482005],[129.20491888763428,35.858806987942344],[129.20540530767104,35.858529471161205],[129.2055419357576,35.8584514975262],[129.20756701438356,35.85730375328802],[129.2078961791874,35.857117179611514],[129.20964278530053,35.85612720024172],[129.2109709349104,35.85538201083961],[129.21133835656332,35.85517081098121],[129.21143966348637,35.8551118095069],[129.2115905713784,35.855025215115916],[129.21177461844195,35.85491960928197],[129.21180743233373,35.85489887720456],[129.21193085041497,35.85482876927533],[129.21206322204543,35.85475358952276],[129.2120986634194,35.85473433080845],[129.21223449470392,35.85465721613005],[129.21236756501784,35.85458271976448],[129.21241128182245,35.85455731794234],[129.21433279741484,35.85347559438526],[129.21467056974038,35.8532823536431],[129.21487414348672,35.853166839723116],[129.21508168486037,35.853049074294375],[129.2152383424593,35.85295047847416],[129.21526043475143,35.85293657796376],[129.2155222830956,35.85278480114513],[129.2157373015511,35.85266125326763],[129.21582536240427,35.85261064430193],[129.2158440091491,35.852599931238565],[129.21607104135558,35.85246946677471],[129.21618337450155,35.85240491693793],[129.21633741084833,35.852316391312826],[129.21648715045316,35.85223154126104],[129.21660903540894,35.852162476701025],[129.2166756205208,35.85212474835425],[129.21681085750689,35.852048116222306],[129.21685113565096,35.85202529651281],[129.2171162031177,35.85187080669083],[129.2171924247373,35.85182709449475],[129.21728770166231,35.85177246094097],[129.21737131890993,35.85172501319006],[129.21741179560058,35.851702048735376],[129.2174640568405,35.851722088713686],[129.2173704391493,35.85150255947238],[129.21733356053713,35.85157052582758],[129.21732491360044,35.85158643939314],[129.21727637922285,35.85161398762238],[129.2171924193739,35.851661625185315],[129.21709679987868,35.851716457553934],[129.21702006986683,35.85176045900172],[129.21675537835446,35.85191472262839],[129.21671600662634,35.85193703598315],[129.21658075866634,35.85201366802927],[129.21651417360187,35.85205139632403],[129.21639228873275,35.85212046078882],[129.2162420960619,35.85220557289575],[129.21608760662428,35.85229435155907],[129.21597528462593,35.85235890128747],[129.21584900228544,35.852431469894704],[129.21584775326784,35.8524321841096],[129.21584125400122,35.852435917862216],[129.2157482304597,35.85248937462424],[129.215729583752,35.85250009668532],[129.2156415339812,35.852550687536954],[129.2154262393535,35.852674397961664],[129.2151445066277,35.852837709868446],[129.2151445457663,35.8528440455785],[129.21515125235163,35.85285154105623],[129.2149891889714,35.85294055708183],[129.2147805425708,35.85305901827591],[129.2145766374801,35.85317476695153],[129.21440893550815,35.853267000637224],[129.2141256926989,35.853372146222966],[129.21329179474822,35.85387647984772],[129.2131709108055,35.853945205806575],[129.21306066051272,35.85400792862802],[129.2129511535127,35.85407130795137],[129.21284406756175,35.854133475242584],[129.21269875036938,35.854218952852534],[129.21256624598746,35.85429778360007],[129.21243649225937,35.8543744824248],[129.2123152828897,35.85444629937391],[129.21227169872256,35.85447161080399],[129.2121393691548,35.85454570020406],[129.21200448860247,35.85462227236128],[129.21196903618477,35.8546415310675],[129.2118352497412,35.85471751530575],[129.21170837183,35.85478958490088],[129.2116752595521,35.854810506735774],[129.2114943297996,35.85491432249852],[129.21134294666598,35.8550011789622],[129.2112415956001,35.85506020747049],[129.21097049823615,35.855216019635385],[129.21094652201288,35.85522971535101],[129.21094499434065,35.855233953882575],[129.2107164868876,35.85536110361398],[129.21049388735108,35.855487071009485],[129.21020757008714,35.85564910851084],[129.21019466968494,35.85565640399554],[129.2100790192187,35.85572181917161],[129.21000244742504,35.85576577979664],[129.20996186533242,35.85578814710552],[129.2098206128162,35.85586815260223],[129.2096776670695,35.8559484943281],[129.20964266845607,35.85596815712099],[129.209571729132,35.856002851890324],[129.20943828829866,35.856077273691355],[129.20932955862006,35.856139512783],[129.20930002160597,35.85615641722009],[129.2092144794791,35.85620379957503],[129.20906013830492,35.85629173075157],[129.20891233010406,35.856376000394754],[129.20888338248102,35.85639398520968],[129.20873845598737,35.85647541073131],[129.20858443174188,35.856562160112354],[129.20855301697094,35.85658083404862],[129.20840818817095,35.856661772327925],[129.20827256760904,35.856737512406184],[129.20781478373846,35.85699675941846],[129.20746838449844,35.85719293368018],[129.20730579128025,35.85728501347147],[129.20711700720318,35.85739126944281],[129.20699749849217,35.85746077991247],[129.2060488611202,35.857999659915116],[129.20602480564338,35.85801332774244],[129.2058918437017,35.85809145791805],[129.20544775446422,35.85833936191364],[129.20531040791968,35.85841775123587],[129.2048235350067,35.8586955387784],[129.20455472579965,35.85885104414078],[129.20432054182177,35.85898744707679],[129.20415524502675,35.858955398244944],[129.2042837858495,35.85927445751481],[129.20433742716432,35.85914458723293]]]]},"properties":{"present_sn":"47130UQ151PS201401070452","lclas_cl":"UQS118","mlsfc_cl":"","sclas_cl":"","atrb_se":"UQS118","wtnnc_sn":"47130URZ199607080054","ntfc_sn":"47130NTC199607130001","dgm_nm":"중로2류","dgm_ar":"22470","dgm_lt":"2985","signgu_se":"47130","grad_se":"중로","road_ty":"2","road_no":"5","road_role":"PMI0002","excut_se":"EMA0002","sig_nam":"47","lcl_nam":"중로2류","mls_nam":"미분류","scl_nam":"미분류","atr_nam":"중로2류","pmi_nam":"보조간선도로","exc_nam":"미집행","_layer":"LT_C_UPISUQ151","_layer_nm":"도시계획시설_도로"},"id":"LT_C_UPISUQ151.175981"},{"type":"Feature","geometry":{"type":"MultiPolygon","coordinates":[[[[129.22085113108997,35.853539332503196],[129.22140778693745,35.853239397799626],[129.22156477590744,35.85315525818269],[129.2216899503068,35.85308784075743],[129.22181535609712,35.85302010734003],[129.22188098470804,35.85298540606691],[129.22202602142235,35.852902964090525],[129.22208564848574,35.85286781408361],[129.22217457511388,35.85281541441104],[129.2222319572927,35.85279714884361],[129.22230766304148,35.85274774748092],[129.2223374719239,35.8527305329191],[129.2224219610907,35.85267887123031],[129.22244229675482,35.85266673006611],[129.22259242655917,35.852577004960274],[129.2227211032117,35.852499729363366],[129.2228051329213,35.852450222234594],[129.22285860245057,35.85247018553578],[129.22286881930893,35.85228663640428],[129.22282768170538,35.85233820954776],[129.2227916408299,35.85235951836716],[129.22271382297345,35.852405526217524],[129.2226285006668,35.85245598197299],[129.22253650883894,35.852508585897155],[129.22245197274532,35.85255920230521],[129.22232182524226,35.8526371472411],[129.2222976104606,35.8526516567854],[129.22220073260715,35.852706964164206],[129.22209680033947,35.85277336076412],[129.2219720591354,35.85283700158812],[129.2218248833002,35.85290649647824],[129.22174528377886,35.85295313784023],[129.22170195222617,35.85297634330567],[129.2215591355504,35.85305310295758],[129.22146077601198,35.85310940382515],[129.22134431073357,35.853175723578104],[129.22120537504887,35.85325905482248],[129.22117772242942,35.853271524592046],[129.22094339059635,35.85339823577691],[129.2209069891502,35.85342162657196],[129.22084454225552,35.85345423060645],[129.22078720136594,35.85343953677074],[129.2208417124579,35.853576336943526],[129.22085113108997,35.853539332503196]]],[[[129.2201335200296,35.853840143428044],[129.2200947870502,35.85375638876686],[129.21997612458108,35.853781208687096],[129.2196222604181,35.853854996966284],[129.21948152131012,35.85388319109486],[129.21940801684306,35.853896581796626],[129.21923030260513,35.85392897040428],[129.21907399533043,35.85395613780603],[129.21900613344238,35.85396834642063],[129.21881718677102,35.854002358973744],[129.21879152723477,35.85400709187535],[129.2187812145374,35.85400892203544],[129.21859040749493,35.85404281142161],[129.21861133384007,35.854112980877694],[129.21880012720516,35.85407945559986],[129.21881078289806,35.85407755271788],[129.21883654204055,35.85407280160702],[129.21902525651447,35.85403883450643],[129.21909280863525,35.854026680517016],[129.21914898681152,35.85401691737795],[129.21929010064562,35.85399203054209],[129.2194273726085,35.85396702433428],[129.21954303463986,35.85394595959546],[129.2195753581827,35.85394109727579],[129.21973457232684,35.85391230169468],[129.2197662403181,35.85390657531571],[129.21996277647202,35.85387102436113],[129.2201335200296,35.853840143428044]]],[[[129.22055280645844,35.85368055267595],[129.22071473394482,35.853616277702024],[129.22076635605606,35.85363261326838],[129.22071111330996,35.85348335012814],[129.22067223710172,35.85355284423705],[129.22052260660433,35.85361223900806],[129.22055280645844,35.85368055267595]]]]},"properties":{"present_sn":"47130UQ151PS201401070552","lclas_cl":"UQS121","mlsfc_cl":"","sclas_cl":"","atrb_se":"UQS121","wtnnc_sn":"47130URZ202208250010","ntfc_sn":"47130NTC202208250001","dgm_nm":"소로2류","dgm_ar":"3413","dgm_lt":"859","signgu_se":"47130","grad_se":"소로","road_ty":"2","road_no":"89","road_role":"PMI0004","excut_se":"EMA0002","sig_nam":"47","lcl_nam":"소로2류","mls_nam":"미분류","scl_nam":"미분류","atr_nam":"소로2류","pmi_nam":"국지도로","exc_nam":"미집행","_layer":"LT_C_UPISUQ151","_layer_nm":"도시계획시설_도로"},"id":"LT_C_UPISUQ151.175997"},{"type":"Feature","geometry":{"type":"MultiPolygon","coordinates":[[[[129.22532365147296,35.8492005649102],[129.22526902371376,35.84915785731816],[129.22517075597185,35.84907864923747],[129.22505622196812,35.848981905991906],[129.22501677073532,35.84895087727372],[129.22489599694396,35.84885132456965],[129.2247706557167,35.848749274756095],[129.22476705925737,35.848745757554035],[129.22473648201134,35.84872508563254],[129.22469090672305,35.8486891293369],[129.22469269554995,35.848644081572225],[129.22455880119577,35.84873684345377],[129.22461415448169,35.848738462068866],[129.2246461070102,35.84876403426373],[129.2246699596791,35.84878679157155],[129.22470434932228,35.84881298108611],[129.22483547300223,35.84891251474687],[129.22489108832173,35.8489562030641],[129.22493677439442,35.84898815752895],[129.22498619604997,35.84902979345794],[129.225074531548,35.84910420750096],[129.22517734761232,35.849190833487015],[129.22518013435575,35.849189818900115],[129.22536552298578,35.84933641331483],[129.225466804376,35.849416381676434],[129.22588942121698,35.84975548128575],[129.22600411798206,35.8498503037563],[129.2261648710066,35.8499822615966],[129.2264515437554,35.85021170597602],[129.22647289063286,35.8502287987535],[129.226562144931,35.850149474897336],[129.22649752708855,35.850144648058865],[129.22643050186556,35.850090941941914],[129.2263417287943,35.85001921545308],[129.22625737180985,35.84995106760849],[129.2262200108911,35.84991970191971],[129.22611616432474,35.84983345729089],[129.22599517473174,35.84973685319898],[129.22597724069496,35.84972085348288],[129.225556324366,35.84938424747011],[129.22553707489155,35.84936885397697],[129.2254237012177,35.849279580280445],[129.22532365147296,35.8492005649102]]]]},"properties":{"present_sn":"47130UQ151PS201401070550","lclas_cl":"UQS121","mlsfc_cl":"","sclas_cl":"","atrb_se":"UQS121","wtnnc_sn":"47130URZ200306260242","ntfc_sn":"47130NTC200306260003","dgm_nm":"소로2류","dgm_ar":"2016","dgm_lt":"509","signgu_se":"47130","grad_se":"소로","road_ty":"2","road_no":"85","road_role":"PMI0004","excut_se":"EMA0002","sig_nam":"47","lcl_nam":"소로2류","mls_nam":"미분류","scl_nam":"미분류","atr_nam":"소로2류","pmi_nam":"국지도로","exc_nam":"미집행","_layer":"LT_C_UPISUQ151","_layer_nm":"도시계획시설_도로"},"id":"LT_C_UPISUQ151.175999"},{"type":"Feature","geometry":{"type":"MultiPolygon","coordinates":[[[[129.22254772906234,35.84293411392653],[129.2225439295133,35.84286126384577],[129.2224403772898,35.842864410388536],[129.22236154498762,35.84286863797213],[129.22228415538152,35.84287022219005],[129.2221366283973,35.84287414322326],[129.22185815823406,35.84287891712258],[129.22180566075022,35.84287981549455],[129.22173731970355,35.84288330243366],[129.2215565304841,35.8428912221773],[129.22152448144658,35.842893615102824],[129.2213752642703,35.84289878202172],[129.22121788855986,35.84290369329837],[129.22113302304894,35.842911743396435],[129.2206510004409,35.84292660185424],[129.22046516618974,35.84293144688133],[129.21969380915354,35.84296138357716],[129.21954933041545,35.84296698123777],[129.21955260811163,35.84304428453985],[129.2196187602477,35.843041713078875],[129.2198258013991,35.843040345707145],[129.21991358107428,35.84303733823659],[129.22045322167784,35.84301963796099],[129.220615285641,35.84300878890972],[129.22073461504115,35.84300294745441],[129.22086765295558,35.84299898249358],[129.22147902195317,35.84297000719227],[129.2216468959047,35.84296281420246],[129.22181057459014,35.84295558360744],[129.2218462106374,35.84295342736568],[129.22200423856944,35.842948189619264],[129.22211232184068,35.84294638700889],[129.2222796362877,35.84294104172558],[129.22233441417137,35.84294020204318],[129.22237989453703,35.8429395056015],[129.2224443309339,35.842936980801774],[129.22254772906234,35.84293411392653]]]]},"properties":{"present_sn":"47130UQ151PS201401070547","lclas_cl":"UQS121","mlsfc_cl":"","sclas_cl":"","atrb_se":"UQS121","wtnnc_sn":"47130URZ200306260238","ntfc_sn":"47130NTC200306260003","dgm_nm":"소로2류","dgm_ar":"2351","dgm_lt":"558","signgu_se":"47130","grad_se":"소로","road_ty":"2","road_no":"81","road_role":"PMI0004","excut_se":"EMA0002","sig_nam":"47","lcl_nam":"소로2류","mls_nam":"미분류","scl_nam":"미분류","atr_nam":"소로2류","pmi_nam":"국지도로","exc_nam":"미집행","_layer":"LT_C_UPISUQ151","_layer_nm":"도시계획시설_도로"},"id":"LT_C_UPISUQ151.176002"},{"type":"Feature","geometry":{"type":"MultiPolygon","coordinates":[[[[129.22016758954288,35.852096579623364],[129.22010881414087,35.85197025036608],[129.22003363488594,35.85201407066255],[129.2200539470995,35.85205785243889],[129.2200609852164,35.852073061730536],[129.22010148715123,35.852164365675],[129.22010846939156,35.85217937679049],[129.22013509574484,35.85223671987156],[129.22015064172217,35.85227020001548],[129.22015868156342,35.8522873631879],[129.2201998497706,35.8523753042248],[129.22023782653505,35.852458014800476],[129.22026385117363,35.85251386287242],[129.22030185808745,35.85259541075983],[129.22034725936214,35.85269282516989],[129.22038449128183,35.852774284315174],[129.22044628905024,35.85290834963837],[129.22053520340828,35.85310061320233],[129.22060738285626,35.853257785550305],[129.22071111330996,35.85348335012814],[129.22076635605606,35.85363261326838],[129.22076998087903,35.85364239421365],[129.2208413894423,35.85381676363603],[129.22091089477303,35.8539873242044],[129.2209731347776,35.854140594026084],[129.22103980190332,35.85430542775334],[129.2211299428709,35.85453191800482],[129.22119724470366,35.85473797357858],[129.22132732060552,35.854644483474935],[129.221262716637,35.8546298482217],[129.22115807485207,35.85436799255579],[129.2208417124579,35.853576336943526],[129.22078720136594,35.85343953677074],[129.2206861429617,35.853219537099825],[129.22062475300635,35.85308505658983],[129.22061035226588,35.85305352112127],[129.22059619694298,35.853022661139825],[129.2205437116399,35.85290968616617],[129.22052683469764,35.85287136879751],[129.22047210073842,35.852753792507194],[129.22043272098267,35.85266826365798],[129.22038896145497,35.852572099024925],[129.2203537111965,35.85249466485089],[129.22030011092485,35.85238257501448],[129.22028545362292,35.85235023785855],[129.22024483418969,35.85226060150378],[129.220237462653,35.852244933193525],[129.22022690653145,35.852222529338455],[129.22016758954288,35.852096579623364]]]]},"properties":{"present_sn":"47130UQ151PS201401070546","lclas_cl":"UQS121","mlsfc_cl":"","sclas_cl":"","atrb_se":"UQS121","wtnnc_sn":"47130URZ200306260236","ntfc_sn":"47130NTC200306260003","dgm_nm":"소로2류","dgm_ar":"2639","dgm_lt":"663","signgu_se":"47130","grad_se":"소로","road_ty":"2","road_no":"79","road_role":"PMI0004","excut_se":"EMA0002","sig_nam":"47","lcl_nam":"소로2류","mls_nam":"미분류","scl_nam":"미분류","atr_nam":"소로2류","pmi_nam":"국지도로","exc_nam":"미집행","_layer":"LT_C_UPISUQ151","_layer_nm":"도시계획시설_도로"},"id":"LT_C_UPISUQ151.176012"},{"type":"Feature","geometry":{"type":"MultiPolygon","coordinates":[[[[129.22237992595564,35.84720619392346],[129.22227533320986,35.847187423853576],[129.2219367888155,35.84742167634288],[129.22163417005623,35.84762633712513],[129.2216197443097,35.847641612695384],[129.22147959618528,35.84773927640623],[129.2211097248581,35.84801141835449],[129.2210580117619,35.84801298189578],[129.22120335874516,35.84809012453992],[129.22119864130468,35.84804534106565],[129.2214012999449,35.84789532687881],[129.2215341762832,35.847797874852574],[129.2216368602163,35.84772254959813],[129.22169047260437,35.847683328121725],[129.22207461147582,35.84743203112687],[129.22237992595564,35.84720619392346]]]]},"properties":{"present_sn":"47130UQ151PS201401070545","lclas_cl":"UQS121","mlsfc_cl":"","sclas_cl":"","atrb_se":"UQS121","wtnnc_sn":"47130URZ200306260235","ntfc_sn":"47130NTC200306260003","dgm_nm":"소로2류","dgm_ar":"1203","dgm_lt":"316","signgu_se":"47130","grad_se":"소로","road_ty":"2","road_no":"78","road_role":"PMI0004","excut_se":"EMA0002","sig_nam":"47","lcl_nam":"소로2류","mls_nam":"미분류","scl_nam":"미분류","atr_nam":"소로2류","pmi_nam":"국지도로","exc_nam":"미집행","_layer":"LT_C_UPISUQ151","_layer_nm":"도시계획시설_도로"},"id":"LT_C_UPISUQ151.176013"},{"type":"Feature","geometry":{"type":"MultiPolygon","coordinates":[[[[129.2216718299515,35.85241983231944],[129.2218351439157,35.852321774480814],[129.22186606073365,35.85230490949009],[129.2218940151928,35.852289663160725],[129.2219284974278,35.85226909649346],[129.2220247348917,35.852214520517606],[129.2221516546214,35.85214242191894],[129.22221666616085,35.85210507192041],[129.22222182209248,35.852096076997704],[129.22227770720212,35.85206508852318],[129.2223185820419,35.85204243712462],[129.22243212061466,35.85197949247135],[129.22256347822366,35.851907205026],[129.2226921054284,35.851836418536294],[129.2228032456791,35.851775091181835],[129.2228639218801,35.85179919596719],[129.22285970397232,35.85165576096142],[129.22284445587692,35.851689991449],[129.22273687349272,35.851748842869036],[129.22262790933632,35.8518084718096],[129.22251053335387,35.85187269446861],[129.22243283892368,35.85191519605501],[129.22230947412757,35.851983584286394],[129.22219147202543,35.85204975448101],[129.22215203479274,35.85207187145948],[129.22203262434604,35.8521372599974],[129.22201210886107,35.852148401036985],[129.22188828223878,35.85222217915027],[129.22171227219425,35.85232868700896],[129.2216390542354,35.85237298237346],[129.22158605249103,35.85236192201037],[129.22166051664198,35.85246405930502],[129.2216718299515,35.85241983231944]]],[[[129.2206364527825,35.85297183840785],[129.22074474004626,35.852914528724106],[129.22095427885924,35.852801895648774],[129.22104495626806,35.852753873681806],[129.2210922777916,35.852728317913254],[129.221212700225,35.85266399193649],[129.22135439163233,35.85258877588641],[129.2215029345309,35.85250928421658],[129.22154700657205,35.85248570795326],[129.22160481231992,35.852496561258114],[129.22152843575705,35.852387388678196],[129.2215098223441,35.85243791973501],[129.22146573476707,35.852459873765376],[129.2214033383121,35.8524943525991],[129.2213001137756,35.852548580358665],[129.22122532560454,35.85258966088441],[129.2211790386673,35.8526129887296],[129.2210501602942,35.85268195353121],[129.2210363538589,35.85268934196154],[129.22094216313195,35.85273989383582],[129.22090713369923,35.85275890205804],[129.2207190754641,35.852860960263335],[129.22061087348325,35.852921081664995],[129.22060472780726,35.85292450860523],[129.2205437116399,35.85290968616617],[129.22059619694298,35.853022661139825],[129.2206094040188,35.85298650599288],[129.22062893485955,35.85297543908933],[129.2206364527825,35.85297183840785]]]]},"properties":{"present_sn":"47130UQ151PS201401070612","lclas_cl":"UQS122","mlsfc_cl":"","sclas_cl":"","atrb_se":"UQS122","wtnnc_sn":"47130URZ200306260327","ntfc_sn":"47130NTC200306260003","dgm_nm":"소로3류","dgm_ar":"1560","dgm_lt":"555","signgu_se":"47130","grad_se":"소로","road_ty":"3","road_no":"19","road_role":"PMI0004","excut_se":"EMA0002","sig_nam":"47","lcl_nam":"소로3류","mls_nam":"미분류","scl_nam":"미분류","atr_nam":"소로3류","pmi_nam":"국지도로","exc_nam":"미집행","_layer":"LT_C_UPISUQ151","_layer_nm":"도시계획시설_도로"},"id":"LT_C_UPISUQ151.176018"},{"type":"Feature","geometry":{"type":"MultiPolygon","coordinates":[[[[129.21592456168543,35.84585873927687],[129.21608520643966,35.84585286474884],[129.21617949996158,35.84585053331889],[129.21635211411362,35.8458459438611],[129.2165412238318,35.84584218983543],[129.21657487334923,35.84584170602293],[129.21686613241235,35.84583437990434],[129.21695240220785,35.845832639048915],[129.21705248216207,35.845829278146134],[129.21708127941656,35.84582736089628],[129.21710355059216,35.84582723081191],[129.21710167042139,35.84575830659203],[129.21705659951462,35.845759577104054],[129.2169459479446,35.84576275869055],[129.21688797058695,35.84576417845488],[129.21683816323707,35.845765908000004],[129.21679479691824,35.84576714832152],[129.2167677897605,35.8457678996833],[129.21671230283889,35.84576926082622],[129.21648034022445,35.84577575949755],[129.21630987095253,35.84577933590497],[129.21551195654595,35.845807031129986],[129.21531796046864,35.845813117456],[129.21517077592202,35.845818939986295],[129.21515014507824,35.845819841870856],[129.21508697841514,35.84582211716818],[129.21491656097567,35.84582857550715],[129.21474199249693,35.845835031958785],[129.21446965849543,35.84584525746324],[129.2143128657666,35.84585113202212],[129.21405532647137,35.8458595188717],[129.21401696454168,35.84583214366451],[129.21402249340179,35.845962725004405],[129.2140681949151,35.845932226978746],[129.21411752662303,35.84593056251054],[129.2141444017058,35.84593006432798],[129.21426284281642,35.84592551965306],[129.21475796203046,35.84590813103779],[129.21494243702048,35.84590140461596],[129.21509282156427,35.84589587408937],[129.2151022959951,35.845895523784925],[129.21517684082465,35.84589280465898],[129.21530977046993,35.84588783663687],[129.21549420217852,35.84587739629553],[129.21564378622898,35.84587059574278],[129.21568806967977,35.84586872332672],[129.21592456168543,35.84585873927687]]]]},"properties":{"present_sn":"47130UQ151PS201401070514","lclas_cl":"UQS121","mlsfc_cl":"","sclas_cl":"","atrb_se":"UQS121","wtnnc_sn":"47130URZ200306260184","ntfc_sn":"47130NTC200306260003","dgm_nm":"소로2류","dgm_ar":"2191","dgm_lt":"582","signgu_se":"47130","grad_se":"소로","road_ty":"2","road_no":"27","road_role":"PMI0004","excut_se":"EMA0002","sig_nam":"47","lcl_nam":"소로2류","mls_nam":"미분류","scl_nam":"미분류","atr_nam":"소로2류","pmi_nam":"국지도로","exc_nam":"미집행","_layer":"LT_C_UPISUQ151","_layer_nm":"도시계획시설_도로"},"id":"LT_C_UPISUQ151.176036"},{"type":"Feature","geometry":{"type":"MultiPolygon","coordinates":[[[[129.2117216217767,35.84600316495461],[129.21176881278134,35.84596628434633],[129.21186902354683,35.84596619906817],[129.21198783492682,35.84596346749937],[129.21213366782214,35.8459653749484],[129.2122740572027,35.84595990151941],[129.2126343223221,35.845952113102975],[129.2127897283968,35.84594916322188],[129.21293406228182,35.84594932391058],[129.21359212424778,35.84594072885703],[129.21381372080802,35.84594033751336],[129.2138551710283,35.845963543552365],[129.21384130601675,35.845820053011444],[129.21378806853235,35.845863866715156],[129.21280112438518,35.84588034175931],[129.21263486409345,35.845872531777914],[129.2125768117105,35.845874940969445],[129.21251203965937,35.8458771366211],[129.21244272317497,35.84587706906583],[129.21212106494164,35.84588359057888],[129.21198886517934,35.84588418273315],[129.21179265397484,35.845885779024385],[129.21172679838958,35.84585071847411],[129.21171620806024,35.8460070588134],[129.2117216217767,35.84600316495461]]]]},"properties":{"present_sn":"47130UQ151PS201401070509","lclas_cl":"UQS121","mlsfc_cl":"","sclas_cl":"","atrb_se":"UQS121","wtnnc_sn":"47130URZ200306260177","ntfc_sn":"47130NTC200306260003","dgm_nm":"소로2류","dgm_ar":"1659","dgm_lt":"424","signgu_se":"47130","grad_se":"소로","road_ty":"2","road_no":"20","road_role":"PMI0004","excut_se":"EMA0002","sig_nam":"47","lcl_nam":"소로2류","mls_nam":"미분류","scl_nam":"미분류","atr_nam":"소로2류","pmi_nam":"국지도로","exc_nam":"미집행","_layer":"LT_C_UPISUQ151","_layer_nm":"도시계획시설_도로"},"id":"LT_C_UPISUQ151.176037"},{"type":"Feature","geometry":{"type":"MultiPolygon","coordinates":[[[[129.2225948722263,35.84667907226838],[129.22239754766417,35.84649935648686],[129.22236338966022,35.84646824504983],[129.22234644543502,35.84643342486716],[129.22234959877474,35.84654069482459],[129.22235221986202,35.846619684543036],[129.22241383969396,35.84659834683948],[129.2227706342254,35.84691852620459],[129.22291664876175,35.84705275972535],[129.222994300692,35.84712414879171],[129.22299101635434,35.8471691272009],[129.22307947183884,35.847105047494],[129.22309970031563,35.84709073439588],[129.2230444559385,35.84708805140548],[129.22296859279672,35.84701903837311],[129.2225948722263,35.84667907226838]]]]},"properties":{"present_sn":"47130UQ151PS201401072221","lclas_cl":"UQS122","mlsfc_cl":"","sclas_cl":"","atrb_se":"UQS122","wtnnc_sn":"47130URZ201102070333","ntfc_sn":"47130NTC201102070001","dgm_nm":"소로3류","dgm_ar":"609","dgm_lt":"225","signgu_se":"47130","grad_se":"소로","road_ty":"3","road_no":"44","road_role":"PMI0004","excut_se":"EMA0002","sig_nam":"47","lcl_nam":"소로3류","mls_nam":"미분류","scl_nam":"미분류","atr_nam":"소로3류","pmi_nam":"국지도로","exc_nam":"미집행","_layer":"LT_C_UPISUQ151","_layer_nm":"도시계획시설_도로"},"id":"LT_C_UPISUQ151.176078"},{"type":"Feature","geometry":{"type":"MultiPolygon","coordinates":[[[[129.21997094102585,35.84895016246958],[129.21997157200028,35.848950161322335],[129.2200011508516,35.848950305812046],[129.2200011951058,35.84895029671904],[129.2200336079059,35.84895047209722],[129.22017818119676,35.84895118241566],[129.22017824778837,35.84895124538192],[129.22029082912766,35.848951851559846],[129.2203274385165,35.84896049997373],[129.22036312063668,35.84899425887302],[129.22035925909026,35.84903922923767],[129.22046782833678,35.84896153299986],[129.22041282499006,35.8489583797136],[129.22037217070113,35.84891992536442],[129.2203576814007,35.848912246074676],[129.22033673798634,35.84890440730071],[129.2203144854258,35.84889953601764],[129.2202915439431,35.848897748257826],[129.22010564459612,35.848896058807725],[129.22006811716312,35.84889573052794],[129.22004495864485,35.84889552931475],[129.21997094102585,35.84895016246958]]]]},"properties":{"present_sn":"47130UQ151PS201401070619","lclas_cl":"UQS122","mlsfc_cl":"","sclas_cl":"","atrb_se":"UQS122","wtnnc_sn":"47130URZ202309181016","ntfc_sn":"47130NTC202309181001","dgm_nm":"소로3류","dgm_ar":"255","dgm_lt":"105","signgu_se":"47130","grad_se":"소로","road_ty":"3","road_no":"27","road_role":"PMI0004","excut_se":"EMA0002","sig_nam":"47","lcl_nam":"소로3류","mls_nam":"미분류","scl_nam":"미분류","atr_nam":"소로3류","pmi_nam":"국지도로","exc_nam":"미집행","_layer":"LT_C_UPISUQ151","_layer_nm":"도시계획시설_도로"},"id":"LT_C_UPISUQ151.176339"},{"type":"Feature","geometry":{"type":"MultiPolygon","coordinates":[[[[129.20089698463164,35.844599000573645],[129.20110569269818,35.84508879004154],[129.20120951345135,35.844970490653175],[129.20129051343696,35.84496863461239],[129.20136953214742,35.84496682687515],[129.20185876399586,35.844955620688005],[129.20190140205997,35.844955378346306],[129.20195805359654,35.8449550675495],[129.20220405802007,35.84495141239475],[129.2022342860276,35.84495059583782],[129.2023239304255,35.84495288843561],[129.20238769969225,35.84495266467763],[129.20248256090545,35.844951839121684],[129.20257748154705,35.84494824655301],[129.2026023437718,35.844948538407984],[129.20260628442333,35.84494854082523],[129.20276774429954,35.84493702288344],[129.2029558740502,35.844931525428294],[129.20296467343238,35.84493126733757],[129.20299840552016,35.84492853406271],[129.202998460752,35.844928488907556],[129.203028720919,35.84490976425347],[129.2032863581351,35.84490143692117],[129.20351293853017,35.84489447707896],[129.20351115824033,35.844912667302886],[129.20351115833176,35.84491270335277],[129.20355215709822,35.84491205761875],[129.20367983165636,35.84491725937605],[129.20367986486391,35.84491725932019],[129.2036798647724,35.84491722327032],[129.20367986461233,35.84491716018306],[129.2036811349242,35.84489431135082],[129.20374878603,35.8448927464886],[129.20387605212812,35.844889675247344],[129.20403880254443,35.844889545228284],[129.20409305915996,35.84488769632397],[129.204099954819,35.84488751345991],[129.2042487645408,35.844889948186776],[129.2042730820909,35.84488934837739],[129.2045955831685,35.84488909211379],[129.20459654620944,35.84488909949853],[129.20472337946322,35.84488559549151],[129.20482489918976,35.844882792099654],[129.2050331208037,35.844873553254864],[129.2053274959888,35.844860734173956],[129.205738844152,35.84484542643108],[129.2058753652114,35.844847159030444],[129.2059816358394,35.844840939854826],[129.2062337668205,35.84484386317786],[129.20632402983566,35.844841366099],[129.2066312229097,35.84483287501372],[129.20658785272437,35.844561627651714],[129.20582221313225,35.84458049736502],[129.20556515878374,35.84458682836661],[129.2054771254028,35.84459106951589],[129.20528496614818,35.84459605502543],[129.2050139552062,35.844603066429684],[129.20480839195173,35.84460838030388],[129.20472027685832,35.84461098977401],[129.2044978355427,35.8446172779737],[129.2043232096208,35.844622214298525],[129.20406778140978,35.84462824194021],[129.20401639075394,35.84462964439002],[129.20386060302434,35.84463398951638],[129.20370376213006,35.84463771435027],[129.20363603643153,35.84464033377525],[129.20334354029538,35.84464750372913],[129.20321312017546,35.84465070587578],[129.20303143072553,35.84465515649348],[129.2030309670361,35.84463376158811],[129.20292166239688,35.84463517056373],[129.20273051607145,35.84463811346544],[129.20268635173252,35.84463879125673],[129.20242806594368,35.84464420734783],[129.20225857529712,35.844670852219174],[129.20225797756336,35.84467085321781],[129.2020109557839,35.844674564254476],[129.2018295730572,35.84467778684305],[129.20141783939496,35.84468500664358],[129.20138343872736,35.84468595611132],[129.20128734026332,35.84468765706926],[129.20121866987563,35.844688807664745],[129.2010961943715,35.84469084972118],[129.2010832505004,35.84468484185652],[129.2009690608836,35.84463186671011],[129.20089698463164,35.844599000573645]]],[[[129.2074100401713,35.844528299255465],[129.20743684130454,35.84479050813864],[129.20762795406432,35.844787359533726],[129.2076455865771,35.844787076934715],[129.20767623590413,35.84478657372393],[129.2077505174633,35.84478507634476],[129.2077665005775,35.844784760509135],[129.20797340990336,35.84478193572507],[129.2080156105872,35.84477954699026],[129.208146429937,35.84477662734536],[129.20819116942434,35.84477576630815],[129.2083600425216,35.84477201490456],[129.20838646407626,35.844771771140906],[129.20841519903686,35.84477150536278],[129.20845980625,35.84477086075341],[129.20850315204734,35.844770398550594],[129.2085792284162,35.84476952844242],[129.20860704008956,35.844767515784156],[129.208737583768,35.844765019558565],[129.2088938321435,35.844763298965866],[129.20897050912154,35.844763536111145],[129.20912654168148,35.84475546177453],[129.20924349675283,35.844754655791526],[129.20925944443698,35.84475349264343],[129.20939004214404,35.844750508940656],[129.2094280677321,35.84475161477153],[129.20951140300042,35.84475403910038],[129.20955819008577,35.84475311092215],[129.20968146546562,35.844747994605605],[129.2098031634793,35.84474499883512],[129.21004059044273,35.844742189684666],[129.21013510378373,35.84473546451621],[129.21094287412714,35.84471276272226],[129.21106718584085,35.844706120065325],[129.2111238673619,35.844704669320585],[129.21117302447377,35.844704223054194],[129.21127323104415,35.84470314690749],[129.2113572632209,35.84470119767635],[129.21139568064925,35.844699778699834],[129.2114711888677,35.844697573903275],[129.21149321978461,35.84469879715415],[129.21155113163002,35.844697974932906],[129.2117298270846,35.84469585992412],[129.21175562687253,35.84469491353251],[129.2118718767479,35.844691186175154],[129.21195247650954,35.844688882037055],[129.21205799718658,35.84468815642871],[129.2121280817338,35.844686050848296],[129.21221133592962,35.8446829307585],[129.21229160145145,35.844679815853944],[129.21237175935306,35.84467786369738],[129.2124251203246,35.84467650829119],[129.21251956849906,35.84467453996312],[129.2125384957684,35.844674146222495],[129.21261234809506,35.84467365599257],[129.21262907332206,35.84467353648153],[129.2126786648061,35.844669934460526],[129.2128396452378,35.84466622668373],[129.2129715060847,35.84466382268032],[129.2131090218383,35.844660876836215],[129.21348512437334,35.84465435578584],[129.21360801992358,35.8446522462877],[129.21371851779782,35.84465006843535],[129.21379845499163,35.844648395104635],[129.21380155410856,35.844648299504094],[129.21391164554169,35.84463899330364],[129.21402394737586,35.84463255808088],[129.21405511318864,35.84463068242971],[129.21420119230086,35.84462206033685],[129.21480980683393,35.844608823599444],[129.21501498897538,35.84460199722099],[129.21518992598152,35.844597765808345],[129.21530948697148,35.84459468715035],[129.21537920085706,35.844590642645954],[129.2153951820818,35.84458964986167],[129.21556260186838,35.84458497165001],[129.21588146381058,35.84457384954638],[129.21589180144755,35.844573488627304],[129.21591364014333,35.84457319731058],[129.21602630395924,35.84456974270901],[129.21608409068781,35.84456772887684],[129.21614234110214,35.844565263563545],[129.21620467868962,35.844563782294216],[129.21626553187073,35.844561880058095],[129.2162993457927,35.84456099046713],[129.2163191147038,35.84456075685165],[129.21633269510255,35.84456020984734],[129.21641418004384,35.84455787409718],[129.21644611843402,35.84456339570766],[129.21650589802547,35.84456154033281],[129.21656329736436,35.844559544988414],[129.21662028882218,35.844558172209375],[129.2166793151453,35.84455611080928],[129.2167193497819,35.8445551648977],[129.2167845130053,35.844550704141284],[129.2167882205017,35.84455045416122],[129.21681072257894,35.84454988210538],[129.21743085263054,35.84453425919833],[129.21743058618932,35.84444005200357],[129.21742935866249,35.84440372481729],[129.21742946151264,35.84426199403717],[129.21678046666625,35.8442863206532],[129.216635951609,35.84429173462941],[129.21657204423465,35.844293885856985],[129.21648519050436,35.84429602403193],[129.21641402066143,35.84429776458121],[129.21629538813312,35.84429605703942],[129.21616889860744,35.8442992301682],[129.21606225435872,35.8443017819168],[129.21595729352532,35.84430467304139],[129.2159442442893,35.84430514695533],[129.21574772514816,35.84431012092312],[129.21548531716496,35.844317239736526],[129.2153867960999,35.844319226657014],[129.2153014740487,35.844322929425466],[129.21514186618697,35.844326331633404],[129.2150479518221,35.84432904911069],[129.21501620797463,35.84432996170865],[129.21491225562818,35.84433332779121],[129.2148848504011,35.844334061411274],[129.21463256849165,35.84434042135526],[129.21455411570471,35.84434239903347],[129.2144558953744,35.844345105657816],[129.21433466355387,35.84434828556319],[129.21410962270414,35.84435464121839],[129.2140605348183,35.844356052900835],[129.21402290264734,35.844357146890076],[129.21380615086204,35.84436287446621],[129.21369172289548,35.844377163128875],[129.21361289360067,35.84437910480761],[129.21359881438335,35.84437938201],[129.21356840904207,35.84437998543791],[129.21354436811833,35.84438046046465],[129.2135126898781,35.84438108414968],[129.2133967855759,35.84438552447182],[129.2133416742469,35.844386261532335],[129.21329387934992,35.84438689554699],[129.21325078869847,35.84438747619027],[129.21310082917194,35.8443894707596],[129.21297992814732,35.844392216115885],[129.21293000142848,35.84439455710065],[129.21285372157482,35.84439784567087],[129.21276914036847,35.844401329038575],[129.21271223508634,35.844401789577084],[129.2126037318968,35.84440469301214],[129.2124875919508,35.84440796124624],[129.21240167908374,35.84441018494329],[129.21231399610954,35.84441277218458],[129.21220349851947,35.844414948744664],[129.21212843335553,35.84441715322435],[129.2120374298951,35.84441984522181],[129.21196491085306,35.8444221352632],[129.21194520904123,35.844422620394965],[129.21175787756349,35.844427905210516],[129.21173063864074,35.8444287639954],[129.2114706217113,35.84441942204392],[129.21138028438818,35.84442287844244],[129.21134609306873,35.84442337075837],[129.21120300228554,35.84442764013972],[129.2110567132262,35.84443218530352],[129.21091280846568,35.844434211645876],[129.21081623167635,35.84443903036963],[129.2106361891562,35.84444643670258],[129.21049493770002,35.84445144106487],[129.21042547410312,35.844453896100646],[129.21036236360277,35.844456123753474],[129.21010647944905,35.844465184209305],[129.21000917891223,35.84445995460087],[129.20974779313752,35.844464706850964],[129.20957988681627,35.84446962114236],[129.20944240724907,35.84447363537316],[129.2093969825561,35.84447484053656],[129.20935056166516,35.84447605641848],[129.20931580688793,35.8444769727191],[129.20925356926736,35.84447861246743],[129.2090516151132,35.84448390032119],[129.2089076372649,35.84448767281444],[129.20878261945816,35.84449089871709],[129.20867505653288,35.84449367080844],[129.20862192811,35.84449504217365],[129.20858253561346,35.84449606539374],[129.20848409479555,35.8444992722181],[129.20846182553797,35.84450000453897],[129.20836326561775,35.84450423889483],[129.20830408155584,35.8445053051069],[129.20821139352114,35.84450729413149],[129.20810758164973,35.84450954554936],[129.2079750579292,35.844512404992585],[129.2078911370385,35.84451454093009],[129.20775577005406,35.844517990827846],[129.20773281396183,35.84451851690504],[129.20764552764868,35.84452050523457],[129.207534667067,35.84452367851284],[129.2074100401713,35.844528299255465]]]]},"properties":{"present_sn":"47130UQ151PS201401070002","lclas_cl":"UQS115","mlsfc_cl":"","sclas_cl":"","atrb_se":"UQS115","wtnnc_sn":"47130URZ202404090002","ntfc_sn":"47130NTC202404090001","dgm_nm":"대로2류","dgm_ar":"0","dgm_lt":"0","signgu_se":"47130","grad_se":"대로","road_ty":"2","road_no":"2","road_role":"PMI0004","excut_se":"EMA0002","sig_nam":"47","lcl_nam":"대로2류","mls_nam":"미분류","scl_nam":"미분류","atr_nam":"대로2류","pmi_nam":"국지도로","exc_nam":"미집행","_layer":"LT_C_UPISUQ151","_layer_nm":"도시계획시설_도로"},"id":"LT_C_UPISUQ151.176588"},{"type":"Feature","geometry":{"type":"MultiPolygon","coordinates":[[[[129.2217954561328,35.836043125620826],[129.22131146523242,35.83593119323573],[129.22106833510776,35.83587496702093],[129.22108491353643,35.83588249822809],[129.22109491288538,35.83588832006513],[129.22110426111675,35.83589482804219],[129.22111024043204,35.835899792022815],[129.2211600062739,35.835905351913866],[129.22120260892143,35.83595024647575],[129.22120148255792,35.83597927784005],[129.22119879325066,35.83599942572359],[129.22119879339974,35.835999479798396],[129.2211534970752,35.83602535641268],[129.22112616997964,35.83604133146899],[129.221126203084,35.83604129535843],[129.2209007926596,35.836174019807814],[129.22087923454788,35.83618291846496],[129.2208214491361,35.83621532478657],[129.2207070827695,35.83627947723564],[129.22064463372254,35.83631450560748],[129.22058321235622,35.836348955272435],[129.22037412973344,35.83647112234751],[129.22031255629568,35.83650670772718],[129.2202280364071,35.836553546408325],[129.22015563962572,35.836593657662874],[129.22011822004686,35.83661439143382],[129.21997047935488,35.836697656340974],[129.2198917383046,35.83674107754917],[129.21984653508576,35.83676892724003],[129.21980065779607,35.836797183701414],[129.21956386162066,35.836969112718634],[129.21946723197374,35.83704011735596],[129.2193665278897,35.83711473430662],[129.21928401298197,35.83717476300334],[129.21912413489858,35.83731706278728],[129.21909648717335,35.83734158182168],[129.21895036458542,35.837471130797304],[129.21893306705982,35.83748810561747],[129.21886179063506,35.83755807251158],[129.21878205959644,35.8376367517233],[129.21870778272168,35.837722703131995],[129.21863999245687,35.8378008199136],[129.2185547160524,35.83791210724362],[129.2184836893195,35.838004929185736],[129.2184617284762,35.8380287979152],[129.21833035209795,35.838217324406926],[129.21827458709376,35.83829760030615],[129.21824606845064,35.83833989338304],[129.21818348433555,35.838436133680666],[129.2181465209196,35.838478595172724],[129.2181205517757,35.83852639927848],[129.21808726983684,35.83858767223595],[129.21807843873543,35.83860448747067],[129.2180403686228,35.83867555662957],[129.21799086965703,35.83876877207693],[129.21791972731756,35.83890105064935],[129.2179111710432,35.838917198450424],[129.21784777537627,35.83903689958836],[129.21780104271966,35.839125910143004],[129.21778891794582,35.83914450674797],[129.21775539764243,35.83920786192664],[129.21766704886642,35.839374905513345],[129.21761388579222,35.83947643692015],[129.21753240026553,35.83963174278465],[129.21740877543675,35.83986421730502],[129.21737393506243,35.83992671855424],[129.21731587470236,35.84003893844037],[129.21729160666294,35.840085838050264],[129.2172662524184,35.84014037319924],[129.21725794332878,35.840170237543624],[129.2172502654311,35.84020020890414],[129.21724324086296,35.84023028724112],[129.2172368695764,35.84026045452981],[129.2172311294594,35.84029071982245],[129.21722605362066,35.840321047009716],[129.2172216199727,35.840351454156355],[129.2172163599698,35.84039552574711],[129.21719600341092,35.84044815026808],[129.2171667266687,35.84050119635758],[129.21714841979542,35.840517776175176],[129.21710661658295,35.840555667666784],[129.217498558495,35.840540165256456],[129.21754654890793,35.84053902452114],[129.2175476371927,35.840466868433076],[129.2175658584292,35.84034528398723],[129.21759404268727,35.84022012167987],[129.21760967311366,35.84015134616365],[129.21768602589518,35.840013344496164],[129.2177840872371,35.83981953430764],[129.21785999652246,35.839677405592454],[129.21795811785643,35.839493761254],[129.21798105635665,35.83945065816706],[129.21803714734193,35.839347381908176],[129.21810048062557,35.8392291768655],[129.2181394308039,35.83915604224266],[129.21816079449528,35.839115943123886],[129.21816784214442,35.839102654991144],[129.2181942374983,35.83905278624638],[129.21835729046347,35.83874936537195],[129.2184386651046,35.83861522951491],[129.21849788895378,35.83851257824841],[129.21854429008425,35.83843636577853],[129.2185778637166,35.83838480765254],[129.2186186120545,35.8383301002005],[129.2186364662693,35.83830611268879],[129.2186915457643,35.83822623441175],[129.2187623766077,35.83812653615902],[129.21878586444117,35.838098473796784],[129.2189487424988,35.837902833011285],[129.21898643992546,35.83785785545063],[129.21902578110445,35.83781091017516],[129.21903551161955,35.837799311484645],[129.21908876283993,35.83774733906352],[129.21934317166003,35.837518663339836],[129.21945232467777,35.83742505074059],[129.2196273383158,35.83727676578099],[129.21964576692395,35.83726468260116],[129.2198940703743,35.83709119137815],[129.21994446665985,35.83705597802129],[129.22020004600492,35.83690463470314],[129.22035650526624,35.83681213383867],[129.22067968972365,35.8366256257082],[129.22095713060585,35.83646803127797],[129.22101776597464,35.83643354680842],[129.2212007573563,35.836326414126425],[129.22131092019987,35.83626322422386],[129.2214806399614,35.836164001337465],[129.2216100641258,35.83609004199674],[129.2216355144087,35.8360798202519],[129.22165248698317,35.83607374176376],[129.22166970439443,35.83606814950033],[129.2216871555995,35.83606305249435],[129.22170480741994,35.836058459818894],[129.2217226598311,35.836054362461475],[129.2217406686113,35.83605077852807],[129.22175881162514,35.83604770805916],[129.2217770888977,35.836045160067236],[129.2217954561328,35.836043125620826]]],[[[129.2235986529967,35.86786141685106],[129.22388646211851,35.8671455920822],[129.2238030563998,35.86714630522671],[129.2237718661908,35.86714648010233],[129.22368966671627,35.86714696562463],[129.22367536151637,35.86714704615692],[129.22365931799789,35.867147138914646],[129.22344692977106,35.86666302132168],[129.223417066345,35.86659494224478],[129.22336290813277,35.8664703998641],[129.2233123152782,35.86635378184397],[129.22328701928362,35.866295608011185],[129.223261723075,35.86623734404811],[129.22324166469485,35.86619123724194],[129.22323664909925,35.866179350042984],[129.22318315201588,35.866053454481204],[129.22308819597762,35.86583030072096],[129.22304796240635,35.86573574401371],[129.2229790856965,35.86557364659069],[129.22288892285368,35.865361659277184],[129.22263723810715,35.86476977830723],[129.22261420185404,35.864715610705],[129.22258478300492,35.86464762070305],[129.2225411830484,35.864544472104285],[129.22253975643625,35.86454108604052],[129.2224913080531,35.86442632025605],[129.22248001803413,35.86439961003776],[129.2224490457692,35.86432634154841],[129.22244312773645,35.864312347053946],[129.22237614571858,35.86415385074609],[129.2222918886628,35.863954289280116],[129.22228695270394,35.86394306881302],[129.22228317695954,35.86392701552917],[129.22225980731525,35.86387222660273],[129.22224441059234,35.86384181076789],[129.22222392658585,35.86379350551045],[129.22222267839885,35.8637905697382],[129.22218467724335,35.863701776586005],[129.2221466759234,35.86361289329603],[129.22209597122313,35.86349456253772],[129.2220424800149,35.86336947751704],[129.22194976296984,35.86315289774032],[129.22191356776835,35.86306833703993],[129.22188446013988,35.86300034627469],[129.22184200238857,35.862901196833214],[129.22175775831056,35.86270135553585],[129.2217190746275,35.8626095983663],[129.22166435701473,35.862481000540335],[129.22160618545863,35.862344478038004],[129.2215481248189,35.86220795530086],[129.22153159836944,35.86216915983401],[129.22146053377404,35.862002360929054],[129.2214216149972,35.86190140234627],[129.22135927913007,35.86174001290377],[129.22134476014708,35.86170242140567],[129.22132738641866,35.86165742687519],[129.22129674174224,35.86157772254542],[129.22128701749227,35.861552415282354],[129.22122257350105,35.8613851715066],[129.22120650437466,35.86134347313583],[129.2211943147248,35.86135553609377],[129.22101921202582,35.86098366798334],[129.2209926894661,35.860917087210986],[129.2209086683373,35.8607162534652],[129.22083988302447,35.860539950835694],[129.220825888734,35.86050376425493],[129.22079868392265,35.860434562048816],[129.22077025245298,35.860362144620304],[129.22075633982038,35.860327444939834],[129.2207351013983,35.860293993335304],[129.22059470186383,35.85995474044271],[129.2205946795973,35.85995469542088],[129.22059455701984,35.859954407245205],[129.2205928183214,35.859950201589115],[129.2205869556747,35.859927933436836],[129.22058178669042,35.859908295662585],[129.2205807685921,35.859904440178916],[129.2205765647582,35.85988953219489],[129.22056681530356,35.85985490601009],[129.22056285826602,35.85984116919751],[129.22055908827545,35.8598270084573],[129.22055505051833,35.859812100169535],[129.22051628552614,35.85970184009561],[129.2205114773849,35.85968860051876],[129.22049407097646,35.859639442146026],[129.22044971643115,35.85952561428204],[129.22041626754108,35.859440101758615],[129.2203820959165,35.85934537978867],[129.22037961893886,35.859338408643346],[129.2203723886522,35.8593179905278],[129.22026095959492,35.859000701888185],[129.22022637523838,35.858916804604874],[129.220165193298,35.85877071554289],[129.22018321895501,35.858743167635424],[129.22019152717715,35.8587409084052],[129.22014541480164,35.85860345288938],[129.22004588258946,35.85832010138133],[129.21970982655498,35.85729247831199],[129.21957072218385,35.85686878374104],[129.219506657713,35.85678486762283],[129.2195061665502,35.856783390466965],[129.219492996097,35.856744372291814],[129.21943316689743,35.85656558305823],[129.21939320669853,35.85644624014231],[129.21938729060608,35.8564284962807],[129.2193269048958,35.85624844624558],[129.2193228530803,35.8562363408145],[129.21928839579772,35.85613333652417],[129.219249440533,35.85601696584895],[129.219236380844,35.855977875339626],[129.21916371780407,35.855761166648314],[129.21909819775968,35.855565444055834],[129.21904674176312,35.855411694132854],[129.21902932952472,35.85535972362508],[129.2190087649057,35.8552641744465],[129.21897216268837,35.855149719062396],[129.21893962497074,35.855052019530845],[129.2189180261802,35.854987150701845],[129.21889601456655,35.854921092967174],[129.21887350400317,35.85485473871834],[129.21881184995826,35.854687740746634],[129.21880775500858,35.85466788463525],[129.21878022012746,35.85457776451628],[129.21873832419553,35.85445422502187],[129.21864006257556,35.854190544095594],[129.21861133346252,35.85411298048182],[129.21859040711746,35.85404281102574],[129.21858529563764,35.85401145680852],[129.2185223619636,35.85382128987121],[129.2184837138737,35.8537193112858],[129.21843609806862,35.85358047879335],[129.21842633145266,35.85354298645552],[129.21838305506202,35.85343652797001],[129.21836535213595,35.853379123342215],[129.21836389596473,35.85334441888123],[129.21832671526926,35.85323639020861],[129.2183243497354,35.85322955399939],[129.21826023569633,35.85304859077821],[129.2181424827263,35.8527401975348],[129.21796838719763,35.85220935127441],[129.21771651315638,35.851441318793135],[129.2176006765623,35.85116843970676],[129.21754843525716,35.85101280682133],[129.21752651653173,35.85094751468285],[129.21750146240007,35.85088942014439],[129.21746743560698,35.85077605910528],[129.21746379848787,35.850753381201436],[129.21745432690736,35.850730497484236],[129.2174456030808,35.850705764861424],[129.21744097346198,35.850692650994084],[129.21740436054776,35.850588964984674],[129.21738059714295,35.85052098139415],[129.21735404482342,35.85044508082793],[129.2173223270029,35.8503543639836],[129.21729220470644,35.85026824063492],[129.21727229004242,35.8502070275011],[129.21726429752977,35.85018250984935],[129.2172119749682,35.84999230501346],[129.21720228890504,35.849926954791904],[129.21719090474545,35.849831361690576],[129.2171884894374,35.84980198529894],[129.21718674208117,35.8497208579724],[129.21718968292012,35.84967451045306],[129.21719211412739,35.84963618496729],[129.21719712626495,35.84955759603989],[129.2172084087095,35.8495052943108],[129.21722121748653,35.84943208085471],[129.21723532342858,35.84935143877253],[129.2172451125332,35.84929547163451],[129.21725419317355,35.8492435974396],[129.2172731069031,35.84913566589792],[129.21728282002982,35.84908027569099],[129.2173084497945,35.84893846312587],[129.2173229320249,35.84886193906114],[129.21732897816577,35.84883001495795],[129.21740975702025,35.848402281027184],[129.21742026619773,35.84834660097232],[129.21742027716962,35.84834656490263],[129.21744405658504,35.848220626621504],[129.2174440575522,35.84808625031153],[129.21744405062034,35.84801428554605],[129.21744395824393,35.84787406028938],[129.21744394326942,35.84783587437086],[129.21744242801083,35.84766078231921],[129.2174424974381,35.84763331210577],[129.21744196742074,35.84748273226814],[129.21744167398361,35.84739899768962],[129.21743927438334,35.84711002530216],[129.2174391570455,35.84709532613026],[129.21743753778486,35.84705743148976],[129.21743721576473,35.84697948297989],[129.21743705107133,35.84687382075667],[129.21743716205143,35.846812679774175],[129.21743676112854,35.84674237400089],[129.2174371668344,35.84666336971688],[129.2174368392976,35.8465793017257],[129.2174359993424,35.84650221032771],[129.21743475899555,35.84639583804169],[129.2174333967669,35.84622408930955],[129.21743515937104,35.846049459969784],[129.21743653377996,35.84596437951154],[129.217437084705,35.84588994429323],[129.21743375448352,35.84575989090427],[129.21743300284407,35.84570720518484],[129.21743255122195,35.84560185889217],[129.21743260515058,35.84554416978649],[129.21743273064962,35.84537404961872],[129.2174315710914,35.84489729946089],[129.2174315875596,35.844797206600624],[129.2174313570283,35.84471624772154],[129.21743085263054,35.84453425919835],[129.21681072257894,35.84454988210536],[129.2167882205017,35.84455045416122],[129.21680929557473,35.844566602851835],[129.2170292755884,35.84473520188576],[129.21704189963427,35.84474529126755],[129.21708640143473,35.844779350785565],[129.21709905760468,35.8447890345411],[129.21709708580002,35.84534059408155],[129.2170975178035,35.845348884806306],[129.21709801819284,35.84535381374584],[129.2170963092166,35.845372670961716],[129.21709700737532,35.84542204018269],[129.21709852629812,35.84552926817789],[129.21709820461007,35.84554946576655],[129.21709942788183,35.84565379226514],[129.21710041386166,35.84567862894417],[129.21710167004397,35.845758306196196],[129.21710355021472,35.84582723041607],[129.2171053549453,35.84599096625905],[129.21710554664753,35.846114950860404],[129.21710632037957,35.84622903869157],[129.21710816166168,35.846254964345725],[129.21711181810957,35.84645664848406],[129.21711208747317,35.846482549920296],[129.2171123571054,35.84650855049345],[129.21711239977935,35.84651204726614],[129.217111570016,35.84665124678592],[129.2171115154514,35.84666789296734],[129.21711237312812,35.8467843599366],[129.21711083620627,35.8469199467075],[129.2171131571605,35.84704127779461],[129.21711465193547,35.8471191160507],[129.21711445600468,35.847165323474954],[129.21711420872344,35.8472252750489],[129.21711413536306,35.84724315597454],[129.21711622652003,35.84735728648242],[129.2171161873165,35.8474450322208],[129.21711617748787,35.84748638157289],[129.21711740609527,35.8475640310383],[129.21711816522097,35.847611372319854],[129.21711772694772,35.84766619612162],[129.21711781487383,35.84768231931976],[129.21711801977003,35.84771711620016],[129.21711872271112,35.84784183887289],[129.21711887955863,35.84797746764298],[129.21711903103048,35.8481192880041],[129.21711907043888,35.84815020079331],[129.21711740931778,35.848166309103725],[129.2170851028292,35.84834433681995],[129.21708428424222,35.84834863724889],[129.21708114058245,35.84836504563061],[129.2170712733469,35.84841668690646],[129.21703485123314,35.848607916278375],[129.21702777029628,35.84864609689576],[129.21701190642898,35.84873166293842],[129.21699583122583,35.848808685511955],[129.21697465385193,35.84892291179691],[129.2169703551897,35.84894613569129],[129.21695205202906,35.84904256615188],[129.21694949806044,35.84905600836033],[129.21693932594465,35.849109587852595],[129.21690770360823,35.849274816526176],[129.21690380690896,35.849295236810626],[129.2169020822106,35.849304234371424],[129.21689758507983,35.84932776504236],[129.2168723811632,35.849467720175],[129.21686160049703,35.849537820648585],[129.21686108582324,35.84955627014535],[129.21685854410117,35.84964794077178],[129.2168584580447,35.84968980395759],[129.216860915288,35.849882108132434],[129.21686708688839,35.84993332408054],[129.21686859325214,35.84994592084561],[129.2168816209278,35.850010814479695],[129.21689061471776,35.85005769035745],[129.21690341836066,35.85010931800033],[129.2169211615402,35.85019454437023],[129.2169584291327,35.850295011901295],[129.21702951541343,35.85049766548334],[129.21703978202635,35.85051986285961],[129.2170459803634,35.85053999466005],[129.2171199565631,35.85078769644091],[129.21716781931383,35.85093743419763],[129.21719586247522,35.8509915669561],[129.21720802561325,35.8510150316726],[129.2172082593285,35.851015490890084],[129.21726114711242,35.85117299736167],[129.21728349064324,35.851239874981815],[129.2172893724218,35.85125752890055],[129.21737043877184,35.85150255907654],[129.21746405646303,35.85172208831782],[129.2176762102903,35.852392785785234],[129.2178284942127,35.852874175143064],[129.21793216823065,35.853183882836674],[129.2179845323119,35.85332278809694],[129.21802186750844,35.853422651282486],[129.2180415296921,35.853475996810445],[129.21805841523482,35.85352193907479],[129.2181332918846,35.853732200604675],[129.218149891078,35.853778648069586],[129.21819914399498,35.85391713524431],[129.2182308774083,35.85400861783235],[129.2182332091331,35.85401522879135],[129.21823987533676,35.85403621585971],[129.2182749164338,35.854143049743946],[129.21828763635745,35.854183682119256],[129.21832130207324,35.85428950005784],[129.21834153368243,35.85435259601054],[129.2183548304238,35.854377365360925],[129.2183883452766,35.85448056992842],[129.21840710129234,35.85453025795282],[129.21845424815592,35.85465524810288],[129.21847425053838,35.85470727711087],[129.21847876065456,35.85472107609365],[129.21852053767273,35.85483357559384],[129.21853237134644,35.85486983848366],[129.2185844063934,35.855029382624615],[129.2186014163121,35.85508010119192],[129.21863347169318,35.85517563869063],[129.21864378807155,35.85520757831672],[129.21869365123337,35.85537027168295],[129.21873100132828,35.85548708706681],[129.2187437072331,35.855530531304346],[129.21875706209045,35.855572424219496],[129.21877545699908,35.85562753834489],[129.21878615026512,35.8556596124618],[129.21884576205966,35.855832544327136],[129.21891162546547,35.85602847371494],[129.21896499331575,35.8561930892738],[129.21896562966435,35.85619503481838],[129.21898435676394,35.85625006719195],[129.21904013651977,35.85641401142112],[129.21908288456922,35.856536873287894],[129.21912710328894,35.85667119635029],[129.21913982864925,35.85670945832414],[129.21916880688227,35.856796619617604],[129.21927663082474,35.8571181067382],[129.21939606704737,35.85749143951222],[129.21944273281846,35.85762550564772],[129.21945893536505,35.85767207078071],[129.21953071763497,35.85788559040024],[129.21960539564694,35.858121437637415],[129.2196904452927,35.85837256016074],[129.21981239165632,35.85873127864884],[129.21982167412364,35.85875727179581],[129.21992742546522,35.859067910960235],[129.22002501221576,35.859348156763694],[129.22009072440764,35.85953930002955],[129.22014175072547,35.85969209485076],[129.22016231322303,35.85975370277413],[129.2201797730204,35.8598062407762],[129.22019433042763,35.85985008701781],[129.22020954642718,35.85989588776602],[129.22030289865597,35.860145282289515],[129.2203598377195,35.860289964016154],[129.22076317668038,35.86122597630386],[129.22079186917998,35.861292562175244],[129.22094374523485,35.86164501509383],[129.22104870442485,35.86189425256871],[129.22107507251823,35.86195687712341],[129.22140347454666,35.86273718023516],[129.22143057886052,35.86280158782402],[129.22168382686104,35.86340376091968],[129.22173859624263,35.8635268159509],[129.22174600543764,35.863547603152014],[129.22188348913522,35.863853351458424],[129.2219075859853,35.86390695849083],[129.222330083732,35.86485520472218],[129.222366928241,35.86493788948238],[129.2228700160303,35.86608376404024],[129.22289345150432,35.86613794886928],[129.22300330762454,35.866391879912044],[129.22309664744162,35.86659908463305],[129.22337022711852,35.86723311135965],[129.22346814640136,35.86748564901433],[129.2235986529967,35.86786141685106]]],[[[129.21741038837587,35.841153696880426],[129.21709081855,35.84113941803944],[129.2170890451746,35.841338958104394],[129.21708693520992,35.84139775947789],[129.21708671547836,35.84148426190201],[129.21708607524033,35.84160352553675],[129.21708484639367,35.84175887629621],[129.21708208608555,35.84207637377452],[129.21707909465619,35.84241890838744],[129.21707856162817,35.842479626584485],[129.21707585072346,35.84279085123323],[129.21707785147376,35.84291255249229],[129.217078290988,35.84293998576438],[129.2170784660531,35.842951503429724],[129.21707914409922,35.842993455416625],[129.21708002798687,35.84307874816222],[129.21708048525826,35.843137283550156],[129.21708058854904,35.84315091026961],[129.21708129808988,35.8432331300622],[129.21708453918254,35.84334277937055],[129.21708457326855,35.84336764480472],[129.21708464375382,35.84341414018008],[129.21708465884853,35.843440168260855],[129.217084709374,35.84347110809188],[129.21708477052246,35.84351824337085],[129.21709211244604,35.843539860204594],[129.21709267219873,35.84365670629467],[129.2170933616364,35.8437110414343],[129.21709378678503,35.843765881747686],[129.21709459135423,35.84382185695505],[129.21709447890817,35.84386210699119],[129.21709543796487,35.84400379081369],[129.21709050205567,35.84400821579553],[129.21706201294828,35.84403377228651],[129.21703479388572,35.84405826301748],[129.21680209862186,35.84426690501738],[129.21678046666625,35.8442863206532],[129.21742946151264,35.84426199403717],[129.21742961415504,35.84404471136276],[129.2174256485968,35.84377415416833],[129.21742009226682,35.84367627035368],[129.2174214439566,35.84356647762098],[129.21742145184513,35.843536718323676],[129.21741621251752,35.843392428559014],[129.2174164388893,35.84338201871157],[129.21741622500443,35.84332761061669],[129.217415779143,35.843265208848045],[129.21741504702283,35.84321154070853],[129.21741500540466,35.84318801815048],[129.2174146146164,35.84316227013151],[129.21741227352777,35.84313164084007],[129.21741113714523,35.84310034245856],[129.21741184325543,35.84304640135818],[129.2174126188873,35.84298543939235],[129.21741322334148,35.84293891576386],[129.2174140920241,35.842871446602196],[129.2174149332881,35.84280611345234],[129.2174161787237,35.842710209162966],[129.21741666831045,35.842690732262625],[129.21741818121754,35.842607751421355],[129.21742085857355,35.84246024796986],[129.21742204188791,35.84239451765073],[129.21742229143882,35.842359990298526],[129.21742253695905,35.842323975890196],[129.21742279171585,35.84228728552722],[129.2174230335685,35.84225400191388],[129.21742393862343,35.842216291968924],[129.21742376746178,35.842149058992646],[129.21742399629093,35.84211505440153],[129.2174242255902,35.8421057260472],[129.2174243535514,35.842075344663996],[129.21742486956967,35.84202478358522],[129.21742478452492,35.84197707153756],[129.2174247389922,35.84189493164963],[129.21742471710544,35.84185418615384],[129.21742467125028,35.841747424100674],[129.21742467076174,35.84174724385146],[129.21742472362004,35.84173815915123],[129.21742431089928,35.84170840060058],[129.21742431070385,35.84170832850088],[129.21742340040865,35.84164200711005],[129.21742194263902,35.841549298086214],[129.21741864425834,35.841357391717885],[129.21741038837587,35.841153696880426]]]]},"properties":{"present_sn":"47130UQ151PS201401072179","lclas_cl":"UQS115","mlsfc_cl":"","sclas_cl":"","atrb_se":"UQS115","wtnnc_sn":"47130URZ202208250002","ntfc_sn":"47130NTC202208250001","dgm_nm":"대로2류","dgm_ar":"112077","dgm_lt":"7681","signgu_se":"47130","grad_se":"대로","road_ty":"2","road_no":"1","road_role":"PMI0001","excut_se":"EMA0003","sig_nam":"47","lcl_nam":"대로2류","mls_nam":"미분류","scl_nam":"미분류","atr_nam":"대로2류","pmi_nam":"주간선도로","exc_nam":"부분집행","_layer":"LT_C_UPISUQ151","_layer_nm":"도시계획시설_도로"},"id":"LT_C_UPISUQ151.177177"},{"type":"Feature","geometry":{"type":"MultiPolygon","coordinates":[[[[129.2229017346528,35.84439537061465],[129.22289469814353,35.8443129822898],[129.22289377614223,35.84429189473785],[129.2228917202737,35.84424517772381],[129.22288993822468,35.84418944770441],[129.22288777889793,35.84412143434129],[129.22288342291822,35.84398790414404],[129.22287768335374,35.84385836903057],[129.2228706829922,35.84371726418519],[129.22286356532686,35.84354987008546],[129.22286139231832,35.843472934363135],[129.22285598039267,35.84336567753812],[129.2228461018002,35.843176631471],[129.22284468630735,35.84316117763739],[129.22284156312878,35.84310079962638],[129.22283376401765,35.84295501874329],[129.222832653928,35.842937933083526],[129.2228300084815,35.842882168591196],[129.22279500941005,35.84214533475338],[129.22279225824164,35.842087353371554],[129.22277116807706,35.8416435444112],[129.22279655374015,35.84154572100329],[129.222776658882,35.84109385262257],[129.22275645798348,35.84063532452564],[129.2227560720965,35.84062789893129],[129.22273651626696,35.840250112652996],[129.22271460960727,35.83995043306034],[129.2227106643448,35.83986496570684],[129.2227001734099,35.83963845564974],[129.22269430947992,35.83951173256343],[129.2226905613562,35.839441441903006],[129.2226852130268,35.839340953273364],[129.2226729513013,35.83904666337868],[129.22266066899917,35.838693089223234],[129.22265606811678,35.83866645671449],[129.22264430339683,35.83835973761827],[129.22263444226587,35.83826030272366],[129.22262738016977,35.838176364192584],[129.2226244123052,35.8380681203999],[129.2226191160771,35.83787466760745],[129.2226061767837,35.83749557115512],[129.22257352450745,35.83668137787383],[129.2225669728999,35.83651806518383],[129.2225598503031,35.83634042364462],[129.2225709164579,35.836088422448526],[129.22256364228554,35.83588405907431],[129.22255602558528,35.83578361961368],[129.22255634157057,35.83577783299893],[129.22254710697746,35.835545011701264],[129.2223574587154,35.83533754984702],[129.22225959411864,35.835392642911394],[129.22216708970564,35.835444986249165],[129.22214979522641,35.835454661394394],[129.22213230084796,35.83546409356624],[129.22211460654535,35.83547327375216],[129.22209671231866,35.83548220195209],[129.22207862921093,35.83549086913313],[129.2220603683151,35.83549928428735],[129.22204192960638,35.835507438402246],[129.22202331305976,35.835515322465206],[129.22198665219256,35.835529899880775],[129.22131146523242,35.83593119323571],[129.2217954561328,35.83604312562079],[129.22180821576328,35.83604248937886],[129.22182351072223,35.8360421278753],[129.22183881792037,35.836042189935455],[129.2218541152967,35.83604270263731],[129.221869369573,35.83604363900437],[129.22188458079933,35.8360450170616],[129.22189972679016,35.83604681882463],[129.22191478543485,35.83604905334658],[129.22192973457288,35.83605171165561],[129.2219445631366,35.83605479377207],[129.22195926005807,35.836058299716306],[129.221973781041,35.83606222055711],[129.2219881371286,35.83606654726179],[129.2219996346727,35.83606978869573],[129.22201307172537,35.83607397288351],[129.22202632167208,35.83607853593867],[129.2220393623522,35.83608346888943],[129.2220521937909,35.83608878074832],[129.2220647827095,35.836094444538965],[129.22207712910821,35.83610046026143],[129.2220891998083,35.83610683698922],[129.2221009947101,35.8361135386725],[129.22211250277059,35.83612057434419],[129.22212369076112,35.8361279350528],[129.22213455865673,35.83613561178604],[129.22214509536465,35.83614359555179],[129.22215527869898,35.836151868365846],[129.2221651086348,35.83616042121583],[129.22217456303628,35.83616925414249],[129.22218363078548,35.83617834914133],[129.22219230078937,35.83618769722022],[129.2222005619551,35.836197289387215],[129.22220841420764,35.83620709860486],[129.2222158465039,35.83621713390613],[129.222222836658,35.83622737730681],[129.22222938461985,35.83623781078204],[129.22223547927143,35.83624841632729],[129.2222411206126,35.836259193942595],[129.2222462864574,35.83627012564378],[129.2222509878486,35.83628120239807],[129.2222552136432,35.83629239718852],[129.222258952773,35.83630371003546],[129.2222622162559,35.8363151228937],[129.22226497083784,35.83632661779929],[129.22226723862963,35.836338185699184],[129.22226901958098,35.83634980856846],[129.22228136795374,35.83643241259603],[129.22228982587194,35.836489031683854],[129.2222943821102,35.83659550614359],[129.22230050043635,35.836738460379166],[129.22230368387687,35.83681284380223],[129.22230666650458,35.83688265824985],[129.22235616426113,35.83824072559909],[129.22236096279053,35.83829478282457],[129.22237009375792,35.83836651462989],[129.22240967543286,35.839293153076135],[129.22241216117393,35.83935135128261],[129.22243985031298,35.83991663694389],[129.22245318464513,35.84027865383496],[129.22246473766182,35.840656851426026],[129.22249005992242,35.841102770672634],[129.22250661818242,35.84142976797541],[129.22249625493356,35.84152448142123],[129.22247981384885,35.84167467800631],[129.22248037269614,35.841684608758385],[129.22250892562099,35.84218969808114],[129.2225438939786,35.84286056053938],[129.22254772868493,35.84293411353068],[129.22255095560521,35.842996059535984],[129.22255385092916,35.84301429551448],[129.2225702697844,35.84333867032114],[129.22258169391762,35.843550389017146],[129.2225923988811,35.84386988051583],[129.2225988781569,35.844046747936495],[129.22260103942287,35.84408763367551],[129.22257229550885,35.84411647248868],[129.22251865837566,35.844161714773065],[129.22247725727914,35.84419668731878],[129.22243147713232,35.84419731224952],[129.22230032404377,35.844199085442916],[129.22228306739808,35.84419912616363],[129.22222993596586,35.844199250811954],[129.22199432723315,35.844206343617266],[129.22168605811504,35.84421248762632],[129.2212086804735,35.84422467211883],[129.221032728235,35.844229617120924],[129.22066458741506,35.84423223584146],[129.22054232891938,35.844232233455486],[129.22049748789433,35.84423223407508],[129.22041060958801,35.8442334198064],[129.22041060971185,35.84423346486865],[129.2204143284551,35.844338012115635],[129.22041075353707,35.844338162828485],[129.22040838502528,35.844338266280936],[129.22039669735972,35.84433875622278],[129.220384910097,35.84433925535742],[129.22037300109895,35.84433976372516],[129.2203612470431,35.84434026279698],[129.2203490281351,35.844340780739316],[129.22033220498264,35.844341487315496],[129.22031842550655,35.844342071184236],[129.22016711830918,35.84434496926225],[129.22015824127348,35.84434512060365],[129.22015577296625,35.84434516114521],[129.22013857232426,35.84434545380617],[129.22013309334938,35.844345544887766],[129.22006478671886,35.84433785531354],[129.22004976124788,35.8443361612551],[129.21993650904594,35.84433880055987],[129.21992517494527,35.84433905548814],[129.21988142144596,35.8443400813262],[129.2198704526248,35.844340335585436],[129.21984971036932,35.844340814891225],[129.21984193293054,35.84424137607613],[129.21984170213727,35.84423794273265],[129.21984170201372,35.84423789767037],[129.2198417572603,35.84423786151996],[129.21977344122496,35.84423881478535],[129.21978037769276,35.8443424279206],[129.21978652845988,35.84439359873924],[129.21979405269045,35.84446932612634],[129.2203402962652,35.844458238538174],[129.2205476105944,35.84445424678196],[129.22071462317592,35.84445064363628],[129.22079973931983,35.84444858668835],[129.2208005473145,35.844448567188714],[129.22080260604295,35.84444851836892],[129.22095512885036,35.844444833182926],[129.2211045881113,35.844442099714826],[129.22129289795552,35.8444385920288],[129.22131963957804,35.844438065449005],[129.22148216725893,35.84443380251615],[129.22165003525706,35.84443135010466],[129.2218425322071,35.84442893341116],[129.22221476057356,35.84441111750994],[129.22228298382092,35.844408594852055],[129.2224881494019,35.84440420714671],[129.2229017346528,35.84439537061465]]]]},"properties":{"present_sn":"47130UQ151PS201401070044","lclas_cl":"UQS116","mlsfc_cl":"","sclas_cl":"","atrb_se":"UQS116","wtnnc_sn":"47130URZ202012050002","ntfc_sn":"47130NTC202012050001","dgm_nm":"대로3류","dgm_ar":"34884","dgm_lt":"2682","signgu_se":"47130","grad_se":"대로","road_ty":"3","road_no":"4","road_role":"PMI0002","excut_se":"EMA0002","sig_nam":"47","lcl_nam":"대로3류","mls_nam":"미분류","scl_nam":"미분류","atr_nam":"대로3류","pmi_nam":"보조간선도로","exc_nam":"미집행","_layer":"LT_C_UPISUQ151","_layer_nm":"도시계획시설_도로"},"id":"LT_C_UPISUQ151.177178"},{"type":"Feature","geometry":{"type":"MultiPolygon","coordinates":[[[[129.22405686628932,35.851565650225645],[129.22401675089029,35.85156665281078],[129.22349863792604,35.85157963387816],[129.22336920870862,35.851580684072026],[129.22330076847345,35.8515830094796],[129.2232933188054,35.85158320348123],[129.22325560554577,35.8515841833531],[129.22312596256432,35.85158798248874],[129.22301357651256,35.85159127200876],[129.22296926491387,35.85156419906365],[129.22297011249003,35.851669941037756],[129.22298774798725,35.8516582643938],[129.22300755759554,35.851644177404545],[129.22312850409293,35.85164201668615],[129.22325788153003,35.85163823606273],[129.22330324372496,35.85163705280799],[129.22337094238537,35.8516347558058],[129.22349999530732,35.85163370630519],[129.22393930339285,35.8516218625238],[129.22401741176114,35.85162092479618],[129.22405729617634,35.851620445363004],[129.22405686628932,35.851565650225645]]]]},"properties":{"present_sn":"47130UQ151PS201401070606","lclas_cl":"UQS122","mlsfc_cl":"","sclas_cl":"","atrb_se":"UQS122","wtnnc_sn":"47130URZ201904110042","ntfc_sn":"47130NTC201904110001","dgm_nm":"소로3류","dgm_ar":"597","dgm_lt":"216","signgu_se":"47130","grad_se":"소로","road_ty":"3","road_no":"11","road_role":"PMI0004","excut_se":"EMA0002","sig_nam":"47","lcl_nam":"소로3류","mls_nam":"미분류","scl_nam":"미분류","atr_nam":"소로3류","pmi_nam":"국지도로","exc_nam":"미집행","_layer":"LT_C_UPISUQ151","_layer_nm":"도시계획시설_도로"},"id":"LT_C_UPISUQ151.177212"},{"type":"Feature","geometry":{"type":"MultiPolygon","coordinates":[[[[129.22296257555746,35.851081448370316],[129.22299833579865,35.851047026840384],[129.2233325057078,35.85104221052227],[129.22341322247408,35.85103998859883],[129.22357195303718,35.851038848156456],[129.22397163447263,35.851033647599685],[129.2240113954391,35.85103267272381],[129.2240518648348,35.85103167849763],[129.22405186425556,35.85103147121144],[129.22405272046257,35.85097737666073],[129.22401138597215,35.85097777766489],[129.2233047697567,35.85098461783997],[129.22309788879485,35.85099127226176],[129.22301213285817,35.8509926560895],[129.22296031173832,35.850960036275524],[129.22296257555746,35.851081448370316]]]]},"properties":{"present_sn":"47130UQ151PS201401070656","lclas_cl":"UQS122","mlsfc_cl":"","sclas_cl":"","atrb_se":"UQS122","wtnnc_sn":"47130URZ201904110043","ntfc_sn":"47130NTC201904110001","dgm_nm":"소로3류","dgm_ar":"627","dgm_lt":"220","signgu_se":"47130","grad_se":"소로","road_ty":"3","road_no":"80","road_role":"PMI0004","excut_se":"EMA0002","sig_nam":"47","lcl_nam":"소로3류","mls_nam":"미분류","scl_nam":"미분류","atr_nam":"소로3류","pmi_nam":"국지도로","exc_nam":"미집행","_layer":"LT_C_UPISUQ151","_layer_nm":"도시계획시설_도로"},"id":"LT_C_UPISUQ151.177213"},{"type":"Feature","geometry":{"type":"MultiPolygon","coordinates":[[[[129.21694243516748,35.841013851551416],[129.21684816825513,35.84078640065709],[129.21671037198905,35.84080589823532],[129.21658328074017,35.840821924705324],[129.21651782435134,35.84083146892884],[129.21646078684844,35.840839402843066],[129.21642909702325,35.84084340700564],[129.21575620421387,35.840923080555115],[129.21573562887295,35.84092356786459],[129.21553037750706,35.84092991792257],[129.2154888096298,35.84092804525147],[129.2153730266588,35.84092216793741],[129.21534294890498,35.840920608227776],[129.21526891544946,35.84091004210667],[129.21520588665408,35.84090036663265],[129.21516924338638,35.840894005876926],[129.21513274261474,35.840887122131235],[129.21509639540835,35.840879715376126],[129.21506021288485,35.84087180361692],[129.21502420606527,35.84086336880918],[129.21498837502253,35.84085443799046],[129.21495275289072,35.84084498406452],[129.21491733974295,35.84083503406896],[129.2148821355556,35.840824578991466],[129.21484717355918,35.84081362778576],[129.21481244268566,35.840802180471684],[129.2147779650969,35.84079024602259],[129.21452000942472,35.8406823101565],[129.21383815363728,35.84041434039026],[129.2134051618613,35.840277258410815],[129.2131466672684,35.84021095832093],[129.21262673738985,35.84007920881143],[129.2125084428355,35.84005226190202],[129.21210841293507,35.83994699459534],[129.21127675345636,35.839727192210184],[129.21125377974133,35.83972049095638],[129.210929534216,35.8396386370956],[129.21064663533141,35.83956720096402],[129.21061723154972,35.839560736092054],[129.21051609666856,35.839534586505124],[129.21018856329945,35.83945196128321],[129.21012295073783,35.8394355462679],[129.210031376397,35.83941250701455],[129.20982284047116,35.839367815176146],[129.2098227851056,35.83936780625962],[129.20976603398464,35.83935812605661],[129.20954673674723,35.83932073449684],[129.2094266273859,35.83930160153565],[129.20930763577752,35.83928238540873],[129.2091507190017,35.839257097185275],[129.20912931227778,35.83925270903174],[129.20910164063847,35.83924825058526],[129.20909491921645,35.83924714464569],[129.20899375448337,35.83923043893752],[129.20891944982634,35.83921681412551],[129.20885086504998,35.83922348458421],[129.20794597129193,35.8390805359856],[129.20751093610406,35.83901115623217],[129.20744652632908,35.83919850155232],[129.20767179713883,35.83923509359742],[129.20789928415715,35.8392982142445],[129.20800713030147,35.83931345837798],[129.20829148535995,35.83936295276198],[129.2084254170216,35.83938556892331],[129.2084923343889,35.83939312332085],[129.2086109748502,35.83941352149872],[129.2086921074422,35.83942659397767],[129.20881846454054,35.83944769063347],[129.20887584627746,35.83945728007052],[129.20896456539836,35.83947209671229],[129.20904897171604,35.83947989999208],[129.20912076841344,35.839490933453284],[129.20935296019132,35.83952813224815],[129.20946580560135,35.83954598005176],[129.2095475689896,35.839558906660656],[129.2096186580113,35.8395701573495],[129.20971783772114,35.83958520766755],[129.20976100372332,35.83959749802808],[129.20979753326623,35.83960732143669],[129.20988372057028,35.83963156887286],[129.21034125839427,35.83975391249708],[129.21053168678574,35.83980253734719],[129.2106926048238,35.839842002486996],[129.21074199333592,35.839850730732984],[129.21116335169876,35.83996084114912],[129.21120524222675,35.83996777978455],[129.2112221763065,35.83997168869784],[129.21136282306333,35.84000907938795],[129.21159582427697,35.840071038803],[129.21172996789272,35.840106061129724],[129.21214834201615,35.84021257731349],[129.21251537450254,35.840304041191516],[129.21301930097883,35.84043598157147],[129.2130900698483,35.84045540511153],[129.213348768425,35.84052321004843],[129.2134680364439,35.840553732375454],[129.2135743849197,35.8405832950221],[129.21361546559314,35.840593496772875],[129.2143958000561,35.84088633010524],[129.21448712540646,35.84092277707442],[129.2145801073682,35.84096195182592],[129.21461122202152,35.84097459527103],[129.21465480214835,35.840992173475684],[129.21466946272196,35.840998420174046],[129.21493211753852,35.84107509199232],[129.21497578364293,35.84108753279859],[129.2150864365755,35.84111202142689],[129.21518757829594,35.84113116442559],[129.21528035289495,35.841138218428654],[129.2154263900221,35.841145249650566],[129.21572090947853,35.84114245381584],[129.21594085022946,35.84112813720077],[129.21594848533624,35.841127285412256],[129.216066800403,35.84111150960957],[129.21623102557908,35.84109470534656],[129.21646764206744,35.8410704982857],[129.21660195053272,35.8410544770441],[129.21694243516748,35.841013851551416]]],[[[129.21887547679592,35.840740770191694],[129.2190409041844,35.84073506332348],[129.2190556908543,35.84073468506606],[129.21910351464084,35.84073329166039],[129.21926649586345,35.84072759792384],[129.2194241212234,35.840722409367224],[129.2195284610065,35.84072085019884],[129.21969963003292,35.840714086555636],[129.2198575624145,35.84070786043492],[129.21992511648162,35.84070461933459],[129.2200788852839,35.84069776060313],[129.2202470858512,35.84069028057934],[129.22028542287615,35.84068856149719],[129.22070818654427,35.840667440795464],[129.22080564348542,35.840662567459134],[129.2208056877597,35.840662567378324],[129.2211914088121,35.840643026675714],[129.22187935872498,35.84060758254633],[129.22205737486485,35.840599406049904],[129.222082187566,35.84059826999221],[129.22212363427116,35.840596364365425],[129.22238761673458,35.84059088648136],[129.22246473766182,35.840656851426026],[129.22245318464513,35.84027865383496],[129.2223480618477,35.840364862440914],[129.22210726903052,35.84036242073633],[129.22204103390095,35.8403661653425],[129.22190884594602,35.84037568174152],[129.22176380811814,35.84038148135929],[129.2216944432505,35.840386204861915],[129.2207922231574,35.84044757157381],[129.2207686790003,35.840447118849305],[129.22068278422356,35.84044623010005],[129.22054884670632,35.84045156639175],[129.21984996888062,35.84047345893936],[129.2196861594399,35.840479650658104],[129.2195968848643,35.84048139892143],[129.21954719285563,35.8404876446418],[129.21951454228437,35.840488307721],[129.21947618063632,35.840489089301144],[129.21940990415138,35.840493986133446],[129.21886601024025,35.84051659220136],[129.2186717351577,35.84052513583147],[129.21860491417664,35.84053334079399],[129.21849564357015,35.840549129800124],[129.21832168017895,35.84057427327177],[129.21820414445187,35.84059125756418],[129.21813303437386,35.84060153386319],[129.2176257037492,35.84067484486195],[129.21766242334178,35.840737857348714],[129.2176345635139,35.84073783536137],[129.2176568011528,35.840840096324435],[129.21765810330353,35.84084679928696],[129.21766371312157,35.84089909778327],[129.21774087272235,35.84088684614943],[129.21811673154022,35.840834031848146],[129.21818591682307,35.8408241015049],[129.21829756697963,35.840808074162176],[129.21851287872676,35.840777169168575],[129.21862285805645,35.84076138787879],[129.2186896975803,35.84075179494679],[129.21873290370448,35.84074558834352],[129.21887547679592,35.840740770191694]]],[[[129.20417383298548,35.83844486083208],[129.2041130313814,35.83843486033713],[129.2040007934211,35.83841541126166],[129.20396553637295,35.838409306111],[129.2036800363949,35.838359857476036],[129.20358798621493,35.838344366590576],[129.2034210275989,35.838316501172486],[129.20313380442664,35.83826378259145],[129.20305911408485,35.83825008269816],[129.20294837970897,35.83822975590274],[129.20287827457088,35.838120849033324],[129.2027203856526,35.838502171582306],[129.20277971644714,35.83847329526556],[129.20284283865303,35.838442447839185],[129.20293890094484,35.838460077547715],[129.20300092406023,35.83847170785337],[129.20310537369554,35.83848834100034],[129.20326828846186,35.838514564355826],[129.20366029942062,35.83857711026037],[129.20373278229502,35.838588731603274],[129.20379971660842,35.838599037404094],[129.2040779213726,35.83864330684271],[129.2043194519991,35.83868127470717],[129.20459895462395,35.83872644199888],[129.20477462391486,35.838753759303984],[129.20507845486753,35.838803075141264],[129.2052174988374,35.83882591153428],[129.2053932784084,35.83885290329661],[129.2056607423561,35.838894735887465],[129.2059500330662,35.838940730579274],[129.20601599537605,35.838951595573725],[129.20629660492037,35.83899605405265],[129.20639433594266,35.83901211898704],[129.2067296667092,35.839064621435334],[129.20676932967643,35.83887318202469],[129.20679414011136,35.83885410521701],[129.2066945098648,35.838844055195345],[129.2066742463706,35.838840809240665],[129.20655165759555,35.838821091822645],[129.20645072758995,35.83880486123364],[129.2063729622455,35.83879235829871],[129.2062808156068,35.83877849189493],[129.20619263298678,35.83876521349398],[129.20608013196366,35.8387471457253],[129.20607329996503,35.83874604881732],[129.20605608155742,35.83874328424997],[129.20604621556785,35.83874169681685],[129.20601227703995,35.838736247936424],[129.20600810254953,35.83873557910249],[129.2059402255086,35.83872468131049],[129.20585810869377,35.83871149148162],[129.2058139388179,35.83870440164197],[129.20578307860617,35.838699452163524],[129.2057100526212,35.838687688780716],[129.20556972543093,35.83866508946135],[129.20546777617375,35.83864832803851],[129.2054365281297,35.83864318986652],[129.20541072800154,35.83863894369323],[129.20531875559232,35.83862382351612],[129.2051668644399,35.8386020995277],[129.20499659552902,35.83857432302421],[129.20474529909276,35.8385349670857],[129.2046514460309,35.83852012896595],[129.20450715657086,35.838497372877576],[129.2043800862417,35.83847767883768],[129.20428470602903,35.83846289708458],[129.20420729546757,35.83845036511039],[129.20417383298548,35.83844486083208]]],[[[129.23369695719725,35.842338675023605],[129.23637586997424,35.8415746340936],[129.23640324049984,35.841588802320196],[129.23638777519838,35.84104743352077],[129.23638712553011,35.84106735242134],[129.23638526919598,35.84108721059292],[129.23638219501998,35.84110697200729],[129.23637791391062,35.84112658256809],[129.23637244787128,35.84114599716961],[129.2363657967683,35.84116517074947],[129.23635798257882,35.84118404918949],[129.23634902730643,35.84120258738395],[129.236338952955,35.84122074022709],[129.2363277815018,35.84123845360066],[129.236315546099,35.84125570941459],[129.236302268671,35.84127243552567],[129.2362879823436,35.84128860483136],[129.23627273128486,35.84130418119497],[129.23625654856772,35.84131911948906],[129.2362394672919,35.841333383598545],[129.23622154269427,35.841346937365195],[129.23620280787472,35.84135974467395],[129.23618331812352,35.84137178739144],[129.23616311758295,35.841383020368625],[129.2361422504482,35.841393416481345],[129.23610982706307,35.841407404103826],[129.23359364964273,35.842129063570304],[129.23343312258888,35.842084878792505],[129.23311411727417,35.841494138758826],[129.2324503327754,35.84030559462232],[129.23244218135943,35.840292434006635],[129.23243376461537,35.84027938205032],[129.23242509363794,35.840266447744504],[129.23241616840113,35.840253622076666],[129.23240697786264,35.84024091408046],[129.2323975442117,35.84022834173824],[129.23238785632773,35.84021588704628],[129.23237792530546,35.840203558995704],[129.2323677401025,35.84019136662019],[129.23235732288205,35.840179318889604],[129.2323466625234,35.84016739780019],[129.2323357701735,35.84015563036805],[129.23232464578012,35.84014399856816],[129.23231327832704,35.84013252044669],[129.23230170101985,35.84012119593973],[129.23228988065298,35.84011002511104],[129.23227785043198,35.840099007896725],[129.2322655993145,35.840088153330505],[129.2322531383951,35.840077470403436],[129.23224045655314,35.84006694111186],[129.23222757600385,35.840056592450544],[129.23221448562666,35.84004640641577],[129.23219548354078,35.84003201387648],[129.2321829494137,35.84002280012088],[129.23217026072228,35.84001372184821],[129.23215740645023,35.8400047971046],[129.23214439766596,35.83999602586874],[129.23213123434346,35.839987399128105],[129.23211792760318,35.839978934886375],[129.23210446635065,35.83997062415224],[129.2320908616543,35.839962466904424],[129.2320771245826,35.839954463121636],[129.23206324409296,35.83994662183753],[129.23204922021156,35.839938952064486],[129.23203507502308,35.839931435735124],[129.23202079751118,35.8399240908955],[129.2320063876497,35.83991690853313],[129.23199185650708,35.83990988862676],[129.23197720413535,35.8399030492012],[129.23196244155082,35.83989637221035],[129.2319475577111,35.839889866687756],[129.23193255264204,35.83988354164592],[129.23191744845448,35.83987738802983],[129.23190223407985,35.83987140586072],[129.2318869206127,35.839865604129734],[129.23187150805288,35.83985998283687],[129.23185599637424,35.83985453296961],[129.23184038562874,35.83984927255286],[129.23182468685886,35.8398441925529],[129.23180890006438,35.83983929296969],[129.23179303631375,35.839834573781964],[129.23177708456433,35.8398300440234],[129.23176105585853,35.839825694660284],[129.2317449612908,35.83982153468382],[129.23172878979244,35.8398175641152],[129.23171254133737,35.83981377394192],[129.23169623811452,35.83981018214647],[129.23167988007162,35.83980677070395],[129.2316634561923,35.83980355766038],[129.23164697751875,35.83980053398214],[129.23163044405092,35.839797699669205],[129.23161386685706,35.83979505470028],[129.23159724596312,35.839792608087905],[129.231580581343,35.83979035081954],[129.231563884065,35.83978828287404],[129.23154714308657,35.83978641328494],[129.23153038054457,35.83978474200993],[129.2314999111073,35.83978165496716],[129.23146937677058,35.839779090766164],[129.23143877750778,35.83977704039449],[129.2314081244386,35.83977552185574],[129.2313774507159,35.83977451706152],[129.23134675639113,35.839774044036695],[129.23130070112234,35.83977431236797],[129.23017821667327,35.83984185742733],[129.2299903294887,35.83985372379576],[129.22925337976883,35.83990513317947],[129.22912629011844,35.839908699598176],[129.22901995228048,35.83991168584362],[129.2287501449093,35.83994236123583],[129.22852435569035,35.839960966237875],[129.22830793674234,35.83997793087953],[129.2282369631144,35.83998104795512],[129.2280706127513,35.839988346407],[129.2278634347629,35.84000102990948],[129.227613743941,35.84001813708437],[129.22753334902848,35.84002058652124],[129.22727706426912,35.840038768875374],[129.2260237230588,35.840115190961676],[129.2253963563503,35.8401580984235],[129.22501871830656,35.840181422835485],[129.2246300429033,35.84020806513336],[129.2228426055497,35.84033668969975],[129.22273651626696,35.840250112652996],[129.22275360394954,35.840580128181834],[129.22275396788547,35.84057964984895],[129.22275402300303,35.84057956863491],[129.22276977088615,35.84055864864968],[129.22285654364845,35.84054483489255],[129.2228615893326,35.840540274282375],[129.22289649459682,35.84053842550157],[129.22324989186995,35.840518054517446],[129.2232989622012,35.84051522415384],[129.22350953200143,35.84049955009904],[129.22366610553004,35.840490545633195],[129.2237378086195,35.84048681705658],[129.22413709199242,35.84046506079265],[129.22444077752013,35.84044792376414],[129.22465304289292,35.84043313679871],[129.22487676194743,35.840417553092465],[129.22503997098687,35.84040665088862],[129.22541575100843,35.840383483083706],[129.22571096629173,35.84036950399376],[129.22592246240234,35.84035684317349],[129.22604964588405,35.840346989237226],[129.2261471973546,35.84034057025524],[129.2265754261005,35.84031968006496],[129.2266867752768,35.84031158551253],[129.22679716162162,35.84030354673715],[129.22719390792238,35.840277675374004],[129.22753401953256,35.840256920197056],[129.2278912366217,35.84023782618404],[129.22810907862836,35.8402266816871],[129.22844499523436,35.84021385383574],[129.22892667179562,35.84020037975981],[129.2291065182082,35.84015155197383],[129.22921178704206,35.84012297216181],[129.22949304980662,35.84010742402137],[129.2301249832675,35.840067712967276],[129.2313168823258,35.83999653881753],[129.23133902389293,35.839994261369405],[129.2313612444462,35.839992506491406],[129.23138351080658,35.83999128325946],[129.2314058119061,35.839990591694765],[129.23142812558226,35.83999042282715],[129.23145044081906,35.83999079470273],[129.23147273545393,35.83999169835137],[129.23149688190648,35.83999377007727],[129.23152284707655,35.839997045992696],[129.23154869216106,35.84000089893272],[129.2315743950235,35.8400053289398],[129.23159994457,35.84001032702276],[129.23162531866404,35.840015893224106],[129.23165048410075,35.84002202760753],[129.23167545189702,35.84002871212705],[129.23170016673694,35.84003595590124],[129.23172463966344,35.84004374989663],[129.23174883741942,35.84005207615204],[129.23177274898882,35.84006095271378],[129.23179635213094,35.84007034357462],[129.2318196358298,35.84008026678082],[129.23184257789651,35.84009070435011],[129.23186514510007,35.84010164733391],[129.231887348483,35.84011308669874],[129.2319091659087,35.84012502248723],[129.2319305641197,35.840137436738324],[129.23195153202167,35.84015032046107],[129.23197206958878,35.840163664643185],[129.23199214361554,35.84017746934864],[129.23201175402392,35.840191707540235],[129.23203154961953,35.84020873924977],[129.23205081508294,35.84022616852331],[129.23206952827707,35.84024399540353],[129.23208767808111,35.840262201887064],[129.2321052423319,35.840280779004146],[129.2321222320716,35.840299717721365],[129.23213862511096,35.840319000056525],[129.23215441032895,35.84033860800619],[129.23216957665682,35.840358541591925],[129.23218411297356,35.84037878281018],[129.232201388023,35.84040449837144],[129.23230003377768,35.84058110724378],[129.23237834101593,35.84072131755436],[129.23273361998358,35.841357466927064],[129.23285772392384,35.841552339723144],[129.23295760842387,35.841720005229526],[129.23300878544478,35.84180589492744],[129.23300887394223,35.841805876731925],[129.2330265818363,35.841835601896896],[129.2330379161902,35.841854614462534],[129.2330619642485,35.841894980182836],[129.23306187577717,35.84189500739083],[129.23306154400328,35.84189510716769],[129.2330556825505,35.84189683083802],[129.23304984323502,35.841898554465416],[129.23303990090176,35.8419014846612],[129.2330368374811,35.841902391814074],[129.23303685977575,35.84190244584611],[129.23321349346193,35.842221355223806],[129.23335223284326,35.84247323036114],[129.23369695719725,35.842338675023605]]]]},"properties":{"present_sn":"47130UQ151PS201401072180","lclas_cl":"UQS116","mlsfc_cl":"","sclas_cl":"","atrb_se":"UQS116","wtnnc_sn":"47130URZ202007020014","ntfc_sn":"47130NTC202007020001","dgm_nm":"대로3류","dgm_ar":"78554","dgm_lt":"6531","signgu_se":"47130","grad_se":"대로","road_ty":"3","road_no":"8","road_role":"PMI0001","excut_se":"EMA0003","sig_nam":"47","lcl_nam":"대로3류","mls_nam":"미분류","scl_nam":"미분류","atr_nam":"대로3류","pmi_nam":"주간선도로","exc_nam":"부분집행","_layer":"LT_C_UPISUQ151","_layer_nm":"도시계획시설_도로"},"id":"LT_C_UPISUQ151.177326"},{"type":"Feature","geometry":{"type":"MultiPolygon","coordinates":[[[[129.22314715254328,35.84951629620936],[129.22342423654672,35.849303720810276],[129.22314712932527,35.84951590871501],[129.22314715254328,35.84951629620936]]],[[[129.22124856640116,35.8483988906537],[129.22153398550748,35.848197768220544],[129.22142388254497,35.84820435064002],[129.2212033583677,35.84809012414406],[129.22105801138446,35.84801298149992],[129.22103544488846,35.84799855767816],[129.22101364016555,35.847983393435854],[129.22099263042477,35.847967488712676],[129.22097244899913,35.84795088851072],[129.22095315128612,35.84793361075417],[129.2209347484547,35.84791569147304],[129.22091728488235,35.84789716663668],[129.22090078278234,35.8478780632424],[129.22088528650718,35.8478584082471],[129.2208708072501,35.847838246693236],[129.22085737831858,35.8478176145703],[129.22084502192573,35.84779653887563],[129.22083374923963,35.84777505563913],[129.22082360468684,35.84775321885495],[129.22081457724653,35.84773104656853],[129.2208067002755,35.847708592794184],[129.2207999849168,35.84768588454928],[129.220794442388,35.84766297588853],[129.2207900838073,35.84763988481677],[129.22078690934728,35.84761667442132],[129.22078493017588,35.84759338073184],[129.2207842138598,35.84755835948055],[129.2207638292855,35.84715828691582],[129.22075078705367,35.8470006100504],[129.2207461421663,35.84697000307459],[129.220746029512,35.8469692912929],[129.2207337749531,35.846888633781575],[129.22071956770546,35.84653687490382],[129.22072066465077,35.84644073659256],[129.2207207799779,35.846430353985056],[129.22072077982918,35.846430299910324],[129.22072056148585,35.846375098761186],[129.22071877484308,35.84630510195154],[129.22071622458705,35.846267344238754],[129.2207145211909,35.8461994381754],[129.22069006410942,35.845735104808696],[129.22067850075254,35.84560384083341],[129.22067848950968,35.84560377776644],[129.22066306003128,35.84513348864298],[129.22065891803823,35.844927542555965],[129.22065441700855,35.84479225511684],[129.2206520860037,35.84473759855547],[129.220648417285,35.84465135562012],[129.22064444579112,35.844563689260546],[129.22064240002163,35.84451614303949],[129.2206422954519,35.84451032115495],[129.22071442472577,35.84445093239833],[129.2205476105944,35.84445424678196],[129.2203402962652,35.844458238538174],[129.22042083993927,35.84452028708947],[129.2204694975444,35.84573949047828],[129.22049554132172,35.84643112520488],[129.22049985195954,35.84654151142992],[129.22051433734413,35.84690218318736],[129.22053163838274,35.847014681685636],[129.2205423302533,35.84715912350254],[129.2205664471172,35.84763271324268],[129.22057185378839,35.84767064599216],[129.22057679355146,35.84769578184869],[129.22058279559823,35.847720771568106],[129.22058984873627,35.847745570108174],[129.22059795291682,35.84777015944384],[129.2206070859026,35.84779450356542],[129.22061724764473,35.84781858444782],[129.220628415881,35.84784235706891],[129.22064059058744,35.84786581241587],[129.22065374950157,35.84788890546663],[129.22066788150494,35.84791161821615],[129.22068296435967,35.84793391465459],[129.22069897590248,35.84795578580964],[129.22071590494016,35.847977186638765],[129.22073372928443,35.847998099157174],[129.22075243781643,35.84801850535971],[129.2207719861588,35.84803836927701],[129.22079237426215,35.84805767288373],[129.22081355779864,35.8480763982354],[129.22083552562424,35.848094518314426],[129.22085824445574,35.848112006143715],[129.22088586222185,35.848131720122815],[129.22102764370516,35.848212474485734],[129.22116931641142,35.84828579357061],[129.22122910166442,35.84831711983772],[129.22124856640116,35.8483988906537]]],[[[129.22384830147936,35.849669195497036],[129.22377708929463,35.84960982678257],[129.22376630425777,35.84960082522895],[129.2236442598318,35.84950589703575],[129.22362499995256,35.8494906204177],[129.22361978978205,35.849420512858586],[129.2236215709688,35.84938838003018],[129.22333801914465,35.84961568522216],[129.22335276383802,35.84961554984869],[129.2234361952311,35.84961474687318],[129.2234562754245,35.84961454755682],[129.2234621222784,35.84961922325198],[129.2235484162862,35.84968827974924],[129.22360254803914,35.849731953374075],[129.22363501974544,35.8497571012866],[129.2237242144273,35.84982617933036],[129.22375288102813,35.84984838716315],[129.22380200090126,35.84988504923607],[129.22387745910822,35.84996241703249],[129.22389192881758,35.84997874792377],[129.22391603760803,35.85000595707308],[129.22394941690825,35.85005079551292],[129.22399356652014,35.850123093085884],[129.2240212420068,35.85019067156942],[129.22402494011226,35.85020282257121],[129.22403677159653,35.85024161745813],[129.22405350925553,35.85031684075762],[129.22405238662037,35.85041424082657],[129.2240519777637,35.85045807833923],[129.22405205706536,35.850553799856364],[129.224052181971,35.850741106215274],[129.22405173830236,35.850839829855765],[129.22405283383418,35.85097040979595],[129.22405186425556,35.85103147121144],[129.22405275167856,35.851103425286894],[129.2240542714575,35.85122736223063],[129.2240560111333,35.85141809933587],[129.22405686389652,35.85156479404361],[129.22405729617634,35.851620445363004],[129.22405727590237,35.85169637562025],[129.22405811932532,35.85176446341143],[129.2240591518405,35.85192001705396],[129.22405974165167,35.85196865636215],[129.22406137052783,35.852123695182854],[129.22406340307722,35.852272649822304],[129.22406723809453,35.85253971878344],[129.22406753838956,35.85256002336183],[129.22406808640184,35.85263331189557],[129.22406848439007,35.852652922331124],[129.22406873118774,35.852693694367176],[129.22406917843827,35.85278242147666],[129.22407111814732,35.85285853735062],[129.22407218212157,35.85300156354935],[129.22407223250087,35.85301958842989],[129.2240732856491,35.85315873927552],[129.22407399320855,35.85325345919942],[129.2240741794821,35.853280496314014],[129.22407479246286,35.85338098440248],[129.22407567320337,35.85349805496783],[129.22407676591794,35.85365135533194],[129.2240800191566,35.85410233408626],[129.2240798898354,35.854174884831956],[129.22408187870903,35.85445075331251],[129.22408345598768,35.854658578285544],[129.22408507988428,35.85488307626055],[129.22408666827096,35.85509486669077],[129.22408769564873,35.855185169874325],[129.22408868855405,35.85534234574768],[129.22408983600874,35.855515203051304],[129.22409129785063,35.85572131582922],[129.2240928866841,35.855972851276526],[129.2240938095758,35.856104972558164],[129.22409401163964,35.85617725229112],[129.22409529251095,35.856358220557],[129.22409547905656,35.85638534778178],[129.2240960664096,35.85647664313394],[129.22409641607055,35.85652251601781],[129.22409906592176,35.85675755662471],[129.22409959221244,35.85686660667211],[129.22410014067816,35.856983587659634],[129.2241005663436,35.85709624288163],[129.22410131623144,35.85724566842151],[129.22410194407598,35.85739103856759],[129.22410358310674,35.85746250449935],[129.22410492920636,35.85770637971486],[129.22410561309582,35.85783219266505],[129.22410677164942,35.85804858015104],[129.22410784856928,35.85823576734839],[129.2241092141107,35.85848658210479],[129.22411024107438,35.85857670498794],[129.22414103854686,35.859371611560185],[129.2241426016811,35.8594119485118],[129.22414608552123,35.85950171534094],[129.2241496412411,35.85959342873043],[129.2241568943789,35.8597998010079],[129.22416072484455,35.859922444702654],[129.22416172265454,35.860002113145015],[129.2241633203542,35.860137928201254],[129.22416366531434,35.86016626278688],[129.224164616729,35.86024517426397],[129.22416488856854,35.860263198712126],[129.2241669043771,35.86042974552973],[129.2241670655048,35.86044777018252],[129.22416733734573,35.86046579463003],[129.22416792892218,35.86051896713982],[129.22416850108982,35.86056520007895],[129.22416866196616,35.86058313460703],[129.22416466710098,35.860659027054226],[129.224160727039,35.86067534693701],[129.22415448946555,35.8607014946757],[129.22414690769756,35.86072205717042],[129.22413799660615,35.860742351753764],[129.22412401082838,35.86076914472229],[129.2240113861776,35.860957083224115],[129.2239372186851,35.86107997047539],[129.2239026171099,35.86113825512192],[129.22383892435406,35.861245801711235],[129.22373633237805,35.861419031041684],[129.2236867440001,35.8615026683979],[129.22363726623308,35.86158630552813],[129.22354613369959,35.8617401366798],[129.22352911938586,35.861768881867036],[129.22379960244402,35.86187368342194],[129.2237631607866,35.86178858297052],[129.2238013992254,35.861724163158144],[129.2238661947766,35.86161490218537],[129.223929670136,35.86150870786144],[129.22408350513928,35.861249945183445],[129.22410543421802,35.861213043532274],[129.22427535690633,35.86092730348786],[129.22434863903445,35.86080477816712],[129.22435775207992,35.86077754358797],[129.22436906854273,35.86074642955612],[129.22437498728075,35.86072505900997],[129.2243801315254,35.860703870149784],[129.2243833936372,35.86068268478101],[129.22438246613356,35.860118072922496],[129.22438214551153,35.85992050201185],[129.22437623410997,35.85970718765697],[129.22436704723918,35.85947466476909],[129.22435299788424,35.85911871599816],[129.2243464456051,35.85895325905962],[129.22434000709305,35.858788883402475],[129.224334759966,35.858654607208514],[129.224333764025,35.85857565974468],[129.22433293398413,35.85846896255042],[129.22432669019992,35.857670008832415],[129.22432726287855,35.857597727681366],[129.2243257368225,35.8574084684294],[129.2243224617945,35.85698984478093],[129.2243214328414,35.8568595262142],[129.22432124646906,35.85683248911654],[129.2243206976938,35.85675507292096],[129.22431804113555,35.856517869336805],[129.22431028816516,35.85552759215462],[129.22431086135808,35.855455491226444],[129.2243095966704,35.855320035947685],[129.2243083322405,35.8551846707902],[129.22430686305032,35.85509481905245],[129.22430465801108,35.854741984392334],[129.22430250192068,35.85440663384102],[129.22430184753435,35.8542914554978],[129.22430107614215,35.85417402424805],[129.22430098410518,35.854101564037734],[129.2242999242385,35.853920595296586],[129.22429850554428,35.853690509167485],[129.22429776089623,35.853582631091484],[129.22429712569365,35.85347430218625],[129.22429611653433,35.853311448429764],[129.22429486606438,35.853101910435036],[129.2242940606533,35.85301187718509],[129.22429230155495,35.8528579471688],[129.22429795183524,35.85282787103434],[129.22429712170168,35.852784396335394],[129.22429587870897,35.85267249058519],[129.22429625409748,35.852636521051764],[129.22429602359338,35.85262139852521],[129.22429289420634,35.85242480592276],[129.22429128111702,35.85232305792591],[129.22429513604322,35.852312073567504],[129.22429163835687,35.85226872998597],[129.22429037480387,35.85216529600305],[129.22429056149946,35.852121233602034],[129.22428960388572,35.852004487603864],[129.22428921107846,35.85195509088299],[129.224285505658,35.85189684102776],[129.2242858478407,35.85174215904976],[129.22428783098195,35.85167545394252],[129.22428686393937,35.85158303266109],[129.22428594506079,35.851495955695],[129.2242849056047,35.85139743308975],[129.2242828419321,35.85120187490689],[129.22428180130066,35.8511029287119],[129.22428148277672,35.85108403912389],[129.22427918435827,35.850935148039504],[129.22427843530397,35.850809839765596],[129.22427893543204,35.85074722906839],[129.224278897343,35.8507256982996],[129.22427620279726,35.850652846323165],[129.22427840088497,35.85047699053121],[129.2242795312588,35.85038641290289],[129.2242809279582,35.850347512402564],[129.22428117483128,35.8503368321431],[129.22427794969175,35.85031569481911],[129.2242664018658,35.850239840067466],[129.22421919780874,35.8500967100772],[129.22414799837176,35.849974821911],[129.2240979046053,35.84989872312139],[129.22399999118687,35.849795684408015],[129.22399212431554,35.849789128868956],[129.22391711712433,35.84972657684408],[129.22384830147936,35.849669195497036]]]]},"properties":{"present_sn":"47130UQ151PS201401070196","lclas_cl":"UQS117","mlsfc_cl":"","sclas_cl":"","atrb_se":"UQS117","wtnnc_sn":"47130URZ202007020016","ntfc_sn":"47130NTC202007020001","dgm_nm":"중로1류","dgm_ar":"37470","dgm_lt":"3932","signgu_se":"47130","grad_se":"중로","road_ty":"1","road_no":"4","road_role":"PMI0002","excut_se":"EMA0003","sig_nam":"47","lcl_nam":"중로1류","mls_nam":"미분류","scl_nam":"미분류","atr_nam":"중로1류","pmi_nam":"보조간선도로","exc_nam":"부분집행","_layer":"LT_C_UPISUQ151","_layer_nm":"도시계획시설_도로"},"id":"LT_C_UPISUQ151.177327"},{"type":"Feature","geometry":{"type":"MultiPolygon","coordinates":[[[[129.21396690553652,35.84468147967547],[129.21402394737586,35.84463255808088],[129.21391164554169,35.84463899330364],[129.21380155410856,35.844648299504094],[129.21379845499163,35.844648395104635],[129.21371851779782,35.84465006843535],[129.21377991686379,35.8447200411925],[129.21380064534216,35.84508812919078],[129.21382484454358,35.84552069546866],[129.21384130563936,35.845820052615565],[129.21385517065093,35.845963543156465],[129.21385767972052,35.8459953798828],[129.21386011794849,35.84608783480467],[129.21386259993838,35.84619670140867],[129.21386839241197,35.84630168678512],[129.21387441904068,35.8464073026205],[129.21388070815144,35.846578141442144],[129.21388155405114,35.846596480381535],[129.21388597196096,35.84669241061873],[129.21388810839306,35.84672978167311],[129.21389163794927,35.84679144796],[129.21389628840458,35.846924761624535],[129.21389720977933,35.84694234337947],[129.21390065926423,35.847040393259356],[129.213904936761,35.847158368306204],[129.21391055618756,35.84722332045534],[129.21391286806247,35.84730156287186],[129.21391686673567,35.84743534632617],[129.21392242106387,35.847612846650165],[129.21392523778485,35.84771434942316],[129.21393098176213,35.847792775027614],[129.21393185921,35.84787688710753],[129.21393451934534,35.84796117628441],[129.21393692209648,35.847994617410606],[129.21393856729728,35.848030403124966],[129.2139416584511,35.84811027541433],[129.21394391028844,35.84816598668437],[129.21394866155822,35.84829137815373],[129.21395351313976,35.84840042077553],[129.21395809169573,35.848548199583966],[129.21395855036334,35.84855830178047],[129.21396185573116,35.84863961568268],[129.2139637180242,35.84867377875974],[129.21396445026883,35.848699291839296],[129.21396799385926,35.84878275930452],[129.21397528638755,35.84894781926899],[129.2139820240175,35.849112339460014],[129.21398500477207,35.84919643878881],[129.2139874566695,35.84924412857391],[129.2139929959748,35.84937439438446],[129.2139971934407,35.84949546080852],[129.21400148092985,35.849612922073135],[129.21400525011344,35.84969793026179],[129.21400524517645,35.849737567218234],[129.21402263760888,35.849962190884206],[129.21403270797444,35.85008126415853],[129.2140338048894,35.85010652423676],[129.21403762558052,35.8501942180491],[129.21404376700363,35.85034264294437],[129.21404945270487,35.8504737736684],[129.21405244655088,35.850546138687726],[129.21405775602884,35.85067316938839],[129.21407038893344,35.85079004807627],[129.21407335230475,35.8508302475609],[129.21408368412793,35.85104719601219],[129.21408513851102,35.851077799860924],[129.2140897592771,35.851149999768545],[129.21409190848462,35.851204512527346],[129.2140959326412,35.85130617532319],[129.21409689307043,35.85133420247191],[129.21410283808552,35.85148776480295],[129.21410520921705,35.85154661217389],[129.21410994812274,35.851663045171136],[129.21411233779284,35.85172883212529],[129.21412593300423,35.852094084305435],[129.2141276337062,35.85215058960892],[129.21412787917325,35.8521596016646],[129.21413457347236,35.85238643418868],[129.21413481894115,35.85239544624399],[129.21413640317914,35.852449788753056],[129.21413808175197,35.85258091750524],[129.21413850891662,35.85261651608245],[129.21414215848557,35.852905359901406],[129.21414368161385,35.85297826824094],[129.21415061452728,35.85317004173016],[129.21415658723834,35.853333878198555],[129.2141256923214,35.85337214582708],[129.21440893513068,35.853267000241374],[129.21437517423774,35.85325184698189],[129.21431832809694,35.85322709124301],[129.21431092348226,35.85300809187298],[129.21430441913472,35.852786269990766],[129.2143035056305,35.852755124446276],[129.21429993686803,35.8526334441373],[129.21429901138228,35.85260195613863],[129.21429557630415,35.852484727759446],[129.21429489464748,35.85246162995592],[129.21429324996498,35.85240542197089],[129.214293687294,35.8523453709773],[129.21430370914064,35.85218503004492],[129.21430275772985,35.85214798138345],[129.21430114961532,35.852084743588485],[129.21430046983147,35.85205820300885],[129.21430044480124,35.85205712155437],[129.21430044463258,35.85205705846724],[129.21429198226366,35.85195171744332],[129.21427899154907,35.85179641017617],[129.21427221892694,35.851648121635094],[129.21426728140267,35.85154030493748],[129.2142672812582,35.85154025086279],[129.21425365303452,35.85118770633716],[129.2142469849816,35.85103708335884],[129.2142375087586,35.85077177237433],[129.2141989442215,35.8501969337463],[129.2141945862112,35.85008634915788],[129.2141810045272,35.84972198907555],[129.2141764189423,35.84961321639169],[129.21417572507767,35.84959795946763],[129.21417417351535,35.849564129311574],[129.21415637902203,35.84912271982204],[129.21415359274226,35.849107376474905],[129.21415271082185,35.849088019197154],[129.21414772755207,35.848979526591705],[129.21414772740766,35.848979472516966],[129.21414747501981,35.84896786487022],[129.21414598237646,35.84889804771348],[129.214145629785,35.848882078196326],[129.2141410020999,35.84874920615797],[129.21413983923722,35.84871583494599],[129.21413416123931,35.84855442218913],[129.21413399882903,35.84855163761544],[129.21412707280524,35.84843274801723],[129.21412707258872,35.84843266690515],[129.21412599461524,35.84839377088112],[129.21412599444687,35.84839370779395],[129.21412381528145,35.84831551022385],[129.2141228607595,35.84828139060343],[129.21411911366945,35.84814662436829],[129.21411803519922,35.848107539080786],[129.21411308164207,35.84800184027719],[129.21410786885826,35.84789025676995],[129.21410731690403,35.84787838828865],[129.2141008390076,35.84773657910322],[129.21409902474198,35.8476955394029],[129.214098371286,35.84765808462216],[129.21409203465115,35.847498682786686],[129.21408634633977,35.84735406930768],[129.2140849456035,35.84731865267123],[129.2140827622809,35.84725960665075],[129.21407579574839,35.847113021689836],[129.21407599071327,35.847094825112],[129.2140687655602,35.84695501800258],[129.21406095938102,35.846800728832704],[129.2140564700324,35.8467652185189],[129.21405317374854,35.84665412728307],[129.21405037019574,35.84656589988233],[129.21405037009956,35.846565863832495],[129.21404498662258,35.84644416857379],[129.21404498645424,35.84644410548661],[129.21404131645403,35.84635473502779],[129.21403546037757,35.84620110931605],[129.21402249302437,35.84596272460853],[129.21401696416427,35.845832143268616],[129.21400126232672,35.8454608019659],[129.2139879181076,35.845143297148105],[129.21398497846923,35.84508284649146],[129.21397815570558,35.84492361667767],[129.21397651361403,35.844897276040776],[129.21396690553652,35.84468147967547]]]]},"properties":{"present_sn":"47130UQ151PS201401070453","lclas_cl":"UQS118","mlsfc_cl":"","sclas_cl":"","atrb_se":"UQS118","wtnnc_sn":"47130URZ202007020022","ntfc_sn":"47130NTC202007020001","dgm_nm":"중로2류","dgm_ar":"14973","dgm_lt":"1993","signgu_se":"47130","grad_se":"중로","road_ty":"2","road_no":"6","road_role":"PMI0003","excut_se":"EMA0002","sig_nam":"47","lcl_nam":"중로2류","mls_nam":"미분류","scl_nam":"미분류","atr_nam":"중로2류","pmi_nam":"집산도로","exc_nam":"미집행","_layer":"LT_C_UPISUQ151","_layer_nm":"도시계획시설_도로"},"id":"LT_C_UPISUQ151.177329"},{"type":"Feature","geometry":{"type":"MultiPolygon","coordinates":[[[[129.2201923435251,35.841743824945624],[129.22036667984696,35.84173687433559],[129.2203951974341,35.84173445210207],[129.22042491497385,35.84173367696398],[129.22058040110426,35.84173074391207],[129.22095325342985,35.84171888805855],[129.2210577613967,35.84171363212659],[129.22111284248845,35.841710656484594],[129.22128166712943,35.84169995640607],[129.22130353613016,35.84169890700529],[129.22138804804953,35.84169556196175],[129.22156635438563,35.84168735862142],[129.22160914033762,35.84168521639368],[129.22163471717494,35.84168409705333],[129.22187704644344,35.84167233317273],[129.2220693486905,35.8416659690061],[129.22220674100154,35.84166041738478],[129.22226636317924,35.84165851437413],[129.22235105390996,35.84165581722535],[129.22243985335058,35.841653914575424],[129.22248037269614,35.841684608758385],[129.22247981384885,35.84167467800631],[129.22249625493356,35.84152448142123],[129.22247480061122,35.841543320960426],[129.2224751185898,35.84155021494166],[129.22247542422488,35.84155664930785],[129.22247536888136,35.841556649409625],[129.22247433959257,35.84155668735244],[129.2224483636859,35.841557573280035],[129.22241846978486,35.841558583567725],[129.22236182524045,35.841560508218464],[129.22236192643294,35.84155309074123],[129.22236198957205,35.841547917447556],[129.22236198947212,35.84154788139773],[129.22221943495964,35.84155185647747],[129.22221936857247,35.84155186561192],[129.22221940185347,35.8415518925883],[129.22233665515154,35.84154862192191],[129.22233487548846,35.841553482932454],[129.22229564020694,35.84155472665646],[129.22218365647151,35.841558303043136],[129.22208489822228,35.84156127824818],[129.2220821868904,35.84156146347535],[129.22190537865617,35.84156692503142],[129.2218016509656,35.84156606077903],[129.2216084023943,35.84157036238686],[129.22151284009806,35.84157229482977],[129.22141585045918,35.841578429636044],[129.2212958334264,35.84158699479968],[129.22127269289817,35.841588533199804],[129.22125940177364,35.84158942270789],[129.22120410086393,35.84159293055665],[129.22114352534402,35.84159029248051],[129.2211154111382,35.84159045201561],[129.22105285602302,35.84159244993912],[129.2209816777393,35.84159422925543],[129.22092744824343,35.84159692389453],[129.22087591819223,35.84159913591831],[129.22087584071127,35.84159913605976],[129.22086243822335,35.841599782389636],[129.22085414883114,35.84160018505936],[129.22073476592436,35.84160592759129],[129.22070074489164,35.8416075037567],[129.22054932254355,35.84161493580854],[129.22044327530256,35.84161989669023],[129.22038394217947,35.841622266920275],[129.2202977842228,35.84162676785542],[129.22013030345045,35.84163508480563],[129.21997878196774,35.841642732619256],[129.21990492053672,35.84164693152762],[129.21975597503075,35.841653483865336],[129.21962270106977,35.84165937669737],[129.21962261254478,35.84165938587054],[129.2195831138095,35.841661467350335],[129.21947935904672,35.84166692792137],[129.2194383219742,35.841669093256655],[129.21939498517037,35.84167220004855],[129.21922328572478,35.84167599910716],[129.21910445207547,35.841680297023935],[129.2190260394479,35.84168381868344],[129.2187431089297,35.84169133323496],[129.21747228453992,35.84174572529635],[129.2174722290741,35.84174568033352],[129.2174721516175,35.84174568948524],[129.21742467076174,35.84174724385142],[129.21742467125028,35.841747424100674],[129.21742471710544,35.84185418615384],[129.2174257464984,35.84185418430411],[129.21747043110656,35.84185414005144],[129.21747047528376,35.84185410392201],[129.2187493917377,35.84179936378561],[129.21906551989994,35.84178851757793],[129.21914628938197,35.8417846671736],[129.21920546767913,35.84178228882241],[129.21934533598298,35.84177533904766],[129.21946237830244,35.841771656992115],[129.21964521339024,35.841763907924715],[129.21974047205254,35.84176012995444],[129.2197904205006,35.84175831784069],[129.21996342108596,35.84175265001766],[129.22001943377623,35.841750313070854],[129.220084113077,35.8417478882334],[129.2201923435251,35.841743824945624]]]]},"properties":{"present_sn":"47130UQ151PS201401071881","lclas_cl":"UQS119","mlsfc_cl":"","sclas_cl":"","atrb_se":"UQS119","wtnnc_sn":"47130URZ202007020029","ntfc_sn":"47130NTC202007020001","dgm_nm":"중로3류","dgm_ar":"5573","dgm_lt":"973","signgu_se":"47130","grad_se":"중로","road_ty":"3","road_no":"33","road_role":"PMI0002","excut_se":"EMA0002","sig_nam":"47","lcl_nam":"중로3류","mls_nam":"미분류","scl_nam":"미분류","atr_nam":"중로3류","pmi_nam":"보조간선도로","exc_nam":"미집행","_layer":"LT_C_UPISUQ151","_layer_nm":"도시계획시설_도로"},"id":"LT_C_UPISUQ151.177339"},{"type":"Feature","geometry":{"type":"MultiPolygon","coordinates":[[[[129.2195831138095,35.841661467350335],[129.2195831682155,35.8416611247764],[129.2195822142801,35.84163612581898],[129.2195822030387,35.841636062751846],[129.21958107026907,35.84160638662873],[129.21957151529057,35.841435589959325],[129.21956849361135,35.841358790872526],[129.21956061077657,35.841216560803375],[129.21956034608354,35.84121286615642],[129.21955271801988,35.841107091206815],[129.21954368723704,35.84096600780177],[129.2195389649429,35.840894682385105],[129.2195284610065,35.84072085019884],[129.2194241212234,35.840722409367224],[129.21943360903666,35.8408971266314],[129.21943848698615,35.8409687401702],[129.2194436466932,35.841050284978415],[129.21944924538812,35.841138543305796],[129.21945335033118,35.84119866729842],[129.21946071204735,35.841328506125606],[129.2194668416244,35.84143682532186],[129.21946800848897,35.84146279724547],[129.2194779366084,35.8416405959622],[129.21947936797002,35.84166614381727],[129.21947930158242,35.8416661529502],[129.21947935904672,35.84166692792137],[129.2195831138095,35.841661467350335]]]]},"properties":{"present_sn":"47130UQ151PS201401071884","lclas_cl":"UQS120","mlsfc_cl":"","sclas_cl":"","atrb_se":"UQS120","wtnnc_sn":"47130URZ202007020033","ntfc_sn":"47130NTC202007020001","dgm_nm":"소로1류","dgm_ar":"996","dgm_lt":"228","signgu_se":"47130","grad_se":"소로","road_ty":"1","road_no":"25","road_role":"PMI0004","excut_se":"EMA0002","sig_nam":"47","lcl_nam":"소로1류","mls_nam":"미분류","scl_nam":"미분류","atr_nam":"소로1류","pmi_nam":"국지도로","exc_nam":"미집행","_layer":"LT_C_UPISUQ151","_layer_nm":"도시계획시설_도로"},"id":"LT_C_UPISUQ151.177352"},{"type":"Feature","geometry":{"type":"MultiPolygon","coordinates":[[[[129.21675575867482,35.85107673116187],[129.21690262087876,35.85107097034513],[129.21690265428387,35.85107104238516],[129.21699668459192,35.85106734989171],[129.21710196047135,35.85106306034667],[129.21713802781895,35.85105118024582],[129.21720829244092,35.851015454780665],[129.21716785242623,35.85093739808824],[129.217092208376,35.85099378080033],[129.21702445288147,35.85099539843002],[129.21686095271852,35.851001234280965],[129.21663920964716,35.851014059754064],[129.21655729287733,35.85101880277315],[129.21655721538716,35.85101880291184],[129.2164273239314,35.85102055844176],[129.21642132437188,35.85102071337344],[129.2164207709197,35.85102073238841],[129.21642071556965,35.8510207324874],[129.21570849501316,35.851039272285156],[129.21554744500466,35.851030069145196],[129.2152848636612,35.85103859380638],[129.21461674556787,35.85106116736391],[129.2143037369516,35.851072762449824],[129.2142469849816,35.85103708335884],[129.21425365303452,35.85118770633716],[129.2142875353215,35.8511574815276],[129.21456538497182,35.85114976111996],[129.21482544304038,35.85114133263527],[129.2151005658912,35.85113232704538],[129.2153779627855,35.851120964517506],[129.21552803655376,35.85111559621324],[129.21573328531406,35.851110868380545],[129.2158149057894,35.85110703671314],[129.21593214523858,35.85110151917896],[129.2160444543587,35.85109857889416],[129.21608971671313,35.85109738952844],[129.21620536972208,35.85109472250832],[129.21636615264177,35.85109101935624],[129.21641203232983,35.85108887344108],[129.2164842257088,35.851086770554026],[129.21656611574411,35.85108439791776],[129.2165857961795,35.851083596627426],[129.21675575867482,35.85107673116187]]]]},"properties":{"present_sn":"47130UQ151PS201401070493","lclas_cl":"UQS121","mlsfc_cl":"","sclas_cl":"","atrb_se":"UQS121","wtnnc_sn":"47130URZ202007021006","ntfc_sn":"47130NTC202007021001","dgm_nm":"소로2류","dgm_ar":"2307","dgm_lt":"564","signgu_se":"47130","grad_se":"소로","road_ty":"2","road_no":"1","road_role":"PMI0004","excut_se":"EMA0002","sig_nam":"47","lcl_nam":"소로2류","mls_nam":"미분류","scl_nam":"미분류","atr_nam":"소로2류","pmi_nam":"국지도로","exc_nam":"미집행","_layer":"LT_C_UPISUQ151","_layer_nm":"도시계획시설_도로"},"id":"LT_C_UPISUQ151.177354"},{"type":"Feature","geometry":{"type":"MultiPolygon","coordinates":[[[[129.21200619759696,35.848555672657874],[129.21391931669788,35.848524141688735],[129.21395809169573,35.848548199583966],[129.21395351313976,35.84840042077553],[129.2139039367941,35.848447905139075],[129.2138533976745,35.84844985104266],[129.21349812361382,35.84845715666014],[129.2133122511475,35.848460981311575],[129.21299993621508,35.848467407607394],[129.2129994049909,35.84846745360495],[129.21292759121584,35.84847408701318],[129.2128746242378,35.84847886670098],[129.21282164618367,35.84848364638492],[129.2128113524701,35.848484070050695],[129.21280104768678,35.84848449373508],[129.21276527896524,35.848483565256835],[129.21275013032925,35.848485754890234],[129.21268696857,35.84849487841678],[129.21260864708256,35.84850619154521],[129.21259164860874,35.84850793378392],[129.21258982259096,35.848508117241806],[129.21257786734765,35.848508138244284],[129.21243656205766,35.84850802589348],[129.21242140138344,35.84850985500676],[129.21241804416235,35.848479425701264],[129.2124180440669,35.84847938965145],[129.21230936757348,35.84848165324463],[129.21221369602418,35.84848317293413],[129.21210451921516,35.848484617082306],[129.21198260481134,35.84848744433204],[129.21198243888534,35.84848748968518],[129.2120005187315,35.84853888331441],[129.21200619759696,35.848555672657874]]]]},"properties":{"present_sn":"47130UQ151PS201401070510","lclas_cl":"UQS121","mlsfc_cl":"","sclas_cl":"","atrb_se":"UQS121","wtnnc_sn":"47130URZ202007020039","ntfc_sn":"47130NTC202007020001","dgm_nm":"소로2류","dgm_ar":"1322","dgm_lt":"386","signgu_se":"47130","grad_se":"소로","road_ty":"2","road_no":"22","road_role":"PMI0004","excut_se":"EMA0002","sig_nam":"47","lcl_nam":"소로2류","mls_nam":"미분류","scl_nam":"미분류","atr_nam":"소로2류","pmi_nam":"국지도로","exc_nam":"미집행","_layer":"LT_C_UPISUQ151","_layer_nm":"도시계획시설_도로"},"id":"LT_C_UPISUQ151.177357"},{"type":"Feature","geometry":{"type":"MultiPolygon","coordinates":[[[[129.2155734077394,35.84850680411834],[129.21561318565463,35.84846726752491],[129.21547935653246,35.84847689694939],[129.21548167782402,35.848520972930295],[129.21548194615553,35.84852608253726],[129.2154853762872,35.84859145306927],[129.21549302862235,35.84872034515866],[129.2154929372388,35.848739893423094],[129.21548914734745,35.84883315245769],[129.21548801627407,35.848861264443464],[129.2154948448874,35.8489184095238],[129.21549525414915,35.848922410342546],[129.21550760347725,35.84904430937513],[129.21550789908844,35.849047210871866],[129.21551084383623,35.84908435512925],[129.21551383465808,35.84912216622888],[129.215518037078,35.849256580096295],[129.2155215620611,35.849369581481405],[129.21552587353463,35.84950749199632],[129.2155304005654,35.849705010756395],[129.21562964683233,35.84970265290452],[129.21562437825207,35.84959997394167],[129.2156241333798,35.84959535998125],[129.21561655441624,35.8494526966982],[129.2156064665671,35.84927443853002],[129.21560107405622,35.84917916804982],[129.2155919858092,35.84901859060531],[129.21559059619688,35.84893815656687],[129.21559015092672,35.848912525825334],[129.21558829202084,35.84880575811161],[129.21558374052523,35.84871447865989],[129.21557629807288,35.848564884500924],[129.2155734077394,35.84850680411834]]],[[[129.21551546142572,35.847214605496596],[129.21555560673352,35.84717607765996],[129.21537827644403,35.8471815666094],[129.21541830621672,35.84721952808911],[129.21542150213477,35.84726780234716],[129.21543242143622,35.84736435181358],[129.2154377690912,35.84745953228569],[129.21544198028866,35.8475643311136],[129.2154449238749,35.84763816525809],[129.21544663234917,35.84768077330014],[129.21544826946933,35.84772154291962],[129.21545385792615,35.84786101937612],[129.21545926895664,35.84799625125932],[129.21545775652308,35.84813788532736],[129.21546003107863,35.84817281371116],[129.21546760500877,35.84828903438204],[129.21546837870682,35.848300956536036],[129.21547210802112,35.84835820627963],[129.21547207488481,35.84835823337614],[129.21547466189313,35.848398208199434],[129.21562408754065,35.84839248944796],[129.2155701813134,35.84836074435298],[129.21556593627983,35.848268148523346],[129.21556230253242,35.84818881799694],[129.2155613609848,35.84816799179648],[129.21555773899482,35.84808891359752],[129.21555689237684,35.848070457513984],[129.21555375229795,35.84800181492559],[129.21554796752397,35.847879976282314],[129.21554065093775,35.84773185091267],[129.21553965393417,35.84770686103582],[129.21553114127616,35.84753380021324],[129.21552734676467,35.84745640764909],[129.21551546142572,35.847214605496596]]]]},"properties":{"present_sn":"47130UQ151PS201401070511","lclas_cl":"UQS121","mlsfc_cl":"","sclas_cl":"","atrb_se":"UQS121","wtnnc_sn":"47130URZ202007020040","ntfc_sn":"47130NTC202007020001","dgm_nm":"소로2류","dgm_ar":"2321","dgm_lt":"601","signgu_se":"47130","grad_se":"소로","road_ty":"2","road_no":"24","road_role":"PMI0004","excut_se":"EMA0002","sig_nam":"47","lcl_nam":"소로2류","mls_nam":"미분류","scl_nam":"미분류","atr_nam":"소로2류","pmi_nam":"국지도로","exc_nam":"미집행","_layer":"LT_C_UPISUQ151","_layer_nm":"도시계획시설_도로"},"id":"LT_C_UPISUQ151.177358"},{"type":"Feature","geometry":{"type":"MultiPolygon","coordinates":[[[[129.21561318565463,35.84846726752491],[129.2157178111534,35.84846524249132],[129.2157412077241,35.84846757106308],[129.21592391946598,35.84846161233404],[129.2160698983812,35.848454358042275],[129.21623783979823,35.84845129118495],[129.2164514441537,35.8484442670404],[129.21663905685926,35.84843317034681],[129.21674501542694,35.8484288168084],[129.21687241363796,35.84842358658711],[129.21691061160445,35.84842225636403],[129.2170712733469,35.84841668690646],[129.21708114058245,35.84836504563061],[129.2170811625022,35.84836496447885],[129.21707473194013,35.848365309478574],[129.2169086329806,35.848374196274065],[129.21674572155473,35.84838289688003],[129.21673663463906,35.84838338180766],[129.2167015410602,35.84838650891447],[129.2165961272908,35.848387625953414],[129.21658943032287,35.84838770102921],[129.21658618698837,35.848387733872514],[129.21654885728333,35.84839084691254],[129.21644234646067,35.84839974356354],[129.21643853932736,35.848400056798745],[129.21643709083153,35.84837194941684],[129.21643704404778,35.8483710212135],[129.21643697762988,35.848371021332326],[129.21636339670735,35.84837079243285],[129.21579310143983,35.8483889887013],[129.21562408754065,35.84839248944796],[129.21547471724142,35.848398208100875],[129.21547553686673,35.84841074302253],[129.2154759986115,35.8484177989842],[129.21547813172364,35.84845363787992],[129.21547935653246,35.84847689694939],[129.21561318565463,35.84846726752491]]]]},"properties":{"present_sn":"47130UQ151PS201401070512","lclas_cl":"UQS121","mlsfc_cl":"","sclas_cl":"","atrb_se":"UQS121","wtnnc_sn":"47130URZ202007020041","ntfc_sn":"47130NTC202007020001","dgm_nm":"소로2류","dgm_ar":"1034","dgm_lt":"307","signgu_se":"47130","grad_se":"소로","road_ty":"2","road_no":"25","road_role":"PMI0004","excut_se":"EMA0002","sig_nam":"47","lcl_nam":"소로2류","mls_nam":"미분류","scl_nam":"미분류","atr_nam":"소로2류","pmi_nam":"국지도로","exc_nam":"미집행","_layer":"LT_C_UPISUQ151","_layer_nm":"도시계획시설_도로"},"id":"LT_C_UPISUQ151.177365"},{"type":"Feature","geometry":{"type":"MultiPolygon","coordinates":[[[[129.21546399852858,35.84599463921304],[129.21545731106136,35.84591163699087],[129.2154942018011,35.84587739589963],[129.21530977009255,35.845887836241005],[129.21536122765357,35.84592349725171],[129.21536320158174,35.84595781333561],[129.2153632016543,35.845957840372954],[129.2153887436519,35.84595556882241],[129.21539592051832,35.8460848133094],[129.2153689407247,35.84608755607055],[129.2153700016964,35.84611166261697],[129.21537707010506,35.846291215062784],[129.2153831064913,35.84640384252596],[129.21539512761802,35.84652328179459],[129.21539658860732,35.84660153471658],[129.21540014898392,35.846657757354855],[129.21540694505785,35.8468059287494],[129.2154199605391,35.847060634814305],[129.21537956562534,35.84710514734902],[129.215547539401,35.84709869270361],[129.21549725114178,35.84705771232506],[129.2154954588495,35.84701275216668],[129.2154932114517,35.84694260288745],[129.21549269663876,35.846915791623545],[129.2154899144272,35.84681962421419],[129.21549056161314,35.84664849374914],[129.21548515453784,35.846621844408936],[129.2154830752453,35.84647828802639],[129.21548214015777,35.84639392369341],[129.21547970187328,35.8463680801897],[129.21547850270989,35.84625546214191],[129.21547757368805,35.84623103992465],[129.2154713644259,35.84612415373282],[129.21546399852858,35.84599463921304]]],[[[129.21539355100782,35.84480255507897],[129.21537920085706,35.844590642645954],[129.21530948697148,35.84459468715035],[129.2153223988287,35.844856414243864],[129.21532245222122,35.844876304738264],[129.21532847485327,35.845041610321964],[129.2153296331043,35.84509371853909],[129.2153323335565,35.84514715786137],[129.21533493679905,35.845180878005316],[129.21535982790584,35.84575259571688],[129.21536022713016,35.84576935825544],[129.21531796009123,35.84581311706011],[129.21551195616854,35.84580703073413],[129.21545503683956,35.84576553941286],[129.2154528290719,35.845743084195234],[129.21544225014804,35.84564542556066],[129.21542850678753,35.84537104644574],[129.2154161217582,35.84514902752603],[129.21541269189592,35.845071309827816],[129.21541194238884,35.84504777051064],[129.21540517230014,35.84496280369411],[129.21539355100782,35.84480255507897]]]]},"properties":{"present_sn":"47130UQ151PS201401070513","lclas_cl":"UQS121","mlsfc_cl":"","sclas_cl":"","atrb_se":"UQS121","wtnnc_sn":"47130URZ202007020042","ntfc_sn":"47130NTC202007020001","dgm_nm":"소로2류","dgm_ar":"2147","dgm_lt":"612","signgu_se":"47130","grad_se":"소로","road_ty":"2","road_no":"26","road_role":"PMI0004","excut_se":"EMA0002","sig_nam":"47","lcl_nam":"소로2류","mls_nam":"미분류","scl_nam":"미분류","atr_nam":"소로2류","pmi_nam":"국지도로","exc_nam":"미집행","_layer":"LT_C_UPISUQ151","_layer_nm":"도시계획시설_도로"},"id":"LT_C_UPISUQ151.177366"},{"type":"Feature","geometry":{"type":"MultiPolygon","coordinates":[[[[129.22054137497793,35.8441993035162],[129.22054233830326,35.844231620588324],[129.22054233998844,35.84423223343532],[129.22066458741506,35.84423223584146],[129.2206301015684,35.844202061795244],[129.22062579530666,35.84409327974894],[129.22062068869047,35.84398326444728],[129.22061803606417,35.843936413290386],[129.22061093359153,35.843805023971356],[129.22060928190754,35.84378000827893],[129.22060260428267,35.843617948637764],[129.2206002955647,35.84346673207819],[129.22059227046094,35.84321718151234],[129.2205864091601,35.8431345745891],[129.22058001105614,35.843037891114],[129.22061528526356,35.84300878851386],[129.2204532213004,35.843019637565135],[129.22049507732942,35.84305744083951],[129.22050905809036,35.8434401673214],[129.22052197911833,35.84355416093329],[129.2205335972092,35.84393902764942],[129.22054137497793,35.8441993035162]]]]},"properties":{"present_sn":"47130UQ151PS201401070548","lclas_cl":"UQS121","mlsfc_cl":"","sclas_cl":"","atrb_se":"UQS121","wtnnc_sn":"47130URZ202007020057","ntfc_sn":"47130NTC202007020001","dgm_nm":"소로2류","dgm_ar":"1066","dgm_lt":"300","signgu_se":"47130","grad_se":"소로","road_ty":"2","road_no":"82","road_role":"PMI0004","excut_se":"EMA0002","sig_nam":"47","lcl_nam":"소로2류","mls_nam":"미분류","scl_nam":"미분류","atr_nam":"소로2류","pmi_nam":"국지도로","exc_nam":"미집행","_layer":"LT_C_UPISUQ151","_layer_nm":"도시계획시설_도로"},"id":"LT_C_UPISUQ151.177388"},{"type":"Feature","geometry":{"type":"MultiPolygon","coordinates":[[[[129.22082210895576,35.848223069994155],[129.22082815501477,35.84831625716593],[129.22085806323395,35.84829540173134],[129.2208670116908,35.848288869361014],[129.2209707583303,35.848213092114925],[129.22102764370516,35.848212474485734],[129.22088586222185,35.848131720122815],[129.22088663607659,35.84817555548498],[129.2208625639072,35.8481932188619],[129.22082210895576,35.848223069994155]]]]},"properties":{"present_sn":"47130UQ151PS201401070583","lclas_cl":"UQS121","mlsfc_cl":"","sclas_cl":"","atrb_se":"UQS121","wtnnc_sn":"47130URZ202007020059","ntfc_sn":"47130NTC202007020001","dgm_nm":"소로2류","dgm_ar":"144","dgm_lt":"61","signgu_se":"47130","grad_se":"소로","road_ty":"2","road_no":"132","road_role":"PMI0004","excut_se":"EMA0003","sig_nam":"47","lcl_nam":"소로2류","mls_nam":"미분류","scl_nam":"미분류","atr_nam":"소로2류","pmi_nam":"국지도로","exc_nam":"부분집행","_layer":"LT_C_UPISUQ151","_layer_nm":"도시계획시설_도로"},"id":"LT_C_UPISUQ151.177390"},{"type":"Feature","geometry":{"type":"MultiPolygon","coordinates":[[[[129.22374466049007,35.84984203053693],[129.22374463843846,35.84984206212144],[129.2237446053672,35.84984211175131],[129.2237232334457,35.84985943723938],[129.22372287909477,35.84987129833387],[129.22368982835124,35.849896540357854],[129.22357016982983,35.84998647191327],[129.22348831275954,35.8500478450296],[129.223435672952,35.850090724568844],[129.2233556084426,35.850155870516915],[129.22307095044383,35.8503887017549],[129.22295498579464,35.850481870377706],[129.22290129700346,35.850482113519384],[129.2229121069282,35.850508022536424],[129.22294771552495,35.850586356571746],[129.22297638162155,35.850540691519335],[129.22311788303253,35.850426999398444],[129.22353624695162,35.85008407680092],[129.2236149484696,35.85002644966961],[129.22373511513214,35.84993612959323],[129.22380200090126,35.84988504923607],[129.22375288102813,35.84984838716315],[129.22374466049007,35.84984203053693]]]]},"properties":{"present_sn":"47130UQ151PS201401070603","lclas_cl":"UQS122","mlsfc_cl":"","sclas_cl":"","atrb_se":"UQS122","wtnnc_sn":"47130URZ202007020062","ntfc_sn":"47130NTC202007020001","dgm_nm":"소로3류","dgm_ar":"658","dgm_lt":"235","signgu_se":"47130","grad_se":"소로","road_ty":"3","road_no":"8","road_role":"PMI0004","excut_se":"EMA0002","sig_nam":"47","lcl_nam":"소로3류","mls_nam":"미분류","scl_nam":"미분류","atr_nam":"소로3류","pmi_nam":"국지도로","exc_nam":"미집행","_layer":"LT_C_UPISUQ151","_layer_nm":"도시계획시설_도로"},"id":"LT_C_UPISUQ151.177393"},{"type":"Feature","geometry":{"type":"MultiPolygon","coordinates":[[[[129.21539512761802,35.84652328179459],[129.2153831064913,35.84640384252596],[129.21534662701114,35.84643057543736],[129.2152127328707,35.84643533792923],[129.21516465248905,35.84643728902218],[129.21506232643569,35.84644133729582],[129.21500079894665,35.84644413235996],[129.21490464703106,35.846447214203984],[129.21489457589772,35.84644798012758],[129.2147153676267,35.846454309594506],[129.21446680666307,35.84646378993346],[129.2144416143586,35.84646443841869],[129.21445589108183,35.84652133605799],[129.2144634399014,35.84652113341656],[129.21447476335953,35.84652091507182],[129.21456915279376,35.84651688137207],[129.21469894994314,35.84651156809156],[129.2150079560564,35.84650015034599],[129.21511073066787,35.84649822827077],[129.21521630498287,35.846495985690595],[129.21535161667447,35.84648730924746],[129.21537141797577,35.846503081926684],[129.21539512761802,35.84652328179459]]]]},"properties":{"present_sn":"47130UQ151PS201401070638","lclas_cl":"UQS122","mlsfc_cl":"","sclas_cl":"","atrb_se":"UQS122","wtnnc_sn":"47130URZ202007020064","ntfc_sn":"47130NTC202007020001","dgm_nm":"소로3류","dgm_ar":"554","dgm_lt":"193","signgu_se":"47130","grad_se":"소로","road_ty":"3","road_no":"53","road_role":"PMI0004","excut_se":"EMA0002","sig_nam":"47","lcl_nam":"소로3류","mls_nam":"미분류","scl_nam":"미분류","atr_nam":"소로3류","pmi_nam":"국지도로","exc_nam":"미집행","_layer":"LT_C_UPISUQ151","_layer_nm":"도시계획시설_도로"},"id":"LT_C_UPISUQ151.177395"},{"type":"Feature","geometry":{"type":"MultiPolygon","coordinates":[[[[129.21817693214456,35.84945216241899],[129.21813765791524,35.84937542876701],[129.2181231021081,35.849436857128325],[129.2181230469798,35.84943693834017],[129.2181213162288,35.84943959113355],[129.21810740377381,35.84946080458697],[129.21810737088305,35.84946092180866],[129.21807305045596,35.849597901473174],[129.2180272615479,35.84974304007379],[129.2179666574842,35.849899128486555],[129.2179343991689,35.84998038014512],[129.21785225855814,35.85014272590649],[129.21783575610826,35.850172298570364],[129.21781081687698,35.85020948395178],[129.2176795527613,35.8503983426431],[129.21764283427055,35.85045568308837],[129.21760243320995,35.85051850072788],[129.2175822730734,35.850542366014004],[129.21745471146556,35.85069268939051],[129.2174456030808,35.850705764861424],[129.21745432690736,35.85073049748421],[129.2174637984878,35.85075338120143],[129.21746743560695,35.85077605910528],[129.21757938658035,35.85064131034015],[129.21765805819865,35.85054640248245],[129.2176947780916,35.8504977230356],[129.2177973578849,35.850352905945165],[129.2178956309219,35.85019580348119],[129.21791323498067,35.85016425508927],[129.2179968179005,35.8499990587405],[129.21802993367896,35.84991562449703],[129.21809115325263,35.84975795775721],[129.21813782001396,35.84961001466463],[129.21817693214456,35.84945216241899]]]]},"properties":{"present_sn":"47130UQ151PS201401070646","lclas_cl":"UQS122","mlsfc_cl":"","sclas_cl":"","atrb_se":"UQS122","wtnnc_sn":"47130URZ202007020065","ntfc_sn":"47130NTC202007020001","dgm_nm":"소로3류","dgm_ar":"985","dgm_lt":"341","signgu_se":"47130","grad_se":"소로","road_ty":"3","road_no":"62","road_role":"PMI0004","excut_se":"EMA0002","sig_nam":"47","lcl_nam":"소로3류","mls_nam":"미분류","scl_nam":"미분류","atr_nam":"소로3류","pmi_nam":"국지도로","exc_nam":"미집행","_layer":"LT_C_UPISUQ151","_layer_nm":"도시계획시설_도로"},"id":"LT_C_UPISUQ151.177396"},{"type":"Feature","geometry":{"type":"MultiPolygon","coordinates":[[[[129.22137961576993,35.851179788877396],[129.22143741594434,35.85115690852609],[129.22158547778244,35.8511326641858],[129.22183501727443,35.85111981466687],[129.22188981669254,35.85111672201679],[129.22189746842477,35.85111755515544],[129.22193086780865,35.85111389790226],[129.22194821472598,35.85112193225524],[129.2220062691933,35.851166978302274],[129.22200666378774,35.85121353610187],[129.22211081517906,35.851127041310484],[129.222054407539,35.851129028477125],[129.22203609074262,35.85111455198921],[129.22196506480688,35.851058462419836],[129.22194917843387,35.85105816711862],[129.22187886014373,35.85106574043098],[129.22186415242845,35.851067335579664],[129.22167978001116,35.85108723970015],[129.22165166321088,35.851083668199834],[129.22162747457045,35.85107146454307],[129.22161100542198,35.851052568484796],[129.2216048654371,35.851029949369284],[129.2216100164679,35.851007165369865],[129.22161868239766,35.85099445089523],[129.22137936128357,35.85117983440557],[129.22137961576993,35.851179788877396]]]]},"properties":{"present_sn":"47130UQ151PS201401070660","lclas_cl":"UQS122","mlsfc_cl":"","sclas_cl":"","atrb_se":"UQS122","wtnnc_sn":"47130URZ202007020067","ntfc_sn":"47130NTC202007020001","dgm_nm":"소로3류","dgm_ar":"399","dgm_lt":"165","signgu_se":"47130","grad_se":"소로","road_ty":"3","road_no":"89","road_role":"PMI0004","excut_se":"EMA0002","sig_nam":"47","lcl_nam":"소로3류","mls_nam":"미분류","scl_nam":"미분류","atr_nam":"소로3류","pmi_nam":"국지도로","exc_nam":"미집행","_layer":"LT_C_UPISUQ151","_layer_nm":"도시계획시설_도로"},"id":"LT_C_UPISUQ151.177398"},{"type":"Feature","geometry":{"type":"MultiPolygon","coordinates":[[[[129.22113643900727,35.84113576875185],[129.22128208131414,35.841127895907746],[129.22143812124617,35.841121526970454],[129.22159360547946,35.84111434772289],[129.22159366082263,35.84111434762154],[129.22159521896185,35.84106935434072],[129.22159534237377,35.84106594738761],[129.2215954852837,35.841061585073234],[129.22159558840085,35.8410588450827],[129.22159565940763,35.84105650170122],[129.22159571141438,35.84105529393024],[129.22159572123803,35.84105484328698],[129.22159568803218,35.84105484334779],[129.22144066894685,35.84106207582158],[129.22128304912698,35.84106946606478],[129.22113604409395,35.84107683670041],[129.2208527000116,35.84109007089955],[129.22085262253123,35.84109007104099],[129.2207329122205,35.84108516138632],[129.22073285687736,35.84108516148731],[129.22069782051435,35.84108372031463],[129.22069694599318,35.84108368585986],[129.22068542508424,35.841084265650146],[129.22052242494692,35.84109135828443],[129.22035515414322,35.841099134413774],[129.22027103521077,35.84110429854101],[129.22010547732145,35.8411110978538],[129.21994991331985,35.84111749123334],[129.21987836151965,35.84112015380026],[129.21972474477107,35.84112625494943],[129.21959279814976,35.84113149643646],[129.21955271801988,35.841107091206815],[129.21955917267815,35.841196645775625],[129.21955950468825,35.84119662714814],[129.21957685843,35.84119590169292],[129.2195831225944,35.84119563797437],[129.2195836759775,35.841195618945065],[129.21972916853346,35.84118955075539],[129.21988147858693,35.84118319061248],[129.21995371487088,35.841179859873876],[129.2201092784498,35.84117326821492],[129.22027441531498,35.84116627138815],[129.22035912461504,35.84116244003406],[129.2205269291255,35.84115549207678],[129.22060098071185,35.841152193690476],[129.22070409536985,35.84114768864515],[129.22070581100925,35.84114768551551],[129.22073602830045,35.84114759433957],[129.22086813208534,35.84114719102603],[129.22113643900727,35.84113576875185]]]]},"properties":{"present_sn":"47130UQ151PS201401070710","lclas_cl":"UQS122","mlsfc_cl":"","sclas_cl":"","atrb_se":"UQS122","wtnnc_sn":"47130URZ202007020078","ntfc_sn":"47130NTC202007020001","dgm_nm":"소로3류","dgm_ar":"1259","dgm_lt":"386","signgu_se":"47130","grad_se":"소로","road_ty":"3","road_no":"166","road_role":"PMI0004","excut_se":"EMA0002","sig_nam":"47","lcl_nam":"소로3류","mls_nam":"미분류","scl_nam":"미분류","atr_nam":"소로3류","pmi_nam":"국지도로","exc_nam":"미집행","_layer":"LT_C_UPISUQ151","_layer_nm":"도시계획시설_도로"},"id":"LT_C_UPISUQ151.177417"},{"type":"Feature","geometry":{"type":"MultiPolygon","coordinates":[[[[129.22234959884707,35.84654085665286],[129.22234959839727,35.84654069442873],[129.2223444187227,35.84654099234869],[129.2223214090603,35.846542332436364],[129.22230637920285,35.84654321624373],[129.2222902868085,35.84654414706407],[129.22228654595426,35.84654437023772],[129.222285206758,35.8465444447984],[129.22227938530816,35.846544834019724],[129.22227938550802,35.84654490611934],[129.22228390421478,35.84662563176454],[129.22228706515855,35.84684349405299],[129.22228922698162,35.84686863494613],[129.22227718994043,35.846962855676615],[129.22228116614784,35.847035552178845],[129.2222874574552,35.847152739119615],[129.22227533283245,35.847187423457704],[129.22237992557817,35.847206193527626],[129.22236481140905,35.8469411908337],[129.22236062618703,35.846872982940695],[129.22234959884707,35.84654085665286]]]]},"properties":{"present_sn":"47130UQ151PS201401070717","lclas_cl":"UQS122","mlsfc_cl":"","sclas_cl":"","atrb_se":"UQS122","wtnnc_sn":"47130URZ202007020079","ntfc_sn":"47130NTC202007020001","dgm_nm":"소로3류","dgm_ar":"518","dgm_lt":"161","signgu_se":"47130","grad_se":"소로","road_ty":"3","road_no":"177","road_role":"PMI0004","excut_se":"EMA0002","sig_nam":"47","lcl_nam":"소로3류","mls_nam":"미분류","scl_nam":"미분류","atr_nam":"소로3류","pmi_nam":"국지도로","exc_nam":"미집행","_layer":"LT_C_UPISUQ151","_layer_nm":"도시계획시설_도로"},"id":"LT_C_UPISUQ151.177418"},{"type":"Feature","geometry":{"type":"MultiPolygon","coordinates":[[[[129.22227718994043,35.846962855676615],[129.22228922698162,35.84686863494613],[129.22226388295033,35.846894439227825],[129.2218729197025,35.846898527572584],[129.22148789072298,35.84690300033091],[129.22139536281696,35.846907739032844],[129.22116936977042,35.8469124062969],[129.22101194774388,35.846915442799165],[129.22076534361898,35.84692024609278],[129.2207337749531,35.846888633781575],[129.220746029512,35.8469692912929],[129.22076404449388,35.846971069932415],[129.2209291509581,35.84697682493112],[129.22141885113405,35.84696745791082],[129.22155846957358,35.84696701303137],[129.22174382949981,35.84695939132185],[129.22201205250587,35.84695461844766],[129.22214659569164,35.84695222648714],[129.22226024390065,35.846951368841445],[129.22227718994043,35.846962855676615]]]]},"properties":{"present_sn":"47130UQ151PS201401070718","lclas_cl":"UQS122","mlsfc_cl":"","sclas_cl":"","atrb_se":"UQS122","wtnnc_sn":"47130URZ202007020080","ntfc_sn":"47130NTC202007020001","dgm_nm":"소로3류","dgm_ar":"920","dgm_lt":"302","signgu_se":"47130","grad_se":"소로","road_ty":"3","road_no":"180","road_role":"PMI0004","excut_se":"EMA0002","sig_nam":"47","lcl_nam":"소로3류","mls_nam":"미분류","scl_nam":"미분류","atr_nam":"소로3류","pmi_nam":"국지도로","exc_nam":"미집행","_layer":"LT_C_UPISUQ151","_layer_nm":"도시계획시설_도로"},"id":"LT_C_UPISUQ151.177430"},{"type":"Feature","geometry":{"type":"MultiPolygon","coordinates":[[[[129.21664823830798,35.8438982808775],[129.21665204038857,35.843732245754076],[129.21665240928436,35.84371309352604],[129.21665347527036,35.84368564854761],[129.21665890132317,35.843543034004675],[129.21666267008536,35.84330320455675],[129.21666264690433,35.84329052400654],[129.21666252338431,35.84318332050352],[129.21666300025643,35.84313038020578],[129.2167055266138,35.84308917098594],[129.2165578043952,35.84309893463619],[129.21659307358718,35.843133010871554],[129.21659347040813,35.84318568824255],[129.2165957796734,35.84335222615276],[129.21659659866563,35.84356125166339],[129.21658568236447,35.843658813518566],[129.21657917955122,35.84378804641711],[129.21657802435928,35.8438972529738],[129.2165869756877,35.84410091048303],[129.2166062226129,35.84429273416494],[129.21667264208241,35.844290362120795],[129.21665336164475,35.8440984844347],[129.21664823830798,35.8438982808775]]]]},"properties":{"present_sn":"47130UQ151PS201401070647","lclas_cl":"UQS122","mlsfc_cl":"","sclas_cl":"","atrb_se":"UQS122","wtnnc_sn":"47130URZ202112270001","ntfc_sn":"47130NTC202112270001","dgm_nm":"소로3류","dgm_ar":"825","dgm_lt":"288","signgu_se":"47130","grad_se":"소로","road_ty":"3","road_no":"63","road_role":"PMI0004","excut_se":"EMA0003","sig_nam":"47","lcl_nam":"소로3류","mls_nam":"미분류","scl_nam":"미분류","atr_nam":"소로3류","pmi_nam":"국지도로","exc_nam":"부분집행","_layer":"LT_C_UPISUQ151","_layer_nm":"도시계획시설_도로"},"id":"LT_C_UPISUQ151.177890"},{"type":"Feature","geometry":{"type":"MultiPolygon","coordinates":[[[[129.21937424215295,35.85237583943689],[129.21939394267181,35.85241868513297],[129.21942482370605,35.852485627966736],[129.21942747417788,35.85249138213964],[129.21949090698837,35.85262893283089],[129.2195811313989,35.852827566566326],[129.21958690057303,35.85284025469039],[129.21962701708335,35.852928314987246],[129.21966494029087,35.85302392270408],[129.2197071302263,35.85312118996864],[129.2197282092572,35.85317005344206],[129.21986573205905,35.85347931041776],[129.21999314243863,35.853754040747354],[129.2199761242036,35.85378120829124],[129.22009478667272,35.85375638837099],[129.22008861706001,35.85374306111548],[129.22008603341547,35.85373748708672],[129.22008548775023,35.85373631645619],[129.22008420698614,35.85373352491541],[129.22008144478121,35.853727428487154],[129.22007946230318,35.853723079062725],[129.2200741048909,35.85371122837662],[129.21995460643038,35.85344743391789],[129.21994609715924,35.853428667366025],[129.21994496098714,35.85342611889788],[129.21990338011264,35.85333312253436],[129.21986178829016,35.85324013518725],[129.21985236499546,35.8532190721049],[129.21984868922812,35.853210850383924],[129.21980265330495,35.85310795735409],[129.21975686677845,35.85300715474875],[129.21971597862895,35.852916320051875],[129.21970296974288,35.85288758482886],[129.21965043482294,35.852772167166094],[129.21958898938985,35.85263687509023],[129.21955290598422,35.85255811735731],[129.2194860543649,35.85241319167168],[129.21947886023426,35.852397577068146],[129.219450050036,35.852334938460515],[129.2194086972699,35.852357247276075],[129.21937424215295,35.85237583943689]]]]},"properties":{"present_sn":"47130UQ151PS201401070581","lclas_cl":"UQS121","mlsfc_cl":"","sclas_cl":"","atrb_se":"UQS121","wtnnc_sn":"47130URZ202208250015","ntfc_sn":"47130NTC202208250001","dgm_nm":"소로2류","dgm_ar":"1398","dgm_lt":"354","signgu_se":"47130","grad_se":"소로","road_ty":"2","road_no":"130","road_role":"PMI0004","excut_se":"EMA0002","sig_nam":"47","lcl_nam":"소로2류","mls_nam":"미분류","scl_nam":"미분류","atr_nam":"소로2류","pmi_nam":"국지도로","exc_nam":"미집행","_layer":"LT_C_UPISUQ151","_layer_nm":"도시계획시설_도로"},"id":"LT_C_UPISUQ151.178035"},{"type":"Feature","geometry":{"type":"MultiPolygon","coordinates":[[[[129.2154161217582,35.84514902752603],[129.21542850678753,35.84537104644574],[129.21544225014804,35.84564542556066],[129.2154528290719,35.845743084195234],[129.21545503683956,35.84576553941286],[129.21551195616854,35.84580703073413],[129.21565638656912,35.845802014807106],[129.21585748615985,35.845786605350966],[129.21594580127794,35.845779832594765],[129.21593877829622,35.845617611124766],[129.2159343991097,35.84551639955569],[129.2159197747406,35.84519086711463],[129.21591733470828,35.84513151514163],[129.2156015794348,35.845142055007564],[129.2154161217582,35.84514902752603]]]]},"properties":{"dgm_nm":"기타 주차장시설","dgm_ar":"3267","dgm_lt":"232","signgu_se":"47130","excut_se":"EMA0002","sig_nam":"47","lcl_nam":"주차장","mls_nam":"기타주차장시설","scl_nam":"미분류","atr_nam":"기타주차장시설","pmi_nam":"","exc_nam":"미집행","wtnnc_sn":"47130URZ201409040001","ntfc_sn":"47130NTC201409020001","present_sn":"47130UQ152PS201312200053","lclas_cl":"UQS200","mlsfc_cl":"UQS290","sclas_cl":"","atrb_se":"UQS290","_layer":"LT_C_UPISUQ152","_layer_nm":"도시계획시설_교통(주차장·철도)"},"id":"LT_C_UPISUQ152.16079"},{"type":"Feature","geometry":{"type":"MultiPolygon","coordinates":[[[[129.21693888354272,35.842246381128234],[129.21687199137045,35.84198729238985],[129.21668840445096,35.84197925768948],[129.21668361787462,35.8419364838998],[129.216515812501,35.841939749392694],[129.2165309571215,35.8422769341729],[129.21662347470274,35.84227025253843],[129.21680603379255,35.842258146230535],[129.21693888354272,35.842246381128234]]]]},"properties":{"dgm_nm":"주차장","dgm_ar":"1148","dgm_lt":"140","signgu_se":"47130","excut_se":"EMA0002","sig_nam":"47","lcl_nam":"주차장","mls_nam":"기타주차장시설","scl_nam":"미분류","atr_nam":"기타주차장시설","pmi_nam":"","exc_nam":"미집행","wtnnc_sn":"47130URZ199804070002","ntfc_sn":"47130NTC199804070001","present_sn":"47130UQ152PS201312200007","lclas_cl":"UQS200","mlsfc_cl":"UQS290","sclas_cl":"","atrb_se":"UQS290","_layer":"LT_C_UPISUQ152","_layer_nm":"도시계획시설_교통(주차장·철도)"},"id":"LT_C_UPISUQ152.16085"},{"type":"Feature","geometry":{"type":"MultiPolygon","coordinates":[[[[129.295725831888,35.77696211139118],[129.29604521564852,35.77679708419416],[129.29617674813025,35.77688969073443],[129.29665463960075,35.776581225650716],[129.29685898884168,35.776449320431524],[129.2976148755463,35.77599900429583],[129.29766102302898,35.775970978677165],[129.29769634674605,35.77594691820035],[129.29773016116428,35.77592146447991],[129.29776238903392,35.775894662770455],[129.29779293112014,35.77586659443096],[129.2978217434527,35.77583733167173],[129.29784872669737,35.77580692881431],[129.2978738148325,35.77577547614847],[129.29789697494846,35.77574304585718],[129.29791811887168,35.775709719272186],[129.2979372026673,35.77567557761608],[129.29820601560814,35.775380446438646],[129.29832171802016,35.77529641595975],[129.29923468860943,35.77464817289923],[129.3004087161042,35.77391245603574],[129.30041957482544,35.773906129246456],[129.30077904309022,35.773683489486075],[129.30080449180437,35.773669060085815],[129.30082578852821,35.77365631735585],[129.30092822726013,35.77359043267365],[129.30126152172662,35.773278136299695],[129.30229216385754,35.77260762189241],[129.3024286037305,35.772687645834665],[129.30247915798103,35.77271772051576],[129.30250654219142,35.77273870539035],[129.302535324281,35.77271391181368],[129.30310563180956,35.7722151050816],[129.30299128943653,35.7721500685211],[129.30365304951215,35.771736352070945],[129.30369696393424,35.77169807340813],[129.30370970700997,35.771687190227134],[129.30372251664042,35.77167636095307],[129.30373538173262,35.77166557660122],[129.30374832443846,35.7716548461285],[129.30376132264013,35.77164416959041],[129.30377439845543,35.77163354693139],[129.3037875297666,35.771622978207],[129.3038007276325,35.771612463389424],[129.30381399205305,35.77160200247864],[129.3038273230284,35.771591595474625],[129.30384070949953,35.77158124240516],[129.30385416255956,35.77157095225493],[129.30386768214018,35.7715607069989],[129.3038812683097,35.77155052466205],[129.30389490994085,35.771540387247164],[129.303908618161,35.771530312751445],[129.30392239293582,35.77152029216236],[129.30393621218178,35.771510334547955],[129.3039501090413,35.77150043081233],[129.30396406139678,35.77149058101107],[129.30397806924805,35.77148078514417],[129.30399214368828,35.77147105219628],[129.30400627365853,35.77146138219521],[129.30402047014942,35.771451757088094],[129.30403472220445,35.77144220394026],[129.30404902972137,35.77143269571416],[129.30406339276826,35.77142325043479],[129.30407782240414,35.77141386807432],[129.30409230757013,35.771404548660556],[129.30410684823204,35.77139528318093],[129.30412144438995,35.77138607163543],[129.30413609607797,35.771376923036584],[129.30415080329607,35.77136783738436],[129.30416557710325,35.77135881465087],[129.30418039534757,35.77134984587928],[129.30418697155451,35.77134589983832],[129.3038508560138,35.77131972555743],[129.30281942310978,35.7720395272143],[129.3026556530627,35.77191740223035],[129.30224870646327,35.77219192568517],[129.3018125606363,35.772484023125436],[129.30209012581307,35.77253466541288],[129.3007850864455,35.77338968205436],[129.30074046361582,35.77341956167765],[129.30018489521805,35.77378778220141],[129.30009049286105,35.77384993311093],[129.29993021532763,35.7739372393426],[129.29923342522238,35.77430927566243],[129.29886478414522,35.7745474621679],[129.29875914897366,35.774622978434145],[129.29862116896837,35.77471748293391],[129.29822910127177,35.774970848482326],[129.2959590644371,35.77645929615531],[129.29585936595163,35.77653259625508],[129.29496683694356,35.77714081092689],[129.2945126215602,35.77745114030521],[129.29441424579312,35.77752392226045],[129.29385409928426,35.777938296041434],[129.2937172909637,35.778017632873315],[129.29364432731984,35.778062611707085],[129.29346485961779,35.77816593522673],[129.2934179333541,35.77819345641697],[129.29338697864185,35.77821217859159],[129.29335629040548,35.7782311885142],[129.29332587970492,35.778250486158115],[129.29329574653983,35.778270071523636],[129.29326590200307,35.778289953596556],[129.29323633493573,35.778310105366465],[129.2928252669584,35.77860351519056],[129.2924840127379,35.77884691510527],[129.2920436255437,35.779145169853905],[129.29154598096846,35.77947196875871],[129.29093331080233,35.779876217244336],[129.29082215916415,35.779947296579],[129.2902218499883,35.78035235886658],[129.29005542211604,35.780467452453735],[129.28991468489653,35.780566712177695],[129.2897604931933,35.780673826909705],[129.28923138611117,35.7810346329918],[129.28820062626025,35.78172083435835],[129.28808632932055,35.78179523528217],[129.28785236095354,35.78194138187709],[129.28784542935884,35.78194539095605],[129.287712807844,35.78202996529722],[129.28746861960636,35.78219194353222],[129.28692814605185,35.782544042287824],[129.2869026514459,35.78256259661276],[129.28687706799013,35.782581052004716],[129.2868513957811,35.782599435501176],[129.28682562366177,35.78261772009085],[129.28679976278917,35.78263593278488],[129.2867738130669,35.78265404654572],[129.28674776349868,35.782672079424586],[129.28672163617347,35.782690022356405],[129.28669540900242,35.782707884406115],[129.28666910407438,35.78272565650869],[129.28664269926838,35.782743338716514],[129.28661621670543,35.78276093097709],[129.28658963429672,35.782778442355344],[129.28656297409904,35.782795854773724],[129.28653622511615,35.78281318628336],[129.28650937625542,35.782830427898],[129.2864824606984,35.78284757953888],[129.2864554452637,35.782864641284604],[129.28642835204005,35.7828816040702],[129.2864011700314,35.78289848594681],[129.28637391026615,35.78291527787566],[129.28634655062328,35.782931979909094],[129.28631912425215,35.782948582955996],[129.28629160906405,35.78296509608117],[129.28626400505897,35.78298151928455],[129.286236334358,35.78299785251374],[129.28620856377955,35.7830140958472],[129.28618072647316,35.78303024019386],[129.28615280035007,35.78304629461848],[129.2861247964706,35.7830622590949],[129.28609671480288,35.783078124610476],[129.28606854431848,35.78309390020391],[129.2860403071064,35.78310957681022],[129.28601198107773,35.78312516349429],[129.28598358835356,35.78314066020361],[129.28595510678085,35.78315605797804],[129.28592655848072,35.783171356765216],[129.28589793242475,35.78318656560366],[129.2858692175204,35.78320167550704],[129.2858404359208,35.78321669543547],[129.28581158756194,35.78323160736389],[129.285782650419,35.78324643838205],[129.28575364651698,35.78326116140013],[129.28572456485946,35.78327579446918],[129.28569541647494,35.78329032855052],[129.28566071692845,35.783305227233484],[129.2856259284034,35.78331999092798],[129.2855910398072,35.78333461064757],[129.28555606220056,35.78334908636603],[129.2855209955836,35.78336341808329],[129.28548585098508,35.783377596760666],[129.28545060634804,35.783391640475294],[129.28541528376175,35.7834055401624],[129.28537987216572,35.78341929584796],[129.28534438258865,35.78343289849335],[129.28530880400217,35.78344635713707],[129.28527313640654,35.78345967177908],[129.2852373908623,35.783472842393174],[129.28520156733762,35.783485859966774],[129.2851656658648,35.78349873351231],[129.28512967538333,35.78351146305584],[129.2850936179825,35.78352403953258],[129.28505748260199,35.78353646296857],[129.28502125824528,35.783548751414806],[129.2849849669378,35.78356087778155],[129.2849486087436,35.78357286009375],[129.28489392112192,35.783590554505786],[129.28463840436942,35.78366438361961],[129.28341038536877,35.7840328370645],[129.28267923189551,35.78422634564258],[129.28258772612858,35.78425150639503],[129.28249884588837,35.784271568835976],[129.28203567803257,35.78438566802092],[129.28196390822276,35.78440248166923],[129.28156818277807,35.78450570577796],[129.28125413734634,35.7846016907484],[129.28084629474193,35.784795553127566],[129.28059243811296,35.78493828896943],[129.28002680735833,35.785296741870134],[129.2798858540224,35.78540665220229],[129.27966626896188,35.785596226207794],[129.2795129249661,35.785747045809345],[129.27950923663607,35.78575195717846],[129.2794860543392,35.78578416764677],[129.27946790514684,35.785810129772806],[129.27945011042559,35.785836244290486],[129.2794326591462,35.78586252023795],[129.2794155733992,35.785888948551786],[129.2793988421554,35.78591553827017],[129.279382465321,35.78594226235573],[129.27936645401988,35.78596913880807],[129.279350808221,35.78599615861483],[129.27933552789327,35.786023312763675],[129.27932061303693,35.786050601254686],[129.27908460775254,35.78646849164927],[129.27905867555606,35.78651159557134],[129.27904187475224,35.7865405196554],[129.27902546163605,35.78656960506854],[129.2790094471748,35.78659882474794],[129.2789938203392,35.78662818773173],[129.27897860322028,35.78665768495653],[129.27896377372767,35.78668732548601],[129.27894935392118,35.786717091244306],[129.27893533277148,35.78674699126955],[129.27892172127727,35.78677700751139],[129.27890850840933,35.78680714900795],[129.27889570519784,35.78683740672134],[129.27888331161174,35.786867771639194],[129.27887132768285,35.78689825277415],[129.27885975334894,35.786928832101296],[129.2788485997029,35.786959518607745],[129.27883785565265,35.78699030330662],[129.27882753222858,35.78702117716001],[129.27881761840112,35.78705214920605],[129.27880812516943,35.7870832013943],[129.27879905256506,35.78711434273739],[129.27879041161847,35.78714556419738],[129.27864168871986,35.78769525050213],[129.2786066431067,35.78797463993741],[129.27852033639178,35.78842858580506],[129.27850810211407,35.78847628148703],[129.27850467810757,35.78849366561493],[129.27848249466717,35.788581372997555],[129.27839906354433,35.788923988823704],[129.27839143395434,35.78895349552864],[129.2783830627478,35.78898285973956],[129.27837396098522,35.789012081430855],[129.2783641396959,35.78904115156435],[129.2783535877554,35.78907005214043],[129.27834231616166,35.789098765108356],[129.278330324914,35.789127290467974],[129.2783176272298,35.789156250056074],[129.27830443355563,35.789185724501124],[129.27829086337826,35.78921508264785],[129.27827689454338,35.789244315534596],[129.27826253811196,35.789273423135725],[129.27824779408365,35.78930240545113],[129.2782326734883,35.789331253442725],[129.2782171652641,35.78935996713582],[129.27820347916426,35.78938462097655],[129.27818959370066,35.78940920317381],[129.27817551993445,35.78943371370215],[129.2781612578656,35.78945815256142],[129.27814680749398,35.78948251975164],[129.27813215772667,35.7895068062856],[129.27811733071772,35.7895310211249],[129.27810231537438,35.7895551552824],[129.27808711172764,35.78957921777056],[129.27807171971503,35.78960319056425],[129.27805613939879,35.78962709168845],[129.27804037074768,35.789650912130554],[129.27802442482286,35.78967465186509],[129.27800829053166,35.78969830190487],[129.2779919679052,35.78972187126238],[129.2779754679736,35.789745350899565],[129.27795879079912,35.78976875884139],[129.27794192522654,35.78979206807569],[129.27792488237978,35.78981529660197],[129.2779076511347,35.78983842642058],[129.27789025367662,35.78986147550558],[129.2778726678513,35.78988443489526],[129.27785436078844,35.78990994649742],[129.27783472319896,35.78993775034747],[129.2778140883767,35.789965069807096],[129.27779250053598,35.78999189576158],[129.27776962491112,35.79002058126053],[129.27774636433185,35.790049907531944],[129.27772291534677,35.79007913509331],[129.27769928901733,35.79010826391909],[129.2776754743131,35.79013730304706],[129.277651482233,35.79016623442679],[129.27762731283946,35.7901950760831],[129.2776029660699,35.79022380999095],[129.2775784419554,35.79025244516267],[129.27748293197922,35.79036647515794],[129.27745859174257,35.790393929236004],[129.27743265522912,35.79042040460221],[129.27740518858943,35.790445838015714],[129.27737254041364,35.79047312187567],[129.27717100309707,35.79064459761986],[129.277091836268,35.79070912884671],[129.27667228898204,35.791052522310395],[129.27640065996732,35.791281386954985],[129.27616695337457,35.791476096848214],[129.2760842064499,35.791535813860236],[129.2758250481373,35.791753941782126],[129.27561765111173,35.79193143965196],[129.27539600493853,35.79213134782676],[129.27521525802473,35.79229063297279],[129.27485741977034,35.79262748062947],[129.27461852739694,35.79286066491108],[129.2745082713278,35.792973473258044],[129.27400698681498,35.793462974380354],[129.27337893967592,35.79411615790577],[129.27332747249645,35.79416960162396],[129.27278667533912,35.794748528469526],[129.2716602874493,35.795958504930645],[129.27142601986304,35.79620739930965],[129.2713004253205,35.796321158387556],[129.27106562427267,35.796527396794296],[129.2709871140424,35.79658644285109],[129.27062103396716,35.79686203782707],[129.27019914005737,35.79716702021891],[129.2698068091364,35.797444437827444],[129.26933720169757,35.7977742541148],[129.2683087329753,35.79854669119768],[129.2669561841422,35.79977943985979],[129.26645638608477,35.80022362675882],[129.26621411917594,35.800480946222294],[129.2661422412851,35.80057060817049],[129.26591699931697,35.80084823088812],[129.2660173191208,35.800901526767845],[129.26599456032062,35.800930957774746],[129.2653246448014,35.801797400805846],[129.2651594242889,35.802010955262624],[129.265089292126,35.80209400653209],[129.2650631391935,35.80212433704282],[129.264561659381,35.80277072530052],[129.26382516561054,35.8036235522828],[129.2636318443396,35.80382617059037],[129.2633572490955,35.804116342334794],[129.26310221718458,35.804448496403204],[129.2626231932325,35.80509636866437],[129.2620854744116,35.80582403714975],[129.26145559429187,35.8066839813949],[129.26115666610966,35.80708733514838],[129.26077307117004,35.8075649899669],[129.26063400234196,35.80774052079072],[129.2605278265899,35.80787522583913],[129.26042631414404,35.80800486470828],[129.26032738656917,35.808126512807455],[129.26030908419642,35.808159889624044],[129.2601893288541,35.808307376355074],[129.25978825757713,35.80882436026529],[129.25969816501245,35.80893814793569],[129.25967618666616,35.80896400707171],[129.25954584831894,35.80911733797959],[129.25943032748398,35.80926474274643],[129.2594218870571,35.80927550381052],[129.2593853266486,35.80932215007054],[129.2592781354553,35.80945892003926],[129.25886328121373,35.80997365918113],[129.25850188479643,35.810416236303006],[129.25826160951755,35.810711721306035],[129.25793979973858,35.81110750012387],[129.2576685826971,35.81142331011543],[129.25755797952334,35.811519240941585],[129.25728030133027,35.81177058807651],[129.25693439749995,35.8120705219706],[129.2565326063999,35.812381803069805],[129.25637650517322,35.812506281912476],[129.25621786551451,35.81263639876805],[129.25596527864337,35.81282674686137],[129.25591881792172,35.81286495924072],[129.25585732168122,35.81291406352985],[129.25574113046423,35.81301122118603],[129.25512039050383,35.81353133035308],[129.25477193799415,35.81382458505298],[129.25469994410676,35.81387507175647],[129.25429440576275,35.814196645528995],[129.25421467121078,35.81425932415912],[129.25386797133345,35.814528040400134],[129.25384508289304,35.81454711392162],[129.2537132966313,35.81464788932885],[129.25370433350807,35.81465473963935],[129.25360610426029,35.814737113012605],[129.25319917123903,35.8150648235247],[129.25276367287702,35.81544076437666],[129.2522426134918,35.81591139662408],[129.2520731672251,35.81606471976218],[129.2517650565523,35.81634677811651],[129.2514457264371,35.81663330218255],[129.25133937209,35.816733841828295],[129.25129771232136,35.81677304281795],[129.2512741903804,35.816795163398936],[129.2512637315321,35.81680508089619],[129.25113550049645,35.81692680021145],[129.25101271883713,35.81703616991509],[129.2509701032455,35.81707412904404],[129.25078964130213,35.8172130621702],[129.2506760424392,35.81730100770986],[129.25052602403898,35.81738796512017],[129.2505009292266,35.81740261741516],[129.25044485253227,35.81743538598309],[129.2502275147627,35.81756235388074],[129.24999921757754,35.81769515712695],[129.24991120993514,35.81774707099084],[129.24960062863158,35.81789044396784],[129.24943967927067,35.81794666279915],[129.24928751981736,35.81800065522406],[129.24923423434535,35.818020349296454],[129.2489098269582,35.81811639712519],[129.24762975699818,35.81851700061731],[129.2464595130716,35.81886774369273],[129.24527043251578,35.819231771015495],[129.2441590865631,35.81957328759525],[129.24412558090003,35.81958461188753],[129.24409198609905,35.81959573807461],[129.24405829106743,35.81960665716629],[129.24402449583266,35.819617378174975],[129.24399060039508,35.81962790110061],[129.2439566157656,35.81963820789577],[129.2439054716968,35.8196532988937],[129.24352029106126,35.819775428845546],[129.24295626751868,35.819956940043106],[129.24262790786364,35.820061171248966],[129.24244215560395,35.820129966896715],[129.24217715108855,35.82025048167607],[129.2421559936072,35.82026158241707],[129.24210868402037,35.82028981425814],[129.24209051347748,35.820300647644835],[129.2418559432222,35.820451977728396],[129.2416594639083,35.82059335351408],[129.241503202886,35.82072558206885],[129.24130356603303,35.82091028681487],[129.24128336461075,35.82093398501382],[129.2411760953576,35.82105292104529],[129.24093814342734,35.82137287152044],[129.2408046384084,35.821776592365815],[129.2406428177066,35.82215203398492],[129.24080519296282,35.82187286311442],[129.2409177243788,35.82167056004785],[129.24108166898478,35.821395044746644],[129.24109877444243,35.821364755581804],[129.2411163894862,35.821334654661676],[129.2411345031039,35.82130476003302],[129.24115311526805,35.82127506268317],[129.24117222603243,35.82124558063689],[129.2411918243037,35.82121630490345],[129.24122213589,35.82117281306279],[129.24142670859501,35.82093282474812],[129.24158118839867,35.82078952345233],[129.2422835705562,35.82030903025067],[129.24251611962657,35.820195988623574],[129.24287023283551,35.82008172012384],[129.2433744219758,35.81994298607166],[129.24340847421692,35.8199330127689],[129.24342449427374,35.81992833005868],[129.2434367221106,35.819924745496046],[129.2434721674351,35.81991438183222],[129.24366115612796,35.8198732735866],[129.24389966760685,35.819807947643454],[129.24396553040978,35.8197896184961],[129.24400922351185,35.81977691280237],[129.24405274940875,35.81976381087871],[129.24409608599606,35.81975032178247],[129.24413925543183,35.819736454481614],[129.24418222446397,35.81972219101841],[129.24422499314664,35.81970754941806],[129.24526879792498,35.81936670998303],[129.24627544326484,35.81905005470068],[129.24852801272226,35.81838088917685],[129.24892287749145,35.81826399557661],[129.2490928715434,35.818215924164065],[129.24925045647106,35.81817352894811],[129.24960198290242,35.81804118482711],[129.24991334484173,35.817935086079174],[129.24996844419454,35.8179080878033],[129.25004804089264,35.81786994441899],[129.25016924931228,35.81780169414945],[129.2503024789561,35.817734842855636],[129.25065150291948,35.817539395072515],[129.250807394278,35.81741611382229],[129.25082508140687,35.817399899635404],[129.25086014066744,35.81736936453961],[129.25122790329937,35.8170492688842],[129.25141375428748,35.81687899631938],[129.25143754149747,35.81685678503452],[129.25145062665482,35.81684456386435],[129.25183655324068,35.8164855574866],[129.25189812800573,35.81643513026707],[129.2521747939197,35.816185618339134],[129.25274253795374,35.81566185005124],[129.25303236796407,35.81539891598084],[129.25315971097018,35.81530604561444],[129.2533342731411,35.815186642420265],[129.25380345186835,35.81480099440045],[129.25389786045352,35.81472812810529],[129.25399753630438,35.81464842817949],[129.2543517169761,35.81437298149275],[129.25443108544832,35.814310006129446],[129.2547837603385,35.81402126783273],[129.25484943244294,35.81396958672403],[129.255121117394,35.813759895845685],[129.25546098253741,35.81349112732307],[129.25597298643865,35.813085462566576],[129.25667893326687,35.81252588245955],[129.257078334412,35.81222146450414],[129.25725474550987,35.812047687996525],[129.25743137246232,35.81186900794397],[129.2575219696746,35.811782862407554],[129.2577867167986,35.81153280404221],[129.25781996825938,35.811499125373736],[129.25784179905497,35.811478593312785],[129.25805541710648,35.811249840868015],[129.25823037329323,35.81103444608956],[129.25829884708386,35.810950591329224],[129.25832304927388,35.81092095144479],[129.25841453935885,35.81080691850891],[129.25850349029892,35.81069472948923],[129.2585222127686,35.81067113067074],[129.25900426802235,35.81006423074259],[129.2590258338137,35.81003722802378],[129.25981439258084,35.809050266663114],[129.25984202468896,35.80901756384235],[129.2599098648748,35.80893726946024],[129.25993318116244,35.80890435058167],[129.25996267616756,35.80886270328196],[129.26010402333864,35.8086892592704],[129.2601709608581,35.80860713713252],[129.26021449105932,35.80855371621994],[129.2602293341319,35.80853510941632],[129.26030242087472,35.80844549355506],[129.26032100849451,35.80842157930084],[129.26053183860375,35.808163519568595],[129.26063692143342,35.808049879201135],[129.2610950414754,35.807495799760495],[129.26113503471439,35.80744723489571],[129.26119054814035,35.80737749305348],[129.26121241245613,35.80735087682788],[129.26123057386695,35.80732874783507],[129.2613207528579,35.80721894235321],[129.26147639645808,35.80702747674555],[129.26149620990023,35.80700307297674],[129.2615394400883,35.80694979642327],[129.2615499642671,35.80693694880105],[129.2616881780699,35.8067682953263],[129.26169527822233,35.806760628304865],[129.26229283192856,35.806027117913864],[129.26306513057548,35.80508242985368],[129.26322605517944,35.80488786814638],[129.2637606955556,35.8042384661992],[129.264135138467,35.80379047294344],[129.26465437286058,35.802969384399994],[129.2647818383339,35.802796325646526],[129.266143648682,35.80099492526396],[129.2661817261255,35.800947696755884],[129.26614114140384,35.80092610188808],[129.26681077979813,35.80020075542969],[129.2672173535779,35.799758143045715],[129.2678160033028,35.79920153669034],[129.2686791766086,35.798459483150886],[129.2709577644628,35.79675657567728],[129.27117582780306,35.79658601971403],[129.27144943010347,35.796378071720056],[129.27165885590628,35.7961663108065],[129.27207883226288,35.7957263914859],[129.27255406596413,35.79519043441088],[129.272984419309,35.79470486688075],[129.27343495864173,35.79423958447517],[129.27350447947614,35.79416348734418],[129.27380509196487,35.79384523112647],[129.27427605902508,35.79337191412287],[129.27467879070753,35.79297308595214],[129.27501985172466,35.79262374954056],[129.27533232989478,35.7923497592236],[129.27604340475187,35.79174959502783],[129.27622460741784,35.79159500313546],[129.27632081484433,35.79152195271108],[129.27674376888726,35.79116129362418],[129.27717153739505,35.79079929715015],[129.27749853559834,35.79051557033512],[129.27752704585276,35.79049124305087],[129.27753990520753,35.790480101030965],[129.27755269803356,35.790468914099534],[129.2775694402921,35.79045145436285],[129.2776651350896,35.79035248388041],[129.27768683774863,35.790330028782805],[129.2777090169773,35.790307842963536],[129.27773229396814,35.790286429699194],[129.2777599509158,35.790258499291475],[129.2777871199825,35.790230236533255],[129.27781376804631,35.79020165952611],[129.27783991723052,35.79017276821958],[129.27786553438207,35.79014357170275],[129.27789063056272,35.79011406995051],[129.27791519477373,35.790084281013634],[129.2779392269842,35.79005419587988],[129.2779627051026,35.79002382361299],[129.27798565131482,35.78999318218739],[129.27800804349823,35.78996227165424],[129.27802798016168,35.789934602276865],[129.2780480659814,35.789908482715155],[129.27806910485532,35.789882874674355],[129.2781069945376,35.78983609338824],[129.2781385461376,35.78979257119769],[129.27816973208152,35.78974887860116],[129.27820055240105,35.789705024611415],[129.27823101809545,35.789660991178266],[129.27826110707352,35.78961678736538],[129.27829081936704,35.789572422185586],[129.2783201660377,35.78952789561366],[129.2783491470549,35.78948319863737],[129.27837774035862,35.7894383493329],[129.27840596804091,35.78939333863711],[129.27843263291385,35.789350620726914],[129.27845486418587,35.789314879740395],[129.27847593233398,35.78927866376257],[129.2784958042689,35.789241999908036],[129.2785144690558,35.789204924252815],[129.27853191569724,35.789167454847934],[129.27854813322713,35.789129618756945],[129.2785631106795,35.78909144304328],[129.2785768371197,35.78905296378285],[129.27858930151928,35.78901419001412],[129.27860049297504,35.78897516682543],[129.27861041155134,35.78893591224209],[129.2786601137083,35.788653280591085],[129.2787041725863,35.788519883080816],[129.2788194684675,35.787673850329746],[129.278846015887,35.78758163553297],[129.27888278395147,35.78737167490978],[129.27894165321754,35.78716840468118],[129.27896357886502,35.787105437306984],[129.27897844316323,35.78706351255996],[129.27899349564106,35.78702163243947],[129.27900875845165,35.786979805906846],[129.27902422050238,35.78693802397504],[129.27903987073185,35.78689628666952],[129.27905572023215,35.786854602977165],[129.27907176900308,35.786812972897934],[129.27908801701295,35.786771387419236],[129.27910446429289,35.786729855553475],[129.2791213767805,35.786691693314246],[129.27913854413683,35.786663209989634],[129.27915464818017,35.7866343145393],[129.27916965582241,35.78660503407779],[129.27918355606616,35.786575386656054],[129.27919634906925,35.786545417337024],[129.27921231648614,35.78651859508634],[129.27923010404345,35.78649353509422],[129.27924719358603,35.78646814324641],[129.27926356305503,35.78644243761934],[129.27927921254502,35.78641644525076],[129.27929413099562,35.78639016616653],[129.27932692044095,35.78634057532029],[129.27939997045775,35.78623012863907],[129.2794182325268,35.78620160669243],[129.27943859952373,35.7861740442231],[129.27946100548928,35.786147558546055],[129.27948536221712,35.786122230977135],[129.27952885320718,35.78608381796539],[129.279833983827,35.785785805198486],[129.2798769896733,35.78575110636381],[129.27999028717682,35.78565273311141],[129.28028593303938,35.78542694991508],[129.28048384355003,35.78528046913359],[129.28061214038632,35.785189036224196],[129.28071667985668,35.78511391703425],[129.28084473782664,35.78502075401516],[129.2808856428756,35.78499600057023],[129.28130064958341,35.78481985814455],[129.28215686594487,35.784506856752316],[129.28218948858412,35.784495487846726],[129.28222244534928,35.784484776070464],[129.2822557030271,35.78447471248817],[129.28228925062103,35.78446531515044],[129.28234434005694,35.78445146034253],[129.28259462305604,35.78438831021679],[129.28269265292442,35.78436260246106],[129.28332918259625,35.7841690722746],[129.28392217167186,35.784015512634774],[129.28497191470208,35.78371334730039],[129.28504478832116,35.78369002217349],[129.28509317763752,35.78367409098728],[129.28514142202587,35.78365784468323],[129.28518949942855,35.78364130133871],[129.2852374208737,35.783624451915266],[129.28528518636082,35.783607296413145],[129.285332784861,35.78358984387112],[129.28538020528111,35.783572085303],[129.28542746977396,35.78355402966924],[129.2854745451574,35.78353567704843],[129.28552319721416,35.78351592373547],[129.28557690207336,35.78349252639707],[129.28563037344185,35.783468796120964],[129.2856836113193,35.78344473290746],[129.28573662673378,35.783420327718225],[129.28578940868834,35.783395598604706],[129.28584195715047,35.7833705365547],[129.2858942610592,35.78334514159472],[129.28594633147466,35.78331941369884],[129.28599814630755,35.78329336193224],[129.28604971661787,35.783266986269055],[129.28610103134474,35.78324028673579],[129.28613111525303,35.78322447956826],[129.2861611658713,35.78320864543422],[129.28619119419588,35.78319276628254],[129.28622120032315,35.78317686915076],[129.28625118418876,35.783160936013886],[129.2862811347322,35.783144966898085],[129.28631106301387,35.78312896177726],[129.28634417035127,35.78311116462791],[129.28637311492767,35.7830953600985],[129.28640190400193,35.783079375678966],[129.28643054863454,35.7830632113432],[129.28645903779696,35.78304687613],[129.286487371457,35.78303036102702],[129.28682020835788,35.78281702810402],[129.28715875096893,35.78259139655651],[129.28770935332676,35.782235676642294],[129.2877533129316,35.78220626309619],[129.2878853859838,35.78211672408703],[129.28794475446628,35.782078549595006],[129.28806249485618,35.7820019325202],[129.2880776116699,35.781991892531465],[129.28809229955135,35.78198252950661],[129.28831237665068,35.78183357661688],[129.2885796541813,35.78166794552597],[129.28879512162425,35.78153248557406],[129.28905090116857,35.78135953564813],[129.28939070496082,35.78115278514401],[129.2895221180001,35.78106523769001],[129.290235520166,35.78048380158796],[129.2920076967827,35.779253065175254],[129.29263365460884,35.77882859985418],[129.29278748773123,35.77872223934762],[129.2928018725522,35.778711975220695],[129.29281632399196,35.77870178303137],[129.29283085307767,35.778691653740296],[129.29284545987497,35.778681605372405],[129.29286013325836,35.7786716199295],[129.2928748732606,35.77866170642405],[129.2928896909416,35.77865186482923],[129.2929045863014,35.77864209514502],[129.2929345657851,35.778622762603],[129.29296483389732,35.77860372676921],[129.29299537957826,35.7785849876702],[129.29302619173535,35.77856653632013],[129.29305725937454,35.778548390770545],[129.2930885935231,35.778530541982],[129.29310436608893,35.77852173449243],[129.29312813047738,35.77850865368074],[129.29321748421646,35.77846023765966],[129.29338835319993,35.77837037314628],[129.29348801870378,35.77832310353028],[129.29357808963684,35.77828340968087],[129.29366290257082,35.77824855027092],[129.2937223870435,35.77822547772405],[129.29383648209014,35.77818032676204],[129.2945863203202,35.77769111906483],[129.2946899684833,35.777623488327784],[129.29520425669648,35.77728790252484],[129.2956490305051,35.77700952521929],[129.295725831888,35.77696211139118]]],[[[129.31348831832443,35.756828309877406],[129.31365223236992,35.75608516429395],[129.31385501530278,35.756201098865525],[129.31389787162394,35.75603698506608],[129.31369534455612,35.75591286644643],[129.3137460967404,35.75557357206647],[129.31413855684056,35.75322151297001],[129.31443141368396,35.75162404909263],[129.31439692836068,35.75160123773312],[129.3143519227595,35.751579769566895],[129.31432195928406,35.7515653822368],[129.31429203986747,35.751550949721526],[129.3142759491309,35.75154430419688],[129.31396630965202,35.75322196051904],[129.31360390710546,35.75535579077588],[129.31352916462566,35.75585457145187],[129.31346319907422,35.7558204765962],[129.31337122162043,35.75569693587627],[129.31333859744348,35.75562441484576],[129.3133188290249,35.755769244708205],[129.3134064182662,35.75590729813928],[129.3134774441646,35.755980089072175],[129.31351605837511,35.756009342995256],[129.31351178542684,35.75612701373404],[129.31331894919583,35.756828749053135],[129.3129619408012,35.75903013872348],[129.31312850937508,35.7591014386422],[129.3132194360927,35.758367928196755],[129.3133479623237,35.757520040225906],[129.31334789485646,35.75751975199731],[129.31348831832443,35.756828309877406]]],[[[129.21981934870652,35.8520504827427],[129.21980732944408,35.85202330488911],[129.21959262665305,35.85213791007459],[129.2196041995227,35.85215571577093],[129.21960941345114,35.852163745446454],[129.21963515930642,35.85222309101],[129.21968429401934,35.852329971025874],[129.21971642248488,35.85239959724178],[129.21975691463416,35.85248741348247],[129.21978081351492,35.8525392459509],[129.21987194064738,35.852739851564856],[129.21987765418876,35.852752422613825],[129.21991799369076,35.85284096007096],[129.21995801367876,35.85293002081833],[129.2199782729857,35.85297462283301],[129.21999374315826,35.85300868894246],[129.21999855460444,35.85301927887826],[129.22002280126148,35.85307266982133],[129.22005602906745,35.85314734093033],[129.22015407238075,35.85336657155004],[129.22016258176825,35.85338536512457],[129.2202918933798,35.853670816539285],[129.22033385563742,35.853761369683575],[129.22035764494726,35.853813337411836],[129.22038669110728,35.85387678647818],[129.22042307954445,35.85395322717621],[129.2204948726542,35.8540864540971],[129.22066457469725,35.85436889337637],[129.22086213308017,35.854828719347985],[129.22087786058222,35.8548675164165],[129.22091130299384,35.85494316923293],[129.22166268254233,35.85659089890814],[129.22171616332488,35.856726105284636],[129.22175232976826,35.85680540290296],[129.2218142229144,35.85694395546398],[129.22188327718447,35.85710979365952],[129.2218881782728,35.857120590634175],[129.22193651891033,35.85725036278969],[129.22201158285503,35.85742333677276],[129.2220547415321,35.85756469040921],[129.22206632453123,35.85760564889355],[129.22207824589736,35.85766483900291],[129.22208796341204,35.85770378211378],[129.2221387232132,35.85797118832582],[129.22216381479902,35.85814861599331],[129.22218017363002,35.858306872122455],[129.22218945101318,35.8584585801684],[129.22219070386933,35.8584792074316],[129.22218832021446,35.85862577274252],[129.2221880811015,35.858647349056014],[129.2221858995602,35.85884686230287],[129.22217112422797,35.858996334358835],[129.22216846422558,35.85902324149213],[129.2220971730314,35.85939344278378],[129.22208905333372,35.85942778621986],[129.22208473453765,35.85944340376068],[129.22205317653572,35.859557505589024],[129.22201484425779,35.85969610674191],[129.22200618503794,35.859727549143365],[129.2219911489318,35.85976705138962],[129.22198481678186,35.85978326744454],[129.22194107520147,35.8598996086657],[129.2219410422372,35.85989969885097],[129.22188578736336,35.86003240079507],[129.2218122395942,35.86019207455023],[129.22173477926881,35.86035427892236],[129.22172138922807,35.860380574835915],[129.22156459608794,35.860628750296826],[129.22143776119754,35.86081277397736],[129.22140833208772,35.860852401629806],[129.2212970871698,35.86099707518842],[129.2211997361059,35.86111350517421],[129.2211821437996,35.86113767275289],[129.22112384133547,35.86120586859869],[129.22109014877626,35.8612452696406],[129.22107697191686,35.86126067801952],[129.2208814735179,35.8615024613496],[129.22081929521892,35.861578595099516],[129.22079254451802,35.86160605086675],[129.22055656310826,35.86187870316992],[129.22034696705128,35.862116311502206],[129.2201558056487,35.862338384456294],[129.2199824599869,35.86254119208316],[129.21981348436844,35.86273908872793],[129.219657942795,35.86291856627853],[129.21952744623857,35.863070266795376],[129.2193512023199,35.86327516964535],[129.2191832024336,35.8634706753101],[129.21907313563614,35.86359955477347],[129.21895864123056,35.863733029496515],[129.21891403611812,35.86378694172199],[129.21889776791602,35.863805870315204],[129.21866812528756,35.86407318098906],[129.21829711998504,35.8645049896717],[129.21804035438706,35.8648035131872],[129.21792622162857,35.864936887116144],[129.2176808080968,35.865221311916684],[129.21736611481248,35.865587396523296],[129.2171801142753,35.86580380454964],[129.21713550133282,35.865855697321045],[129.21705401257435,35.865950519549145],[129.21661211470325,35.86645536097124],[129.21659494029362,35.86647532730248],[129.21656567974387,35.866509338669246],[129.21653641916922,35.86654335002881],[129.2164431736721,35.86665172960474],[129.21634991687364,35.86676011813942],[129.21633088932924,35.86678272839939],[129.21626340987035,35.86686290680361],[129.2162339472325,35.86689599016499],[129.21620784041374,35.866925318334815],[129.21614091045797,35.86700406270431],[129.21597670629828,35.86719641165618],[129.2159382046102,35.867244525851284],[129.21555956091993,35.86767965612184],[129.21547766208974,35.867775721708945],[129.2154461992717,35.867810511792015],[129.21526745002305,35.86801799055035],[129.21517692144943,35.868125084517494],[129.2148037738764,35.868552478896525],[129.2147981028755,35.868560041411854],[129.21479126239586,35.86856917417228],[129.21476877648462,35.868594845545445],[129.21474828368753,35.868616412704625],[129.21447598130857,35.86893237711412],[129.2142994599722,35.86913432581083],[129.2140940636881,35.869374826594154],[129.2140702213926,35.869402744337854],[129.21392993238922,35.869552518293006],[129.21391117142338,35.869575947824146],[129.21352120377605,35.87003313604439],[129.21317036459396,35.8704576739778],[129.2118671985455,35.87196968570967],[129.21200384633798,35.872114718176555],[129.21356170170353,35.870242784574266],[129.2144735302618,35.86915845011969],[129.21453049053406,35.86909333320351],[129.21476364070676,35.86882280693982],[129.2148172974871,35.868760552700785],[129.2148640221488,35.86870632283123],[129.21488765954408,35.86868475907933],[129.21489603767043,35.86867509184668],[129.21510966287659,35.86842868088644],[129.21523501685024,35.86828111312255],[129.2152660800076,35.86824582812262],[129.21538025397817,35.868116133792256],[129.21544585719778,35.86804161005534],[129.21564984063625,35.86780554357144],[129.21573880394462,35.86770142614924],[129.21594918485084,35.867452802383546],[129.21598592376287,35.86741202748175],[129.21618440076077,35.867175852739834],[129.21628320287564,35.867058288746435],[129.21636130971257,35.8669691058963],[129.21645697067333,35.866857081029934],[129.21653701367669,35.86676339737737],[129.2166162618273,35.8666706523903],[129.21669220118093,35.86659092728052],[129.21703478012512,35.866191709689836],[129.21728456565515,35.86590069929124],[129.2174589210853,35.865697569383414],[129.21775081439074,35.86535904966662],[129.21786392437699,35.865227894821835],[129.2178975769784,35.86518888231365],[129.2181135417445,35.86494240760976],[129.218245533512,35.86478877730033],[129.2184566077699,35.864544302546136],[129.21867723660526,35.864287949729274],[129.2189253721381,35.86399715512846],[129.21895880534208,35.8639592692727],[129.21898262684846,35.86392901634642],[129.21936772618915,35.86347918205041],[129.2193893025763,35.86345398009745],[129.21956110556488,35.86325259110988],[129.21973838409576,35.86304566727889],[129.21987331784047,35.8628891548196],[129.22002787332082,35.8627096156966],[129.2201971601304,35.86251236708191],[129.2203667883304,35.86231475710271],[129.22056165888543,35.86208895489808],[129.2207702355243,35.86185130298964],[129.22084292232628,35.86176761565412],[129.22086410564214,35.861744748379145],[129.2208750550403,35.86172854198179],[129.220888882372,35.86170807644003],[129.22091631935004,35.86167654576],[129.22094374523485,35.86164501509383],[129.2210277444667,35.86154844617921],[129.22103354969644,35.8615417753525],[129.22114126107832,35.86140806767855],[129.22115404686215,35.86139537276291],[129.22120650437466,35.86134347313583],[129.2212718776599,35.86126584628049],[129.22128550627127,35.86124966198097],[129.22128783470524,35.8612468908914],[129.22153485500706,35.86093199346582],[129.22159320190266,35.86085203605637],[129.2217527367681,35.86061029946071],[129.22188233128136,35.86039168950991],[129.22200090859943,35.860152911686114],[129.2220966368991,35.8599391402543],[129.222141571132,35.85981378431028],[129.2221446504392,35.859794347754494],[129.222158856937,35.85975114288492],[129.2222105320707,35.85957340302467],[129.2222403623776,35.859447191560214],[129.22224769105733,35.85942306070464],[129.22228859944207,35.85922351236262],[129.22233952169407,35.858850410323576],[129.22234325053293,35.858630120466934],[129.2223437717232,35.858574548564434],[129.2223421300172,35.85855743688477],[129.22234362343215,35.85849714065552],[129.2223375579422,35.85830608724722],[129.22231862887958,35.85810739686827],[129.22229920813612,35.857970902506544],[129.22225781270524,35.857735022837645],[129.22225647492112,35.8577316816656],[129.22224198252064,35.85769557726053],[129.22215787733032,35.85738840617515],[129.22201097123295,35.8570306100247],[129.22195940942828,35.856881007333335],[129.2218903986033,35.856746847968765],[129.2218807943764,35.8567247579684],[129.22182652719013,35.856589517057785],[129.22106310059257,35.85491008648246],[129.22096587547497,35.85465192123858],[129.2209472468112,35.85458877774429],[129.22091810492728,35.85452700531927],[129.22089396301573,35.854475849476664],[129.22084025794916,35.85436265157751],[129.22082479816987,35.85432856754186],[129.2207736962584,35.85419577171384],[129.22070819098926,35.85404257083456],[129.22068582911942,35.85399047439932],[129.22064867923334,35.85390294080007],[129.22057383067573,35.8537295058236],[129.22055280608095,35.85368055228008],[129.22049892316207,35.85355866649861],[129.22042038100432,35.8533823902019],[129.22024938010802,35.85299679595779],[129.22023922134812,35.85297400384642],[129.22017772268194,35.85283587324128],[129.2201366714137,35.85274221807373],[129.2200813989186,35.852617757040704],[129.2200559043097,35.85256138524162],[129.21999775808288,35.852434450958896],[129.21994803920526,35.85232868067204],[129.21989948500448,35.85222370134452],[129.21985059694916,35.852118037652836],[129.21981934870652,35.8520504827427]]],[[[129.21907640014015,35.84831289890551],[129.21909010400717,35.8483127479151],[129.2192524535577,35.84831327394462],[129.2192764193236,35.848313230510385],[129.21942354595302,35.848312990798924],[129.21945014629236,35.84831294255175],[129.21959447227655,35.84831269869858],[129.21963166618457,35.848312604144986],[129.21979045993547,35.84831224366582],[129.21980298004107,35.848312347094534],[129.21984863246067,35.84831271476808],[129.21987740321407,35.848312941869594],[129.22003869220615,35.84831424383894],[129.2200798723702,35.84831457449618],[129.2202010726171,35.848313912343755],[129.22022591263553,35.848313777003945],[129.22027054494234,35.84831352451202],[129.22038348731013,35.84831290424808],[129.22040576298386,35.84831013288152],[129.2204229531102,35.84830570346515],[129.22043924144097,35.84829940109059],[129.220454318323,35.84829133447246],[129.22046788534627,35.84828167539234],[129.2204797104943,35.8482705864985],[129.22048955083008,35.848258284534126],[129.22049722988436,35.84824500414617],[129.22050260442188,35.848230988933466],[129.22050556446612,35.8482165004591],[129.22050606653298,35.84820182720237],[129.22049759853272,35.84803284934265],[129.2204863967663,35.848017007767],[129.2204755930141,35.848000985215016],[129.2204651651864,35.84798479975206],[129.22045514646695,35.84796844230525],[129.22044553688045,35.84795192188711],[129.220436314337,35.84793525656298],[129.22042751202042,35.84791843726002],[129.22041911893524,35.84790149103586],[129.22041114610124,35.84788439984548],[129.2204035935925,35.847867190726305],[129.22039645033925,35.84784986369859],[129.22038973848038,35.84783241872209],[129.22038345806519,35.847814873821775],[129.2203776090686,35.84779721998528],[129.2203721804951,35.84777948427013],[129.2203671944836,35.84776166663612],[129.22036265103372,35.84774376708325],[129.2203585391005,35.847725794644205],[129.22035485873315,35.84770776734397],[129.2203516320457,35.84768967612973],[129.22034883694826,35.847671539066795],[129.2203454853794,35.8476442553341],[129.22032073993498,35.84715896847267],[129.2203109780187,35.847030540148495],[129.22029342932876,35.84691642883227],[129.22027862312024,35.84654740304642],[129.2202743012241,35.84643683658362],[129.22025090985022,35.84581551249174],[129.2202005867138,35.845689843688724],[129.22011158809212,35.84546756815491],[129.22005478022604,35.84534645338016],[129.21999717903026,35.84522257318102],[129.21996718503863,35.84515935095858],[129.21994042243958,35.8451038826158],[129.21982640241725,35.84486313164294],[129.2202012752521,35.84484804795786],[129.22019046996618,35.84464178952025],[129.21959006662428,35.844653984140336],[129.21956395164207,35.84441036055715],[129.21956363950312,35.8444055123982],[129.2195085700754,35.84355600381293],[129.21948424975452,35.84321965628471],[129.21917244207117,35.843233866450156],[129.21894856645082,35.843244068377246],[129.21885640023692,35.843116176475334],[129.2187232421245,35.84286102996403],[129.21864963399716,35.84268652772642],[129.218603880864,35.84256678916289],[129.21856294868076,35.84180734332046],[129.2185625252533,35.841680375915075],[129.21851287872676,35.840777169168575],[129.21849564357015,35.840549129800124],[129.2184950151572,35.84035904815091],[129.21853101417753,35.840189854428864],[129.21856290514216,35.84005668209233],[129.21858526493506,35.83996374077253],[129.2186101428165,35.83989721957059],[129.21866592495365,35.839721428945666],[129.2187129949408,35.8395899234788],[129.21879437637773,35.83941354576006],[129.2188982630473,35.83921004468049],[129.2189503362354,35.839095113075494],[129.21900467419158,35.83899895040318],[129.2192118911394,35.83867690068304],[129.21929027300826,35.838578179822704],[129.21952510596273,35.838301664766156],[129.2196094258659,35.83820520407172],[129.21974103086055,35.83810529578531],[129.2198015738978,35.83805262485775],[129.21992019110442,35.837951171789584],[129.22000577756972,35.837880979979026],[129.22013203005346,35.83777502458594],[129.22016756874362,35.837750319719184],[129.22043264975576,35.837551859248904],[129.22046912736064,35.83752653973109],[129.22049538416255,35.83751154012868],[129.22067421969652,35.83740938172942],[129.22088590236146,35.83729015649271],[129.2210925546062,35.83717720376963],[129.22116872626805,35.83714132093461],[129.22139256571336,35.83704010661559],[129.22151063226144,35.83699704503694],[129.2218623313524,35.83687244254591],[129.2219224910121,35.83685007131056],[129.2220865473848,35.836799904054594],[129.2222599792693,35.83675011590239],[129.22230050043635,35.836738460379166],[129.22257352450745,35.83668137787383],[129.2230134033082,35.836621752198255],[129.22330950033262,35.83659141067431],[129.2239845605413,35.83652687692095],[129.22464889364542,35.836469866719135],[129.2255452363639,35.836390078504515],[129.22597064912802,35.83634356415788],[129.22641361604408,35.836293401436],[129.22674904243405,35.83621863626874],[129.2273290584701,35.83605744043233],[129.22752193293638,35.835996315473906],[129.22762650573736,35.835962105528104],[129.22779362884347,35.83590247960058],[129.22789435272432,35.83586541970293],[129.22799426448145,35.835826928262],[129.2280933309583,35.83578702336735],[129.22819153006645,35.83574572308775],[129.22828882859835,35.83570302748793],[129.22843352826987,35.83563606173698],[129.22853024949438,35.83558895090054],[129.22862593738893,35.83554047203713],[129.22872058090837,35.83549063418263],[129.22881413585563,35.835439464460634],[129.22890658011818,35.835386971927974],[129.2289978805415,35.835333174674986],[129.22911921492923,35.83525855564032],[129.22926524465922,35.83516180902399],[129.22939401207628,35.83507416155398],[129.2294384886959,35.8350414338803],[129.22947404112713,35.835015230154156],[129.22950957134785,35.834989008434555],[129.22954507933224,35.83496275970899],[129.22958056513193,35.83493650200248],[129.22961602869526,35.83491021729007],[129.22965147004808,35.834883914584246],[129.2296868891903,35.8348575938851],[129.229722286122,35.83483125519257],[129.22975766081737,35.8348048894942],[129.22979302436994,35.834778505781536],[129.23042142602233,35.83424458971715],[129.23218649161154,35.83265592215757],[129.23306218464853,35.83190490137529],[129.2344399360589,35.83068658537515],[129.23570807384087,35.82963140441986],[129.23580752129578,35.829551855340455],[129.23635437498973,35.82906221922951],[129.23648284681886,35.82894786058517],[129.23679593970786,35.8286617403674],[129.23697375965492,35.828484341120244],[129.23710986678716,35.82834035169214],[129.23713034817578,35.828316716757094],[129.23715072981747,35.828293036951436],[129.23717103384593,35.82826931223186],[129.23719123807425,35.82824552461681],[129.23721134255578,35.82822169213134],[129.23723136939756,35.82819780571959],[129.23725129646596,35.82817386542497],[129.23727113485455,35.82814988023838],[129.2372908845367,35.828125841147305],[129.23731053447227,35.828101757186026],[129.23733009570154,35.828077619320396],[129.2373527063178,35.828048031904075],[129.2373762521016,35.82801658606853],[129.23739967597206,35.82798508639235],[129.2374229779025,35.82795352386321],[129.23744615789312,35.82792189848112],[129.2374692159706,35.827890219258684],[129.23749216317523,35.82785847716176],[129.23751497740017,35.827826681246314],[129.23753768075238,35.82779482245643],[129.23756025112513,35.827762909848275],[129.23758269958526,35.82773094340001],[129.23761189560284,35.827690428832874],[129.23762847661249,35.82766526033206],[129.23764358394476,35.82763949088539],[129.2376669805223,35.82759885251124],[129.23769295183445,35.82755692929416],[129.2377187679981,35.82751494328849],[129.2377444400802,35.82747289447261],[129.2377699570409,35.82743079188081],[129.23779532992043,35.82738862647892],[129.23782054765218,35.82734639828887],[129.23784562130305,35.827304107288946],[129.2378705398333,35.82726176251348],[129.23789531430972,35.82721936394077],[129.2379199336392,35.82717690258025],[129.23794439782185,35.82713437843201],[129.2379687068846,35.827091800508555],[129.23799287189442,35.82704916878827],[129.23801689285133,35.827006483271234],[129.23804074759553,35.82696373498855],[129.23806445828728,35.82692093290932],[129.2380880138334,35.82687806804286],[129.2381114253542,35.826835158392434],[129.2381346706631,35.82679218597682],[129.23815777192036,35.826749159764915],[129.23818071805943,35.82670607977864],[129.23820350910748,35.826662955030535],[129.23821930137842,35.826633182598265],[129.2382353706241,35.826603517768525],[129.2382517389773,35.82657396049759],[129.23826839537128,35.826544510807146],[129.23828532873918,35.82651516871888],[129.23830256121394,35.82648593418909],[129.23832007068881,35.826456816273705],[129.2383378682035,35.82642780593834],[129.23835594274473,35.8263989212296],[129.2383743053252,35.82637014410064],[129.23839294493175,35.826341492598075],[129.23840822564955,35.826310928045785],[129.23842238667743,35.826279707784316],[129.238436614174,35.826248514427576],[129.2384508970457,35.826217338984875],[129.23846526851918,35.826186190403234],[129.2384796953678,35.8261550597356],[129.23849418865802,35.82612394696014],[129.23850874838985,35.82609285207679],[129.23852337458993,35.82606178409804],[129.23853806723145,35.82603073401138],[129.23855282631433,35.825999701816784],[129.23856735596405,35.82596967046307],[129.23858162292825,35.82594062199084],[129.23859590097538,35.82591158250744],[129.23861020117207,35.82588255199108],[129.2386245234913,35.825853521429224],[129.2386406499547,35.82582087328327],[129.23871133116566,35.825686681503356],[129.23881437480009,35.82549440314422],[129.2390036126853,35.825171398944825],[129.23930812874633,35.824640896311216],[129.23957595869396,35.82416691100003],[129.2398487105865,35.823685732314864],[129.24002029476512,35.82337191816878],[129.2400849561267,35.82324297375968],[129.24022570417299,35.822964801972155],[129.24039609534017,35.822645320745785],[129.2404151721738,35.82260800700472],[129.2388308376785,35.82512875950173],[129.23855918151193,35.825665793252305],[129.23853945750332,35.82570185521796],[129.23851971134397,35.82573791722393],[129.23849996513997,35.82577397021399],[129.2384802078517,35.82581002322249],[129.23846043947913,35.825846076249405],[129.23844064892896,35.825882120304094],[129.23842085833417,35.8259181553429],[129.23840105665505,35.82595419040011],[129.23838124389158,35.82599022547571],[129.23836142001701,35.826026251557245],[129.23834158505798,35.82606227765714],[129.23832173901462,35.82609830377545],[129.23830188186005,35.826134320899676],[129.23828201359433,35.82617032902976],[129.2382621342442,35.82620633717825],[129.2382422438096,35.82624234534508],[129.23822234226375,35.82627834451781],[129.2382024296335,35.82631434370887],[129.2381825058919,35.82635033390583],[129.23816257106589,35.826386324121074],[129.2381426251286,35.82642230534223],[129.23812266810683,35.82645828658172],[129.23810270000044,35.82649426783952],[129.2380827318494,35.82653024008136],[129.23806274152045,35.82656620335087],[129.23804274010692,35.826602166638644],[129.2380227276088,35.82663812994477],[129.23800271506602,35.82667408423489],[129.23798268037194,35.82671003856512],[129.23796263459326,35.82674599291362],[129.23794258876984,35.826781938246164],[129.23792252076842,35.82681787460627],[129.23790245274898,35.82685381096288],[129.23788236257818,35.82688974735953],[129.2378622723627,35.82692567474021],[129.2378421599958,35.8269616021609],[129.23782204758416,35.826997520565605],[129.23780191302112,35.827033439010314],[129.23778177841328,35.827069348439046],[129.23776162165402,35.827105257907725],[129.23774146487673,35.827141167372915],[129.23772129698784,35.82717706784386],[129.23770110692087,35.827212959342276],[129.23768091683579,35.82724885083717],[129.23765272492267,35.82729950253922],[129.2376364110257,35.827328888380755],[129.2376196539943,35.827358121877644],[129.23760245374817,35.82738717599231],[129.2375848213534,35.82741605070279],[129.23756673467642,35.82744474605241],[129.23754821585024,35.82747326199749],[129.23752927591448,35.82750158950365],[129.23751349045793,35.82752633284064],[129.23749747229655,35.82755097749467],[129.23748122143016,35.82757552346565],[129.23746472676524,35.827599961762715],[129.23744799936827,35.82762429236405],[129.23741963681908,35.82766599490887],[129.2373956820342,35.82770129891699],[129.23737146125237,35.8277364772669],[129.23734697447338,35.8277715299584],[129.23732222172364,35.82780646600383],[129.23729720294963,35.82784126737808],[129.23727192927123,35.82787595208426],[129.23724637850125,35.827910502140625],[129.23722058389322,35.827944935506885],[129.23719452323337,35.827979225188834],[129.23716819657477,35.82801338921125],[129.23714211824876,35.82804546183573],[129.23711648778004,35.828075550821595],[129.23709089057246,35.82810566677423],[129.2370653155058,35.828135791690414],[129.2370397847405,35.8281659345393],[129.23701427611607,35.82819608635174],[129.236988789686,35.82822626515276],[129.23696334755724,35.82825646188647],[129.2368365391448,35.82839384478991],[129.23671479547892,35.82851504918159],[129.23642751487483,35.828783688525405],[129.23612575806936,35.829049038828096],[129.2357199114528,35.82940778973923],[129.235615934926,35.82949394473537],[129.2330436047966,35.831757140904756],[129.23201784995064,35.8326309115698],[129.23165015785304,35.83295414719816],[129.23130777453002,35.833258244788254],[129.2308004809598,35.833708577786005],[129.23012470975257,35.83430970218628],[129.22972012542633,35.83466035500401],[129.22966096199855,35.8347084860162],[129.22955304432506,35.83479512086044],[129.22951143067363,35.83482652731864],[129.2294802866912,35.83485003696452],[129.22945138462515,35.83487185700976],[129.2292846086807,35.83499366191714],[129.22926503624538,35.83500757828414],[129.2291216115645,35.835105662832525],[129.22910880612807,35.835113437847625],[129.22895133998028,35.83520906133167],[129.22884820259364,35.8352686850024],[129.22874382121515,35.83532682387202],[129.2286381958476,35.83538347793738],[129.2285313707146,35.83543862908655],[129.22842338998814,35.835492241183026],[129.22831427580786,35.83554431418183],[129.22820405026235,35.83559483001331],[129.22809276864405,35.835643770545104],[129.22798045306757,35.835691126720164],[129.22786713666468,35.83573687143562],[129.22775286371206,35.83578100460535],[129.22763765629958,35.83582350816005],[129.22752155865345,35.835864363988854],[129.2273596995707,35.835914696757854],[129.22725150157075,35.835942910948994],[129.22674906710898,35.83608641366086],[129.22583018602367,35.836233927877004],[129.22544181384373,35.83627093660722],[129.22494134976446,35.836305926460724],[129.224254644471,35.83633729409022],[129.22395917998628,35.836363797440626],[129.22328331484943,35.83643291089261],[129.22298505757473,35.83647029510534],[129.2225669728999,35.83651806518383],[129.2222943821102,35.83659550614359],[129.22227760245548,35.83659933123951],[129.22225317959908,35.836604900776],[129.22202844678702,35.836662425682746],[129.22177198444902,35.83674505410346],[129.22171272859353,35.83676604469329],[129.2216147177987,35.83679705605929],[129.2214880115227,35.83684561316449],[129.2211701248366,35.836978164881145],[129.22098609005664,35.83706065920644],[129.22067357240735,35.837226374856066],[129.22040042813055,35.837398002283045],[129.22029114901028,35.83746542561418],[129.22026463031094,35.837481795550545],[129.2202407068473,35.83749606084204],[129.22007934470258,35.83761342697085],[129.21993636744347,35.83772713643498],[129.21980023401218,35.83784232937212],[129.21976461626667,35.83787459577011],[129.2193997695243,35.838249421266255],[129.2193891571962,35.83826235543571],[129.21933772830724,35.83832508561924],[129.21926592193378,35.83841188006053],[129.21919944094174,35.838491184427404],[129.21919322052375,35.838499279917464],[129.21912636341318,35.83859086897505],[129.21905978000203,35.838681412047656],[129.21899673072798,35.83877728409133],[129.2189328835961,35.838872869144],[129.21891827433276,35.8388975718273],[129.21882809566202,35.83905010043041],[129.2187970742049,35.83912841214468],[129.21870934006512,35.83930083585234],[129.21866958149613,35.83938584159199],[129.21861994545063,35.83949363076068],[129.21858841432334,35.83957188926175],[129.2185807312977,35.83959164954676],[129.21855854268236,35.839645818752196],[129.21851404987476,35.83976458482988],[129.21850347883472,35.83979280405736],[129.21845772592596,35.83995290374759],[129.21841318669516,35.840099455426866],[129.21835220245248,35.840405720365894],[129.21834860179032,35.840424815353465],[129.21832531261265,35.84055464649023],[129.21832168017895,35.84057427327177],[129.21829756697963,35.840808074162176],[129.218295983406,35.84084847107293],[129.21829378645464,35.84088311009846],[129.2182882668582,35.84092920100104],[129.21828683425952,35.8413626961088],[129.21828862065803,35.84156359965778],[129.21828847273378,35.84169228047406],[129.2182883833596,35.84171231543416],[129.21817219629983,35.84187579553002],[129.2177349468809,35.84297731632706],[129.21754030913647,35.84356865228501],[129.21755006115214,35.84356872487648],[129.21785209551473,35.84357860890953],[129.21786289060358,35.8443743212768],[129.21786247451556,35.84441267021826],[129.21785602758476,35.845018177668976],[129.21782184671252,35.84501851859626],[129.2178286579328,35.84731858606207],[129.21825314395238,35.84848665165107],[129.21826441387125,35.84881645257331],[129.21834856133685,35.849318810365354],[129.2183818928137,35.84938392855921],[129.21846981974272,35.84956241545984],[129.21849668790853,35.84961582003635],[129.2187689373007,35.85017871699023],[129.21890397440166,35.8500835261262],[129.21868176443257,35.8496277426394],[129.2186663829372,35.849593270617255],[129.21865680119052,35.8495706575646],[129.21881250618458,35.84945568306723],[129.21888877185805,35.848719566836316],[129.21888766746105,35.84831494387227],[129.218920300189,35.84831467754102],[129.21907640014015,35.84831289890551]]]]},"properties":{"dgm_nm":"일반철도","dgm_ar":"382278","dgm_lt":"32111","signgu_se":"47130","excut_se":"EMA0002","sig_nam":"47","lcl_nam":"철도","mls_nam":"일반철도","scl_nam":"미분류","atr_nam":"일반철도","pmi_nam":"","exc_nam":"미집행","wtnnc_sn":"47130URZ202208250020","ntfc_sn":"47130NTC202208250001","present_sn":"47130UQ152PS201312200098","lclas_cl":"UQS500","mlsfc_cl":"UQS510","sclas_cl":"","atrb_se":"UQS510","_layer":"LT_C_UPISUQ152","_layer_nm":"도시계획시설_교통(주차장·철도)"},"id":"LT_C_UPISUQ152.16163"},{"type":"Feature","geometry":{"type":"MultiPolygon","coordinates":[[[[129.22088147468864,35.861502462469645],[129.22079187017664,35.86129256289509],[129.22071792138053,35.86138014592412],[129.22061777031607,35.861497500153526],[129.22052041166253,35.86161159494667],[129.22025302671653,35.86193145727275],[129.22006681821102,35.862150790394864],[129.2198784501424,35.86236636901653],[129.21969822167245,35.86257469518101],[129.21952031825876,35.86277957446374],[129.21936153411653,35.862959796229845],[129.2192294056972,35.863110183869345],[129.21905449324285,35.86330827952041],[129.2189976318489,35.86337446165595],[129.21883361510538,35.86356119960199],[129.21880359852508,35.86359750181619],[129.218496981695,35.86395285940604],[129.21843315377376,35.86402657946375],[129.2180402723646,35.864483886763594],[129.21797240646418,35.86456330990277],[129.21790852584638,35.86463813872712],[129.21787072292418,35.86468170090061],[129.21774421753506,35.86482964320215],[129.2176823450826,35.864902295482594],[129.2176007800525,35.86499678492828],[129.2175633050524,35.86503505631764],[129.2175357579742,35.865067613789535],[129.217449660929,35.86516937505388],[129.21744407660887,35.865175982171515],[129.217070970139,35.865617028899855],[129.21661065317952,35.866164000624],[129.21615997302584,35.86668597981233],[129.2160557683862,35.86679570342626],[129.21597625674238,35.86688948452907],[129.2159356843407,35.86693757541155],[129.21558595329958,35.86734839295438],[129.2155328744186,35.86741095266591],[129.21548636163246,35.86746524564727],[129.21516483479954,35.86783754643792],[129.21488973175772,35.86815642730353],[129.21466269696808,35.868419030200734],[129.2146426707541,35.86844102041729],[129.2123473171902,35.871085109673366],[129.21211869667002,35.87134908948752],[129.21190773090873,35.87159440902806],[129.21172061410633,35.871814090825254],[129.2118671994827,35.87196968640771],[129.2131703655539,35.87045767509387],[129.2135212045942,35.87003313672505],[129.21391117269087,35.86957594870644],[129.21392993379163,35.86955251910025],[129.21407022272464,35.86940274511442],[129.2140940647238,35.86937482776289],[129.2142994613643,35.869134326802914],[129.21431340641394,35.86910712058568],[129.2144759823334,35.86893237823446],[129.21474828478253,35.86861641378085],[129.21476877777872,35.86859484627806],[129.21479126354944,35.86856917495794],[129.2147981039761,35.86856004253205],[129.21480377472253,35.86855247990278],[129.21517692247397,35.86812508553221],[129.21526745133983,35.86801799165256],[129.2154462002527,35.86781051268801],[129.21555956211694,35.86767965693382],[129.21593820556953,35.86724452672088],[129.21597670740908,35.867196412582736],[129.2161409117256,35.86700406365257],[129.2162078412922,35.86692531929259],[129.21623394867805,35.86689599091053],[129.2162634107109,35.86686290774825],[129.21633089032127,35.86678272938337],[129.21659494166866,35.8664753280129],[129.2166121157384,35.86645536190673],[129.21705401357215,35.865950520678304],[129.21713550228185,35.865855698406314],[129.21718011513724,35.86580380542381],[129.21736611623732,35.86558739761651],[129.21768080911056,35.86522131294901],[129.21770906634873,35.86518922283265],[129.21792622247992,35.86493688806075],[129.21804035527626,35.86480351412293],[129.2182971212954,35.86450499041305],[129.21866812649094,35.86407318216625],[129.21889776919477,35.863805871369024],[129.21891403738493,35.8637869423622],[129.2189586424118,35.863733030484525],[129.21907313707712,35.86359955587543],[129.21918320344724,35.86347067627638],[129.21935120316604,35.86327517064275],[129.21952744701952,35.86307026768289],[129.21965794397136,35.86291856744257],[129.21981348573797,35.862739089381144],[129.21998246107114,35.86254119318573],[129.22015580707844,35.86233838539984],[129.22034696830298,35.86211631253847],[129.22055656425132,35.86187870401277],[129.22079254587146,35.86160605155514],[129.22079988743565,35.86159851308988],[129.2208132350204,35.861584816540905],[129.22081929628158,35.86157859619773],[129.22088147468864,35.861502462469645]]],[[[129.2207663568209,35.85363261353052],[129.22071473474765,35.85361627798169],[129.22055280720173,35.85368055294693],[129.22057383206229,35.853729506806815],[129.22064868013803,35.853902941533335],[129.22068583052766,35.853990475417675],[129.22070819193195,35.854042571611735],[129.2207736975152,35.854195772706085],[129.22082479951305,35.85432856848995],[129.22084335269315,35.85436856823092],[129.22094724784023,35.85458877844653],[129.22096587641775,35.854651922028964],[129.2210631017309,35.854910087624546],[129.22182652808522,35.85658951820032],[129.22204594690328,35.85658758310385],[129.221197245167,35.85473797425934],[129.22112994384202,35.854531918557036],[129.22103980289094,35.85430542842435],[129.22097313556426,35.854140594341],[129.22091089573306,35.85398732468181],[129.22084139014763,35.853816763880694],[129.22076998177897,35.853642394462376],[129.2207663568209,35.85363261353052]]],[[[129.22104870580597,35.86189425352111],[129.22094374628563,35.86164501581802],[129.22084292311231,35.86176761644919],[129.22077023632647,35.86185130374949],[129.2205616602505,35.86208895589455],[129.22036678921472,35.862314758232046],[129.22019716106797,35.862512367920715],[129.22002787437702,35.86270961644279],[129.2198733192593,35.86288915569715],[129.21973838536843,35.863045668059904],[129.2195611069674,35.86325259199187],[129.21938930379446,35.86345398074651],[129.21936772721938,35.86347918317949],[129.21898262781824,35.86392901712355],[129.21895880634952,35.86395926995738],[129.21892537323797,35.86399715600656],[129.21867723802418,35.86428795063763],[129.21845660862178,35.864544303675565],[129.21824553477973,35.86478877828819],[129.21811354318572,35.86494240877332],[129.21789757797617,35.865188883412024],[129.21786392524942,35.865227895563976],[129.2177508154207,35.86535905067251],[129.2174589222934,35.86569757030538],[129.21728456689635,35.865900700468366],[129.2170347815715,35.8661917107786],[129.21669220235086,35.86659092806613],[129.21661626309975,35.86667065311856],[129.2164689254156,35.86684308227794],[129.21645697186992,35.866857081683506],[129.21636131099586,35.86696910664652],[129.2162832042834,35.86705828954044],[129.21598592519865,35.86741202863654],[129.2159491862534,35.867452803247964],[129.21573880495745,35.86770142686033],[129.21564984167696,35.86780554459053],[129.2154458584552,35.86804161121046],[129.2152350177012,35.86828111390873],[129.21510966378696,35.86842868166373],[129.21489603895412,35.86867509272454],[129.2148876604597,35.86868475981261],[129.21478756218607,35.86879943229829],[129.21476364152588,35.8688228079417],[129.21455412588065,35.86906630887939],[129.21447353127542,35.86915845109922],[129.21356170313857,35.870242785429845],[129.21200384761084,35.87211471904123],[129.2121517218205,35.87227168224997],[129.2133830940269,35.87079374423657],[129.21397406478965,35.87009823581558],[129.21402033328016,35.870042862420135],[129.21431141497422,35.86969580897778],[129.21450377902815,35.86946355057109],[129.21454897918346,35.869410522190314],[129.21463056059787,35.869314827424645],[129.21476458322277,35.86915758324299],[129.21482560540758,35.869087718507785],[129.2148822748624,35.8690174648671],[129.2150257995304,35.86884903694208],[129.21636532579896,35.867283229379694],[129.21650453775223,35.867119205781385],[129.21654340126736,35.867074037578284],[129.2165784480217,35.867038195606156],[129.2166453252193,35.86696047809173],[129.21685489579357,35.866716955189716],[129.21731882303442,35.86617797916844],[129.21770940754507,35.86572657255073],[129.21778239865978,35.86564222870479],[129.21804374457517,35.86534115596881],[129.21816006939352,35.86520756179402],[129.218263886572,35.86509163600942],[129.21840074654116,35.864936798504466],[129.21855968955705,35.8647516386245],[129.2196530100263,35.86348169365373],[129.219703923598,35.863422938710045],[129.2198845860702,35.86321471958976],[129.22006140433652,35.86300987806186],[129.22092998639067,35.86202738625816],[129.22104870580597,35.86189425352111]]],[[[129.22235086383048,35.85986954852239],[129.22236834943135,35.85981992960212],[129.22217804844672,35.859820544440616],[129.22221448985982,35.85970679398914],[129.22230272699775,35.859352801901586],[129.22236090897903,35.85900566944977],[129.2223743138376,35.858827756724445],[129.2223817971914,35.85858065671055],[129.22238834197412,35.8585766467105],[129.22253524936275,35.85857671372157],[129.2225559144885,35.858576724107486],[129.22255704208658,35.85856497346567],[129.22255437741097,35.8584984304752],[129.22254580397433,35.85828529209727],[129.22253743689683,35.85812285733016],[129.2225217893354,35.85798977161728],[129.22251750850606,35.85796319311726],[129.2225130079687,35.857937064985045],[129.22250795109466,35.857910127060784],[129.2225026718373,35.85788291890684],[129.22249728394394,35.857856252229226],[129.22249167641903,35.85783030655758],[129.2224852920987,35.85780373137471],[129.22247890803308,35.85777724640378],[129.22247208237704,35.857751122545686],[129.22246458924573,35.85772382879838],[129.22245743214643,35.85769806585],[129.2224494977567,35.85767149406544],[129.22244167611393,35.857645372036814],[129.22243296718784,35.857618981550836],[129.22242414912554,35.857592951565906],[129.22241488880096,35.85756728324475],[129.22210223003538,35.85672311751515],[129.2218807957356,35.85672475881962],[129.22189039995712,35.85674684884639],[129.2219594102422,35.85688100843199],[129.22201097266813,35.85703061099021],[129.22215787868387,35.85738840696478],[129.22224198341567,35.85769557838107],[129.22225647635602,35.85773168253431],[129.22225781408696,35.85773502400126],[129.22229920941155,35.85797089459188],[129.22231862985475,35.85810739763659],[129.22233755929545,35.85830608790482],[129.22234372281528,35.85845672040656],[129.22234394694604,35.85855749759604],[129.22234395047073,35.858558768269845],[129.2223437726062,35.85857454923612],[129.22233952254547,35.85885041128574],[129.2222886003692,35.859223513329056],[129.22224731543184,35.859422981461925],[129.22224036370525,35.85944719271512],[129.22221053325202,35.85957340405226],[129.22215885771826,35.859751143900056],[129.22214465182634,35.85979434890931],[129.22214157229604,35.859813784968246],[129.22209663776653,35.85993914113285],[129.22200091000778,35.86015291267364],[129.22188233247266,35.860391690233826],[129.2217527378523,35.860610300558896],[129.22159320331073,35.86085203695592],[129.22153485598224,35.86093199423414],[129.22128783551864,35.86124689179205],[129.22120650524238,35.861343474146366],[129.22128701871168,35.86155241640224],[129.22145445313598,35.86136401967027],[129.22171979394702,35.86102826940011],[129.22178112249327,35.86094560238471],[129.2218561128884,35.86083866724859],[129.22204778623097,35.86052882687521],[129.2221086916104,35.86041344568151],[129.22220127217022,35.86022248167506],[129.222300052185,35.85999131035426],[129.22235086383048,35.85986954852239]]],[[[129.21968429493512,35.85232997185153],[129.21963965945955,35.85223288040106],[129.2194497395259,35.85233426405965],[129.2194769011992,35.852393345491826],[129.2195077599864,35.852460243427636],[129.21954955540102,35.85255086015121],[129.2195732644498,35.85260226927732],[129.21966421317035,35.85280250606604],[129.21966997083078,35.85281515842113],[129.21971015459312,35.852903362614164],[129.2197501405447,35.852992333411095],[129.21979080384375,35.85308187944497],[129.21981480562675,35.85313471213994],[129.21984784394513,35.853208960019415],[129.21994609823176,35.853428668178196],[129.21995476366902,35.853447803958105],[129.2200843749359,35.85373391326456],[129.22012647092723,35.85382474539998],[129.22015034905377,35.8538769203517],[129.2202885359751,35.854173017535786],[129.22041480341684,35.85436934982985],[129.22047800230462,35.85446078312027],[129.22070374447836,35.85498852103042],[129.22144094054704,35.85659292832059],[129.22166268357248,35.85659090000642],[129.22091130377967,35.85494316995758],[129.22066457568408,35.85436889447471],[129.22049487394798,35.85408645477245],[129.2204230805464,35.85395322787848],[129.22038669205094,35.85387678760744],[129.22035764620935,35.85381333835568],[129.22033385705097,35.85376137066233],[129.22029189473307,35.85367081724533],[129.2201625826087,35.853385366060365],[129.22015407347587,35.85336657270982],[129.22005603014014,35.853147341804096],[129.2200228026532,35.853072670764945],[129.2199985559742,35.853019279676666],[129.21995801488669,35.85293002173145],[129.2199179947037,35.85284096085243],[129.21987765509988,35.85275242366394],[129.21987194155304,35.85273985265015],[129.21978081434403,35.85253924668872],[129.21975691550682,35.85248741438741],[129.21971512051636,35.85239677958193],[129.21968429493512,35.85232997185153]]],[[[129.2219365564897,35.859910567970005],[129.22175598072081,35.859909547066835],[129.22171015565323,35.859937209777556],[129.221702464246,35.85995841177716],[129.22169065787153,35.85998484925876],[129.22158370474972,35.86019954206818],[129.22151868584595,35.860316994426555],[129.22136299821048,35.86054454742773],[129.221277242302,35.860658152947934],[129.22101921327743,35.860983669006394],[129.22112384212676,35.86120586930133],[129.22118214481267,35.861137673521135],[129.2211997374709,35.86111350613543],[129.2212970880972,35.86099707626927],[129.2214083335171,35.8608524024457],[129.22143776228123,35.860812774873104],[129.22156459732824,35.860628751143864],[129.22172139045745,35.860380575638985],[129.22174062775198,35.860342805030875],[129.2218122407215,35.86019207559992],[129.2218857883062,35.86003240160744],[129.2219365564897,35.859910567970005]]],[[[129.2217523308679,35.85680540372827],[129.2217161643226,35.8567261063874],[129.22148074764013,35.856728042670866],[129.22154439273993,35.85686758328353],[129.22160520482694,35.857003713613395],[129.22168057784756,35.85718470855635],[129.22179996061783,35.85746654394784],[129.2218386813082,35.85760475158932],[129.2218602743582,35.85768621211499],[129.22186926967555,35.85773240217985],[129.22187291239572,35.8577484830835],[129.22187648824573,35.85776457291088],[129.2218800094128,35.85778068044092],[129.22188346368688,35.85779678864362],[129.22188685176636,35.85781290576883],[129.22189018446278,35.85782903179675],[129.2218934509661,35.85784516729728],[129.22189665059904,35.857861311721614],[129.22189978471448,35.8578774656173],[129.22190286277097,35.85789362841698],[129.22190587460688,35.85790979078791],[129.22190881959958,35.857925971984024],[129.2219117098603,35.85794215328042],[129.221914522439,35.857958343520494],[129.22191727963417,35.857974542663285],[129.22191998144748,35.857990751258924],[129.22192260622987,35.85800695999574],[129.22192517495307,35.85802317763659],[129.22192767815835,35.85803940474886],[129.22193011381714,35.858055640786205],[129.2219324954193,35.85807187692264],[129.22193480947493,35.85808812198418],[129.22193705798662,35.85810436716587],[129.2219392396288,35.85812062182151],[129.22194136588723,35.85813688537992],[129.22194342595185,35.85815315841102],[129.2219454191194,35.858169431014716],[129.2219473467445,35.85818570428869],[129.2219492074983,35.858201986486506],[129.22195101286823,35.85821827758714],[129.22195275134246,35.858234568810445],[129.22195442427252,35.85825086015398],[129.22195604114424,35.858267160951605],[129.22195758100875,35.85828347069171],[129.22195906546477,35.85829978053345],[129.22196048370066,35.858316090496615],[129.22196184652793,35.858332400561416],[129.22196313167365,35.85834872012001],[129.22196436143352,35.85836504803137],[129.22196552429895,35.858381376615476],[129.22196662161983,35.85839770531982],[129.2219676628561,35.85841403412703],[129.2219686270605,35.858430363075534],[129.22196953588033,35.85844670092688],[129.22197037847977,35.858463038899686],[129.22197137432275,35.858478835864474],[129.22197152314138,35.85853257711833],[129.22197050257122,35.85860375029098],[129.22196739608134,35.858833312911976],[129.2219535632616,35.85897560057547],[129.22195157173016,35.85899604457903],[129.22190450074257,35.859333287503866],[129.22187218996606,35.85948737026086],[129.2217621374533,35.85980186407263],[129.22178551450494,35.859819900073525],[129.22197065137817,35.859820948317726],[129.22198481793592,35.85978326838415],[129.22199114996215,35.85976705256712],[129.22200618585734,35.85972755027723],[129.22201086621044,35.859710543727964],[129.22201484550962,35.85969610787938],[129.22205317788953,35.85955750643146],[129.22208473552945,35.85944340467858],[129.22208905412566,35.859427787186526],[129.22209717387148,35.85939344356114],[129.22216846554647,35.859023242163005],[129.22217112565195,35.85899633516154],[129.22218590041183,35.85884686337505],[129.22218832159572,35.85862577376092],[129.22219070473108,35.858479208235345],[129.22218945219385,35.858458580958356],[129.22218775634408,35.858425995248254],[129.2221865007606,35.8584042683706],[129.22218513370802,35.858382550498824],[129.22218365651503,35.85836083337934],[129.22218206852892,35.85833912526453],[129.22218038123694,35.85831742613328],[129.22217858312914,35.85829572775557],[129.22217667355105,35.85827403783363],[129.22217466532038,35.858252348642864],[129.2221725456212,35.85823066845799],[129.22217031580658,35.85820899782659],[129.22216798600948,35.85818733562983],[129.22216553461138,35.858165683557736],[129.2221629838822,35.85814403111788],[129.22216033319822,35.858122397014014],[129.22215756088613,35.85810076313343],[129.2221546892692,35.85807913823632],[129.22215171769903,35.858057532225246],[129.2221486238239,35.8580359258886],[129.22214543134572,35.858014337885436],[129.2221421388873,35.85799275886699],[129.22213872415148,35.85797118942425],[129.22208796429015,35.857703782939495],[129.22207824698629,35.85766483984584],[129.2220663254901,35.85760564967071],[129.22205493366857,35.85756569145397],[129.22201158396015,35.85742333763765],[129.2219365200207,35.85725036358416],[129.2218901882707,35.857126382848215],[129.22181422434878,35.85694395616546],[129.2217523308679,35.85680540372827]]],[[[129.22005394814002,35.85205785270055],[129.22003363553193,35.852014070929314],[129.21986661646469,35.8521058246224],[129.21984940648431,35.852115463023324],[129.21985059800022,35.85211803852667],[129.21989948621786,35.85222370229724],[129.21995101364848,35.852334994052875],[129.21999775943124,35.85243445183656],[129.22005590575014,35.85256138619393],[129.22008139969984,35.852617758082225],[129.22013667259452,35.8527422189693],[129.22017772383631,35.85283587435694],[129.2202493810785,35.85299679702981],[129.22042038212007,35.853382391000785],[129.2204989245592,35.85355866740698],[129.22052260736385,35.853612239292225],[129.22067223792618,35.8535528445431],[129.22071111404244,35.85348335040796],[129.22060738330353,35.85325778627951],[129.2205352043303,35.85310061356541],[129.22044628987456,35.852908349882824],[129.2203844919819,35.852774284555444],[129.22034725986845,35.85269282577575],[129.22030185897776,35.8525954114266],[129.22026385178745,35.85251386326685],[129.22023782742536,35.85245801550686],[129.22019985028274,35.85237530495389],[129.22015868251208,35.85228736344532],[129.2201506421641,35.852270200771066],[129.2201350962295,35.85223672046868],[129.220108469974,35.85217937755903],[129.22010148757565,35.852164365964185],[129.22006098579274,35.85207306222629],[129.22005394814002,35.85205785270055]]]]},"properties":{"exc_nam":"집행완료","atrb_se":"UQT220","wtnnc_sn":"47130URZ202506301007","ntfc_sn":"47130NTC202506301001","dgm_nm":"근린공원","dgm_ar":"95766","dgm_lt":"0","signgu_se":"47130","excut_se":"EMA0001","sig_nam":"47","lcl_nam":"공원","mls_nam":"근린공원","scl_nam":"미분류","atr_nam":"근린공원","pmi_nam":"","present_sn":"47130UQ153PS202506300007","lclas_cl":"UQT200","mlsfc_cl":"UQT220","sclas_cl":"","_layer":"LT_C_UPISUQ153","_layer_nm":"도시계획시설_공원·광장"},"id":"LT_C_UPISUQ153.54954"},{"type":"Feature","geometry":{"type":"MultiPolygon","coordinates":[[[[129.2182305977,35.84853468709159],[129.2182299061849,35.848571185707016],[129.2182271592006,35.84871701282503],[129.21822382832943,35.84879065091273],[129.21827020074605,35.84879108998674],[129.2182921415881,35.84879130275151],[129.2182942822425,35.84885791023494],[129.21830200831977,35.848947147025],[129.2183252819636,35.84914414518551],[129.2183646466491,35.84933538234757],[129.21839032827063,35.849331172220595],[129.21841782452327,35.84932666139987],[129.21846746894366,35.849504063811054],[129.21850190898692,35.84957782294846],[129.21854093400182,35.849672617964266],[129.21857919008335,35.84976550370647],[129.2186181705861,35.84986014556191],[129.2186371375518,35.84990621176383],[129.21876893908384,35.85017872067708],[129.21890653771888,35.85008172800217],[129.21905163981714,35.8499794439526],[129.21906228265945,35.849924412427875],[129.21905793882428,35.84991468680119],[129.21903624209955,35.849866166774476],[129.2190269021096,35.84984700509959],[129.219000874892,35.849793626159624],[129.21891682651574,35.849621225084014],[129.21891624761292,35.84962002746997],[129.21891624756373,35.84962000944506],[129.2189152679577,35.849618010444196],[129.21891675952935,35.849616962296054],[129.21891702094868,35.849615402661705],[129.21892070554998,35.84959359506048],[129.2189229254504,35.849580468566856],[129.21903203053824,35.84958874283199],[129.21903443674182,35.849533482880496],[129.2190434906961,35.84932635939245],[129.21908385784218,35.849004594350184],[129.21910565520247,35.848940115544416],[129.2191136378972,35.84884747959528],[129.21908810476904,35.84874385520449],[129.2190967762715,35.84874122587771],[129.2191145727383,35.84873582220113],[129.2191305254032,35.848671426073246],[129.21912984074618,35.84861126891273],[129.2191179978752,35.84854708535105],[129.21910396695657,35.84849642449213],[129.21907809661377,35.84840307485762],[129.21905788307308,35.848313824671436],[129.21940333494925,35.84832185100786],[129.2193601748756,35.84708100222386],[129.21933070053836,35.84708174732485],[129.21894627442353,35.8470914650137],[129.2188516341274,35.84714479434774],[129.2188527249508,35.84717616168489],[129.21888359048882,35.84806370922584],[129.21888292184923,35.84810762229616],[129.21887503198113,35.848151066410836],[129.21886006317567,35.84819325800565],[129.21883828540177,35.848233436105815],[129.21881009143772,35.84827087605116],[129.2187759897876,35.848304902566476],[129.21873659551005,35.84833490194109],[129.21869261912536,35.84836033309816],[129.21867507870851,35.8483696170044],[129.218659546196,35.84838102793493],[129.21864640687272,35.84839428284154],[129.21863598666127,35.84840905293602],[129.2186285440366,35.84842497184577],[129.21861767883104,35.8484480731285],[129.21860238895806,35.84846944972666],[129.21858307299343,35.84848854439121],[129.2185602344671,35.848504859358535],[129.21853446873666,35.8485179693265],[129.21850644746803,35.84852753254145],[129.21847690112588,35.84853329970707],[129.2184465999314,35.84853512048346],[129.2182305977,35.84853468709159]]]]},"properties":{"exc_nam":"미집행","atrb_se":"UQT220","wtnnc_sn":"47130URZ202601220020","ntfc_sn":"47130NTC202601220001","dgm_nm":"근린공원","dgm_ar":"17232","dgm_lt":"0","signgu_se":"47130","excut_se":"EMA0002","sig_nam":"47","lcl_nam":"공원","mls_nam":"근린공원","scl_nam":"미분류","atr_nam":"근린공원","pmi_nam":"","present_sn":"47130UQ153PS202601260016","lclas_cl":"UQT200","mlsfc_cl":"UQT220","sclas_cl":"","_layer":"LT_C_UPISUQ153","_layer_nm":"도시계획시설_공원·광장"},"id":"LT_C_UPISUQ153.54972"},{"type":"Feature","geometry":{"type":"MultiPolygon","coordinates":[[[[129.22182652756436,35.85658951705449],[129.2210631017309,35.854910087624546],[129.22096587641775,35.854651922028964],[129.22094724784023,35.85458877844653],[129.22084335269315,35.85436856823092],[129.22082479951305,35.85432856848995],[129.2207736975152,35.854195772706085],[129.22070819193195,35.854042571611735],[129.22068583052766,35.853990475417675],[129.22064868013803,35.853902941533335],[129.22057383206229,35.853729506806815],[129.22055280608095,35.85368055228008],[129.22052260622684,35.85361223861219],[129.2204989245592,35.85355866740698],[129.22042038212007,35.853382391000785],[129.2202493810785,35.85299679702981],[129.22017772383631,35.85283587435694],[129.22013667259452,35.8527422189693],[129.22008139969984,35.852617758082225],[129.22005590575014,35.85256138619393],[129.21999775943124,35.85243445183656],[129.21995101364848,35.852334994052875],[129.21989948621786,35.85222370229724],[129.21985059694916,35.852118037652836],[129.21984940648431,35.852115463023324],[129.21984940597048,35.85211546191263],[129.2198425412782,35.852119296015644],[129.2196396584947,35.85223287941709],[129.2196396807338,35.85223291542667],[129.21968429493512,35.85232997185153],[129.21971512051636,35.85239677958193],[129.21975691550682,35.85248741438741],[129.21978081434403,35.85253924668872],[129.21987194155304,35.85273985265015],[129.21987765509988,35.85275242366394],[129.2199179947037,35.85284096085243],[129.21995801488669,35.85293002173145],[129.2199985559742,35.853019279676666],[129.2200228026532,35.853072670764945],[129.22005603014014,35.853147341804096],[129.22015407347587,35.85336657270982],[129.2201625826087,35.853385366060365],[129.22029189473307,35.85367081724533],[129.22033385705097,35.85376137066233],[129.22035764620935,35.85381333835568],[129.22038669205094,35.85387678760744],[129.2204230805464,35.85395322787848],[129.22049487394798,35.85408645477245],[129.22066457568408,35.85436889447471],[129.22091130377967,35.85494316995758],[129.2216626830696,35.856590898903704],[129.22182652756436,35.85658951705449]]]]},"properties":{"exc_nam":"미집행","atrb_se":"UQT220","wtnnc_sn":"47130URZ202601220010","ntfc_sn":"47130NTC202601220001","dgm_nm":"근린공원","dgm_ar":"9300","dgm_lt":"0","signgu_se":"47130","excut_se":"EMA0002","sig_nam":"47","lcl_nam":"공원","mls_nam":"근린공원","scl_nam":"미분류","atr_nam":"근린공원","pmi_nam":"","present_sn":"47130UQ153PS202601260010","lclas_cl":"UQT200","mlsfc_cl":"UQT220","sclas_cl":"","_layer":"LT_C_UPISUQ153","_layer_nm":"도시계획시설_공원·광장"},"id":"LT_C_UPISUQ153.54996"},{"type":"Feature","geometry":{"type":"MultiPolygon","coordinates":[[[[129.21756316535746,35.84538085837922],[129.2175634960682,35.845395913205685],[129.2175667542751,35.845544235064516],[129.21756854421875,35.84560015440462],[129.21757154763748,35.84570763198006],[129.21743300284405,35.845707205183814],[129.21749580061893,35.8457308417665],[129.21836109410128,35.845729283221225],[129.21842362581785,35.84573245130813],[129.21848514066969,35.845742128824796],[129.2185446207529,35.84575815563457],[129.21860108183205,35.84578026653715],[129.21865358962603,35.84580809565676],[129.21870127526742,35.845841182496116],[129.21874334967967,35.84587897955629],[129.2187791166342,35.84592086139581],[129.21880798427148,35.84596613497998],[129.21882947489487,35.84601405114838],[129.21884323287622,35.846063817011384],[129.21884903054115,35.8461146090701],[129.21885905340923,35.84640282676341],[129.21887564296574,35.846879871251645],[129.21894009146152,35.84692931859301],[129.21932451679493,35.846919600926405],[129.21933043402112,35.84691945133862],[129.21929688550452,35.8459548925382],[129.2192991593169,35.84592352756455],[129.21930808806266,35.84589296056993],[129.2193234004393,35.84586412031566],[129.21934463118282,35.84583788309596],[129.21937113520445,35.84581504611259],[129.21940210719256,35.845796303252584],[129.21943660608113,35.845782224005255],[129.21947358364358,35.84577323615885],[129.219511916342,35.845769612802776],[129.22046979998143,35.845747522258456],[129.2204694975444,35.84573949047828],[129.22045357404576,35.84534050312657],[129.219494981513,35.8453538808992],[129.21945675801481,35.84535171412124],[129.21941956587705,35.84534421371632],[129.21938451918402,35.845331604357874],[129.21935266775267,35.84531426375721],[129.21932496568462,35.84529271134882],[129.21930224278609,35.845267592730764],[129.21928517971145,35.8452396603256],[129.2192742875746,35.84520975084131],[129.2192698926394,35.845178760207965],[129.21924686094516,35.84451653442829],[129.21892213630846,35.84452110479135],[129.21892758448607,35.845183441016125],[129.21892452142032,35.845214552676815],[129.21891491249121,35.84524476770292],[129.2188990457997,35.845273180146215],[129.21887739707677,35.84529893810495],[129.2188506154202,35.84532126926719],[129.2188195038327,35.84533950406738],[129.21878499514546,35.84535309576274],[129.21874812404823,35.8453616368267],[129.21870999606543,35.845364871168144],[129.21756316535746,35.84538085837922]]]]},"properties":{"exc_nam":"미집행","atrb_se":"UQT220","wtnnc_sn":"47130URZ202601220021","ntfc_sn":"47130NTC202601220001","dgm_nm":"근린공원","dgm_ar":"20003","dgm_lt":"0","signgu_se":"47130","excut_se":"EMA0002","sig_nam":"47","lcl_nam":"공원","mls_nam":"근린공원","scl_nam":"미분류","atr_nam":"근린공원","pmi_nam":"","present_sn":"47130UQ153PS202601260017","lclas_cl":"UQT200","mlsfc_cl":"UQT220","sclas_cl":"","_layer":"LT_C_UPISUQ153","_layer_nm":"도시계획시설_공원·광장"},"id":"LT_C_UPISUQ153.56892"},{"type":"Feature","geometry":{"type":"MultiPolygon","coordinates":[[[[129.21943739109986,35.844243503642055],[129.21943560950334,35.844165264109186],[129.21943186268206,35.84385981920723],[129.2192775826682,35.84355642266656],[129.21900699908852,35.843029005418245],[129.21895796263908,35.843028652556235],[129.2189558193254,35.84301797661889],[129.21895286788245,35.84300321046756],[129.21889790358506,35.84300472488378],[129.2188157710311,35.842992219894555],[129.21878858439172,35.8429755148154],[129.21877638815383,35.84296803846639],[129.21879183235723,35.842802766293005],[129.21878289441975,35.842565483147155],[129.2187682186654,35.84236716258846],[129.21876502872126,35.84226086587043],[129.21876683765768,35.84217330612111],[129.21874969139327,35.84181589217777],[129.2187493917377,35.84179936378561],[129.21821383061044,35.84182228851898],[129.21820751544684,35.841838663407415],[129.2182056469646,35.84188828061639],[129.2181703168495,35.84195394634804],[129.2181422825604,35.84195505135676],[129.21809582576464,35.842068674637524],[129.21811144835857,35.842070322802755],[129.2180911094535,35.84213752064819],[129.2180511124798,35.84228217132957],[129.2180466035758,35.84229703206212],[129.21803128053642,35.84235674047746],[129.2179995281764,35.84244382242943],[129.217956244299,35.84251546870038],[129.2179189874118,35.84256879970502],[129.21790999571508,35.842612238142486],[129.2178847833544,35.842666169306234],[129.21784964536718,35.8427253636125],[129.21781174558183,35.84287218243856],[129.2177742526829,35.8429772996645],[129.21776184806887,35.84299904212297],[129.21775708792165,35.84301109139419],[129.21771736391838,35.84311395948966],[129.21767791404184,35.84321590780193],[129.2176447570177,35.84329496024833],[129.21878850729854,35.8432928974675],[129.21890323197871,35.84362255916806],[129.21891644884573,35.84425077008947],[129.21943739109986,35.844243503642055]]]]},"properties":{"exc_nam":"미집행","atrb_se":"UQT220","wtnnc_sn":"47130URZ202601220022","ntfc_sn":"47130NTC202601220001","dgm_nm":"근린공원","dgm_ar":"17708","dgm_lt":"0","signgu_se":"47130","excut_se":"EMA0002","sig_nam":"47","lcl_nam":"공원","mls_nam":"근린공원","scl_nam":"미분류","atr_nam":"근린공원","pmi_nam":"","present_sn":"47130UQ153PS202601260018","lclas_cl":"UQT200","mlsfc_cl":"UQT220","sclas_cl":"","_layer":"LT_C_UPISUQ153","_layer_nm":"도시계획시설_공원·광장"},"id":"LT_C_UPISUQ153.56893"},{"type":"Feature","geometry":{"type":"MultiPolygon","coordinates":[[[[129.21765680067807,35.840840096271236],[129.21763456303904,35.840737835308154],[129.21766242286697,35.84073785729549],[129.21754654843312,35.8405390244679],[129.2174985580202,35.84054016520323],[129.21710661610808,35.84055566761354],[129.21706356451705,35.84058627021171],[129.21700975528984,35.84063364633832],[129.21697147873192,35.840670017356395],[129.21689595710745,35.840743577644645],[129.2168481677803,35.84078640060386],[129.21694243469264,35.841013851498175],[129.2169985406897,35.84107481062445],[129.2170428627576,35.84111684657327],[129.21709081807518,35.84113941798619],[129.217410387901,35.841153696827206],[129.2175301096348,35.841109789025325],[129.2175416727881,35.84110028708047],[129.21759919258838,35.84104977670693],[129.21763439436825,35.8410061379293],[129.2176567672321,35.840970552361846],[129.21766109361744,35.840957773857916],[129.21766578235565,35.8409439222137],[129.21766628775882,35.84092622074201],[129.21766606473912,35.8409215346399],[129.21766288397504,35.8408914836528],[129.21765810282872,35.84084679923373],[129.21765680067807,35.840840096271236]]]]},"properties":{"exc_nam":"미집행","atrb_se":"UQT119","wtnnc_sn":"47130URZ201012300090","ntfc_sn":"47130NTC201012300001","dgm_nm":"기타 교통광장시설","dgm_ar":"3988","dgm_lt":"234","signgu_se":"47130","excut_se":"EMA0002","sig_nam":"47","lcl_nam":"광장","mls_nam":"미분류","scl_nam":"미분류","atr_nam":"미분류","pmi_nam":"","present_sn":"47130UQ153PS201312200330","lclas_cl":"UQT100","mlsfc_cl":"UQT119","sclas_cl":"","_layer":"LT_C_UPISUQ153","_layer_nm":"도시계획시설_공원·광장"},"id":"LT_C_UPISUQ153.57508"},{"type":"Feature","geometry":{"type":"MultiPolygon","coordinates":[[[[129.21415658676352,35.85333387814533],[129.21415061405236,35.8531700416769],[129.21393362096532,35.85324784281098],[129.2137484860058,35.8533165747899],[129.21362760365858,35.85336049884187],[129.2134829379198,35.853411224102615],[129.21348869650805,35.853578305473285],[129.21352018364183,35.853596004515076],[129.21412569184653,35.85337214577386],[129.21415658676352,35.85333387814533]]]]},"properties":{"exc_nam":"미집행","atrb_se":"UQT210","wtnnc_sn":"47130URZ201904110049","ntfc_sn":"47130NTC201904110001","dgm_nm":"어린이공원","dgm_ar":"1298","dgm_lt":"171","signgu_se":"47130","excut_se":"EMA0002","sig_nam":"47","lcl_nam":"공원","mls_nam":"어린이공원","scl_nam":"미분류","atr_nam":"어린이공원","pmi_nam":"","present_sn":"47130UQ153PS201312200070","lclas_cl":"UQT200","mlsfc_cl":"UQT210","sclas_cl":"","_layer":"LT_C_UPISUQ153","_layer_nm":"도시계획시설_공원·광장"},"id":"LT_C_UPISUQ153.57760"},{"type":"Feature","geometry":{"type":"MultiPolygon","coordinates":[[[[129.21620194899103,35.84126341734416],[129.21629982487823,35.84129449779878],[129.21646842060622,35.84135902326563],[129.21656337589664,35.8413905954048],[129.2166590179342,35.841422319451624],[129.2167324590865,35.8414551286396],[129.21676990793551,35.8414727350815],[129.21681681370097,35.84151236915565],[129.21684770226796,35.84154353312382],[129.21686839789228,35.841456462266194],[129.21703467229574,35.84147274715332],[129.2170558084731,35.841303129931305],[129.21707113979411,35.84130355305392],[129.21708935118775,35.84130479114551],[129.21709081855,35.841139418039425],[129.21704286323248,35.8411168466265],[129.21699854116457,35.84107481067768],[129.21694243516748,35.841013851551416],[129.21660195053272,35.8410544770441],[129.21646764206744,35.8410704982857],[129.21623102557908,35.84109470534656],[129.216229697707,35.84109484290702],[129.21622968507614,35.841102476522494],[129.21622984081515,35.84111508474063],[129.21620194899103,35.84126341734416]]]]},"properties":{"exc_nam":"미집행","atrb_se":"UQT130","wtnnc_sn":"47130URZ202007020225","ntfc_sn":"47130NTC202007020001","dgm_nm":"경관광장","dgm_ar":"2951","dgm_lt":"236","signgu_se":"47130","excut_se":"EMA0002","sig_nam":"47","lcl_nam":"광장","mls_nam":"경관광장","scl_nam":"미분류","atr_nam":"경관광장","pmi_nam":"","present_sn":"47130UQ153PS201312200379","lclas_cl":"UQT100","mlsfc_cl":"UQT130","sclas_cl":"","_layer":"LT_C_UPISUQ153","_layer_nm":"도시계획시설_공원·광장"},"id":"LT_C_UPISUQ153.57831"},{"type":"Feature","geometry":{"type":"MultiPolygon","coordinates":[[[[129.22710830917055,35.841487422387225],[129.22707490877642,35.84146966737093],[129.2270743443502,35.841469695467964],[129.2269616224828,35.841474377217196],[129.22644092640996,35.84149384670366],[129.22576837495015,35.84151618403034],[129.2251176699203,35.841541433043005],[129.22473446030548,35.841553852793275],[129.22453114935027,35.8415617197073],[129.22436535616856,35.841567705187586],[129.22432122754117,35.84160817205367],[129.22431558355862,35.841612517533555],[129.2243213852145,35.84170016238999],[129.22432877633017,35.841809957031785],[129.22433615639827,35.84191975169157],[129.22434927302496,35.84213345888691],[129.2243521980165,35.84218986272032],[129.2243579057844,35.842291396007724],[129.22436272425256,35.8424192654759],[129.22438771883864,35.842831090484005],[129.22440414014523,35.84286886747041],[129.22445644728037,35.843057041596744],[129.22453252692063,35.84333079033728],[129.22456805319428,35.843475185776576],[129.22457882436834,35.84354669800263],[129.22458034548958,35.84356812690635],[129.22467833954906,35.84416073315873],[129.22473346092247,35.8441913273442],[129.22497095222155,35.844168850343046],[129.22502636515588,35.84416524141387],[129.22623101445112,35.844062351894976],[129.22691701558716,35.84400534267252],[129.2271978481849,35.8439814280838],[129.22723047224878,35.84394358640264],[129.22722955760915,35.843925500033265],[129.22717060202734,35.842764440148514],[129.22717030212925,35.84274062968189],[129.22710830917055,35.841487422387225]]]]},"properties":{"present_sn":"47130UQ155PS201312200028","lclas_cl":"UQV300","mlsfc_cl":"UQV340","sclas_cl":"","atrb_se":"UQV340","wtnnc_sn":"47130URZ198709070138","ntfc_sn":"47130NTC198709070001","dgm_nm":"고등학교","dgm_ar":"70141","dgm_lt":"1049","signgu_se":"47130","excut_se":"EMA0001","sig_nam":"47","lcl_nam":"학교","mls_nam":"고등학교","scl_nam":"미분류","atr_nam":"고등학교","pmi_nam":"","exc_nam":"집행완료","_layer":"LT_C_UPISUQ155","_layer_nm":"도시계획시설_학교·공공청사"},"id":"LT_C_UPISUQ155.15808"},{"type":"Feature","geometry":{"type":"MultiPolygon","coordinates":[[[[129.21692803366753,35.853708907415815],[129.21687274621686,35.85370829454765],[129.21679887798837,35.85375102896469],[129.21604280641017,35.85419734592732],[129.21602236936178,35.854242219540055],[129.21607764279213,35.8543771729473],[129.2163980762709,35.85515947882746],[129.21642304251293,35.85522171945391],[129.21797511155592,35.85484585219648],[129.2179676593494,35.854776000836665],[129.21799059886172,35.85447514075873],[129.2179742354017,35.854429909538204],[129.21788788801965,35.85437392630679],[129.21750837180852,35.854065201552366],[129.21740536375276,35.8540417649737],[129.21738182794832,35.85401320163234],[129.2172890100483,35.85398760167166],[129.21729206291104,35.85393353929292],[129.2172643386466,35.8539198810913],[129.21726560940849,35.85391493095395],[129.21695713713802,35.85372500560649],[129.21692803366753,35.853708907415815]]]]},"properties":{"present_sn":"47130UQ155PS201312200086","lclas_cl":"UQV300","mlsfc_cl":"UQV330","sclas_cl":"","atrb_se":"UQV330","wtnnc_sn":"47130URZ201007150239","ntfc_sn":"47130NTC201007150001","dgm_nm":"중학교","dgm_ar":"18952","dgm_lt":"539","signgu_se":"47130","excut_se":"EMA0002","sig_nam":"47","lcl_nam":"학교","mls_nam":"중학교","scl_nam":"미분류","atr_nam":"중학교","pmi_nam":"","exc_nam":"미집행","_layer":"LT_C_UPISUQ155","_layer_nm":"도시계획시설_학교·공공청사"},"id":"LT_C_UPISUQ155.16193"},{"type":"Feature","geometry":{"type":"MultiPolygon","coordinates":[[[[129.21208183790563,35.849791063050134],[129.2131809098431,35.84974410536521],[129.21337876825783,35.849733960044325],[129.21352507179367,35.84972293203391],[129.21370763418759,35.84970547699229],[129.21370767844297,35.84970546790162],[129.213740718102,35.84969567605127],[129.21381726564707,35.849666340332504],[129.2138122221051,35.84960152237558],[129.21379920527005,35.84945252378543],[129.21378272026766,35.84924412095376],[129.2137694320731,35.849159399943105],[129.21381265564094,35.84909144146477],[129.21380242508306,35.84894532193714],[129.21379625077296,35.848830026984345],[129.21377447183497,35.84871612048498],[129.21377063196974,35.84868754864587],[129.21374941029245,35.848658106262505],[129.21378858762097,35.84865036741734],[129.2137880355636,35.84852631139167],[129.2119234771167,35.84855703423864],[129.2118833564219,35.84860999883218],[129.21189493118638,35.848780224609136],[129.21190464173173,35.848927778206196],[129.21193398596273,35.84936702286263],[129.2119619036473,35.84977318511214],[129.21208346032745,35.849768294646715],[129.21208183790563,35.849791063050134]]]]},"properties":{"present_sn":"47130UQ155PS201312200083","lclas_cl":"UQV300","mlsfc_cl":"UQV320","sclas_cl":"","atrb_se":"UQV320","wtnnc_sn":"47130URZ201007150224","ntfc_sn":"47130NTC201007150001","dgm_nm":"초등학교","dgm_ar":"22736","dgm_lt":"607","signgu_se":"47130","excut_se":"EMA0002","sig_nam":"47","lcl_nam":"학교","mls_nam":"초등학교","scl_nam":"미분류","atr_nam":"초등학교","pmi_nam":"","exc_nam":"미집행","_layer":"LT_C_UPISUQ155","_layer_nm":"도시계획시설_학교·공공청사"},"id":"LT_C_UPISUQ155.16197"},{"type":"Feature","geometry":{"type":"MultiPolygon","coordinates":[[[[129.21601826477317,35.84708407312717],[129.21605985654642,35.847048417526075],[129.21604159572937,35.846795063761064],[129.21605133408383,35.84679402796062],[129.21603910340826,35.846605391178734],[129.21602958855235,35.846607201654],[129.2159166184132,35.8466295199673],[129.21591012962566,35.84666164307672],[129.21579369433903,35.846642708241454],[129.21569331943468,35.84663969678685],[129.21571793831666,35.846788016641085],[129.21567685955,35.84680862935211],[129.21569446225712,35.84689178332944],[129.21585969748878,35.846887991816864],[129.21587035863402,35.84698715533366],[129.2158618784284,35.847089624534206],[129.2159376986703,35.84708739834706],[129.21601826477317,35.84708407312717]]]]},"properties":{"present_sn":"47130UQ155PS202107260152","lclas_cl":"UQV200","mlsfc_cl":"UQV290","sclas_cl":"","atrb_se":"UQV290","wtnnc_sn":"47130URZ202107081034","ntfc_sn":"47130NTC202107081001","dgm_nm":"기타 공공청사","dgm_ar":"1249","dgm_lt":"172","signgu_se":"47130","excut_se":"EMA0002","sig_nam":"47","lcl_nam":"공공청사","mls_nam":"기타공공청사시설","scl_nam":"미분류","atr_nam":"기타공공청사시설","pmi_nam":"","exc_nam":"미집행","_layer":"LT_C_UPISUQ155","_layer_nm":"도시계획시설_학교·공공청사"},"id":"LT_C_UPISUQ155.16311"},{"type":"Feature","geometry":{"type":"MultiPolygon","coordinates":[[[[129.22287494383562,35.83754671802804],[129.22288790470444,35.837594523544354],[129.2228944558159,35.83774543497305],[129.22291702289715,35.837896416026425],[129.22292377961827,35.83802569704349],[129.22291957084082,35.83806848718223],[129.2229088817658,35.8381770625554],[129.2228846725279,35.838259670757004],[129.2228986662337,35.838456063603395],[129.22289786050771,35.838576373071085],[129.22290918785106,35.83866161053534],[129.22340641444342,35.83865873766564],[129.22370484545027,35.83866490954078],[129.22374990092408,35.83866752096064],[129.2238262406577,35.838671958102836],[129.2238884991882,35.838675583093035],[129.2241452270405,35.83869050107727],[129.22431769269363,35.838689983141165],[129.22431346839835,35.83870322133621],[129.22443647053024,35.83870303827039],[129.2246313805096,35.83868983369437],[129.2246177690834,35.83849710844596],[129.2246211893189,35.83833510224878],[129.22452146073138,35.838369561946216],[129.2243927670581,35.83841221358469],[129.22435585614807,35.83842872987058],[129.22431545201187,35.83844681178624],[129.22431527314933,35.838426389772735],[129.2243545616733,35.83841308655569],[129.22439351846418,35.83839990110378],[129.22452148862573,35.83835975628468],[129.22462286564007,35.838317128193346],[129.22461964097474,35.838193248230446],[129.22463565662702,35.837944202858864],[129.22463693693305,35.837911295809015],[129.22465224106608,35.83777972079895],[129.22465479565926,35.83762087056751],[129.2246405588738,35.83755653866931],[129.2246476653229,35.83737102998653],[129.22464412554172,35.837288761351196],[129.22438843707386,35.8372798087759],[129.22401681613755,35.83726523027307],[129.2237335676762,35.837275965593896],[129.2235799072805,35.837291435741044],[129.22343653196103,35.83731586315813],[129.223173447165,35.83733771740696],[129.22301899565878,35.83734739325211],[129.22289298831282,35.837352726544005],[129.22291180291728,35.83754345068064],[129.22290000713602,35.837544499839666],[129.22287494383562,35.83754671802804]]]]},"properties":{"present_sn":"47130UQ155PS201312200099","lclas_cl":"UQV300","mlsfc_cl":"UQV390","sclas_cl":"","atrb_se":"UQV390","wtnnc_sn":"47130URZ201308260001","ntfc_sn":"47130NTC201308260001","dgm_nm":"기타 학교시설","dgm_ar":"23894","dgm_lt":"682","signgu_se":"47130","excut_se":"EMA0001","sig_nam":"47","lcl_nam":"학교","mls_nam":"기타학교시설","scl_nam":"미분류","atr_nam":"기타학교시설","pmi_nam":"","exc_nam":"집행완료","_layer":"LT_C_UPISUQ155","_layer_nm":"도시계획시설_학교·공공청사"},"id":"LT_C_UPISUQ155.16334"},{"type":"Feature","geometry":{"type":"MultiPolygon","coordinates":[[[[129.2231076325459,35.85279809607229],[129.22318490694366,35.85279541199963],[129.2234115955447,35.852792073485446],[129.22359028525113,35.85278945415019],[129.22374927059266,35.85278712334879],[129.22403078817763,35.85278298827222],[129.22406917843827,35.85278242147666],[129.22406901152533,35.85275042745592],[129.22406885296041,35.852693694141614],[129.22406808640184,35.85263331189557],[129.22406753957338,35.85256044694655],[129.22406723809453,35.85253971878344],[129.2240653416205,35.852407770463294],[129.22406499841873,35.852383996156036],[129.22406340307722,35.852272649822304],[129.2240621349462,35.85217935489424],[129.22406137052783,35.852123695182854],[129.22405974165167,35.85196865636215],[129.22405811932532,35.85176446341143],[129.22405739022926,35.85170559518465],[129.22405727590237,35.85169637562025],[129.224057284849,35.8516599651483],[129.22405728636122,35.85165258391702],[129.22405729617634,35.851620445363004],[129.22405686389652,35.85156479404361],[129.22405669365583,35.85153556685665],[129.2240560111333,35.85141809933587],[129.22405543228297,35.85132188307102],[129.2240542714575,35.85122736223063],[129.22405275167856,35.851103425286894],[129.2240522495576,35.85106239235065],[129.22405186425556,35.85103147121144],[129.22405283383418,35.85097040979595],[129.22405256705355,35.85093832582553],[129.22405173830236,35.850839829855765],[129.224052181971,35.850741106215274],[129.22405210234467,35.85062942358106],[129.2240520591399,35.85056642635191],[129.2240519777637,35.85045807833923],[129.2240521821921,35.85043615958292],[129.22405238662037,35.85041424082657],[129.2240529479508,35.850365545298494],[129.22405336601082,35.85032896282333],[129.22405350925553,35.85031684075762],[129.22404514595698,35.85027922909804],[129.2240367715966,35.85024161745813],[129.22402494008708,35.85020281355877],[129.2240212420068,35.85019067156942],[129.22399356654537,35.85012310209832],[129.22394941690825,35.85005079551292],[129.22391603760803,35.85000595707308],[129.22389192881758,35.84997874792377],[129.22387745910822,35.84996241703249],[129.22380200092644,35.849885058248496],[129.22374467153483,35.849842021504],[129.2237242144273,35.84982617933036],[129.22360254803914,35.849731953374075],[129.2235484162862,35.84968827974924],[129.2234621222784,35.84961922325198],[129.2234562754245,35.84961454755682],[129.22339943775077,35.84956906735126],[129.22333756663778,35.8496161727322],[129.2228235789959,35.85003756235437],[129.2227584634969,35.85009256835341],[129.2227265131054,35.85011954749678],[129.22261475705525,35.85021344707084],[129.22290129700346,35.850482113519384],[129.2229118283506,35.85050736513795],[129.22294771552495,35.850586356571746],[129.22295049519815,35.85076988180876],[129.22296031176342,35.85096004528799],[129.22296257555746,35.851081448370316],[129.2229668983473,35.851362062299074],[129.22296782435455,35.8514402799893],[129.22297011249003,35.851669941037756],[129.22297187291286,35.85182926057435],[129.22297422761505,35.8520549830275],[129.22297497593385,35.85214095177619],[129.2229752638759,35.852172837429514],[129.2229755833579,35.852208102707685],[129.22297617973825,35.85227526267125],[129.22297668020437,35.85231191553838],[129.22297716960082,35.85234856842565],[129.22297794643157,35.85240100164952],[129.22297918547483,35.8524842927797],[129.2229846700199,35.85264123514512],[129.22298456854753,35.852724159230974],[129.22298620071905,35.852761720270344],[129.22298778557806,35.852798190885686],[129.22303756868033,35.85279815317906],[129.2231076325459,35.85279809607229]]]]},"properties":{"present_sn":"47130UQ161PS201312200013","lclas_cl":"UQQ310","mlsfc_cl":"","sclas_cl":"","atrb_se":"UQQ310","wtnnc_sn":"47130UTZ201012300009","ntfc_sn":"47130NTC201012300001","dgm_nm":"대안지구","dgm_ar":"33680","dgm_lt":"874","signgu_se":"47130","sig_nam":"47","lcl_nam":"제1종지구단위계획구역","mls_nam":"미분류","scl_nam":"미분류","atr_nam":"제1종지구단위계획구역","pmi_nam":"","exc_nam":"","_layer":"LT_C_UPISUQ161","_layer_nm":"도시계획시설_기타(지구단위·대안지구)"},"id":"LT_C_UPISUQ161.11750"},{"type":"Feature","geometry":{"type":"MultiPolygon","coordinates":[[[[129.2187493917377,35.84179936378561],[129.21821383061044,35.84182228851898],[129.21820751544684,35.841838663407415],[129.2182056469646,35.84188828061639],[129.2181703168495,35.84195394634804],[129.2181422825604,35.84195505135676],[129.21809582576464,35.842068674637524],[129.21811144835857,35.842070322802755],[129.2180911094535,35.84213752064819],[129.2180511124798,35.84228217132957],[129.2180466035758,35.84229703206212],[129.21803128053642,35.84235674047746],[129.2179995281764,35.84244382242943],[129.217956244299,35.84251546870038],[129.2179189874118,35.84256879970502],[129.21790999571508,35.842612238142486],[129.2178847833544,35.842666169306234],[129.21784964536718,35.8427253636125],[129.21781174558183,35.84287218243856],[129.2177742526829,35.8429772996645],[129.21776184806887,35.84299904212297],[129.21775708792165,35.84301109139419],[129.21771736391838,35.84311395948966],[129.21767791404184,35.84321590780193],[129.2176447570177,35.84329496024833],[129.21761415950877,35.8433679101921],[129.21754358303,35.84355955278386],[129.2175403091609,35.843568661297454],[129.21755006115214,35.84356872487648],[129.21756514989477,35.843667276496845],[129.21756689653628,35.843678683184045],[129.21752124575184,35.843677936110986],[129.21746435937632,35.84367700192699],[129.21742009226682,35.843676270353654],[129.2174256485968,35.84377415416833],[129.21742961415504,35.84404471136274],[129.21742946151264,35.84426199403717],[129.21742935866249,35.84440372481729],[129.21743058618932,35.84444005200357],[129.21743085263054,35.84453425919833],[129.2174313570283,35.84471624772154],[129.21743158755962,35.84479720660061],[129.2175623147476,35.844793123181994],[129.21756275288394,35.844897478227495],[129.21756299246178,35.84537298770699],[129.2175634960682,35.845395913205685],[129.2175667542751,35.845544235064516],[129.21756854421875,35.84560015440462],[129.21757154763748,35.84570763198006],[129.21743300284405,35.845707205183814],[129.21743375448352,35.84575989090427],[129.217437084705,35.84588994429323],[129.21756588991892,35.845890749187014],[129.21756620011956,35.84596021697045],[129.21756639520484,35.846048457994804],[129.21756706802284,35.84622303789425],[129.2175693677013,35.8463974886882],[129.21756945331467,35.846408646006914],[129.2175978587231,35.846409108637275],[129.21760056595505,35.846493028150405],[129.21761279836667,35.846492798674475],[129.2176302017033,35.84657159086742],[129.2176523041351,35.84665196962749],[129.2176905525515,35.84674295408042],[129.2177094604874,35.84679643626998],[129.21769423685552,35.84679937469873],[129.2176968620223,35.84680815716047],[129.2177163443318,35.846873408636455],[129.217709176742,35.84687541329576],[129.21777039582577,35.84703209353916],[129.21777380674484,35.84704080248458],[129.21778486686992,35.84706995602995],[129.21779363102362,35.84706888579193],[129.21780100347377,35.84708932187656],[129.21782169287394,35.847089491918354],[129.2178332527425,35.84709885311582],[129.21785433410471,35.84714959156694],[129.21787017849164,35.84721214581522],[129.21787378140246,35.84722632499737],[129.21791436872715,35.84734274743578],[129.21794300282562,35.84743538938709],[129.21793454948627,35.84743679253851],[129.21799454856384,35.84758821155129],[129.2180356424517,35.84769538620737],[129.21808125165646,35.84781433204075],[129.21811545076307,35.84790572920012],[129.21816181908335,35.84802286211821],[129.2182089988494,35.8481452478372],[129.21824453985417,35.84823744464619],[129.21827708177622,35.84831770529785],[129.218255886494,35.84835141421669],[129.21823343919547,35.84838471081519],[129.2182305977,35.84853468709159],[129.2182299061849,35.848571185707016],[129.2182271592006,35.84871701282503],[129.21822382832943,35.84879065091273],[129.21827020074605,35.84879108998674],[129.2182921415881,35.84879130275151],[129.2182942822425,35.84885791023494],[129.21830200831977,35.848947147025],[129.2183252819636,35.84914414518551],[129.2183646466491,35.84933538234757],[129.21839032827063,35.849331172220595],[129.21841782452327,35.84932666139987],[129.21846746894366,35.849504063811054],[129.21850190898692,35.84957782294846],[129.21854093400182,35.849672617964266],[129.21857919008335,35.84976550370647],[129.2186181705861,35.84986014556191],[129.2186371375518,35.84990621176383],[129.21876893908384,35.85017872067708],[129.21890653771888,35.85008172800217],[129.21905163981714,35.8499794439526],[129.21906228265945,35.849924412427875],[129.21905793882428,35.84991468680119],[129.21903624209955,35.849866166774476],[129.2190269021096,35.84984700509959],[129.219000874892,35.849793626159624],[129.21891682651574,35.849621225084014],[129.21891624761292,35.84962002746997],[129.21891624756373,35.84962000944506],[129.2189152679577,35.849618010444196],[129.21891675952935,35.849616962296054],[129.21891702094868,35.849615402661705],[129.21892070554998,35.84959359506048],[129.2189229254504,35.849580468566856],[129.21903203053824,35.84958874283199],[129.21903443674182,35.849533482880496],[129.2190434906961,35.84932635939245],[129.21908385784218,35.849004594350184],[129.21910565520247,35.848940115544416],[129.2191136378972,35.84884747959528],[129.21908810476904,35.84874385520449],[129.2190967762715,35.84874122587771],[129.2191145727383,35.84873582220113],[129.2191305254032,35.848671426073246],[129.21912984074618,35.84861126891273],[129.2191179978752,35.84854708535105],[129.21910396695657,35.84849642449213],[129.21907809661377,35.84840307485762],[129.21905788307308,35.848313824671436],[129.21940333494925,35.84832185100786],[129.21950623414327,35.84832424160749],[129.2196363076341,35.84831783197834],[129.21973165955293,35.848312909250076],[129.21980011829444,35.84831024337],[129.21984471331584,35.84830850404233],[129.22007433354793,35.84830505836489],[129.22019848662632,35.84830339045669],[129.22026193740714,35.84830313976466],[129.22031048457055,35.8483015012186],[129.22044478917675,35.84829200974863],[129.220470922298,35.848254893735884],[129.22051731701683,35.84824749094207],[129.2205170826566,35.848198454474954],[129.22051702433427,35.84818529633871],[129.22051628127966,35.84802779533022],[129.2205156125279,35.84788523689942],[129.220515224309,35.84781651732958],[129.22051482816886,35.84774894236035],[129.2205145177729,35.84758775444092],[129.2205135132625,35.84708323488777],[129.220538063165,35.84710147734228],[129.22053163838274,35.847014681685636],[129.22051433734413,35.84690218318736],[129.22049985195954,35.84654151142992],[129.22049554132172,35.84643112520488],[129.2204694975444,35.84573949047828],[129.22042083993927,35.84452028708947],[129.22041859608711,35.844457475382896],[129.2204143284551,35.844338012115635],[129.22041060971185,35.84423346486865],[129.22041060958801,35.84423341980639],[129.22004033911466,35.84423849189475],[129.21984198805356,35.844241294863465],[129.2198417572603,35.84423786151996],[129.21977344122496,35.84423881478535],[129.21943739109986,35.844243503642055],[129.21943560950334,35.844165264109186],[129.21943186268206,35.84385981920723],[129.2192775826682,35.84355642266656],[129.21900699908852,35.843029005418245],[129.21895796263908,35.843028652556235],[129.2189558193254,35.84301797661889],[129.21895286788245,35.84300321046756],[129.21889790358506,35.84300472488378],[129.2188157710311,35.842992219894555],[129.21878858439172,35.8429755148154],[129.21877638815383,35.84296803846639],[129.21879183235723,35.842802766293005],[129.21878289441975,35.842565483147155],[129.2187682186654,35.84236716258846],[129.21876502872126,35.84226086587043],[129.21876683765768,35.84217330612111],[129.21874969139327,35.84181589217777],[129.2187493917377,35.84179936378561]]]]},"properties":{"present_sn":"47130UQ161PS202601260001","lclas_cl":"UQQ301","mlsfc_cl":"","sclas_cl":"","atrb_se":"UQQ301","wtnnc_sn":"47130UTZ202601220001","ntfc_sn":"47130NTC202601220001","dgm_nm":"지구단위계획구역","dgm_ar":"155985","dgm_lt":"0","signgu_se":"47130","sig_nam":"47","lcl_nam":"미분류","mls_nam":"미분류","scl_nam":"미분류","atr_nam":"미분류","pmi_nam":"","exc_nam":"","_layer":"LT_C_UPISUQ161","_layer_nm":"도시계획시설_기타(지구단위·대안지구)"},"id":"LT_C_UPISUQ161.11838"},{"type":"Feature","geometry":{"type":"MultiPolygon","coordinates":[[[[129.20941389259002,35.83462074917552],[129.20942617116623,35.83478785605207],[129.2094783008954,35.83545373675003],[129.2094840994335,35.8355932675003],[129.20948658619096,35.83562159854647],[129.2094935552871,35.835700743411095],[129.20950004324618,35.835790604988134],[129.20951018285243,35.835931038479465],[129.20952811743945,35.83608112890184],[129.20953920688316,35.836186844531696],[129.2095425779791,35.83621897732419],[129.2095563452322,35.83634986026787],[129.20955426523366,35.836502761180206],[129.20956466463562,35.836615453680935],[129.20958628057775,35.83664512150038],[129.20960247446544,35.836840556865646],[129.20961242058382,35.836983063536366],[129.20962052948386,35.8370747428078],[129.20963106580663,35.83721860032619],[129.20961361585657,35.837220333912676],[129.20961704699798,35.83726271382112],[129.20962720048496,35.83737017045748],[129.20964201053349,35.837510307410426],[129.20965129735913,35.83761222284594],[129.20967376040795,35.83787279876295],[129.20967736533956,35.8378884742896],[129.20970129012792,35.83814926395717],[129.20970346722973,35.83817339569234],[129.20971854684487,35.838344571240015],[129.20972086866928,35.8383690181612],[129.20972632052232,35.83842646347624],[129.2097442902873,35.83863198068586],[129.2098925836969,35.83862338703849],[129.2099198543026,35.8385634606183],[129.21003795809256,35.838451040941806],[129.21018938548232,35.83830799284178],[129.21036734576543,35.838140663789694],[129.21041638025076,35.83809499326693],[129.2105201967004,35.83799644116646],[129.21061780243238,35.837905875856436],[129.21067410647703,35.83784679998325],[129.2108786834261,35.83764985377735],[129.21089708362652,35.83763063407697],[129.21093990584433,35.83758405488613],[129.2111119516716,35.83743322792278],[129.21166227866416,35.83691511971492],[129.2117748332578,35.83681139607623],[129.2118917743349,35.83670073402806],[129.21190486312926,35.83669055400884],[129.2120595898224,35.83655879943685],[129.2120968447724,35.83652524365237],[129.21215086680945,35.83647457073929],[129.21233526192447,35.83630778623108],[129.21274992306485,35.83591025502337],[129.21322150336348,35.83566722278499],[129.21332089368775,35.83563400775663],[129.21351169809682,35.8356023527965],[129.21391158049957,35.83558505460972],[129.21393021931155,35.83558936569557],[129.21396747745575,35.835582378216806],[129.21421141696024,35.83558743530265],[129.21456094970281,35.835519925219515],[129.21471466886356,35.83546498266803],[129.21481597810208,35.83545845806899],[129.21496557964528,35.83545720104594],[129.2149842064589,35.83545702375716],[129.21498277839677,35.83549822250061],[129.21500762242778,35.83550107138099],[129.2150117577331,35.83548302097867],[129.21512048495825,35.8355021956487],[129.21517181061913,35.83551184692971],[129.21525608942352,35.83553534588909],[129.2153256801427,35.8355543466423],[129.21545188732816,35.83557896050493],[129.21552656158147,35.83561566168252],[129.21564098587686,35.83567070455535],[129.21566941806677,35.83568255941944],[129.21572269872425,35.83570299496049],[129.21578991472643,35.8357442966382],[129.21586423078608,35.83571767631605],[129.21592025770565,35.835697478454776],[129.21605223289683,35.83565265799408],[129.21605580574908,35.83572175957709],[129.21606653356645,35.835796850718964],[129.2161302886923,35.83587218963863],[129.21616829961852,35.835902259592295],[129.2162655703396,35.83598228815885],[129.216320113659,35.83604809017256],[129.21637202484536,35.836053053385406],[129.21638964283457,35.83606453086299],[129.2164541577139,35.83607257180684],[129.21647261832692,35.83607637811562],[129.2166352753617,35.836118040285925],[129.21676078196154,35.836153243727594],[129.21679515420504,35.83616369074388],[129.21681618426467,35.836172196928636],[129.21695799320835,35.83622749589625],[129.2172771460976,35.836352584735934],[129.21741265239348,35.836413995952526],[129.21745211312214,35.836431499447954],[129.2175556459428,35.836473185488636],[129.21760843700469,35.8364963698861],[129.21769367931043,35.836543910781465],[129.21774695855166,35.83657565612672],[129.21779604251103,35.83659089807562],[129.21778100999245,35.83660236201038],[129.21784351747328,35.83664130071369],[129.21789205600444,35.83671243920907],[129.21792046654912,35.836773114357435],[129.21797434896553,35.83684345910512],[129.2180599765089,35.836873704031696],[129.21808462839164,35.83687895896155],[129.2181600902457,35.83689506348067],[129.21819148640944,35.83690171218091],[129.2183415127642,35.83693357116851],[129.2184395448,35.8369545466025],[129.218497796594,35.836962787015686],[129.21864658797926,35.836984085187495],[129.21876124128198,35.83699983010389],[129.2187819150453,35.83700334365523],[129.2188080921962,35.837007784552526],[129.21892070898417,35.83703973749592],[129.2190345447367,35.8370803040883],[129.2191751096033,35.83713687344255],[129.21929037275626,35.83716910063259],[129.21947556248412,35.83722888732988],[129.2196273383158,35.83727676578097],[129.21974207639965,35.837315158047346],[129.21984576309623,35.8373636733094],[129.2199476172266,35.83740176433709],[129.22006383591196,35.8374431457572],[129.22010757063018,35.837464894507725],[129.22012519144988,35.83746902623188],[129.2202407068473,35.83749606084204],[129.2202706030273,35.8375044871928],[129.22029574707273,35.83751149821171],[129.22040821350197,35.83754464869415],[129.22043264975576,35.837551859248904],[129.2204861625783,35.837567272276274],[129.2205660607828,35.83759028880501],[129.2206537926434,35.83760025890389],[129.22082537019355,35.8376197283391],[129.2210166911965,35.83763433977205],[129.22103359319172,35.83763866193858],[129.2211579942298,35.837632603518145],[129.22132914726706,35.837662617647155],[129.2213186957004,35.83776577593657],[129.22130495943077,35.83783376440357],[129.22128395224846,35.837946233892076],[129.22124875829073,35.83804767998097],[129.22127444594472,35.838079131727184],[129.22142008209735,35.838115167680975],[129.2214441592867,35.8381245236634],[129.22158304281191,35.838120078571336],[129.22161190822595,35.83822401204107],[129.22161341823977,35.83830585187549],[129.2216121627906,35.83832817816132],[129.22163412471136,35.83832904819567],[129.22170386670152,35.838337275014425],[129.22175825412657,35.83834447547322],[129.22178969619804,35.83835540408834],[129.22178628335763,35.83844210167275],[129.22177153886244,35.83852964016568],[129.22176398687495,35.83863651532932],[129.2217549228079,35.838736940305736],[129.22175251697928,35.83876352260404],[129.2217336751893,35.83883836096009],[129.2216931529812,35.838846050788064],[129.22162850261992,35.83886208532385],[129.22163351615987,35.838881957734145],[129.2216359497604,35.83889345323724],[129.22166640756984,35.83903678644998],[129.22168854925653,35.83913867735138],[129.22177386240372,35.839109852210456],[129.22182958754524,35.839108290024996],[129.22172845225063,35.8392152465997],[129.22171494581482,35.839230196065245],[129.22155218761372,35.83937156700684],[129.22147224955177,35.83943107875267],[129.22140004694458,35.83948611509841],[129.22123833337554,35.83958124052204],[129.22121550326955,35.8395947920159],[129.22128547196257,35.83963265178464],[129.22132995902743,35.839657742344116],[129.2214966470556,35.8397446873824],[129.2215625521216,35.83976989185496],[129.2215853139174,35.8397756902741],[129.22178103745193,35.83978739038557],[129.22204047495725,35.839768393825544],[129.22205722936997,35.83976720046209],[129.2220538678942,35.83985237482524],[129.2220122634103,35.83988911405729],[129.22212066591356,35.83988817606031],[129.22212079252074,35.8398939258074],[129.22216410293925,35.83988967349351],[129.2221914820785,35.83988809108788],[129.22236670472378,35.839906929749],[129.22271264250918,35.839907699373576],[129.2227106643448,35.83986496570684],[129.2227001734099,35.83963845564974],[129.22269430947992,35.83951173256343],[129.2226905613562,35.839441441903006],[129.2226852130268,35.839340953273364],[129.2226729513013,35.83904666337868],[129.22266066899917,35.838693089223234],[129.22265606811678,35.83866645671449],[129.22264430339683,35.83835973761827],[129.22263444226587,35.83826030272366],[129.22262738016977,35.838176364192584],[129.2226244123052,35.8380681203999],[129.2226191160771,35.83787466760745],[129.2226061767837,35.83749557115512],[129.22257352450745,35.83668137787383],[129.2225669728999,35.83651806518383],[129.2225598503031,35.83634042364462],[129.2225709164579,35.836088422448526],[129.22256364228554,35.83588405907431],[129.22255602558528,35.83578361961368],[129.22255634157057,35.83577783299893],[129.22254710697746,35.835545011701264],[129.2223574587154,35.83533754984702],[129.22225959411864,35.835392642911394],[129.22216708970564,35.835444986249165],[129.2221410430153,35.83545956224639],[129.22210570964955,35.83547788646675],[129.22206946605894,35.83549525702089],[129.22203112948,35.835512216829315],[129.22197234606654,35.83553559499897],[129.2219082919963,35.83555414308694],[129.22186139914837,35.835566846602255],[129.2218142388127,35.83557888366362],[129.22176683310107,35.83559024521777],[129.22171918198973,35.835600922251835],[129.2216713187332,35.83561093272972],[129.22162324328283,35.83562025862614],[129.22157497777556,35.83562889990036],[129.22152653325546,35.835636847519424],[129.22147792081654,35.83564411047529],[129.22142916259577,35.83565068872726],[129.2213802806804,35.83565656420975],[129.22133126402872,35.835661745955214],[129.2212821569134,35.835666233882655],[129.2212329593109,35.83567001897939],[129.22118368229036,35.83567310122512],[129.22113434801378,35.83567548959174],[129.22108496752534,35.83567717504649],[129.22103556296224,35.83567815754888],[129.22098614539357,35.83567843707862],[129.22093673695645,35.83567801359534],[129.22088732658432,35.83567688711918],[129.21843658134426,35.835557107690875],[129.21840907016121,35.83555845515287],[129.218209807645,35.83556818766499],[129.21810224516742,35.835558422756904],[129.21803751170816,35.83555131137945],[129.21797293071307,35.835543280415955],[129.2179085353879,35.83553432980692],[129.2178443478705,35.83552445951275],[129.21778037927982,35.83551368753881],[129.21771665172923,35.835502004833096],[129.21765317631318,35.8354894203886],[129.21758998623721,35.835475934145954],[129.21752710363904,35.83546154606584],[129.21746452856942,35.8354462741736],[129.21740229420956,35.83543010939769],[129.2173404116779,35.835413069743616],[129.21727890308753,35.83539514615969],[129.21721779062486,35.8353763566317],[129.21715709642706,35.83535670112051],[129.21709682049604,35.83533617962674],[129.21703700715346,35.83531481009653],[129.21697765640076,35.83529259253055],[129.21691877933176,35.835269535922144],[129.21686042024353,35.835245649205106],[129.21680257913752,35.835220932380125],[129.21674526710714,35.83519539444068],[129.21649724281525,35.835062507273136],[129.21645024562864,35.835032642755365],[129.21641594261735,35.83499431980316],[129.21636790735514,35.834940655055355],[129.21617077186608,35.834794535959524],[129.21598211019918,35.83463839751924],[129.21589524357873,35.83454545323046],[129.21587300190518,35.83452246592894],[129.21579041617386,35.83441621145123],[129.2157506330327,35.83434826492131],[129.21561617901554,35.8341576915475],[129.21560236796924,35.834141763998794],[129.21553078952033,35.83402097055857],[129.21543395253298,35.83384573235987],[129.21526820421604,35.833413011874995],[129.2152625401196,35.833401576052026],[129.2152577454114,35.83339241884947],[129.21525275168142,35.83338333410086],[129.21524756999742,35.83337432178648],[129.21524220035934,35.83336538190629],[129.2152366316997,35.83335651447997],[129.21523087513447,35.83334773751273],[129.2152249306154,35.8333390329796],[129.2152187981908,35.83333041890554],[129.21521247786075,35.833321895290446],[129.21520599176034,35.83331346209502],[129.21519931775455,35.833305119358535],[129.21519245586754,35.83329687609344],[129.21518542823458,35.83328873226037],[129.2151782348555,35.833280687859265],[129.21517085361955,35.833272751941934],[129.21516331770516,35.833264915436885],[129.21515560500137,35.833257187395866],[129.21514773764338,35.833249567779504],[129.21513969352023,35.83324206563954],[129.2151315058346,35.83323468091703],[129.21512315245133,35.833227413651215],[129.2151146444381,35.833220263822405],[129.2151059817948,35.83321323143057],[129.21509717563734,35.83320633448096],[129.21508822591738,35.83319955494858],[129.21507912159154,35.833192901865544],[129.21506988481903,35.83318638420497],[129.21506050453232,35.833180001986484],[129.2150509917748,35.83317374617794],[129.21504134659472,35.8331676348042],[129.21503158001127,35.83316164982065],[129.21502166996189,35.833155818304036],[129.21501164960077,35.83315012217034],[129.2150014967929,35.83314456145891],[129.21499123372152,35.83313915415529],[129.2149808603626,35.833133891247],[129.21497037674,35.833128781746495],[129.2149597717623,35.83312381666092],[129.21494906758844,35.8331190049634],[129.2149382642185,35.833114346653915],[129.2149273727198,35.8331098417128],[129.21491637095755,35.83310549017931],[129.21490528109058,35.83310130102661],[129.21489410309482,35.83309726524215],[129.21488284806185,35.83309339181881],[129.21487150492425,35.83308968077616],[129.21486008472513,35.83308612308207],[129.2148485875128,35.833082736761476],[129.2148370243306,35.83307951278221],[129.21482539517845,35.83307645114428],[129.21481370005625,35.83307355184766],[129.21480193898807,35.833070823904805],[129.21479012304147,35.83306826729606],[129.21477826325957,35.833065872989245],[129.21476633753167,35.83306365003619],[129.21475437906,35.83306159837786],[129.21474237675295,35.83305970902151],[129.21473033065865,35.83305799999202],[129.21471825179637,35.83305645324477],[129.21470615128175,35.8330550867851],[129.21469400695554,35.833053891639814],[129.21468185202028,35.83305286774996],[129.21466967540835,35.83305201513517],[129.2146574771196,35.833051333795474],[129.21464526824568,35.83305083272369],[129.21463304876235,35.83305050290734],[129.21462081866952,35.833050344346404],[129.21460860010222,35.83305035700167],[129.21459637094938,35.833050549924806],[129.21433668026341,35.833041835382325],[129.21405888631926,35.83303433293961],[129.21399741407313,35.83303322496121],[129.2139963776788,35.83303885961815],[129.21394836676208,35.83304309026032],[129.21394802306335,35.83310928781939],[129.21384711138904,35.83310608647431],[129.21359559610733,35.83310023989103],[129.21353719484594,35.83309280848162],[129.21332647814694,35.83307575888279],[129.213255866171,35.833062950359995],[129.2132649676448,35.833006119402015],[129.21324988060906,35.83300538893459],[129.21315967473,35.83300342990073],[129.2118940319357,35.832961490994094],[129.21091188516965,35.83292348826173],[129.20962801282033,35.83289708582572],[129.20943642725862,35.832894704703136],[129.20943326729414,35.83312156430756],[129.20942984944017,35.8333089765523],[129.209428604159,35.833438281321136],[129.20942852393773,35.833462678349335],[129.20942742507324,35.833605681890326],[129.20942714340228,35.83364194875379],[129.20942647738028,35.83365816342757],[129.20942793707164,35.8337594886507],[129.2094280988549,35.83377059179381],[129.2094295605242,35.833906606195335],[129.20942808604613,35.83398200747566],[129.20942470151735,35.83407192221418],[129.20942015087746,35.83416030684073],[129.20941336684984,35.83432168771241],[129.20941330508367,35.83434043385639],[129.20941389259002,35.83462074917552]]]]},"properties":{"present_sn":"47130UQ161PS202010150057","lclas_cl":"UQQ301","mlsfc_cl":"","sclas_cl":"","atrb_se":"UQQ301","wtnnc_sn":"47130UTZ202311060001","ntfc_sn":"47130NTC202311060001","dgm_nm":"경주 역사문화환경 보존육성지구 지구단위계획구역","dgm_ar":"346137","dgm_lt":"4232","signgu_se":"47130","sig_nam":"47","lcl_nam":"미분류","mls_nam":"미분류","scl_nam":"미분류","atr_nam":"미분류","pmi_nam":"","exc_nam":"","_layer":"LT_C_UPISUQ161","_layer_nm":"도시계획시설_기타(지구단위·대안지구)"},"id":"LT_C_UPISUQ161.9887"},{"type":"Feature","geometry":{"type":"MultiPolygon","coordinates":[[[[129.21874898179817,35.84179986049931],[129.21821342555157,35.8418227820148],[129.21820710554957,35.84183916012018],[129.2182052370678,35.841888777324876],[129.21816990695595,35.841954443051144],[129.218141872669,35.84195554805987],[129.21809541587766,35.84206917133113],[129.2181110384704,35.84207081949608],[129.21809069956726,35.842138017335955],[129.21805070259776,35.84228266800513],[129.2180461936941,35.84229752873645],[129.21803087065646,35.84235723714675],[129.21799911829936,35.842444319091385],[129.21795583442585,35.842515965356405],[129.21791857754184,35.842569296356665],[129.21790958584626,35.842612734790464],[129.21788437348792,35.84266666594976],[129.2178492355038,35.84272586025107],[129.2178113357223,35.8428726790648],[129.217773842827,35.8429777962819],[129.21776143821404,35.842999538738574],[129.21775667806733,35.84301158800874],[129.2177169540679,35.843114456095684],[129.21767750419508,35.843216404399406],[129.21764434570778,35.84329545862937],[129.21761374966795,35.84336840677682],[129.21754317319605,35.843560049352526],[129.21753989932716,35.84356915786542],[129.21754965131768,35.843569221444326],[129.2175647400598,35.843667773056225],[129.21756648670137,35.843679179742416],[129.21752083592045,35.84367843266966],[129.21746394954923,35.843677498485995],[129.21741968244314,35.84367676691297],[129.2174252387734,35.843774650719176],[129.21742920433317,35.84404520789049],[129.21742905169225,35.844262490546384],[129.2174289488431,35.84440422131441],[129.2174301763701,35.844440548497516],[129.21743044281192,35.84453475568426],[129.21743094721086,35.84471674419188],[129.21743117774278,35.844797703064025],[129.21756190503154,35.84479361973509],[129.2175623430576,35.844897974681764],[129.2175625812844,35.845373482728114],[129.21756308624515,35.84539640961739],[129.21756634445282,35.84554473146351],[129.21756813439674,35.84560065079878],[129.21757113792694,35.845708128455016],[129.21743259303332,35.84570770157049],[129.21743334467303,35.84576038728544],[129.2174366748952,35.845890440663204],[129.21756548009915,35.84589124555642],[129.21756579030017,35.845960713333845],[129.21756598538602,35.846048954350714],[129.21756665820521,35.846223534235186],[129.21756895788462,35.846397985014235],[129.21756904349812,35.846409142331964],[129.21759744890443,35.84640960496221],[129.2176001561367,35.846493524468194],[129.2176123872449,35.846493295182825],[129.21762979188324,35.846572087178366],[129.21765189431378,35.84665246593139],[129.21769014272786,35.84674345037641],[129.21770905066262,35.84679693256135],[129.21769382703198,35.84679987098985],[129.2176964521986,35.846808653450886],[129.21771593450708,35.84687390492115],[129.21770876691778,35.84687590958036],[129.21776998599785,35.847032589810105],[129.2177733969167,35.84704129875477],[129.21778445704118,35.847070452297565],[129.21779322119426,35.84706938205955],[129.21780059364386,35.84708981814247],[129.21782128304244,35.84708998818416],[129.2178328429102,35.847099349380734],[129.21785392427108,35.84715008782743],[129.21786976865735,35.847212642070275],[129.21787337156792,35.84722682125124],[129.21791395889028,35.84734324367952],[129.21794259298716,35.84743588562274],[129.2179341396485,35.84743728877411],[129.21799413872242,35.84758870777371],[129.21803523260783,35.847695882420396],[129.2180808418099,35.847814828243415],[129.21811504091434,35.84790622539483],[129.21816140923195,35.84802335830274],[129.21820858899514,35.848145744011084],[129.21824412999777,35.84823794081192],[129.21827667191783,35.84831820145663],[129.21825547663752,35.84835191037267],[129.21823302934098,35.84838520696841],[129.21823018295365,35.84853518000518],[129.21822949633187,35.84857168184437],[129.21822674934884,35.848717508949875],[129.21822341847846,35.848791147031356],[129.2182697908915,35.84879158610511],[129.21829173173185,35.84879179886977],[129.21829387238643,35.84885840634749],[129.21830159846374,35.84894764312984],[129.21832487210708,35.849144641273476],[129.21836423679085,35.84933587841896],[129.21838991841034,35.84933166829222],[129.2184174146609,35.84932715747179],[129.21846705907856,35.8495045598676],[129.21850149911975,35.849578318998525],[129.21854052413218,35.84967311400601],[129.2185787802115,35.84976599974018],[129.2186177607119,35.84986064158738],[129.21863672728585,35.84990670620936],[129.2187685274169,35.85017921298775],[129.2189061278238,35.8500822240074],[129.21905122991004,35.84997993996584],[129.21906187275115,35.84992490844579],[129.21905752891627,35.849915182819956],[129.21903583219296,35.84986666279752],[129.21902649220348,35.84984750112431],[129.21900046498766,35.84979412218901],[129.21891641661668,35.84962172112857],[129.2189158377139,35.8496205235146],[129.21891583766472,35.849620505489625],[129.2189148580588,35.84961850648898],[129.2189163496303,35.84961745834088],[129.21891661104956,35.84961589870667],[129.2189202931317,35.84959409082518],[129.21892251555064,35.84958096461478],[129.21903162063,35.84958923887877],[129.21903402683307,35.849533978931916],[129.21904308078527,35.84932685546156],[129.21908344792604,35.849005090446674],[129.21910524528408,35.84894061164624],[129.21911322808867,35.848847975794904],[129.21908769485074,35.848744351323184],[129.21909636635252,35.84874172199661],[129.21911416281793,35.84873631832036],[129.21913011548108,35.8486719221979],[129.21912943082373,35.848611765042534],[129.21911758795315,35.8485475814864],[129.2191035570354,35.84849692063187],[129.2190776866939,35.848403571005484],[129.21905747315418,35.84831432082706],[129.21940292484894,35.84832234683943],[129.21950582418975,35.84832473776021],[129.21963589767034,35.84831832813095],[129.21973124958186,35.84831340540274],[129.219799708318,35.848310739522546],[129.21984430333586,35.84830900019485],[129.2200739235503,35.84830555451666],[129.220198076619,35.848303886608015],[129.22026152739494,35.84830363591569],[129.22031007455453,35.84830199736962],[129.2204443791502,35.84829250589986],[129.22047051226926,35.84825538989014],[129.22051690709543,35.84824798718666],[129.2205166726239,35.84819895063386],[129.22051661430132,35.848185792498725],[129.22051587124588,35.84802829150364],[129.22051520249312,35.84788573308503],[129.22051481427377,35.847817013521095],[129.2205144181332,35.84774943855769],[129.22051410773622,35.84758825065202],[129.22051310787583,35.847083732981325],[129.22053765488977,35.84710197459048],[129.22053122834083,35.847015177945565],[129.22051392730282,35.846902679456996],[129.2204994419169,35.84654200773043],[129.2204951312786,35.84643162151486],[129.22046908749851,35.84573998684746],[129.22042042988892,35.84452078356307],[129.22041818732862,35.84445797052572],[129.22041391840398,35.84433850860481],[129.22041019966036,35.84423396136677],[129.22041019953642,35.84423391630455],[129.22003992909185,35.844238988394125],[129.21984157804619,35.84424179136349],[129.2198413472529,35.84423835802027],[129.2197730312228,35.84423931128595],[129.21943698540815,35.8442440039065],[129.21943519952686,35.8441657606176],[129.21943145270382,35.84386031574168],[129.2192771726998,35.84355691922763],[129.21900658913754,35.84302950202561],[129.21895755269176,35.84302914916389],[129.21895540937834,35.8430184732275],[129.21895245793553,35.843003707077415],[129.2188974936423,35.84300522149375],[129.2188153610946,35.84299271650598],[129.21878817445727,35.84297601142838],[129.21877597822032,35.84296853508005],[129.21879142242133,35.842803262920704],[129.21878248459385,35.8425659798851],[129.21876780872827,35.842367659253505],[129.21876461878378,35.842261362544555],[129.21876642771943,35.842173802802705],[129.2187492814539,35.84181638889004],[129.21874898179817,35.84179986049931]]]]},"properties":{"uname":"지구단위계획구역","dyear":"2026","dnum":"0008","sido_name":"경상북도","sigg_name":"경주시","_layer":"LT_C_UQ141","_layer_nm":"지구단위계획구역"},"id":"LT_C_UQ141.52176"},{"type":"Feature","geometry":{"type":"MultiPolygon","coordinates":[[[[129.20941348332443,35.83462124654506],[129.20942576190086,35.83478835340726],[129.2094778916306,35.83545423404806],[129.20948369016918,35.835593764786466],[129.2094861769267,35.835622095830104],[129.20949314602274,35.835701240687946],[129.20949963398195,35.835791102257296],[129.20950977358842,35.835931535736556],[129.20952770817502,35.83608162614606],[129.20953879761868,35.836187341766845],[129.2095421687145,35.83621947455654],[129.2095559359675,35.83635035748899],[129.2095538559701,35.83650325838822],[129.20956425537207,35.83661595087934],[129.20958587131275,35.8366456186961],[129.20960206520056,35.83684105404459],[129.20961201131917,35.8369835607031],[129.2096201202192,35.83707523996668],[129.2096306565422,35.83721909747269],[129.2096132065934,35.83722083105911],[129.2096166377349,35.837263210963904],[129.2096267912218,35.837370667591046],[129.2096416012702,35.837510804531966],[129.20965088809575,35.83761271995874],[129.20967335114466,35.83787329585336],[129.2096769560761,35.83788897137864],[129.20970088086437,35.83814976102383],[129.20970305796615,35.838173892756984],[129.2097181375813,35.83834506828987],[129.20972045940573,35.838369515208996],[129.20972591125877,35.838426960519065],[129.20974388102377,35.838632477711066],[129.2098921744218,35.83862388406371],[129.209919445025,35.83856395764861],[129.2100375488051,35.83845153798116],[129.210188976182,35.838308489892675],[129.2103669364503,35.838141160854086],[129.21041597093154,35.83809549033495],[129.2105197873724,35.83799693824244],[129.21061739309616,35.837906372939756],[129.21067369713603,35.837847297071285],[129.2108782740679,35.83765035088131],[129.21089667426676,35.837631131182484],[129.2109394964809,35.837584551995405],[129.21111154229376,35.83743372504424],[129.2116618692402,35.836915616878095],[129.21177442382444,35.83681189324781],[129.21189136489164,35.83670123120848],[129.21190445368498,35.83669105119013],[129.2120591803652,35.83655929662867],[129.21209643531213,35.8365257408469],[129.21215045734465,35.83647506793786],[129.2123348524442,35.83630828344308],[129.21274951354965,35.83591075226747],[129.2132210938101,35.83566772004777],[129.21332048412646,35.83563450502175],[129.21351128852058,35.835602850063395],[129.2139111708922,35.835585551876314],[129.21392980970273,35.83558986296173],[129.213967067844,35.83558287548335],[129.21421100732965,35.83558793256772],[129.2145605400446,35.83552042248879],[129.21471425919313,35.83546547994122],[129.21481556842366,35.835458955342304],[129.21496516995535,35.835457698318685],[129.2149837967675,35.83545752102981],[129.2149823687058,35.835498719769795],[129.21500721273483,35.8355015686498],[129.21501134803972,35.83548351824896],[129.21512007525672,35.83550269291687],[129.21517140091365,35.835512344196815],[129.2152556797117,35.835535843153785],[129.21532527042555,35.83555484390511],[129.21545147760136,35.8355794577651],[129.21552615184922,35.83561615893919],[129.21564057613608,35.83567120180675],[129.21566900832389,35.83568305666969],[129.2157222889774,35.835703492208786],[129.21578950497468,35.835744793882625],[129.21586382102828,35.835718173562476],[129.2159198479434,35.83569797570269],[129.21605182312405,35.83565315524514],[129.2160553959765,35.83572225682228],[129.21606612379364,35.835797347957715],[129.21612987891498,35.83587268687066],[129.21616788983854,35.83590275682153],[129.2162651605526,35.83598278538079],[129.2163197038682,35.83604858738862],[129.21637161505055,35.83605355060087],[129.21638923303863,35.836065028077385],[129.21645374791294,35.8360730690202],[129.2164722085245,35.83607687532866],[129.21663486554695,35.836118537494556],[129.21676037213732,35.83615374093265],[129.21679474437826,35.83616418794789],[129.2168157744363,35.83617269413183],[129.21695758336935,35.83622799309408],[129.21727673623477,35.83635308192163],[129.21741224252062,35.83641449313238],[129.21745170324638,35.83643199662616],[129.21755523605924,35.83647368266279],[129.2176080271172,35.83649686705799],[129.21769326941663,35.83654440794891],[129.2177465486539,35.83657615329123],[129.21779563260966,35.836591395238635],[129.2177806000923,35.83660285917246],[129.2178431075685,35.83664179787215],[129.21789164609652,35.83671293636122],[129.2179200566394,35.836773611504306],[129.21797393905211,35.836843956245744],[129.21805956658903,35.83687420116927],[129.21808421846995,35.83687945609858],[129.21815968031822,35.836895560616014],[129.2181910764796,35.83690220931557],[129.21834110282293,35.83693406829974],[129.21843913485128,35.83695504373153],[129.21849738664088,35.83696328414371],[129.2186461780147,35.83698458231302],[129.21876083130863,35.837000327227585],[129.21878150507047,35.83700384077853],[129.2188076822194,35.837008281675324],[129.2189202989988,35.83704023461547],[129.21903413474277,35.83708080120387],[129.21917469959885,35.837137370552604],[129.21928996274312,35.83716959773936],[129.219475152457,35.83722938443072],[129.21962692827734,35.837277262877066],[129.21974166635252,35.83731565513959],[129.2198453530414,35.837364170397024],[129.21994720716424,35.83740226142104],[129.22006342584078,35.83744364283707],[129.22010716055578,35.83746539158555],[129.2201247813742,35.83746952330926],[129.22024029676282,35.83749655791655],[129.22027019294055,35.837504984266474],[129.22029533698407,35.83751199528464],[129.2204078034048,35.83754514576375],[129.22043223965682,35.83755235631783],[129.22048575247527,35.837567769343636],[129.2205656506738,35.83759078587002],[129.22065338252764,35.837600755967685],[129.2208249600646,35.83762022540038],[129.22101628105287,35.8376348368313],[129.22103318304676,35.83763915899729],[129.22115758407523,35.83763310057689],[129.22132873709936,35.837663114702494],[129.22131828553435,35.83776627298319],[129.22130454926614,35.837834261444485],[129.2212835420862,35.8379467309234],[129.2212483481319,35.83804817700381],[129.22127403578415,35.838079628747195],[129.2214196719258,35.838115664697284],[129.22144374911326,35.8381250206788],[129.2215826326277,35.83812057558649],[129.22161149804018,35.83822450904724],[129.22161300805448,35.83830634887462],[129.22161175260564,35.83832867515856],[129.22163371452464,35.83832954519277],[129.2217034565095,35.83833777201049],[129.22175784393036,35.83834497246841],[129.2217892859995,35.838355901082444],[129.22178587315994,35.83844259865952],[129.22177112866655,35.838530137144986],[129.22176357668025,35.83863701229951],[129.22175451261467,35.83873743726743],[129.2217521067864,35.83876401956348],[129.22173326499842,35.83883885791316],[129.22169274279344,35.83884654774075],[129.2216280924373,35.83886258227545],[129.22163310597696,35.838882454683954],[129.2216355395774,35.83889395018604],[129.22166599738546,35.83903728338644],[129.22168813907106,35.83913917427901],[129.22177345221155,35.839110349140235],[129.22182917734875,35.83910878695458],[129.22172804206267,35.839215743520654],[129.22171453562797,35.83923069298495],[129.22155177744048,35.839372063915214],[129.22147183938515,35.839431575656256],[129.22139963678399,35.839486611997664],[129.22123792322805,35.83958173741392],[129.2212150931239,35.83959528890673],[129.2212850618118,35.839633148671865],[129.2213295488734,35.839658239229024],[129.2214962368892,35.839745184259186],[129.22156214195024,35.839770388729235],[129.2215849037444,35.83977618714779],[129.22178062726385,35.83978788725741],[129.22204006474894,35.83976889069778],[129.2220568191603,35.83976769733441],[129.22205345768543,35.83985287169026],[129.22201185320506,35.839889610919364],[129.2221202556999,35.83988867292197],[129.22212038230697,35.8398944226686],[129.2221636927222,35.839890170354906],[129.22219107185933,35.83988858794921],[129.22236629449114,35.83990742660791],[129.22271223224973,35.8399081962309],[129.22271025408529,35.8398654625678],[129.22269976314962,35.83963895253013],[129.2226938992192,35.8395122294547],[129.22269015109524,35.83944193880031],[129.2226848027656,35.8393414501792],[129.22267254103906,35.83904716030972],[129.22266025873543,35.838693586184526],[129.22265565785318,35.83866695367809],[129.2226438931321,35.838360234608125],[129.2226340320012,35.83826079972212],[129.22262696990504,35.83817686119823],[129.22262400203996,35.83806861741482],[129.22261870581104,35.83787516463889],[129.22260576651593,35.83749606821902],[129.22257311423672,35.83668187500741],[129.2225665626286,35.836518562331406],[129.22255944003106,35.83634092080737],[129.22257050618322,35.83608891963274],[129.22256323200997,35.83588455627606],[129.22255561530972,35.83578411682404],[129.2225559312949,35.83577833020977],[129.22254669670093,35.835545508932],[129.22235704845218,35.835338047096386],[129.22225918386334,35.83539314015648],[129.22216667945784,35.83544548349023],[129.2221406327697,35.83546005948627],[129.22210529940676,35.835478383705265],[129.222069055819,35.835495754258034],[129.2220307192432,35.83551271406524],[129.22197193583455,35.83553609223313],[129.22190788176937,35.835554640319806],[129.2218609889251,35.83556734383422],[129.2218138285931,35.83557938089483],[129.2217664228852,35.835590742448275],[129.22171877177772,35.835601419481605],[129.22167090852494,35.8356114299588],[129.22162283307836,35.83562075585464],[129.22157456757492,35.83562939712837],[129.22152612305862,35.83563734474692],[129.2214775106235,35.83564460770245],[129.22142875240652,35.83565118595409],[129.22137987049507,35.835657061436244],[129.2213308538472,35.83566224318154],[129.2212817467357,35.83566673110877],[129.221232549137,35.83567051620541],[129.22118327212036,35.83567359845116],[129.22113393784755,35.835675986817726],[129.22108455736304,35.83567767227262],[129.22103515280375,35.83567865477518],[129.2209857352389,35.83567893430509],[129.22093632680557,35.83567851082202],[129.22088691643728,35.83567738434617],[129.21843617138626,35.835557604939275],[129.21840866020528,35.835558952401236],[129.21820939770447,35.835568684913426],[129.21810183523525,35.83555892000672],[129.21803710178096,35.835551808630164],[129.21797252079077,35.83554377766767],[129.21790812547047,35.83553482705969],[129.217843937958,35.83552495676662],[129.21777996937223,35.835514184793915],[129.2177162418265,35.835502502089454],[129.21765276641534,35.835489917646306],[129.21758957634418,35.83547643140518],[129.21752669375073,35.835462043326565],[129.21746411868585,35.83544677143591],[129.21740188433074,35.83543060666166],[129.21734000180368,35.8354135670093],[129.21727849321803,35.83539564342722],[129.2172173807599,35.8353768539011],[129.2171566865668,35.835357198391854],[129.21709641064018,35.83533667690007],[129.21703659730213,35.835315307371985],[129.21697724655385,35.83529308980823],[129.2169183694892,35.83527003320205],[129.21686001040536,35.835246146487265],[129.21680216930372,35.8352214296647],[129.21674485727755,35.83519589172772],[129.21649683300396,35.8350630045726],[129.21644983582075,35.8350331400576],[129.21641553281194,35.834994817108814],[129.21636749755305,35.83494115236587],[129.21617036207832,35.834795033283356],[129.21598170042483,35.83463889485732],[129.21589483381058,35.834545950576896],[129.21587259213848,35.83452296327741],[129.21579000641287,35.83441670880913],[129.21575022327428,35.83434876228526],[129.21561576926626,35.83415818892834],[129.215601958221,35.834142261380975],[129.21553037977668,35.83402146795148],[129.2154335427957,35.83384622976818],[129.21526779448854,35.83341350932106],[129.21526213039252,35.833402073499045],[129.2152573356846,35.83339291629732],[129.21525234195497,35.83338383154949],[129.21524716027125,35.833374819235864],[129.21524179063346,35.8333658793565],[129.21523622197427,35.83335701193095],[129.21523046540943,35.83334823496451],[129.2152245208908,35.83333953043211],[129.21521838846664,35.83333091635882],[129.215212068137,35.83332239274452],[129.215205582037,35.833313959549805],[129.21519890803168,35.83330561681406],[129.21519204614526,35.833297373549726],[129.21518501851273,35.83328922971739],[129.21517782513416,35.83328118531699],[129.2151704438987,35.83327324940034],[129.2151629079848,35.83326541289602],[129.21515519528157,35.8332576848557],[129.2151473279241,35.833250065239966],[129.21513928380162,35.83324256310079],[129.21513109611647,35.833235178378885],[129.2151227427339,35.83322791111377],[129.21511423472123,35.83322076128557],[129.2151055720785,35.83321372889445],[129.21509676592171,35.83320683194543],[129.2150878162024,35.83320005241369],[129.21507871187723,35.833193399331265],[129.2150694751053,35.83318688167123],[129.21506009481934,35.833180499453405],[129.2150505820625,35.83317424364541],[129.21504093688318,35.8331681322722],[129.2150311703004,35.833162147289265],[129.21502126025172,35.83315631577313],[129.21501123989142,35.83315061964005],[129.2150010870842,35.83314505892905],[129.21499082401363,35.833139651625984],[129.2149804506554,35.833134388718136],[129.2149699670337,35.83312927921818],[129.2149593620568,35.83312431413302],[129.2149486578837,35.83311950243603],[129.21493785451446,35.833114844126975],[129.21492696301672,35.8331103391863],[129.21491596125526,35.83310598765323],[129.21490487138905,35.83310179850088],[129.2148936933942,35.83309776271689],[129.21488243836208,35.8330938892939],[129.21487109522525,35.83309017825165],[129.21485967502713,35.833086620557864],[129.21484817781555,35.833083234237584],[129.21483661463432,35.8330800102587],[129.214824985483,35.83307694862105],[129.21481329036166,35.83307404932473],[129.21480152929433,35.83307132138223],[129.2147897133486,35.83306876477368],[129.21477785356777,35.83306637046712],[129.2147659278407,35.833064147514314],[129.21475396936995,35.833062095856256],[129.2147419670638,35.83306020650008],[129.21472992097046,35.83305849747082],[129.21471784210908,35.833056950723794],[129.21470574159537,35.8330555842643],[129.21469359727016,35.833054389119134],[129.21468144233572,35.83305336522939],[129.21466926572478,35.833052512614806],[129.21465706743703,35.833051831275164],[129.214644858564,35.83305133020351],[129.21463263908163,35.83305100038719],[129.2146204089898,35.833050841826385],[129.21460819042335,35.83305085448168],[129.21459596127147,35.83305104740484],[129.21433627060557,35.8330423328643],[129.21405847668288,35.833034830423465],[129.21399700444147,35.833033722445464],[129.21399596804721,35.83303935710195],[129.21394795713437,35.833043587743944],[129.2139476134361,35.83310978529742],[129.21384670176948,35.83310658395309],[129.21359518650732,35.83310073737136],[129.2135367852504,35.83309330596291],[129.2133260685676,35.833076256366496],[129.213255456597,35.8330634478451],[129.21326455806974,35.833006616891964],[129.21324947103508,35.833005886424644],[129.21315926516306,35.83300392739135],[129.2118936224665,35.83296198849412],[129.21091147577627,35.83292398576947],[129.20962760352626,35.8328975833416],[129.20943601797933,35.83289520222014],[129.20943285801667,35.83312206180513],[129.2094294401643,35.83330947403388],[129.2094281948841,35.83343877879166],[129.20942811466304,35.83346317581782],[129.20942701579955,35.83360617934657],[129.20942673412893,35.83364244620694],[129.209426068107,35.833658660879365],[129.20942752779908,35.83375998609382],[129.20942768958233,35.83377108923589],[129.20942915125238,35.83390710362579],[129.20942767677508,35.833982504899744],[129.20942429224712,35.8340724196306],[129.20941974160814,35.83416080424957],[129.20941295758223,35.83432218510751],[129.20941289581614,35.834340931249926],[129.20941348332443,35.83462124654506]]]]},"properties":{"uname":"지구단위계획구역","dyear":"2020","dnum":"0302","sido_name":"경상북도","sigg_name":"경주시","_layer":"LT_C_UQ141","_layer_nm":"지구단위계획구역"},"id":"LT_C_UQ141.52331"},{"type":"Feature","geometry":{"type":"MultiPolygon","coordinates":[[[[129.2231072223365,35.852798591826726],[129.22318449672824,35.85279590775397],[129.22341118531165,35.852792569239014],[129.2235898750043,35.85278994990324],[129.22374886033344,35.852787619101335],[129.22403037789658,35.852783484023846],[129.22406876815427,35.852782917228154],[129.2240686012411,35.852750923210145],[129.22406844267587,35.85269418990064],[129.22406767611685,35.852633807659785],[129.22406712928796,35.85256094271699],[129.224066827809,35.85254021455566],[129.2240649313342,35.85240826624681],[129.22406458813234,35.85238449194158],[129.2240629927902,35.85227314561736],[129.2240617246586,35.852179850697254],[129.22406096023997,35.85212419099062],[129.22405933136284,35.85196915218319],[129.2240577090353,35.8517649592499],[129.22405697993884,35.851706091028205],[129.22405686561189,35.851696871464554],[129.22405687455822,35.851660460995724],[129.22405687607045,35.85165307976509],[129.22405688588532,35.85162094121381],[129.22405645360524,35.85156528989917],[129.22405628336432,35.851536062714686],[129.22405560084104,35.85141859520399],[129.2240550219901,35.8513223789474],[129.22405386116407,35.85122785811505],[129.2240523413844,35.851103921181924],[129.22405183926318,35.85106288824921],[129.22405145396095,35.8510319671126],[129.22405242353915,35.850970905702354],[129.22405215675835,35.850938821734644],[129.22405132800654,35.85084032577329],[129.22405177167437,35.85074160214124],[129.2240516920474,35.85062991951659],[129.2240516488421,35.85056692229277],[129.2240515674653,35.850458574289405],[129.22405177189344,35.850436655534985],[129.2240519763216,35.85041473678043],[129.22405253765166,35.85036604125657],[129.22405295571133,35.85032945878451],[129.22405309895598,35.85031733671981],[129.22404473565786,35.850279725063515],[129.22403636129775,35.85024211342688],[129.22402452978895,35.850203309530855],[129.22402083170894,35.85019116754254],[129.22399315624912,35.85012359807737],[129.22394900661504,35.850051291498325],[129.22391562731698,35.85000645306244],[129.2238915185283,35.84997924391559],[129.22387704881987,35.84996291302575],[129.22380159064343,35.849885554248715],[129.22374426125597,35.849842517508186],[129.22372380414993,35.84982667533599],[129.22360213777065,35.84973244938824],[129.22354800602153,35.849688775767405],[129.22346171201997,35.84961971927643],[129.22345586516644,35.84961504358171],[129.2233990274968,35.84956956338032],[129.22333715638896,35.849616668757484],[129.2228231687898,35.85003805834602],[129.22275805329613,35.850093064340584],[129.22272610290733,35.850120043481816],[129.22261434686652,35.85021394304836],[129.2229008867943,35.850482609472664],[129.22291141814082,35.850507861089014],[129.22294730531297,35.85058685251594],[129.2229500849872,35.850770377737184],[129.22295990155297,35.85096054120014],[129.22296216534767,35.85108194427209],[129.22296648813906,35.85136255817685],[129.22296741414678,35.8514407758604],[129.22296970228362,35.85167043688924],[129.2229714627074,35.85182975641215],[129.2229738174109,35.85205547884605],[129.2229745657303,35.85214144758742],[129.22297485367255,35.85217333323801],[129.2229751731547,35.85220859851312],[129.22297576953545,35.85227575847093],[129.2229762700018,35.85231241133494],[129.2229767593985,35.8523490642191],[129.2229775362295,35.85240149743849],[129.22297877527328,35.852484788561526],[129.222984259819,35.852641730913504],[129.22298415834717,35.852724654992265],[129.2229857905188,35.852762216028424],[129.22298737537793,35.85279868664064],[129.2230371584764,35.852798648933806],[129.2231072223365,35.852798591826726]]]]},"properties":{"uname":"제1종지구단위계획구역","dyear":"2007","dnum":"0003","sido_name":"경상북도","sigg_name":"경주시","_layer":"LT_C_UQ141","_layer_nm":"지구단위계획구역"},"id":"LT_C_UQ141.52840"}]}